pair,mask,policy,original_lower,original_upper,lower,upper,reported,interval_contains_original_interval,width_shrank,common_reported_fraction,structural_difference_fraction,excluded_weight,sparse_zero
0,unilateral,active,0.7692307692307693,0.9230769230769231,0.6666666666666666,1.0,1.0,True,False,0.0,0.6666666666666666,1.0,False
0,bilateral,active,0.7692307692307693,0.9230769230769231,0.18181818181818182,0.9090909090909091,0.6666666666666666,False,False,0.09090909090909091,0.18181818181818182,2.0,False
0,article_block,active,0.7692307692307693,0.9230769230769231,0.5,1.0,1.0,True,False,0.0,0.5,1.0,False
0,unilateral,fixed_schema,0.43478260869565216,0.9565217391304348,0.34782608695652173,1.0,1.0,True,False,0.0,0.34782608695652173,98.0,False
0,bilateral,fixed_schema,0.43478260869565216,0.9565217391304348,0.08695652173913043,0.9565217391304348,0.6666666666666666,True,False,0.043478260869565216,0.08695652173913043,98.0,False
0,article_block,fixed_schema,0.43478260869565216,0.9565217391304348,0.2608695652173913,1.0,1.0,True,False,0.0,0.2608695652173913,98.0,False
1,unilateral,active,0.7177299193104713,0.9282562350999449,0.5353815814943864,0.9242704703832751,0.8760789515362686,False,False,0.16666666666666666,0.4444444444444444,1.0,False
1,bilateral,active,0.7177299193104713,0.9282562350999449,0.4666666666666667,1.0,1.0,True,False,0.0,0.4666666666666667,4.0,False
1,article_block,active,0.7177299193104713,0.9282562350999449,0.5294117647058824,1.0,1.0,True,False,0.0,0.5294117647058824,2.0,False
1,unilateral,fixed_schema,0.34966329402305013,0.9650479094076655,0.24709919145894757,0.9650479094076655,0.8760789515362686,True,False,0.07692307692307693,0.20512820512820512,82.0,False
1,bilateral,fixed_schema,0.34966329402305013,0.9650479094076655,0.1794871794871795,1.0,1.0,True,False,0.0,0.1794871794871795,82.0,False
1,article_block,fixed_schema,0.34966329402305013,0.9650479094076655,0.23076923076923078,1.0,1.0,True,False,0.0,0.23076923076923078,82.0,False
2,unilateral,active,0.8965706950302585,0.9492022739776269,0.631578947368421,1.0,1.0,True,False,0.05263157894736842,0.5789473684210527,0.0,False
2,bilateral,active,0.8965706950302585,0.9492022739776269,0.5902848944455831,0.9432260709161713,0.9122584732340829,False,False,0.058823529411764705,0.5882352941176471,2.0,False
2,article_block,active,0.8965706950302585,0.9492022739776269,0.5555555555555556,1.0,1.0,True,False,0.05555555555555555,0.5,1.0,False
2,unilateral,fixed_schema,0.501024800163968,0.9716130354580857,0.35294117647058826,1.0,1.0,True,False,0.029411764705882353,0.3235294117647059,87.0,False
2,bilateral,fixed_schema,0.501024800163968,0.9716130354580857,0.29514244722279154,0.9716130354580857,0.9122584732340829,True,False,0.029411764705882353,0.29411764705882354,87.0,False
2,article_block,fixed_schema,0.501024800163968,0.9716130354580857,0.29411764705882354,1.0,1.0,True,False,0.029411764705882353,0.2647058823529412,87.0,False
3,unilateral,active,0.7925882442054235,0.9230230268141192,0.5047513462147608,0.9592968007602155,0.9253774680603949,True,False,0.045454545454545456,0.5,1.0,False
3,bilateral,active,0.7925882442054235,0.9230230268141192,0.3869047619047619,0.9583333333333334,0.9027777777777778,True,False,0.047619047619047616,0.38095238095238093,2.0,False
3,article_block,active,0.7925882442054235,0.9230230268141192,0.4090909090909091,1.0,1.0,True,False,0.045454545454545456,0.36363636363636365,1.0,False
3,unilateral,fixed_schema,0.4446226735786522,0.9568177955298717,0.2708421857737741,0.9781592589445058,0.9253774680603949,True,False,0.024390243902439025,0.2682926829268293,80.0,False
3,bilateral,fixed_schema,0.4446226735786522,0.9568177955298717,0.19817073170731708,0.9786585365853658,0.9027777777777778,True,False,0.024390243902439025,0.1951219512195122,80.0,False
3,article_block,fixed_schema,0.4446226735786522,0.9568177955298717,0.21951219512195122,1.0,1.0,True,False,0.024390243902439025,0.1951219512195122,80.0,False
4,unilateral,active,0.875,1.0,0.8333333333333334,1.0,1.0,True,False,0.0,0.8333333333333334,0.0,False
4,bilateral,active,0.875,1.0,0.34782608695652173,1.0,1.0,True,False,0.0,0.34782608695652173,1.0,False
4,article_block,active,0.875,1.0,0.2916666666666667,1.0,1.0,True,False,0.0,0.2916666666666667,0.0,False
4,unilateral,fixed_schema,0.4666666666666667,1.0,0.4444444444444444,1.0,1.0,True,False,0.0,0.4444444444444444,76.0,False
4,bilateral,fixed_schema,0.4666666666666667,1.0,0.17777777777777778,1.0,1.0,True,False,0.0,0.17777777777777778,76.0,False
4,article_block,fixed_schema,0.4666666666666667,1.0,0.15555555555555556,1.0,1.0,True,False,0.0,0.15555555555555556,76.0,False
5,unilateral,active,0.7058823529411765,1.0,0.8,1.0,1.0,False,True,0.06666666666666667,0.7333333333333333,2.0,False
5,bilateral,active,0.7058823529411765,1.0,0.6428571428571429,1.0,1.0,True,False,0.0,0.6428571428571429,3.0,False
5,article_block,active,0.7058823529411765,1.0,0.5,1.0,1.0,True,False,0.0,0.5,3.0,False
5,unilateral,fixed_schema,0.375,1.0,0.375,1.0,1.0,True,False,0.03125,0.34375,89.0,False
5,bilateral,fixed_schema,0.375,1.0,0.28125,1.0,1.0,True,False,0.0,0.28125,89.0,False
5,article_block,fixed_schema,0.375,1.0,0.21875,1.0,1.0,True,False,0.0,0.21875,89.0,False
6,unilateral,active,0.7777777777777778,1.0,0.7222222222222222,1.0,1.0,True,False,0.05555555555555555,0.6666666666666666,1.0,False
6,bilateral,active,0.7777777777777778,1.0,0.375,1.0,1.0,True,False,0.0625,0.3125,3.0,False
6,article_block,active,0.7777777777777778,1.0,0.625,1.0,1.0,True,False,0.125,0.5,3.0,False
6,unilateral,fixed_schema,0.4,1.0,0.37142857142857144,1.0,1.0,True,False,0.02857142857142857,0.34285714285714286,86.0,False
6,bilateral,fixed_schema,0.4,1.0,0.17142857142857143,1.0,1.0,True,False,0.02857142857142857,0.14285714285714285,86.0,False
6,article_block,fixed_schema,0.4,1.0,0.2857142857142857,1.0,1.0,True,False,0.05714285714285714,0.22857142857142856,86.0,False
7,unilateral,active,0.6306904801388117,0.7735476229959546,0.4611797079785049,0.8611797079785048,0.7686328466308415,True,False,0.15,0.45,1.0,False
7,bilateral,active,0.6306904801388117,0.7735476229959546,0.29534740725558517,0.8247591719614675,0.6276132404181185,True,False,0.17647058823529413,0.29411764705882354,4.0,False
7,article_block,active,0.6306904801388117,0.7735476229959546,0.31013441181125756,0.9601344118112575,0.8860983194607358,True,False,0.05,0.3,1.0,False
7,unilateral,fixed_schema,0.34853947586618544,0.8748552653398697,0.24272616209394995,0.9269366884097394,0.7686328466308415,True,False,0.07894736842105263,0.23684210526315788,83.0,False
7,bilateral,fixed_schema,0.34853947586618544,0.8748552653398697,0.13212910324591967,0.921602787456446,0.6276132404181185,True,False,0.07894736842105263,0.13157894736842105,83.0,False
7,article_block,fixed_schema,0.34853947586618544,0.8748552653398697,0.1632286377953987,0.9790181114796092,0.8860983194607358,True,False,0.02631578947368421,0.15789473684210525,83.0,False
8,unilateral,active,0.7604529616724739,0.9479529616724739,0.6778164924506388,0.9444831591173055,0.9242952169781439,False,False,0.2,0.5333333333333333,1.0,False
8,bilateral,active,0.7604529616724739,0.9479529616724739,0.75,1.0,1.0,True,False,0.16666666666666666,0.5833333333333334,4.0,False
8,article_block,active,0.7604529616724739,0.9479529616724739,0.4666666666666667,1.0,1.0,True,False,0.13333333333333333,0.3333333333333333,1.0,False
8,unilateral,fixed_schema,0.38022648083623695,0.9739764808362369,0.31772648083623695,0.9739764808362369,0.9242952169781439,True,False,0.09375,0.25,89.0,False
8,bilateral,fixed_schema,0.38022648083623695,0.9739764808362369,0.28125,1.0,1.0,True,False,0.0625,0.21875,89.0,False
8,article_block,fixed_schema,0.38022648083623695,0.9739764808362369,0.21875,1.0,1.0,True,False,0.0625,0.15625,89.0,False
9,unilateral,active,0.7272727272727273,1.0,0.7,1.0,1.0,True,False,0.0,0.7,1.0,False
9,bilateral,active,0.7272727272727273,1.0,0.5555555555555556,1.0,1.0,True,False,0.0,0.5555555555555556,2.0,False
9,article_block,active,0.7272727272727273,1.0,0.5555555555555556,1.0,1.0,True,False,0.0,0.5555555555555556,2.0,False
9,unilateral,fixed_schema,0.26666666666666666,1.0,0.23333333333333334,1.0,1.0,True,False,0.0,0.23333333333333334,91.0,False
9,bilateral,fixed_schema,0.26666666666666666,1.0,0.16666666666666666,1.0,1.0,True,False,0.0,0.16666666666666666,91.0,False
9,article_block,fixed_schema,0.26666666666666666,1.0,0.16666666666666666,1.0,1.0,True,False,0.0,0.16666666666666666,91.0,False
10,unilateral,active,0.46806039488966317,0.8013937282229966,0.3167247386759582,0.8167247386759582,0.6334494773519164,True,False,0.3,0.2,2.0,False
10,bilateral,active,0.46806039488966317,0.8013937282229966,0.4018583042973287,0.735191637630662,0.6027874564459931,False,False,0.4444444444444444,0.2222222222222222,3.0,False
10,article_block,active,0.46806039488966317,0.8013937282229966,0.4616724738675958,0.7616724738675958,0.6595321055251369,False,True,0.4,0.3,2.0,False
10,unilateral,fixed_schema,0.2808362369337979,0.880836236933798,0.1583623693379791,0.908362369337979,0.6334494773519164,True,False,0.15,0.1,101.0,False
10,bilateral,fixed_schema,0.2808362369337979,0.880836236933798,0.1808362369337979,0.880836236933798,0.6027874564459931,True,False,0.2,0.1,101.0,False
10,article_block,fixed_schema,0.2808362369337979,0.880836236933798,0.2308362369337979,0.880836236933798,0.6595321055251369,True,False,0.2,0.15,101.0,False
11,unilateral,active,0.7125,0.9125,0.4,1.0,1.0,True,False,0.0,0.4,0.0,False
11,bilateral,active,0.7125,0.9125,0.42105263157894735,1.0,1.0,True,False,0.0,0.42105263157894735,1.0,False
11,article_block,active,0.7125,0.9125,0.5294117647058824,1.0,1.0,True,False,0.0,0.5294117647058824,3.0,False
11,unilateral,fixed_schema,0.32386363636363635,0.9602272727272727,0.18181818181818182,1.0,1.0,True,False,0.0,0.18181818181818182,77.0,False
11,bilateral,fixed_schema,0.32386363636363635,0.9602272727272727,0.18181818181818182,1.0,1.0,True,False,0.0,0.18181818181818182,77.0,False
11,article_block,fixed_schema,0.32386363636363635,0.9602272727272727,0.20454545454545456,1.0,1.0,True,False,0.0,0.20454545454545456,77.0,False
12,unilateral,active,0.8,1.0,0.8333333333333334,1.0,1.0,False,True,0.08333333333333333,0.75,2.0,False
12,bilateral,active,0.8,1.0,0.38095238095238093,1.0,1.0,True,False,0.0,0.38095238095238093,5.0,False
12,article_block,active,0.8,1.0,0.625,1.0,1.0,True,False,0.0,0.625,2.0,False
12,unilateral,fixed_schema,0.47619047619047616,1.0,0.47619047619047616,1.0,1.0,True,False,0.047619047619047616,0.42857142857142855,79.0,False
12,bilateral,fixed_schema,0.47619047619047616,1.0,0.19047619047619047,1.0,1.0,True,False,0.0,0.19047619047619047,79.0,False
12,article_block,fixed_schema,0.47619047619047616,1.0,0.35714285714285715,1.0,1.0,True,False,0.0,0.35714285714285715,79.0,False
13,unilateral,active,0.7156296665007467,0.929915380786461,0.3860627177700348,0.9245242562315733,0.8364692218350754,False,False,0.07692307692307693,0.38461538461538464,2.0,False
13,bilateral,active,0.7156296665007467,0.929915380786461,0.38461538461538464,1.0,1.0,True,False,0.0,0.38461538461538464,2.0,False
13,article_block,active,0.7156296665007467,0.929915380786461,0.4166666666666667,1.0,1.0,True,False,0.0,0.4166666666666667,3.0,False
13,unilateral,fixed_schema,0.31308797909407665,0.9693379790940767,0.15683797909407665,0.9693379790940767,0.8364692218350754,True,False,0.03125,0.15625,89.0,False
13,bilateral,fixed_schema,0.31308797909407665,0.9693379790940767,0.15625,1.0,1.0,True,False,0.0,0.15625,89.0,False
13,article_block,fixed_schema,0.31308797909407665,0.9693379790940767,0.15625,1.0,1.0,True,False,0.0,0.15625,89.0,False
14,unilateral,active,0.2,1.0,0.0,1.0,,True,False,0.0,0.0,1.0,False
14,bilateral,active,0.2,1.0,0.25,1.0,1.0,False,True,0.25,0.0,1.0,False
14,article_block,active,0.2,1.0,0.0,1.0,,True,False,0.0,0.0,3.0,False
14,unilateral,fixed_schema,0.1,1.0,0.0,1.0,,True,False,0.0,0.0,111.0,False
14,bilateral,fixed_schema,0.1,1.0,0.1,1.0,1.0,True,False,0.1,0.0,111.0,False
14,article_block,fixed_schema,0.1,1.0,0.0,1.0,,True,False,0.0,0.0,111.0,False
15,unilateral,active,0.8235294117647058,1.0,0.5,1.0,1.0,True,False,0.0625,0.4375,1.0,False
15,bilateral,active,0.8235294117647058,1.0,0.25,1.0,1.0,True,False,0.0625,0.1875,1.0,False
15,article_block,active,0.8235294117647058,1.0,0.35294117647058826,1.0,1.0,True,False,0.0,0.35294117647058826,0.0,False
15,unilateral,fixed_schema,0.4117647058823529,1.0,0.23529411764705882,1.0,1.0,True,False,0.029411764705882353,0.20588235294117646,87.0,False
15,bilateral,fixed_schema,0.4117647058823529,1.0,0.11764705882352941,1.0,1.0,True,False,0.029411764705882353,0.08823529411764706,87.0,False
15,article_block,fixed_schema,0.4117647058823529,1.0,0.17647058823529413,1.0,1.0,True,False,0.0,0.17647058823529413,87.0,False
16,unilateral,active,0.9411764705882353,1.0,0.7647058823529411,1.0,1.0,True,False,0.058823529411764705,0.7058823529411765,0.0,False
16,bilateral,active,0.9411764705882353,1.0,0.5625,1.0,1.0,True,False,0.0,0.5625,1.0,False
16,article_block,active,0.9411764705882353,1.0,0.5882352941176471,1.0,1.0,True,False,0.058823529411764705,0.5294117647058824,0.0,False
16,unilateral,fixed_schema,0.5333333333333333,1.0,0.43333333333333335,1.0,1.0,True,False,0.03333333333333333,0.4,91.0,False
16,bilateral,fixed_schema,0.5333333333333333,1.0,0.3,1.0,1.0,True,False,0.0,0.3,91.0,False
16,article_block,fixed_schema,0.5333333333333333,1.0,0.3333333333333333,1.0,1.0,True,False,0.03333333333333333,0.3,91.0,False
17,unilateral,active,0.8407789945246391,0.8407789945246391,0.5550647088103534,0.8407789945246391,0.7770905923344948,True,False,0.2857142857142857,0.42857142857142855,0.0,False
17,bilateral,active,0.8407789945246391,0.8407789945246391,0.4184088269454123,0.9184088269454124,0.8368176538908246,True,False,0.08333333333333333,0.4166666666666667,2.0,False
17,article_block,active,0.8407789945246391,0.8407789945246391,0.5625,0.8958333333333334,0.84375,True,False,0.16666666666666666,0.5,2.0,False
17,unilateral,fixed_schema,0.3269696089818041,0.9380807200929152,0.215858497870693,0.9380807200929152,0.7770905923344948,True,False,0.1111111111111111,0.16666666666666666,85.0,False
17,bilateral,fixed_schema,0.3269696089818041,0.9380807200929152,0.1394696089818041,0.9728029423151374,0.8368176538908246,True,False,0.027777777777777776,0.1388888888888889,85.0,False
17,article_block,fixed_schema,0.3269696089818041,0.9380807200929152,0.1875,0.9652777777777778,0.84375,True,False,0.05555555555555555,0.16666666666666666,85.0,False
18,unilateral,active,0.8064516129032258,1.0,0.8,1.0,1.0,True,False,0.0,0.8,1.0,False
18,bilateral,active,0.8064516129032258,1.0,0.4482758620689655,1.0,1.0,True,False,0.034482758620689655,0.41379310344827586,2.0,False
18,article_block,active,0.8064516129032258,1.0,0.3225806451612903,1.0,1.0,True,False,0.0,0.3225806451612903,0.0,False
18,unilateral,fixed_schema,0.5555555555555556,1.0,0.5333333333333333,1.0,1.0,True,False,0.0,0.5333333333333333,76.0,False
18,bilateral,fixed_schema,0.5555555555555556,1.0,0.28888888888888886,1.0,1.0,True,False,0.022222222222222223,0.26666666666666666,76.0,False
18,article_block,fixed_schema,0.5555555555555556,1.0,0.2222222222222222,1.0,1.0,True,False,0.0,0.2222222222222222,76.0,False
19,unilateral,active,0.7222222222222222,1.0,0.2777777777777778,1.0,1.0,True,False,0.0,0.2777777777777778,0.0,False
19,bilateral,active,0.7222222222222222,1.0,0.375,1.0,1.0,True,False,0.0625,0.3125,2.0,False
19,article_block,active,0.7222222222222222,1.0,0.375,1.0,1.0,True,False,0.0625,0.3125,2.0,False
19,unilateral,fixed_schema,0.37142857142857144,1.0,0.14285714285714285,1.0,1.0,True,False,0.0,0.14285714285714285,86.0,False
19,bilateral,fixed_schema,0.37142857142857144,1.0,0.17142857142857143,1.0,1.0,True,False,0.02857142857142857,0.14285714285714285,86.0,False
19,article_block,fixed_schema,0.37142857142857144,1.0,0.17142857142857143,1.0,1.0,True,False,0.02857142857142857,0.14285714285714285,86.0,False
20,unilateral,active,1.0,1.0,0.4,1.0,1.0,True,False,0.0,0.4,0.0,False
20,bilateral,active,1.0,1.0,0.6666666666666666,1.0,1.0,True,False,0.0,0.6666666666666666,0.0,False
20,article_block,active,1.0,1.0,0.6,1.0,1.0,True,False,0.0,0.6,0.0,False
20,unilateral,fixed_schema,0.4411764705882353,1.0,0.17647058823529413,1.0,1.0,True,False,0.0,0.17647058823529413,87.0,False
20,bilateral,fixed_schema,0.4411764705882353,1.0,0.29411764705882354,1.0,1.0,True,False,0.0,0.29411764705882354,87.0,False
20,article_block,fixed_schema,0.4411764705882353,1.0,0.2647058823529412,1.0,1.0,True,False,0.0,0.2647058823529412,87.0,False
21,unilateral,active,0.7211805555555555,0.9989583333333333,0.5294117647058824,1.0,1.0,True,False,0.058823529411764705,0.47058823529411764,1.0,False
21,bilateral,active,0.7211805555555555,0.9989583333333333,0.4654166666666667,0.9987499999999999,0.9973214285714286,False,False,0.13333333333333333,0.3333333333333333,3.0,False
21,article_block,active,0.7211805555555555,0.9989583333333333,0.2,1.0,1.0,True,False,0.06666666666666667,0.13333333333333333,3.0,False
21,unilateral,fixed_schema,0.37089285714285714,0.9994642857142858,0.2571428571428571,1.0,1.0,True,False,0.02857142857142857,0.22857142857142856,86.0,False
21,bilateral,fixed_schema,0.37089285714285714,0.9994642857142858,0.19946428571428573,0.9994642857142858,0.9973214285714286,True,False,0.05714285714285714,0.14285714285714285,86.0,False
21,article_block,fixed_schema,0.37089285714285714,0.9994642857142858,0.08571428571428572,1.0,1.0,True,False,0.02857142857142857,0.05714285714285714,86.0,False
22,unilateral,active,0.5830450472872075,0.7259021901443504,0.44018790443006467,0.7259021901443504,0.6162630662020906,True,False,0.2857142857142857,0.42857142857142855,1.0,False
22,bilateral,active,0.5830450472872075,0.7259021901443504,0.16666666666666666,1.0,1.0,True,False,0.0,0.16666666666666666,2.0,False
22,article_block,active,0.5830450472872075,0.7259021901443504,0.16666666666666666,1.0,1.0,True,False,0.0,0.16666666666666666,2.0,False
22,unilateral,fixed_schema,0.29152252364360376,0.8629510950721752,0.22009395221503233,0.8629510950721752,0.6162630662020906,True,False,0.14285714285714285,0.21428571428571427,107.0,False
22,bilateral,fixed_schema,0.29152252364360376,0.8629510950721752,0.07142857142857142,1.0,1.0,True,False,0.0,0.07142857142857142,107.0,False
22,article_block,fixed_schema,0.29152252364360376,0.8629510950721752,0.07142857142857142,1.0,1.0,True,False,0.0,0.07142857142857142,107.0,False
23,unilateral,active,0.5803571428571429,0.7232142857142857,0.5714285714285714,0.8571428571428571,0.8,True,False,0.14285714285714285,0.5714285714285714,0.0,False
23,bilateral,active,0.5803571428571429,0.7232142857142857,0.29464285714285715,0.8660714285714286,0.6875,True,False,0.14285714285714285,0.2857142857142857,0.0,False
23,article_block,active,0.5803571428571429,0.7232142857142857,0.17708333333333334,0.84375,0.53125,True,False,0.16666666666666666,0.16666666666666666,1.0,False
23,unilateral,fixed_schema,0.40625,0.80625,0.4,0.9,0.8,True,False,0.1,0.4,111.0,False
23,bilateral,fixed_schema,0.40625,0.80625,0.20625,0.90625,0.6875,True,False,0.1,0.2,111.0,False
23,article_block,fixed_schema,0.40625,0.80625,0.10625,0.90625,0.53125,True,False,0.1,0.1,111.0,False
24,unilateral,active,0.5978457518091664,0.9055380595014741,0.6761363636363636,0.9488636363636364,0.9296875,False,True,0.09090909090909091,0.6363636363636364,2.0,False
24,bilateral,active,0.5978457518091664,0.9055380595014741,0.36363636363636365,1.0,1.0,True,False,0.0,0.36363636363636365,2.0,False
24,article_block,active,0.5978457518091664,0.9055380595014741,0.3,1.0,1.0,True,False,0.0,0.3,3.0,False
24,unilateral,fixed_schema,0.23551499313694435,0.9627877204096716,0.22537878787878787,0.9829545454545454,0.9296875,True,False,0.030303030303030304,0.21212121212121213,88.0,False
24,bilateral,fixed_schema,0.23551499313694435,0.9627877204096716,0.12121212121212122,1.0,1.0,True,False,0.0,0.12121212121212122,88.0,False
24,article_block,fixed_schema,0.23551499313694435,0.9627877204096716,0.09090909090909091,1.0,1.0,True,False,0.0,0.09090909090909091,88.0,False
25,unilateral,active,1.0,1.0,1.0,1.0,1.0,True,False,0.0,1.0,0.0,False
25,bilateral,active,1.0,1.0,0.6,1.0,1.0,True,False,0.0,0.6,0.0,False
25,article_block,active,1.0,1.0,0.9,1.0,1.0,True,False,0.0,0.9,0.0,False
25,unilateral,fixed_schema,0.5555555555555556,1.0,0.5555555555555556,1.0,1.0,True,False,0.0,0.5555555555555556,103.0,False
25,bilateral,fixed_schema,0.5555555555555556,1.0,0.3333333333333333,1.0,1.0,True,False,0.0,0.3333333333333333,103.0,False
25,article_block,fixed_schema,0.5555555555555556,1.0,0.5,1.0,1.0,True,False,0.0,0.5,103.0,False
26,unilateral,active,0.7898559491547297,0.9009670602658408,0.4224537037037037,0.9409722222222222,0.8774038461538461,True,False,0.07407407407407407,0.4074074074074074,0.0,False
26,bilateral,active,0.7898559491547297,0.9009670602658408,0.45499419279907083,0.9966608594657376,0.9927146024707,True,False,0.041666666666666664,0.4166666666666667,3.0,False
26,article_block,active,0.7898559491547297,0.9009670602658408,0.28,1.0,1.0,True,False,0.0,0.28,2.0,False
26,unilateral,fixed_schema,0.4739135694928378,0.9405802361595044,0.2534722222222222,0.9645833333333333,0.8774038461538461,True,False,0.044444444444444446,0.24444444444444444,76.0,False
26,bilateral,fixed_schema,0.4739135694928378,0.9405802361595044,0.24266356949283777,0.9982191250483933,0.9927146024707,True,False,0.022222222222222223,0.2222222222222222,76.0,False
26,article_block,fixed_schema,0.4739135694928378,0.9405802361595044,0.15555555555555556,1.0,1.0,True,False,0.0,0.15555555555555556,76.0,False
27,unilateral,active,1.0,1.0,1.0,1.0,1.0,True,False,0.0,1.0,0.0,False
27,bilateral,active,1.0,1.0,0.5,1.0,1.0,True,False,0.0,0.5,0.0,False
27,article_block,active,1.0,1.0,0.8333333333333334,1.0,1.0,True,False,0.0,0.8333333333333334,0.0,False
27,unilateral,fixed_schema,0.5217391304347826,1.0,0.5217391304347826,1.0,1.0,True,False,0.0,0.5217391304347826,98.0,False
27,bilateral,fixed_schema,0.5217391304347826,1.0,0.2608695652173913,1.0,1.0,True,False,0.0,0.2608695652173913,98.0,False
27,article_block,fixed_schema,0.5217391304347826,1.0,0.43478260869565216,1.0,1.0,True,False,0.0,0.43478260869565216,98.0,False
28,unilateral,active,0.5513950092232015,0.7278655974584956,0.4808362369337979,0.8926009428161509,0.8174216027874565,True,False,0.17647058823529413,0.4117647058823529,0.0,False
28,bilateral,active,0.5513950092232015,0.7278655974584956,0.4449975111996018,0.8021403683424589,0.6922183507549362,True,False,0.21428571428571427,0.42857142857142855,3.0,False
28,article_block,active,0.5513950092232015,0.7278655974584956,0.25,1.0,1.0,True,False,0.0,0.25,5.0,False
28,unilateral,fixed_schema,0.2929285986498258,0.8554285986498258,0.25544425087108014,0.9429442508710801,0.8174216027874565,True,False,0.09375,0.21875,89.0,False
28,bilateral,fixed_schema,0.2929285986498258,0.8554285986498258,0.1946864111498258,0.9134364111498258,0.6922183507549362,True,False,0.09375,0.1875,89.0,False
28,article_block,fixed_schema,0.2929285986498258,0.8554285986498258,0.09375,1.0,1.0,True,False,0.0,0.09375,89.0,False
29,unilateral,active,0.6672473867595818,0.8339140534262485,0.6006968641114983,0.8006968641114982,0.7508710801393729,False,False,0.4,0.4,1.0,False
29,bilateral,active,0.6672473867595818,0.8339140534262485,0.4,1.0,1.0,True,False,0.2,0.2,1.0,False
29,article_block,active,0.6672473867595818,0.8339140534262485,0.20069686411149826,0.8006968641114982,0.5017421602787456,False,False,0.2,0.2,1.0,False
29,unilateral,fixed_schema,0.23549907767985243,0.9413814306210289,0.17667554826808773,0.9413814306210289,0.7508710801393729,True,False,0.11764705882352941,0.11764705882352941,104.0,False
29,bilateral,fixed_schema,0.23549907767985243,0.9413814306210289,0.11764705882352941,1.0,1.0,True,False,0.058823529411764705,0.058823529411764705,104.0,False
29,article_block,fixed_schema,0.23549907767985243,0.9413814306210289,0.05902848944455831,0.9413814306210289,0.5017421602787456,True,False,0.058823529411764705,0.058823529411764705,104.0,False
30,unilateral,active,0.8333333333333334,1.0,0.6666666666666666,1.0,1.0,True,False,0.0,0.6666666666666666,0.0,False
30,bilateral,active,0.8333333333333334,1.0,0.5,1.0,1.0,True,False,0.0,0.5,0.0,False
30,article_block,active,0.8333333333333334,1.0,0.2727272727272727,1.0,1.0,True,False,0.0,0.2727272727272727,1.0,False
30,unilateral,fixed_schema,0.3333333333333333,1.0,0.26666666666666666,1.0,1.0,True,False,0.0,0.26666666666666666,91.0,False
30,bilateral,fixed_schema,0.3333333333333333,1.0,0.2,1.0,1.0,True,False,0.0,0.2,91.0,False
30,article_block,fixed_schema,0.3333333333333333,1.0,0.1,1.0,1.0,True,False,0.0,0.1,91.0,False
31,unilateral,active,0.8,1.0,0.76,1.0,1.0,True,False,0.0,0.76,0.0,False
31,bilateral,active,0.8,1.0,0.375,1.0,1.0,True,False,0.0,0.375,1.0,False
31,article_block,active,0.8,1.0,0.375,1.0,1.0,True,False,0.0,0.375,1.0,False
31,unilateral,fixed_schema,0.5405405405405406,1.0,0.5135135135135135,1.0,1.0,True,False,0.0,0.5135135135135135,84.0,False
31,bilateral,fixed_schema,0.5405405405405406,1.0,0.24324324324324326,1.0,1.0,True,False,0.0,0.24324324324324326,84.0,False
31,article_block,fixed_schema,0.5405405405405406,1.0,0.24324324324324326,1.0,1.0,True,False,0.0,0.24324324324324326,84.0,False
32,unilateral,active,0.6924651567944251,0.9424651567944251,0.3125,1.0,1.0,True,False,0.0625,0.25,0.0,False
32,bilateral,active,0.6924651567944251,0.9424651567944251,0.5,1.0,1.0,True,False,0.0,0.5,4.0,False
32,article_block,active,0.6924651567944251,0.9424651567944251,0.46153846153846156,1.0,1.0,True,False,0.07692307692307693,0.38461538461538464,3.0,False
32,unilateral,fixed_schema,0.3956943753111001,0.9671229467396715,0.17857142857142858,1.0,1.0,True,False,0.03571428571428571,0.14285714285714285,93.0,False
32,bilateral,fixed_schema,0.3956943753111001,0.9671229467396715,0.21428571428571427,1.0,1.0,True,False,0.0,0.21428571428571427,93.0,False
32,article_block,fixed_schema,0.3956943753111001,0.9671229467396715,0.21428571428571427,1.0,1.0,True,False,0.03571428571428571,0.17857142857142858,93.0,False
33,unilateral,active,1.0,1.0,0.6666666666666666,1.0,1.0,True,False,0.0,0.6666666666666666,0.0,False
33,bilateral,active,1.0,1.0,0.16666666666666666,1.0,1.0,True,False,0.0,0.16666666666666666,0.0,False
33,article_block,active,1.0,1.0,0.3333333333333333,1.0,1.0,True,False,0.0,0.3333333333333333,0.0,False
33,unilateral,fixed_schema,0.6666666666666666,1.0,0.4444444444444444,1.0,1.0,True,False,0.0,0.4444444444444444,103.0,False
33,bilateral,fixed_schema,0.6666666666666666,1.0,0.1111111111111111,1.0,1.0,True,False,0.0,0.1111111111111111,103.0,False
33,article_block,fixed_schema,0.6666666666666666,1.0,0.2222222222222222,1.0,1.0,True,False,0.0,0.2222222222222222,103.0,False
34,unilateral,active,0.5378252032520324,0.8711585365853658,0.5388367729831145,0.923452157598499,0.875609756097561,False,False,0.15384615384615385,0.46153846153846156,2.0,False
34,bilateral,active,0.5378252032520324,0.8711585365853658,0.2727272727272727,1.0,1.0,True,False,0.09090909090909091,0.18181818181818182,4.0,False
34,article_block,active,0.5378252032520324,0.8711585365853658,0.2784090909090909,0.9147727272727273,0.765625,True,False,0.09090909090909091,0.2727272727272727,4.0,False
34,unilateral,fixed_schema,0.2602380015735641,0.9376573564122738,0.22596380802517702,0.9678992918961448,0.875609756097561,True,False,0.06451612903225806,0.1935483870967742,90.0,False
34,bilateral,fixed_schema,0.2602380015735641,0.9376573564122738,0.0967741935483871,1.0,1.0,True,False,0.03225806451612903,0.06451612903225806,90.0,False
34,article_block,fixed_schema,0.2602380015735641,0.9376573564122738,0.09879032258064516,0.969758064516129,0.765625,True,False,0.03225806451612903,0.0967741935483871,90.0,False
35,unilateral,active,0.7728856509344314,0.8637947418435222,0.45454545454545453,0.9090909090909091,0.8333333333333334,True,False,0.09090909090909091,0.45454545454545453,0.0,False
35,bilateral,active,0.7728856509344314,0.8637947418435222,0.6666666666666666,1.0,1.0,True,False,0.0,0.6666666666666666,2.0,False
35,article_block,active,0.7728856509344314,0.8637947418435222,0.3,0.9,0.75,True,False,0.1,0.3,1.0,False
35,unilateral,fixed_schema,0.31487933926958317,0.9445089688992128,0.18518518518518517,0.9629629629629629,0.8333333333333334,True,False,0.037037037037037035,0.18518518518518517,94.0,False
35,bilateral,fixed_schema,0.31487933926958317,0.9445089688992128,0.2222222222222222,1.0,1.0,True,False,0.0,0.2222222222222222,94.0,False
35,article_block,fixed_schema,0.31487933926958317,0.9445089688992128,0.1111111111111111,0.9629629629629629,0.75,True,False,0.037037037037037035,0.1111111111111111,94.0,False
36,unilateral,active,0.7142857142857143,0.9047619047619048,0.5714285714285714,0.9047619047619048,0.8571428571428571,True,False,0.09523809523809523,0.5714285714285714,0.0,False
36,bilateral,active,0.7142857142857143,0.9047619047619048,0.42105263157894735,0.8947368421052632,0.8,False,False,0.10526315789473684,0.42105263157894735,2.0,False
36,article_block,active,0.7142857142857143,0.9047619047619048,0.6,0.95,0.9230769230769231,True,False,0.05,0.6,1.0,False
36,unilateral,fixed_schema,0.4166666666666667,0.9444444444444444,0.3333333333333333,0.9444444444444444,0.8571428571428571,True,False,0.05555555555555555,0.3333333333333333,85.0,False
36,bilateral,fixed_schema,0.4166666666666667,0.9444444444444444,0.2222222222222222,0.9444444444444444,0.8,True,False,0.05555555555555555,0.2222222222222222,85.0,False
36,article_block,fixed_schema,0.4166666666666667,0.9444444444444444,0.3333333333333333,0.9722222222222222,0.9230769230769231,True,False,0.027777777777777776,0.3333333333333333,85.0,False
37,unilateral,active,0.5861552700348432,0.9194886033681765,0.45454545454545453,1.0,1.0,True,False,0.0,0.45454545454545453,1.0,False
37,bilateral,active,0.5861552700348432,0.9194886033681765,0.2,1.0,1.0,True,False,0.0,0.2,2.0,False
37,article_block,active,0.5861552700348432,0.9194886033681765,0.25,1.0,1.0,True,False,0.0,0.25,4.0,False
37,unilateral,fixed_schema,0.31972105638264176,0.956084692746278,0.22727272727272727,1.0,1.0,True,False,0.0,0.22727272727272727,99.0,False
37,bilateral,fixed_schema,0.31972105638264176,0.956084692746278,0.09090909090909091,1.0,1.0,True,False,0.0,0.09090909090909091,99.0,False
37,article_block,fixed_schema,0.31972105638264176,0.956084692746278,0.09090909090909091,1.0,1.0,True,False,0.0,0.09090909090909091,99.0,False
38,unilateral,active,0.7647058823529411,0.9411764705882353,0.5882352941176471,1.0,1.0,True,False,0.058823529411764705,0.5294117647058824,0.0,False
38,bilateral,active,0.7647058823529411,0.9411764705882353,0.26666666666666666,0.9333333333333333,0.8,False,False,0.06666666666666667,0.26666666666666666,2.0,False
38,article_block,active,0.7647058823529411,0.9411764705882353,0.4375,1.0,1.0,True,False,0.0,0.4375,1.0,False
38,unilateral,fixed_schema,0.38235294117647056,0.9705882352941176,0.29411764705882354,1.0,1.0,True,False,0.029411764705882353,0.2647058823529412,87.0,False
38,bilateral,fixed_schema,0.38235294117647056,0.9705882352941176,0.11764705882352941,0.9705882352941176,0.8,True,False,0.029411764705882353,0.11764705882352941,87.0,False
38,article_block,fixed_schema,0.38235294117647056,0.9705882352941176,0.20588235294117646,1.0,1.0,True,False,0.0,0.20588235294117646,87.0,False
39,unilateral,active,0.5643322378840672,0.9279686015204308,0.37942417018155145,0.958371538602604,0.9011324041811847,True,False,0.10526315789473684,0.3157894736842105,3.0,False
39,bilateral,active,0.5643322378840672,0.9279686015204308,0.4103125,0.9603125,0.9118055555555556,True,False,0.05,0.4,2.0,False
39,article_block,active,0.5643322378840672,0.9279686015204308,0.35294117647058826,1.0,1.0,True,False,0.0,0.35294117647058826,5.0,False
39,unilateral,fixed_schema,0.35472312095569936,0.9547231209556993,0.20597312095569936,0.9774016923842709,0.9011324041811847,True,False,0.05714285714285714,0.17142857142857143,86.0,False
39,bilateral,fixed_schema,0.35472312095569936,0.9547231209556993,0.23446428571428574,0.9773214285714285,0.9118055555555556,True,False,0.02857142857142857,0.22857142857142856,86.0,False
39,article_block,fixed_schema,0.35472312095569936,0.9547231209556993,0.17142857142857143,1.0,1.0,True,False,0.0,0.17142857142857143,86.0,False
40,unilateral,active,1.0,1.0,1.0,1.0,1.0,True,False,0.0,1.0,0.0,False
40,bilateral,active,1.0,1.0,0.6,1.0,1.0,True,False,0.0,0.6,0.0,False
40,article_block,active,1.0,1.0,0.8,1.0,1.0,True,False,0.0,0.8,0.0,False
40,unilateral,fixed_schema,0.4166666666666667,1.0,0.4166666666666667,1.0,1.0,True,False,0.0,0.4166666666666667,97.0,False
40,bilateral,fixed_schema,0.4166666666666667,1.0,0.25,1.0,1.0,True,False,0.0,0.25,97.0,False
40,article_block,fixed_schema,0.4166666666666667,1.0,0.3333333333333333,1.0,1.0,True,False,0.0,0.3333333333333333,97.0,False
41,unilateral,active,0.7741266275444709,0.9320213643865762,0.7379424170181551,0.9484687328076289,0.9347270615563299,True,False,0.10526315789473684,0.6842105263157895,1.0,False
41,bilateral,active,0.7741266275444709,0.9320213643865762,0.3157894736842105,1.0,1.0,True,False,0.05263157894736842,0.2631578947368421,1.0,False
41,article_block,active,0.7741266275444709,0.9320213643865762,0.29411764705882354,1.0,1.0,True,False,0.0,0.29411764705882354,3.0,False
41,unilateral,fixed_schema,0.5071864111498258,0.9554622732187913,0.4834795145981017,0.9662381352877568,0.9347270615563299,True,False,0.06896551724137931,0.4482758620689655,92.0,False
41,bilateral,fixed_schema,0.5071864111498258,0.9554622732187913,0.20689655172413793,1.0,1.0,True,False,0.034482758620689655,0.1724137931034483,92.0,False
41,article_block,fixed_schema,0.5071864111498258,0.9554622732187913,0.1724137931034483,1.0,1.0,True,False,0.0,0.1724137931034483,92.0,False
42,unilateral,active,1.0,1.0,0.8666666666666667,1.0,1.0,True,False,0.0,0.8666666666666667,0.0,False
42,bilateral,active,1.0,1.0,0.7333333333333333,1.0,1.0,True,False,0.0,0.7333333333333333,0.0,False
42,article_block,active,1.0,1.0,0.8,1.0,1.0,True,False,0.0,0.8,0.0,False
42,unilateral,fixed_schema,0.5172413793103449,1.0,0.4482758620689655,1.0,1.0,True,False,0.0,0.4482758620689655,92.0,False
42,bilateral,fixed_schema,0.5172413793103449,1.0,0.3793103448275862,1.0,1.0,True,False,0.0,0.3793103448275862,92.0,False
42,article_block,fixed_schema,0.5172413793103449,1.0,0.41379310344827586,1.0,1.0,True,False,0.0,0.41379310344827586,92.0,False
43,unilateral,active,0.4591591248095446,0.8163019819524019,0.2552083333333333,0.921875,0.765625,True,False,0.08333333333333333,0.25,2.0,False
43,bilateral,active,0.4591591248095446,0.8163019819524019,0.4114856667194252,0.9114856667194251,0.8229713334388504,True,False,0.1,0.4,4.0,False
43,article_block,active,0.4591591248095446,0.8163019819524019,0.3612078977932637,0.9167634533488191,0.8127177700348432,True,False,0.1111111111111111,0.3333333333333333,5.0,False
43,unilateral,fixed_schema,0.257129109893345,0.897129109893345,0.1225,0.9625,0.765625,True,False,0.04,0.12,96.0,False
43,bilateral,fixed_schema,0.257129109893345,0.897129109893345,0.1645942666877701,0.9645942666877702,0.8229713334388504,True,False,0.04,0.16,96.0,False
43,article_block,fixed_schema,0.257129109893345,0.897129109893345,0.13003484320557493,0.9700348432055749,0.8127177700348432,True,False,0.04,0.12,96.0,False
44,unilateral,active,0.7211805555555555,0.9989583333333333,0.5882352941176471,1.0,1.0,True,False,0.11764705882352941,0.47058823529411764,1.0,False
44,bilateral,active,0.7211805555555555,0.9989583333333333,0.33208333333333334,0.9987499999999999,0.9962500000000001,False,False,0.06666666666666667,0.26666666666666666,3.0,False
44,article_block,active,0.7211805555555555,0.9989583333333333,0.2,1.0,1.0,True,False,0.06666666666666667,0.13333333333333333,3.0,False
44,unilateral,fixed_schema,0.37089285714285714,0.9994642857142858,0.2857142857142857,1.0,1.0,True,False,0.05714285714285714,0.22857142857142856,86.0,False
44,bilateral,fixed_schema,0.37089285714285714,0.9994642857142858,0.14232142857142857,0.9994642857142858,0.9962500000000001,True,False,0.02857142857142857,0.11428571428571428,86.0,False
44,article_block,fixed_schema,0.37089285714285714,0.9994642857142858,0.08571428571428572,1.0,1.0,True,False,0.02857142857142857,0.05714285714285714,86.0,False
45,unilateral,active,0.6339285714285714,0.9196428571428571,0.49107142857142855,0.9196428571428571,0.859375,True,False,0.2857142857142857,0.2857142857142857,0.0,False
45,bilateral,active,0.6339285714285714,0.9196428571428571,0.4875,0.8875,0.8125,False,False,0.2,0.4,2.0,False
45,article_block,active,0.6339285714285714,0.9196428571428571,0.16666666666666666,1.0,1.0,True,False,0.0,0.16666666666666666,1.0,False
45,unilateral,fixed_schema,0.2465277777777778,0.96875,0.1909722222222222,0.96875,0.859375,True,False,0.1111111111111111,0.1111111111111111,103.0,False
45,bilateral,fixed_schema,0.2465277777777778,0.96875,0.13541666666666666,0.96875,0.8125,True,False,0.05555555555555555,0.1111111111111111,103.0,False
45,article_block,fixed_schema,0.2465277777777778,0.96875,0.05555555555555555,1.0,1.0,True,False,0.0,0.05555555555555555,103.0,False
46,unilateral,active,0.699808543844367,0.949808543844367,0.5943934114665822,0.9580297751029458,0.9340467894474863,True,False,0.09090909090909091,0.5454545454545454,2.0,False
46,bilateral,active,0.699808543844367,0.949808543844367,0.4117647058823529,1.0,1.0,True,False,0.0,0.4117647058823529,7.0,False
46,article_block,active,0.699808543844367,0.949808543844367,0.574808543844367,0.949808543844367,0.9196936701509872,True,False,0.08333333333333333,0.5416666666666666,0.0,False
46,unilateral,fixed_schema,0.4198851263066202,0.9698851263066203,0.3269163763066202,0.9769163763066203,0.9340467894474863,True,False,0.05,0.3,81.0,False
46,bilateral,fixed_schema,0.4198851263066202,0.9698851263066203,0.175,1.0,1.0,True,False,0.0,0.175,81.0,False
46,article_block,fixed_schema,0.4198851263066202,0.9698851263066203,0.3448851263066202,0.9698851263066203,0.9196936701509872,True,False,0.05,0.325,81.0,False
47,unilateral,active,0.9495690445626261,0.9495690445626261,0.7390427287731525,0.9495690445626261,0.9361207897793264,True,False,0.05263157894736842,0.7368421052631579,0.0,False
47,bilateral,active,0.9495690445626261,0.9495690445626261,0.3888888888888889,1.0,1.0,True,False,0.05555555555555555,0.3333333333333333,1.0,False
47,article_block,active,0.9495690445626261,0.9495690445626261,0.5294117647058824,1.0,1.0,True,False,0.0,0.5294117647058824,2.0,False
47,unilateral,fixed_schema,0.47478452228131307,0.9747845222813131,0.36952136438657623,0.9747845222813131,0.9361207897793264,True,False,0.02631578947368421,0.3684210526315789,83.0,False
47,bilateral,fixed_schema,0.47478452228131307,0.9747845222813131,0.18421052631578946,1.0,1.0,True,False,0.02631578947368421,0.15789473684210525,83.0,False
47,article_block,fixed_schema,0.47478452228131307,0.9747845222813131,0.23684210526315788,1.0,1.0,True,False,0.0,0.23684210526315788,83.0,False
48,unilateral,active,1.0,1.0,0.9230769230769231,1.0,1.0,True,False,0.0,0.9230769230769231,0.0,False
48,bilateral,active,1.0,1.0,0.6153846153846154,1.0,1.0,True,False,0.0,0.6153846153846154,0.0,False
48,article_block,active,1.0,1.0,0.7692307692307693,1.0,1.0,True,False,0.0,0.7692307692307693,0.0,False
48,unilateral,fixed_schema,0.43333333333333335,1.0,0.4,1.0,1.0,True,False,0.0,0.4,91.0,False
48,bilateral,fixed_schema,0.43333333333333335,1.0,0.26666666666666666,1.0,1.0,True,False,0.0,0.26666666666666666,91.0,False
48,article_block,fixed_schema,0.43333333333333335,1.0,0.3333333333333333,1.0,1.0,True,False,0.0,0.3333333333333333,91.0,False
49,unilateral,active,0.706747520771911,0.8605936746180649,0.625,0.9326923076923077,0.9027777777777778,True,False,0.15384615384615385,0.5384615384615384,0.0,False
49,bilateral,active,0.706747520771911,0.8605936746180649,0.38461538461538464,1.0,1.0,True,False,0.0,0.38461538461538464,0.0,False
49,article_block,active,0.706747520771911,0.8605936746180649,0.5833333333333334,1.0,1.0,True,False,0.0,0.5833333333333334,1.0,False
49,unilateral,fixed_schema,0.43751037000165927,0.9137008461921354,0.3869047619047619,0.9583333333333334,0.9027777777777778,True,False,0.09523809523809523,0.3333333333333333,100.0,False
49,bilateral,fixed_schema,0.43751037000165927,0.9137008461921354,0.23809523809523808,1.0,1.0,True,False,0.0,0.23809523809523808,100.0,False
49,article_block,fixed_schema,0.43751037000165927,0.9137008461921354,0.3333333333333333,1.0,1.0,True,False,0.0,0.3333333333333333,100.0,False
50,unilateral,active,0.6006968641114983,0.9006968641114982,0.4452187379016648,0.8896631823461091,0.8013937282229966,False,False,0.2222222222222222,0.3333333333333333,1.0,False
50,bilateral,active,0.6006968641114983,0.9006968641114982,0.42857142857142855,1.0,1.0,True,False,0.14285714285714285,0.2857142857142857,3.0,False
50,article_block,active,0.6006968641114983,0.9006968641114982,0.0,1.0,,True,False,0.0,0.0,3.0,False
50,unilateral,fixed_schema,0.31615624426920963,0.9477351916376308,0.2108930863744728,0.9477351916376308,0.8013937282229966,True,False,0.10526315789473684,0.15789473684210525,102.0,False
50,bilateral,fixed_schema,0.31615624426920963,0.9477351916376308,0.15789473684210525,1.0,1.0,True,False,0.05263157894736842,0.10526315789473684,102.0,False
50,article_block,fixed_schema,0.31615624426920963,0.9477351916376308,0.0,1.0,,True,False,0.0,0.0,102.0,False
51,unilateral,active,0.7857142857142857,0.9285714285714286,0.7692307692307693,1.0,1.0,True,False,0.0,0.7692307692307693,1.0,False
51,bilateral,active,0.7857142857142857,0.9285714285714286,0.3076923076923077,0.9230769230769231,0.8,False,False,0.07692307692307693,0.3076923076923077,1.0,False
51,article_block,active,0.7857142857142857,0.9285714285714286,0.5,0.9166666666666666,0.8571428571428571,False,False,0.08333333333333333,0.5,2.0,False
51,unilateral,fixed_schema,0.44,0.96,0.4,1.0,1.0,True,False,0.0,0.4,96.0,False
51,bilateral,fixed_schema,0.44,0.96,0.16,0.96,0.8,True,False,0.04,0.16,96.0,False
51,article_block,fixed_schema,0.44,0.96,0.24,0.96,0.8571428571428571,True,False,0.04,0.24,96.0,False
52,unilateral,active,0.6770833333333334,0.8104166666666667,0.35714285714285715,0.9285714285714286,0.8333333333333334,True,False,0.14285714285714285,0.2857142857142857,1.0,False
52,bilateral,active,0.6770833333333334,0.8104166666666667,0.39663461538461536,0.9350961538461539,0.859375,True,False,0.07692307692307693,0.38461538461538464,2.0,False
52,article_block,active,0.6770833333333334,0.8104166666666667,0.5384615384615384,0.9230769230769231,0.875,True,False,0.07692307692307693,0.5384615384615384,2.0,False
52,unilateral,fixed_schema,0.3627232142857143,0.8984375,0.17857142857142858,0.9642857142857143,0.8333333333333334,True,False,0.07142857142857142,0.14285714285714285,93.0,False
52,bilateral,fixed_schema,0.3627232142857143,0.8984375,0.18415178571428573,0.9698660714285714,0.859375,True,False,0.03571428571428571,0.17857142857142858,93.0,False
52,article_block,fixed_schema,0.3627232142857143,0.8984375,0.25,0.9642857142857143,0.875,True,False,0.03571428571428571,0.25,93.0,False
53,unilateral,active,0.6697638404955478,0.7808749516066589,0.25,0.875,0.6666666666666666,True,False,0.125,0.25,1.0,False
53,bilateral,active,0.6697638404955478,0.7808749516066589,0.8571428571428571,1.0,1.0,False,False,0.0,0.8571428571428571,2.0,False
53,article_block,active,0.6697638404955478,0.7808749516066589,0.0,1.0,,True,False,0.0,0.0,2.0,False
53,unilateral,fixed_schema,0.3172565560242068,0.8962039244452595,0.10526315789473684,0.9473684210526315,0.6666666666666666,True,False,0.05263157894736842,0.10526315789473684,102.0,False
53,bilateral,fixed_schema,0.3172565560242068,0.8962039244452595,0.3157894736842105,1.0,1.0,True,False,0.0,0.3157894736842105,102.0,False
53,article_block,fixed_schema,0.3172565560242068,0.8962039244452595,0.0,1.0,,True,False,0.0,0.0,102.0,False
54,unilateral,active,0.8571428571428571,1.0,0.7142857142857143,1.0,1.0,True,False,0.2857142857142857,0.42857142857142855,0.0,False
54,bilateral,active,0.8571428571428571,1.0,0.4,1.0,1.0,True,False,0.2,0.2,2.0,False
54,article_block,active,0.8571428571428571,1.0,0.4,1.0,1.0,True,False,0.2,0.2,2.0,False
54,unilateral,fixed_schema,0.42857142857142855,1.0,0.35714285714285715,1.0,1.0,True,False,0.14285714285714285,0.21428571428571427,107.0,False
54,bilateral,fixed_schema,0.42857142857142855,1.0,0.14285714285714285,1.0,1.0,True,False,0.07142857142857142,0.07142857142857142,107.0,False
54,article_block,fixed_schema,0.42857142857142855,1.0,0.14285714285714285,1.0,1.0,True,False,0.07142857142857142,0.07142857142857142,107.0,False
55,unilateral,active,0.5168408826945412,0.8501742160278746,0.5168408826945412,0.8501742160278746,0.7752613240418118,True,False,0.5,0.16666666666666666,1.0,False
55,bilateral,active,0.5168408826945412,0.8501742160278746,0.5,1.0,1.0,True,False,0.25,0.25,3.0,False
55,article_block,active,0.5168408826945412,0.8501742160278746,0.25,1.0,1.0,True,False,0.25,0.0,3.0,False
55,unilateral,fixed_schema,0.23854194585901903,0.9308496381667114,0.23854194585901903,0.9308496381667114,0.7752613240418118,True,False,0.23076923076923078,0.07692307692307693,108.0,False
55,bilateral,fixed_schema,0.23854194585901903,0.9308496381667114,0.15384615384615385,1.0,1.0,True,False,0.07692307692307693,0.07692307692307693,108.0,False
55,article_block,fixed_schema,0.23854194585901903,0.9308496381667114,0.07692307692307693,1.0,1.0,True,False,0.07692307692307693,0.0,108.0,False
56,unilateral,active,0.7541811846689896,0.887514518002323,0.08174752077191101,0.9279013669257572,0.5313588850174216,True,False,0.07692307692307693,0.07692307692307693,3.0,False
56,bilateral,active,0.7541811846689896,0.887514518002323,0.5625167515411418,0.8702090592334495,0.8125241966705381,False,False,0.3076923076923077,0.38461538461538464,3.0,False
56,article_block,active,0.7541811846689896,0.887514518002323,0.3333333333333333,1.0,1.0,True,False,0.08333333333333333,0.25,4.0,False
56,unilateral,fixed_schema,0.4713632404181185,0.9296965737514519,0.04427990708478513,0.9609465737514519,0.5313588850174216,True,False,0.041666666666666664,0.041666666666666664,97.0,False
56,bilateral,fixed_schema,0.4713632404181185,0.9296965737514519,0.3046965737514518,0.9296965737514519,0.8125241966705381,True,False,0.16666666666666666,0.20833333333333334,97.0,False
56,article_block,fixed_schema,0.4713632404181185,0.9296965737514519,0.16666666666666666,1.0,1.0,True,False,0.041666666666666664,0.125,97.0,False
57,unilateral,active,0.5362350401454326,0.8405828662323891,0.3510452961672474,0.9510452961672474,0.8776132404181185,True,False,0.05,0.35,3.0,False
57,bilateral,active,0.5362350401454326,0.8405828662323891,0.22697368421052633,0.9638157894736842,0.8625,True,False,0.05263157894736842,0.21052631578947367,4.0,False
57,article_block,active,0.5362350401454326,0.8405828662323891,0.23529411764705882,1.0,1.0,True,False,0.0,0.23529411764705882,6.0,False
57,unilateral,fixed_schema,0.32456331377223546,0.9035106821932881,0.18476068219328812,0.9742343664038144,0.8776132404181185,True,False,0.02631578947368421,0.18421052631578946,83.0,False
57,bilateral,fixed_schema,0.32456331377223546,0.9035106821932881,0.11348684210526316,0.9819078947368421,0.8625,True,False,0.02631578947368421,0.10526315789473684,83.0,False
57,article_block,fixed_schema,0.32456331377223546,0.9035106821932881,0.10526315789473684,1.0,1.0,True,False,0.0,0.10526315789473684,83.0,False
58,unilateral,active,1.0,1.0,0.6153846153846154,1.0,1.0,True,False,0.0,0.6153846153846154,0.0,False
58,bilateral,active,1.0,1.0,0.6153846153846154,1.0,1.0,True,False,0.0,0.6153846153846154,0.0,False
58,article_block,active,1.0,1.0,0.6923076923076923,1.0,1.0,True,False,0.0,0.6923076923076923,0.0,False
58,unilateral,fixed_schema,0.52,1.0,0.32,1.0,1.0,True,False,0.0,0.32,96.0,False
58,bilateral,fixed_schema,0.52,1.0,0.32,1.0,1.0,True,False,0.0,0.32,96.0,False
58,article_block,fixed_schema,0.52,1.0,0.36,1.0,1.0,True,False,0.0,0.36,96.0,False
59,unilateral,active,0.6842105263157895,1.0,0.6842105263157895,1.0,1.0,True,False,0.0,0.6842105263157895,0.0,False
59,bilateral,active,0.6842105263157895,1.0,0.3888888888888889,1.0,1.0,True,False,0.0,0.3888888888888889,1.0,False
59,article_block,active,0.6842105263157895,1.0,0.47368421052631576,1.0,1.0,True,False,0.0,0.47368421052631576,0.0,False
59,unilateral,fixed_schema,0.4642857142857143,1.0,0.4642857142857143,1.0,1.0,True,False,0.0,0.4642857142857143,93.0,False
59,bilateral,fixed_schema,0.4642857142857143,1.0,0.25,1.0,1.0,True,False,0.0,0.25,93.0,False
59,article_block,fixed_schema,0.4642857142857143,1.0,0.32142857142857145,1.0,1.0,True,False,0.0,0.32142857142857145,93.0,False
60,unilateral,active,0.7,1.0,0.5263157894736842,1.0,1.0,True,False,0.0,0.5263157894736842,1.0,False
60,bilateral,active,0.7,1.0,0.5294117647058824,1.0,1.0,True,False,0.058823529411764705,0.47058823529411764,3.0,False
60,article_block,active,0.7,1.0,0.47368421052631576,1.0,1.0,True,False,0.05263157894736842,0.42105263157894735,1.0,False
60,unilateral,fixed_schema,0.4375,1.0,0.3125,1.0,1.0,True,False,0.0,0.3125,89.0,False
60,bilateral,fixed_schema,0.4375,1.0,0.28125,1.0,1.0,True,False,0.03125,0.25,89.0,False
60,article_block,fixed_schema,0.4375,1.0,0.28125,1.0,1.0,True,False,0.03125,0.25,89.0,False
61,unilateral,active,0.4755529465232541,0.866857294349341,0.48355263157894735,0.9046052631578947,0.8352272727272727,False,False,0.21052631578947367,0.3684210526315789,4.0,False
61,bilateral,active,0.4755529465232541,0.866857294349341,0.3333333333333333,0.9166666666666666,0.8,True,False,0.16666666666666666,0.25,11.0,False
61,article_block,active,0.4755529465232541,0.866857294349341,0.3789198606271777,0.8789198606271778,0.7578397212543554,True,False,0.25,0.25,7.0,False
61,unilateral,fixed_schema,0.303825493612079,0.9149366047231902,0.2552083333333333,0.9496527777777778,0.8352272727272727,True,False,0.1111111111111111,0.19444444444444445,85.0,False
61,bilateral,fixed_schema,0.303825493612079,0.9149366047231902,0.1111111111111111,0.9722222222222222,0.8,True,False,0.05555555555555555,0.08333333333333333,85.0,False
61,article_block,fixed_schema,0.303825493612079,0.9149366047231902,0.16840882694541232,0.9461866047231902,0.7578397212543554,True,False,0.1111111111111111,0.1111111111111111,85.0,False
62,unilateral,active,0.8181818181818182,1.0,0.7727272727272727,1.0,1.0,True,False,0.045454545454545456,0.7272727272727273,0.0,False
62,bilateral,active,0.8181818181818182,1.0,0.4,1.0,1.0,True,False,0.05,0.35,2.0,False
62,article_block,active,0.8181818181818182,1.0,0.38095238095238093,1.0,1.0,True,False,0.047619047619047616,0.3333333333333333,1.0,False
62,unilateral,fixed_schema,0.5454545454545454,1.0,0.5151515151515151,1.0,1.0,True,False,0.030303030303030304,0.48484848484848486,88.0,False
62,bilateral,fixed_schema,0.5454545454545454,1.0,0.24242424242424243,1.0,1.0,True,False,0.030303030303030304,0.21212121212121213,88.0,False
62,article_block,fixed_schema,0.5454545454545454,1.0,0.24242424242424243,1.0,1.0,True,False,0.030303030303030304,0.21212121212121213,88.0,False
63,unilateral,active,1.0,1.0,0.9166666666666666,1.0,1.0,True,False,0.0,0.9166666666666666,0.0,False
63,bilateral,active,1.0,1.0,0.4166666666666667,1.0,1.0,True,False,0.0,0.4166666666666667,0.0,False
63,article_block,active,1.0,1.0,0.5833333333333334,1.0,1.0,True,False,0.0,0.5833333333333334,0.0,False
63,unilateral,fixed_schema,0.3870967741935484,1.0,0.3548387096774194,1.0,1.0,True,False,0.0,0.3548387096774194,90.0,False
63,bilateral,fixed_schema,0.3870967741935484,1.0,0.16129032258064516,1.0,1.0,True,False,0.0,0.16129032258064516,90.0,False
63,article_block,fixed_schema,0.3870967741935484,1.0,0.22580645161290322,1.0,1.0,True,False,0.0,0.22580645161290322,90.0,False
64,unilateral,active,0.75,0.95,0.7,1.0,1.0,True,False,0.05,0.65,0.0,False
64,bilateral,active,0.75,0.95,0.3333333333333333,0.9444444444444444,0.8571428571428571,False,False,0.1111111111111111,0.2777777777777778,2.0,False
64,article_block,active,0.75,0.95,0.23529411764705882,1.0,1.0,True,False,0.0,0.23529411764705882,3.0,False
64,unilateral,fixed_schema,0.4411764705882353,0.9705882352941176,0.4117647058823529,1.0,1.0,True,False,0.029411764705882353,0.38235294117647056,87.0,False
64,bilateral,fixed_schema,0.4411764705882353,0.9705882352941176,0.17647058823529413,0.9705882352941176,0.8571428571428571,True,False,0.058823529411764705,0.14705882352941177,87.0,False
64,article_block,fixed_schema,0.4411764705882353,0.9705882352941176,0.11764705882352941,1.0,1.0,True,False,0.0,0.11764705882352941,87.0,False
65,unilateral,active,0.7630662020905923,0.9630662020905923,0.5448606271777003,0.961527293844367,0.9340467894474863,False,False,0.08333333333333333,0.5,1.0,False
65,bilateral,active,0.7630662020905923,0.9630662020905923,0.5652173913043478,1.0,1.0,True,False,0.0,0.5652173913043478,2.0,False
65,article_block,active,0.7630662020905923,0.9630662020905923,0.32,1.0,1.0,True,False,0.0,0.32,0.0,False
65,unilateral,fixed_schema,0.5780804561292366,0.9720198500686307,0.3962622743110548,0.9720198500686307,0.9340467894474863,True,False,0.06060606060606061,0.36363636363636365,88.0,False
65,bilateral,fixed_schema,0.5780804561292366,0.9720198500686307,0.3939393939393939,1.0,1.0,True,False,0.0,0.3939393939393939,88.0,False
65,article_block,fixed_schema,0.5780804561292366,0.9720198500686307,0.24242424242424243,1.0,1.0,True,False,0.0,0.24242424242424243,88.0,False
66,unilateral,active,0.2,1.0,0.2,1.0,1.0,True,False,0.2,0.0,0.0,False
66,bilateral,active,0.2,1.0,0.0,1.0,,True,False,0.0,0.0,2.0,False
66,article_block,active,0.2,1.0,0.0,1.0,,True,False,0.0,0.0,2.0,False
66,unilateral,fixed_schema,0.16666666666666666,1.0,0.16666666666666666,1.0,1.0,True,False,0.16666666666666666,0.0,115.0,False
66,bilateral,fixed_schema,0.16666666666666666,1.0,0.0,1.0,,True,False,0.0,0.0,115.0,False
66,article_block,fixed_schema,0.16666666666666666,1.0,0.0,1.0,,True,False,0.0,0.0,115.0,False
67,unilateral,active,0.7857142857142857,1.0,0.6428571428571429,1.0,1.0,True,False,0.0,0.6428571428571429,0.0,False
67,bilateral,active,0.7857142857142857,1.0,0.2727272727272727,1.0,1.0,True,False,0.0,0.2727272727272727,3.0,False
67,article_block,active,0.7857142857142857,1.0,0.6666666666666666,1.0,1.0,True,False,0.0,0.6666666666666666,2.0,False
67,unilateral,fixed_schema,0.3793103448275862,1.0,0.3103448275862069,1.0,1.0,True,False,0.0,0.3103448275862069,92.0,False
67,bilateral,fixed_schema,0.3793103448275862,1.0,0.10344827586206896,1.0,1.0,True,False,0.0,0.10344827586206896,92.0,False
67,article_block,fixed_schema,0.3793103448275862,1.0,0.27586206896551724,1.0,1.0,True,False,0.0,0.27586206896551724,92.0,False
68,unilateral,active,0.5714285714285714,1.0,0.42857142857142855,1.0,1.0,True,False,0.0,0.42857142857142855,0.0,False
68,bilateral,active,0.5714285714285714,1.0,0.5,1.0,1.0,True,False,0.0,0.5,3.0,False
68,article_block,active,0.5714285714285714,1.0,0.2,1.0,1.0,True,False,0.0,0.2,2.0,False
68,unilateral,fixed_schema,0.2857142857142857,1.0,0.21428571428571427,1.0,1.0,True,False,0.0,0.21428571428571427,107.0,False
68,bilateral,fixed_schema,0.2857142857142857,1.0,0.14285714285714285,1.0,1.0,True,False,0.0,0.14285714285714285,107.0,False
68,article_block,fixed_schema,0.2857142857142857,1.0,0.07142857142857142,1.0,1.0,True,False,0.0,0.07142857142857142,107.0,False
69,unilateral,active,0.875,1.0,1.0,1.0,1.0,False,True,0.0,1.0,1.0,False
69,bilateral,active,0.875,1.0,0.75,1.0,1.0,True,False,0.0,0.75,0.0,False
69,article_block,active,0.875,1.0,0.5,1.0,1.0,True,False,0.0,0.5,0.0,False
69,unilateral,fixed_schema,0.30434782608695654,1.0,0.30434782608695654,1.0,1.0,True,False,0.0,0.30434782608695654,98.0,False
69,bilateral,fixed_schema,0.30434782608695654,1.0,0.2608695652173913,1.0,1.0,True,False,0.0,0.2608695652173913,98.0,False
69,article_block,fixed_schema,0.30434782608695654,1.0,0.17391304347826086,1.0,1.0,True,False,0.0,0.17391304347826086,98.0,False
70,unilateral,active,0.556987998451413,0.945876887340302,0.4444444444444444,1.0,1.0,True,False,0.05555555555555555,0.3888888888888889,0.0,False
70,bilateral,active,0.556987998451413,0.945876887340302,0.2727272727272727,1.0,1.0,True,False,0.0,0.2727272727272727,7.0,False
70,article_block,active,0.556987998451413,0.945876887340302,0.35714285714285715,1.0,1.0,True,False,0.0,0.35714285714285715,4.0,False
70,unilateral,fixed_schema,0.37132533230094206,0.9639179248935347,0.2962962962962963,1.0,1.0,True,False,0.037037037037037035,0.25925925925925924,94.0,False
70,bilateral,fixed_schema,0.37132533230094206,0.9639179248935347,0.1111111111111111,1.0,1.0,True,False,0.0,0.1111111111111111,94.0,False
70,article_block,fixed_schema,0.37132533230094206,0.9639179248935347,0.18518518518518517,1.0,1.0,True,False,0.0,0.18518518518518517,94.0,False
71,unilateral,active,0.723566606520657,0.9021380350920856,0.3943255350920856,0.9300398208063713,0.8493165371214152,True,False,0.10714285714285714,0.35714285714285715,0.0,False
71,bilateral,active,0.723566606520657,0.9021380350920856,0.4583333333333333,1.0,1.0,True,False,0.041666666666666664,0.4166666666666667,4.0,False
71,article_block,active,0.723566606520657,0.9021380350920856,0.41837979094076655,0.9183797909407665,0.8367595818815331,True,False,0.08333333333333333,0.4166666666666667,4.0,False
71,unilateral,fixed_schema,0.4134666322975183,0.9440788771954776,0.2253288771954775,0.9600227547464979,0.8493165371214152,True,False,0.061224489795918366,0.20408163265306123,72.0,False
71,bilateral,fixed_schema,0.4134666322975183,0.9440788771954776,0.22448979591836735,1.0,1.0,True,False,0.02040816326530612,0.20408163265306123,72.0,False
71,article_block,fixed_schema,0.4134666322975183,0.9440788771954776,0.2049207139301714,0.9600227547464979,0.8367595818815331,True,False,0.04081632653061224,0.20408163265306123,72.0,False
72,unilateral,active,0.5989696755226481,0.8489696755226481,0.3020833333333333,0.9020833333333333,0.7552083333333334,True,False,0.2,0.2,1.0,False
72,bilateral,active,0.5989696755226481,0.8489696755226481,0.5034843205574913,0.9034843205574913,0.8391405342624855,True,False,0.2,0.4,1.0,False
72,article_block,active,0.5989696755226481,0.8489696755226481,0.38461538461538464,1.0,1.0,True,False,0.0,0.38461538461538464,3.0,False
72,unilateral,fixed_schema,0.29948483776132406,0.9244848377613241,0.1416015625,0.9541015625,0.7552083333333334,True,False,0.09375,0.09375,89.0,False
72,bilateral,fixed_schema,0.29948483776132406,0.9244848377613241,0.23600827526132404,0.9547582752613241,0.8391405342624855,True,False,0.09375,0.1875,89.0,False
72,article_block,fixed_schema,0.29948483776132406,0.9244848377613241,0.15625,1.0,1.0,True,False,0.0,0.15625,89.0,False
73,unilateral,active,0.75,0.8333333333333334,0.5833333333333334,0.9166666666666666,0.875,True,False,0.08333333333333333,0.5833333333333334,0.0,False
73,bilateral,active,0.75,0.8333333333333334,0.4166666666666667,1.0,1.0,True,False,0.0,0.4166666666666667,0.0,False
73,article_block,active,0.75,0.8333333333333334,0.5833333333333334,0.9166666666666666,0.875,True,False,0.08333333333333333,0.5833333333333334,0.0,False
73,unilateral,fixed_schema,0.3333333333333333,0.9259259259259259,0.25925925925925924,0.9629629629629629,0.875,True,False,0.037037037037037035,0.25925925925925924,94.0,False
73,bilateral,fixed_schema,0.3333333333333333,0.9259259259259259,0.18518518518518517,1.0,1.0,True,False,0.0,0.18518518518518517,94.0,False
73,article_block,fixed_schema,0.3333333333333333,0.9259259259259259,0.25925925925925924,0.9629629629629629,0.875,True,False,0.037037037037037035,0.25925925925925924,94.0,False
74,unilateral,active,0.6153846153846154,0.9230769230769231,0.38461538461538464,1.0,1.0,True,False,0.0,0.38461538461538464,0.0,False
74,bilateral,active,0.6153846153846154,0.9230769230769231,0.7,1.0,1.0,False,True,0.0,0.7,3.0,False
74,article_block,active,0.6153846153846154,0.9230769230769231,0.18181818181818182,1.0,1.0,True,False,0.0,0.18181818181818182,2.0,False
74,unilateral,fixed_schema,0.38095238095238093,0.9523809523809523,0.23809523809523808,1.0,1.0,True,False,0.0,0.23809523809523808,100.0,False
74,bilateral,fixed_schema,0.38095238095238093,0.9523809523809523,0.3333333333333333,1.0,1.0,True,False,0.0,0.3333333333333333,100.0,False
74,article_block,fixed_schema,0.38095238095238093,0.9523809523809523,0.09523809523809523,1.0,1.0,True,False,0.0,0.09523809523809523,100.0,False
75,unilateral,active,1.0,1.0,0.7333333333333333,1.0,1.0,True,False,0.0,0.7333333333333333,0.0,False
75,bilateral,active,1.0,1.0,0.2,1.0,1.0,True,False,0.0,0.2,0.0,False
75,article_block,active,1.0,1.0,0.6,1.0,1.0,True,False,0.0,0.6,0.0,False
75,unilateral,fixed_schema,0.4411764705882353,1.0,0.3235294117647059,1.0,1.0,True,False,0.0,0.3235294117647059,87.0,False
75,bilateral,fixed_schema,0.4411764705882353,1.0,0.08823529411764706,1.0,1.0,True,False,0.0,0.08823529411764706,87.0,False
75,article_block,fixed_schema,0.4411764705882353,1.0,0.2647058823529412,1.0,1.0,True,False,0.0,0.2647058823529412,87.0,False
76,unilateral,active,0.7241379310344828,0.9655172413793104,0.4827586206896552,0.9655172413793104,0.9333333333333333,True,False,0.06896551724137931,0.4482758620689655,0.0,False
76,bilateral,active,0.7241379310344828,0.9655172413793104,0.2692307692307692,0.9615384615384616,0.875,False,False,0.07692307692307693,0.23076923076923078,3.0,False
76,article_block,active,0.7241379310344828,0.9655172413793104,0.32,1.0,1.0,True,False,0.04,0.28,4.0,False
76,unilateral,fixed_schema,0.4772727272727273,0.9772727272727273,0.3181818181818182,0.9772727272727273,0.9333333333333333,True,False,0.045454545454545456,0.29545454545454547,77.0,False
76,bilateral,fixed_schema,0.4772727272727273,0.9772727272727273,0.1590909090909091,0.9772727272727273,0.875,True,False,0.045454545454545456,0.13636363636363635,77.0,False
76,article_block,fixed_schema,0.4772727272727273,0.9772727272727273,0.18181818181818182,1.0,1.0,True,False,0.022727272727272728,0.1590909090909091,77.0,False
77,unilateral,active,0.5833333333333334,1.0,0.6666666666666666,1.0,1.0,False,True,0.0,0.6666666666666666,3.0,False
77,bilateral,active,0.5833333333333334,1.0,0.4444444444444444,1.0,1.0,True,False,0.1111111111111111,0.3333333333333333,3.0,False
77,article_block,active,0.5833333333333334,1.0,0.2222222222222222,1.0,1.0,True,False,0.0,0.2222222222222222,3.0,False
77,unilateral,fixed_schema,0.5,1.0,0.42857142857142855,1.0,1.0,True,False,0.0,0.42857142857142855,107.0,False
77,bilateral,fixed_schema,0.5,1.0,0.2857142857142857,1.0,1.0,True,False,0.07142857142857142,0.21428571428571427,107.0,False
77,article_block,fixed_schema,0.5,1.0,0.14285714285714285,1.0,1.0,True,False,0.0,0.14285714285714285,107.0,False
78,unilateral,active,0.6666666666666666,1.0,0.45454545454545453,1.0,1.0,True,False,0.09090909090909091,0.36363636363636365,1.0,False
78,bilateral,active,0.6666666666666666,1.0,0.4,1.0,1.0,True,False,0.1,0.3,2.0,False
78,article_block,active,0.6666666666666666,1.0,0.4444444444444444,1.0,1.0,True,False,0.0,0.4444444444444444,3.0,False
78,unilateral,fixed_schema,0.34782608695652173,1.0,0.21739130434782608,1.0,1.0,True,False,0.043478260869565216,0.17391304347826086,98.0,False
78,bilateral,fixed_schema,0.34782608695652173,1.0,0.17391304347826086,1.0,1.0,True,False,0.043478260869565216,0.13043478260869565,98.0,False
78,article_block,fixed_schema,0.34782608695652173,1.0,0.17391304347826086,1.0,1.0,True,False,0.0,0.17391304347826086,98.0,False
79,unilateral,active,1.0,1.0,1.0,1.0,1.0,True,False,0.0,1.0,0.0,False
79,bilateral,active,1.0,1.0,0.5,1.0,1.0,True,False,0.0,0.5,0.0,False
79,article_block,active,1.0,1.0,1.0,1.0,1.0,True,False,0.0,1.0,0.0,False
79,unilateral,fixed_schema,0.14285714285714285,1.0,0.14285714285714285,1.0,1.0,True,False,0.0,0.14285714285714285,107.0,False
79,bilateral,fixed_schema,0.14285714285714285,1.0,0.07142857142857142,1.0,1.0,True,False,0.0,0.07142857142857142,107.0,False
79,article_block,fixed_schema,0.14285714285714285,1.0,0.14285714285714285,1.0,1.0,True,False,0.0,0.14285714285714285,107.0,False
80,unilateral,active,0.5625,0.9910714285714286,0.4,1.0,1.0,True,False,0.0,0.4,3.0,False
80,bilateral,active,0.5625,0.9910714285714286,0.2767857142857143,0.9910714285714286,0.96875,True,False,0.14285714285714285,0.14285714285714285,1.0,False
80,article_block,active,0.5625,0.9910714285714286,0.4,1.0,1.0,True,False,0.0,0.4,3.0,False
80,unilateral,fixed_schema,0.24609375,0.99609375,0.125,1.0,1.0,True,False,0.0,0.125,105.0,False
80,bilateral,fixed_schema,0.24609375,0.99609375,0.12109375,0.99609375,0.96875,True,False,0.0625,0.0625,105.0,False
80,article_block,fixed_schema,0.24609375,0.99609375,0.125,1.0,1.0,True,False,0.0,0.125,105.0,False
81,unilateral,active,0.4583405923344948,0.7583405923344948,0.21710526315789475,0.9013157894736842,0.6875,True,False,0.10526315789473684,0.21052631578947367,1.0,False
81,bilateral,active,0.4583405923344948,0.7583405923344948,0.3333333333333333,0.8333333333333334,0.6666666666666666,True,False,0.25,0.25,8.0,False
81,article_block,active,0.4583405923344948,0.7583405923344948,0.3076923076923077,0.8461538461538461,0.6666666666666666,True,False,0.3076923076923077,0.15384615384615385,7.0,False
81,unilateral,fixed_schema,0.2412318907023657,0.8728108380707867,0.10855263157894737,0.9506578947368421,0.6875,True,False,0.05263157894736842,0.10526315789473684,83.0,False
81,bilateral,fixed_schema,0.2412318907023657,0.8728108380707867,0.10526315789473684,0.9473684210526315,0.6666666666666666,True,False,0.07894736842105263,0.07894736842105263,83.0,False
81,article_block,fixed_schema,0.2412318907023657,0.8728108380707867,0.10526315789473684,0.9473684210526315,0.6666666666666666,True,False,0.10526315789473684,0.05263157894736842,83.0,False
82,unilateral,active,0.8333333333333334,1.0,0.3333333333333333,1.0,1.0,True,False,0.0,0.3333333333333333,0.0,False
82,bilateral,active,0.8333333333333334,1.0,0.3333333333333333,1.0,1.0,True,False,0.0,0.3333333333333333,0.0,False
82,article_block,active,0.8333333333333334,1.0,0.5,1.0,1.0,True,False,0.0,0.5,0.0,False
82,unilateral,fixed_schema,0.625,1.0,0.25,1.0,1.0,True,False,0.0,0.25,113.0,False
82,bilateral,fixed_schema,0.625,1.0,0.25,1.0,1.0,True,False,0.0,0.25,113.0,False
82,article_block,fixed_schema,0.625,1.0,0.375,1.0,1.0,True,False,0.0,0.375,113.0,False
83,unilateral,active,0.7584385888501742,0.9251052555168409,0.2727272727272727,1.0,1.0,True,False,0.0,0.2727272727272727,1.0,False
83,bilateral,active,0.7584385888501742,0.9251052555168409,0.5555555555555556,1.0,1.0,True,False,0.0,0.5555555555555556,3.0,False
83,article_block,active,0.7584385888501742,0.9251052555168409,0.5397727272727273,0.9943181818181818,0.9895833333333334,True,False,0.09090909090909091,0.45454545454545453,1.0,False
83,unilateral,fixed_schema,0.3250451095072175,0.9679022523643603,0.10714285714285714,1.0,1.0,True,False,0.0,0.10714285714285714,93.0,False
83,bilateral,fixed_schema,0.3250451095072175,0.9679022523643603,0.17857142857142858,1.0,1.0,True,False,0.0,0.17857142857142858,93.0,False
83,article_block,fixed_schema,0.3250451095072175,0.9679022523643603,0.21205357142857142,0.9977678571428571,0.9895833333333334,True,False,0.03571428571428571,0.17857142857142858,93.0,False
84,unilateral,active,0.4134545586527294,0.6634545586527294,0.44535951853025024,0.8089958821666138,0.6998506719761075,False,False,0.2727272727272727,0.36363636363636365,1.0,False
84,bilateral,active,0.4134545586527294,0.6634545586527294,0.17831406398479568,0.6328595185302502,0.32690911730545874,False,False,0.45454545454545453,0.09090909090909091,1.0,False
84,article_block,active,0.4134545586527294,0.6634545586527294,0.36363636363636365,1.0,1.0,True,False,0.0,0.36363636363636365,1.0,False
84,unilateral,fixed_schema,0.26112919493856596,0.7874449844122501,0.2578397212543554,0.8894186686227765,0.6998506719761075,True,False,0.15789473684210525,0.21052631578947367,102.0,False
84,bilateral,fixed_schema,0.26112919493856596,0.7874449844122501,0.10323445809646066,0.7874449844122501,0.32690911730545874,True,False,0.2631578947368421,0.05263157894736842,102.0,False
84,article_block,fixed_schema,0.26112919493856596,0.7874449844122501,0.21052631578947367,1.0,1.0,True,False,0.0,0.21052631578947367,102.0,False
85,unilateral,active,0.8461538461538461,0.9230769230769231,0.38461538461538464,0.9230769230769231,0.8333333333333334,True,False,0.07692307692307693,0.38461538461538464,0.0,False
85,bilateral,active,0.8461538461538461,0.9230769230769231,0.3333333333333333,1.0,1.0,True,False,0.0,0.3333333333333333,1.0,False
85,article_block,active,0.8461538461538461,0.9230769230769231,0.46153846153846156,0.9230769230769231,0.8571428571428571,True,False,0.07692307692307693,0.46153846153846156,0.0,False
85,unilateral,fixed_schema,0.36666666666666664,0.9666666666666667,0.16666666666666666,0.9666666666666667,0.8333333333333334,True,False,0.03333333333333333,0.16666666666666666,91.0,False
85,bilateral,fixed_schema,0.36666666666666664,0.9666666666666667,0.13333333333333333,1.0,1.0,True,False,0.0,0.13333333333333333,91.0,False
85,article_block,fixed_schema,0.36666666666666664,0.9666666666666667,0.2,0.9666666666666667,0.8571428571428571,True,False,0.03333333333333333,0.2,91.0,False
86,unilateral,active,0.846044362867098,0.8817586485813838,0.6450892857142857,0.9308035714285714,0.903125,True,False,0.07142857142857142,0.6428571428571429,0.0,False
86,bilateral,active,0.846044362867098,0.8817586485813838,0.32142857142857145,1.0,1.0,True,False,0.0,0.32142857142857145,0.0,False
86,article_block,active,0.846044362867098,0.8817586485813838,0.38461538461538464,1.0,1.0,True,False,0.0,0.38461538461538464,2.0,False
86,unilateral,fixed_schema,0.43868966963479156,0.9386896696347916,0.33449074074074076,0.9641203703703703,0.903125,True,False,0.037037037037037035,0.3333333333333333,67.0,False
86,bilateral,fixed_schema,0.43868966963479156,0.9386896696347916,0.16666666666666666,1.0,1.0,True,False,0.0,0.16666666666666666,67.0,False
86,article_block,fixed_schema,0.43868966963479156,0.9386896696347916,0.18518518518518517,1.0,1.0,True,False,0.0,0.18518518518518517,67.0,False
87,unilateral,active,0.7050414181854732,0.9358106489547039,0.7187890625,0.9687890625,0.9583854166666667,False,False,0.08333333333333333,0.6666666666666666,2.0,False
87,bilateral,active,0.7050414181854732,0.9358106489547039,0.34782608695652173,1.0,1.0,True,False,0.0,0.34782608695652173,3.0,False
87,article_block,active,0.7050414181854732,0.9358106489547039,0.3181818181818182,1.0,1.0,True,False,0.045454545454545456,0.2727272727272727,4.0,False
87,unilateral,fixed_schema,0.5554871779643121,0.949426571903706,0.5227556818181818,0.9773011363636364,0.9583854166666667,True,False,0.06060606060606061,0.48484848484848486,88.0,False
87,bilateral,fixed_schema,0.5554871779643121,0.949426571903706,0.24242424242424243,1.0,1.0,True,False,0.0,0.24242424242424243,88.0,False
87,article_block,fixed_schema,0.5554871779643121,0.949426571903706,0.21212121212121213,1.0,1.0,True,False,0.030303030303030304,0.18181818181818182,88.0,False
88,unilateral,active,0.6666666666666666,1.0,0.6666666666666666,1.0,1.0,True,False,0.08333333333333333,0.5833333333333334,0.0,False
88,bilateral,active,0.6666666666666666,1.0,0.25,1.0,1.0,True,False,0.0,0.25,4.0,False
88,article_block,active,0.6666666666666666,1.0,0.5555555555555556,1.0,1.0,True,False,0.1111111111111111,0.4444444444444444,3.0,False
88,unilateral,fixed_schema,0.32,1.0,0.32,1.0,1.0,True,False,0.04,0.28,96.0,False
88,bilateral,fixed_schema,0.32,1.0,0.08,1.0,1.0,True,False,0.0,0.08,96.0,False
88,article_block,fixed_schema,0.32,1.0,0.2,1.0,1.0,True,False,0.04,0.16,96.0,False
89,unilateral,active,0.6296296296296297,1.0,0.5555555555555556,1.0,1.0,True,False,0.0,0.5555555555555556,0.0,False
89,bilateral,active,0.6296296296296297,1.0,0.5416666666666666,1.0,1.0,True,False,0.0,0.5416666666666666,3.0,False
89,article_block,active,0.6296296296296297,1.0,0.38461538461538464,1.0,1.0,True,False,0.0,0.38461538461538464,1.0,False
89,unilateral,fixed_schema,0.4722222222222222,1.0,0.4166666666666667,1.0,1.0,True,False,0.0,0.4166666666666667,85.0,False
89,bilateral,fixed_schema,0.4722222222222222,1.0,0.3611111111111111,1.0,1.0,True,False,0.0,0.3611111111111111,85.0,False
89,article_block,fixed_schema,0.4722222222222222,1.0,0.2777777777777778,1.0,1.0,True,False,0.0,0.2777777777777778,85.0,False
90,unilateral,active,0.7769913859852884,0.8881024970963995,0.5590277777777778,0.8923611111111112,0.8385416666666666,True,False,0.1111111111111111,0.5555555555555556,0.0,False
90,bilateral,active,0.7769913859852884,0.8881024970963995,0.6202090592334495,0.9952090592334495,0.9923344947735192,True,False,0.125,0.5,1.0,False
90,article_block,active,0.7769913859852884,0.8881024970963995,0.375,1.0,1.0,True,False,0.0,0.375,1.0,False
90,unilateral,fixed_schema,0.3496461236933798,0.9496461236933798,0.2515625,0.9515625,0.8385416666666666,True,False,0.05,0.25,101.0,False
90,bilateral,fixed_schema,0.3496461236933798,0.9496461236933798,0.2480836236933798,0.9980836236933797,0.9923344947735192,True,False,0.05,0.2,101.0,False
90,article_block,fixed_schema,0.3496461236933798,0.9496461236933798,0.15,1.0,1.0,True,False,0.0,0.15,101.0,False
91,unilateral,active,0.8848684210526315,0.9901315789473685,0.8784722222222222,0.9895833333333334,0.98828125,False,False,0.05555555555555555,0.8333333333333334,2.0,False
91,bilateral,active,0.8848684210526315,0.9901315789473685,0.5,1.0,1.0,True,False,0.0,0.5,4.0,False
91,article_block,active,0.8848684210526315,0.9901315789473685,0.6111111111111112,1.0,1.0,True,False,0.05555555555555555,0.5555555555555556,2.0,False
91,unilateral,fixed_schema,0.48035714285714287,0.9946428571428572,0.4517857142857143,0.9946428571428572,0.98828125,True,False,0.02857142857142857,0.42857142857142855,86.0,False
91,bilateral,fixed_schema,0.48035714285714287,0.9946428571428572,0.22857142857142856,1.0,1.0,True,False,0.0,0.22857142857142856,86.0,False
91,article_block,fixed_schema,0.48035714285714287,0.9946428571428572,0.3142857142857143,1.0,1.0,True,False,0.02857142857142857,0.2857142857142857,86.0,False
92,unilateral,active,0.644122931184669,0.894122931184669,0.5333333333333333,1.0,1.0,True,False,0.0,0.5333333333333333,1.0,False
92,bilateral,active,0.644122931184669,0.894122931184669,0.18181818181818182,1.0,1.0,True,False,0.0,0.18181818181818182,5.0,False
92,article_block,active,0.644122931184669,0.894122931184669,0.44921875,0.94921875,0.8984375,True,False,0.0625,0.4375,0.0,False
92,unilateral,fixed_schema,0.3435322299651568,0.9435322299651568,0.26666666666666666,1.0,1.0,True,False,0.0,0.26666666666666666,91.0,False
92,bilateral,fixed_schema,0.3435322299651568,0.9435322299651568,0.06666666666666667,1.0,1.0,True,False,0.0,0.06666666666666667,91.0,False
92,article_block,fixed_schema,0.3435322299651568,0.9435322299651568,0.23958333333333334,0.9729166666666667,0.8984375,True,False,0.03333333333333333,0.23333333333333334,91.0,False
93,unilateral,active,1.0,1.0,0.6666666666666666,1.0,1.0,True,False,0.0,0.6666666666666666,0.0,False
93,bilateral,active,1.0,1.0,0.4444444444444444,1.0,1.0,True,False,0.0,0.4444444444444444,0.0,False
93,article_block,active,1.0,1.0,0.8888888888888888,1.0,1.0,True,False,0.0,0.8888888888888888,0.0,False
93,unilateral,fixed_schema,0.5625,1.0,0.375,1.0,1.0,True,False,0.0,0.375,105.0,False
93,bilateral,fixed_schema,0.5625,1.0,0.25,1.0,1.0,True,False,0.0,0.25,105.0,False
93,article_block,fixed_schema,0.5625,1.0,0.5,1.0,1.0,True,False,0.0,0.5,105.0,False
94,unilateral,active,0.7058823529411765,1.0,0.7142857142857143,1.0,1.0,False,True,0.0,0.7142857142857143,3.0,False
94,bilateral,active,0.7058823529411765,1.0,0.5714285714285714,1.0,1.0,True,False,0.0,0.5714285714285714,3.0,False
94,article_block,active,0.7058823529411765,1.0,0.4666666666666667,1.0,1.0,True,False,0.0,0.4666666666666667,2.0,False
94,unilateral,fixed_schema,0.48,1.0,0.4,1.0,1.0,True,False,0.0,0.4,96.0,False
94,bilateral,fixed_schema,0.48,1.0,0.32,1.0,1.0,True,False,0.0,0.32,96.0,False
94,article_block,fixed_schema,0.48,1.0,0.28,1.0,1.0,True,False,0.0,0.28,96.0,False
95,unilateral,active,0.8666666666666667,1.0,0.7333333333333333,1.0,1.0,True,False,0.06666666666666667,0.6666666666666666,0.0,False
95,bilateral,active,0.8666666666666667,1.0,0.5714285714285714,1.0,1.0,True,False,0.0,0.5714285714285714,1.0,False
95,article_block,active,0.8666666666666667,1.0,0.4666666666666667,1.0,1.0,True,False,0.06666666666666667,0.4,0.0,False
95,unilateral,fixed_schema,0.3939393939393939,1.0,0.3333333333333333,1.0,1.0,True,False,0.030303030303030304,0.30303030303030304,88.0,False
95,bilateral,fixed_schema,0.3939393939393939,1.0,0.24242424242424243,1.0,1.0,True,False,0.0,0.24242424242424243,88.0,False
95,article_block,fixed_schema,0.3939393939393939,1.0,0.21212121212121213,1.0,1.0,True,False,0.030303030303030304,0.18181818181818182,88.0,False
96,unilateral,active,0.559375,0.959375,0.2777777777777778,1.0,1.0,True,False,0.0,0.2777777777777778,2.0,False
96,bilateral,active,0.559375,0.959375,0.3333333333333333,1.0,1.0,True,False,0.0,0.3333333333333333,2.0,False
96,article_block,active,0.559375,0.959375,0.375,1.0,1.0,True,False,0.0,0.375,4.0,False
96,unilateral,fixed_schema,0.39955357142857145,0.9709821428571429,0.17857142857142858,1.0,1.0,True,False,0.0,0.17857142857142858,93.0,False
96,bilateral,fixed_schema,0.39955357142857145,0.9709821428571429,0.21428571428571427,1.0,1.0,True,False,0.0,0.21428571428571427,93.0,False
96,article_block,fixed_schema,0.39955357142857145,0.9709821428571429,0.21428571428571427,1.0,1.0,True,False,0.0,0.21428571428571427,93.0,False
97,unilateral,active,0.8,1.0,0.4,1.0,1.0,True,False,0.0,0.4,0.0,False
97,bilateral,active,0.8,1.0,0.6,1.0,1.0,True,False,0.0,0.6,0.0,False
97,article_block,active,0.8,1.0,0.6,1.0,1.0,True,False,0.0,0.6,0.0,False
97,unilateral,fixed_schema,0.2222222222222222,1.0,0.1111111111111111,1.0,1.0,True,False,0.0,0.1111111111111111,103.0,False
97,bilateral,fixed_schema,0.2222222222222222,1.0,0.16666666666666666,1.0,1.0,True,False,0.0,0.16666666666666666,103.0,False
97,article_block,fixed_schema,0.2222222222222222,1.0,0.16666666666666666,1.0,1.0,True,False,0.0,0.16666666666666666,103.0,False
98,unilateral,active,0.5522648083623694,0.8022648083623694,0.5522648083623694,0.8022648083623694,0.7363530778164925,True,False,0.25,0.5,0.0,False
98,bilateral,active,0.5522648083623694,0.8022648083623694,0.06968641114982578,0.7363530778164925,0.20905923344947736,False,False,0.3333333333333333,0.0,1.0,False
98,article_block,active,0.5522648083623694,0.8022648083623694,0.5,1.0,1.0,True,False,0.0,0.5,0.0,False
98,unilateral,fixed_schema,0.22090592334494774,0.9209059233449477,0.22090592334494774,0.9209059233449477,0.7363530778164925,True,False,0.1,0.2,111.0,False
98,bilateral,fixed_schema,0.22090592334494774,0.9209059233449477,0.020905923344947737,0.9209059233449477,0.20905923344947736,True,False,0.1,0.0,111.0,False
98,article_block,fixed_schema,0.22090592334494774,0.9209059233449477,0.2,1.0,1.0,True,False,0.0,0.2,111.0,False
99,unilateral,active,1.0,1.0,0.4,1.0,1.0,True,False,0.0,0.4,0.0,False
99,bilateral,active,1.0,1.0,0.6,1.0,1.0,True,False,0.0,0.6,0.0,False
99,article_block,active,1.0,1.0,0.6,1.0,1.0,True,False,0.0,0.6,0.0,False
99,unilateral,fixed_schema,0.2777777777777778,1.0,0.1111111111111111,1.0,1.0,True,False,0.0,0.1111111111111111,103.0,False
99,bilateral,fixed_schema,0.2777777777777778,1.0,0.16666666666666666,1.0,1.0,True,False,0.0,0.16666666666666666,103.0,False
99,article_block,fixed_schema,0.2777777777777778,1.0,0.16666666666666666,1.0,1.0,True,False,0.0,0.16666666666666666,103.0,False
100,unilateral,active,1.0,1.0,0.6666666666666666,1.0,1.0,True,False,0.0,0.6666666666666666,0.0,False
100,bilateral,active,1.0,1.0,0.8333333333333334,1.0,1.0,True,False,0.0,0.8333333333333334,0.0,False
100,article_block,active,1.0,1.0,0.5,1.0,1.0,True,False,0.0,0.5,0.0,False
100,unilateral,fixed_schema,0.75,1.0,0.5,1.0,1.0,True,False,0.0,0.5,113.0,False
100,bilateral,fixed_schema,0.75,1.0,0.625,1.0,1.0,True,False,0.0,0.625,113.0,False
100,article_block,fixed_schema,0.75,1.0,0.375,1.0,1.0,True,False,0.0,0.375,113.0,False
101,unilateral,active,0.6242733485619808,0.8550425793312115,0.31658104086967315,0.8550425793312115,0.6859255885509584,True,False,0.15384615384615385,0.3076923076923077,0.0,False
101,bilateral,active,0.6242733485619808,0.8550425793312115,0.4114856667194252,0.9114856667194251,0.8229713334388504,True,False,0.2,0.3,3.0,False
101,article_block,active,0.6242733485619808,0.8550425793312115,0.36363636363636365,1.0,1.0,True,False,0.0,0.36363636363636365,2.0,False
101,unilateral,fixed_schema,0.38645493006217857,0.9102644538717024,0.19597873958598813,0.9102644538717024,0.6859255885509584,True,False,0.09523809523809523,0.19047619047619047,100.0,False
101,bilateral,fixed_schema,0.38645493006217857,0.9102644538717024,0.1959455555806787,0.9578503174854406,0.8229713334388504,True,False,0.09523809523809523,0.14285714285714285,100.0,False
101,article_block,fixed_schema,0.38645493006217857,0.9102644538717024,0.19047619047619047,1.0,1.0,True,False,0.0,0.19047619047619047,100.0,False
102,unilateral,active,0.47757352941176473,0.9481617647058823,0.42857142857142855,1.0,1.0,True,False,0.07142857142857142,0.35714285714285715,3.0,False
102,bilateral,active,0.47757352941176473,0.9481617647058823,0.21428571428571427,1.0,1.0,True,False,0.0,0.21428571428571427,3.0,False
102,article_block,active,0.47757352941176473,0.9481617647058823,0.39375000000000004,0.9322115384615385,0.853125,False,False,0.07692307692307693,0.38461538461538464,4.0,False
102,unilateral,fixed_schema,0.30069444444444443,0.967361111111111,0.2222222222222222,1.0,1.0,True,False,0.037037037037037035,0.18518518518518517,94.0,False
102,bilateral,fixed_schema,0.30069444444444443,0.967361111111111,0.1111111111111111,1.0,1.0,True,False,0.0,0.1111111111111111,94.0,False
102,article_block,fixed_schema,0.30069444444444443,0.967361111111111,0.18958333333333335,0.967361111111111,0.853125,True,False,0.037037037037037035,0.18518518518518517,94.0,False
103,unilateral,active,0.2372978912250869,0.3801550340822298,0.1875,0.7589285714285714,0.4375,True,False,0.42857142857142855,0.0,0.0,False
103,bilateral,active,0.2372978912250869,0.3801550340822298,0.005807200929152149,0.3391405342624855,0.008710801393728223,False,False,0.6666666666666666,0.0,4.0,False
103,article_block,active,0.2372978912250869,0.3801550340822298,0.0,1.0,,True,False,0.0,0.0,2.0,False
103,unilateral,fixed_schema,0.1277757875827391,0.6662373260442777,0.10096153846153846,0.8701923076923077,0.4375,True,False,0.23076923076923078,0.0,108.0,False
103,bilateral,fixed_schema,0.1277757875827391,0.6662373260442777,0.0013401232913428035,0.847493969445189,0.008710801393728223,True,False,0.15384615384615385,0.0,108.0,False
103,article_block,fixed_schema,0.1277757875827391,0.6662373260442777,0.0,1.0,,True,False,0.0,0.0,108.0,False
104,unilateral,active,0.5853658536585366,0.9663182346109176,0.5714285714285714,1.0,1.0,True,False,0.0,0.5714285714285714,0.0,False
104,bilateral,active,0.5853658536585366,0.9663182346109176,0.3125,1.0,1.0,True,False,0.0,0.3125,5.0,False
104,article_block,active,0.5853658536585366,0.9663182346109176,0.5182926829268293,0.9557926829268293,0.9214092140921409,False,False,0.0625,0.5,5.0,False
104,unilateral,fixed_schema,0.38414634146341464,0.9778963414634146,0.375,1.0,1.0,True,False,0.0,0.375,89.0,False
104,bilateral,fixed_schema,0.38414634146341464,0.9778963414634146,0.15625,1.0,1.0,True,False,0.0,0.15625,89.0,False
104,article_block,fixed_schema,0.38414634146341464,0.9778963414634146,0.25914634146341464,0.9778963414634146,0.9214092140921409,True,False,0.03125,0.25,89.0,False
105,unilateral,active,0.9057055749128919,0.9682055749128919,0.5307055749128919,0.9682055749128919,0.943476577622919,True,False,0.0625,0.5,0.0,False
105,bilateral,active,0.9057055749128919,0.9682055749128919,0.5333333333333333,1.0,1.0,True,False,0.06666666666666667,0.4666666666666667,1.0,False
105,article_block,active,0.9057055749128919,0.9682055749128919,0.4994192799070848,0.9660859465737514,0.936411149825784,False,False,0.13333333333333333,0.4,1.0,False
105,unilateral,fixed_schema,0.557357276869472,0.980434199946395,0.32658804610024117,0.980434199946395,0.943476577622919,True,False,0.038461538461538464,0.3076923076923077,95.0,False
105,bilateral,fixed_schema,0.557357276869472,0.980434199946395,0.3076923076923077,1.0,1.0,True,False,0.038461538461538464,0.2692307692307692,95.0,False
105,article_block,fixed_schema,0.557357276869472,0.980434199946395,0.2881265076387028,0.980434199946395,0.936411149825784,True,False,0.07692307692307693,0.23076923076923078,95.0,False
106,unilateral,active,0.6886759581881533,0.9386759581881533,0.46153846153846156,1.0,1.0,True,False,0.07692307692307693,0.38461538461538464,4.0,False
106,bilateral,active,0.6886759581881533,0.9386759581881533,0.38461538461538464,1.0,1.0,True,False,0.07692307692307693,0.3076923076923077,4.0,False
106,article_block,active,0.6886759581881533,0.9386759581881533,0.45625593918276847,0.910801393728223,0.8364692218350754,False,False,0.09090909090909091,0.45454545454545453,6.0,False
106,unilateral,fixed_schema,0.3240828038532486,0.9711416273826603,0.17647058823529413,1.0,1.0,True,False,0.029411764705882353,0.14705882352941177,87.0,False
106,bilateral,fixed_schema,0.3240828038532486,0.9711416273826603,0.14705882352941177,1.0,1.0,True,False,0.029411764705882353,0.11764705882352941,87.0,False
106,article_block,fixed_schema,0.3240828038532486,0.9711416273826603,0.14761221561795448,0.9711416273826603,0.8364692218350754,True,False,0.029411764705882353,0.14705882352941177,87.0,False
107,unilateral,active,0.5588363394138144,0.7941304570608732,0.4117647058823529,1.0,1.0,True,False,0.058823529411764705,0.35294117647058826,0.0,False
107,bilateral,active,0.5588363394138144,0.7941304570608732,0.15384615384615385,1.0,1.0,True,False,0.07692307692307693,0.07692307692307693,4.0,False
107,article_block,active,0.5588363394138144,0.7941304570608732,0.35714285714285715,1.0,1.0,True,False,0.0,0.35714285714285715,3.0,False
107,unilateral,fixed_schema,0.31667392566782815,0.8833405923344948,0.23333333333333334,1.0,1.0,True,False,0.03333333333333333,0.2,91.0,False
107,bilateral,fixed_schema,0.31667392566782815,0.8833405923344948,0.06666666666666667,1.0,1.0,True,False,0.03333333333333333,0.03333333333333333,91.0,False
107,article_block,fixed_schema,0.31667392566782815,0.8833405923344948,0.16666666666666666,1.0,1.0,True,False,0.0,0.16666666666666666,91.0,False
108,unilateral,active,0.7647058823529411,0.9411764705882353,0.4375,1.0,1.0,True,False,0.0,0.4375,1.0,False
108,bilateral,active,0.7647058823529411,0.9411764705882353,0.5333333333333333,0.9333333333333333,0.8888888888888888,False,False,0.06666666666666667,0.5333333333333333,2.0,False
108,article_block,active,0.7647058823529411,0.9411764705882353,0.7058823529411765,0.9411764705882353,0.9230769230769231,True,False,0.058823529411764705,0.7058823529411765,0.0,False
108,unilateral,fixed_schema,0.37142857142857144,0.9714285714285714,0.2,1.0,1.0,True,False,0.0,0.2,86.0,False
108,bilateral,fixed_schema,0.37142857142857144,0.9714285714285714,0.22857142857142856,0.9714285714285714,0.8888888888888888,True,False,0.02857142857142857,0.22857142857142856,86.0,False
108,article_block,fixed_schema,0.37142857142857144,0.9714285714285714,0.34285714285714286,0.9714285714285714,0.9230769230769231,True,False,0.02857142857142857,0.34285714285714286,86.0,False
109,unilateral,active,0.7345581248020273,0.9618308520747546,0.7,1.0,1.0,True,False,0.05,0.65,2.0,False
109,bilateral,active,0.7345581248020273,0.9618308520747546,0.38095238095238093,1.0,1.0,True,False,0.0,0.38095238095238093,1.0,False
109,article_block,active,0.7345581248020273,0.9618308520747546,0.5,1.0,1.0,True,False,0.0,0.5,2.0,False
109,unilateral,fixed_schema,0.42527049330643685,0.9779020722538052,0.3684210526315789,1.0,1.0,True,False,0.02631578947368421,0.34210526315789475,83.0,False
109,bilateral,fixed_schema,0.42527049330643685,0.9779020722538052,0.21052631578947367,1.0,1.0,True,False,0.0,0.21052631578947367,83.0,False
109,article_block,fixed_schema,0.42527049330643685,0.9779020722538052,0.2631578947368421,1.0,1.0,True,False,0.0,0.2631578947368421,83.0,False
110,unilateral,active,0.7272727272727273,1.0,0.8,1.0,1.0,False,True,0.0,0.8,2.0,False
110,bilateral,active,0.7272727272727273,1.0,0.6,1.0,1.0,True,False,0.0,0.6,2.0,False
110,article_block,active,0.7272727272727273,1.0,0.5454545454545454,1.0,1.0,True,False,0.0,0.5454545454545454,1.0,False
110,unilateral,fixed_schema,0.36363636363636365,1.0,0.36363636363636365,1.0,1.0,True,False,0.0,0.36363636363636365,99.0,False
110,bilateral,fixed_schema,0.36363636363636365,1.0,0.2727272727272727,1.0,1.0,True,False,0.0,0.2727272727272727,99.0,False
110,article_block,fixed_schema,0.36363636363636365,1.0,0.2727272727272727,1.0,1.0,True,False,0.0,0.2727272727272727,99.0,False
111,unilateral,active,0.2857142857142857,1.0,0.2857142857142857,1.0,1.0,True,False,0.0,0.2857142857142857,0.0,False
111,bilateral,active,0.2857142857142857,1.0,0.25,1.0,1.0,True,False,0.0,0.25,3.0,False
111,article_block,active,0.2857142857142857,1.0,0.0,1.0,,True,False,0.0,0.0,2.0,False
111,unilateral,fixed_schema,0.15384615384615385,1.0,0.15384615384615385,1.0,1.0,True,False,0.0,0.15384615384615385,108.0,False
111,bilateral,fixed_schema,0.15384615384615385,1.0,0.07692307692307693,1.0,1.0,True,False,0.0,0.07692307692307693,108.0,False
111,article_block,fixed_schema,0.15384615384615385,1.0,0.0,1.0,,True,False,0.0,0.0,108.0,False
112,unilateral,active,1.0,1.0,0.4166666666666667,1.0,1.0,True,False,0.0,0.4166666666666667,0.0,False
112,bilateral,active,1.0,1.0,0.5,1.0,1.0,True,False,0.0,0.5,0.0,False
112,article_block,active,1.0,1.0,0.3333333333333333,1.0,1.0,True,False,0.0,0.3333333333333333,0.0,False
112,unilateral,fixed_schema,0.6,1.0,0.25,1.0,1.0,True,False,0.0,0.25,101.0,False
112,bilateral,fixed_schema,0.6,1.0,0.3,1.0,1.0,True,False,0.0,0.3,101.0,False
112,article_block,fixed_schema,0.6,1.0,0.2,1.0,1.0,True,False,0.0,0.2,101.0,False
113,unilateral,active,0.6840008963629769,0.791143753505834,0.6840008963629769,0.8625723249344055,0.8326967433984066,True,False,0.14285714285714285,0.6785714285714286,0.0,False
113,bilateral,active,0.6840008963629769,0.791143753505834,0.4,0.92,0.8333333333333334,True,False,0.08,0.4,3.0,False
113,article_block,active,0.6840008963629769,0.791143753505834,0.2222222222222222,0.9259259259259259,0.75,True,False,0.07407407407407407,0.2222222222222222,1.0,False
113,unilateral,fixed_schema,0.4671225633698379,0.8573664658088623,0.4671225633698379,0.9061469536137404,0.8326967433984066,True,False,0.0975609756097561,0.4634146341463415,80.0,False
113,bilateral,fixed_schema,0.4671225633698379,0.8573664658088623,0.24390243902439024,0.9512195121951219,0.8333333333333334,True,False,0.04878048780487805,0.24390243902439024,80.0,False
113,article_block,fixed_schema,0.4671225633698379,0.8573664658088623,0.14634146341463414,0.9512195121951219,0.75,True,False,0.04878048780487805,0.14634146341463414,80.0,False
114,unilateral,active,0.7092391304347826,0.970108695652174,0.49107142857142855,0.9672619047619048,0.9375,False,False,0.047619047619047616,0.47619047619047616,2.0,False
114,bilateral,active,0.7092391304347826,0.970108695652174,0.2,1.0,1.0,True,False,0.05,0.15,3.0,False
114,article_block,active,0.7092391304347826,0.970108695652174,0.465625,0.965625,0.93125,False,False,0.1,0.4,3.0,False
114,unilateral,fixed_schema,0.33984375,0.9856770833333334,0.21484375,0.9856770833333334,0.9375,True,False,0.020833333333333332,0.20833333333333334,73.0,False
114,bilateral,fixed_schema,0.33984375,0.9856770833333334,0.08333333333333333,1.0,1.0,True,False,0.020833333333333332,0.0625,73.0,False
114,article_block,fixed_schema,0.33984375,0.9856770833333334,0.19401041666666666,0.9856770833333334,0.93125,True,False,0.041666666666666664,0.16666666666666666,73.0,False
115,unilateral,active,0.2489764808362369,0.7489764808362369,0.2,1.0,1.0,True,False,0.1,0.1,0.0,False
115,bilateral,active,0.2489764808362369,0.7489764808362369,0.07291666666666667,0.7395833333333334,0.21875,False,False,0.3333333333333333,0.0,4.0,False
115,article_block,active,0.2489764808362369,0.7489764808362369,0.25,1.0,1.0,False,False,0.0,0.25,6.0,False
115,unilateral,fixed_schema,0.14645675343308054,0.852339106374257,0.11764705882352941,1.0,1.0,True,False,0.058823529411764705,0.058823529411764705,104.0,False
115,bilateral,fixed_schema,0.14645675343308054,0.852339106374257,0.025735294117647058,0.9080882352941176,0.21875,True,False,0.11764705882352941,0.0,104.0,False
115,article_block,fixed_schema,0.14645675343308054,0.852339106374257,0.058823529411764705,1.0,1.0,True,False,0.0,0.058823529411764705,104.0,False
116,unilateral,active,1.0,1.0,0.5,1.0,1.0,True,False,0.0,0.5,1.0,False
116,bilateral,active,1.0,1.0,0.38095238095238093,1.0,1.0,True,False,0.0,0.38095238095238093,2.0,False
116,article_block,active,1.0,1.0,0.6363636363636364,1.0,1.0,True,False,0.0,0.6363636363636364,1.0,False
116,unilateral,fixed_schema,0.5365853658536586,1.0,0.2682926829268293,1.0,1.0,True,False,0.0,0.2682926829268293,80.0,False
116,bilateral,fixed_schema,0.5365853658536586,1.0,0.1951219512195122,1.0,1.0,True,False,0.0,0.1951219512195122,80.0,False
116,article_block,fixed_schema,0.5365853658536586,1.0,0.34146341463414637,1.0,1.0,True,False,0.0,0.34146341463414637,80.0,False
117,unilateral,active,0.7373358348968105,0.8911819887429644,0.5384615384615384,1.0,1.0,True,False,0.07692307692307693,0.46153846153846156,0.0,False
117,bilateral,active,0.7373358348968105,0.8911819887429644,0.5694928377855207,0.902826171118854,0.854239256678281,True,False,0.1111111111111111,0.5555555555555556,4.0,False
117,article_block,active,0.7373358348968105,0.8911819887429644,0.6895787139689579,0.8713968957871397,0.8428184281842818,False,False,0.18181818181818182,0.6363636363636364,2.0,False
117,unilateral,fixed_schema,0.38341463414634147,0.9434146341463415,0.28,1.0,1.0,True,False,0.04,0.24,96.0,False
117,bilateral,fixed_schema,0.38341463414634147,0.9434146341463415,0.20501742160278746,0.9650174216027875,0.854239256678281,True,False,0.04,0.2,96.0,False
117,article_block,fixed_schema,0.38341463414634147,0.9434146341463415,0.30341463414634146,0.9434146341463415,0.8428184281842818,True,False,0.08,0.28,96.0,False
118,unilateral,active,0.9583333333333334,1.0,0.7916666666666666,1.0,1.0,True,False,0.0,0.7916666666666666,0.0,False
118,bilateral,active,0.9583333333333334,1.0,0.625,1.0,1.0,True,False,0.0,0.625,0.0,False
118,article_block,active,0.9583333333333334,1.0,0.25,1.0,1.0,True,False,0.0,0.25,0.0,False
118,unilateral,fixed_schema,0.6052631578947368,1.0,0.5,1.0,1.0,True,False,0.0,0.5,83.0,False
118,bilateral,fixed_schema,0.6052631578947368,1.0,0.39473684210526316,1.0,1.0,True,False,0.0,0.39473684210526316,83.0,False
118,article_block,fixed_schema,0.6052631578947368,1.0,0.15789473684210525,1.0,1.0,True,False,0.0,0.15789473684210525,83.0,False
119,unilateral,active,0.6945412311265969,0.9723190089043747,0.5834301200154859,0.9723190089043747,0.9547038327526132,True,False,0.05555555555555555,0.5555555555555556,1.0,False
119,bilateral,active,0.6945412311265969,0.9723190089043747,0.4,1.0,1.0,True,False,0.0,0.4,4.0,False
119,article_block,active,0.6945412311265969,0.9723190089043747,0.5667828106852497,0.9667828106852496,0.9446380178087495,False,False,0.06666666666666667,0.5333333333333333,4.0,False
119,unilateral,fixed_schema,0.3906794425087108,0.9844294425087108,0.3281794425087108,0.9844294425087108,0.9547038327526132,True,False,0.03125,0.3125,89.0,False
119,bilateral,fixed_schema,0.3906794425087108,0.9844294425087108,0.1875,1.0,1.0,True,False,0.0,0.1875,89.0,False
119,article_block,fixed_schema,0.3906794425087108,0.9844294425087108,0.2656794425087108,0.9844294425087108,0.9446380178087495,True,False,0.03125,0.25,89.0,False
120,unilateral,active,0.7698689231790277,0.9127260660361705,0.5241413638626182,0.9527127924340468,0.9172473867595818,True,False,0.047619047619047616,0.5238095238095238,0.0,False
120,bilateral,active,0.7698689231790277,0.9127260660361705,0.3125,1.0,1.0,True,False,0.0,0.3125,5.0,False
120,article_block,active,0.7698689231790277,0.9127260660361705,0.3684210526315789,1.0,1.0,True,False,0.0,0.3684210526315789,2.0,False
120,unilateral,fixed_schema,0.4490902051877661,0.9490902051877662,0.3057491289198606,0.9724157955865272,0.9172473867595818,True,False,0.027777777777777776,0.3055555555555556,85.0,False
120,bilateral,fixed_schema,0.4490902051877661,0.9490902051877662,0.1388888888888889,1.0,1.0,True,False,0.0,0.1388888888888889,85.0,False
120,article_block,fixed_schema,0.4490902051877661,0.9490902051877662,0.19444444444444445,1.0,1.0,True,False,0.0,0.19444444444444445,85.0,False
121,unilateral,active,0.4466245644599303,0.9132912311265969,0.4384129589922273,0.8999514205306889,0.8141954952712792,False,True,0.15384615384615385,0.38461538461538464,2.0,False
121,bilateral,active,0.4466245644599303,0.9132912311265969,0.3,1.0,1.0,True,False,0.0,0.3,5.0,False
121,article_block,active,0.4466245644599303,0.9132912311265969,0.48011363636363635,0.9346590909090909,0.8802083333333334,False,True,0.09090909090909091,0.45454545454545453,4.0,False
121,unilateral,fixed_schema,0.26797473867595817,0.9479747386759582,0.2279747386759582,0.9479747386759582,0.8141954952712792,True,False,0.08,0.2,96.0,False
121,bilateral,fixed_schema,0.26797473867595817,0.9479747386759582,0.12,1.0,1.0,True,False,0.0,0.12,96.0,False
121,article_block,fixed_schema,0.26797473867595817,0.9479747386759582,0.21125,0.97125,0.8802083333333334,True,False,0.04,0.2,96.0,False
122,unilateral,active,0.6190476190476191,1.0,0.38095238095238093,1.0,1.0,True,False,0.0,0.38095238095238093,0.0,False
122,bilateral,active,0.6190476190476191,1.0,0.3,1.0,1.0,True,False,0.0,0.3,1.0,False
122,article_block,active,0.6190476190476191,1.0,0.6111111111111112,1.0,1.0,True,False,0.0,0.6111111111111112,3.0,False
122,unilateral,fixed_schema,0.43333333333333335,1.0,0.26666666666666666,1.0,1.0,True,False,0.0,0.26666666666666666,91.0,False
122,bilateral,fixed_schema,0.43333333333333335,1.0,0.2,1.0,1.0,True,False,0.0,0.2,91.0,False
122,article_block,fixed_schema,0.43333333333333335,1.0,0.36666666666666664,1.0,1.0,True,False,0.0,0.36666666666666664,91.0,False
123,unilateral,active,0.8333333333333334,1.0,0.6666666666666666,1.0,1.0,True,False,0.0,0.6666666666666666,0.0,False
123,bilateral,active,0.8333333333333334,1.0,0.0,1.0,,True,False,0.0,0.0,0.0,False
123,article_block,active,0.8333333333333334,1.0,0.3333333333333333,1.0,1.0,True,False,0.0,0.3333333333333333,0.0,False
123,unilateral,fixed_schema,0.4166666666666667,1.0,0.3333333333333333,1.0,1.0,True,False,0.0,0.3333333333333333,109.0,False
123,bilateral,fixed_schema,0.4166666666666667,1.0,0.0,1.0,,True,False,0.0,0.0,109.0,False
123,article_block,fixed_schema,0.4166666666666667,1.0,0.16666666666666666,1.0,1.0,True,False,0.0,0.16666666666666666,109.0,False
124,unilateral,active,0.7359814169570267,0.9359814169570267,0.6026480836236934,0.9359814169570267,0.9039721254355401,True,False,0.06666666666666667,0.6,0.0,False
124,bilateral,active,0.7359814169570267,0.9359814169570267,0.3366434378629501,0.9199767711962834,0.8079442508710801,False,False,0.08333333333333333,0.3333333333333333,3.0,False
124,article_block,active,0.7359814169570267,0.9359814169570267,0.46153846153846156,1.0,1.0,True,False,0.07692307692307693,0.38461538461538464,2.0,False
124,unilateral,fixed_schema,0.3806800432536345,0.9668869398053586,0.3117145260122552,0.9668869398053586,0.9039721254355401,True,False,0.034482758620689655,0.3103448275862069,92.0,False
124,bilateral,fixed_schema,0.3806800432536345,0.9668869398053586,0.13930073290880693,0.9668869398053586,0.8079442508710801,True,False,0.034482758620689655,0.13793103448275862,92.0,False
124,article_block,fixed_schema,0.3806800432536345,0.9668869398053586,0.20689655172413793,1.0,1.0,True,False,0.034482758620689655,0.1724137931034483,92.0,False
125,unilateral,active,0.2,1.0,0.2,1.0,1.0,True,False,0.0,0.2,0.0,False
125,bilateral,active,0.2,1.0,0.25,1.0,1.0,False,True,0.0,0.25,1.0,False
125,article_block,active,0.2,1.0,0.3333333333333333,1.0,1.0,False,True,0.0,0.3333333333333333,2.0,False
125,unilateral,fixed_schema,0.1,1.0,0.1,1.0,1.0,True,False,0.0,0.1,111.0,False
125,bilateral,fixed_schema,0.1,1.0,0.1,1.0,1.0,True,False,0.0,0.1,111.0,False
125,article_block,fixed_schema,0.1,1.0,0.1,1.0,1.0,True,False,0.0,0.1,111.0,False
126,unilateral,active,0.7743064861967301,0.851229563119807,0.255498693379791,0.8388320267131243,0.6131968641114983,False,False,0.16666666666666666,0.25,1.0,False
126,bilateral,active,0.7743064861967301,0.851229563119807,0.6363636363636364,1.0,1.0,True,False,0.09090909090909091,0.5454545454545454,2.0,False
126,article_block,active,0.7743064861967301,0.851229563119807,0.5888320267131243,0.8388320267131243,0.7851093689508324,False,False,0.16666666666666666,0.5833333333333334,1.0,False
126,unilateral,fixed_schema,0.45754474184352234,0.9120901963889768,0.13936292366170416,0.9120901963889768,0.6131968641114983,True,False,0.09090909090909091,0.13636363636363635,99.0,False
126,bilateral,fixed_schema,0.45754474184352234,0.9120901963889768,0.3181818181818182,1.0,1.0,True,False,0.045454545454545456,0.2727272727272727,99.0,False
126,article_block,fixed_schema,0.45754474184352234,0.9120901963889768,0.32118110547988593,0.9120901963889768,0.7851093689508324,True,False,0.09090909090909091,0.3181818181818182,99.0,False
127,unilateral,active,0.746733449477352,0.8895905923344948,0.4017857142857143,0.9732142857142857,0.9375,True,False,0.14285714285714285,0.2857142857142857,0.0,False
127,bilateral,active,0.746733449477352,0.8895905923344948,0.5691056910569106,0.9024390243902439,0.8536585365853658,True,False,0.16666666666666666,0.5,1.0,False
127,article_block,active,0.746733449477352,0.8895905923344948,0.3333333333333333,1.0,1.0,True,False,0.0,0.3333333333333333,1.0,False
127,unilateral,fixed_schema,0.2375970066518847,0.964869733924612,0.1278409090909091,0.9914772727272727,0.9375,True,False,0.045454545454545456,0.09090909090909091,99.0,False
127,bilateral,fixed_schema,0.2375970066518847,0.964869733924612,0.15521064301552107,0.9733924611973392,0.8536585365853658,True,False,0.045454545454545456,0.13636363636363635,99.0,False
127,article_block,fixed_schema,0.2375970066518847,0.964869733924612,0.09090909090909091,1.0,1.0,True,False,0.0,0.09090909090909091,99.0,False
128,unilateral,active,0.7333333333333333,1.0,0.6,1.0,1.0,True,False,0.0,0.6,0.0,False
128,bilateral,active,0.7333333333333333,1.0,0.2857142857142857,1.0,1.0,True,False,0.0,0.2857142857142857,1.0,False
128,article_block,active,0.7333333333333333,1.0,0.3333333333333333,1.0,1.0,True,False,0.06666666666666667,0.26666666666666666,0.0,False
128,unilateral,fixed_schema,0.3548387096774194,1.0,0.2903225806451613,1.0,1.0,True,False,0.0,0.2903225806451613,90.0,False
128,bilateral,fixed_schema,0.3548387096774194,1.0,0.12903225806451613,1.0,1.0,True,False,0.0,0.12903225806451613,90.0,False
128,article_block,fixed_schema,0.3548387096774194,1.0,0.16129032258064516,1.0,1.0,True,False,0.03225806451612903,0.12903225806451613,90.0,False
129,unilateral,active,0.5,1.0,0.6666666666666666,1.0,1.0,False,True,0.6666666666666666,0.0,1.0,False
129,bilateral,active,0.5,1.0,0.5,1.0,1.0,True,False,0.5,0.0,2.0,False
129,article_block,active,0.5,1.0,0.5,1.0,1.0,True,False,0.5,0.0,2.0,False
129,unilateral,fixed_schema,0.2,1.0,0.2,1.0,1.0,True,False,0.2,0.0,111.0,False
129,bilateral,fixed_schema,0.2,1.0,0.1,1.0,1.0,True,False,0.1,0.0,111.0,False
129,article_block,fixed_schema,0.2,1.0,0.1,1.0,1.0,True,False,0.1,0.0,111.0,False
130,unilateral,active,0.8307654616724739,0.8932654616724739,0.3203125,0.9453125,0.8541666666666666,True,False,0.125,0.25,0.0,False
130,bilateral,active,0.8307654616724739,0.8932654616724739,0.5528164924506388,0.8861498257839722,0.8292247386759583,False,False,0.13333333333333333,0.5333333333333333,1.0,False
130,article_block,active,0.8307654616724739,0.8932654616724739,0.4,1.0,1.0,True,False,0.06666666666666667,0.3333333333333333,1.0,False
130,unilateral,fixed_schema,0.47472312095569935,0.9390088352414135,0.18303571428571427,0.96875,0.8541666666666666,True,False,0.07142857142857142,0.14285714285714285,93.0,False
130,bilateral,fixed_schema,0.47472312095569935,0.9390088352414135,0.2961516923842708,0.9390088352414135,0.8292247386759583,True,False,0.07142857142857142,0.2857142857142857,93.0,False
130,article_block,fixed_schema,0.47472312095569935,0.9390088352414135,0.21428571428571427,1.0,1.0,True,False,0.03571428571428571,0.17857142857142858,93.0,False
131,unilateral,active,0.8,1.0,0.5,1.0,1.0,True,False,0.07142857142857142,0.42857142857142855,1.0,False
131,bilateral,active,0.8,1.0,0.35714285714285715,1.0,1.0,True,False,0.21428571428571427,0.14285714285714285,1.0,False
131,article_block,active,0.8,1.0,0.6666666666666666,1.0,1.0,True,False,0.13333333333333333,0.5333333333333333,0.0,False
131,unilateral,fixed_schema,0.3870967741935484,1.0,0.22580645161290322,1.0,1.0,True,False,0.03225806451612903,0.1935483870967742,90.0,False
131,bilateral,fixed_schema,0.3870967741935484,1.0,0.16129032258064516,1.0,1.0,True,False,0.0967741935483871,0.06451612903225806,90.0,False
131,article_block,fixed_schema,0.3870967741935484,1.0,0.3225806451612903,1.0,1.0,True,False,0.06451612903225806,0.25806451612903225,90.0,False
132,unilateral,active,0.7887008461921354,0.8601294176207068,0.21727227476356398,0.8601294176207068,0.6083623693379792,True,False,0.14285714285714285,0.21428571428571427,0.0,False
132,bilateral,active,0.7887008461921354,0.8601294176207068,0.42015098722415795,0.920150987224158,0.8403019744483159,True,False,0.08333333333333333,0.4166666666666667,2.0,False
132,article_block,active,0.7887008461921354,0.8601294176207068,0.4166666666666667,0.9166666666666666,0.8333333333333334,True,False,0.08333333333333333,0.4166666666666667,2.0,False
132,unilateral,fixed_schema,0.34505662020905925,0.9388066202090593,0.09505662020905924,0.9388066202090593,0.6083623693379792,True,False,0.0625,0.09375,89.0,False
132,bilateral,fixed_schema,0.34505662020905925,0.9388066202090593,0.15755662020905922,0.9700566202090593,0.8403019744483159,True,False,0.03125,0.15625,89.0,False
132,article_block,fixed_schema,0.34505662020905925,0.9388066202090593,0.15625,0.96875,0.8333333333333334,True,False,0.03125,0.15625,89.0,False
133,unilateral,active,1.0,1.0,1.0,1.0,1.0,True,False,0.0,1.0,0.0,False
133,bilateral,active,1.0,1.0,0.375,1.0,1.0,True,False,0.0,0.375,0.0,False
133,article_block,active,1.0,1.0,0.5,1.0,1.0,True,False,0.0,0.5,0.0,False
133,unilateral,fixed_schema,0.5333333333333333,1.0,0.5333333333333333,1.0,1.0,True,False,0.0,0.5333333333333333,106.0,False
133,bilateral,fixed_schema,0.5333333333333333,1.0,0.2,1.0,1.0,True,False,0.0,0.2,106.0,False
133,article_block,fixed_schema,0.5333333333333333,1.0,0.26666666666666666,1.0,1.0,True,False,0.0,0.26666666666666666,106.0,False
134,unilateral,active,0.3748257839721254,0.8748257839721254,0.04979094076655052,0.8497909407665505,0.24895470383275262,False,False,0.2,0.0,2.0,False
134,bilateral,active,0.3748257839721254,0.8748257839721254,0.2771970576848626,0.9438637243515292,0.8315911730545876,True,False,0.1111111111111111,0.2222222222222222,3.0,False
134,article_block,active,0.3748257839721254,0.8748257839721254,0.25,1.0,1.0,True,False,0.0,0.25,0.0,False
134,unilateral,fixed_schema,0.3212792434046789,0.8927078148332503,0.03556495769039323,0.8927078148332503,0.24895470383275262,True,False,0.14285714285714285,0.0,107.0,False
134,bilateral,fixed_schema,0.3212792434046789,0.8927078148332503,0.17819810851169735,0.9639123942259831,0.8315911730545876,True,False,0.07142857142857142,0.14285714285714285,107.0,False
134,article_block,fixed_schema,0.3212792434046789,0.8927078148332503,0.21428571428571427,1.0,1.0,True,False,0.0,0.21428571428571427,107.0,False
135,unilateral,active,1.0,1.0,0.9,1.0,1.0,True,False,0.0,0.9,0.0,False
135,bilateral,active,1.0,1.0,0.6,1.0,1.0,True,False,0.0,0.6,0.0,False
135,article_block,active,1.0,1.0,0.7,1.0,1.0,True,False,0.0,0.7,0.0,False
135,unilateral,fixed_schema,0.45454545454545453,1.0,0.4090909090909091,1.0,1.0,True,False,0.0,0.4090909090909091,99.0,False
135,bilateral,fixed_schema,0.45454545454545453,1.0,0.2727272727272727,1.0,1.0,True,False,0.0,0.2727272727272727,99.0,False
135,article_block,fixed_schema,0.45454545454545453,1.0,0.3181818181818182,1.0,1.0,True,False,0.0,0.3181818181818182,99.0,False
136,unilateral,active,0.7233796296296297,0.9826388888888888,0.6358173076923077,0.9819711538461539,0.9724264705882353,False,False,0.07692307692307693,0.5769230769230769,1.0,False
136,bilateral,active,0.7233796296296297,0.9826388888888888,0.375,1.0,1.0,True,False,0.0,0.375,3.0,False
136,article_block,active,0.7233796296296297,0.9826388888888888,0.5833333333333334,1.0,1.0,True,False,0.0,0.5833333333333334,3.0,False
136,unilateral,fixed_schema,0.45421511627906974,0.9890988372093024,0.38444767441860467,0.9890988372093024,0.9724264705882353,True,False,0.046511627906976744,0.3488372093023256,78.0,False
136,bilateral,fixed_schema,0.45421511627906974,0.9890988372093024,0.20930232558139536,1.0,1.0,True,False,0.0,0.20930232558139536,78.0,False
136,article_block,fixed_schema,0.45421511627906974,0.9890988372093024,0.32558139534883723,1.0,1.0,True,False,0.0,0.32558139534883723,78.0,False
137,unilateral,active,1.0,1.0,0.5,1.0,1.0,True,False,0.0,0.5,0.0,False
137,bilateral,active,1.0,1.0,0.4166666666666667,1.0,1.0,True,False,0.0,0.4166666666666667,0.0,False
137,article_block,active,1.0,1.0,0.8333333333333334,1.0,1.0,True,False,0.0,0.8333333333333334,0.0,False
137,unilateral,fixed_schema,0.5714285714285714,1.0,0.2857142857142857,1.0,1.0,True,False,0.0,0.2857142857142857,100.0,False
137,bilateral,fixed_schema,0.5714285714285714,1.0,0.23809523809523808,1.0,1.0,True,False,0.0,0.23809523809523808,100.0,False
137,article_block,fixed_schema,0.5714285714285714,1.0,0.47619047619047616,1.0,1.0,True,False,0.0,0.47619047619047616,100.0,False
138,unilateral,active,0.9166666666666666,1.0,0.9166666666666666,1.0,1.0,True,False,0.08333333333333333,0.8333333333333334,0.0,False
138,bilateral,active,0.9166666666666666,1.0,0.4166666666666667,1.0,1.0,True,False,0.08333333333333333,0.3333333333333333,0.0,False
138,article_block,active,0.9166666666666666,1.0,0.5,1.0,1.0,True,False,0.08333333333333333,0.4166666666666667,0.0,False
138,unilateral,fixed_schema,0.34375,1.0,0.34375,1.0,1.0,True,False,0.03125,0.3125,89.0,False
138,bilateral,fixed_schema,0.34375,1.0,0.15625,1.0,1.0,True,False,0.03125,0.125,89.0,False
138,article_block,fixed_schema,0.34375,1.0,0.1875,1.0,1.0,True,False,0.03125,0.15625,89.0,False
139,unilateral,active,0.7777777777777778,1.0,0.7058823529411765,1.0,1.0,True,False,0.0,0.7058823529411765,1.0,False
139,bilateral,active,0.7777777777777778,1.0,0.5625,1.0,1.0,True,False,0.0625,0.5,2.0,False
139,article_block,active,0.7777777777777778,1.0,0.35294117647058826,1.0,1.0,True,False,0.058823529411764705,0.29411764705882354,1.0,False
139,unilateral,fixed_schema,0.358974358974359,1.0,0.3076923076923077,1.0,1.0,True,False,0.0,0.3076923076923077,82.0,False
139,bilateral,fixed_schema,0.358974358974359,1.0,0.23076923076923078,1.0,1.0,True,False,0.02564102564102564,0.20512820512820512,82.0,False
139,article_block,fixed_schema,0.358974358974359,1.0,0.15384615384615385,1.0,1.0,True,False,0.02564102564102564,0.1282051282051282,82.0,False
140,unilateral,active,0.7157789945246391,0.9300647088103534,0.4631466094880729,0.9246850710265344,0.8601294176207068,False,False,0.15384615384615385,0.38461538461538464,1.0,False
140,bilateral,active,0.7157789945246391,0.9300647088103534,0.4184088269454123,0.9184088269454124,0.8368176538908246,False,False,0.16666666666666666,0.3333333333333333,2.0,False
140,article_block,active,0.7157789945246391,0.9300647088103534,0.4564459930313589,0.9109914475768135,0.8368176538908246,False,False,0.09090909090909091,0.45454545454545453,3.0,False
140,unilateral,fixed_schema,0.45549572378840675,0.9554957237884067,0.2736775419702249,0.9554957237884067,0.8601294176207068,True,False,0.09090909090909091,0.22727272727272727,99.0,False
140,bilateral,fixed_schema,0.45549572378840675,0.9554957237884067,0.22822299651567945,0.9554957237884067,0.8368176538908246,True,False,0.09090909090909091,0.18181818181818182,99.0,False
140,article_block,fixed_schema,0.45549572378840675,0.9554957237884067,0.22822299651567945,0.9554957237884067,0.8368176538908246,True,False,0.045454545454545456,0.22727272727272727,99.0,False
141,unilateral,active,0.5065766550522648,0.6065766550522648,0.1,0.9,0.5,True,False,0.1,0.1,0.0,False
141,bilateral,active,0.5065766550522648,0.6065766550522648,0.2,0.8,0.5,True,False,0.2,0.2,0.0,False
141,article_block,active,0.5065766550522648,0.6065766550522648,0.25,1.0,1.0,True,False,0.0,0.25,2.0,False
141,unilateral,fixed_schema,0.23026211593284762,0.8211712068419387,0.045454545454545456,0.9545454545454546,0.5,True,False,0.045454545454545456,0.045454545454545456,99.0,False
141,bilateral,fixed_schema,0.23026211593284762,0.8211712068419387,0.09090909090909091,0.9090909090909091,0.5,True,False,0.09090909090909091,0.09090909090909091,99.0,False
141,article_block,fixed_schema,0.23026211593284762,0.8211712068419387,0.09090909090909091,1.0,1.0,True,False,0.0,0.09090909090909091,99.0,False
142,unilateral,active,0.8,1.0,0.6,1.0,1.0,True,False,0.06666666666666667,0.5333333333333333,1.0,False
142,bilateral,active,0.8,1.0,0.3076923076923077,1.0,1.0,True,False,0.0,0.3076923076923077,3.0,False
142,article_block,active,0.8,1.0,0.2857142857142857,1.0,1.0,True,False,0.0,0.2857142857142857,2.0,False
142,unilateral,fixed_schema,0.375,1.0,0.28125,1.0,1.0,True,False,0.03125,0.25,89.0,False
142,bilateral,fixed_schema,0.375,1.0,0.125,1.0,1.0,True,False,0.0,0.125,89.0,False
142,article_block,fixed_schema,0.375,1.0,0.125,1.0,1.0,True,False,0.0,0.125,89.0,False
143,unilateral,active,0.8177264808362369,0.9427264808362369,0.44272648083623695,0.9427264808362369,0.8854529616724739,True,False,0.1875,0.3125,1.0,False
143,bilateral,active,0.8177264808362369,0.9427264808362369,0.5384615384615384,1.0,1.0,True,False,0.0,0.5384615384615384,4.0,False
143,article_block,active,0.8177264808362369,0.9427264808362369,0.21428571428571427,1.0,1.0,True,False,0.0,0.21428571428571427,3.0,False
143,unilateral,fixed_schema,0.43612078977932633,0.9694541231126598,0.23612078977932638,0.9694541231126598,0.8854529616724739,True,False,0.1,0.16666666666666666,91.0,False
143,bilateral,fixed_schema,0.43612078977932633,0.9694541231126598,0.23333333333333334,1.0,1.0,True,False,0.0,0.23333333333333334,91.0,False
143,article_block,fixed_schema,0.43612078977932633,0.9694541231126598,0.1,1.0,1.0,True,False,0.0,0.1,91.0,False
144,unilateral,active,0.7222222222222222,1.0,0.7058823529411765,1.0,1.0,True,False,0.0,0.7058823529411765,1.0,False
144,bilateral,active,0.7222222222222222,1.0,0.23529411764705882,1.0,1.0,True,False,0.0,0.23529411764705882,1.0,False
144,article_block,active,0.7222222222222222,1.0,0.42857142857142855,1.0,1.0,True,False,0.0,0.42857142857142855,4.0,False
144,unilateral,fixed_schema,0.40625,1.0,0.375,1.0,1.0,True,False,0.0,0.375,89.0,False
144,bilateral,fixed_schema,0.40625,1.0,0.125,1.0,1.0,True,False,0.0,0.125,89.0,False
144,article_block,fixed_schema,0.40625,1.0,0.1875,1.0,1.0,True,False,0.0,0.1875,89.0,False
145,unilateral,active,1.0,1.0,0.7777777777777778,1.0,1.0,True,False,0.0,0.7777777777777778,0.0,False
145,bilateral,active,1.0,1.0,0.5555555555555556,1.0,1.0,True,False,0.0,0.5555555555555556,0.0,False
145,article_block,active,1.0,1.0,0.3333333333333333,1.0,1.0,True,False,0.0,0.3333333333333333,0.0,False
145,unilateral,fixed_schema,0.6585365853658537,1.0,0.5121951219512195,1.0,1.0,True,False,0.0,0.5121951219512195,80.0,False
145,bilateral,fixed_schema,0.6585365853658537,1.0,0.36585365853658536,1.0,1.0,True,False,0.0,0.36585365853658536,80.0,False
145,article_block,fixed_schema,0.6585365853658537,1.0,0.21951219512195122,1.0,1.0,True,False,0.0,0.21951219512195122,80.0,False
146,unilateral,active,0.3867595818815331,0.8867595818815331,0.29915380786460927,0.8705823792931807,0.6980255516840882,False,False,0.2857142857142857,0.14285714285714285,1.0,False
146,bilateral,active,0.3867595818815331,0.8867595818815331,0.16666666666666666,1.0,1.0,True,False,0.0,0.16666666666666666,2.0,False
146,article_block,active,0.3867595818815331,0.8867595818815331,0.4,1.0,1.0,False,False,0.0,0.4,3.0,False
146,unilateral,fixed_schema,0.2578397212543554,0.924506387921022,0.17450638792102205,0.924506387921022,0.6980255516840882,True,False,0.16666666666666666,0.08333333333333333,109.0,False
146,bilateral,fixed_schema,0.2578397212543554,0.924506387921022,0.08333333333333333,1.0,1.0,True,False,0.0,0.08333333333333333,109.0,False
146,article_block,fixed_schema,0.2578397212543554,0.924506387921022,0.16666666666666666,1.0,1.0,True,False,0.0,0.16666666666666666,109.0,False
147,unilateral,active,0.7076609479556688,0.7743276146223355,0.5367114706037525,0.9367114706037525,0.8945191176729208,True,False,0.2,0.4,0.0,False
147,bilateral,active,0.7076609479556688,0.7743276146223355,0.4063744400199104,0.8349458685913389,0.7111552700348432,True,False,0.21428571428571427,0.35714285714285715,1.0,False
147,article_block,active,0.7076609479556688,0.7743276146223355,0.27004480393708585,0.9367114706037525,0.8101344118112574,True,False,0.06666666666666667,0.26666666666666666,0.0,False
147,unilateral,fixed_schema,0.48249610087886513,0.8461324645152288,0.3659396390480131,0.956848729957104,0.8945191176729208,True,False,0.13636363636363635,0.2727272727272727,99.0,False
147,bilateral,fixed_schema,0.48249610087886513,0.8461324645152288,0.25860191637630664,0.8949655527399429,0.7111552700348432,True,False,0.13636363636363635,0.22727272727272727,99.0,False
147,article_block,fixed_schema,0.48249610087886513,0.8461324645152288,0.18412145722983125,0.956848729957104,0.8101344118112574,True,False,0.045454545454545456,0.18181818181818182,99.0,False
148,unilateral,active,0.610072853975293,0.8373455812480203,0.30893649033892934,0.8543910357934749,0.6796602787456446,True,False,0.2727272727272727,0.18181818181818182,0.0,False
148,bilateral,active,0.610072853975293,0.8373455812480203,0.4115551200154859,0.8559995644599303,0.7407992160278746,True,False,0.2777777777777778,0.2777777777777778,4.0,False
148,article_block,active,0.610072853975293,0.8373455812480203,0.4486477517836403,0.9248382279741165,0.8565093443142224,True,False,0.23809523809523808,0.2857142857142857,1.0,False
148,unilateral,fixed_schema,0.38347436535589846,0.8977600796416128,0.19418865107018415,0.9084743653558984,0.6796602787456446,True,False,0.17142857142857143,0.11428571428571428,86.0,False
148,bilateral,fixed_schema,0.38347436535589846,0.8977600796416128,0.21165691886510704,0.9259426331508213,0.7407992160278746,True,False,0.14285714285714285,0.14285714285714285,86.0,False
148,article_block,fixed_schema,0.38347436535589846,0.8977600796416128,0.2691886510701842,0.9549029367844698,0.8565093443142224,True,False,0.14285714285714285,0.17142857142857143,86.0,False
149,unilateral,active,0.6666666666666666,1.0,0.4,1.0,1.0,True,False,0.0,0.4,0.0,False
149,bilateral,active,0.6666666666666666,1.0,0.14285714285714285,1.0,1.0,True,False,0.0,0.14285714285714285,1.0,False
149,article_block,active,0.6666666666666666,1.0,0.23076923076923078,1.0,1.0,True,False,0.0,0.23076923076923078,2.0,False
149,unilateral,fixed_schema,0.30303030303030304,1.0,0.18181818181818182,1.0,1.0,True,False,0.0,0.18181818181818182,88.0,False
149,bilateral,fixed_schema,0.30303030303030304,1.0,0.06060606060606061,1.0,1.0,True,False,0.0,0.06060606060606061,88.0,False
149,article_block,fixed_schema,0.30303030303030304,1.0,0.09090909090909091,1.0,1.0,True,False,0.0,0.09090909090909091,88.0,False
150,unilateral,active,0.7857142857142857,0.9285714285714286,0.35714285714285715,1.0,1.0,True,False,0.0,0.35714285714285715,0.0,False
150,bilateral,active,0.7857142857142857,0.9285714285714286,0.3333333333333333,1.0,1.0,True,False,0.0,0.3333333333333333,2.0,False
150,article_block,active,0.7857142857142857,0.9285714285714286,0.5,1.0,1.0,True,False,0.0,0.5,2.0,False
150,unilateral,fixed_schema,0.44,0.96,0.2,1.0,1.0,True,False,0.0,0.2,96.0,False
150,bilateral,fixed_schema,0.44,0.96,0.16,1.0,1.0,True,False,0.0,0.16,96.0,False
150,article_block,fixed_schema,0.44,0.96,0.24,1.0,1.0,True,False,0.0,0.24,96.0,False
151,unilateral,active,0.5714285714285714,0.8571428571428571,0.42857142857142855,0.8571428571428571,0.75,True,False,0.2857142857142857,0.2857142857142857,0.0,False
151,bilateral,active,0.5714285714285714,0.8571428571428571,0.16666666666666666,0.8333333333333334,0.5,False,False,0.3333333333333333,0.0,1.0,False
151,article_block,active,0.5714285714285714,0.8571428571428571,0.2,1.0,1.0,True,False,0.2,0.0,2.0,False
151,unilateral,fixed_schema,0.3076923076923077,0.9230769230769231,0.23076923076923078,0.9230769230769231,0.75,True,False,0.15384615384615385,0.15384615384615385,108.0,False
151,bilateral,fixed_schema,0.3076923076923077,0.9230769230769231,0.07692307692307693,0.9230769230769231,0.5,True,False,0.15384615384615385,0.0,108.0,False
151,article_block,fixed_schema,0.3076923076923077,0.9230769230769231,0.07692307692307693,1.0,1.0,True,False,0.07692307692307693,0.0,108.0,False
152,unilateral,active,0.44520243144978033,0.7060719966671717,0.4199843601520431,0.7836207237884067,0.6599754230960677,True,False,0.3181818181818182,0.3181818181818182,2.0,False
152,bilateral,active,0.44520243144978033,0.7060719966671717,0.3684210526315789,0.9473684210526315,0.875,True,False,0.15789473684210525,0.2631578947368421,5.0,False
152,article_block,active,0.44520243144978033,0.7060719966671717,0.3,0.85,0.6666666666666666,True,False,0.2,0.25,4.0,False
152,unilateral,fixed_schema,0.2559913980836237,0.8309913980836237,0.2309913980836237,0.8809913980836237,0.6599754230960677,True,False,0.175,0.175,81.0,False
152,bilateral,fixed_schema,0.2559913980836237,0.8309913980836237,0.175,0.975,0.875,True,False,0.075,0.125,81.0,False
152,article_block,fixed_schema,0.2559913980836237,0.8309913980836237,0.15,0.925,0.6666666666666666,True,False,0.1,0.125,81.0,False
153,unilateral,active,0.75,1.0,0.5789473684210527,1.0,1.0,True,False,0.0,0.5789473684210527,1.0,False
153,bilateral,active,0.75,1.0,0.35294117647058826,1.0,1.0,True,False,0.0,0.35294117647058826,3.0,False
153,article_block,active,0.75,1.0,0.375,1.0,1.0,True,False,0.0,0.375,4.0,False
153,unilateral,fixed_schema,0.40540540540540543,1.0,0.2972972972972973,1.0,1.0,True,False,0.0,0.2972972972972973,84.0,False
153,bilateral,fixed_schema,0.40540540540540543,1.0,0.16216216216216217,1.0,1.0,True,False,0.0,0.16216216216216217,84.0,False
153,article_block,fixed_schema,0.40540540540540543,1.0,0.16216216216216217,1.0,1.0,True,False,0.0,0.16216216216216217,84.0,False
154,unilateral,active,0.42857142857142855,0.8571428571428571,0.3333333333333333,0.8333333333333334,0.6666666666666666,False,False,0.16666666666666666,0.3333333333333333,1.0,False
154,bilateral,active,0.42857142857142855,0.8571428571428571,0.5,1.0,1.0,False,False,0.0,0.5,1.0,False
154,article_block,active,0.42857142857142855,0.8571428571428571,0.75,1.0,1.0,False,True,0.0,0.75,3.0,False
154,unilateral,fixed_schema,0.25,0.9166666666666666,0.16666666666666666,0.9166666666666666,0.6666666666666666,True,False,0.08333333333333333,0.16666666666666666,109.0,False
154,bilateral,fixed_schema,0.25,0.9166666666666666,0.25,1.0,1.0,True,False,0.0,0.25,109.0,False
154,article_block,fixed_schema,0.25,0.9166666666666666,0.25,1.0,1.0,True,False,0.0,0.25,109.0,False
155,unilateral,active,0.8493782665505227,0.9493782665505227,0.4984375,0.9984375,0.996875,True,False,0.05,0.45,1.0,False
155,bilateral,active,0.8493782665505227,0.9493782665505227,0.44548974061169183,0.9454897406116919,0.8909794812233837,False,False,0.05555555555555555,0.4444444444444444,3.0,False
155,article_block,active,0.8493782665505227,0.9493782665505227,0.5263157894736842,1.0,1.0,True,False,0.0,0.5263157894736842,2.0,False
155,unilateral,fixed_schema,0.4718768147502904,0.9718768147502903,0.2769097222222222,0.9991319444444444,0.996875,True,False,0.027777777777777776,0.25,85.0,False
155,bilateral,fixed_schema,0.4718768147502904,0.9718768147502903,0.22274487030584592,0.9727448703058459,0.8909794812233837,True,False,0.027777777777777776,0.2222222222222222,85.0,False
155,article_block,fixed_schema,0.4718768147502904,0.9718768147502903,0.2777777777777778,1.0,1.0,True,False,0.0,0.2777777777777778,85.0,False
156,unilateral,active,0.7200099552015928,0.8628670980587357,0.5714285714285714,0.9285714285714286,0.8888888888888888,True,False,0.07142857142857142,0.5714285714285714,0.0,False
156,bilateral,active,0.7200099552015928,0.8628670980587357,0.23076923076923078,1.0,1.0,True,False,0.0,0.23076923076923078,1.0,False
156,article_block,active,0.7200099552015928,0.8628670980587357,0.2857142857142857,1.0,1.0,True,False,0.0,0.2857142857142857,0.0,False
156,unilateral,fixed_schema,0.33600464576074335,0.9360046457607433,0.26666666666666666,0.9666666666666667,0.8888888888888888,True,False,0.03333333333333333,0.26666666666666666,91.0,False
156,bilateral,fixed_schema,0.33600464576074335,0.9360046457607433,0.1,1.0,1.0,True,False,0.0,0.1,91.0,False
156,article_block,fixed_schema,0.33600464576074335,0.9360046457607433,0.13333333333333333,1.0,1.0,True,False,0.0,0.13333333333333333,91.0,False
157,unilateral,active,0.789198606271777,0.8606271777003485,0.35714285714285715,1.0,1.0,True,False,0.07142857142857142,0.2857142857142857,1.0,False
157,bilateral,active,0.789198606271777,0.8606271777003485,0.4166666666666667,1.0,1.0,True,False,0.08333333333333333,0.3333333333333333,3.0,False
157,article_block,active,0.789198606271777,0.8606271777003485,0.3333333333333333,1.0,1.0,True,False,0.08333333333333333,0.25,3.0,False
157,unilateral,fixed_schema,0.3945993031358885,0.9303135888501741,0.17857142857142858,1.0,1.0,True,False,0.03571428571428571,0.14285714285714285,93.0,False
157,bilateral,fixed_schema,0.3945993031358885,0.9303135888501741,0.17857142857142858,1.0,1.0,True,False,0.03571428571428571,0.14285714285714285,93.0,False
157,article_block,fixed_schema,0.3945993031358885,0.9303135888501741,0.14285714285714285,1.0,1.0,True,False,0.03571428571428571,0.10714285714285714,93.0,False
158,unilateral,active,0.4867412433522831,0.8551622959838621,0.45300522648083624,0.8280052264808362,0.724808362369338,False,False,0.25,0.375,3.0,False
158,bilateral,active,0.4867412433522831,0.8551622959838621,0.23076923076923078,1.0,1.0,True,False,0.15384615384615385,0.07692307692307693,6.0,False
158,article_block,active,0.4867412433522831,0.8551622959838621,0.2,1.0,1.0,True,False,0.0,0.2,4.0,False
158,unilateral,fixed_schema,0.249948206045767,0.9256238817214427,0.19589415199171298,0.9256238817214427,0.724808362369338,True,False,0.10810810810810811,0.16216216216216217,84.0,False
158,bilateral,fixed_schema,0.249948206045767,0.9256238817214427,0.08108108108108109,1.0,1.0,True,False,0.05405405405405406,0.02702702702702703,84.0,False
158,article_block,fixed_schema,0.249948206045767,0.9256238817214427,0.08108108108108109,1.0,1.0,True,False,0.0,0.08108108108108109,84.0,False
159,unilateral,active,0.48882967821274853,0.8417708546833368,0.3170731707317073,0.9053084648493543,0.7700348432055749,True,False,0.17647058823529413,0.23529411764705882,0.0,False
159,bilateral,active,0.48882967821274853,0.8417708546833368,0.15491825247922808,0.8472259447869205,0.5034843205574913,True,False,0.23076923076923078,0.07692307692307693,4.0,False
159,article_block,active,0.48882967821274853,0.8417708546833368,0.26666666666666666,0.9333333333333333,0.8,True,False,0.13333333333333333,0.2,2.0,False
159,unilateral,fixed_schema,0.25969076655052264,0.9159407665505227,0.16844512195121952,0.9496951219512195,0.7700348432055749,True,False,0.09375,0.125,89.0,False
159,bilateral,fixed_schema,0.25969076655052264,0.9159407665505227,0.06293554006968641,0.9379355400696864,0.5034843205574913,True,False,0.09375,0.03125,89.0,False
159,article_block,fixed_schema,0.25969076655052264,0.9159407665505227,0.125,0.96875,0.8,True,False,0.0625,0.09375,89.0,False
160,unilateral,active,0.46806039488966317,0.8013937282229966,0.2727272727272727,0.9090909090909091,0.75,True,False,0.09090909090909091,0.2727272727272727,1.0,False
160,bilateral,active,0.46806039488966317,0.8013937282229966,0.29074719318621756,0.735191637630662,0.5233449477351917,False,False,0.3333333333333333,0.2222222222222222,3.0,False
160,article_block,active,0.46806039488966317,0.8013937282229966,0.4616724738675958,0.7616724738675958,0.6595321055251369,False,True,0.4,0.3,2.0,False
160,unilateral,fixed_schema,0.2808362369337979,0.880836236933798,0.15,0.95,0.75,True,False,0.05,0.15,101.0,False
160,bilateral,fixed_schema,0.2808362369337979,0.880836236933798,0.13083623693379792,0.880836236933798,0.5233449477351917,True,False,0.15,0.1,101.0,False
160,article_block,fixed_schema,0.2808362369337979,0.880836236933798,0.2308362369337979,0.880836236933798,0.6595321055251369,True,False,0.2,0.15,101.0,False
161,unilateral,active,0.6539918194212998,0.9148613846386912,0.41099144757681344,0.9109914475768135,0.8219828951536269,False,False,0.22727272727272727,0.2727272727272727,1.0,False
161,bilateral,active,0.6539918194212998,0.9148613846386912,0.4758848340363103,0.9495690445626261,0.9041811846689896,True,False,0.21052631578947367,0.3157894736842105,4.0,False
161,article_block,active,0.6539918194212998,0.9148613846386912,0.6686577069852332,0.9067529450804712,0.8776132404181185,False,True,0.2857142857142857,0.47619047619047616,2.0,False
161,unilateral,fixed_schema,0.38568748324845886,0.949790047351023,0.23184132940230504,0.949790047351023,0.8219828951536269,True,False,0.1282051282051282,0.15384615384615385,82.0,False
161,bilateral,fixed_schema,0.38568748324845886,0.949790047351023,0.23184132940230504,0.9754310729920486,0.9041811846689896,True,False,0.10256410256410256,0.15384615384615385,82.0,False
161,article_block,fixed_schema,0.38568748324845886,0.949790047351023,0.36004645760743326,0.949790047351023,0.8776132404181185,True,False,0.15384615384615385,0.2564102564102564,82.0,False
162,unilateral,active,0.5720756595321055,0.9292185166749627,0.1545430179576521,0.9237737871884213,0.6696864111498257,False,False,0.07692307692307693,0.15384615384615385,1.0,False
162,bilateral,active,0.5720756595321055,0.9292185166749627,0.36445993031358886,0.9099144757681343,0.8018118466898955,False,False,0.09090909090909091,0.36363636363636365,3.0,False
162,article_block,active,0.5720756595321055,0.9292185166749627,0.25,1.0,1.0,True,False,0.0,0.25,2.0,False
162,unilateral,fixed_schema,0.32036236933797907,0.9603623693379791,0.08036236933797909,0.9603623693379791,0.6696864111498257,True,False,0.04,0.08,96.0,False
162,bilateral,fixed_schema,0.32036236933797907,0.9603623693379791,0.1603623693379791,0.9603623693379791,0.8018118466898955,True,False,0.04,0.16,96.0,False
162,article_block,fixed_schema,0.32036236933797907,0.9603623693379791,0.12,1.0,1.0,True,False,0.0,0.12,96.0,False
163,unilateral,active,0.8812121767834219,0.9338437557307904,0.5391069136255272,0.9601595452044746,0.9311846689895471,True,False,0.10526315789473684,0.47368421052631576,0.0,False
163,bilateral,active,0.8812121767834219,0.9338437557307904,0.3157894736842105,1.0,1.0,True,False,0.0,0.3157894736842105,0.0,False
163,article_block,active,0.8812121767834219,0.9338437557307904,0.5657894736842105,0.9342105263157895,0.8958333333333334,True,False,0.10526315789473684,0.5263157894736842,0.0,False
163,unilateral,fixed_schema,0.4185757839721254,0.9685757839721255,0.25607578397212544,0.9810757839721255,0.9311846689895471,True,False,0.05,0.225,81.0,False
163,bilateral,fixed_schema,0.4185757839721254,0.9685757839721255,0.15,1.0,1.0,True,False,0.0,0.15,81.0,False
163,article_block,fixed_schema,0.4185757839721254,0.9685757839721255,0.26875,0.96875,0.8958333333333334,True,False,0.05,0.25,81.0,False
164,unilateral,active,0.6501197735191637,0.9167864401858304,0.277063558812928,0.9322359726060314,0.8034843205574912,True,False,0.06896551724137931,0.27586206896551724,1.0,False
164,bilateral,active,0.6501197735191637,0.9167864401858304,0.36,1.0,1.0,True,False,0.04,0.32,5.0,False
164,article_block,active,0.6501197735191637,0.9167864401858304,0.37388392857142855,0.9810267857142857,0.9517045454545454,True,False,0.03571428571428571,0.35714285714285715,2.0,False
164,unilateral,fixed_schema,0.4149700682037215,0.9468849618207429,0.17095411075691302,0.9581881533101045,0.8034843205574912,True,False,0.0425531914893617,0.1702127659574468,74.0,False
164,bilateral,fixed_schema,0.4149700682037215,0.9468849618207429,0.19148936170212766,1.0,1.0,True,False,0.02127659574468085,0.1702127659574468,74.0,False
164,article_block,fixed_schema,0.4149700682037215,0.9468849618207429,0.22273936170212766,0.9886968085106383,0.9517045454545454,True,False,0.02127659574468085,0.2127659574468085,74.0,False
165,unilateral,active,0.7690100430416068,0.9454806312769011,0.4117647058823529,1.0,1.0,True,False,0.058823529411764705,0.35294117647058826,0.0,False
165,bilateral,active,0.7690100430416068,0.9454806312769011,0.3902439024390244,0.9287054409005628,0.8455284552845529,False,False,0.07692307692307693,0.38461538461538464,4.0,False
165,article_block,active,0.7690100430416068,0.9454806312769011,0.4,1.0,1.0,True,False,0.06666666666666667,0.3333333333333333,2.0,False
165,unilateral,fixed_schema,0.37351916376306615,0.9735191637630661,0.2,1.0,1.0,True,False,0.02857142857142857,0.17142857142857143,86.0,False
165,bilateral,fixed_schema,0.37351916376306615,0.9735191637630661,0.14494773519163764,0.9735191637630661,0.8455284552845529,True,False,0.02857142857142857,0.14285714285714285,86.0,False
165,article_block,fixed_schema,0.37351916376306615,0.9735191637630661,0.17142857142857143,1.0,1.0,True,False,0.02857142857142857,0.14285714285714285,86.0,False
166,unilateral,active,1.0,1.0,0.7692307692307693,1.0,1.0,True,False,0.0,0.7692307692307693,0.0,False
166,bilateral,active,1.0,1.0,0.38461538461538464,1.0,1.0,True,False,0.0,0.38461538461538464,0.0,False
166,article_block,active,1.0,1.0,0.7692307692307693,1.0,1.0,True,False,0.0,0.7692307692307693,0.0,False
166,unilateral,fixed_schema,0.43333333333333335,1.0,0.3333333333333333,1.0,1.0,True,False,0.0,0.3333333333333333,91.0,False
166,bilateral,fixed_schema,0.43333333333333335,1.0,0.16666666666666666,1.0,1.0,True,False,0.0,0.16666666666666666,91.0,False
166,article_block,fixed_schema,0.43333333333333335,1.0,0.3333333333333333,1.0,1.0,True,False,0.0,0.3333333333333333,91.0,False
167,unilateral,active,0.5359175377468061,0.935917537746806,0.49107142857142855,0.9910714285714286,0.9821428571428571,True,False,0.07142857142857142,0.42857142857142855,1.0,False
167,bilateral,active,0.5359175377468061,0.935917537746806,0.09090909090909091,1.0,1.0,True,False,0.0,0.09090909090909091,4.0,False
167,article_block,active,0.5359175377468061,0.935917537746806,0.375,0.9903846153846154,0.975,True,False,0.07692307692307693,0.3076923076923077,2.0,False
167,unilateral,fixed_schema,0.28709868093578894,0.9656701095072175,0.24553571428571427,0.9955357142857143,0.9821428571428571,True,False,0.03571428571428571,0.21428571428571427,93.0,False
167,bilateral,fixed_schema,0.28709868093578894,0.9656701095072175,0.03571428571428571,1.0,1.0,True,False,0.0,0.03571428571428571,93.0,False
167,article_block,fixed_schema,0.28709868093578894,0.9656701095072175,0.17410714285714285,0.9955357142857143,0.975,True,False,0.03571428571428571,0.14285714285714285,93.0,False
168,unilateral,active,0.5833333333333334,1.0,0.4166666666666667,1.0,1.0,True,False,0.0,0.4166666666666667,0.0,False
168,bilateral,active,0.5833333333333334,1.0,0.2,1.0,1.0,True,False,0.0,0.2,2.0,False
168,article_block,active,0.5833333333333334,1.0,0.7777777777777778,1.0,1.0,False,True,0.0,0.7777777777777778,3.0,False
168,unilateral,fixed_schema,0.3888888888888889,1.0,0.2777777777777778,1.0,1.0,True,False,0.0,0.2777777777777778,103.0,False
168,bilateral,fixed_schema,0.3888888888888889,1.0,0.1111111111111111,1.0,1.0,True,False,0.0,0.1111111111111111,103.0,False
168,article_block,fixed_schema,0.3888888888888889,1.0,0.3888888888888889,1.0,1.0,True,False,0.0,0.3888888888888889,103.0,False
169,unilateral,active,0.8181818181818182,0.9545454545454546,0.7727272727272727,0.9545454545454546,0.9444444444444444,True,False,0.045454545454545456,0.7727272727272727,0.0,False
169,bilateral,active,0.8181818181818182,0.9545454545454546,0.35,1.0,1.0,True,False,0.0,0.35,2.0,False
169,article_block,active,0.8181818181818182,0.9545454545454546,0.2631578947368421,1.0,1.0,True,False,0.0,0.2631578947368421,3.0,False
169,unilateral,fixed_schema,0.5,0.9722222222222222,0.4722222222222222,0.9722222222222222,0.9444444444444444,True,False,0.027777777777777776,0.4722222222222222,85.0,False
169,bilateral,fixed_schema,0.5,0.9722222222222222,0.19444444444444445,1.0,1.0,True,False,0.0,0.19444444444444445,85.0,False
169,article_block,fixed_schema,0.5,0.9722222222222222,0.1388888888888889,1.0,1.0,True,False,0.0,0.1388888888888889,85.0,False
170,unilateral,active,0.863477985429205,0.9543870763382959,0.40893253088375037,0.9543870763382959,0.8996515679442508,True,False,0.09090909090909091,0.36363636363636365,0.0,False
170,bilateral,active,0.863477985429205,0.9543870763382959,0.4,1.0,1.0,True,False,0.0,0.4,1.0,False
170,article_block,active,0.863477985429205,0.9543870763382959,0.5907507127019321,0.9543870763382959,0.9283225485316077,True,False,0.09090909090909091,0.5454545454545454,0.0,False
170,unilateral,fixed_schema,0.4522979923676788,0.9761075161772026,0.21420275427244068,0.9761075161772026,0.8996515679442508,True,False,0.047619047619047616,0.19047619047619047,100.0,False
170,bilateral,fixed_schema,0.4522979923676788,0.9761075161772026,0.19047619047619047,1.0,1.0,True,False,0.0,0.19047619047619047,100.0,False
170,article_block,fixed_schema,0.4522979923676788,0.9761075161772026,0.3094408495105359,0.9761075161772026,0.9283225485316077,True,False,0.047619047619047616,0.2857142857142857,100.0,False
171,unilateral,active,0.7272727272727273,1.0,0.6363636363636364,1.0,1.0,True,False,0.0,0.6363636363636364,0.0,False
171,bilateral,active,0.7272727272727273,1.0,0.625,1.0,1.0,True,False,0.0,0.625,3.0,False
171,article_block,active,0.7272727272727273,1.0,0.6,1.0,1.0,True,False,0.0,0.6,1.0,False
171,unilateral,fixed_schema,0.34782608695652173,1.0,0.30434782608695654,1.0,1.0,True,False,0.0,0.30434782608695654,98.0,False
171,bilateral,fixed_schema,0.34782608695652173,1.0,0.21739130434782608,1.0,1.0,True,False,0.0,0.21739130434782608,98.0,False
171,article_block,fixed_schema,0.34782608695652173,1.0,0.2608695652173913,1.0,1.0,True,False,0.0,0.2608695652173913,98.0,False
172,unilateral,active,0.5852272727272727,0.9488636363636364,0.571875,0.971875,0.953125,True,False,0.2,0.4,1.0,False
172,bilateral,active,0.5852272727272727,0.9488636363636364,0.21484375,0.96484375,0.859375,True,False,0.125,0.125,3.0,False
172,article_block,active,0.5852272727272727,0.9488636363636364,0.4,1.0,1.0,True,False,0.0,0.4,6.0,False
172,unilateral,fixed_schema,0.3786764705882353,0.9669117647058824,0.33639705882352944,0.9834558823529411,0.953125,True,False,0.11764705882352941,0.23529411764705882,104.0,False
172,bilateral,fixed_schema,0.3786764705882353,0.9669117647058824,0.10110294117647059,0.9834558823529411,0.859375,True,False,0.058823529411764705,0.058823529411764705,104.0,False
172,article_block,fixed_schema,0.3786764705882353,0.9669117647058824,0.11764705882352941,1.0,1.0,True,False,0.0,0.11764705882352941,104.0,False
173,unilateral,active,0.5,1.0,0.4444444444444444,1.0,1.0,True,False,0.0,0.4444444444444444,2.0,False
173,bilateral,active,0.5,1.0,0.25,1.0,1.0,True,False,0.0,0.25,3.0,False
173,article_block,active,0.5,1.0,0.25,1.0,1.0,True,False,0.0,0.25,3.0,False
173,unilateral,fixed_schema,0.2631578947368421,1.0,0.21052631578947367,1.0,1.0,True,False,0.0,0.21052631578947367,102.0,False
173,bilateral,fixed_schema,0.2631578947368421,1.0,0.10526315789473684,1.0,1.0,True,False,0.0,0.10526315789473684,102.0,False
173,article_block,fixed_schema,0.2631578947368421,1.0,0.10526315789473684,1.0,1.0,True,False,0.0,0.10526315789473684,102.0,False
174,unilateral,active,0.8013937282229965,0.9347270615563299,0.33472706155632986,0.9347270615563299,0.8368176538908246,True,False,0.06666666666666667,0.3333333333333333,0.0,False
174,bilateral,active,0.8013937282229965,0.9347270615563299,0.42857142857142855,1.0,1.0,True,False,0.0,0.42857142857142855,1.0,False
174,article_block,active,0.8013937282229965,0.9347270615563299,0.46153846153846156,1.0,1.0,True,False,0.0,0.46153846153846156,2.0,False
174,unilateral,fixed_schema,0.40069686411149824,0.967363530778165,0.16736353077816493,0.967363530778165,0.8368176538908246,True,False,0.03333333333333333,0.16666666666666666,91.0,False
174,bilateral,fixed_schema,0.40069686411149824,0.967363530778165,0.2,1.0,1.0,True,False,0.0,0.2,91.0,False
174,article_block,fixed_schema,0.40069686411149824,0.967363530778165,0.2,1.0,1.0,True,False,0.0,0.2,91.0,False
175,unilateral,active,0.7898559491547297,0.9009670602658408,0.627927331814527,0.9356196395068347,0.9070061459543167,True,False,0.11538461538461539,0.5769230769230769,1.0,False
175,bilateral,active,0.7898559491547297,0.9009670602658408,0.3430715625837577,0.9584561779683731,0.89198606271777,True,False,0.07692307692307693,0.3076923076923077,1.0,False
175,article_block,active,0.7898559491547297,0.9009670602658408,0.28,1.0,1.0,True,False,0.0,0.28,2.0,False
175,unilateral,fixed_schema,0.4739135694928378,0.9405802361595044,0.3628024583817267,0.9628024583817266,0.9070061459543167,True,False,0.06666666666666667,0.3333333333333333,76.0,False
175,bilateral,fixed_schema,0.4739135694928378,0.9405802361595044,0.19821912504839334,0.975996902826171,0.89198606271777,True,False,0.044444444444444446,0.17777777777777778,76.0,False
175,article_block,fixed_schema,0.4739135694928378,0.9405802361595044,0.15555555555555556,1.0,1.0,True,False,0.0,0.15555555555555556,76.0,False
176,unilateral,active,0.8480836236933798,0.9480836236933797,0.75,0.95,0.9375,True,False,0.1,0.7,0.0,False
176,bilateral,active,0.8480836236933798,0.9480836236933797,0.5499540263259776,0.9943984707704219,0.9899172473867596,True,False,0.1111111111111111,0.4444444444444444,2.0,False
176,article_block,active,0.8480836236933798,0.9480836236933797,0.35294117647058826,1.0,1.0,True,False,0.0,0.35294117647058826,3.0,False
176,unilateral,fixed_schema,0.5300522648083623,0.9675522648083623,0.46875,0.96875,0.9375,True,False,0.0625,0.4375,89.0,False
176,bilateral,fixed_schema,0.5300522648083623,0.9675522648083623,0.30934913980836237,0.9968491398083623,0.9899172473867596,True,False,0.0625,0.25,89.0,False
176,article_block,fixed_schema,0.5300522648083623,0.9675522648083623,0.1875,1.0,1.0,True,False,0.0,0.1875,89.0,False
177,unilateral,active,0.40290156794425086,0.7629015679442509,0.3465909090909091,0.8920454545454546,0.7625,True,False,0.13636363636363635,0.3181818181818182,3.0,False
177,bilateral,active,0.40290156794425086,0.7629015679442509,0.17857142857142858,0.9404761904761905,0.75,True,False,0.14285714285714285,0.09523809523809523,4.0,False
177,article_block,active,0.40290156794425086,0.7629015679442509,0.3948232951717272,0.8233947237431558,0.6909407665505226,True,False,0.2857142857142857,0.2857142857142857,4.0,False
177,unilateral,fixed_schema,0.2797927555168409,0.8353483110723965,0.21180555555555555,0.9340277777777778,0.7625,True,False,0.08333333333333333,0.19444444444444445,85.0,False
177,bilateral,fixed_schema,0.2797927555168409,0.8353483110723965,0.10416666666666667,0.9652777777777778,0.75,True,False,0.08333333333333333,0.05555555555555555,85.0,False
177,article_block,fixed_schema,0.2797927555168409,0.8353483110723965,0.23031358885017422,0.8969802555168409,0.6909407665505226,True,False,0.16666666666666666,0.16666666666666666,85.0,False
178,unilateral,active,0.7509407665505227,0.9509407665505227,0.5789473684210527,1.0,1.0,True,False,0.0,0.5789473684210527,1.0,False
178,bilateral,active,0.7509407665505227,0.9509407665505227,0.47368421052631576,1.0,1.0,True,False,0.0,0.47368421052631576,1.0,False
178,article_block,active,0.7509407665505227,0.9509407665505227,0.2222222222222222,1.0,1.0,True,False,0.0,0.2222222222222222,2.0,False
178,unilateral,fixed_schema,0.3952319823950119,0.9741793508160645,0.2894736842105263,1.0,1.0,True,False,0.0,0.2894736842105263,83.0,False
178,bilateral,fixed_schema,0.3952319823950119,0.9741793508160645,0.23684210526315788,1.0,1.0,True,False,0.0,0.23684210526315788,83.0,False
178,article_block,fixed_schema,0.3952319823950119,0.9741793508160645,0.10526315789473684,1.0,1.0,True,False,0.0,0.10526315789473684,83.0,False
179,unilateral,active,0.8420138888888888,0.8975694444444444,0.6753472222222222,0.953125,0.9350961538461539,True,False,0.05555555555555555,0.6666666666666666,0.0,False
179,bilateral,active,0.8420138888888888,0.8975694444444444,0.42424242424242425,1.0,1.0,True,False,0.0,0.42424242424242425,3.0,False
179,article_block,active,0.8420138888888888,0.8975694444444444,0.42424242424242425,1.0,1.0,True,False,0.0,0.42424242424242425,3.0,False
179,unilateral,fixed_schema,0.513771186440678,0.9375,0.4120762711864407,0.9713983050847458,0.9350961538461539,True,False,0.03389830508474576,0.4067796610169492,62.0,False
179,bilateral,fixed_schema,0.513771186440678,0.9375,0.23728813559322035,1.0,1.0,True,False,0.0,0.23728813559322035,62.0,False
179,article_block,fixed_schema,0.513771186440678,0.9375,0.23728813559322035,1.0,1.0,True,False,0.0,0.23728813559322035,62.0,False
180,unilateral,active,0.6498257839721254,0.9623257839721254,0.4623257839721254,0.9623257839721254,0.9246515679442509,True,False,0.125,0.375,0.0,False
180,bilateral,active,0.6498257839721254,0.9623257839721254,0.1875,1.0,1.0,True,False,0.0,0.1875,0.0,False
180,article_block,active,0.6498257839721254,0.9623257839721254,0.5998008959681433,0.9569437531110004,0.9330236159504453,False,False,0.07142857142857142,0.5714285714285714,2.0,False
180,unilateral,fixed_schema,0.305800368928059,0.9822709571633531,0.21756507481041196,0.9822709571633531,0.9246515679442509,True,False,0.058823529411764705,0.17647058823529413,87.0,False
180,bilateral,fixed_schema,0.305800368928059,0.9822709571633531,0.08823529411764706,1.0,1.0,True,False,0.0,0.08823529411764706,87.0,False
180,article_block,fixed_schema,0.305800368928059,0.9822709571633531,0.24697683951629432,0.9822709571633531,0.9330236159504453,True,False,0.029411764705882353,0.23529411764705882,87.0,False
181,unilateral,active,0.8606271777003485,0.9558652729384437,0.8130081300813009,0.9558652729384437,0.948509485094851,True,False,0.09523809523809523,0.7619047619047619,0.0,False
181,bilateral,active,0.8606271777003485,0.9558652729384437,0.25,1.0,1.0,True,False,0.0,0.25,1.0,False
181,article_block,active,0.8606271777003485,0.9558652729384437,0.3333333333333333,1.0,1.0,True,False,0.0,0.3333333333333333,0.0,False
181,unilateral,fixed_schema,0.6232127838519765,0.968040370058873,0.5887300252312868,0.968040370058873,0.948509485094851,True,False,0.06896551724137931,0.5517241379310345,92.0,False
181,bilateral,fixed_schema,0.6232127838519765,0.968040370058873,0.1724137931034483,1.0,1.0,True,False,0.0,0.1724137931034483,92.0,False
181,article_block,fixed_schema,0.6232127838519765,0.968040370058873,0.2413793103448276,1.0,1.0,True,False,0.0,0.2413793103448276,92.0,False
182,unilateral,active,0.7,1.0,0.375,1.0,1.0,True,False,0.125,0.25,2.0,False
182,bilateral,active,0.7,1.0,0.3,1.0,1.0,True,False,0.0,0.3,0.0,False
182,article_block,active,0.7,1.0,0.375,1.0,1.0,True,False,0.125,0.25,2.0,False
182,unilateral,fixed_schema,0.3888888888888889,1.0,0.16666666666666666,1.0,1.0,True,False,0.05555555555555555,0.1111111111111111,103.0,False
182,bilateral,fixed_schema,0.3888888888888889,1.0,0.16666666666666666,1.0,1.0,True,False,0.0,0.16666666666666666,103.0,False
182,article_block,fixed_schema,0.3888888888888889,1.0,0.16666666666666666,1.0,1.0,True,False,0.05555555555555555,0.1111111111111111,103.0,False
183,unilateral,active,0.9238809970517288,0.9238809970517288,0.5384615384615384,1.0,1.0,True,False,0.15384615384615385,0.38461538461538464,1.0,False
183,bilateral,active,0.9238809970517288,0.9238809970517288,0.5,1.0,1.0,True,False,0.08333333333333333,0.4166666666666667,2.0,False
183,article_block,active,0.9238809970517288,0.9238809970517288,0.3342044134727062,0.9175377468060395,0.8020905923344948,False,False,0.16666666666666666,0.25,2.0,False
183,unilateral,fixed_schema,0.4141535504024991,0.9658776883335336,0.2413793103448276,1.0,1.0,True,False,0.06896551724137931,0.1724137931034483,92.0,False
183,bilateral,fixed_schema,0.4141535504024991,0.9658776883335336,0.20689655172413793,1.0,1.0,True,False,0.034482758620689655,0.1724137931034483,92.0,False
183,article_block,fixed_schema,0.4141535504024991,0.9658776883335336,0.13829148143698186,0.9658776883335336,0.8020905923344948,True,False,0.06896551724137931,0.10344827586206896,92.0,False
184,unilateral,active,1.0,1.0,0.6666666666666666,1.0,1.0,True,False,0.0,0.6666666666666666,0.0,False
184,bilateral,active,1.0,1.0,0.8333333333333334,1.0,1.0,True,False,0.0,0.8333333333333334,0.0,False
184,article_block,active,1.0,1.0,0.6666666666666666,1.0,1.0,True,False,0.0,0.6666666666666666,0.0,False
184,unilateral,fixed_schema,0.5,1.0,0.3333333333333333,1.0,1.0,True,False,0.0,0.3333333333333333,109.0,False
184,bilateral,fixed_schema,0.5,1.0,0.4166666666666667,1.0,1.0,True,False,0.0,0.4166666666666667,109.0,False
184,article_block,fixed_schema,0.5,1.0,0.3333333333333333,1.0,1.0,True,False,0.0,0.3333333333333333,109.0,False
185,unilateral,active,0.6167247386759581,0.9244170463682658,0.5833333333333334,1.0,1.0,True,False,0.16666666666666666,0.4166666666666667,1.0,False
185,bilateral,active,0.6167247386759581,0.9244170463682658,0.4166666666666667,1.0,1.0,True,False,0.08333333333333333,0.3333333333333333,1.0,False
185,article_block,active,0.6167247386759581,0.9244170463682658,0.18181818181818182,1.0,1.0,True,False,0.0,0.18181818181818182,2.0,False
185,unilateral,fixed_schema,0.3644282546721571,0.955337345581248,0.3181818181818182,1.0,1.0,True,False,0.09090909090909091,0.22727272727272727,99.0,False
185,bilateral,fixed_schema,0.3644282546721571,0.955337345581248,0.22727272727272727,1.0,1.0,True,False,0.045454545454545456,0.18181818181818182,99.0,False
185,article_block,fixed_schema,0.3644282546721571,0.955337345581248,0.09090909090909091,1.0,1.0,True,False,0.0,0.09090909090909091,99.0,False
186,unilateral,active,0.8093578894972623,0.9522150323544052,0.6923076923076923,1.0,1.0,True,False,0.07692307692307693,0.6153846153846154,1.0,False
186,bilateral,active,0.8093578894972623,0.9522150323544052,0.48700080407397484,0.9485392656124364,0.9044300647088104,False,False,0.15384615384615385,0.38461538461538464,1.0,False
186,article_block,active,0.8093578894972623,0.9522150323544052,0.4166666666666667,1.0,1.0,True,False,0.0,0.4166666666666667,2.0,False
186,unilateral,fixed_schema,0.4358080943446797,0.9742696328062181,0.34615384615384615,1.0,1.0,True,False,0.038461538461538464,0.3076923076923077,95.0,False
186,bilateral,fixed_schema,0.4358080943446797,0.9742696328062181,0.24350040203698742,0.9742696328062181,0.9044300647088104,True,False,0.07692307692307693,0.19230769230769232,95.0,False
186,article_block,fixed_schema,0.4358080943446797,0.9742696328062181,0.19230769230769232,1.0,1.0,True,False,0.0,0.19230769230769232,95.0,False
187,unilateral,active,0.5454545454545454,1.0,0.6,1.0,1.0,False,True,0.2,0.4,1.0,False
187,bilateral,active,0.5454545454545454,1.0,0.4444444444444444,1.0,1.0,True,False,0.1111111111111111,0.3333333333333333,2.0,False
187,article_block,active,0.5454545454545454,1.0,0.0,1.0,,True,False,0.0,0.0,5.0,False
187,unilateral,fixed_schema,0.3157894736842105,1.0,0.3157894736842105,1.0,1.0,True,False,0.10526315789473684,0.21052631578947367,102.0,False
187,bilateral,fixed_schema,0.3157894736842105,1.0,0.21052631578947367,1.0,1.0,True,False,0.05263157894736842,0.15789473684210525,102.0,False
187,article_block,fixed_schema,0.3157894736842105,1.0,0.0,1.0,,True,False,0.0,0.0,102.0,False
188,unilateral,active,0.8,1.0,0.46153846153846156,1.0,1.0,True,False,0.0,0.46153846153846156,4.0,False
188,bilateral,active,0.8,1.0,0.38461538461538464,1.0,1.0,True,False,0.0,0.38461538461538464,4.0,False
188,article_block,active,0.8,1.0,0.46153846153846156,1.0,1.0,True,False,0.15384615384615385,0.3076923076923077,4.0,False
188,unilateral,fixed_schema,0.375,1.0,0.1875,1.0,1.0,True,False,0.0,0.1875,89.0,False
188,bilateral,fixed_schema,0.375,1.0,0.15625,1.0,1.0,True,False,0.0,0.15625,89.0,False
188,article_block,fixed_schema,0.375,1.0,0.1875,1.0,1.0,True,False,0.0625,0.125,89.0,False
189,unilateral,active,0.5459841225847323,0.8187113953120051,0.4767452712792434,0.8100786046125767,0.715117906918865,False,False,0.23809523809523808,0.42857142857142855,1.0,False
189,bilateral,active,0.5459841225847323,0.8187113953120051,0.2959558823529412,0.9430147058823529,0.8385416666666666,True,False,0.11764705882352941,0.23529411764705882,5.0,False
189,article_block,active,0.5459841225847323,0.8187113953120051,0.4767452712792434,0.8576976522316244,0.7701269766818547,True,False,0.19047619047619047,0.42857142857142855,1.0,False
189,unilateral,fixed_schema,0.33365696380178084,0.8892125193573364,0.2781014082462253,0.8892125193573364,0.715117906918865,True,False,0.1388888888888889,0.25,85.0,False
189,bilateral,fixed_schema,0.33365696380178084,0.8892125193573364,0.13975694444444445,0.9730902777777778,0.8385416666666666,True,False,0.05555555555555555,0.1111111111111111,85.0,False
189,article_block,fixed_schema,0.33365696380178084,0.8892125193573364,0.2781014082462253,0.9169902971351142,0.7701269766818547,True,False,0.1111111111111111,0.25,85.0,False
190,unilateral,active,0.6666666666666666,1.0,0.3333333333333333,1.0,1.0,True,False,0.0,0.3333333333333333,0.0,False
190,bilateral,active,0.6666666666666666,1.0,0.2222222222222222,1.0,1.0,True,False,0.0,0.2222222222222222,3.0,False
190,article_block,active,0.6666666666666666,1.0,0.8,1.0,1.0,False,True,0.0,0.8,2.0,False
190,unilateral,fixed_schema,0.36363636363636365,1.0,0.18181818181818182,1.0,1.0,True,False,0.0,0.18181818181818182,99.0,False
190,bilateral,fixed_schema,0.36363636363636365,1.0,0.09090909090909091,1.0,1.0,True,False,0.0,0.09090909090909091,99.0,False
190,article_block,fixed_schema,0.36363636363636365,1.0,0.36363636363636365,1.0,1.0,True,False,0.0,0.36363636363636365,99.0,False
191,unilateral,active,0.8005226480836237,0.9005226480836237,0.5505226480836237,0.9505226480836237,0.9175377468060395,True,False,0.1,0.5,0.0,False
191,bilateral,active,0.8005226480836237,0.9005226480836237,0.3894696089818041,0.9450251645373596,0.8763066202090593,True,False,0.05555555555555555,0.3888888888888889,2.0,False
191,article_block,active,0.8005226480836237,0.9005226480836237,0.47368421052631576,0.9473684210526315,0.9,True,False,0.05263157894736842,0.47368421052631576,1.0,False
191,unilateral,fixed_schema,0.45744151319064214,0.9431557989049277,0.31458437033349923,0.9717272274763563,0.9175377468060395,True,False,0.05714285714285714,0.2857142857142857,86.0,False
191,bilateral,fixed_schema,0.45744151319064214,0.9431557989049277,0.20029865604778496,0.9717272274763563,0.8763066202090593,True,False,0.02857142857142857,0.2,86.0,False
191,article_block,fixed_schema,0.45744151319064214,0.9431557989049277,0.2571428571428571,0.9714285714285714,0.9,True,False,0.02857142857142857,0.2571428571428571,86.0,False
192,unilateral,active,0.6666666666666666,1.0,0.7619047619047619,1.0,1.0,False,True,0.0,0.7619047619047619,3.0,False
192,bilateral,active,0.6666666666666666,1.0,0.4090909090909091,1.0,1.0,True,False,0.0,0.4090909090909091,2.0,False
192,article_block,active,0.6666666666666666,1.0,0.45454545454545453,1.0,1.0,True,False,0.0,0.45454545454545453,2.0,False
192,unilateral,fixed_schema,0.48484848484848486,1.0,0.48484848484848486,1.0,1.0,True,False,0.0,0.48484848484848486,88.0,False
192,bilateral,fixed_schema,0.48484848484848486,1.0,0.2727272727272727,1.0,1.0,True,False,0.0,0.2727272727272727,88.0,False
192,article_block,fixed_schema,0.48484848484848486,1.0,0.30303030303030304,1.0,1.0,True,False,0.0,0.30303030303030304,88.0,False
193,unilateral,active,1.0,1.0,0.6666666666666666,1.0,1.0,True,False,0.0,0.6666666666666666,0.0,False
193,bilateral,active,1.0,1.0,0.7777777777777778,1.0,1.0,True,False,0.0,0.7777777777777778,0.0,False
193,article_block,active,1.0,1.0,0.5555555555555556,1.0,1.0,True,False,0.0,0.5555555555555556,0.0,False
193,unilateral,fixed_schema,0.6,1.0,0.4,1.0,1.0,True,False,0.0,0.4,106.0,False
193,bilateral,fixed_schema,0.6,1.0,0.4666666666666667,1.0,1.0,True,False,0.0,0.4666666666666667,106.0,False
193,article_block,fixed_schema,0.6,1.0,0.3333333333333333,1.0,1.0,True,False,0.0,0.3333333333333333,106.0,False
194,unilateral,active,0.6035534352171983,0.6035534352171983,0.45970077220077216,0.7454150579150579,0.643581081081081,True,False,0.2857142857142857,0.42857142857142855,0.0,False
194,bilateral,active,0.6035534352171983,0.6035534352171983,0.42857142857142855,1.0,1.0,True,False,0.0,0.42857142857142855,0.0,False
194,article_block,active,0.6035534352171983,0.6035534352171983,0.36965090090090086,0.7029842342342342,0.5544763513513513,True,False,0.3333333333333333,0.3333333333333333,1.0,False
194,unilateral,fixed_schema,0.22236179192212568,0.8539407392905467,0.16936344238975817,0.9062055476529162,0.643581081081081,True,False,0.10526315789473684,0.15789473684210525,102.0,False
194,bilateral,fixed_schema,0.22236179192212568,0.8539407392905467,0.15789473684210525,1.0,1.0,True,False,0.0,0.15789473684210525,102.0,False
194,article_block,fixed_schema,0.22236179192212568,0.8539407392905467,0.11673186344238975,0.9062055476529162,0.5544763513513513,True,False,0.10526315789473684,0.10526315789473684,102.0,False
195,unilateral,active,0.7617388418782147,0.9998340799734529,0.5,1.0,1.0,True,False,0.05,0.45,1.0,False
195,bilateral,active,0.7617388418782147,0.9998340799734529,0.4735008252338162,0.9998166147075005,0.9996128532713898,False,False,0.05263157894736842,0.42105263157894735,2.0,False
195,article_block,active,0.7617388418782147,0.9998340799734529,0.5238095238095238,1.0,1.0,True,False,0.0,0.5238095238095238,0.0,False
195,unilateral,fixed_schema,0.4443476577622919,0.9999032133178475,0.2777777777777778,1.0,1.0,True,False,0.027777777777777776,0.25,85.0,False
195,bilateral,fixed_schema,0.4443476577622919,0.9999032133178475,0.24990321331784746,0.9999032133178475,0.9996128532713898,True,False,0.027777777777777776,0.2222222222222222,85.0,False
195,article_block,fixed_schema,0.4443476577622919,0.9999032133178475,0.3055555555555556,1.0,1.0,True,False,0.0,0.3055555555555556,85.0,False
196,unilateral,active,0.5052567266744096,0.7830345044521874,0.4265218282434925,0.9559335929493749,0.9063588850174216,True,False,0.058823529411764705,0.4117647058823529,1.0,False
196,bilateral,active,0.5052567266744096,0.7830345044521874,0.44477854462610555,0.9063170061645671,0.8260172971627675,True,False,0.15384615384615385,0.38461538461538464,5.0,False
196,article_block,active,0.5052567266744096,0.7830345044521874,0.3125,1.0,1.0,True,False,0.0,0.3125,2.0,False
196,unilateral,fixed_schema,0.2842069087543554,0.8779569087543554,0.2265897212543554,0.9765897212543554,0.9063588850174216,True,False,0.03125,0.21875,89.0,False
196,bilateral,fixed_schema,0.2842069087543554,0.8779569087543554,0.1806912837543554,0.9619412837543554,0.8260172971627675,True,False,0.0625,0.15625,89.0,False
196,article_block,fixed_schema,0.2842069087543554,0.8779569087543554,0.15625,1.0,1.0,True,False,0.0,0.15625,89.0,False
197,unilateral,active,0.5731562137049941,0.9064895470383275,0.2882030861124938,0.9310602289696366,0.8069686411149826,True,False,0.07142857142857142,0.2857142857142857,1.0,False
197,bilateral,active,0.5731562137049941,0.9064895470383275,0.1331119337979094,0.8831119337979093,0.5324477351916376,False,False,0.16666666666666666,0.08333333333333333,3.0,False
197,article_block,active,0.5731562137049941,0.9064895470383275,0.3362369337979094,0.9195702671312427,0.8069686411149826,True,False,0.08333333333333333,0.3333333333333333,3.0,False
197,unilateral,fixed_schema,0.34389372822299646,0.9438937282229964,0.16139372822299652,0.9613937282229965,0.8069686411149826,True,False,0.04,0.16,96.0,False
197,bilateral,fixed_schema,0.34389372822299646,0.9438937282229964,0.06389372822299651,0.9438937282229964,0.5324477351916376,True,False,0.08,0.04,96.0,False
197,article_block,fixed_schema,0.34389372822299646,0.9438937282229964,0.16139372822299652,0.9613937282229965,0.8069686411149826,True,False,0.04,0.16,96.0,False
198,unilateral,active,0.3378509940561591,0.8084392293502767,0.25892857142857145,0.9017857142857143,0.725,True,False,0.14285714285714285,0.21428571428571427,3.0,False
198,bilateral,active,0.3378509940561591,0.8084392293502767,0.43537255427499333,0.8199879388903779,0.7074804006968641,False,True,0.23076923076923078,0.38461538461538464,4.0,False
198,article_block,active,0.3378509940561591,0.8084392293502767,0.14285714285714285,1.0,1.0,True,False,0.0,0.14285714285714285,3.0,False
198,unilateral,fixed_schema,0.21272099625758165,0.8793876629242483,0.13425925925925927,0.9490740740740741,0.725,True,False,0.07407407407407407,0.1111111111111111,94.0,False
198,bilateral,fixed_schema,0.21272099625758165,0.8793876629242483,0.20962382242870048,0.9133275261324042,0.7074804006968641,True,False,0.1111111111111111,0.18518518518518517,94.0,False
198,article_block,fixed_schema,0.21272099625758165,0.8793876629242483,0.07407407407407407,1.0,1.0,True,False,0.0,0.07407407407407407,94.0,False
199,unilateral,active,0.5744877219180354,0.9554401028704165,0.6349601136988813,0.9507495873830919,0.9280186277137497,False,True,0.15789473684210525,0.5263157894736842,2.0,False
199,bilateral,active,0.5744877219180354,0.9554401028704165,0.3125,1.0,1.0,True,False,0.0,0.3125,5.0,False
199,article_block,active,0.5744877219180354,0.9554401028704165,0.5294117647058824,1.0,1.0,True,False,0.058823529411764705,0.47058823529411764,4.0,False
199,unilateral,fixed_schema,0.4021414053426248,0.9688080720092915,0.4021414053426248,0.9688080720092915,0.9280186277137497,True,False,0.1,0.3333333333333333,91.0,False
199,bilateral,fixed_schema,0.4021414053426248,0.9688080720092915,0.16666666666666666,1.0,1.0,True,False,0.0,0.16666666666666666,91.0,False
199,article_block,fixed_schema,0.4021414053426248,0.9688080720092915,0.3,1.0,1.0,True,False,0.03333333333333333,0.26666666666666666,91.0,False
200,unilateral,active,0.6072672971627675,0.8929815828770532,0.6,1.0,1.0,True,False,0.0,0.6,2.0,False
200,bilateral,active,0.6072672971627675,0.8929815828770532,0.7084785133565621,0.8751451800232287,0.8501742160278745,False,True,0.16666666666666666,0.6666666666666666,1.0,False
200,article_block,active,0.6072672971627675,0.8929815828770532,0.2857142857142857,1.0,1.0,True,False,0.0,0.2857142857142857,0.0,False
200,unilateral,fixed_schema,0.22373005684944067,0.9605721621125985,0.15789473684210525,1.0,1.0,True,False,0.0,0.15789473684210525,102.0,False
200,bilateral,fixed_schema,0.22373005684944067,0.9605721621125985,0.22373005684944067,0.9605721621125985,0.8501742160278745,True,False,0.05263157894736842,0.21052631578947367,102.0,False
200,article_block,fixed_schema,0.22373005684944067,0.9605721621125985,0.10526315789473684,1.0,1.0,True,False,0.0,0.10526315789473684,102.0,False
201,unilateral,active,0.7103914736626358,0.9456855913096947,0.47058823529411764,1.0,1.0,True,False,0.0,0.47058823529411764,0.0,False
201,bilateral,active,0.7103914736626358,0.9456855913096947,0.4051103368176539,0.9384436701509872,0.8680935788949726,False,False,0.06666666666666667,0.4,2.0,False
201,article_block,active,0.7103914736626358,0.9456855913096947,0.375,1.0,1.0,True,False,0.0,0.375,1.0,False
201,unilateral,fixed_schema,0.37739547038327526,0.9711454703832753,0.25,1.0,1.0,True,False,0.0,0.25,89.0,False
201,bilateral,fixed_schema,0.37739547038327526,0.9711454703832753,0.18989547038327526,0.9711454703832753,0.8680935788949726,True,False,0.03125,0.1875,89.0,False
201,article_block,fixed_schema,0.37739547038327526,0.9711454703832753,0.1875,1.0,1.0,True,False,0.0,0.1875,89.0,False
202,unilateral,active,0.8,1.0,0.6896551724137931,1.0,1.0,True,False,0.06896551724137931,0.6206896551724138,3.0,False
202,bilateral,active,0.8,1.0,0.46153846153846156,1.0,1.0,True,False,0.038461538461538464,0.4230769230769231,6.0,False
202,article_block,active,0.8,1.0,0.7142857142857143,1.0,1.0,True,False,0.03571428571428571,0.6785714285714286,4.0,False
202,unilateral,fixed_schema,0.5454545454545454,1.0,0.45454545454545453,1.0,1.0,True,False,0.045454545454545456,0.4090909090909091,77.0,False
202,bilateral,fixed_schema,0.5454545454545454,1.0,0.2727272727272727,1.0,1.0,True,False,0.022727272727272728,0.25,77.0,False
202,article_block,fixed_schema,0.5454545454545454,1.0,0.45454545454545453,1.0,1.0,True,False,0.022727272727272728,0.4318181818181818,77.0,False
203,unilateral,active,0.6875725900116144,0.9097948122338367,0.5235191637630662,0.9610191637630662,0.9307007355787843,True,False,0.0625,0.5,2.0,False
203,bilateral,active,0.6875725900116144,0.9097948122338367,0.6250871080139373,0.9584204413472706,0.9376306620209058,True,False,0.06666666666666667,0.6,3.0,False
203,article_block,active,0.6875725900116144,0.9097948122338367,0.5584204413472705,0.9584204413472706,0.9307007355787843,True,False,0.06666666666666667,0.5333333333333333,3.0,False
203,unilateral,fixed_schema,0.3256922794791858,0.9572712268476068,0.2204291215844489,0.983587016321291,0.9307007355787843,True,False,0.02631578947368421,0.21052631578947367,83.0,False
203,bilateral,fixed_schema,0.3256922794791858,0.9572712268476068,0.24674491105813312,0.983587016321291,0.9376306620209058,True,False,0.02631578947368421,0.23684210526315788,83.0,False
203,article_block,fixed_schema,0.3256922794791858,0.9572712268476068,0.2204291215844489,0.983587016321291,0.9307007355787843,True,False,0.02631578947368421,0.21052631578947367,83.0,False
204,unilateral,active,0.7272727272727273,0.9090909090909091,0.6363636363636364,0.9090909090909091,0.875,True,False,0.09090909090909091,0.6363636363636364,0.0,False
204,bilateral,active,0.7272727272727273,0.9090909090909091,0.5,1.0,1.0,True,False,0.125,0.375,3.0,False
204,article_block,active,0.7272727272727273,0.9090909090909091,0.6,1.0,1.0,True,False,0.0,0.6,1.0,False
204,unilateral,fixed_schema,0.42105263157894735,0.9473684210526315,0.3684210526315789,0.9473684210526315,0.875,True,False,0.05263157894736842,0.3684210526315789,102.0,False
204,bilateral,fixed_schema,0.42105263157894735,0.9473684210526315,0.21052631578947367,1.0,1.0,True,False,0.05263157894736842,0.15789473684210525,102.0,False
204,article_block,fixed_schema,0.42105263157894735,0.9473684210526315,0.3157894736842105,1.0,1.0,True,False,0.0,0.3157894736842105,102.0,False
205,unilateral,active,1.0,1.0,0.5,1.0,1.0,True,False,0.0,0.5,0.0,False
205,bilateral,active,1.0,1.0,0.4,1.0,1.0,True,False,0.0,0.4,0.0,False
205,article_block,active,1.0,1.0,0.8,1.0,1.0,True,False,0.0,0.8,0.0,False
205,unilateral,fixed_schema,0.45454545454545453,1.0,0.22727272727272727,1.0,1.0,True,False,0.0,0.22727272727272727,99.0,False
205,bilateral,fixed_schema,0.45454545454545453,1.0,0.18181818181818182,1.0,1.0,True,False,0.0,0.18181818181818182,99.0,False
205,article_block,fixed_schema,0.45454545454545453,1.0,0.36363636363636365,1.0,1.0,True,False,0.0,0.36363636363636365,99.0,False
206,unilateral,active,1.0,1.0,0.7777777777777778,1.0,1.0,True,False,0.0,0.7777777777777778,0.0,False
206,bilateral,active,1.0,1.0,0.6666666666666666,1.0,1.0,True,False,0.0,0.6666666666666666,0.0,False
206,article_block,active,1.0,1.0,0.5555555555555556,1.0,1.0,True,False,0.0,0.5555555555555556,0.0,False
206,unilateral,fixed_schema,0.6,1.0,0.4666666666666667,1.0,1.0,True,False,0.0,0.4666666666666667,106.0,False
206,bilateral,fixed_schema,0.6,1.0,0.4,1.0,1.0,True,False,0.0,0.4,106.0,False
206,article_block,fixed_schema,0.6,1.0,0.3333333333333333,1.0,1.0,True,False,0.0,0.3333333333333333,106.0,False
207,unilateral,active,0.6470588235294118,1.0,0.0625,1.0,1.0,True,False,0.0,0.0625,1.0,False
207,bilateral,active,0.6470588235294118,1.0,0.375,1.0,1.0,True,False,0.125,0.25,1.0,False
207,article_block,active,0.6470588235294118,1.0,0.47058823529411764,1.0,1.0,True,False,0.058823529411764705,0.4117647058823529,0.0,False
207,unilateral,fixed_schema,0.4230769230769231,1.0,0.038461538461538464,1.0,1.0,True,False,0.0,0.038461538461538464,95.0,False
207,bilateral,fixed_schema,0.4230769230769231,1.0,0.23076923076923078,1.0,1.0,True,False,0.07692307692307693,0.15384615384615385,95.0,False
207,article_block,fixed_schema,0.4230769230769231,1.0,0.3076923076923077,1.0,1.0,True,False,0.038461538461538464,0.2692307692307692,95.0,False
208,unilateral,active,0.7516021652563465,0.8944593081134894,0.38461538461538464,1.0,1.0,True,False,0.0,0.38461538461538464,1.0,False
208,bilateral,active,0.7516021652563465,0.8944593081134894,0.19403310104529614,0.8863407933529885,0.6306075783972125,False,False,0.15384615384615385,0.15384615384615385,1.0,False
208,article_block,active,0.7516021652563465,0.8944593081134894,0.6666666666666666,1.0,1.0,True,False,0.0,0.6666666666666666,2.0,False
208,unilateral,fixed_schema,0.3094832445173191,0.9565420680467308,0.14705882352941177,1.0,1.0,True,False,0.0,0.14705882352941177,87.0,False
208,bilateral,fixed_schema,0.3094832445173191,0.9565420680467308,0.07418912687026029,0.9565420680467308,0.6306075783972125,True,False,0.058823529411764705,0.058823529411764705,87.0,False
208,article_block,fixed_schema,0.3094832445173191,0.9565420680467308,0.23529411764705882,1.0,1.0,True,False,0.0,0.23529411764705882,87.0,False
209,unilateral,active,0.5099481311371555,0.8281299493189738,0.4851190476190476,0.9613095238095238,0.9261363636363636,True,False,0.19047619047619047,0.3333333333333333,1.0,False
209,bilateral,active,0.5099481311371555,0.8281299493189738,0.31380662020905925,0.9388066202090593,0.8368176538908246,True,False,0.1875,0.1875,6.0,False
209,article_block,active,0.5099481311371555,0.8281299493189738,0.37007152026407486,0.8437557307903907,0.7031358885017422,True,False,0.2631578947368421,0.2631578947368421,3.0,False
209,unilateral,fixed_schema,0.3205388252862121,0.8919673967147835,0.2910714285714286,0.9767857142857143,0.9261363636363636,True,False,0.11428571428571428,0.2,86.0,False
209,bilateral,fixed_schema,0.3205388252862121,0.8919673967147835,0.1434544549527128,0.9720258835241413,0.8368176538908246,True,False,0.08571428571428572,0.08571428571428572,86.0,False
209,article_block,fixed_schema,0.3205388252862121,0.8919673967147835,0.20089596814335492,0.915181682429069,0.7031358885017422,True,False,0.14285714285714285,0.14285714285714285,86.0,False
210,unilateral,active,1.0,1.0,0.6,1.0,1.0,True,False,0.0,0.6,1.0,False
210,bilateral,active,1.0,1.0,0.4,1.0,1.0,True,False,0.04,0.36,1.0,False
210,article_block,active,1.0,1.0,0.64,1.0,1.0,True,False,0.0,0.64,1.0,False
210,unilateral,fixed_schema,0.5102040816326531,1.0,0.30612244897959184,1.0,1.0,True,False,0.0,0.30612244897959184,72.0,False
210,bilateral,fixed_schema,0.5102040816326531,1.0,0.20408163265306123,1.0,1.0,True,False,0.02040816326530612,0.1836734693877551,72.0,False
210,article_block,fixed_schema,0.5102040816326531,1.0,0.32653061224489793,1.0,1.0,True,False,0.0,0.32653061224489793,72.0,False
211,unilateral,active,0.51171875,0.94921875,0.375,1.0,1.0,True,False,0.0,0.375,0.0,False
211,bilateral,active,0.51171875,0.94921875,0.5,1.0,1.0,True,False,0.0,0.5,2.0,False
211,article_block,active,0.51171875,0.94921875,0.4166666666666667,1.0,1.0,True,False,0.0,0.4166666666666667,4.0,False
211,unilateral,fixed_schema,0.27291666666666664,0.9729166666666667,0.2,1.0,1.0,True,False,0.0,0.2,91.0,False
211,bilateral,fixed_schema,0.27291666666666664,0.9729166666666667,0.23333333333333334,1.0,1.0,True,False,0.0,0.23333333333333334,91.0,False
211,article_block,fixed_schema,0.27291666666666664,0.9729166666666667,0.16666666666666666,1.0,1.0,True,False,0.0,0.16666666666666666,91.0,False
212,unilateral,active,0.7333333333333333,1.0,0.6153846153846154,1.0,1.0,True,False,0.0,0.6153846153846154,2.0,False
212,bilateral,active,0.7333333333333333,1.0,0.42857142857142855,1.0,1.0,True,False,0.0,0.42857142857142855,1.0,False
212,article_block,active,0.7333333333333333,1.0,0.4166666666666667,1.0,1.0,True,False,0.0,0.4166666666666667,3.0,False
212,unilateral,fixed_schema,0.3333333333333333,1.0,0.24242424242424243,1.0,1.0,True,False,0.0,0.24242424242424243,88.0,False
212,bilateral,fixed_schema,0.3333333333333333,1.0,0.18181818181818182,1.0,1.0,True,False,0.0,0.18181818181818182,88.0,False
212,article_block,fixed_schema,0.3333333333333333,1.0,0.15151515151515152,1.0,1.0,True,False,0.0,0.15151515151515152,88.0,False
213,unilateral,active,0.75,1.0,0.6666666666666666,1.0,1.0,True,False,0.0,0.6666666666666666,0.0,False
213,bilateral,active,0.75,1.0,0.6,1.0,1.0,True,False,0.0,0.6,2.0,False
213,article_block,active,0.75,1.0,0.3333333333333333,1.0,1.0,True,False,0.08333333333333333,0.25,0.0,False
213,unilateral,fixed_schema,0.34615384615384615,1.0,0.3076923076923077,1.0,1.0,True,False,0.0,0.3076923076923077,95.0,False
213,bilateral,fixed_schema,0.34615384615384615,1.0,0.23076923076923078,1.0,1.0,True,False,0.0,0.23076923076923078,95.0,False
213,article_block,fixed_schema,0.34615384615384615,1.0,0.15384615384615385,1.0,1.0,True,False,0.038461538461538464,0.11538461538461539,95.0,False
214,unilateral,active,1.0,1.0,0.8571428571428571,1.0,1.0,True,False,0.0,0.8571428571428571,0.0,False
214,bilateral,active,1.0,1.0,0.7142857142857143,1.0,1.0,True,False,0.0,0.7142857142857143,0.0,False
214,article_block,active,1.0,1.0,0.42857142857142855,1.0,1.0,True,False,0.0,0.42857142857142855,0.0,False
214,unilateral,fixed_schema,0.5,1.0,0.42857142857142855,1.0,1.0,True,False,0.0,0.42857142857142855,107.0,False
214,bilateral,fixed_schema,0.5,1.0,0.35714285714285715,1.0,1.0,True,False,0.0,0.35714285714285715,107.0,False
214,article_block,fixed_schema,0.5,1.0,0.21428571428571427,1.0,1.0,True,False,0.0,0.21428571428571427,107.0,False
215,unilateral,active,0.7894736842105263,1.0,0.7368421052631579,1.0,1.0,True,False,0.0,0.7368421052631579,0.0,False
215,bilateral,active,0.7894736842105263,1.0,0.47368421052631576,1.0,1.0,True,False,0.0,0.47368421052631576,0.0,False
215,article_block,active,0.7894736842105263,1.0,0.3684210526315789,1.0,1.0,True,False,0.0,0.3684210526315789,0.0,False
215,unilateral,fixed_schema,0.38461538461538464,1.0,0.358974358974359,1.0,1.0,True,False,0.0,0.358974358974359,82.0,False
215,bilateral,fixed_schema,0.38461538461538464,1.0,0.23076923076923078,1.0,1.0,True,False,0.0,0.23076923076923078,82.0,False
215,article_block,fixed_schema,0.38461538461538464,1.0,0.1794871794871795,1.0,1.0,True,False,0.0,0.1794871794871795,82.0,False
216,unilateral,active,0.5404020722538053,0.8035599669906474,0.4444444444444444,0.9444444444444444,0.8888888888888888,True,False,0.1111111111111111,0.3888888888888889,1.0,False
216,bilateral,active,0.5404020722538053,0.8035599669906474,0.23076923076923078,1.0,1.0,True,False,0.07692307692307693,0.15384615384615385,6.0,False
216,article_block,active,0.5404020722538053,0.8035599669906474,0.29910714285714285,0.9419642857142857,0.8375,True,False,0.07142857142857142,0.2857142857142857,5.0,False
216,unilateral,fixed_schema,0.27020103612690266,0.9017799834953237,0.21052631578947367,0.9736842105263158,0.8888888888888888,True,False,0.05263157894736842,0.18421052631578946,83.0,False
216,bilateral,fixed_schema,0.27020103612690266,0.9017799834953237,0.07894736842105263,1.0,1.0,True,False,0.02631578947368421,0.05263157894736842,83.0,False
216,article_block,fixed_schema,0.27020103612690266,0.9017799834953237,0.11019736842105263,0.9786184210526315,0.8375,True,False,0.02631578947368421,0.10526315789473684,83.0,False
217,unilateral,active,1.0,1.0,0.7777777777777778,1.0,1.0,True,False,0.0,0.7777777777777778,0.0,False
217,bilateral,active,1.0,1.0,0.2222222222222222,1.0,1.0,True,False,0.0,0.2222222222222222,0.0,False
217,article_block,active,1.0,1.0,0.3333333333333333,1.0,1.0,True,False,0.0,0.3333333333333333,0.0,False
217,unilateral,fixed_schema,0.5,1.0,0.3888888888888889,1.0,1.0,True,False,0.0,0.3888888888888889,103.0,False
217,bilateral,fixed_schema,0.5,1.0,0.1111111111111111,1.0,1.0,True,False,0.0,0.1111111111111111,103.0,False
217,article_block,fixed_schema,0.5,1.0,0.16666666666666666,1.0,1.0,True,False,0.0,0.16666666666666666,103.0,False
218,unilateral,active,0.6875,1.0,0.7333333333333333,1.0,1.0,False,True,0.06666666666666667,0.6666666666666666,1.0,False
218,bilateral,active,0.6875,1.0,0.375,1.0,1.0,True,False,0.0625,0.3125,0.0,False
218,article_block,active,0.6875,1.0,0.35714285714285715,1.0,1.0,True,False,0.0,0.35714285714285715,2.0,False
218,unilateral,fixed_schema,0.39285714285714285,1.0,0.39285714285714285,1.0,1.0,True,False,0.03571428571428571,0.35714285714285715,93.0,False
218,bilateral,fixed_schema,0.39285714285714285,1.0,0.21428571428571427,1.0,1.0,True,False,0.03571428571428571,0.17857142857142858,93.0,False
218,article_block,fixed_schema,0.39285714285714285,1.0,0.17857142857142858,1.0,1.0,True,False,0.0,0.17857142857142858,93.0,False
219,unilateral,active,0.7233796296296297,0.9826388888888888,0.68,1.0,1.0,True,False,0.0,0.68,2.0,False
219,bilateral,active,0.7233796296296297,0.9826388888888888,0.3333333333333333,1.0,1.0,True,False,0.041666666666666664,0.2916666666666667,3.0,False
219,article_block,active,0.7233796296296297,0.9826388888888888,0.5833333333333334,1.0,1.0,True,False,0.0,0.5833333333333334,3.0,False
219,unilateral,fixed_schema,0.45421511627906974,0.9890988372093024,0.3953488372093023,1.0,1.0,True,False,0.0,0.3953488372093023,78.0,False
219,bilateral,fixed_schema,0.45421511627906974,0.9890988372093024,0.18604651162790697,1.0,1.0,True,False,0.023255813953488372,0.16279069767441862,78.0,False
219,article_block,fixed_schema,0.45421511627906974,0.9890988372093024,0.32558139534883723,1.0,1.0,True,False,0.0,0.32558139534883723,78.0,False
220,unilateral,active,0.8275862068965517,1.0,0.5,1.0,1.0,True,False,0.0,0.5,2.0,False
220,bilateral,active,0.8275862068965517,1.0,0.5185185185185185,1.0,1.0,True,False,0.0,0.5185185185185185,3.0,False
220,article_block,active,0.8275862068965517,1.0,0.2962962962962963,1.0,1.0,True,False,0.0,0.2962962962962963,3.0,False
220,unilateral,fixed_schema,0.4897959183673469,1.0,0.2857142857142857,1.0,1.0,True,False,0.0,0.2857142857142857,72.0,False
220,bilateral,fixed_schema,0.4897959183673469,1.0,0.2857142857142857,1.0,1.0,True,False,0.0,0.2857142857142857,72.0,False
220,article_block,fixed_schema,0.4897959183673469,1.0,0.16326530612244897,1.0,1.0,True,False,0.0,0.16326530612244897,72.0,False
221,unilateral,active,0.6510452961672474,0.9510452961672474,0.4456058846302749,0.9456058846302748,0.8912117692605498,False,False,0.05555555555555555,0.4444444444444444,3.0,False
221,bilateral,active,0.6510452961672474,0.9510452961672474,0.29411764705882354,1.0,1.0,True,False,0.0,0.29411764705882354,4.0,False
221,article_block,active,0.6510452961672474,0.9510452961672474,0.3888888888888889,1.0,1.0,True,False,0.0,0.3888888888888889,3.0,False
221,unilateral,fixed_schema,0.5008040739748056,0.9623425355132672,0.3084963816671134,0.9623425355132672,0.8912117692605498,True,False,0.038461538461538464,0.3076923076923077,95.0,False
221,bilateral,fixed_schema,0.5008040739748056,0.9623425355132672,0.19230769230769232,1.0,1.0,True,False,0.0,0.19230769230769232,95.0,False
221,article_block,fixed_schema,0.5008040739748056,0.9623425355132672,0.2692307692307692,1.0,1.0,True,False,0.0,0.2692307692307692,95.0,False
222,unilateral,active,0.6,1.0,0.6,1.0,1.0,True,False,0.06666666666666667,0.5333333333333333,0.0,False
222,bilateral,active,0.6,1.0,0.23076923076923078,1.0,1.0,True,False,0.07692307692307693,0.15384615384615385,2.0,False
222,article_block,active,0.6,1.0,0.35714285714285715,1.0,1.0,True,False,0.0,0.35714285714285715,1.0,False
222,unilateral,fixed_schema,0.375,1.0,0.375,1.0,1.0,True,False,0.041666666666666664,0.3333333333333333,97.0,False
222,bilateral,fixed_schema,0.375,1.0,0.125,1.0,1.0,True,False,0.041666666666666664,0.08333333333333333,97.0,False
222,article_block,fixed_schema,0.375,1.0,0.20833333333333334,1.0,1.0,True,False,0.0,0.20833333333333334,97.0,False
223,unilateral,active,0.8461538461538461,1.0,0.46153846153846156,1.0,1.0,True,False,0.0,0.46153846153846156,0.0,False
223,bilateral,active,0.8461538461538461,1.0,0.6153846153846154,1.0,1.0,True,False,0.0,0.6153846153846154,0.0,False
223,article_block,active,0.8461538461538461,1.0,0.46153846153846156,1.0,1.0,True,False,0.0,0.46153846153846156,0.0,False
223,unilateral,fixed_schema,0.4583333333333333,1.0,0.25,1.0,1.0,True,False,0.0,0.25,97.0,False
223,bilateral,fixed_schema,0.4583333333333333,1.0,0.3333333333333333,1.0,1.0,True,False,0.0,0.3333333333333333,97.0,False
223,article_block,fixed_schema,0.4583333333333333,1.0,0.25,1.0,1.0,True,False,0.0,0.25,97.0,False
224,unilateral,active,0.32256866161098585,0.675509838081574,0.1328397212543554,0.9453397212543554,0.7084785133565621,True,False,0.1875,0.0,1.0,False
224,bilateral,active,0.32256866161098585,0.675509838081574,0.2656794425087108,0.7656794425087109,0.5313588850174216,True,False,0.3333333333333333,0.16666666666666666,5.0,False
224,article_block,active,0.32256866161098585,0.675509838081574,0.3806818181818182,0.8352272727272727,0.6979166666666666,False,False,0.36363636363636365,0.18181818181818182,6.0,False
224,unilateral,fixed_schema,0.17136460148083624,0.8276146014808362,0.0664198606271777,0.9726698606271778,0.7084785133565621,True,False,0.09375,0.0,89.0,False
224,bilateral,fixed_schema,0.17136460148083624,0.8276146014808362,0.09962979094076654,0.9121297909407665,0.5313588850174216,True,False,0.125,0.0625,89.0,False
224,article_block,fixed_schema,0.17136460148083624,0.8276146014808362,0.130859375,0.943359375,0.6979166666666666,True,False,0.125,0.0625,89.0,False
225,unilateral,active,0.7374912891986063,0.9374912891986062,0.5714285714285714,1.0,1.0,True,False,0.07142857142857142,0.5,1.0,False
225,bilateral,active,0.7374912891986063,0.9374912891986062,0.42857142857142855,1.0,1.0,True,False,0.07142857142857142,0.35714285714285715,1.0,False
225,article_block,active,0.7374912891986063,0.9374912891986062,0.29016923842707815,0.933026381284221,0.8124738675958187,False,False,0.07142857142857142,0.2857142857142857,1.0,False
225,unilateral,fixed_schema,0.4097173828881146,0.9652729384436702,0.2962962962962963,1.0,1.0,True,False,0.037037037037037035,0.25925925925925924,94.0,False
225,bilateral,fixed_schema,0.4097173828881146,0.9652729384436702,0.2222222222222222,1.0,1.0,True,False,0.037037037037037035,0.18518518518518517,94.0,False
225,article_block,fixed_schema,0.4097173828881146,0.9652729384436702,0.15045812362885533,0.9652729384436702,0.8124738675958187,True,False,0.037037037037037035,0.14814814814814814,94.0,False
226,unilateral,active,0.6167247386759582,0.9500580720092916,0.3786295005807201,0.9500580720092916,0.8834688346883469,True,False,0.09523809523809523,0.3333333333333333,0.0,False
226,bilateral,active,0.6167247386759582,0.9500580720092916,0.17647058823529413,1.0,1.0,True,False,0.0,0.17647058823529413,4.0,False
226,article_block,active,0.6167247386759582,0.9500580720092916,0.5475609756097561,0.9475609756097562,0.9126016260162602,False,False,0.15,0.45,1.0,False
226,unilateral,fixed_schema,0.4177812745869394,0.966168371361133,0.25649095200629424,0.966168371361133,0.8834688346883469,True,False,0.06451612903225806,0.22580645161290322,90.0,False
226,bilateral,fixed_schema,0.4177812745869394,0.966168371361133,0.0967741935483871,1.0,1.0,True,False,0.0,0.0967741935483871,90.0,False
226,article_block,fixed_schema,0.4177812745869394,0.966168371361133,0.35326514555468136,0.966168371361133,0.9126016260162602,True,False,0.0967741935483871,0.2903225806451613,90.0,False
227,unilateral,active,0.6153846153846154,1.0,0.5833333333333334,1.0,1.0,True,False,0.0,0.5833333333333334,1.0,False
227,bilateral,active,0.6153846153846154,1.0,0.38461538461538464,1.0,1.0,True,False,0.0,0.38461538461538464,0.0,False
227,article_block,active,0.6153846153846154,1.0,0.3,1.0,1.0,True,False,0.0,0.3,3.0,False
227,unilateral,fixed_schema,0.24242424242424243,1.0,0.21212121212121213,1.0,1.0,True,False,0.0,0.21212121212121213,88.0,False
227,bilateral,fixed_schema,0.24242424242424243,1.0,0.15151515151515152,1.0,1.0,True,False,0.0,0.15151515151515152,88.0,False
227,article_block,fixed_schema,0.24242424242424243,1.0,0.09090909090909091,1.0,1.0,True,False,0.0,0.09090909090909091,88.0,False
228,unilateral,active,1.0,1.0,0.8,1.0,1.0,True,False,0.0,0.8,0.0,False
228,bilateral,active,1.0,1.0,0.5,1.0,1.0,True,False,0.0,0.5,0.0,False
228,article_block,active,1.0,1.0,0.4,1.0,1.0,True,False,0.0,0.4,0.0,False
228,unilateral,fixed_schema,0.6666666666666666,1.0,0.5333333333333333,1.0,1.0,True,False,0.0,0.5333333333333333,61.0,False
228,bilateral,fixed_schema,0.6666666666666666,1.0,0.3333333333333333,1.0,1.0,True,False,0.0,0.3333333333333333,61.0,False
228,article_block,fixed_schema,0.6666666666666666,1.0,0.26666666666666666,1.0,1.0,True,False,0.0,0.26666666666666666,61.0,False
229,unilateral,active,0.40899245063879214,0.8756591173054588,0.4696487963256256,0.8332851599619893,0.738019537083126,False,True,0.36363636363636365,0.2727272727272727,4.0,False
229,bilateral,active,0.40899245063879214,0.8756591173054588,0.13980836236933797,0.889808362369338,0.5592334494773519,True,False,0.125,0.125,7.0,False
229,article_block,active,0.40899245063879214,0.8756591173054588,0.3667776256844201,0.8667776256844201,0.7335552513688403,False,False,0.2857142857142857,0.21428571428571427,1.0,False
229,unilateral,fixed_schema,0.25562028164924505,0.9222869483159117,0.21525569831591174,0.9235890316492451,0.738019537083126,True,False,0.16666666666666666,0.125,97.0,False
229,bilateral,fixed_schema,0.25562028164924505,0.9222869483159117,0.04660278745644599,0.9632694541231127,0.5592334494773519,True,False,0.041666666666666664,0.041666666666666664,97.0,False
229,article_block,fixed_schema,0.25562028164924505,0.9222869483159117,0.2139536149825784,0.9222869483159117,0.7335552513688403,True,False,0.16666666666666666,0.125,97.0,False
230,unilateral,active,0.7890625,0.9676339285714286,0.5747767857142857,0.9676339285714286,0.9466911764705882,True,False,0.07142857142857142,0.5357142857142857,2.0,False
230,bilateral,active,0.7890625,0.9676339285714286,0.6538461538461539,1.0,1.0,True,False,0.07692307692307693,0.5769230769230769,4.0,False
230,article_block,active,0.7890625,0.9676339285714286,0.5185185185185185,1.0,1.0,True,False,0.037037037037037035,0.48148148148148145,3.0,False
230,unilateral,fixed_schema,0.5138081395348837,0.9789244186046512,0.3742732558139535,0.9789244186046512,0.9466911764705882,True,False,0.046511627906976744,0.3488372093023256,78.0,False
230,bilateral,fixed_schema,0.5138081395348837,0.9789244186046512,0.3953488372093023,1.0,1.0,True,False,0.046511627906976744,0.3488372093023256,78.0,False
230,article_block,fixed_schema,0.5138081395348837,0.9789244186046512,0.32558139534883723,1.0,1.0,True,False,0.023255813953488372,0.3023255813953488,78.0,False
231,unilateral,active,1.0,1.0,0.8333333333333334,1.0,1.0,True,False,0.0,0.8333333333333334,0.0,False
231,bilateral,active,1.0,1.0,0.16666666666666666,1.0,1.0,True,False,0.0,0.16666666666666666,0.0,False
231,article_block,active,1.0,1.0,0.5,1.0,1.0,True,False,0.0,0.5,0.0,False
231,unilateral,fixed_schema,0.6,1.0,0.5,1.0,1.0,True,False,0.0,0.5,111.0,False
231,bilateral,fixed_schema,0.6,1.0,0.1,1.0,1.0,True,False,0.0,0.1,111.0,False
231,article_block,fixed_schema,0.6,1.0,0.3,1.0,1.0,True,False,0.0,0.3,111.0,False
232,unilateral,active,1.0,1.0,0.5,1.0,1.0,True,False,0.0,0.5,0.0,False
232,bilateral,active,1.0,1.0,0.625,1.0,1.0,True,False,0.0,0.625,0.0,False
232,article_block,active,1.0,1.0,1.0,1.0,1.0,True,False,0.0,1.0,0.0,False
232,unilateral,fixed_schema,0.4,1.0,0.2,1.0,1.0,True,False,0.0,0.2,101.0,False
232,bilateral,fixed_schema,0.4,1.0,0.25,1.0,1.0,True,False,0.0,0.25,101.0,False
232,article_block,fixed_schema,0.4,1.0,0.4,1.0,1.0,True,False,0.0,0.4,101.0,False
233,unilateral,active,0.4827719705768486,0.816105303910182,0.4841155974584956,0.9547038327526132,0.9144405729771583,False,False,0.058823529411764705,0.47058823529411764,1.0,False
233,bilateral,active,0.4827719705768486,0.816105303910182,0.35714285714285715,0.8571428571428571,0.7142857142857143,True,False,0.14285714285714285,0.35714285714285715,4.0,False
233,article_block,active,0.4827719705768486,0.816105303910182,0.13333333333333333,0.8666666666666667,0.5,True,False,0.13333333333333333,0.13333333333333333,3.0,False
233,unilateral,fixed_schema,0.28966318234610916,0.8896631823461091,0.27433217189314746,0.9743321718931475,0.9144405729771583,True,False,0.03333333333333333,0.26666666666666666,91.0,False
233,bilateral,fixed_schema,0.28966318234610916,0.8896631823461091,0.16666666666666666,0.9333333333333333,0.7142857142857143,True,False,0.06666666666666667,0.16666666666666666,91.0,False
233,article_block,fixed_schema,0.28966318234610916,0.8896631823461091,0.06666666666666667,0.9333333333333333,0.5,True,False,0.06666666666666667,0.06666666666666667,91.0,False
234,unilateral,active,0.8773342225609756,0.8773342225609756,0.5073429333623694,0.8823429333623694,0.8117486933797909,True,False,0.3125,0.3125,2.0,False
234,bilateral,active,0.8773342225609756,0.8773342225609756,0.46153846153846156,1.0,1.0,True,False,0.15384615384615385,0.3076923076923077,5.0,False
234,article_block,active,0.8773342225609756,0.8773342225609756,0.21428571428571427,1.0,1.0,True,False,0.0,0.21428571428571427,4.0,False
234,unilateral,fixed_schema,0.4840464676198486,0.9323223296888142,0.27991334254475553,0.935085756337859,0.8117486933797909,True,False,0.1724137931034483,0.1724137931034483,92.0,False
234,bilateral,fixed_schema,0.4840464676198486,0.9323223296888142,0.20689655172413793,1.0,1.0,True,False,0.06896551724137931,0.13793103448275862,92.0,False
234,article_block,fixed_schema,0.4840464676198486,0.9323223296888142,0.10344827586206896,1.0,1.0,True,False,0.0,0.10344827586206896,92.0,False
235,unilateral,active,0.7044541231126598,0.8377874564459931,0.402787456445993,0.9361207897793264,0.8631159780985564,True,False,0.06666666666666667,0.4,0.0,False
235,bilateral,active,0.7044541231126598,0.8377874564459931,0.4583465315172632,0.9128919860627178,0.8403019744483159,True,False,0.09090909090909091,0.45454545454545453,4.0,False
235,article_block,active,0.7044541231126598,0.8377874564459931,0.4604166666666667,0.8770833333333333,0.7892857142857144,True,False,0.16666666666666666,0.4166666666666667,3.0,False
235,unilateral,fixed_schema,0.3107885837261734,0.9284356425497028,0.17770034843205573,0.9718179954908793,0.8631159780985564,True,False,0.029411764705882353,0.17647058823529413,87.0,False
235,bilateral,fixed_schema,0.3107885837261734,0.9284356425497028,0.14828858372617337,0.9718179954908793,0.8403019744483159,True,False,0.029411764705882353,0.14705882352941177,87.0,False
235,article_block,fixed_schema,0.3107885837261734,0.9284356425497028,0.1625,0.9566176470588235,0.7892857142857144,True,False,0.058823529411764705,0.14705882352941177,87.0,False
236,unilateral,active,0.5507760532150776,0.9144124168514413,0.6058536585365853,0.9058536585365854,0.8655052264808363,False,True,0.2,0.5,1.0,False
236,bilateral,active,0.5507760532150776,0.9144124168514413,0.6666666666666666,1.0,1.0,False,True,0.0,0.6666666666666666,5.0,False
236,article_block,active,0.5507760532150776,0.9144124168514413,0.375,1.0,1.0,True,False,0.0,0.375,3.0,False
236,unilateral,fixed_schema,0.37865853658536586,0.9411585365853659,0.37865853658536586,0.9411585365853659,0.8655052264808363,True,False,0.125,0.3125,105.0,False
236,bilateral,fixed_schema,0.37865853658536586,0.9411585365853659,0.25,1.0,1.0,True,False,0.0,0.25,105.0,False
236,article_block,fixed_schema,0.37865853658536586,0.9411585365853659,0.1875,1.0,1.0,True,False,0.0,0.1875,105.0,False
237,unilateral,active,1.0,1.0,0.7,1.0,1.0,True,False,0.0,0.7,0.0,False
237,bilateral,active,1.0,1.0,0.6,1.0,1.0,True,False,0.0,0.6,0.0,False
237,article_block,active,1.0,1.0,0.5,1.0,1.0,True,False,0.0,0.5,0.0,False
237,unilateral,fixed_schema,0.5,1.0,0.35,1.0,1.0,True,False,0.0,0.35,101.0,False
237,bilateral,fixed_schema,0.5,1.0,0.3,1.0,1.0,True,False,0.0,0.3,101.0,False
237,article_block,fixed_schema,0.5,1.0,0.25,1.0,1.0,True,False,0.0,0.25,101.0,False
238,unilateral,active,0.85,1.0,0.6842105263157895,1.0,1.0,True,False,0.0,0.6842105263157895,1.0,False
238,bilateral,active,0.85,1.0,0.5294117647058824,1.0,1.0,True,False,0.0,0.5294117647058824,3.0,False
238,article_block,active,0.85,1.0,0.5,1.0,1.0,True,False,0.05,0.45,0.0,False
238,unilateral,fixed_schema,0.4473684210526316,1.0,0.34210526315789475,1.0,1.0,True,False,0.0,0.34210526315789475,83.0,False
238,bilateral,fixed_schema,0.4473684210526316,1.0,0.23684210526315788,1.0,1.0,True,False,0.0,0.23684210526315788,83.0,False
238,article_block,fixed_schema,0.4473684210526316,1.0,0.2631578947368421,1.0,1.0,True,False,0.02631578947368421,0.23684210526315788,83.0,False
239,unilateral,active,0.4,1.0,0.5714285714285714,1.0,1.0,False,True,0.14285714285714285,0.42857142857142855,3.0,False
239,bilateral,active,0.4,1.0,0.16666666666666666,1.0,1.0,True,False,0.0,0.16666666666666666,4.0,False
239,article_block,active,0.4,1.0,0.16666666666666666,1.0,1.0,True,False,0.0,0.16666666666666666,4.0,False
239,unilateral,fixed_schema,0.2857142857142857,1.0,0.2857142857142857,1.0,1.0,True,False,0.07142857142857142,0.21428571428571427,107.0,False
239,bilateral,fixed_schema,0.2857142857142857,1.0,0.07142857142857142,1.0,1.0,True,False,0.0,0.07142857142857142,107.0,False
239,article_block,fixed_schema,0.2857142857142857,1.0,0.07142857142857142,1.0,1.0,True,False,0.0,0.07142857142857142,107.0,False
240,unilateral,active,0.8,1.0,0.8421052631578947,1.0,1.0,False,True,0.0,0.8421052631578947,1.0,False
240,bilateral,active,0.8,1.0,0.6111111111111112,1.0,1.0,True,False,0.0,0.6111111111111112,2.0,False
240,article_block,active,0.8,1.0,0.75,1.0,1.0,True,False,0.0,0.75,0.0,False
240,unilateral,fixed_schema,0.4444444444444444,1.0,0.4444444444444444,1.0,1.0,True,False,0.0,0.4444444444444444,85.0,False
240,bilateral,fixed_schema,0.4444444444444444,1.0,0.3055555555555556,1.0,1.0,True,False,0.0,0.3055555555555556,85.0,False
240,article_block,fixed_schema,0.4444444444444444,1.0,0.4166666666666667,1.0,1.0,True,False,0.0,0.4166666666666667,85.0,False
241,unilateral,active,0.7142857142857143,1.0,0.5714285714285714,1.0,1.0,True,False,0.0,0.5714285714285714,0.0,False
241,bilateral,active,0.7142857142857143,1.0,0.38461538461538464,1.0,1.0,True,False,0.0,0.38461538461538464,1.0,False
241,article_block,active,0.7142857142857143,1.0,0.45454545454545453,1.0,1.0,True,False,0.0,0.45454545454545453,3.0,False
241,unilateral,fixed_schema,0.35714285714285715,1.0,0.2857142857142857,1.0,1.0,True,False,0.0,0.2857142857142857,93.0,False
241,bilateral,fixed_schema,0.35714285714285715,1.0,0.17857142857142858,1.0,1.0,True,False,0.0,0.17857142857142858,93.0,False
241,article_block,fixed_schema,0.35714285714285715,1.0,0.17857142857142858,1.0,1.0,True,False,0.0,0.17857142857142858,93.0,False
242,unilateral,active,0.7553051200154859,0.8664162311265969,0.5834301200154859,0.9167634533488191,0.8751451800232287,True,False,0.1111111111111111,0.5555555555555556,0.0,False
242,bilateral,active,0.7553051200154859,0.8664162311265969,0.25,1.0,1.0,True,False,0.0625,0.1875,2.0,False
242,article_block,active,0.7553051200154859,0.8664162311265969,0.375,1.0,1.0,True,False,0.0,0.375,2.0,False
242,unilateral,fixed_schema,0.4248591300087108,0.9248591300087108,0.3281794425087108,0.9531794425087108,0.8751451800232287,True,False,0.0625,0.3125,89.0,False
242,bilateral,fixed_schema,0.4248591300087108,0.9248591300087108,0.125,1.0,1.0,True,False,0.03125,0.09375,89.0,False
242,article_block,fixed_schema,0.4248591300087108,0.9248591300087108,0.1875,1.0,1.0,True,False,0.0,0.1875,89.0,False
243,unilateral,active,1.0,1.0,0.7142857142857143,1.0,1.0,True,False,0.0,0.7142857142857143,1.0,False
243,bilateral,active,1.0,1.0,0.16666666666666666,1.0,1.0,True,False,0.0,0.16666666666666666,2.0,False
243,article_block,active,1.0,1.0,0.42857142857142855,1.0,1.0,True,False,0.14285714285714285,0.2857142857142857,1.0,False
243,unilateral,fixed_schema,0.4375,1.0,0.3125,1.0,1.0,True,False,0.0,0.3125,105.0,False
243,bilateral,fixed_schema,0.4375,1.0,0.0625,1.0,1.0,True,False,0.0,0.0625,105.0,False
243,article_block,fixed_schema,0.4375,1.0,0.1875,1.0,1.0,True,False,0.0625,0.125,105.0,False
244,unilateral,active,0.6325477114349065,0.8598204387076339,0.30043450306952046,0.9194821221171396,0.7886405705574913,True,False,0.14285714285714285,0.23809523809523808,1.0,False
244,bilateral,active,0.6325477114349065,0.8598204387076339,0.25,1.0,1.0,True,False,0.0,0.25,6.0,False
244,article_block,active,0.6325477114349065,0.8598204387076339,0.6150499834079973,0.8531452215032355,0.8072531032229965,False,False,0.23809523809523808,0.5238095238095238,1.0,False
244,unilateral,fixed_schema,0.3662118329359985,0.9188434118833669,0.1660295938015771,0.9555032780121033,0.7886405705574913,True,False,0.07894736842105263,0.13157894736842105,83.0,False
244,bilateral,fixed_schema,0.3662118329359985,0.9188434118833669,0.10526315789473684,1.0,1.0,True,False,0.0,0.10526315789473684,83.0,False
244,article_block,fixed_schema,0.3662118329359985,0.9188434118833669,0.33989604346231433,0.9188434118833669,0.8072531032229965,True,False,0.13157894736842105,0.2894736842105263,83.0,False
245,unilateral,active,0.6451612903225806,0.967741935483871,0.6296296296296297,1.0,1.0,True,False,0.0,0.6296296296296297,4.0,False
245,bilateral,active,0.6451612903225806,0.967741935483871,0.2,1.0,1.0,True,False,0.0,0.2,1.0,False
245,article_block,active,0.6451612903225806,0.967741935483871,0.3793103448275862,1.0,1.0,True,False,0.0,0.3793103448275862,2.0,False
245,unilateral,fixed_schema,0.5,0.975,0.425,1.0,1.0,True,False,0.0,0.425,81.0,False
245,bilateral,fixed_schema,0.5,0.975,0.15,1.0,1.0,True,False,0.0,0.15,81.0,False
245,article_block,fixed_schema,0.5,0.975,0.275,1.0,1.0,True,False,0.0,0.275,81.0,False
246,unilateral,active,0.8461538461538461,1.0,0.46153846153846156,1.0,1.0,True,False,0.0,0.46153846153846156,0.0,False
246,bilateral,active,0.8461538461538461,1.0,0.3076923076923077,1.0,1.0,True,False,0.0,0.3076923076923077,0.0,False
246,article_block,active,0.8461538461538461,1.0,0.46153846153846156,1.0,1.0,True,False,0.0,0.46153846153846156,0.0,False
246,unilateral,fixed_schema,0.36666666666666664,1.0,0.2,1.0,1.0,True,False,0.0,0.2,91.0,False
246,bilateral,fixed_schema,0.36666666666666664,1.0,0.13333333333333333,1.0,1.0,True,False,0.0,0.13333333333333333,91.0,False
246,article_block,fixed_schema,0.36666666666666664,1.0,0.2,1.0,1.0,True,False,0.0,0.2,91.0,False
247,unilateral,active,1.0,1.0,0.6923076923076923,1.0,1.0,True,False,0.0,0.6923076923076923,0.0,False
247,bilateral,active,1.0,1.0,0.7692307692307693,1.0,1.0,True,False,0.0,0.7692307692307693,0.0,False
247,article_block,active,1.0,1.0,0.38461538461538464,1.0,1.0,True,False,0.0,0.38461538461538464,0.0,False
247,unilateral,fixed_schema,0.5,1.0,0.34615384615384615,1.0,1.0,True,False,0.0,0.34615384615384615,95.0,False
247,bilateral,fixed_schema,0.5,1.0,0.38461538461538464,1.0,1.0,True,False,0.0,0.38461538461538464,95.0,False
247,article_block,fixed_schema,0.5,1.0,0.19230769230769232,1.0,1.0,True,False,0.0,0.19230769230769232,95.0,False
248,unilateral,active,0.5950611919602647,0.75295592880237,0.3150336029528144,0.8150336029528144,0.6300672059056288,True,False,0.25,0.25,3.0,False
248,bilateral,active,0.5950611919602647,0.75295592880237,0.23169018908893071,0.8031187605175021,0.540610441207505,True,False,0.21428571428571427,0.21428571428571427,5.0,False
248,article_block,active,0.5950611919602647,0.75295592880237,0.0625,1.0,1.0,True,False,0.0,0.0625,3.0,False
248,unilateral,fixed_schema,0.376872088241501,0.8435387549081678,0.16801792157483436,0.9013512549081677,0.6300672059056288,True,False,0.13333333333333333,0.13333333333333333,91.0,False
248,bilateral,fixed_schema,0.376872088241501,0.8435387549081678,0.108122088241501,0.9081220882415011,0.540610441207505,True,False,0.1,0.1,91.0,False
248,article_block,fixed_schema,0.376872088241501,0.8435387549081678,0.03333333333333333,1.0,1.0,True,False,0.0,0.03333333333333333,91.0,False
249,unilateral,active,0.5833333333333334,1.0,0.3333333333333333,1.0,1.0,True,False,0.0,0.3333333333333333,0.0,False
249,bilateral,active,0.5833333333333334,1.0,0.7142857142857143,1.0,1.0,False,True,0.0,0.7142857142857143,5.0,False
249,article_block,active,0.5833333333333334,1.0,0.5555555555555556,1.0,1.0,True,False,0.0,0.5555555555555556,3.0,False
249,unilateral,fixed_schema,0.3333333333333333,1.0,0.19047619047619047,1.0,1.0,True,False,0.0,0.19047619047619047,100.0,False
249,bilateral,fixed_schema,0.3333333333333333,1.0,0.23809523809523808,1.0,1.0,True,False,0.0,0.23809523809523808,100.0,False
249,article_block,fixed_schema,0.3333333333333333,1.0,0.23809523809523808,1.0,1.0,True,False,0.0,0.23809523809523808,100.0,False
250,unilateral,active,0.3986846131933327,0.8769454827585501,0.317990097194205,0.8969374656152577,0.7552264808362369,True,False,0.21052631578947367,0.21052631578947367,4.0,False
250,bilateral,active,0.3986846131933327,0.8769454827585501,0.25,0.9375,0.8,True,False,0.1875,0.125,7.0,False
250,article_block,active,0.3986846131933327,0.8769454827585501,0.2631578947368421,1.0,1.0,True,False,0.15789473684210525,0.10526315789473684,4.0,False
250,unilateral,fixed_schema,0.24783097576882843,0.9235066514445042,0.16329221207269987,0.9470759958564837,0.7552264808362369,True,False,0.10810810810810811,0.10810810810810811,84.0,False
250,bilateral,fixed_schema,0.24783097576882843,0.9235066514445042,0.10810810810810811,0.972972972972973,0.8,True,False,0.08108108108108109,0.05405405405405406,84.0,False
250,article_block,fixed_schema,0.24783097576882843,0.9235066514445042,0.13513513513513514,1.0,1.0,True,False,0.08108108108108109,0.05405405405405406,84.0,False
251,unilateral,active,0.6809895833333334,0.9309895833333334,0.6363636363636364,1.0,1.0,True,False,0.0,0.6363636363636364,2.0,False
251,bilateral,active,0.6809895833333334,0.9309895833333334,0.2222222222222222,1.0,1.0,True,False,0.0,0.2222222222222222,6.0,False
251,article_block,active,0.6809895833333334,0.9309895833333334,0.6519886363636364,0.9247159090909091,0.896484375,False,False,0.09090909090909091,0.6363636363636364,2.0,False
251,unilateral,fixed_schema,0.40859375,0.95859375,0.35,1.0,1.0,True,False,0.0,0.35,81.0,False
251,bilateral,fixed_schema,0.40859375,0.95859375,0.1,1.0,1.0,True,False,0.0,0.1,81.0,False
251,article_block,fixed_schema,0.40859375,0.95859375,0.35859375,0.95859375,0.896484375,True,False,0.05,0.35,81.0,False
252,unilateral,active,1.0,1.0,0.5384615384615384,1.0,1.0,True,False,0.0,0.5384615384615384,0.0,False
252,bilateral,active,1.0,1.0,0.6923076923076923,1.0,1.0,True,False,0.07692307692307693,0.6153846153846154,0.0,False
252,article_block,active,1.0,1.0,0.9230769230769231,1.0,1.0,True,False,0.0,0.9230769230769231,0.0,False
252,unilateral,fixed_schema,0.4642857142857143,1.0,0.25,1.0,1.0,True,False,0.0,0.25,93.0,False
252,bilateral,fixed_schema,0.4642857142857143,1.0,0.32142857142857145,1.0,1.0,True,False,0.03571428571428571,0.2857142857142857,93.0,False
252,article_block,fixed_schema,0.4642857142857143,1.0,0.42857142857142855,1.0,1.0,True,False,0.0,0.42857142857142855,93.0,False
253,unilateral,active,0.6842105263157895,1.0,0.6875,1.0,1.0,False,True,0.0,0.6875,3.0,False
253,bilateral,active,0.6842105263157895,1.0,0.5333333333333333,1.0,1.0,True,False,0.0,0.5333333333333333,4.0,False
253,article_block,active,0.6842105263157895,1.0,0.4375,1.0,1.0,True,False,0.0,0.4375,3.0,False
253,unilateral,fixed_schema,0.34210526315789475,1.0,0.2894736842105263,1.0,1.0,True,False,0.0,0.2894736842105263,83.0,False
253,bilateral,fixed_schema,0.34210526315789475,1.0,0.21052631578947367,1.0,1.0,True,False,0.0,0.21052631578947367,83.0,False
253,article_block,fixed_schema,0.34210526315789475,1.0,0.18421052631578946,1.0,1.0,True,False,0.0,0.18421052631578946,83.0,False
254,unilateral,active,0.7272727272727273,1.0,0.5238095238095238,1.0,1.0,True,False,0.047619047619047616,0.47619047619047616,1.0,False
254,bilateral,active,0.7272727272727273,1.0,0.4,1.0,1.0,True,False,0.0,0.4,2.0,False
254,article_block,active,0.7272727272727273,1.0,0.5,1.0,1.0,True,False,0.0,0.5,4.0,False
254,unilateral,fixed_schema,0.37209302325581395,1.0,0.2558139534883721,1.0,1.0,True,False,0.023255813953488372,0.23255813953488372,78.0,False
254,bilateral,fixed_schema,0.37209302325581395,1.0,0.18604651162790697,1.0,1.0,True,False,0.0,0.18604651162790697,78.0,False
254,article_block,fixed_schema,0.37209302325581395,1.0,0.20930232558139536,1.0,1.0,True,False,0.0,0.20930232558139536,78.0,False
255,unilateral,active,0.8979648400380107,0.8979648400380107,0.7047830218561926,0.9775102945834653,0.9690766550522648,True,False,0.09090909090909091,0.6363636363636364,0.0,False
255,bilateral,active,0.8979648400380107,0.8979648400380107,0.6252375673107381,0.8979648400380107,0.8597016550522648,True,False,0.18181818181818182,0.5454545454545454,0.0,False
255,article_block,active,0.8979648400380107,0.8979648400380107,0.18181818181818182,1.0,1.0,True,False,0.0,0.18181818181818182,0.0,False
255,unilateral,fixed_schema,0.37990820155454297,0.95683127847762,0.2981774323237738,0.9904851246314661,0.9690766550522648,True,False,0.038461538461538464,0.2692307692307692,95.0,False
255,bilateral,fixed_schema,0.37990820155454297,0.95683127847762,0.26452358616992766,0.95683127847762,0.8597016550522648,True,False,0.07692307692307693,0.23076923076923078,95.0,False
255,article_block,fixed_schema,0.37990820155454297,0.95683127847762,0.07692307692307693,1.0,1.0,True,False,0.0,0.07692307692307693,95.0,False
256,unilateral,active,1.0,1.0,0.6842105263157895,1.0,1.0,True,False,0.0,0.6842105263157895,0.0,False
256,bilateral,active,1.0,1.0,0.4473684210526316,1.0,1.0,True,False,0.0,0.4473684210526316,0.0,False
256,article_block,active,1.0,1.0,0.47368421052631576,1.0,1.0,True,False,0.0,0.47368421052631576,0.0,False
256,unilateral,fixed_schema,0.7037037037037037,1.0,0.48148148148148145,1.0,1.0,True,False,0.0,0.48148148148148145,67.0,False
256,bilateral,fixed_schema,0.7037037037037037,1.0,0.3148148148148148,1.0,1.0,True,False,0.0,0.3148148148148148,67.0,False
256,article_block,fixed_schema,0.7037037037037037,1.0,0.3333333333333333,1.0,1.0,True,False,0.0,0.3333333333333333,67.0,False
257,unilateral,active,0.8006968641114982,0.9506968641114982,0.45,1.0,1.0,True,False,0.05,0.4,0.0,False
257,bilateral,active,0.8006968641114982,0.9506968641114982,0.4452187379016648,0.9452187379016647,0.8904374758033295,False,False,0.1111111111111111,0.3888888888888889,2.0,False
257,article_block,active,0.8006968641114982,0.9506968641114982,0.5789473684210527,1.0,1.0,True,False,0.05263157894736842,0.5263157894736842,1.0,False
257,unilateral,fixed_schema,0.5004355400696864,0.9691855400696864,0.28125,1.0,1.0,True,False,0.03125,0.25,89.0,False
257,bilateral,fixed_schema,0.5004355400696864,0.9691855400696864,0.25043554006968644,0.9691855400696864,0.8904374758033295,True,False,0.0625,0.21875,89.0,False
257,article_block,fixed_schema,0.5004355400696864,0.9691855400696864,0.34375,1.0,1.0,True,False,0.03125,0.3125,89.0,False
258,unilateral,active,1.0,1.0,0.75,1.0,1.0,True,False,0.0,0.75,0.0,False
258,bilateral,active,1.0,1.0,0.0,1.0,,True,False,0.0,0.0,0.0,False
258,article_block,active,1.0,1.0,0.75,1.0,1.0,True,False,0.0,0.75,0.0,False
258,unilateral,fixed_schema,0.5,1.0,0.375,1.0,1.0,True,False,0.0,0.375,113.0,False
258,bilateral,fixed_schema,0.5,1.0,0.0,1.0,,True,False,0.0,0.0,113.0,False
258,article_block,fixed_schema,0.5,1.0,0.375,1.0,1.0,True,False,0.0,0.375,113.0,False
259,unilateral,active,0.8963815789473685,0.9490131578947368,0.5526315789473685,1.0,1.0,True,False,0.02631578947368421,0.5263157894736842,0.0,False
259,bilateral,active,0.8963815789473685,0.9490131578947368,0.5,1.0,1.0,True,False,0.0,0.5,4.0,False
259,article_block,active,0.8963815789473685,0.9490131578947368,0.3939393939393939,1.0,1.0,True,False,0.0,0.3939393939393939,5.0,False
259,unilateral,fixed_schema,0.5975877192982456,0.9660087719298246,0.3684210526315789,1.0,1.0,True,False,0.017543859649122806,0.3508771929824561,64.0,False
259,bilateral,fixed_schema,0.5975877192982456,0.9660087719298246,0.2982456140350877,1.0,1.0,True,False,0.0,0.2982456140350877,64.0,False
259,article_block,fixed_schema,0.5975877192982456,0.9660087719298246,0.22807017543859648,1.0,1.0,True,False,0.0,0.22807017543859648,64.0,False
260,unilateral,active,0.7663182346109175,0.9663182346109175,0.6996515679442509,0.9663182346109175,0.9540703199239785,True,False,0.13333333333333333,0.6,0.0,False
260,bilateral,active,0.7663182346109175,0.9663182346109175,0.408615774469433,0.9540703199239785,0.8989547038327526,False,False,0.09090909090909091,0.36363636363636365,4.0,False
260,article_block,active,0.7663182346109175,0.9663182346109175,0.46153846153846156,1.0,1.0,True,False,0.0,0.46153846153846156,2.0,False
260,unilateral,fixed_schema,0.33808157409305184,0.9851403976224636,0.3086698093871695,0.9851403976224636,0.9540703199239785,True,False,0.058823529411764705,0.2647058823529412,87.0,False
260,bilateral,fixed_schema,0.33808157409305184,0.9851403976224636,0.13219922115187538,0.9851403976224636,0.8989547038327526,True,False,0.029411764705882353,0.11764705882352941,87.0,False
260,article_block,fixed_schema,0.33808157409305184,0.9851403976224636,0.17647058823529413,1.0,1.0,True,False,0.0,0.17647058823529413,87.0,False
261,unilateral,active,0.6872618140243902,0.8122618140243902,0.6247618140243902,0.8747618140243902,0.8330157520325203,True,False,0.3125,0.4375,0.0,False
261,bilateral,active,0.6872618140243902,0.8122618140243902,0.4282992160278746,0.8568706445993032,0.7495236280487805,True,False,0.35714285714285715,0.21428571428571427,2.0,False
261,article_block,active,0.6872618140243902,0.8122618140243902,0.36890243902439024,0.8689024390243902,0.7378048780487805,True,False,0.25,0.25,0.0,False
261,unilateral,fixed_schema,0.39272103658536583,0.8927210365853658,0.35700675087108014,0.9284353222996515,0.8330157520325203,True,False,0.17857142857142858,0.25,93.0,False
261,bilateral,fixed_schema,0.39272103658536583,0.8927210365853658,0.2141496080139373,0.9284353222996515,0.7495236280487805,True,False,0.17857142857142858,0.10714285714285714,93.0,False
261,article_block,fixed_schema,0.39272103658536583,0.8927210365853658,0.21080139372822299,0.9250871080139372,0.7378048780487805,True,False,0.14285714285714285,0.14285714285714285,93.0,False
262,unilateral,active,0.625,1.0,0.375,1.0,1.0,True,False,0.0,0.375,0.0,False
262,bilateral,active,0.625,1.0,0.25,1.0,1.0,True,False,0.0,0.25,0.0,False
262,article_block,active,0.625,1.0,0.3333333333333333,1.0,1.0,True,False,0.0,0.3333333333333333,2.0,False
262,unilateral,fixed_schema,0.22727272727272727,1.0,0.13636363636363635,1.0,1.0,True,False,0.0,0.13636363636363635,99.0,False
262,bilateral,fixed_schema,0.22727272727272727,1.0,0.09090909090909091,1.0,1.0,True,False,0.0,0.09090909090909091,99.0,False
262,article_block,fixed_schema,0.22727272727272727,1.0,0.09090909090909091,1.0,1.0,True,False,0.0,0.09090909090909091,99.0,False
263,unilateral,active,1.0,1.0,0.6666666666666666,1.0,1.0,True,False,0.0,0.6666666666666666,0.0,False
263,bilateral,active,1.0,1.0,0.4166666666666667,1.0,1.0,True,False,0.0,0.4166666666666667,0.0,False
263,article_block,active,1.0,1.0,0.6666666666666666,1.0,1.0,True,False,0.0,0.6666666666666666,0.0,False
263,unilateral,fixed_schema,0.5,1.0,0.3333333333333333,1.0,1.0,True,False,0.0,0.3333333333333333,97.0,False
263,bilateral,fixed_schema,0.5,1.0,0.20833333333333334,1.0,1.0,True,False,0.0,0.20833333333333334,97.0,False
263,article_block,fixed_schema,0.5,1.0,0.3333333333333333,1.0,1.0,True,False,0.0,0.3333333333333333,97.0,False
264,unilateral,active,0.84,1.0,0.48,1.0,1.0,True,False,0.0,0.48,0.0,False
264,bilateral,active,0.84,1.0,0.5217391304347826,1.0,1.0,True,False,0.0,0.5217391304347826,2.0,False
264,article_block,active,0.84,1.0,0.30434782608695654,1.0,1.0,True,False,0.0,0.30434782608695654,2.0,False
264,unilateral,fixed_schema,0.5121951219512195,1.0,0.2926829268292683,1.0,1.0,True,False,0.0,0.2926829268292683,80.0,False
264,bilateral,fixed_schema,0.5121951219512195,1.0,0.2926829268292683,1.0,1.0,True,False,0.0,0.2926829268292683,80.0,False
264,article_block,fixed_schema,0.5121951219512195,1.0,0.17073170731707318,1.0,1.0,True,False,0.0,0.17073170731707318,80.0,False
265,unilateral,active,0.863477985429205,0.9543870763382959,0.6363636363636364,1.0,1.0,True,False,0.09090909090909091,0.5454545454545454,0.0,False
265,bilateral,active,0.863477985429205,0.9543870763382959,0.34982578397212544,0.9498257839721255,0.8745644599303136,False,False,0.1,0.3,1.0,False
265,article_block,active,0.863477985429205,0.9543870763382959,0.5907507127019321,0.9543870763382959,0.9283225485316077,True,False,0.09090909090909091,0.5454545454545454,0.0,False
265,unilateral,fixed_schema,0.4522979923676788,0.9761075161772026,0.3333333333333333,1.0,1.0,True,False,0.047619047619047616,0.2857142857142857,100.0,False
265,bilateral,fixed_schema,0.4522979923676788,0.9761075161772026,0.16658370665339306,0.9761075161772026,0.8745644599303136,True,False,0.047619047619047616,0.14285714285714285,100.0,False
265,article_block,fixed_schema,0.4522979923676788,0.9761075161772026,0.3094408495105359,0.9761075161772026,0.9283225485316077,True,False,0.047619047619047616,0.2857142857142857,100.0,False
266,unilateral,active,1.0,1.0,0.7647058823529411,1.0,1.0,True,False,0.0,0.7647058823529411,0.0,False
266,bilateral,active,1.0,1.0,0.47058823529411764,1.0,1.0,True,False,0.0,0.47058823529411764,0.0,False
266,article_block,active,1.0,1.0,0.7647058823529411,1.0,1.0,True,False,0.0,0.7647058823529411,0.0,False
266,unilateral,fixed_schema,0.4722222222222222,1.0,0.3611111111111111,1.0,1.0,True,False,0.0,0.3611111111111111,85.0,False
266,bilateral,fixed_schema,0.4722222222222222,1.0,0.2222222222222222,1.0,1.0,True,False,0.0,0.2222222222222222,85.0,False
266,article_block,fixed_schema,0.4722222222222222,1.0,0.3611111111111111,1.0,1.0,True,False,0.0,0.3611111111111111,85.0,False
267,unilateral,active,0.328125,0.8735795454545454,0.1109375,0.9109375,0.5546875,True,False,0.1,0.1,2.0,False
267,bilateral,active,0.328125,0.8735795454545454,0.326171875,0.951171875,0.8697916666666666,True,False,0.0625,0.3125,6.0,False
267,article_block,active,0.328125,0.8735795454545454,0.25,1.0,1.0,True,False,0.0,0.25,6.0,False
267,unilateral,fixed_schema,0.20625,0.9205357142857142,0.06339285714285714,0.9491071428571428,0.5546875,True,False,0.05714285714285714,0.05714285714285714,86.0,False
267,bilateral,fixed_schema,0.20625,0.9205357142857142,0.14910714285714285,0.9776785714285714,0.8697916666666666,True,False,0.02857142857142857,0.14285714285714285,86.0,False
267,article_block,fixed_schema,0.20625,0.9205357142857142,0.11428571428571428,1.0,1.0,True,False,0.0,0.11428571428571428,86.0,False
268,unilateral,active,0.8421052631578947,0.9473684210526315,0.7777777777777778,1.0,1.0,True,False,0.0,0.7777777777777778,1.0,False
268,bilateral,active,0.8421052631578947,0.9473684210526315,0.5263157894736842,1.0,1.0,True,False,0.0,0.5263157894736842,0.0,False
268,article_block,active,0.8421052631578947,0.9473684210526315,0.7222222222222222,1.0,1.0,True,False,0.0,0.7222222222222222,1.0,False
268,unilateral,fixed_schema,0.4444444444444444,0.9722222222222222,0.3888888888888889,1.0,1.0,True,False,0.0,0.3888888888888889,85.0,False
268,bilateral,fixed_schema,0.4444444444444444,0.9722222222222222,0.2777777777777778,1.0,1.0,True,False,0.0,0.2777777777777778,85.0,False
268,article_block,fixed_schema,0.4444444444444444,0.9722222222222222,0.3611111111111111,1.0,1.0,True,False,0.0,0.3611111111111111,85.0,False
269,unilateral,active,0.8023228803716608,0.9356562137049942,0.5356562137049942,0.9356562137049942,0.8927603561749903,True,False,0.13333333333333333,0.4666666666666667,0.0,False
269,bilateral,active,0.8023228803716608,0.9356562137049942,0.5714285714285714,1.0,1.0,True,False,0.14285714285714285,0.42857142857142855,1.0,False
269,article_block,active,0.8023228803716608,0.9356562137049942,0.6153846153846154,1.0,1.0,True,False,0.0,0.6153846153846154,2.0,False
269,unilateral,fixed_schema,0.38822074856693267,0.9688659098572552,0.25918849050241655,0.9688659098572552,0.8927603561749903,True,False,0.06451612903225806,0.22580645161290322,90.0,False
269,bilateral,fixed_schema,0.38822074856693267,0.9688659098572552,0.25806451612903225,1.0,1.0,True,False,0.06451612903225806,0.1935483870967742,90.0,False
269,article_block,fixed_schema,0.38822074856693267,0.9688659098572552,0.25806451612903225,1.0,1.0,True,False,0.0,0.25806451612903225,90.0,False
270,unilateral,active,0.6923076923076923,1.0,0.46153846153846156,1.0,1.0,True,False,0.0,0.46153846153846156,0.0,False
270,bilateral,active,0.6923076923076923,1.0,0.18181818181818182,1.0,1.0,True,False,0.0,0.18181818181818182,2.0,False
270,article_block,active,0.6923076923076923,1.0,0.6666666666666666,1.0,1.0,True,False,0.0,0.6666666666666666,1.0,False
270,unilateral,fixed_schema,0.4090909090909091,1.0,0.2727272727272727,1.0,1.0,True,False,0.0,0.2727272727272727,99.0,False
270,bilateral,fixed_schema,0.4090909090909091,1.0,0.09090909090909091,1.0,1.0,True,False,0.0,0.09090909090909091,99.0,False
270,article_block,fixed_schema,0.4090909090909091,1.0,0.36363636363636365,1.0,1.0,True,False,0.0,0.36363636363636365,99.0,False
271,unilateral,active,0.8815331010452963,0.9584561779683731,0.8815331010452963,0.9584561779683731,0.9549941927990709,True,False,0.15384615384615385,0.7692307692307693,0.0,False
271,bilateral,active,0.8815331010452963,0.9584561779683731,0.16666666666666666,1.0,1.0,True,False,0.0,0.16666666666666666,1.0,False
271,article_block,active,0.8815331010452963,0.9584561779683731,0.7883275261324042,0.9549941927990709,0.9459930313588851,False,False,0.16666666666666666,0.6666666666666666,1.0,False
271,unilateral,fixed_schema,0.4407665505226481,0.9792280889841865,0.4407665505226481,0.9792280889841865,0.9549941927990709,True,False,0.07692307692307693,0.38461538461538464,95.0,False
271,bilateral,fixed_schema,0.4407665505226481,0.9792280889841865,0.07692307692307693,1.0,1.0,True,False,0.0,0.07692307692307693,95.0,False
271,article_block,fixed_schema,0.4407665505226481,0.9792280889841865,0.3638434735995712,0.9792280889841865,0.9459930313588851,True,False,0.07692307692307693,0.3076923076923077,95.0,False
272,unilateral,active,0.8823529411764706,1.0,0.5294117647058824,1.0,1.0,True,False,0.0,0.5294117647058824,0.0,False
272,bilateral,active,0.8823529411764706,1.0,0.375,1.0,1.0,True,False,0.0,0.375,1.0,False
272,article_block,active,0.8823529411764706,1.0,0.375,1.0,1.0,True,False,0.0,0.375,1.0,False
272,unilateral,fixed_schema,0.45454545454545453,1.0,0.2727272727272727,1.0,1.0,True,False,0.0,0.2727272727272727,88.0,False
272,bilateral,fixed_schema,0.45454545454545453,1.0,0.18181818181818182,1.0,1.0,True,False,0.0,0.18181818181818182,88.0,False
272,article_block,fixed_schema,0.45454545454545453,1.0,0.18181818181818182,1.0,1.0,True,False,0.0,0.18181818181818182,88.0,False
273,unilateral,active,0.8060394889663183,0.9727061556329849,0.6393728222996516,0.9727061556329849,0.9590592334494774,True,False,0.1111111111111111,0.5555555555555556,0.0,False
273,bilateral,active,0.8060394889663183,0.9727061556329849,0.3109455725099123,0.9661179863030158,0.9017421602787457,False,False,0.034482758620689655,0.3103448275862069,7.0,False
273,article_block,active,0.8060394889663183,0.9727061556329849,0.5,1.0,1.0,True,False,0.029411764705882353,0.47058823529411764,2.0,False
273,unilateral,fixed_schema,0.48362369337979094,0.9836236933797909,0.38362369337979096,0.9836236933797909,0.9590592334494774,True,False,0.06666666666666667,0.3333333333333333,61.0,False
273,bilateral,fixed_schema,0.48362369337979094,0.9836236933797909,0.1502903600464576,0.9836236933797909,0.9017421602787457,True,False,0.016666666666666666,0.15,61.0,False
273,article_block,fixed_schema,0.48362369337979094,0.9836236933797909,0.2833333333333333,1.0,1.0,True,False,0.016666666666666666,0.26666666666666666,61.0,False
274,unilateral,active,0.682195744151319,0.825052887008462,0.40029761904761907,0.8764880952380952,0.7642045454545454,True,False,0.19047619047619047,0.3333333333333333,0.0,False
274,bilateral,active,0.682195744151319,0.825052887008462,0.4444444444444444,0.9444444444444444,0.8888888888888888,True,False,0.05555555555555555,0.4444444444444444,3.0,False
274,article_block,active,0.682195744151319,0.825052887008462,0.5703125,0.8703125,0.8147321428571429,True,False,0.2,0.5,1.0,False
274,unilateral,fixed_schema,0.3979475174216028,0.8979475174216027,0.23350694444444445,0.9279513888888888,0.7642045454545454,True,False,0.1111111111111111,0.19444444444444445,85.0,False
274,bilateral,fixed_schema,0.3979475174216028,0.8979475174216027,0.2222222222222222,0.9722222222222222,0.8888888888888888,True,False,0.027777777777777776,0.2222222222222222,85.0,False
274,article_block,fixed_schema,0.3979475174216028,0.8979475174216027,0.3168402777777778,0.9279513888888888,0.8147321428571429,True,False,0.1111111111111111,0.2777777777777778,85.0,False
275,unilateral,active,0.730742428303404,0.9615116590726347,0.6153846153846154,1.0,1.0,True,False,0.0,0.6153846153846154,0.0,False
275,bilateral,active,0.730742428303404,0.9615116590726347,0.5908774152676591,0.9545137789040229,0.9285216525634644,False,False,0.18181818181818182,0.45454545454545453,2.0,False
275,article_block,active,0.730742428303404,0.9615116590726347,0.4166666666666667,1.0,1.0,True,False,0.08333333333333333,0.3333333333333333,1.0,False
275,unilateral,fixed_schema,0.4130283290410544,0.9782457203454022,0.34782608695652173,1.0,1.0,True,False,0.0,0.34782608695652173,98.0,False
275,bilateral,fixed_schema,0.4130283290410544,0.9782457203454022,0.28259354643235873,0.9782457203454022,0.9285216525634644,True,False,0.08695652173913043,0.21739130434782608,98.0,False
275,article_block,fixed_schema,0.4130283290410544,0.9782457203454022,0.21739130434782608,1.0,1.0,True,False,0.043478260869565216,0.17391304347826086,98.0,False
276,unilateral,active,0.8571428571428571,1.0,0.5714285714285714,1.0,1.0,True,False,0.0,0.5714285714285714,0.0,False
276,bilateral,active,0.8571428571428571,1.0,0.7142857142857143,1.0,1.0,True,False,0.0,0.7142857142857143,0.0,False
276,article_block,active,0.8571428571428571,1.0,0.5714285714285714,1.0,1.0,True,False,0.0,0.5714285714285714,0.0,False
276,unilateral,fixed_schema,0.4,1.0,0.26666666666666666,1.0,1.0,True,False,0.0,0.26666666666666666,106.0,False
276,bilateral,fixed_schema,0.4,1.0,0.3333333333333333,1.0,1.0,True,False,0.0,0.3333333333333333,106.0,False
276,article_block,fixed_schema,0.4,1.0,0.26666666666666666,1.0,1.0,True,False,0.0,0.26666666666666666,106.0,False
277,unilateral,active,0.8,1.0,0.4,1.0,1.0,True,False,0.0,0.4,0.0,False
277,bilateral,active,0.8,1.0,0.21428571428571427,1.0,1.0,True,False,0.07142857142857142,0.14285714285714285,1.0,False
277,article_block,active,0.8,1.0,0.5384615384615384,1.0,1.0,True,False,0.0,0.5384615384615384,2.0,False
277,unilateral,fixed_schema,0.4,1.0,0.2,1.0,1.0,True,False,0.0,0.2,91.0,False
277,bilateral,fixed_schema,0.4,1.0,0.1,1.0,1.0,True,False,0.03333333333333333,0.06666666666666667,91.0,False
277,article_block,fixed_schema,0.4,1.0,0.23333333333333334,1.0,1.0,True,False,0.0,0.23333333333333334,91.0,False
278,unilateral,active,0.9131944444444444,0.96875,0.6111111111111112,1.0,1.0,True,False,0.1111111111111111,0.5,0.0,False
278,bilateral,active,0.9131944444444444,0.96875,0.3333333333333333,1.0,1.0,True,False,0.0,0.3333333333333333,3.0,False
278,article_block,active,0.9131944444444444,0.96875,0.5,1.0,1.0,True,False,0.0,0.5,2.0,False
278,unilateral,fixed_schema,0.4565972222222222,0.984375,0.3055555555555556,1.0,1.0,True,False,0.05555555555555555,0.25,85.0,False
278,bilateral,fixed_schema,0.4565972222222222,0.984375,0.1388888888888889,1.0,1.0,True,False,0.0,0.1388888888888889,85.0,False
278,article_block,fixed_schema,0.4565972222222222,0.984375,0.2222222222222222,1.0,1.0,True,False,0.0,0.2222222222222222,85.0,False
279,unilateral,active,1.0,1.0,0.9375,1.0,1.0,True,False,0.0,0.9375,0.0,False
279,bilateral,active,1.0,1.0,0.5,1.0,1.0,True,False,0.0,0.5,0.0,False
279,article_block,active,1.0,1.0,0.34375,1.0,1.0,True,False,0.0,0.34375,0.0,False
279,unilateral,fixed_schema,0.7804878048780488,1.0,0.7317073170731707,1.0,1.0,True,False,0.0,0.7317073170731707,80.0,False
279,bilateral,fixed_schema,0.7804878048780488,1.0,0.3902439024390244,1.0,1.0,True,False,0.0,0.3902439024390244,80.0,False
279,article_block,fixed_schema,0.7804878048780488,1.0,0.2682926829268293,1.0,1.0,True,False,0.0,0.2682926829268293,80.0,False
280,unilateral,active,0.8846153846153846,1.0,0.875,1.0,1.0,True,False,0.08333333333333333,0.7916666666666666,4.0,False
280,bilateral,active,0.8846153846153846,1.0,0.5,1.0,1.0,True,False,0.0,0.5,6.0,False
280,article_block,active,0.8846153846153846,1.0,0.24,1.0,1.0,True,False,0.0,0.24,3.0,False
280,unilateral,fixed_schema,0.5111111111111111,1.0,0.4666666666666667,1.0,1.0,True,False,0.044444444444444446,0.4222222222222222,76.0,False
280,bilateral,fixed_schema,0.5111111111111111,1.0,0.24444444444444444,1.0,1.0,True,False,0.0,0.24444444444444444,76.0,False
280,article_block,fixed_schema,0.5111111111111111,1.0,0.13333333333333333,1.0,1.0,True,False,0.0,0.13333333333333333,76.0,False
281,unilateral,active,0.8571428571428571,1.0,0.42857142857142855,1.0,1.0,True,False,0.0,0.42857142857142855,0.0,False
281,bilateral,active,0.8571428571428571,1.0,0.5,1.0,1.0,True,False,0.0,0.5,1.0,False
281,article_block,active,0.8571428571428571,1.0,0.3333333333333333,1.0,1.0,True,False,0.0,0.3333333333333333,1.0,False
281,unilateral,fixed_schema,0.2727272727272727,1.0,0.13636363636363635,1.0,1.0,True,False,0.0,0.13636363636363635,99.0,False
281,bilateral,fixed_schema,0.2727272727272727,1.0,0.13636363636363635,1.0,1.0,True,False,0.0,0.13636363636363635,99.0,False
281,article_block,fixed_schema,0.2727272727272727,1.0,0.09090909090909091,1.0,1.0,True,False,0.0,0.09090909090909091,99.0,False
282,unilateral,active,0.5634184214512953,0.7808097257991214,0.48098772913194976,0.9157703378276019,0.8509782900026803,True,False,0.08695652173913043,0.4782608695652174,0.0,False
282,bilateral,active,0.5634184214512953,0.7808097257991214,0.31772648083623695,0.8177264808362369,0.6354529616724739,True,False,0.25,0.25,7.0,False
282,article_block,active,0.5634184214512953,0.7808097257991214,0.59375,0.84375,0.7916666666666666,False,False,0.25,0.5,3.0,False
282,unilateral,fixed_schema,0.30136334170650675,0.8827586905437161,0.2572725062798801,0.9549469248845313,0.8509782900026803,True,False,0.046511627906976744,0.2558139534883721,78.0,False
282,bilateral,fixed_schema,0.30136334170650675,0.8827586905437161,0.11822380682278584,0.9321772951948789,0.6354529616724739,True,False,0.09302325581395349,0.09302325581395349,78.0,False
282,article_block,fixed_schema,0.30136334170650675,0.8827586905437161,0.2761627906976744,0.9273255813953488,0.7916666666666666,True,False,0.11627906976744186,0.23255813953488372,78.0,False
283,unilateral,active,0.6063380153890825,0.9396713487224159,0.6830357142857143,0.96875,0.95625,False,True,0.14285714285714285,0.5714285714285714,3.0,False
283,bilateral,active,0.6063380153890825,0.9396713487224159,0.410418118466899,0.960418118466899,0.9120402632597755,True,False,0.1,0.35,4.0,False
283,article_block,active,0.6063380153890825,0.9396713487224159,0.6,1.0,1.0,True,False,0.05,0.55,4.0,False
283,unilateral,fixed_schema,0.40422534359272166,0.9597808991482771,0.3984375,0.9817708333333334,0.95625,True,False,0.08333333333333333,0.3333333333333333,85.0,False
283,bilateral,fixed_schema,0.40422534359272166,0.9597808991482771,0.22801006581494387,0.9780100658149438,0.9120402632597755,True,False,0.05555555555555555,0.19444444444444445,85.0,False
283,article_block,fixed_schema,0.40422534359272166,0.9597808991482771,0.3333333333333333,1.0,1.0,True,False,0.027777777777777776,0.3055555555555556,85.0,False
284,unilateral,active,0.6,1.0,0.6,1.0,1.0,True,False,0.0,0.6,0.0,False
284,bilateral,active,0.6,1.0,0.3333333333333333,1.0,1.0,True,False,0.0,0.3333333333333333,2.0,False
284,article_block,active,0.6,1.0,0.25,1.0,1.0,True,False,0.0,0.25,1.0,False
284,unilateral,fixed_schema,0.21428571428571427,1.0,0.21428571428571427,1.0,1.0,True,False,0.0,0.21428571428571427,107.0,False
284,bilateral,fixed_schema,0.21428571428571427,1.0,0.07142857142857142,1.0,1.0,True,False,0.0,0.07142857142857142,107.0,False
284,article_block,fixed_schema,0.21428571428571427,1.0,0.07142857142857142,1.0,1.0,True,False,0.0,0.07142857142857142,107.0,False
285,unilateral,active,0.75,1.0,0.7368421052631579,1.0,1.0,True,False,0.0,0.7368421052631579,1.0,False
285,bilateral,active,0.75,1.0,0.3888888888888889,1.0,1.0,True,False,0.0,0.3888888888888889,2.0,False
285,article_block,active,0.75,1.0,0.5789473684210527,1.0,1.0,True,False,0.0,0.5789473684210527,1.0,False
285,unilateral,fixed_schema,0.375,1.0,0.35,1.0,1.0,True,False,0.0,0.35,81.0,False
285,bilateral,fixed_schema,0.375,1.0,0.175,1.0,1.0,True,False,0.0,0.175,81.0,False
285,article_block,fixed_schema,0.375,1.0,0.275,1.0,1.0,True,False,0.0,0.275,81.0,False
286,unilateral,active,0.5721036585365854,0.7054369918699187,0.3333333333333333,0.9333333333333333,0.8333333333333334,True,False,0.06666666666666667,0.3333333333333333,1.0,False
286,bilateral,active,0.5721036585365854,0.7054369918699187,0.4,1.0,1.0,True,False,0.0,0.4,6.0,False
286,article_block,active,0.5721036585365854,0.7054369918699187,0.16666666666666666,1.0,1.0,True,False,0.0,0.16666666666666666,4.0,False
286,unilateral,fixed_schema,0.3300598030018762,0.8300598030018762,0.19230769230769232,0.9615384615384616,0.8333333333333334,True,False,0.038461538461538464,0.19230769230769232,95.0,False
286,bilateral,fixed_schema,0.3300598030018762,0.8300598030018762,0.15384615384615385,1.0,1.0,True,False,0.0,0.15384615384615385,95.0,False
286,article_block,fixed_schema,0.3300598030018762,0.8300598030018762,0.07692307692307693,1.0,1.0,True,False,0.0,0.07692307692307693,95.0,False
287,unilateral,active,0.5,1.0,0.3333333333333333,1.0,1.0,True,False,0.0,0.3333333333333333,1.0,False
287,bilateral,active,0.5,1.0,0.6,1.0,1.0,False,True,0.0,0.6,5.0,False
287,article_block,active,0.5,1.0,0.3333333333333333,1.0,1.0,True,False,0.0,0.3333333333333333,4.0,False
287,unilateral,fixed_schema,0.2777777777777778,1.0,0.16666666666666666,1.0,1.0,True,False,0.0,0.16666666666666666,103.0,False
287,bilateral,fixed_schema,0.2777777777777778,1.0,0.16666666666666666,1.0,1.0,True,False,0.0,0.16666666666666666,103.0,False
287,article_block,fixed_schema,0.2777777777777778,1.0,0.1111111111111111,1.0,1.0,True,False,0.0,0.1111111111111111,103.0,False
288,unilateral,active,0.8116883116883117,0.9935064935064936,0.6818181818181818,1.0,1.0,True,False,0.045454545454545456,0.6363636363636364,0.0,False
288,bilateral,active,0.8116883116883117,0.9935064935064936,0.4928571428571429,0.9928571428571429,0.9857142857142858,False,False,0.1,0.4,2.0,False
288,article_block,active,0.8116883116883117,0.9935064935064936,0.23809523809523808,1.0,1.0,True,False,0.047619047619047616,0.19047619047619047,1.0,False
288,unilateral,fixed_schema,0.4699248120300752,0.9962406015037594,0.39473684210526316,1.0,1.0,True,False,0.02631578947368421,0.3684210526315789,83.0,False
288,bilateral,fixed_schema,0.4699248120300752,0.9962406015037594,0.2593984962406015,0.9962406015037594,0.9857142857142858,True,False,0.05263157894736842,0.21052631578947367,83.0,False
288,article_block,fixed_schema,0.4699248120300752,0.9962406015037594,0.13157894736842105,1.0,1.0,True,False,0.02631578947368421,0.10526315789473684,83.0,False
289,unilateral,active,0.75,1.0,0.4166666666666667,1.0,1.0,True,False,0.08333333333333333,0.3333333333333333,0.0,False
289,bilateral,active,0.75,1.0,0.3,1.0,1.0,True,False,0.0,0.3,2.0,False
289,article_block,active,0.75,1.0,0.7,1.0,1.0,True,False,0.1,0.6,2.0,False
289,unilateral,fixed_schema,0.4090909090909091,1.0,0.22727272727272727,1.0,1.0,True,False,0.045454545454545456,0.18181818181818182,99.0,False
289,bilateral,fixed_schema,0.4090909090909091,1.0,0.13636363636363635,1.0,1.0,True,False,0.0,0.13636363636363635,99.0,False
289,article_block,fixed_schema,0.4090909090909091,1.0,0.3181818181818182,1.0,1.0,True,False,0.045454545454545456,0.2727272727272727,99.0,False
290,unilateral,active,0.6562137049941928,0.9895470383275261,0.3333333333333333,1.0,1.0,True,False,0.08333333333333333,0.25,0.0,False
290,bilateral,active,0.6562137049941928,0.9895470383275261,0.5,1.0,1.0,True,False,0.1,0.4,2.0,False
290,article_block,active,0.6562137049941928,0.9895470383275261,0.2613240418118467,0.988596769084574,0.9581881533101045,False,False,0.09090909090909091,0.18181818181818182,1.0,False
290,unilateral,fixed_schema,0.3749792599966816,0.9940268790443005,0.19047619047619047,1.0,1.0,True,False,0.047619047619047616,0.14285714285714285,100.0,False
290,bilateral,fixed_schema,0.3749792599966816,0.9940268790443005,0.23809523809523808,1.0,1.0,True,False,0.047619047619047616,0.19047619047619047,100.0,False
290,article_block,fixed_schema,0.3749792599966816,0.9940268790443005,0.1368840219014435,0.9940268790443005,0.9581881533101045,True,False,0.047619047619047616,0.09523809523809523,100.0,False
291,unilateral,active,0.6580522347711162,0.8994315451159438,0.68,0.96,0.9444444444444444,False,False,0.04,0.68,4.0,False
291,bilateral,active,0.6580522347711162,0.8994315451159438,0.3641826923076923,0.9411057692307693,0.8607954545454546,True,False,0.07692307692307693,0.34615384615384615,3.0,False
291,article_block,active,0.6580522347711162,0.8994315451159438,0.4583333333333333,1.0,1.0,True,False,0.0,0.4583333333333333,5.0,False
291,unilateral,fixed_schema,0.4337162456445993,0.9337162456445992,0.38636363636363635,0.9772727272727273,0.9444444444444444,True,False,0.022727272727272728,0.38636363636363635,77.0,False
291,bilateral,fixed_schema,0.4337162456445993,0.9337162456445992,0.21519886363636365,0.9651988636363636,0.8607954545454546,True,False,0.045454545454545456,0.20454545454545456,77.0,False
291,article_block,fixed_schema,0.4337162456445993,0.9337162456445992,0.25,1.0,1.0,True,False,0.0,0.25,77.0,False
292,unilateral,active,0.8348214285714286,0.9776785714285714,0.6296296296296297,1.0,1.0,True,False,0.037037037037037035,0.5925925925925926,1.0,False
292,bilateral,active,0.8348214285714286,0.9776785714285714,0.38461538461538464,1.0,1.0,True,False,0.038461538461538464,0.34615384615384615,2.0,False
292,article_block,active,0.8348214285714286,0.9776785714285714,0.5,1.0,1.0,True,False,0.0,0.5,2.0,False
292,unilateral,fixed_schema,0.5194444444444445,0.9861111111111112,0.37777777777777777,1.0,1.0,True,False,0.022222222222222223,0.35555555555555557,76.0,False
292,bilateral,fixed_schema,0.5194444444444445,0.9861111111111112,0.2222222222222222,1.0,1.0,True,False,0.022222222222222223,0.2,76.0,False
292,article_block,fixed_schema,0.5194444444444445,0.9861111111111112,0.28888888888888886,1.0,1.0,True,False,0.0,0.28888888888888886,76.0,False
293,unilateral,active,0.6363636363636364,1.0,0.7777777777777778,1.0,1.0,False,True,0.1111111111111111,0.6666666666666666,2.0,False
293,bilateral,active,0.6363636363636364,1.0,0.5,1.0,1.0,True,False,0.125,0.375,3.0,False
293,article_block,active,0.6363636363636364,1.0,0.25,1.0,1.0,True,False,0.0,0.25,3.0,False
293,unilateral,fixed_schema,0.5,1.0,0.5,1.0,1.0,True,False,0.07142857142857142,0.42857142857142855,107.0,False
293,bilateral,fixed_schema,0.5,1.0,0.2857142857142857,1.0,1.0,True,False,0.07142857142857142,0.21428571428571427,107.0,False
293,article_block,fixed_schema,0.5,1.0,0.14285714285714285,1.0,1.0,True,False,0.0,0.14285714285714285,107.0,False
294,unilateral,active,0.8240623078499693,0.9417093666734987,0.7652387784382045,0.9417093666734987,0.9292185166749627,True,False,0.11764705882352941,0.7058823529411765,0.0,False
294,bilateral,active,0.8240623078499693,0.9417093666734987,0.4166666666666667,1.0,1.0,True,False,0.0,0.4166666666666667,5.0,False
294,article_block,active,0.8240623078499693,0.9417093666734987,0.6470588235294118,1.0,1.0,True,False,0.0,0.6470588235294118,0.0,False
294,unilateral,fixed_schema,0.4519051365628864,0.9680341688209508,0.41964707204675733,0.9680341688209508,0.9292185166749627,True,False,0.06451612903225806,0.3870967741935484,90.0,False
294,bilateral,fixed_schema,0.4519051365628864,0.9680341688209508,0.16129032258064516,1.0,1.0,True,False,0.0,0.16129032258064516,90.0,False
294,article_block,fixed_schema,0.4519051365628864,0.9680341688209508,0.3548387096774194,1.0,1.0,True,False,0.0,0.3548387096774194,90.0,False
295,unilateral,active,0.98,1.0,0.66,1.0,1.0,True,False,0.0,0.66,0.0,False
295,bilateral,active,0.98,1.0,0.54,1.0,1.0,True,False,0.0,0.54,0.0,False
295,article_block,active,0.98,1.0,0.46,1.0,1.0,True,False,0.0,0.46,0.0,False
295,unilateral,fixed_schema,0.6447368421052632,1.0,0.4342105263157895,1.0,1.0,True,False,0.0,0.4342105263157895,45.0,False
295,bilateral,fixed_schema,0.6447368421052632,1.0,0.35526315789473684,1.0,1.0,True,False,0.0,0.35526315789473684,45.0,False
295,article_block,fixed_schema,0.6447368421052632,1.0,0.3026315789473684,1.0,1.0,True,False,0.0,0.3026315789473684,45.0,False
296,unilateral,active,0.7436535589845695,0.9579392732702837,0.6470115250603056,0.9547038327526133,0.9345722028648858,False,False,0.15384615384615385,0.5384615384615384,1.0,False
296,bilateral,active,0.7436535589845695,0.9579392732702837,0.45454545454545453,1.0,1.0,True,False,0.0,0.45454545454545453,3.0,False
296,article_block,active,0.7436535589845695,0.9579392732702837,0.36363636363636365,1.0,1.0,True,False,0.0,0.36363636363636365,3.0,False
296,unilateral,fixed_schema,0.3062102889936463,0.9826808772289404,0.24738675958188155,0.9826808772289404,0.9345722028648858,True,False,0.058823529411764705,0.20588235294117646,87.0,False
296,bilateral,fixed_schema,0.3062102889936463,0.9826808772289404,0.14705882352941177,1.0,1.0,True,False,0.0,0.14705882352941177,87.0,False
296,article_block,fixed_schema,0.3062102889936463,0.9826808772289404,0.11764705882352941,1.0,1.0,True,False,0.0,0.11764705882352941,87.0,False
297,unilateral,active,0.41423299101412064,0.7300224646983312,0.32613482384823844,0.770579268292683,0.5870426829268293,True,False,0.2777777777777778,0.2777777777777778,1.0,False
297,bilateral,active,0.41423299101412064,0.7300224646983312,0.16826923076923078,0.8605769230769231,0.546875,True,False,0.15384615384615385,0.15384615384615385,6.0,False
297,article_block,active,0.41423299101412064,0.7300224646983312,0.30514705882352944,0.8933823529411765,0.7410714285714286,True,False,0.11764705882352941,0.29411764705882354,2.0,False
297,unilateral,fixed_schema,0.24595083841463414,0.8397008384146342,0.18345083841463414,0.8709508384146342,0.5870426829268293,True,False,0.15625,0.15625,89.0,False
297,bilateral,fixed_schema,0.24595083841463414,0.8397008384146342,0.068359375,0.943359375,0.546875,True,False,0.0625,0.0625,89.0,False
297,article_block,fixed_schema,0.24595083841463414,0.8397008384146342,0.162109375,0.943359375,0.7410714285714286,True,False,0.0625,0.15625,89.0,False
298,unilateral,active,0.6666666666666666,1.0,0.6666666666666666,1.0,1.0,True,False,0.0,0.6666666666666666,0.0,False
298,bilateral,active,0.6666666666666666,1.0,1.0,1.0,1.0,False,True,0.0,1.0,1.0,False
298,article_block,active,0.6666666666666666,1.0,1.0,1.0,1.0,False,True,0.0,1.0,1.0,False
298,unilateral,fixed_schema,0.2,1.0,0.2,1.0,1.0,True,False,0.0,0.2,111.0,False
298,bilateral,fixed_schema,0.2,1.0,0.2,1.0,1.0,True,False,0.0,0.2,111.0,False
298,article_block,fixed_schema,0.2,1.0,0.2,1.0,1.0,True,False,0.0,0.2,111.0,False
299,unilateral,active,0.6674216027874564,0.9174216027874564,0.7009059233449477,0.9009059233449477,0.8761324041811847,False,True,0.1,0.7,2.0,False
299,bilateral,active,0.6674216027874564,0.9174216027874564,0.3,1.0,1.0,True,False,0.0,0.3,2.0,False
299,article_block,active,0.6674216027874564,0.9174216027874564,0.4,1.0,1.0,True,False,0.0,0.4,2.0,False
299,unilateral,fixed_schema,0.3337108013937282,0.9587108013937282,0.29204413472706153,0.9587108013937282,0.8761324041811847,True,False,0.041666666666666664,0.2916666666666667,97.0,False
299,bilateral,fixed_schema,0.3337108013937282,0.9587108013937282,0.125,1.0,1.0,True,False,0.0,0.125,97.0,False
299,article_block,fixed_schema,0.3337108013937282,0.9587108013937282,0.16666666666666666,1.0,1.0,True,False,0.0,0.16666666666666666,97.0,False
