material_profile,process_profile,process_lambda,bound,requested_clusters,mean_pair_distance,mean_same_paper_distance,mean_cross_paper_distance,mean_interval_width,same_paper_cocluster,cross_paper_cocluster,same_paper_recall_lift,same_paper_precision,same_paper_precision_lift,paper_ari,paper_nmi,actual_clusters,largest_cluster_fraction,shared_author_pair_count,shared_author_cocluster,shared_author_lift,same_location_pair_count,same_location_cocluster,same_location_lift
identity_strict,equal,0.0,optimistic,8,0.687466025352478,0.1283249706029892,0.6956469416618347,0.20730875432491302,0.9879638916750251,0.9355905738294331,1.0559788857547212,0.015215128007884063,1.0551271598422245,0.0016115465898599286,0.07711520063284102,8,0.9675480769230769,8437,0.9775986725139267,1.046092726704708,92,1.0,1.0688634780371162
identity_strict,equal,0.0,optimistic,12,0.687466025352478,0.1283249706029892,0.6956469416618347,0.20730875432491302,0.9656970912738214,0.3707012688172674,2.6050547233218397,0.03671558009701333,2.546124208067627,0.0441851981549587,0.4085012960674949,12,0.5012019230769231,8437,0.4720872347990992,1.2824035011374837,92,1.0,2.6988273512399967
identity_strict,equal,0.0,optimistic,20,0.687466025352478,0.1283249706029892,0.6956469416618347,0.20730875432491302,0.9003009027081244,0.15949587773802432,5.644665652029512,0.07628760836308006,5.290335217790035,0.11718476922938552,0.6129936124933831,20,0.2704326923076923,8437,0.26277112717790685,1.67505061893356,92,0.8913043478260869,5.5951934325870605
identity_strict,equal,0.0,optimistic,30,0.687466025352478,0.1283249706029892,0.6956469416618347,0.20730875432491302,0.886258776328987,0.11893657674686171,7.451524170022592,0.09830666874346365,6.817296320549731,0.1550463259895017,0.6867836406567733,30,0.25,8437,0.24937774090316464,2.1567906369467744,92,0.8260869565217391,6.956780800639806
identity_strict,equal,0.0,optimistic,50,0.687466025352478,0.1283249706029892,0.6956469416618347,0.20730875432491302,0.8541624874623872,0.11253525715342329,7.590176706113333,0.09995305164319249,6.931468433469422,0.157203757354962,0.724666936820135,50,0.25,8437,0.2489036387341472,2.2819989972062804,92,0.782608695652174,6.96554458595108
identity_strict,equal,0.0,optimistic,80,0.687466025352478,0.1283249706029892,0.6956469416618347,0.20730875432491302,0.7993981945837513,0.07720032520229755,10.354855274106546,0.1315702588483888,9.124034544203132,0.20629620909196195,0.7898948460979038,80,0.23557692307692307,8437,0.2312433329382482,3.1552294353122323,92,0.782608695652174,10.162456303775985
identity_strict,equal,0.0,reported,8,0.8708984851837158,0.1619073897600174,0.8812718391418457,0.20730875432491302,0.999197592778335,0.9308270058788827,1.0734514431442577,0.01546298940780569,1.0723156642569298,0.0021138620846606255,0.08587593047840328,8,0.9651442307692307,8437,0.9632570819011497,1.0357563479937046,92,1.0,1.0743350438888382
identity_strict,equal,0.0,reported,12,0.8708984851837158,0.1619073897600174,0.8812718391418457,0.20730875432491302,0.999197592778335,0.9073232152762899,1.1012587090853487,0.01585719925123203,1.09965302955946,0.0029117973647823994,0.12120545913056047,12,0.953125,8437,0.9506933744221879,1.0490734083860533,92,1.0,1.1021734839488357
identity_strict,equal,0.0,reported,20,0.8708984851837158,0.1619073897600174,0.8812718391418457,0.20730875432491302,0.9027081243731193,0.2330508847674422,3.873437877199726,0.053633362335077414,3.719325742384538,0.07609972300678246,0.5533907576508609,20,0.3954326923076923,8437,0.35711745881237406,1.5533557600395704,92,0.9565217391304348,4.107791442487166
identity_strict,equal,0.0,reported,30,0.8708984851837158,0.1619073897600174,0.8812718391418457,0.20730875432491302,0.8649949849548646,0.1452580045845306,5.954886874764237,0.08014422987565749,5.557781282065253,0.12356321867806855,0.6455510540182913,30,0.25600961538461536,8437,0.2583856821144957,1.8146909627552144,92,0.782608695652174,5.394107353535033
identity_strict,equal,0.0,reported,50,0.8708984851837158,0.1619073897600174,0.8812718391418457,0.20730875432491302,0.8567703109327984,0.12611274657994606,6.793685286916419,0.09041258282351447,6.26986323605971,0.14115970492250357,0.7179277528785669,50,0.25600961538461536,8437,0.24854806210738414,2.0206517772667407,92,0.782608695652174,6.21436477304056
identity_strict,equal,0.0,reported,80,0.8708984851837158,0.1619073897600174,0.8812718391418457,0.20730875432491302,0.7815446339017051,0.0734933712149006,10.634219399412295,0.13464196848216753,9.337049134686335,0.2102815449087401,0.7866186775986993,80,0.21875,8437,0.22176128955789973,3.1803492048237545,92,0.782608695652174,10.676521599821685
identity_strict,equal,0.0,pessimistic,8,0.8947747945785522,0.29104316234588623,0.9036080241203308,0.20730875432491302,0.999197592778335,0.9308270058788827,1.0734514431442577,0.01546298940780569,1.0723156642569298,0.0021138620846606255,0.08587593047840328,8,0.9651442307692307,8437,0.9632570819011497,1.0357563479937046,92,1.0,1.0743350438888382
identity_strict,equal,0.0,pessimistic,12,0.8947747945785522,0.29104316234588623,0.9036080241203308,0.20730875432491302,0.999197592778335,0.9189459688709787,1.0873300788358142,0.01565977942378551,1.0859625090641836,0.0025122720635410954,0.107903075869592,12,0.9591346153846154,8437,0.9506933744221879,1.035455955908265,92,1.0,1.0882291863017288
identity_strict,equal,0.0,pessimistic,20,0.8947747945785522,0.29104316234588623,0.9036080241203308,0.20730875432491302,0.9857572718154464,0.8662884380017082,1.1379088402580095,0.016376288041377286,1.135650405366492,0.003960636216559165,0.16296404153455205,20,0.9314903846153846,8437,0.9506933744221879,1.1001545983664647,92,1.0,1.154398058713084
identity_strict,equal,0.0,pessimistic,30,0.8947747945785522,0.29104316234588623,0.9036080241203308,0.20730875432491302,0.923370110330993,0.6205728608703563,1.4879318264675032,0.021306338207453285,1.477535785950606,0.013852177311370622,0.34096613254666736,30,0.7860576923076923,8437,0.8286120659002015,1.346700802587119,92,1.0,1.6116804830040126
identity_strict,equal,0.0,pessimistic,50,0.8947747945785522,0.29104316234588623,0.9036080241203308,0.20730875432491302,0.8136409227683049,0.11462206973065149,7.098466505449311,0.094087081583892,6.524679589814468,0.14660864285857364,0.669541872552145,50,0.23317307692307693,8437,0.2890837975583738,2.623450858958625,92,0.782608695652174,6.838495454307171
identity_strict,equal,0.0,pessimistic,80,0.8947747945785522,0.29104316234588623,0.9036080241203308,0.20730875432491302,0.7885656970912738,0.09838250012473915,8.015304511386187,0.10496381939067048,7.278951355682492,0.16398868038169448,0.6946657348378867,80,0.22115384615384615,8437,0.2880170676780846,3.07817893681788,92,0.782608695652174,7.969725882096024
identity_strict,equal,0.25,optimistic,8,0.6404685378074646,0.10097711533308029,0.6483619809150696,0.20778439939022064,0.9891675025075226,0.7836230705788777,1.262300128270605,0.01813401000294204,1.2575435751207726,0.007506528468805615,0.18422099416799984,8,0.8822115384615384,8437,0.9410928054995852,1.2071101253221173,92,1.0,1.2762189159113815
identity_strict,equal,0.25,optimistic,12,0.6404685378074646,0.10097711533308029,0.6483619809150696,0.20778439939022064,0.9045135406218656,0.18986765910111503,4.763915797477453,0.06515990115464096,4.51865941615943,0.09727722836310793,0.5350329647432926,12,0.25600961538461536,8437,0.32582671565722415,1.7478527327341906,92,0.9347826086956522,4.928560420272806
identity_strict,equal,0.25,optimistic,20,0.6404685378074646,0.10097711533308029,0.6483619809150696,0.20778439939022064,0.8914744232698094,0.14430411697890588,6.177747675765366,0.08289498227942547,5.748538373935459,0.12869436548004007,0.6297437700182998,20,0.25600961538461536,8437,0.2694085575441508,1.9089727475193559,92,0.8913043478260869,6.1852170901347465
identity_strict,equal,0.25,optimistic,30,0.6404685378074646,0.10097711533308029,0.6483619809150696,0.20778439939022064,0.8866599799398195,0.12720458100853801,6.970346294999443,0.09254606365159129,6.417814246760382,0.14527808050691482,0.6858348262732885,30,0.25600961538461536,8437,0.24937774090316464,2.009451437599625,92,0.8260869565217391,6.503811784473887
identity_strict,equal,0.25,optimistic,50,0.6404685378074646,0.10097711533308029,0.6483619809150696,0.20778439939022064,0.8858575727181545,0.11978773799495761,7.395227487770444,0.09763647217493202,6.770820037108384,0.15390807147326166,0.734369146780924,50,0.25600961538461536,8437,0.24854806210738414,2.133124774994032,92,0.782608695652174,6.543074330633707
identity_strict,equal,0.25,optimistic,80,0.6404685378074646,0.10097711533308029,0.6483619809150696,0.20778439939022064,0.8124373119358074,0.026124780238970857,31.098340522071776,0.3127171646977067,21.686072811903394,0.4399426902191658,0.8606574815144217,80,0.08774038461538461,8437,0.13606732250800047,5.831501808206288,92,0.782608695652174,30.19270487080619
identity_strict,equal,0.25,reported,8,0.8093140125274658,0.12657232582569122,0.8193033933639526,0.20778439939022064,0.9610832497492477,0.3289297968072648,2.921849157716748,0.04099742429039628,2.8430582923756935,0.05243004646458895,0.44186754256808386,8,0.44711538461538464,8437,0.4149579234324997,1.269973280131625,92,1.0,3.0418385754344603
identity_strict,equal,0.25,reported,12,0.8093140125274658,0.12657232582569122,0.8193033933639526,0.20778439939022064,0.9610832497492477,0.32814614145125925,2.9288269107744513,0.04109130830059866,2.8495688895253264,0.052610186209025835,0.45407378192967246,12,0.44711538461538464,8437,0.4149579234324997,1.2731041813688613,92,1.0,3.049108861258068
identity_strict,equal,0.25,reported,20,0.8093140125274658,0.12657232582569122,0.8193033933639526,0.20778439939022064,0.9033099297893681,0.17553879974523864,5.145927459344325,0.07001912581051453,4.855633242967228,0.106036696796326,0.5868730111699246,20,0.26802884615384615,8437,0.28695033779779544,1.661458806723207,92,0.9347826086956522,5.331447664031753
identity_strict,equal,0.25,reported,30,0.8093140125274658,0.12657232582569122,0.8193033933639526,0.20778439939022064,0.8826479438314945,0.14083783617200502,6.267122300526671,0.08399350959244059,5.824718213052827,0.13049233882296998,0.6516335486525354,30,0.25600961538461536,8437,0.2647860613962309,1.923051381704689,92,0.8913043478260869,6.337707359709703
identity_strict,equal,0.25,reported,50,0.8093140125274658,0.12657232582569122,0.8193033933639526,0.20778439939022064,0.8581745235707121,0.12053323784673814,7.119816400036548,0.09434336751571287,6.542452312279213,0.14785604362621585,0.7260157905455334,50,0.25600961538461536,8437,0.24854806210738414,2.1192214213156007,92,0.782608695652174,6.502534243306448
identity_strict,equal,0.25,reported,80,0.8093140125274658,0.12657232582569122,0.8193033933639526,0.20778439939022064,0.81123370110331,0.031234682766332757,25.972208751795698,0.27536429252349176,19.095754156108526,0.398206007044615,0.8545961424552522,80,0.13341346153846154,8437,0.13203745407135237,4.604598343209964,92,0.782608695652174,25.219620747809632
identity_strict,equal,0.25,pessimistic,8,0.8482529520988464,0.22647807002067566,0.8573503494262695,0.20778439939022064,0.9462387161484453,0.6316144767853107,1.4981270235673798,0.021449196280381055,1.4874425992663207,0.014145336509661287,0.30250269846816946,8,0.7920673076923077,8437,0.8486428825411876,1.3554348972470922,92,1.0,1.5834937193755638
identity_strict,equal,0.25,pessimistic,12,0.8482529520988464,0.22647807002067566,0.8573503494262695,0.20778439939022064,0.9171514543630893,0.28756923022737746,3.1893240234287545,0.044583130180399805,3.0917171054851535,0.05915636669914135,0.49032123259734006,12,0.39783653846153844,8437,0.3826004503970606,1.3417222380499516,92,1.0,3.4797519563573953
identity_strict,equal,0.25,pessimistic,20,0.8482529520988464,0.22647807002067566,0.8573503494262695,0.20778439939022064,0.9171514543630893,0.2857671164124434,3.2094366415461826,0.044851671637105635,3.1103397147965635,0.059665905844847586,0.5122481146037756,20,0.39783653846153844,8437,0.3818892971435344,1.347877507585039,92,1.0,3.501716835266058
identity_strict,equal,0.25,pessimistic,30,0.8482529520988464,0.22647807002067566,0.8573503494262695,0.20778439939022064,0.8637913741223671,0.12825532489411848,6.734935760643641,0.08970085826181151,6.22050710083755,0.14005639776113668,0.6572948722986611,30,0.23557692307692307,8437,0.22839871992414365,1.816833599005887,92,1.0,7.811287437508599
identity_strict,equal,0.25,pessimistic,50,0.8482529520988464,0.22647807002067566,0.8573503494262695,0.20778439939022064,0.8531594784353059,0.10874025200243022,7.845847905670099,0.10297322163575613,7.1409088919948545,0.1622064451596953,0.7184975361787632,50,0.234375,8437,0.2272134645016001,2.1489561284243615,92,1.0,9.216630137727629
identity_strict,equal,0.25,pessimistic,80,0.8482529520988464,0.22647807002067566,0.8573503494262695,0.20778439939022064,0.8258776328986961,0.05696029773033451,14.499180408231444,0.17501275293317464,12.136651682645283,0.27148427476100745,0.8193996393317301,80,0.1971153846153846,8437,0.20267867725494845,3.8054390465169656,92,0.782608695652174,13.786986878942221
identity_strict,equal,0.5,optimistic,8,0.593471109867096,0.07362925261259079,0.6010770201683044,0.20826004445552826,0.9693079237713139,0.3050297759684894,3.177748535183813,0.04442850706608189,3.0809944190002496,0.05901371246581226,0.45975016816468056,8,0.4699519230769231,8437,0.437359250918573,1.449795063097638,92,1.0,3.2803871526941784
identity_strict,equal,0.5,optimistic,12,0.593471109867096,0.07362925261259079,0.6010770201683044,0.20826004445552826,0.9235707121364092,0.18390659532565723,5.021955360007471,0.06844773501033258,4.746661625302293,0.10337513365513991,0.5573709991867348,12,0.25841346153846156,8437,0.3066255778120185,1.696026555498579,92,0.9347826086956522,5.08853207279984
identity_strict,equal,0.5,optimistic,20,0.593471109867096,0.07362925261259079,0.6010770201683044,0.20826004445552826,0.9155466399197593,0.14165671199344898,6.463136317621854,0.0863935791625653,5.991156417689504,0.1350950299341596,0.6395054585239451,20,0.25841346153846156,8437,0.25198530283276044,1.814733289554221,92,0.8913043478260869,6.3010085852014015
identity_strict,equal,0.5,optimistic,30,0.593471109867096,0.07362925261259079,0.6010770201683044,0.20826004445552826,0.9147442326980942,0.12129047785366484,7.541764604157299,0.09937888198757763,6.891651351570238,0.1573599460222577,0.6990561310719123,30,0.2403846153846154,8437,0.25056299632570816,2.123270741402371,92,0.8913043478260869,7.361132692873309
identity_strict,equal,0.5,optimistic,50,0.593471109867096,0.07362925261259079,0.6010770201683044,0.20826004445552826,0.9003009027081244,0.05775862828027272,15.587297162588941,0.18570778334091945,12.878322541589265,0.29095099299296434,0.8046654801528187,50,0.171875,8437,0.18264786061396232,3.345966216652537,92,0.8913043478260869,15.491922011133026
identity_strict,equal,0.5,optimistic,80,0.593471109867096,0.07362925261259079,0.6010770201683044,0.20826004445552826,0.8802407221664995,0.01682951240200639,52.30340019010642,0.43351116380162025,30.06280346671312,0.5726650855729954,0.900937550835128,80,0.07451923076923077,8437,0.11331041839516416,7.879888229768685,92,0.782608695652174,47.08078263941149
identity_strict,equal,0.5,reported,8,0.7477295994758606,0.09123727679252625,0.7573348879814148,0.20826004445552826,0.9610832497492477,0.3058398466735738,3.1424396140736444,0.043956548066866066,3.048265364197258,0.058091213112023074,0.43792844481228,8,0.40625,8437,0.4059499822211687,1.3384530789711702,92,1.0,3.2716907915590094
identity_strict,equal,0.5,reported,12,0.7477295994758606,0.09123727679252625,0.7573348879814148,0.20826004445552826,0.9602808425275827,0.248583110025799,3.863017251767108,0.05349679265103596,3.7098550114929845,0.07610825210134776,0.5290884935931724,12,0.37740384615384615,8437,0.3899490340168306,1.591670355984379,92,1.0,4.026086545394372
identity_strict,equal,0.5,reported,20,0.7477295994758606,0.09123727679252625,0.7573348879814148,0.20826004445552826,0.9137412236710131,0.14631168350889756,6.245169228850041,0.08372392243359986,5.8060230871826946,0.1304188376753898,0.6355516016471914,20,0.2536057692307692,8437,0.2650231124807396,1.849462126190307,92,0.9347826086956522,6.3982942969074905
identity_strict,equal,0.5,reported,30,0.7477295994758606,0.09123727679252625,0.7573348879814148,0.20826004445552826,0.905717151454363,0.1338994044806302,6.764161162385031,0.09005505026328386,6.245069339180778,0.1412957785149278,0.6743963177311599,30,0.2536057692307692,8437,0.2510370984947256,1.9174103134320957,92,0.8913043478260869,6.666707561698191
identity_strict,equal,0.5,reported,50,0.7477295994758606,0.09123727679252625,0.7573348879814148,0.20826004445552826,0.905717151454363,0.11647994928252976,7.775734424965164,0.10214701024863691,7.083613411216206,0.16186658913508328,0.7459526014631065,50,0.24759615384615385,8437,0.25056299632570816,2.2158939913001263,92,0.8913043478260869,7.665771024446367
identity_strict,equal,0.5,reported,80,0.7477295994758606,0.09123727679252625,0.7573348879814148,0.20826004445552826,0.8559679037111334,0.0262216365189266,32.64357291709469,0.32323308840239373,22.415323115015827,0.4579135557866173,0.8792721046089748,80,0.10817307692307693,8437,0.15562403697996918,6.785175339651263,92,0.782608695652174,30.080274351652882
identity_strict,equal,0.5,pessimistic,8,0.8017311692237854,0.1619129776954651,0.8110924363136292,0.20826004445552826,0.9863590772316951,0.3025349929999325,3.2603140134335313,0.04553030723929107,3.157401221944627,0.06116096244716817,0.45285501701363534,8,0.4206730769230769,8437,0.39765319426336376,1.3249816236203136,92,1.0,3.3074622517842402
identity_strict,equal,0.5,pessimistic,12,0.8017311692237854,0.1619129776954651,0.8110924363136292,0.20826004445552826,0.9863590772316951,0.2542594750389626,3.8793404929375623,0.053710702816070606,3.724689091415114,0.0766185951495287,0.5141275820151266,12,0.3737980769230769,8437,0.3810596183477539,1.5179250920334908,92,1.0,3.936108254272739
identity_strict,equal,0.5,pessimistic,20,0.8017311692237854,0.1619129776954651,0.8110924363136292,0.20826004445552826,0.9526579739217653,0.13919714949033052,6.843947432903019,0.09102060373742214,6.312027809350428,0.14362083065483813,0.6488268328911195,20,0.25,8437,0.2550669669313737,1.8719821833757844,92,1.0,7.196074703173195
identity_strict,equal,0.5,pessimistic,30,0.8017311692237854,0.1619129776954651,0.8110924363136292,0.20826004445552826,0.9526579739217653,0.1337820029291687,7.12097257525852,0.09435724220147029,6.543414483466293,0.1493863116402925,0.6789582536346395,30,0.25,8437,0.24368851487495555,1.8603413576464325,92,1.0,7.487942139857987
identity_strict,equal,0.5,pessimistic,50,0.8017311692237854,0.1619129776954651,0.8110924363136292,0.20826004445552826,0.9526579739217653,0.08987382268256675,10.599949412261473,0.1342663273960984,9.310999461488793,0.2155315682552635,0.7839034108683881,50,0.25,8437,0.24321441270593813,2.8287243434300424,92,1.0,11.157227554128863
identity_strict,equal,0.5,pessimistic,80,0.8017311692237854,0.1619129776954651,0.8110924363136292,0.20826004445552826,0.9380140421263792,0.027536533895295427,34.06434686707747,0.3326219945938256,23.06641786220805,0.4800285601955821,0.8930289996301995,80,0.11899038461538461,8437,0.1316818774445893,5.290105688069577,92,0.782608695652174,28.63280250315229
identity_strict,equal,0.75,optimistic,8,0.5464737415313721,0.046281393617391586,0.5537921786308289,0.20873568952083588,0.9889669007021064,0.30694635629609845,3.221953544703723,0.045018719751620855,3.1219240407735853,0.06019301614963785,0.46218368612644084,8,0.4831730769230769,8437,0.4890363873414721,1.6175968758586048,92,1.0,3.259886302733328
identity_strict,equal,0.75,optimistic,12,0.5464737415313721,0.046281393617391586,0.5537921786308289,0.20873568952083588,0.9889669007021064,0.2941701324583004,3.361887532352713,0.0468822807801668,3.2511568578897774,0.06374084813338497,0.49661667984670393,12,0.4831730769230769,8437,0.4890363873414721,1.6908676971883778,92,1.0,3.4015978429120683
identity_strict,equal,0.75,optimistic,20,0.5464737415313721,0.046281393617391586,0.5537921786308289,0.20873568952083588,0.9889669007021064,0.1200372162918133,8.238835681576491,0.10757615431613861,7.460109577226048,0.17252129113194015,0.6715458832317072,20,0.21875,8437,0.1896408676069693,1.6034589455758084,92,1.0,8.347277361172377
identity_strict,equal,0.75,optimistic,30,0.5464737415313721,0.046281393617391586,0.5537921786308289,0.20873568952083588,0.9877632898696088,0.0783449903290472,12.607867914987612,0.15573900117025652,10.800070160191172,0.2503814932771606,0.7448271775947527,30,0.16706730769230768,8437,0.11461419935996207,1.4803435620824084,92,1.0,12.804744182549529
identity_strict,equal,0.75,optimistic,50,0.5464737415313721,0.046281393617391586,0.5537921786308289,0.20873568952083588,0.9877632898696088,0.03394078852752039,29.102543951466995,0.29864143619602135,20.709959865039075,0.44636213503119954,0.8483697616645433,50,0.10096153846153846,8437,0.09434633163446723,2.9112957835727125,92,0.782608695652174,23.196257509950215
identity_strict,equal,0.75,optimistic,80,0.5464737415313721,0.046281393617391586,0.5537921786308289,0.20873568952083588,0.9797392176529589,0.01053091916609678,93.0345397396202,0.5764872521246459,39.977800824570025,0.7207981760029301,0.9331889502171704,80,0.054086538461538464,8437,0.023705108450871162,2.324849824499635,92,0.782608695652174,75.81666419350053
identity_strict,equal,0.75,reported,8,0.6861451864242554,0.055902209132909775,0.695366382598877,0.20873568952083588,0.9983951855566701,0.3854997343789898,2.589872564153662,0.03650941527717667,2.5318272464711864,0.04383968083909629,0.4192928159283271,8,0.5588942307692307,8437,0.5529216546165698,1.450291602128736,92,1.0,2.5951528357663123
identity_strict,equal,0.75,reported,12,0.6861451864242554,0.055902209132909775,0.695366382598877,0.20873568952083588,0.9983951855566701,0.3731109356610148,2.6758668538832358,0.03767600302800908,2.6127268892217907,0.0461015096298951,0.4533094812251591,12,0.5564903846153846,8437,0.5513808225672633,1.495941989840165,92,1.0,2.68138485881399
identity_strict,equal,0.75,reported,20,0.6861451864242554,0.055902209132909775,0.695366382598877,0.20873568952083588,0.9971915747241725,0.15603253196991,6.390920932542936,0.08551081141520307,5.929938909325986,0.13452525149540676,0.6404769437021332,20,0.29086538461538464,8437,0.23088775631148512,1.497988798778506,92,0.782608695652174,5.021122458171931
identity_strict,equal,0.75,reported,30,0.6861451864242554,0.055902209132909775,0.695366382598877,0.20873568952083588,0.9971915747241725,0.07773450226144739,12.828172120666322,0.15803026449643948,10.958962951928012,0.2542592697522544,0.7575315520974126,30,0.17067307692307693,8437,0.15349057721939077,2.02464978384263,92,0.782608695652174,10.092431427870665
identity_strict,equal,0.75,reported,50,0.6861451864242554,0.055902209132909775,0.695366382598877,0.20873568952083588,0.9971915747241725,0.04342389884682326,22.964118865552386,0.2514924618030962,17.440308540718785,0.38757553604651057,0.8400109424566846,50,0.11298076923076923,8437,0.13962308877563115,3.4070002349881814,92,0.782608695652174,18.10577948137933
identity_strict,equal,0.75,reported,80,0.6861451864242554,0.055902209132909775,0.695366382598877,0.20873568952083588,0.9939819458375125,0.013184194229126738,75.39193738830025,0.5245051339049434,36.372984307001666,0.6806394564682583,0.9298754901833034,80,0.06610576923076923,8437,0.057603413535616925,4.777862363737788,92,0.782608695652174,60.31026952587055
identity_strict,equal,0.75,pessimistic,8,0.7552094459533691,0.0973479151725769,0.7648347616195679,0.20873568952083588,0.9929789368104313,0.38781547998156796,2.560441725682599,0.03610951029668157,2.5040949391216913,0.04305468882227471,0.41785049392495327,8,0.5649038461538461,8437,0.5565959464264549,1.4512454114809976,92,1.0,2.5796457161033315
identity_strict,equal,0.75,pessimistic,12,0.7552094459533691,0.0973479151725769,0.7648347616195679,0.20873568952083588,0.9929789368104313,0.22356777444813933,4.44151192747491,0.061019205640886566,4.231513603456754,0.09025480775788064,0.5327875967129708,12,0.2956730769230769,8437,0.2669195211568093,1.199816246927187,92,0.782608695652174,3.5029092155630464
identity_strict,equal,0.75,pessimistic,20,0.7552094459533691,0.0973479151725769,0.7648347616195679,0.20873568952083588,0.9921765295887663,0.08981512190683599,11.046876166553975,0.139139730497651,9.64895652439638,0.22443753632174218,0.7124961081413363,20,0.19230769230769232,8437,0.16747659120540476,1.9065409368982,92,0.782608695652174,8.731743303231283
identity_strict,equal,0.75,pessimistic,30,0.7552094459533691,0.0973479151725769,0.7648347616195679,0.20873568952083588,0.9921765295887663,0.07185561957201264,13.807918371567608,0.16807122468397445,11.655275845205864,0.26943179234368203,0.7560531386328335,30,0.16466346153846154,8437,0.15301647505037336,2.192376190370737,92,0.782608695652174,10.920581372566483
identity_strict,equal,0.75,pessimistic,50,0.7552094459533691,0.0973479151725769,0.7648347616195679,0.20873568952083588,0.9869608826479438,0.03078562183199251,32.05915047076591,0.319293919138166,22.142152591853044,0.4709668036264212,0.8542964551570628,50,0.0985576923076923,8437,0.12646675358539766,4.459946304482533,92,0.782608695652174,25.5900346841075
identity_strict,equal,0.75,pessimistic,80,0.7552094459533691,0.0973479151725769,0.7648347616195679,0.20873568952083588,0.9857572718154464,0.012415214067053896,79.39913613179965,0.5374015748031497,37.26731691136401,0.6898007929738229,0.9285683862889832,80,0.06971153846153846,8437,0.09055351428232784,8.68106705269654,92,0.782608695652174,64.11048371917937
identity_strict,equal,1.0,optimistic,8,0.4994763135910034,0.018933530896902084,0.5065072774887085,0.2092113196849823,0.9829488465396189,0.4053317914596241,2.4250474975080567,0.03426549464689058,2.376217540110629,0.03945313165996583,0.39848014781494023,8,0.5877403846153846,8437,0.5389356406305559,1.340838170739007,92,1.0,2.4680926606235825
identity_strict,equal,1.0,optimistic,12,0.4994763135910034,0.018933530896902084,0.5065072774887085,0.2092113196849823,0.9797392176529589,0.2639128176078847,3.712359356144012,0.05151790046623489,3.5726242968055235,0.07247467285123735,0.5259202977927349,12,0.45552884615384615,8437,0.46153846153846156,1.7827261086351573,92,1.0,3.791986729900029
identity_strict,equal,1.0,optimistic,20,0.4994763135910034,0.018933530896902084,0.5065072774887085,0.2092113196849823,0.9797392176529589,0.12048627722615354,8.131541949910046,0.10632415369543921,7.373286787542337,0.17024257725461908,0.6759228578591955,20,0.22596153846153846,8437,0.2953656512978547,2.5452508213216984,92,0.782608695652174,6.505073118044556
identity_strict,equal,1.0,optimistic,30,0.4994763135910034,0.018933530896902084,0.5065072774887085,0.2092113196849823,0.9795386158475426,0.07983011995503521,12.27028866296673,0.15220372794713546,10.554908713422856,0.24461308429349093,0.743447568720355,30,0.17067307692307693,8437,0.27106791513571177,3.6154793045039932,92,0.782608695652174,9.82679217400921
identity_strict,equal,1.0,optimistic,50,0.4994763135910034,0.018933530896902084,0.5065072774887085,0.2092113196849823,0.9771313941825477,0.028651848634179702,34.10360729802602,0.33287774208979704,23.08415324563179,0.48551725040306287,0.8549497259663448,50,0.08533653846153846,8437,0.026194144838212634,0.9122349105934665,92,0.782608695652174,27.509947503028673
identity_strict,equal,1.0,optimistic,80,0.4994763135910034,0.018933530896902084,0.5065072774887085,0.2092113196849823,0.9761283851554664,0.01481901083322816,65.87000955331831,0.49077155824508323,34.03365388146285,0.6463676532734342,0.9199673285648455,80,0.08533653846153846,8437,0.00853383904231362,0.5697353493963664,92,0.782608695652174,53.560657284377704
identity_strict,equal,1.0,reported,8,0.6245608329772949,0.0205671526491642,0.6333979368209839,0.2092113196849823,0.9929789368104313,0.3728144967435745,2.663466537604658,0.03750795623314036,2.601073307516889,0.045766719301829455,0.42838635277668363,8,0.5432692307692307,8437,0.5382244873770298,1.4601285368237946,92,0.782608695652174,2.0998140315427163
identity_strict,equal,1.0,reported,12,0.6245608329772949,0.0205671526491642,0.6333979368209839,0.2092113196849823,0.9897693079237713,0.22597744129188668,4.37994740654366,0.060224346064179084,4.17639228425325,0.08876719789735539,0.5290657985481303,12,0.3125,8437,0.37963731184070165,1.7094946219617468,92,0.782608695652174,3.465521656041235
identity_strict,equal,1.0,reported,20,0.6245608329772949,0.0205671526491642,0.6333979368209839,0.2092113196849823,0.9797392176529589,0.10359219397084332,9.457654868558077,0.12155603673560815,8.429575862658535,0.19564093265056887,0.6901392336131799,20,0.22596153846153846,8437,0.3075737821500533,3.1253446755390466,92,0.782608695652174,7.5681058201841935
identity_strict,equal,1.0,reported,30,0.6245608329772949,0.0205671526491642,0.6333979368209839,0.2092113196849823,0.9795386158475426,0.06443877655843222,15.20107407624833,0.18194351292942842,12.61728077144467,0.28960634318744505,0.7692469476579464,30,0.1778846153846154,8437,0.25518549247362804,4.281966686505519,92,0.782608695652174,12.181665736158104
identity_strict,equal,1.0,reported,50,0.6245608329772949,0.0205671526491642,0.6333979368209839,0.2092113196849823,0.9795386158475426,0.028058970799299112,34.909998048538924,0.33808765491933807,23.445446329989064,0.4917801824603427,0.8587287539927064,50,0.08533653846153846,8437,0.09588716368377385,3.6408194978702175,92,0.782608695652174,28.09563567710243
identity_strict,equal,1.0,reported,80,0.6245608329772949,0.0205671526491642,0.6333979368209839,0.2092113196849823,0.9771313941825477,0.013190064306699813,74.08086658730085,0.5201281366791244,36.069451622352375,0.6727251796044909,0.9255302603241403,80,0.07932692307692307,8437,0.01813440796491644,1.3880654854030512,92,0.782608695652174,60.28299215385523
identity_strict,equal,1.0,pessimistic,8,0.7086876630783081,0.032782845199108124,0.7185769081115723,0.2092113196849823,0.9909729187562688,0.4144626971245425,2.390982169520771,0.03380042695276151,2.3439663783072904,0.038557366932039046,0.39543331257914605,8,0.5985576923076923,8437,0.557307099679981,1.3565208353898324,92,1.0,2.4136833900226757
identity_strict,equal,1.0,pessimistic,12,0.7086876630783081,0.032782845199108124,0.7185769081115723,0.2092113196849823,0.9877632898696088,0.2679455609005873,3.686432746075935,0.05117651949779663,3.548950468266861,0.07186199050553138,0.5217595993522577,12,0.4579326923076923,8437,0.47813203745407135,1.8207023380436649,92,1.0,3.734857456140351
identity_strict,equal,1.0,pessimistic,20,0.7086876630783081,0.032782845199108124,0.7185769081115723,0.2092113196849823,0.9877632898696088,0.12150473568508208,8.129422152151415,0.10629938258279004,7.371568979205653,0.17033973380216333,0.6740519816097628,20,0.23076923076923078,8437,0.30389949034016833,2.600244611765182,92,0.782608695652174,6.45045228922102
identity_strict,equal,1.0,pessimistic,30,0.7086876630783081,0.032782845199108124,0.7185769081115723,0.2092113196849823,0.9875626880641926,0.051829849931466845,19.053936860130193,0.21800549109910547,15.118079488665268,0.34161168556222477,0.7861986596731131,30,0.13942307692307693,8437,0.19141875074078463,3.9643152570209095,92,0.782608695652174,15.157297509771299
identity_strict,equal,1.0,pessimistic,50,0.7086876630783081,0.032782845199108124,0.7185769081115723,0.2092113196849823,0.9875626880641926,0.028622498246314326,34.50302204809671,0.33546848381601363,23.26381403836723,0.48983112925271816,0.859453477619662,50,0.08533653846153846,8437,0.06672988028920232,2.4129507283942115,92,0.782608695652174,27.53836687028387
identity_strict,equal,1.0,pessimistic,80,0.7086876630783081,0.032782845199108124,0.7185769081115723,0.2092113196849823,0.9829488465396189,0.008678909691791577,113.2571810799324,0.6236477026855034,43.248247989482,0.7588661711459262,0.935880535208545,80,0.04807692307692308,8437,0.014578641697285765,1.7092814365998346,92,0.782608695652174,92.39909577273754
identity_strict,method_type,0.0,optimistic,8,0.687466025352478,0.1283249706029892,0.6956469416618347,0.20730875432491302,0.9879638916750251,0.9355905738294331,1.0559788857547212,0.015215128007884063,1.0551271598422245,0.0016115465898599286,0.07711520063284102,8,0.9675480769230769,8437,0.9775986725139267,1.046092726704708,92,1.0,1.0688634780371162
identity_strict,method_type,0.0,optimistic,12,0.687466025352478,0.1283249706029892,0.6956469416618347,0.20730875432491302,0.9656970912738214,0.3707012688172674,2.6050547233218397,0.03671558009701333,2.546124208067627,0.0441851981549587,0.4085012960674949,12,0.5012019230769231,8437,0.4720872347990992,1.2824035011374837,92,1.0,2.6988273512399967
identity_strict,method_type,0.0,optimistic,20,0.687466025352478,0.1283249706029892,0.6956469416618347,0.20730875432491302,0.9003009027081244,0.15949587773802432,5.644665652029512,0.07628760836308006,5.290335217790035,0.11718476922938552,0.6129936124933831,20,0.2704326923076923,8437,0.26277112717790685,1.67505061893356,92,0.8913043478260869,5.5951934325870605
identity_strict,method_type,0.0,optimistic,30,0.687466025352478,0.1283249706029892,0.6956469416618347,0.20730875432491302,0.886258776328987,0.11893657674686171,7.451524170022592,0.09830666874346365,6.817296320549731,0.1550463259895017,0.6867836406567733,30,0.25,8437,0.24937774090316464,2.1567906369467744,92,0.8260869565217391,6.956780800639806
identity_strict,method_type,0.0,optimistic,50,0.687466025352478,0.1283249706029892,0.6956469416618347,0.20730875432491302,0.8541624874623872,0.11253525715342329,7.590176706113333,0.09995305164319249,6.931468433469422,0.157203757354962,0.724666936820135,50,0.25,8437,0.2489036387341472,2.2819989972062804,92,0.782608695652174,6.96554458595108
identity_strict,method_type,0.0,optimistic,80,0.687466025352478,0.1283249706029892,0.6956469416618347,0.20730875432491302,0.7993981945837513,0.07720032520229755,10.354855274106546,0.1315702588483888,9.124034544203132,0.20629620909196195,0.7898948460979038,80,0.23557692307692307,8437,0.2312433329382482,3.1552294353122323,92,0.782608695652174,10.162456303775985
identity_strict,method_type,0.0,reported,8,0.8708984851837158,0.1619073897600174,0.8812718391418457,0.20730875432491302,0.999197592778335,0.9308270058788827,1.0734514431442577,0.01546298940780569,1.0723156642569298,0.0021138620846606255,0.08587593047840328,8,0.9651442307692307,8437,0.9632570819011497,1.0357563479937046,92,1.0,1.0743350438888382
identity_strict,method_type,0.0,reported,12,0.8708984851837158,0.1619073897600174,0.8812718391418457,0.20730875432491302,0.999197592778335,0.9073232152762899,1.1012587090853487,0.01585719925123203,1.09965302955946,0.0029117973647823994,0.12120545913056047,12,0.953125,8437,0.9506933744221879,1.0490734083860533,92,1.0,1.1021734839488357
identity_strict,method_type,0.0,reported,20,0.8708984851837158,0.1619073897600174,0.8812718391418457,0.20730875432491302,0.9027081243731193,0.2330508847674422,3.873437877199726,0.053633362335077414,3.719325742384538,0.07609972300678246,0.5533907576508609,20,0.3954326923076923,8437,0.35711745881237406,1.5533557600395704,92,0.9565217391304348,4.107791442487166
identity_strict,method_type,0.0,reported,30,0.8708984851837158,0.1619073897600174,0.8812718391418457,0.20730875432491302,0.8649949849548646,0.1452580045845306,5.954886874764237,0.08014422987565749,5.557781282065253,0.12356321867806855,0.6455510540182913,30,0.25600961538461536,8437,0.2583856821144957,1.8146909627552144,92,0.782608695652174,5.394107353535033
identity_strict,method_type,0.0,reported,50,0.8708984851837158,0.1619073897600174,0.8812718391418457,0.20730875432491302,0.8567703109327984,0.12611274657994606,6.793685286916419,0.09041258282351447,6.26986323605971,0.14115970492250357,0.7179277528785669,50,0.25600961538461536,8437,0.24854806210738414,2.0206517772667407,92,0.782608695652174,6.21436477304056
identity_strict,method_type,0.0,reported,80,0.8708984851837158,0.1619073897600174,0.8812718391418457,0.20730875432491302,0.7815446339017051,0.0734933712149006,10.634219399412295,0.13464196848216753,9.337049134686335,0.2102815449087401,0.7866186775986993,80,0.21875,8437,0.22176128955789973,3.1803492048237545,92,0.782608695652174,10.676521599821685
identity_strict,method_type,0.0,pessimistic,8,0.8947747945785522,0.29104316234588623,0.9036080241203308,0.20730875432491302,0.999197592778335,0.9308270058788827,1.0734514431442577,0.01546298940780569,1.0723156642569298,0.0021138620846606255,0.08587593047840328,8,0.9651442307692307,8437,0.9632570819011497,1.0357563479937046,92,1.0,1.0743350438888382
identity_strict,method_type,0.0,pessimistic,12,0.8947747945785522,0.29104316234588623,0.9036080241203308,0.20730875432491302,0.999197592778335,0.9189459688709787,1.0873300788358142,0.01565977942378551,1.0859625090641836,0.0025122720635410954,0.107903075869592,12,0.9591346153846154,8437,0.9506933744221879,1.035455955908265,92,1.0,1.0882291863017288
identity_strict,method_type,0.0,pessimistic,20,0.8947747945785522,0.29104316234588623,0.9036080241203308,0.20730875432491302,0.9857572718154464,0.8662884380017082,1.1379088402580095,0.016376288041377286,1.135650405366492,0.003960636216559165,0.16296404153455205,20,0.9314903846153846,8437,0.9506933744221879,1.1001545983664647,92,1.0,1.154398058713084
identity_strict,method_type,0.0,pessimistic,30,0.8947747945785522,0.29104316234588623,0.9036080241203308,0.20730875432491302,0.923370110330993,0.6205728608703563,1.4879318264675032,0.021306338207453285,1.477535785950606,0.013852177311370622,0.34096613254666736,30,0.7860576923076923,8437,0.8286120659002015,1.346700802587119,92,1.0,1.6116804830040126
identity_strict,method_type,0.0,pessimistic,50,0.8947747945785522,0.29104316234588623,0.9036080241203308,0.20730875432491302,0.8136409227683049,0.11462206973065149,7.098466505449311,0.094087081583892,6.524679589814468,0.14660864285857364,0.669541872552145,50,0.23317307692307693,8437,0.2890837975583738,2.623450858958625,92,0.782608695652174,6.838495454307171
identity_strict,method_type,0.0,pessimistic,80,0.8947747945785522,0.29104316234588623,0.9036080241203308,0.20730875432491302,0.7885656970912738,0.09838250012473915,8.015304511386187,0.10496381939067048,7.278951355682492,0.16398868038169448,0.6946657348378867,80,0.22115384615384615,8437,0.2880170676780846,3.07817893681788,92,0.782608695652174,7.969725882096024
identity_strict,method_type,0.25,optimistic,8,0.6610687375068665,0.09940338134765625,0.6692865490913391,0.16594213247299194,0.9606820461384152,0.30969061756151106,3.1020702328755685,0.04341637655932695,3.0108059600908907,0.05705929880498264,0.44146057500588304,8,0.4651442307692308,8437,0.45964205286239185,1.502672289351303,92,1.0,3.23097426557772
identity_strict,method_type,0.25,optimistic,12,0.6610687375068665,0.09940338134765625,0.6692865490913391,0.16594213247299194,0.9606820461384152,0.2911059519651552,3.3001113156676607,0.046060477820951795,3.19416708942663,0.062094261925738754,0.48006811667940036,12,0.4495192307692308,8437,0.4525305203271305,1.5767223416471132,92,1.0,3.437436295930004
identity_strict,method_type,0.25,optimistic,20,0.6610687375068665,0.09940338134765625,0.6692865490913391,0.16594213247299194,0.9027081243731193,0.1456278194716343,6.198734058151236,0.08315316813570597,5.766442850920965,0.1292854487466482,0.6250899496517593,20,0.25600961538461536,8437,0.27557188574137725,1.9361704466470095,92,0.8913043478260869,6.128902708230017
identity_strict,method_type,0.25,optimistic,30,0.6610687375068665,0.09940338134765625,0.6692865490913391,0.16594213247299194,0.9019057171514544,0.13003689343754676,6.93576794484571,0.09212925964631873,6.388910038654723,0.14480277827265936,0.6838702000901831,30,0.25600961538461536,8437,0.265497214649757,2.097178687757836,92,0.8913043478260869,6.865097249218142
identity_strict,method_type,0.25,optimistic,50,0.6610687375068665,0.09940338134765625,0.6692865490913391,0.16594213247299194,0.8826479438314945,0.08661592962951005,10.190365070338936,0.12975140809766741,8.99790226153084,0.20628713142458757,0.7681859588166348,50,0.24278846153846154,8437,0.2314803840227569,2.791019417983073,92,0.782608695652174,9.055042335145481
identity_strict,method_type,0.25,optimistic,80,0.6610687375068665,0.09940338134765625,0.6692865490913391,0.16594213247299194,0.8180541624874624,0.023864800373336933,34.27869287360298,0.33401588991727416,23.163080658142828,0.46336182551971977,0.8664212153244445,80,0.08052884615384616,8437,0.13606732250800047,6.474528643709487,92,0.782608695652174,33.077477516360325
identity_strict,method_type,0.25,reported,8,0.804807722568512,0.12466771900653839,0.8147590756416321,0.16594213247299194,0.9506519558676028,0.25439742186192993,3.736877319391836,0.05184050757534322,3.594996209983119,0.07296606365529813,0.5051082437347922,8,0.41225961538461536,8437,0.40405357354509897,1.6123614048317367,92,1.0,3.933971634482121
identity_strict,method_type,0.25,reported,12,0.804807722568512,0.12466771900653839,0.8147590756416321,0.16594213247299194,0.9426278836509528,0.23478842772907244,4.014797035647225,0.055482088459631144,3.8475297998276123,0.07973041446815589,0.5509180488646689,12,0.4014423076923077,8437,0.38793409979850657,1.6800971699962068,92,1.0,4.262906273857052
identity_strict,method_type,0.25,reported,20,0.804807722568512,0.12466771900653839,0.8147590756416321,0.16594213247299194,0.9426278836509528,0.2305971923418968,4.087768259785912,0.05643359834746475,3.9135143860231043,0.08149810466111117,0.5773200058682719,20,0.39903846153846156,8437,0.386748844375963,1.7065041102222822,92,1.0,4.340477859190825
identity_strict,method_type,0.25,reported,30,0.804807722568512,0.12466771900653839,0.8147590756416321,0.16594213247299194,0.8834503510531595,0.13942608251568045,6.33633488880248,0.08484241350080912,5.883587357587905,0.13197631970795576,0.658364004265,30,0.25600961538461536,8437,0.2615858717553633,1.9188507837526014,92,0.8913043478260869,6.401990545573234
identity_strict,method_type,0.25,reported,50,0.804807722568512,0.12466771900653839,0.8147590756416321,0.16594213247299194,0.8581745235707121,0.12033659024804012,7.131451221958558,0.09448297186271479,6.55213348867664,0.14809202453917697,0.7270351005994306,50,0.25600961538461536,8437,0.24854806210738414,2.122871212725727,92,0.782608695652174,6.513179029132815
identity_strict,method_type,0.25,reported,80,0.804807722568512,0.12466771900653839,0.8147590756416321,0.16594213247299194,0.8058174523570713,0.024501703790015584,32.888221132011275,0.3248685806712495,22.528739992723825,0.4517868045491954,0.8600941029579864,80,0.08052884615384616,8437,0.13606732250800047,6.279393544308798,92,0.782608695652174,32.21017294639292
identity_strict,method_type,0.25,pessimistic,8,0.8270109295845032,0.22213447093963623,0.8358609080314636,0.16594213247299194,0.9317953861584755,0.25266574897787275,3.687857930597778,0.051195291576197774,3.550252260125429,0.07167922467599094,0.48398814929567013,8,0.3641826923076923,8437,0.3903046106435937,1.5664135155990173,92,1.0,3.9609623927250737
identity_strict,method_type,0.25,pessimistic,12,0.8270109295845032,0.22213447093963623,0.8358609080314636,0.16594213247299194,0.9269809428284854,0.22661140966977877,4.090619021254467,0.056470732005377,3.9160895027744846,0.08148710261358239,0.5465958917376328,12,0.35336538461538464,8437,0.3834301291928411,1.7222789459461714,92,1.0,4.4169119649363955
identity_strict,method_type,0.25,pessimistic,20,0.8270109295845032,0.22213447093963623,0.8358609080314636,0.16594213247299194,0.9269809428284854,0.22288097537208953,4.159085095894494,0.05736168522449385,3.9778746510264043,0.08313620313932339,0.5699003108537113,20,0.35096153846153844,8437,0.38212634822804314,1.7461651158116016,92,1.0,4.490928987685574
identity_strict,method_type,0.25,pessimistic,30,0.8270109295845032,0.22213447093963623,0.8358609080314636,0.16594213247299194,0.9085255767301905,0.18388311501536492,4.940777605677802,0.06741589758856803,4.675106546194105,0.10139195670049106,0.6306127208392247,30,0.35096153846153844,8437,0.34087945952352733,1.8948620917393646,92,1.0,5.444764142649339
identity_strict,method_type,0.25,pessimistic,50,0.8270109295845032,0.22213447093963623,0.8358609080314636,0.16594213247299194,0.8631895687061184,0.10597838050429836,8.14495904352028,0.10648090866348271,7.3841573122028725,0.16822162332293988,0.7227060432818422,50,0.234375,8437,0.23266563944530047,2.2641306979366753,92,1.0,9.457435584184807
identity_strict,method_type,0.25,pessimistic,80,0.8270109295845032,0.22213447093963623,0.8358609080314636,0.16594213247299194,0.8292878635907723,0.0555456090352234,14.929854546466347,0.17927924020989636,12.43252080714149,0.27769379052791887,0.8156916719975786,80,0.19110576923076922,8437,0.2087234799099206,4.040630713329583,92,0.782608695652174,14.139468058364603
identity_strict,method_type,0.5,optimistic,8,0.6346715688705444,0.0704817920923233,0.6429262757301331,0.12457550317049026,0.9993981945837512,0.38028123541652603,2.6280502467840674,0.03702767785474329,2.5677673267148116,0.04484681261727908,0.4138963565174382,8,0.546875,8437,0.5525660779898068,1.4699556539260958,92,1.0,2.6307907379087694
identity_strict,method_type,0.5,optimistic,12,0.6346715688705444,0.0704817920923233,0.6429262757301331,0.12457550317049026,0.9993981945837512,0.36485760659327116,2.739145838057971,0.038532635177465135,2.6721319659596765,0.04776088252345662,0.4590594001922495,12,0.5444711538461539,8437,0.5458101220813085,1.5150327678181938,92,1.0,2.742084544232364
identity_strict,method_type,0.5,optimistic,20,0.6346715688705444,0.0704817920923233,0.6429262757301331,0.12457550317049026,0.959679037111334,0.1302012556095929,7.370735655491077,0.09734459253230238,6.750578988976289,0.15462401578868482,0.6635752995329005,20,0.25600961538461536,8437,0.19355221050136304,1.5051574422423213,92,1.0,7.694300752219386
identity_strict,method_type,0.5,optimistic,30,0.6346715688705444,0.0704817920923233,0.6429262757301331,0.12457550317049026,0.9139418254764293,0.07113360003052441,12.848243658190283,0.15823839955543206,10.973396544175454,0.25136496773713385,0.7490907705863472,30,0.16105769230769232,8437,0.14424558492355102,2.082152025930231,92,0.9347826086956522,13.18446034746602
identity_strict,method_type,0.5,optimistic,50,0.6346715688705444,0.0704817920923233,0.6429262757301331,0.12457550317049026,0.9051153460381144,0.05854228363627825,15.460882114909856,0.18447951590481643,12.793145582794667,0.2894680078723967,0.8007541088422319,50,0.16105769230769232,8437,0.12788906009244994,2.2523034691874018,92,0.8913043478260869,15.28368886690364
identity_strict,method_type,0.5,optimistic,80,0.6346715688705444,0.0704817920923233,0.6429262757301331,0.12457550317049026,0.8730190571715145,0.018740222652042348,46.58530869036239,0.4053273726366769,28.108335288065927,0.5446506136706338,0.8998358776464397,80,0.10096153846153846,8437,0.07040417209908735,4.039626295985521,92,0.782608695652174,42.22578667897162
identity_strict,method_type,0.5,reported,8,0.7387170791625977,0.08742805570363998,0.7482461929321289,0.12457550317049026,0.9891675025075226,0.26861181470513135,3.682516733649193,0.051124935199585275,3.545373239469575,0.07176995732913061,0.4773912045412405,8,0.39663461538461536,8437,0.3669550788194856,1.378935705186046,92,1.0,3.7255843459809466
identity_strict,method_type,0.5,reported,12,0.7387170791625977,0.08742805570363998,0.7482461929321289,0.12457550317049026,0.9891675025075226,0.24844516320283172,3.9814319174326687,0.05504638363902254,3.817314872312043,0.07913098922207862,0.5224330549244235,12,0.38461538461538464,8437,0.3601991229109873,1.4665637780897376,92,1.0,4.028324424050334
identity_strict,method_type,0.5,reported,20,0.7387170791625977,0.08742805570363998,0.7482461929321289,0.12457550317049026,0.9711133400200602,0.16335838878110776,5.944679959602837,0.08001785153473612,5.549017292708553,0.1245260095187293,0.635104137651262,20,0.28846153846153844,8437,0.2845798269527083,1.775512654127799,92,1.0,6.129989561962351
identity_strict,method_type,0.5,reported,30,0.7387170791625977,0.08742805570363998,0.7482461929321289,0.12457550317049026,0.9364092276830491,0.13470067006935496,6.951778541271612,0.09232229737747716,6.402296672859447,0.14564525709599865,0.6901362526100168,30,0.2536057692307692,8437,0.25068152186796255,1.9026234495341463,92,0.9565217391304348,7.112812257365182
identity_strict,method_type,0.5,reported,50,0.7387170791625977,0.08742805570363998,0.7482461929321289,0.12457550317049026,0.912938816449348,0.06369034166786514,14.334022907431974,0.17336482419717344,12.022372370243945,0.2737929631049596,0.7922394620064666,50,0.16105769230769232,8437,0.14874955552921654,2.4174913090689603,92,0.8913043478260869,14.043630106955957
identity_strict,method_type,0.5,reported,80,0.7387170791625977,0.08742805570363998,0.7482461929321289,0.12457550317049026,0.847542627883651,0.040623871844466426,20.863167133073233,0.23386471825528618,16.2178731478394,0.35192989328927327,0.854113863669081,80,0.16105769230769232,8437,0.12113310418395164,3.1398222216723886,92,0.782608695652174,19.360257920280908
identity_strict,method_type,0.5,pessimistic,8,0.7592470049858093,0.15322580933570862,0.7681138515472412,0.12457550317049026,0.9993981945837512,0.3728321069762937,2.6805582885255568,0.037739565184455724,2.6171347494494697,0.04622633418997855,0.4386060110408054,8,0.5516826923076923,8437,0.5272016119473747,1.4290699005400718,92,1.0,2.683391630427932
identity_strict,method_type,0.5,pessimistic,12,0.7592470049858093,0.15322580933570862,0.7681138515472412,0.12457550317049026,0.9933801404212638,0.31418122690491357,3.1618061658467855,0.044215470057233676,3.066220890051244,0.058671208390351004,0.509286080837159,12,0.515625,8437,0.45371577574967403,1.4605923023479388,92,1.0,3.184754050844764
identity_strict,method_type,0.5,pessimistic,20,0.7592470049858093,0.15322580933570862,0.7681138515472412,0.12457550317049026,0.9803410230692077,0.11585185098221074,8.462022960856627,0.11016930048017314,7.639937111092062,0.17673418084859469,0.691659117255567,20,0.25721153846153844,8437,0.18667772905061042,1.6367563591461731,92,1.0,8.649542915185373
identity_strict,method_type,0.5,pessimistic,30,0.7592470049858093,0.15322580933570862,0.7681138515472412,0.12457550317049026,0.9803410230692077,0.11152266877206782,8.790508995734738,0.11395858595280291,7.902713606728215,0.18307538301516846,0.7166004779064816,30,0.25721153846153844,8437,0.18608510133933862,1.6974014045193784,92,1.0,8.986123202743702
identity_strict,method_type,0.5,pessimistic,50,0.7592470049858093,0.15322580933570862,0.7681138515472412,0.12457550317049026,0.9338014042126379,0.06285679065248848,14.856014672706952,0.1785508802884431,12.38201105560554,0.28240739625935873,0.797403769998442,50,0.16105769230769232,8437,0.13381533720516772,2.1917167326125053,92,0.9347826086956522,14.927553557960826
identity_strict,method_type,0.5,pessimistic,80,0.7592470049858093,0.15322580933570862,0.7681138515472412,0.12457550317049026,0.8635907723169508,0.03627120932403122,23.80926328102287,0.258356838504471,17.916334131121687,0.38405379451108584,0.8624498873954888,80,0.15745192307692307,8437,0.11840701671210145,3.463647598467893,92,0.9347826086956522,25.94562560229012
identity_strict,method_type,0.75,optimistic,8,0.6082743406295776,0.04156019538640976,0.616566002368927,0.08320888131856918,0.9945837512537613,0.37112391440252884,2.6799236391299073,0.03773096709384798,2.6165384955817195,0.04620131528695345,0.43233691458918166,8,0.5504807692307693,8437,0.5459286476235629,1.4888205471148368,92,1.0,2.6957516184687464
identity_strict,method_type,0.75,optimistic,12,0.6082743406295776,0.04156019538640976,0.616566002368927,0.08320888131856918,0.9913741223671013,0.2825503139023982,3.508664027566974,0.04882916707835194,3.386168052621455,0.06744124327427742,0.519423957886468,12,0.4651442307692308,8437,0.4788431907075975,1.725150088359026,92,1.0,3.541621610380968
identity_strict,method_type,0.75,optimistic,20,0.6082743406295776,0.04156019538640976,0.616566002368927,0.08320888131856918,0.9905717151454363,0.10989959232311255,9.013424838129387,0.11651172667641924,8.079766873647227,0.18753377633558505,0.6926253613716372,20,0.234375,8437,0.33673106554462484,3.23344733325939,92,1.0,9.11916363246948
identity_strict,method_type,0.75,optimistic,30,0.6082743406295776,0.04156019538640976,0.616566002368927,0.08320888131856918,0.9815446339017051,0.059252563022620344,16.565437574860503,0.19508791515489812,13.528808809907254,0.30885599160367383,0.7688047637657056,30,0.12620192307692307,8437,0.11188811188811189,1.9319013972932078,92,1.0,16.949591958598727
identity_strict,method_type,0.75,optimistic,50,0.6082743406295776,0.04156019538640976,0.616566002368927,0.08320888131856918,0.9813440320962888,0.027768401959431893,35.34031355243195,0.34083466871037416,23.635944159378436,0.4951398942845447,0.8600688995427255,50,0.08533653846153846,8437,0.0418395164157876,1.526370605790449,92,0.782608695652174,28.391883193561384
identity_strict,method_type,0.75,optimistic,80,0.6082743406295776,0.04156019538640976,0.616566002368927,0.08320888131856918,0.9693079237713139,0.010912474208346663,88.82567832599466,0.5651461988304094,39.191330060356506,0.7086936219493579,0.9283960280258301,80,0.06129807692307692,8437,0.024179210619888584,2.286318448922271,92,0.782608695652174,73.11338214600873
identity_strict,method_type,0.75,reported,8,0.6726263761520386,0.05018838122487068,0.6817333698272705,0.08320888131856918,0.9945837512537613,0.3706073475760982,2.6836590201427124,0.0377815710061877,2.620047737322982,0.04629927636711637,0.42996068924177894,8,0.5456730769230769,8437,0.5494844138911935,1.5010554955134454,92,1.0,2.699511800789361
identity_strict,method_type,0.75,reported,12,0.6726263761520386,0.05018838122487068,0.6817333698272705,0.08320888131856918,0.9945837512537613,0.3634194375878677,2.736737907733101,0.03850006600455043,2.6698733836527713,0.04768910271301687,0.4577556647912377,12,0.5456730769230769,8437,0.5494844138911935,1.5318990153230896,92,1.0,2.7529439339200996
identity_strict,method_type,0.75,reported,20,0.6726263761520386,0.05018838122487068,0.6817333698272705,0.08320888131856918,0.9905717151454363,0.11445770755860539,8.654478027512802,0.11239330829634687,7.794165918718942,0.18065844261787453,0.6850357137230347,20,0.23557692307692307,8437,0.21536091027616452,1.9246592550054409,92,1.0,8.755147153322195
identity_strict,method_type,0.75,reported,30,0.6726263761520386,0.05018838122487068,0.6817333698272705,0.08320888131856918,0.9905717151454363,0.0753600558831385,13.14451938148141,0.16129875220487358,11.185623559120556,0.2590465488120713,0.7524052853453475,30,0.17908653846153846,8437,0.12788906009244994,1.7276175774752494,92,1.0,13.313750781738587
identity_strict,method_type,0.75,reported,50,0.6726263761520386,0.05018838122487068,0.6817333698272705,0.08320888131856918,0.9905717151454363,0.039452791368637934,25.10777262601672,0.2686615886833515,18.630940132694057,0.40928176987405035,0.8454319826242315,50,0.12139423076923077,8437,0.09505748488799336,2.4988236339931253,92,0.782608695652174,19.93802477968196
identity_strict,method_type,0.75,reported,80,0.6726263761520386,0.05018838122487068,0.6817333698272705,0.08320888131856918,0.9803410230692077,0.014933477345903126,65.64720328438145,0.4899248120300752,33.9749343670108,0.6465452671783172,0.9235212348791186,80,0.0733173076923077,8437,0.03223894749318478,2.224286553021279,92,0.782608695652174,53.14421676721448
identity_strict,method_type,0.75,pessimistic,8,0.691483199596405,0.08431713283061981,0.700366735458374,0.08320888131856918,0.9929789368104313,0.3771231336822116,2.633036396136811,0.03709532374100719,2.572458382341268,0.04496728168855325,0.4111842992322593,8,0.5492788461538461,8437,0.5555292165461657,1.4909809527932334,92,1.0,2.652837271608592
identity_strict,method_type,0.75,pessimistic,12,0.691483199596405,0.08431713283061981,0.700366735458374,0.08320888131856918,0.9837512537612838,0.36203409928062197,2.7172889396773448,0.038236922333200786,2.6516250958672374,0.04716054473835081,0.44083956774640287,12,0.5396634615384616,8437,0.532653786891075,1.4891002009628966,92,1.0,2.7634860494738636
identity_strict,method_type,0.75,pessimistic,20,0.691483199596405,0.08431713283061981,0.700366735458374,0.08320888131856918,0.9797392176529589,0.15606188235777535,6.27788927604298,0.08412567176519223,5.833883295193559,0.13188995030884595,0.6257759471051796,20,0.29086538461538464,8437,0.33199004385445063,2.1899835189234627,92,1.0,6.417087415222307
identity_strict,method_type,0.75,pessimistic,30,0.691483199596405,0.08431713283061981,0.700366735458374,0.08320888131856918,0.9797392176529589,0.07142710390917816,13.71663085904657,0.16714579055441478,11.591099540922562,0.26752617772025533,0.7508646238478442,30,0.171875,8437,0.2363399312551855,3.5148874012123135,92,1.0,14.049620524665897
identity_strict,method_type,0.75,pessimistic,50,0.691483199596405,0.08431713283061981,0.700366735458374,0.08320888131856918,0.9795386158475426,0.030765076560486746,31.83930369624424,0.3178001952489424,22.038566960236384,0.46832419149935317,0.8490876027119364,50,0.08533653846153846,8437,0.11769586345857533,4.121327361664523,92,0.782608695652174,25.607242200225535
identity_strict,method_type,0.75,pessimistic,80,0.691483199596405,0.08431713283061981,0.700366735458374,0.08320888131856918,0.9771313941825477,0.011167822582775431,87.49524689706439,0.5614338404794836,38.93388824842439,0.7077724249892021,0.9272128203017197,80,0.054086538461538464,8437,0.024179210619888584,2.2310810967822436,92,0.782608695652174,71.40942708393995
identity_strict,method_type,1.0,optimistic,8,0.5818771123886108,0.012638605199754238,0.590205729007721,0.041842270642519,0.9843530591775326,0.3801168732444799,2.5896063249589707,0.03650579911767113,2.531576475783839,0.04380998519141759,0.40374995925740276,8,0.5444711538461539,8437,0.5394097427995733,1.4343251216717918,92,1.0,2.6319290979616436
identity_strict,method_type,1.0,optimistic,12,0.5818771123886108,0.012638605199754238,0.590205729007721,0.041842270642519,0.9837512537612838,0.3604785287237571,2.7290148382600474,0.03839559045747438,2.6626282926353184,0.04746715038638786,0.45020046080961174,12,0.5444711538461539,8437,0.5290980206234444,1.4854084382124486,92,1.0,2.775420241674611
identity_strict,method_type,1.0,optimistic,20,0.5818771123886108,0.012638605199754238,0.590205729007721,0.041842270642519,0.9793380140421264,0.1426428850257256,6.865663253133888,0.09128304850229985,6.330227629899909,0.1444290390766226,0.6432455599985608,20,0.24759615384615385,8437,0.2956027023823634,2.130332111469167,92,0.782608695652174,5.493146045671526
identity_strict,method_type,1.0,optimistic,30,0.5818771123886108,0.012638605199754238,0.590205729007721,0.041842270642519,0.9781344032096289,0.06911429334538656,14.152418492099365,0.1715451730931607,11.89618458527849,0.2740855875482657,0.7552339038993738,30,0.171875,8437,0.09956145549365888,1.456829446129118,92,0.782608695652174,11.355060116900148
identity_strict,method_type,1.0,optimistic,50,0.5818771123886108,0.012638605199754238,0.590205729007721,0.041842270642519,0.9733199598796389,0.031936157036315235,30.477053290189474,0.30839636432975276,21.386437224340664,0.4564813618554346,0.844071128792525,50,0.08533653846153846,8437,0.026194144838212634,0.8164759176334208,92,0.782608695652174,24.661984578069
identity_strict,method_type,1.0,optimistic,80,0.5818771123886108,0.012638605199754238,0.590205729007721,0.041842270642519,0.9594784353059177,0.01359216462045546,70.59055434496102,0.5080730826428723,35.23346687609035,0.6579011782419156,0.9155319117110585,80,0.08533653846153846,8437,0.0028446130141045393,0.2051640860969333,92,0.0,0.0
identity_strict,method_type,1.0,reported,8,0.6065356135368347,0.01294871885329485,0.6152205467224121,0.041842270642519,0.9843530591775326,0.3801168732444799,2.5896063249589707,0.03650579911767113,2.531576475783839,0.04380998519141759,0.40374995925740276,8,0.5444711538461539,8437,0.5394097427995733,1.4343251216717918,92,1.0,2.6319290979616436
identity_strict,method_type,1.0,reported,12,0.6065356135368347,0.01294871885329485,0.6152205467224121,0.041842270642519,0.9835506519558675,0.36154688284205677,2.720395883998081,0.038278968817825526,2.654540903600203,0.047241432493077225,0.446928401854884,12,0.5444711538461539,8437,0.5290980206234444,1.4808540815255717,92,1.0,2.7672128750274188
identity_strict,method_type,1.0,reported,20,0.6065356135368347,0.01294871885329485,0.6152205467224121,0.041842270642519,0.9781344032096289,0.13059748584577546,7.489687851760963,0.09876043101352994,6.848763482377782,0.15733245133718315,0.6565661115839097,20,0.26322115384615385,8437,0.29406187033305675,2.3255769106996573,92,1.0,7.670908026303937
identity_strict,method_type,1.0,reported,30,0.6065356135368347,0.01294871885329485,0.6152205467224121,0.041842270642519,0.9781344032096289,0.06860653163531556,14.257161525217363,0.17259566033060778,11.969032977662945,0.2756598236591546,0.7551342995712547,30,0.171875,8437,0.09956145549365888,1.468013448533393,92,0.782608695652174,11.439359365933477
identity_strict,method_type,1.0,reported,50,0.6065356135368347,0.01294871885329485,0.6152205467224121,0.041842270642519,0.9733199598796389,0.029180155615756462,33.35554383932324,0.32797079897255643,22.74387027514882,0.47939100408181373,0.8493775150591295,50,0.08533653846153846,8437,0.026194144838212634,0.8953434093171757,92,0.782608695652174,27.008246332760674
identity_strict,method_type,1.0,reported,80,0.6065356135368347,0.01294871885329485,0.6152205467224121,0.041842270642519,0.9594784353059177,0.01359216462045546,70.59055434496102,0.5080730826428723,35.23346687609035,0.6579011782419156,0.9155319117110585,80,0.08533653846153846,8437,0.0028446130141045393,0.2051640860969333,92,0.0,0.0
identity_strict,method_type,1.0,pessimistic,8,0.6237193942070007,0.01540846936404705,0.6326196789741516,0.041842270642519,0.9843530591775326,0.3801168732444799,2.5896063249589707,0.03650579911767113,2.531576475783839,0.04380998519141759,0.40374995925740276,8,0.5444711538461539,8437,0.5394097427995733,1.4343251216717918,92,1.0,2.6319290979616436
identity_strict,method_type,1.0,pessimistic,12,0.6237193942070007,0.01540846936404705,0.6326196789741516,0.041842270642519,0.9837512537612838,0.3604785287237571,2.7290148382600474,0.03839559045747438,2.6626282926353184,0.04746715038638786,0.45020046080961174,12,0.5444711538461539,8437,0.5290980206234444,1.4854084382124486,92,1.0,2.775420241674611
identity_strict,method_type,1.0,pessimistic,20,0.6237193942070007,0.01540846936404705,0.6326196789741516,0.041842270642519,0.9793380140421264,0.1426428850257256,6.865663253133888,0.09128304850229985,6.330227629899909,0.1444290390766226,0.6432455599985608,20,0.24759615384615385,8437,0.2956027023823634,2.130332111469167,92,0.782608695652174,5.493146045671526
identity_strict,method_type,1.0,pessimistic,30,0.6237193942070007,0.01540846936404705,0.6326196789741516,0.041842270642519,0.9781344032096289,0.06888536032003663,14.199452520321937,0.17201721583292176,11.928919447257316,0.27479334469857924,0.7541668221737983,30,0.17067307692307693,8437,0.09956145549365888,1.4618507760804247,92,0.782608695652174,11.3929135526262
identity_strict,method_type,1.0,pessimistic,50,0.6237193942070007,0.01540846936404705,0.6326196789741516,0.041842270642519,0.9779338014042126,0.03081203718107135,31.738693409242774,0.31711442138814805,21.991010434543075,0.4673264699076789,0.8482053169170722,50,0.08533653846153846,8437,0.014578641697285765,0.46690155097098124,92,0.782608695652174,25.567944686778038
identity_strict,method_type,1.0,pessimistic,80,0.6237193942070007,0.01540846936404705,0.6326196789741516,0.041842270642519,0.9594784353059177,0.01359216462045546,70.59055434496102,0.5080730826428723,35.23346687609035,0.6579011782419156,0.9155319117110585,80,0.08533653846153846,8437,0.0028446130141045393,0.2051640860969333,92,0.0,0.0
identity_strict,sequence,0.0,optimistic,8,0.687466025352478,0.1283249706029892,0.6956469416618347,0.20730875432491302,0.9879638916750251,0.9355905738294331,1.0559788857547212,0.015215128007884063,1.0551271598422245,0.0016115465898599286,0.07711520063284102,8,0.9675480769230769,8437,0.9775986725139267,1.046092726704708,92,1.0,1.0688634780371162
identity_strict,sequence,0.0,optimistic,12,0.687466025352478,0.1283249706029892,0.6956469416618347,0.20730875432491302,0.9656970912738214,0.3707012688172674,2.6050547233218397,0.03671558009701333,2.546124208067627,0.0441851981549587,0.4085012960674949,12,0.5012019230769231,8437,0.4720872347990992,1.2824035011374837,92,1.0,2.6988273512399967
identity_strict,sequence,0.0,optimistic,20,0.687466025352478,0.1283249706029892,0.6956469416618347,0.20730875432491302,0.9003009027081244,0.15949587773802432,5.644665652029512,0.07628760836308006,5.290335217790035,0.11718476922938552,0.6129936124933831,20,0.2704326923076923,8437,0.26277112717790685,1.67505061893356,92,0.8913043478260869,5.5951934325870605
identity_strict,sequence,0.0,optimistic,30,0.687466025352478,0.1283249706029892,0.6956469416618347,0.20730875432491302,0.886258776328987,0.11893657674686171,7.451524170022592,0.09830666874346365,6.817296320549731,0.1550463259895017,0.6867836406567733,30,0.25,8437,0.24937774090316464,2.1567906369467744,92,0.8260869565217391,6.956780800639806
identity_strict,sequence,0.0,optimistic,50,0.687466025352478,0.1283249706029892,0.6956469416618347,0.20730875432491302,0.8541624874623872,0.11253525715342329,7.590176706113333,0.09995305164319249,6.931468433469422,0.157203757354962,0.724666936820135,50,0.25,8437,0.2489036387341472,2.2819989972062804,92,0.782608695652174,6.96554458595108
identity_strict,sequence,0.0,optimistic,80,0.687466025352478,0.1283249706029892,0.6956469416618347,0.20730875432491302,0.7993981945837513,0.07720032520229755,10.354855274106546,0.1315702588483888,9.124034544203132,0.20629620909196195,0.7898948460979038,80,0.23557692307692307,8437,0.2312433329382482,3.1552294353122323,92,0.782608695652174,10.162456303775985
identity_strict,sequence,0.0,reported,8,0.8708984851837158,0.1619073897600174,0.8812718391418457,0.20730875432491302,0.999197592778335,0.9308270058788827,1.0734514431442577,0.01546298940780569,1.0723156642569298,0.0021138620846606255,0.08587593047840328,8,0.9651442307692307,8437,0.9632570819011497,1.0357563479937046,92,1.0,1.0743350438888382
identity_strict,sequence,0.0,reported,12,0.8708984851837158,0.1619073897600174,0.8812718391418457,0.20730875432491302,0.999197592778335,0.9073232152762899,1.1012587090853487,0.01585719925123203,1.09965302955946,0.0029117973647823994,0.12120545913056047,12,0.953125,8437,0.9506933744221879,1.0490734083860533,92,1.0,1.1021734839488357
identity_strict,sequence,0.0,reported,20,0.8708984851837158,0.1619073897600174,0.8812718391418457,0.20730875432491302,0.9027081243731193,0.2330508847674422,3.873437877199726,0.053633362335077414,3.719325742384538,0.07609972300678246,0.5533907576508609,20,0.3954326923076923,8437,0.35711745881237406,1.5533557600395704,92,0.9565217391304348,4.107791442487166
identity_strict,sequence,0.0,reported,30,0.8708984851837158,0.1619073897600174,0.8812718391418457,0.20730875432491302,0.8649949849548646,0.1452580045845306,5.954886874764237,0.08014422987565749,5.557781282065253,0.12356321867806855,0.6455510540182913,30,0.25600961538461536,8437,0.2583856821144957,1.8146909627552144,92,0.782608695652174,5.394107353535033
identity_strict,sequence,0.0,reported,50,0.8708984851837158,0.1619073897600174,0.8812718391418457,0.20730875432491302,0.8567703109327984,0.12611274657994606,6.793685286916419,0.09041258282351447,6.26986323605971,0.14115970492250357,0.7179277528785669,50,0.25600961538461536,8437,0.24854806210738414,2.0206517772667407,92,0.782608695652174,6.21436477304056
identity_strict,sequence,0.0,reported,80,0.8708984851837158,0.1619073897600174,0.8812718391418457,0.20730875432491302,0.7815446339017051,0.0734933712149006,10.634219399412295,0.13464196848216753,9.337049134686335,0.2102815449087401,0.7866186775986993,80,0.21875,8437,0.22176128955789973,3.1803492048237545,92,0.782608695652174,10.676521599821685
identity_strict,sequence,0.0,pessimistic,8,0.8947747945785522,0.29104316234588623,0.9036080241203308,0.20730875432491302,0.999197592778335,0.9308270058788827,1.0734514431442577,0.01546298940780569,1.0723156642569298,0.0021138620846606255,0.08587593047840328,8,0.9651442307692307,8437,0.9632570819011497,1.0357563479937046,92,1.0,1.0743350438888382
identity_strict,sequence,0.0,pessimistic,12,0.8947747945785522,0.29104316234588623,0.9036080241203308,0.20730875432491302,0.999197592778335,0.9189459688709787,1.0873300788358142,0.01565977942378551,1.0859625090641836,0.0025122720635410954,0.107903075869592,12,0.9591346153846154,8437,0.9506933744221879,1.035455955908265,92,1.0,1.0882291863017288
identity_strict,sequence,0.0,pessimistic,20,0.8947747945785522,0.29104316234588623,0.9036080241203308,0.20730875432491302,0.9857572718154464,0.8662884380017082,1.1379088402580095,0.016376288041377286,1.135650405366492,0.003960636216559165,0.16296404153455205,20,0.9314903846153846,8437,0.9506933744221879,1.1001545983664647,92,1.0,1.154398058713084
identity_strict,sequence,0.0,pessimistic,30,0.8947747945785522,0.29104316234588623,0.9036080241203308,0.20730875432491302,0.923370110330993,0.6205728608703563,1.4879318264675032,0.021306338207453285,1.477535785950606,0.013852177311370622,0.34096613254666736,30,0.7860576923076923,8437,0.8286120659002015,1.346700802587119,92,1.0,1.6116804830040126
identity_strict,sequence,0.0,pessimistic,50,0.8947747945785522,0.29104316234588623,0.9036080241203308,0.20730875432491302,0.8136409227683049,0.11462206973065149,7.098466505449311,0.094087081583892,6.524679589814468,0.14660864285857364,0.669541872552145,50,0.23317307692307693,8437,0.2890837975583738,2.623450858958625,92,0.782608695652174,6.838495454307171
identity_strict,sequence,0.0,pessimistic,80,0.8947747945785522,0.29104316234588623,0.9036080241203308,0.20730875432491302,0.7885656970912738,0.09838250012473915,8.015304511386187,0.10496381939067048,7.278951355682492,0.16398868038169448,0.6946657348378867,80,0.22115384615384615,8437,0.2880170676780846,3.07817893681788,92,0.782608695652174,7.969725882096024
identity_strict,sequence,0.25,optimistic,8,0.6612537503242493,0.10201739519834518,0.6694360375404358,0.1868632733821869,0.9887662988966901,0.46712903311017256,2.116687743241789,0.030039308894780143,2.083143215183534,0.03119020937055548,0.3481654062092892,8,0.6334134615384616,8437,0.5077634230176603,1.0893937162286924,92,1.0,2.141395916109239
identity_strict,sequence,0.25,optimistic,12,0.6612537503242493,0.10201739519834518,0.6694360375404358,0.1868632733821869,0.9125376128385155,0.17987091699416807,5.073291603156182,0.06909908404599517,4.791830884325846,0.10446052979917148,0.5450381671225267,12,0.25600961538461536,8437,0.2985658409387223,1.6881760611260617,92,0.9347826086956522,5.202861488795456
identity_strict,sequence,0.25,optimistic,20,0.6612537503242493,0.10201739519834518,0.6694360375404358,0.1868632733821869,0.9003009027081244,0.14209990285021618,6.335689783385061,0.08483450843997505,5.883039163423392,0.13218522918374037,0.6337908653087856,20,0.25600961538461536,8437,0.26514163802299395,1.907827810482314,92,0.8913043478260869,6.281323229515525
identity_strict,sequence,0.25,optimistic,30,0.6612537503242493,0.10201739519834518,0.6694360375404358,0.1868632733821869,0.8954864593781344,0.12698738813833424,7.0517747668188315,0.09352608422375865,6.485775970274116,0.14709149440408906,0.6883218758379847,30,0.25600961538461536,8437,0.24937774090316464,2.0130639784475517,92,0.8260869565217391,6.51495515266215
identity_strict,sequence,0.25,optimistic,50,0.6612537503242493,0.10201739519834518,0.6694360375404358,0.1868632733821869,0.8954864593781344,0.11915670465585203,7.515199937464494,0.09906351249389729,6.869781347059241,0.15648826503651111,0.7400135164048395,50,0.25600961538461536,8437,0.24854806210738414,2.1450367208298213,92,0.782608695652174,6.577786885070025
identity_strict,sequence,0.25,optimistic,80,0.6612537503242493,0.10201739519834518,0.6694360375404358,0.1868632733821869,0.8461384152457372,0.022887432457419924,36.96956470848812,0.3510319573901465,24.343098002396,0.48572316261199516,0.8724242158569483,80,0.07451923076923077,8437,0.13203745407135237,6.563826004503969,92,0.782608695652174,34.503157041722474
identity_strict,sequence,0.25,reported,8,0.8178141713142395,0.12745822966098785,0.8279148936271667,0.1868632733821869,0.9610832497492477,0.3350933782589937,2.8681057642578254,0.04027370314640933,2.79287022726201,0.05104024196491038,0.429496066087163,8,0.4519230769230769,8437,0.4196989451226739,1.2605650172350047,92,1.0,2.9858430196882835
identity_strict,sequence,0.25,reported,12,0.8178141713142395,0.12745822966098785,0.8279148936271667,0.1868632733821869,0.9610832497492477,0.327538588422446,2.9342596070227964,0.04116439121207695,2.854636987853591,0.052750389864311485,0.4552802068088881,12,0.4483173076923077,8437,0.407727865354984,1.2526107542157805,92,0.782608695652174,2.39026031441078
identity_strict,sequence,0.25,reported,20,0.8178141713142395,0.12745822966098785,0.8279148936271667,0.1868632733821869,0.9271815446339017,0.24131595399033198,3.8421891686077583,0.0532237076956737,3.690917323081969,0.07545188516580704,0.5558741816704482,20,0.4098557692307692,8437,0.3425388171150883,1.4347431950245038,92,0.782608695652174,3.245053274061717
identity_strict,sequence,0.25,reported,30,0.8178141713142395,0.12745822966098785,0.8279148936271667,0.1868632733821869,0.8826479438314945,0.14069988934903774,6.2732667944172125,0.08406893652795293,5.82994886298239,0.13062334204456652,0.6523845202668852,30,0.25600961538461536,8437,0.2615858717553633,1.900640352313345,92,0.782608695652174,5.5691177726224845
identity_strict,sequence,0.25,reported,50,0.8178141713142395,0.12745822966098785,0.8279148936271667,0.1868632733821869,0.8581745235707121,0.12057139335096313,7.117563293580839,0.09431632788041801,6.540577188154259,0.1478103288321707,0.7260087768523215,50,0.25600961538461536,8437,0.24854806210738414,2.11851470611982,92,0.782608695652174,6.50047286637602
identity_strict,sequence,0.25,reported,80,0.8178141713142395,0.12745822966098785,0.8279148936271667,0.1868632733821869,0.8106318956870612,0.03232064711735166,25.080930240776816,0.26845147146748155,18.616369083334504,0.390120293613972,0.8527782794699763,80,0.1346153846153846,8437,0.13203745407135237,4.432472521125938,92,0.782608695652174,24.36667196566251
identity_strict,sequence,0.25,pessimistic,8,0.8481171131134033,0.22613343596458435,0.8572174310684204,0.1868632733821869,0.9586760280842528,0.7556609560595343,1.268658940754806,0.018223694998112425,1.2637629821599743,0.007682549775169025,0.2243502144767238,8,0.8689903846153846,8437,0.8357235984354628,1.1089338046113988,92,1.0,1.3234603877685822
identity_strict,sequence,0.25,pessimistic,12,0.8481171131134033,0.22613343596458435,0.8572174310684204,0.1868632733821869,0.9528585757271816,0.3720689968917939,2.5609727864649106,0.0361167292689974,2.5045955549398844,0.043003342720121816,0.41962850337636587,12,0.4483173076923077,8437,0.40073485836197703,1.0791556187229412,92,1.0,2.6888992390034416
identity_strict,sequence,0.25,pessimistic,20,0.8481171131134033,0.22613343596458435,0.8572174310684204,0.1868632733821869,0.9167502507522568,0.24067318049608025,3.809108471756734,0.05278964999422433,3.6608166187368854,0.0745948452183879,0.5490150758909705,20,0.359375,8437,0.3718146260519142,1.566569025484368,92,1.0,4.158555940811643
identity_strict,sequence,0.25,pessimistic,30,0.8481171131134033,0.22613343596458435,0.8572174310684204,0.1868632733821869,0.8609829488465396,0.12808802768328584,6.721806592068315,0.0895416518890952,6.209466578024604,0.1397402062343447,0.6576281848448974,30,0.23557692307692307,8437,0.22839871992414365,1.819316207126502,92,1.0,7.821511400950653
identity_strict,sequence,0.25,pessimistic,50,0.8481171131134033,0.22613343596458435,0.8572174310684204,0.1868632733821869,0.8559679037111334,0.1087549271963629,7.870612631330598,0.10326468381694538,7.161120990327532,0.16274860144484457,0.7188863657052244,50,0.234375,8437,0.2272134645016001,2.148650331667606,92,1.0,9.215383366700935
identity_strict,sequence,0.25,pessimistic,80,0.8481171131134033,0.22613343596458435,0.8572174310684204,0.1868632733821869,0.8343029087261785,0.06350249918552674,13.138111403910381,0.1612327970536926,11.181049751308588,0.25216563080139,0.815384959768685,80,0.21394230769230768,8437,0.20599739243807041,3.4399224834137807,92,0.782608695652174,12.361871234666474
identity_strict,sequence,0.5,optimistic,8,0.6350415945053101,0.07570983469486237,0.6432252526283264,0.16641776263713837,0.9881644934804413,0.34573289386019235,2.8581732054689475,0.04013982936905664,2.7835864500632708,0.050840379152068634,0.439992512142938,8,0.49759615384615385,8437,0.44755244755244755,1.304256676150834,92,1.0,2.8938854574649753
identity_strict,sequence,0.5,optimistic,12,0.6350415945053101,0.07570983469486237,0.6432252526283264,0.16641776263713837,0.9857572718154464,0.27478713631200635,3.587348683950659,0.04986959213290439,3.4583186603764324,0.06938960816206331,0.5130970089358787,12,0.4182692307692308,8437,0.37655564774208844,1.3833630154772427,92,1.0,3.641776523291743
identity_strict,sequence,0.5,optimistic,20,0.6350415945053101,0.07570983469486237,0.6432252526283264,0.16641776263713837,0.9506519558676028,0.12986079111035453,7.320546469332281,0.09674587620447493,6.70905966306563,0.1534599266298008,0.6629165190655146,20,0.2548076923076923,8437,0.25388171150883015,2.003617124905233,92,1.0,7.714515434964781
identity_strict,sequence,0.5,optimistic,30,0.6350415945053101,0.07570983469486237,0.6432252526283264,0.16641776263713837,0.9506519558676028,0.11200108009427344,8.487882037096615,0.1104687754959323,7.660704877400564,0.17666337438652036,0.7173586438952512,30,0.2548076923076923,8437,0.2510370984947256,2.314330527308042,92,1.0,8.947646317116739
identity_strict,sequence,0.5,optimistic,50,0.6350415945053101,0.07570983469486237,0.6432252526283264,0.16641776263713837,0.9346038114343029,0.05583324283630408,16.739199873710394,0.1967316949581961,13.642800405269519,0.3085692415699268,0.8173707857323337,50,0.15985576923076922,8437,0.16723954012089606,3.1551982145202486,92,0.782608695652174,14.066349601833561
identity_strict,sequence,0.5,optimistic,80,0.6350415945053101,0.07570983469486237,0.6432252526283264,0.16641776263713837,0.9009027081243731,0.014918802151970438,60.387067201999464,0.4690829329433883,32.52960753997945,0.6095325944814048,0.9138190541360073,80,0.07451923076923077,8437,0.07265615740192011,5.400839383571723,92,0.782608695652174,53.19724432335818
identity_strict,sequence,0.5,reported,8,0.7647298574447632,0.09300905466079712,0.7745579481124878,0.16641776263713837,0.9307923771313942,0.3131070027090408,2.9727612895210345,0.04168201295376351,2.8905326278965355,0.0536681419097189,0.440669823568173,8,0.3918269230769231,8437,0.38022993955197343,1.2210235035390826,92,1.0,3.195689905898468
identity_strict,sequence,0.5,reported,12,0.7647298574447632,0.09300905466079712,0.7745579481124878,0.16641776263713837,0.9307923771313942,0.23620898650175662,3.940546000879912,0.054511918608066354,3.780251196616671,0.0778688409178537,0.52672966438918,12,0.3581730769230769,8437,0.3478724665165343,1.4906243673181023,92,1.0,4.23723985221491
identity_strict,sequence,0.5,reported,20,0.7647298574447632,0.09300905466079712,0.7745579481124878,0.16641776263713837,0.9299899699097292,0.1462206973065149,6.360180104737424,0.08513451473693875,5.90384377261801,0.133083887694664,0.6424899973711014,20,0.2644230769230769,8437,0.24819248548062106,1.7279813498289762,92,1.0,6.849779797695416
identity_strict,sequence,0.5,reported,30,0.7647298574447632,0.09300905466079712,0.7745579481124878,0.16641776263713837,0.9299899699097292,0.12925323808154124,7.195099973611739,0.09524592184739286,6.605041965688329,0.15057296322386976,0.6888141280300932,30,0.24759615384615385,8437,0.2470072300580775,1.9562873709376378,92,1.0,7.750853319983617
identity_strict,sequence,0.5,reported,50,0.7647298574447632,0.09300905466079712,0.7745579481124878,0.16641776263713837,0.9299899699097292,0.09595815808705913,9.691619643907558,0.12418965979105277,8.612210357297448,0.19873203673593565,0.7747833061283853,50,0.24759615384615385,8437,0.23479909920587888,2.540215410071768,92,0.782608695652174,8.17152201901624
identity_strict,sequence,0.5,reported,80,0.7647298574447632,0.09300905466079712,0.7745579481124878,0.16641776263713837,0.8986960882647944,0.019174608392449905,46.86907131926931,0.4067919731226732,28.20990129199912,0.5511588659840881,0.9006485972785424,80,0.08173076923076923,8437,0.11105843309233139,6.594322694303309,92,0.782608695652174,41.258534484498966
identity_strict,sequence,0.5,pessimistic,8,0.8014594316482544,0.16122370958328247,0.8108267784118652,0.16641776263713837,0.9881644934804413,0.43488469700127086,2.27224480487423,0.03217588963787427,2.2313091964402374,0.03537976627554982,0.35938051157387035,8,0.5420673076923077,8437,0.397060566552092,0.9110130002108121,92,1.0,2.3002674266265077
identity_strict,sequence,0.5,pessimistic,12,0.8014594316482544,0.16122370958328247,0.8108267784118652,0.16641776263713837,0.9867602808425275,0.2236675657668816,4.411727187441126,0.06063482280431433,4.204857713973971,0.08951051702605808,0.5452042660419457,12,0.33413461538461536,8437,0.33684959108687923,1.5256305685186426,92,1.0,4.475116272958982
identity_strict,sequence,0.5,pessimistic,20,0.8014594316482544,0.16122370958328247,0.8108267784118652,0.16641776263713837,0.9530591775325978,0.14098458811133188,6.760023845868824,0.09000492554844088,6.241593328464155,0.14186357933844332,0.646517966364976,20,0.26802884615384615,8437,0.22140571293113667,1.593505357906741,92,1.0,7.104665957491187
identity_strict,sequence,0.5,pessimistic,30,0.8014594316482544,0.16122370958328247,0.8108267784118652,0.16641776263713837,0.9450351053159478,0.11964392109441727,7.8987306389780665,0.10359538207806487,7.184054002579481,0.16502002799585863,0.6993728189175696,30,0.25,8437,0.2081308521986488,1.7728791730786975,92,1.0,8.37477871754524
identity_strict,sequence,0.5,pessimistic,50,0.8014594316482544,0.16122370958328247,0.8108267784118652,0.16641776263713837,0.9422266800401203,0.0761026206961325,12.381001750285375,0.15336642068830406,10.63553824799678,0.24507025600885338,0.7886897725598805,50,0.22115384615384615,8437,0.19793765556477422,2.711139641581672,92,0.782608695652174,10.309447782200094
identity_strict,sequence,0.5,pessimistic,80,0.8014594316482544,0.16122370958328247,0.8108267784118652,0.16641776263713837,0.9390170511534603,0.024886193871052006,37.73244940624444,0.3556990881458967,24.66675064707801,0.5056137230109445,0.8982528155733361,80,0.12379807692307693,8437,0.1174588123740666,5.212140681461086,92,0.782608695652174,31.708265886088718
identity_strict,sequence,0.75,optimistic,8,0.6088293790817261,0.049402255564928055,0.617014467716217,0.14597228169441223,0.9993981945837512,0.7621473917777823,1.311292547039436,0.01882457850627612,1.3054325960492736,0.008897806293290648,0.2286941049310814,8,0.8725961538461539,8437,0.7726680099561456,1.0141593832195088,92,1.0,1.3121927729409046
identity_strict,sequence,0.75,optimistic,12,0.6088293790817261,0.049402255564928055,0.617014467716217,0.14597228169441223,0.99358074222668,0.27668610640689617,3.591003376098381,0.04991786178607782,3.4616660276830404,0.06950788643897139,0.5080953159753705,12,0.41947115384615385,8437,0.3098257674528861,1.123189393543688,92,1.0,3.6167576291702943
identity_strict,sequence,0.75,optimistic,20,0.6088293790817261,0.049402255564928055,0.617014467716217,0.14597228169441223,0.9907723169508525,0.10799768718943621,9.174014210257688,0.11834191925242601,8.20668568061919,0.19057652367033845,0.6897919576274302,20,0.19591346153846154,8437,0.10299869621903521,0.9525924454444764,92,0.782608695652174,7.258778763325015
identity_strict,sequence,0.75,optimistic,30,0.6088293790817261,0.049402255564928055,0.617014467716217,0.14597228169441223,0.9887662988966901,0.07553615821033074,13.089973362736641,0.16073699657590088,11.146667355727708,0.2581174349035205,0.7558223942415782,30,0.15264423076923078,8437,0.09517601043024772,1.268379805466656,92,0.782608695652174,10.386977529003579
identity_strict,sequence,0.75,optimistic,50,0.6088293790817261,0.049402255564928055,0.617014467716217,0.14597228169441223,0.9887662988966901,0.02900405328856421,34.090624819205644,0.33279319424751874,23.078290085975976,0.48690797802687436,0.8624382018549929,50,0.09134615384615384,8437,0.06910039113428944,2.469111018792869,92,0.782608695652174,27.17343438372557
identity_strict,sequence,0.75,optimistic,80,0.6088293790817261,0.049402255564928055,0.617014467716217,0.14597228169441223,0.9887662988966901,0.010853773432615912,91.09885193709847,0.5713457748927785,39.62125356014723,0.7190791392985144,0.9362728566133294,80,0.0673076923076923,8437,0.009007941211331041,0.8263679343053038,92,0.782608695652174,73.51665507566129
identity_strict,sequence,0.75,reported,8,0.7116456031799316,0.05855989456176758,0.7212010622024536,0.14597228169441223,0.9969909729187563,0.3756438741337967,2.6540855357158,0.03738078762899004,2.592254515585023,0.0455272487009344,0.41577380217554694,8,0.4675480769230769,8437,0.40215716486902925,1.0725030282575412,92,0.782608695652174,2.083989174792031
identity_strict,sequence,0.75,reported,12,0.7116456031799316,0.05855989456176758,0.7212010622024536,0.14597228169441223,0.9969909729187563,0.20048662943080792,4.972855176174422,0.0678239034908158,4.703400630122579,0.10277968415129055,0.5647622457328914,12,0.3245192307692308,8437,0.22259096835368022,1.1133703359739688,92,0.782608695652174,3.906609286950405
identity_strict,sequence,0.75,reported,20,0.7116456031799316,0.05855989456176758,0.7212010622024536,0.14597228169441223,0.9937813440320963,0.15408366621564903,6.449621614280916,0.0862285037944719,5.979708896235458,0.1357527900700121,0.651872249891519,20,0.2920673076923077,8437,0.21180514400853384,1.387812159497773,92,0.782608695652174,5.084717340715443
identity_strict,sequence,0.75,reported,30,0.7116456031799316,0.05855989456176758,0.7212010622024536,0.14597228169441223,0.9925777331995987,0.08920169880044965,11.12734114425403,0.14001131861912847,9.70939875654127,0.22583907680945053,0.7387926031430722,30,0.17668269230769232,8437,0.11331041839516416,1.2790496657777815,92,0.782608695652174,8.791932430882184
identity_strict,sequence,0.75,reported,50,0.7116456031799316,0.05855989456176758,0.7212010622024536,0.14597228169441223,0.9925777331995987,0.03589258932056787,27.654113341742455,0.28805961460091983,19.976139724990887,0.4338754160980986,0.850615888164146,50,0.1141826923076923,8437,0.09458338271897594,2.7493306718191772,92,0.782608695652174,21.927399136657712
identity_strict,sequence,0.75,reported,80,0.7116456031799316,0.05855989456176758,0.7212010622024536,0.14597228169441223,0.9925777331995987,0.01335149143995938,74.34208662478973,0.5210066336737917,36.13037296579641,0.6772264395061857,0.9291760598747926,80,0.0673076923076923,8437,0.04669906364821619,3.7345089469668795,92,0.782608695652174,59.54241485466782
identity_strict,sequence,0.75,pessimistic,8,0.7548016309738159,0.09631398320198059,0.7644361257553101,0.14597228169441223,0.9919759277833501,0.4802926820677935,2.06535715579221,0.029332210266570177,2.034107875689517,0.029802322960869914,0.3264194596453806,8,0.6117788461538461,8437,0.5621666469124096,1.175555138744188,92,1.0,2.082672471247149
identity_strict,sequence,0.75,pessimistic,12,0.7548016309738159,0.09631398320198059,0.7644361257553101,0.14597228169441223,0.9887662988966901,0.21924152727678295,4.509940754282447,0.06190111394376279,4.292671511715751,0.09186028650126721,0.5335815757142146,12,0.32091346153846156,8437,0.22614673462131088,1.0323214740975608,92,0.782608695652174,3.5720980798159867
identity_strict,sequence,0.75,pessimistic,20,0.7548016309738159,0.09631398320198059,0.7644361257553101,0.14597228169441223,0.9887662988966901,0.09412669388425968,10.504632194056445,0.1332198167518041,9.238426834870946,0.21484833025916855,0.6980198401613263,20,0.15745192307692307,8437,0.12457034490932796,1.3343913983172262,92,0.782608695652174,8.330876658051999
identity_strict,sequence,0.75,pessimistic,30,0.7548016309738159,0.09631398320198059,0.7644361257553101,0.14597228169441223,0.9887662988966901,0.07589423294228834,13.028213878234595,0.16010004222561472,11.102496328430512,0.25713989305481655,0.7515554911366343,30,0.15264423076923078,8437,0.11864406779661017,1.5859652807277969,92,0.782608695652174,10.337834146604662
identity_strict,sequence,0.75,pessimistic,50,0.7548016309738159,0.09631398320198059,0.7644361257553101,0.14597228169441223,0.9887662988966901,0.03826410066009022,25.84057332694563,0.2743515529333185,19.025523458944125,0.4163471114992701,0.843931520983112,50,0.12139423076923077,8437,0.09493895934573901,2.578109494740608,92,0.782608695652174,20.560847767400528
identity_strict,sequence,0.75,pessimistic,80,0.7548016309738159,0.09631398320198059,0.7644361257553101,0.14597228169441223,0.9719157472417251,0.01206007437388285,80.58953179812008,0.5410989501898593,37.52371969605488,0.6894179152121178,0.9279067606061574,80,0.0673076923076923,8437,0.03508356050728932,3.0572659281403234,92,0.782608695652174,66.03205135108938
identity_strict,sequence,1.0,optimistic,8,0.5826172232627869,0.02309468388557434,0.5908036231994629,0.1255268007516861,0.9835506519558675,0.43488176196248435,2.2616507243656607,0.03203067837357584,2.2212391957937156,0.035090241893949284,0.3491523453375995,8,0.49158653846153844,8437,0.6112362214057129,1.420145891473176,92,1.0,2.3002829608919684
identity_strict,sequence,1.0,optimistic,12,0.5826172232627869,0.02309468388557434,0.5908036231994629,0.1255268007516861,0.9825476429287864,0.18817120668249632,5.22156210958806,0.07097522098246631,4.9219358059688405,0.10840574765277754,0.5646288154104199,12,0.2776442307692308,8437,0.2775868199597013,1.4931986889313549,92,0.782608695652174,4.162576378893626
identity_strict,sequence,1.0,optimistic,20,0.5826172232627869,0.02309468388557434,0.5908036231994629,0.1255268007516861,0.9793380140421264,0.10590500453463493,9.24732516981146,0.1191749054070548,8.264450972837956,0.19170943624440093,0.6883962230179237,20,0.18870192307692307,8437,0.1367784757615266,1.3011518009443581,92,0.782608695652174,7.4024989948723405
identity_strict,sequence,1.0,optimistic,30,0.5826172232627869,0.02309468388557434,0.5908036231994629,0.1255268007516861,0.9769307923771314,0.05750034486705742,16.98999883628221,0.1990924328522955,13.806511066661413,0.3143482023902945,0.7727351938776276,30,0.13221153846153846,8437,0.07087827426810478,1.2399835573190254,92,0.782608695652174,13.65702091830257
identity_strict,sequence,1.0,optimistic,50,0.5826172232627869,0.02309468388557434,0.5908036231994629,0.1255268007516861,0.9737211634904714,0.039033080822163065,24.946049427325516,0.26739381920343747,18.54302381611866,0.4061322034851627,0.8410647387568233,50,0.13221153846153846,8437,0.06507052269764134,1.6957837536342022,92,0.782608695652174,20.153579141479383
identity_strict,sequence,1.0,optimistic,80,0.5826172232627869,0.02309468388557434,0.5908036231994629,0.1255268007516861,0.9566700100300902,0.012013113753298249,79.63547417233376,0.5381403746332656,37.31855064176958,0.6829616728448661,0.9221189400779873,80,0.08052884615384616,8437,0.009007941211331041,0.7451094493536994,92,0.782608695652174,66.29480012542845
identity_strict,sequence,1.0,reported,8,0.6585612893104553,0.02411072887480259,0.6678440570831299,0.1255268007516861,0.9833500501504514,0.45199597312678486,2.1755725904987693,0.030849202653207636,2.139307113420916,0.0327750776376877,0.37375594804000795,8,0.6189903846153846,8437,0.43368495910868793,0.9585025781581882,92,0.782608695652174,1.731792729746036
identity_strict,sequence,1.0,reported,12,0.6585612893104553,0.02411072887480259,0.6678440570831299,0.1255268007516861,0.9833500501504514,0.16838904526123313,5.839750730963021,0.07871663936795452,5.458781818043009,0.12232857524804558,0.5969463301662997,12,0.2824519230769231,8437,0.20907905653668366,1.2493082727605744,92,0.782608695652174,4.652205781925791
identity_strict,sequence,1.0,reported,20,0.6585612893104553,0.02411072887480259,0.6678440570831299,0.1255268007516861,0.9801404212637914,0.10033430091778663,9.76874720108842,0.12505438816513526,8.672176884881564,0.201382331908071,0.6919523917176825,20,0.1778846153846154,8437,0.15550551143771482,1.5718199831915327,92,0.782608695652174,7.814363770537562
identity_strict,sequence,1.0,reported,30,0.6585612893104553,0.02411072887480259,0.6678440570831299,0.1255268007516861,0.9753259779338014,0.059730974344825966,16.328646713567068,0.19283702851703485,13.372716030135381,0.3052795716936536,0.7689253553783106,30,0.13221153846153846,8437,0.09458338271897594,1.6073031713581043,92,0.782608695652174,13.145194107418899
identity_strict,sequence,1.0,reported,50,0.6585612893104553,0.02411072887480259,0.6678440570831299,0.1255268007516861,0.9737211634904714,0.030271990044348437,32.16574668741536,0.3200158227848101,22.19221461853916,0.4702151157254004,0.8529883241567082,50,0.09495192307692307,8437,0.06507052269764134,2.214156974791201,92,0.782608695652174,26.027278979139606
identity_strict,sequence,1.0,reported,80,0.6585612893104553,0.02411072887480259,0.6678440570831299,0.1255268007516861,0.957271815446339,0.011772440572802169,81.31464410684059,0.5433223272230445,37.67790476062138,0.687451327152767,0.9242628294747162,80,0.08052884615384616,8437,0.009007941211331041,0.7606365077646278,92,0.782608695652174,67.67488989701647
identity_strict,sequence,1.0,pessimistic,8,0.708143949508667,0.031404271721839905,0.7180454134941101,0.1255268007516861,0.9891675025075226,0.5020765399414753,1.9701528030423912,0.028018000613657282,1.9429710612114077,0.02720966045664694,0.3342217791374822,8,0.6598557692307693,8437,0.4509896882778239,0.8959341118680462,92,0.782608695652174,1.5589790767019773
identity_strict,sequence,1.0,pessimistic,12,0.708143949508667,0.031404271721839905,0.7180454134941101,0.1255268007516861,0.9881644934804413,0.18280008570313255,5.405711324912731,0.07329484585168432,5.082795392486231,0.11264295358945069,0.5766178736901535,12,0.2932692307692308,8437,0.25542254355813676,1.4115167934245236,92,0.782608695652174,4.285024775829414
identity_strict,sequence,1.0,pessimistic,20,0.708143949508667,0.031404271721839905,0.7180454134941101,0.1255268007516861,0.9849548645937813,0.09895483268811398,9.953580212683134,0.12711974110032362,8.815403414125871,0.20486710319815005,0.68902323537339,20,0.16706730769230768,8437,0.1306151475643001,1.330758211197383,92,0.782608695652174,7.923532125682842
identity_strict,sequence,1.0,pessimistic,30,0.708143949508667,0.031404271721839905,0.7180454134941101,0.1255268007516861,0.9849548645937813,0.05429234747337186,18.14168866205059,0.20975734791524264,14.546093509510074,0.3299277044773603,0.7779402660240338,30,0.13221153846153846,8437,0.06151475643001067,1.1368682450650962,92,0.782608695652174,14.467132926535754
identity_strict,sequence,1.0,pessimistic,50,0.708143949508667,0.031404271721839905,0.7180454134941101,0.1255268007516861,0.9833500501504514,0.026805709237447573,36.68435113728353,0.34926968293551836,24.220889129804803,0.504921386259194,0.863119691547498,50,0.08052884615384616,8437,0.05369207064122318,2.0553547327467503,92,0.782608695652174,29.419643671156365
identity_strict,sequence,1.0,pessimistic,80,0.708143949508667,0.031404271721839905,0.7180454134941101,0.1255268007516861,0.9568706118355065,0.010874318704121675,87.99361485265513,0.5628318584070796,39.03083693558551,0.7033803564032818,0.9252879347368992,80,0.0673076923076923,8437,0.009007941211331041,0.824773948209923,92,0.782608695652174,73.37500448784691
identity_strict,settings_all,0.0,optimistic,8,0.687466025352478,0.1283249706029892,0.6956469416618347,0.20730875432491302,0.9879638916750251,0.9355905738294331,1.0559788857547212,0.015215128007884063,1.0551271598422245,0.0016115465898599286,0.07711520063284102,8,0.9675480769230769,8437,0.9775986725139267,1.046092726704708,92,1.0,1.0688634780371162
identity_strict,settings_all,0.0,optimistic,12,0.687466025352478,0.1283249706029892,0.6956469416618347,0.20730875432491302,0.9656970912738214,0.3707012688172674,2.6050547233218397,0.03671558009701333,2.546124208067627,0.0441851981549587,0.4085012960674949,12,0.5012019230769231,8437,0.4720872347990992,1.2824035011374837,92,1.0,2.6988273512399967
identity_strict,settings_all,0.0,optimistic,20,0.687466025352478,0.1283249706029892,0.6956469416618347,0.20730875432491302,0.9003009027081244,0.15949587773802432,5.644665652029512,0.07628760836308006,5.290335217790035,0.11718476922938552,0.6129936124933831,20,0.2704326923076923,8437,0.26277112717790685,1.67505061893356,92,0.8913043478260869,5.5951934325870605
identity_strict,settings_all,0.0,optimistic,30,0.687466025352478,0.1283249706029892,0.6956469416618347,0.20730875432491302,0.886258776328987,0.11893657674686171,7.451524170022592,0.09830666874346365,6.817296320549731,0.1550463259895017,0.6867836406567733,30,0.25,8437,0.24937774090316464,2.1567906369467744,92,0.8260869565217391,6.956780800639806
identity_strict,settings_all,0.0,optimistic,50,0.687466025352478,0.1283249706029892,0.6956469416618347,0.20730875432491302,0.8541624874623872,0.11253525715342329,7.590176706113333,0.09995305164319249,6.931468433469422,0.157203757354962,0.724666936820135,50,0.25,8437,0.2489036387341472,2.2819989972062804,92,0.782608695652174,6.96554458595108
identity_strict,settings_all,0.0,optimistic,80,0.687466025352478,0.1283249706029892,0.6956469416618347,0.20730875432491302,0.7993981945837513,0.07720032520229755,10.354855274106546,0.1315702588483888,9.124034544203132,0.20629620909196195,0.7898948460979038,80,0.23557692307692307,8437,0.2312433329382482,3.1552294353122323,92,0.782608695652174,10.162456303775985
identity_strict,settings_all,0.0,reported,8,0.8708984851837158,0.1619073897600174,0.8812718391418457,0.20730875432491302,0.999197592778335,0.9308270058788827,1.0734514431442577,0.01546298940780569,1.0723156642569298,0.0021138620846606255,0.08587593047840328,8,0.9651442307692307,8437,0.9632570819011497,1.0357563479937046,92,1.0,1.0743350438888382
identity_strict,settings_all,0.0,reported,12,0.8708984851837158,0.1619073897600174,0.8812718391418457,0.20730875432491302,0.999197592778335,0.9073232152762899,1.1012587090853487,0.01585719925123203,1.09965302955946,0.0029117973647823994,0.12120545913056047,12,0.953125,8437,0.9506933744221879,1.0490734083860533,92,1.0,1.1021734839488357
identity_strict,settings_all,0.0,reported,20,0.8708984851837158,0.1619073897600174,0.8812718391418457,0.20730875432491302,0.9027081243731193,0.2330508847674422,3.873437877199726,0.053633362335077414,3.719325742384538,0.07609972300678246,0.5533907576508609,20,0.3954326923076923,8437,0.35711745881237406,1.5533557600395704,92,0.9565217391304348,4.107791442487166
identity_strict,settings_all,0.0,reported,30,0.8708984851837158,0.1619073897600174,0.8812718391418457,0.20730875432491302,0.8649949849548646,0.1452580045845306,5.954886874764237,0.08014422987565749,5.557781282065253,0.12356321867806855,0.6455510540182913,30,0.25600961538461536,8437,0.2583856821144957,1.8146909627552144,92,0.782608695652174,5.394107353535033
identity_strict,settings_all,0.0,reported,50,0.8708984851837158,0.1619073897600174,0.8812718391418457,0.20730875432491302,0.8567703109327984,0.12611274657994606,6.793685286916419,0.09041258282351447,6.26986323605971,0.14115970492250357,0.7179277528785669,50,0.25600961538461536,8437,0.24854806210738414,2.0206517772667407,92,0.782608695652174,6.21436477304056
identity_strict,settings_all,0.0,reported,80,0.8708984851837158,0.1619073897600174,0.8812718391418457,0.20730875432491302,0.7815446339017051,0.0734933712149006,10.634219399412295,0.13464196848216753,9.337049134686335,0.2102815449087401,0.7866186775986993,80,0.21875,8437,0.22176128955789973,3.1803492048237545,92,0.782608695652174,10.676521599821685
identity_strict,settings_all,0.0,pessimistic,8,0.8947747945785522,0.29104316234588623,0.9036080241203308,0.20730875432491302,0.999197592778335,0.9308270058788827,1.0734514431442577,0.01546298940780569,1.0723156642569298,0.0021138620846606255,0.08587593047840328,8,0.9651442307692307,8437,0.9632570819011497,1.0357563479937046,92,1.0,1.0743350438888382
identity_strict,settings_all,0.0,pessimistic,12,0.8947747945785522,0.29104316234588623,0.9036080241203308,0.20730875432491302,0.999197592778335,0.9189459688709787,1.0873300788358142,0.01565977942378551,1.0859625090641836,0.0025122720635410954,0.107903075869592,12,0.9591346153846154,8437,0.9506933744221879,1.035455955908265,92,1.0,1.0882291863017288
identity_strict,settings_all,0.0,pessimistic,20,0.8947747945785522,0.29104316234588623,0.9036080241203308,0.20730875432491302,0.9857572718154464,0.8662884380017082,1.1379088402580095,0.016376288041377286,1.135650405366492,0.003960636216559165,0.16296404153455205,20,0.9314903846153846,8437,0.9506933744221879,1.1001545983664647,92,1.0,1.154398058713084
identity_strict,settings_all,0.0,pessimistic,30,0.8947747945785522,0.29104316234588623,0.9036080241203308,0.20730875432491302,0.923370110330993,0.6205728608703563,1.4879318264675032,0.021306338207453285,1.477535785950606,0.013852177311370622,0.34096613254666736,30,0.7860576923076923,8437,0.8286120659002015,1.346700802587119,92,1.0,1.6116804830040126
identity_strict,settings_all,0.0,pessimistic,50,0.8947747945785522,0.29104316234588623,0.9036080241203308,0.20730875432491302,0.8136409227683049,0.11462206973065149,7.098466505449311,0.094087081583892,6.524679589814468,0.14660864285857364,0.669541872552145,50,0.23317307692307693,8437,0.2890837975583738,2.623450858958625,92,0.782608695652174,6.838495454307171
identity_strict,settings_all,0.0,pessimistic,80,0.8947747945785522,0.29104316234588623,0.9036080241203308,0.20730875432491302,0.7885656970912738,0.09838250012473915,8.015304511386187,0.10496381939067048,7.278951355682492,0.16398868038169448,0.6946657348378867,80,0.22115384615384615,8437,0.2880170676780846,3.07817893681788,92,0.782608695652174,7.969725882096024
identity_strict,settings_all,0.25,optimistic,8,0.5991847515106201,0.10138171166181564,0.606468141078949,0.2705478072166443,0.9719157472417251,0.5838232402241196,1.664743162448661,0.023777974087161365,1.6489369167573389,0.018797826102609255,0.30774746815395626,8,0.7524038461538461,8437,0.8651179329145431,1.5001680237623523,92,1.0,1.713177046921131
identity_strict,settings_all,0.25,optimistic,12,0.5991847515106201,0.10138171166181564,0.606468141078949,0.2705478072166443,0.9719157472417251,0.31969909982360417,3.0400953514663795,0.04258591895930386,2.9532160161595797,0.05550029139898703,0.4687794402720346,12,0.49399038461538464,8437,0.4502785350242977,1.4232050106221439,92,1.0,3.129740060459603
identity_strict,settings_all,0.25,optimistic,20,0.5991847515106201,0.10138171166181564,0.606468141078949,0.2705478072166443,0.8914744232698094,0.14755907499317603,6.041474733499355,0.08121493448345182,5.632031693318226,0.12575953073928808,0.6196003483666288,20,0.25600961538461536,8437,0.2664454189877919,1.8433981957804892,92,0.8913043478260869,6.048556485011335
identity_strict,settings_all,0.25,optimistic,30,0.5991847515106201,0.10138171166181564,0.606468141078949,0.2705478072166443,0.8866599799398195,0.12701673852619963,6.98065459897578,0.09267024488426702,6.4264258727204755,0.1454900547342174,0.6866309864794042,30,0.25600961538461536,8437,0.24937774090316464,2.0125750383964376,92,0.8260869565217391,6.513447061191627
identity_strict,settings_all,0.25,optimistic,50,0.5991847515106201,0.10138171166181564,0.606468141078949,0.2705478072166443,0.8858575727181545,0.11978773799495761,7.395227487770444,0.09763647217493202,6.770820037108384,0.15390807147326166,0.735168965219499,50,0.25600961538461536,8437,0.24854806210738414,2.133124774994032,92,0.782608695652174,6.543074330633707
identity_strict,settings_all,0.25,optimistic,80,0.5991847515106201,0.10138171166181564,0.606468141078949,0.2705478072166443,0.8130391173520561,0.03293700526252454,24.68467035395976,0.2653355155482815,18.400286135000744,0.38676442587749216,0.851561688594098,80,0.1346153846153846,8437,0.13203745407135237,4.34038514187817,92,0.782608695652174,23.90774809904465
identity_strict,settings_all,0.25,reported,8,0.8057450652122498,0.12747681140899658,0.8156689405441284,0.2705478072166443,0.9711133400200602,0.4058835787514932,2.3925908582141364,0.03382239921749459,2.3454900942609846,0.038573448000286704,0.38046164909912555,8,0.46033653846153844,8437,0.4417446959819841,1.090800353091644,92,1.0,2.4647351244961904
identity_strict,settings_all,0.25,reported,12,0.8057450652122498,0.12747681140899658,0.8156689405441284,0.2705478072166443,0.9699097291875627,0.3278526375726055,2.958370981452814,0.04148861315622372,2.877120885386944,0.053392808892476974,0.45912547130109943,12,0.4483173076923077,8437,0.4149579234324997,1.2742807808599694,92,1.0,3.0518407683830446
identity_strict,settings_all,0.25,reported,20,0.8057450652122498,0.12747681140899658,0.8156689405441284,0.2705478072166443,0.9003009027081244,0.16489341406646688,5.459896065619832,0.0739751767789151,5.129974465750017,0.11307980109403072,0.602460041993179,20,0.2668269230769231,8437,0.26514163802299395,1.6331690759389792,92,0.8913043478260869,5.41177553347072
identity_strict,settings_all,0.25,reported,30,0.8057450652122498,0.12747681140899658,0.8156689405441284,0.2705478072166443,0.8906720160481444,0.1385925315003038,6.4265513185044325,0.0859465737514518,5.960157825392554,0.1339877126075324,0.6615033961802262,30,0.25600961538461536,8437,0.2612302951286002,1.9282040848489537,92,0.8913043478260869,6.440561662611352
identity_strict,settings_all,0.25,reported,50,0.8057450652122498,0.12747681140899658,0.8156689405441284,0.2705478072166443,0.8613841524573721,0.12008711195118443,7.17299415783707,0.09498108783649273,6.58667645751739,0.14899023468884248,0.7298778984353255,50,0.25600961538461536,8437,0.24854806210738414,2.1275196761468638,92,0.782608695652174,6.526733866374846
identity_strict,settings_all,0.25,reported,80,0.8057450652122498,0.12747681140899658,0.8156689405441284,0.2705478072166443,0.8228686058174524,0.0302925353158542,27.16407184930433,0.28440685016986755,19.722830587025584,0.4100684953514265,0.8562787612730682,80,0.12740384615384615,8437,0.13701552684603532,4.967451954963398,92,0.782608695652174,26.009502517742984
identity_strict,settings_all,0.25,pessimistic,8,0.8697325587272644,0.2310374528169632,0.8790774345397949,0.2705478072166443,0.9831494483450351,0.7782930401425255,1.263212437522241,0.018146878262994586,1.2584359534612188,0.007531584517075527,0.2128635405358005,8,0.8822115384615384,8437,0.8403460945833827,1.081919995627759,92,1.0,1.2849619550250677
identity_strict,settings_all,0.25,pessimistic,12,0.8697325587272644,0.2310374528169632,0.8790774345397949,0.2705478072166443,0.9542627883650953,0.6811403212693455,1.4009782691865456,0.02008622254875881,1.3929241304344484,0.011421063048121101,0.2914356256393235,12,0.8245192307692307,8437,0.8225672632452293,1.2140331664425552,92,1.0,1.4683119234416762
identity_strict,settings_all,0.25,pessimistic,20,0.8697325587272644,0.2310374528169632,0.8790774345397949,0.2705478072166443,0.9410230692076229,0.29711104132241106,3.167243684446141,0.044288141993957704,3.071260488413882,0.058666803810123666,0.5063872620836812,20,0.4098557692307692,8437,0.3866303188337087,1.3113313928174968,92,1.0,3.367897010985099
identity_strict,settings_all,0.25,pessimistic,30,0.8697325587272644,0.2310374528169632,0.8790774345397949,0.2705478072166443,0.9065195586760281,0.13158952895562515,6.888994632557171,0.09156484914797479,6.34976972739384,0.14390424107264813,0.6663204741202646,30,0.234375,8437,0.23728813559322035,1.8407890821372266,92,0.9347826086956522,7.115507226944318
identity_strict,settings_all,0.25,pessimistic,50,0.8697325587272644,0.2310374528169632,0.8790774345397949,0.2705478072166443,0.8649949849548646,0.09227761944874102,9.37383289818565,0.12060863727903334,8.363876323533141,0.19122849025554928,0.7504991565131622,50,0.234375,8437,0.21559796136067322,2.4184732795366912,92,0.9347826086956522,10.155154602006263
identity_strict,settings_all,0.25,pessimistic,80,0.8697325587272644,0.2310374528169632,0.8790774345397949,0.2705478072166443,0.8250752256770311,0.05914396658751846,13.950285604468608,0.16951038575667657,11.755077695996,0.2636225442352891,0.8182147105348786,80,0.203125,8437,0.19829323219153727,3.565736845611584,92,0.782608695652174,13.276128856235264
identity_strict,settings_all,0.5,optimistic,8,0.5109034776687622,0.07443845272064209,0.5172894597053528,0.33378684520721436,0.9833500501504514,0.7548450152768769,1.3027178165702784,0.018703784254023487,1.2970558478392986,0.008652163421444979,0.19246687054239325,8,0.8629807692307693,8437,0.9314922365769823,1.2413943704657784,92,1.0,1.3248914785368662
identity_strict,settings_all,0.5,optimistic,12,0.5109034776687622,0.07443845272064209,0.5172894597053528,0.33378684520721436,0.9721163490471414,0.3417265659165686,2.844719860862326,0.03995844190111811,2.7710077294782196,0.05045769118758309,0.45406524761178324,12,0.5180288461538461,8437,0.47979139504563234,1.418574202251183,92,1.0,2.927839570905465
identity_strict,settings_all,0.5,optimistic,20,0.5109034776687622,0.07443845272064209,0.5172894597053528,0.33378684520721436,0.9151454363089268,0.13760342342924062,6.650600788137507,0.08867722810768783,6.149521173102357,0.1390504226700409,0.6466858916238292,20,0.25600961538461536,8437,0.26597131681877445,1.97977896737475,92,0.8913043478260869,6.486938220383622
identity_strict,settings_all,0.5,optimistic,30,0.5109034776687622,0.07443845272064209,0.5172894597053528,0.33378684520721436,0.9151454363089268,0.13084989918141768,6.993856640578053,0.09282923652938303,6.437451504766619,0.14620422935429195,0.6879768357424203,30,0.25600961538461536,8437,0.2588597842835131,2.0286894656120578,92,0.8913043478260869,6.822363947239864
identity_strict,settings_all,0.5,optimistic,50,0.5109034776687622,0.07443845272064209,0.5172894597053528,0.33378684520721436,0.9143430290872618,0.1192095353540097,7.670049433310766,0.10089874706689689,6.997049802615443,0.15992178603531576,0.7436297895841084,50,0.25600961538461536,8437,0.2588597842835131,2.2380405902118037,92,0.8913043478260869,7.489889861651302
identity_strict,settings_all,0.5,optimistic,80,0.5109034776687622,0.07443845272064209,0.5172894597053528,0.33378684520721436,0.8680040120361083,0.019388866223867148,44.76816756658106,0.39577426141040883,27.445853374630428,0.5344392015895353,0.8875351461144969,80,0.07451923076923077,8437,0.13345976057840464,8.092191329640295,92,0.782608695652174,40.797580548568696
identity_strict,settings_all,0.5,reported,8,0.7405917048454285,0.09304626286029816,0.7500660419464111,0.33378684520721436,0.9763289869608827,0.5315296541643798,1.836828819072708,0.02617159142849461,1.8149276771243474,0.023550722474099953,0.32698576229504994,8,0.6971153846153846,8437,0.8267156572241318,1.577598124822632,92,1.0,1.8818105477166505
identity_strict,settings_all,0.5,reported,12,0.7405917048454285,0.09304626286029816,0.7500660419464111,0.33378684520721436,0.9602808425275827,0.28050459186818155,3.4234050720240994,0.04769923673249766,3.3078104997948867,0.0651998739749561,0.47745250448073,12,0.38341346153846156,8437,0.3898305084745763,1.403638221677915,92,1.0,3.567475570544308
identity_strict,settings_all,0.5,reported,20,0.7405917048454285,0.09304626286029816,0.7500660419464111,0.33378684520721436,0.9305917753259779,0.1428219223917044,6.5157488412299225,0.08703564727954972,6.03568207060205,0.13640717741634714,0.6472341354626512,20,0.2644230769230769,8437,0.25530401801588243,1.824045569101626,92,1.0,7.013094772385678
identity_strict,settings_all,0.5,reported,30,0.7405917048454285,0.09304626286029816,0.7500660419464111,0.33378684520721436,0.9305917753259779,0.126576482708219,7.352011648729055,0.09712132314456191,6.735095872774819,0.15378751394636134,0.6953140135169195,30,0.24759615384615385,8437,0.254829915846865,2.0664133995046177,92,1.0,7.9151136310823995
identity_strict,settings_all,0.5,reported,50,0.7405917048454285,0.09304626286029816,0.7500660419464111,0.33378684520721436,0.9305917753259779,0.11045431465376815,8.4251283278795,0.10974167297501893,7.6102823231237995,0.17504853517755503,0.759733150589458,50,0.24759615384615385,8437,0.24688870451582315,2.3075864248745606,92,0.782608695652174,7.097025939254754
identity_strict,settings_all,0.5,reported,80,0.7405917048454285,0.09304626286029816,0.7500660419464111,0.33378684520721436,0.8846539618856569,0.0239323062654273,36.96484375864901,0.3510028653295129,24.341080548234963,0.4921057799245595,0.8876233886175431,80,0.09615384615384616,8437,0.17399549602939435,8.64705047078537,92,0.782608695652174,32.983344630580035
identity_strict,settings_all,0.5,pessimistic,8,0.8446903228759766,0.17103178799152374,0.8545467257499695,0.33378684520721436,0.9881644934804413,0.283979677791442,3.4797014390803023,0.04844562897689834,3.3595707431891366,0.0667044268868162,0.4858218855436908,8,0.375,8437,0.3940974279957331,1.4015661863411564,92,1.0,3.5237784881495506
identity_strict,settings_all,0.5,pessimistic,12,0.8446903228759766,0.17103178799152374,0.8545467257499695,0.33378684520721436,0.9881644934804413,0.25749682282051356,3.83757936372378,0.053163245483390534,3.686724435431529,0.07559919482606636,0.5394606149400704,12,0.37259615384615385,8437,0.3763185966575797,1.4787762738247647,92,1.0,3.886570059333638
identity_strict,settings_all,0.5,pessimistic,20,0.8446903228759766,0.17103178799152374,0.8545467257499695,0.33378684520721436,0.9881644934804413,0.20891312578695728,4.730025888790439,0.06472636489061165,4.48859487206116,0.09705423272926918,0.6007728295614335,20,0.37259615384615385,8437,0.3592509185729525,1.751624988523643,92,1.0,4.79157933236738
identity_strict,settings_all,0.5,pessimistic,30,0.8446903228759766,0.17103178799152374,0.8545467257499695,0.33378684520721436,0.9881644934804413,0.13277821966417286,7.4422182793212635,0.09819595335393203,6.809618513669184,0.15651244863224228,0.6885920222433591,30,0.24759615384615385,8437,0.24321441270593813,1.8712535199817741,92,1.0,7.544665204775511
identity_strict,settings_all,0.5,pessimistic,50,0.8446903228759766,0.17103178799152374,0.8545467257499695,0.33378684520721436,0.9881644934804413,0.08803942344098077,11.224113639759123,0.14105721321802875,9.781928662110264,0.2273746476830502,0.7966358650767061,50,0.24759615384615385,8437,0.23882896764252695,2.8360907899808083,92,0.782608695652174,8.908280687887576
identity_strict,settings_all,0.5,pessimistic,80,0.8446903228759766,0.17103178799152374,0.8545467257499695,0.33378684520721436,0.9813440320962888,0.023618257115267778,41.55023070952637,0.3780817682973955,26.218927778001287,0.5362043888857111,0.9075267507046592,80,0.12139423076923077,8437,0.13808225672632451,6.666832864208478,92,0.782608695652174,33.42587978737904
identity_strict,settings_all,0.75,optimistic,8,0.4226222336292267,0.04749519005417824,0.4281107187271118,0.39702585339546204,0.9993981945837512,0.48504450986319786,2.060425742919185,0.029264223869550406,2.0293932065813634,0.02967497848977623,0.3922538667201917,8,0.6826923076923077,8437,0.6714471968709257,1.3979413258127757,92,1.0,2.0622578223384678
identity_strict,settings_all,0.75,optimistic,12,0.4226222336292267,0.04749519005417824,0.4281107187271118,0.39702585339546204,0.9885656970912738,0.26098951897649325,3.7877601405913612,0.05250932338838572,3.6413767418397973,0.07437278186590864,0.5287159070930195,12,0.43509615384615385,8437,0.3615029038757852,1.3988030543416092,92,1.0,3.8345041089721943
identity_strict,settings_all,0.75,optimistic,20,0.4226222336292267,0.04749519005417824,0.4281107187271118,0.39702585339546204,0.9853560682046139,0.15062325548632124,6.541858792144473,0.08735395066778112,6.0577555326076755,0.1376353170634689,0.6494523833196109,20,0.2692307692307692,8437,0.2813796373118407,1.910208144001523,92,1.0,6.6492084252445
identity_strict,settings_all,0.75,optimistic,30,0.4226222336292267,0.04749519005417824,0.4281107187271118,0.39702585339546204,0.9853560682046139,0.09573509513928227,10.29252717377099,0.13088196109778844,9.076302993713353,0.21098402099556812,0.7331513004746111,30,0.21394230769230768,8437,0.20113784520564182,2.1614073405730547,92,1.0,10.47220684990469
identity_strict,settings_all,0.75,optimistic,50,0.4226222336292267,0.04749519005417824,0.4281107187271118,0.39702585339546204,0.9853560682046139,0.05872425604104358,16.77937081937536,0.1971107544141252,13.669087132988048,0.3119716660578145,0.8219837688856938,50,0.171875,8437,0.13322270949389595,2.3441242625701535,92,0.782608695652174,13.371357910531092
identity_strict,settings_all,0.75,optimistic,80,0.4226222336292267,0.04749519005417824,0.4281107187271118,0.39702585339546204,0.9853560682046139,0.013548139038657396,72.72999379420759,0.5155331654072208,35.750803038839436,0.6706748713993127,0.9288119406297121,80,0.07091346153846154,8437,0.04646201256370748,3.6548576615988018,92,0.782608695652174,58.664478720146974
identity_strict,settings_all,0.75,reported,8,0.6754383444786072,0.05861569195985794,0.6844631433486938,0.39702585339546204,0.9997993981945837,0.561117780171465,1.781799532157166,0.025407441770364442,1.7619360060677844,0.022050099090233734,0.3202992969677477,8,0.7235576923076923,8437,0.8603769112243689,1.5543762385828943,92,1.0,1.782533610345026
identity_strict,settings_all,0.75,reported,12,0.6754383444786072,0.05861569195985794,0.6844631433486938,0.39702585339546204,0.9997993981945837,0.4160710983795651,2.4029532502699973,0.03396390993839612,2.355303472430047,0.038887942467334444,0.4251336056593858,12,0.6069711538461539,8437,0.7680455138082257,1.8864692124121407,92,0.782608695652174,1.881397092939048
identity_strict,settings_all,0.75,reported,20,0.6754383444786072,0.05861569195985794,0.6844631433486938,0.39702585339546204,0.9997993981945837,0.12682596100507468,7.883239285327227,0.10341321713870734,7.171421366496002,0.16563104994462086,0.6781621209701626,20,0.24639423076923078,8437,0.22342064714946072,1.7963720686962181,92,0.782608695652174,6.179359542510208
identity_strict,settings_all,0.75,reported,30,0.6754383444786072,0.05861569195985794,0.6844631433486938,0.39702585339546204,0.9965897693079238,0.0635465247673248,15.6828366768589,0.1866336075735377,12.942525898443668,0.2973216228425082,0.7784493970443209,30,0.14783653846153846,8437,0.1295484176840109,2.093859856870174,92,0.782608695652174,12.353278247571613
identity_strict,settings_all,0.75,reported,50,0.6754383444786072,0.05861569195985794,0.6844631433486938,0.39702585339546204,0.9965897693079238,0.044442357305751794,22.42432286954643,0.2470412729985082,17.131630874722624,0.3816444007877231,0.8452980588122462,50,0.13221153846153846,8437,0.1174588123740666,2.7580036338619607,92,0.782608695652174,17.68887798967139
identity_strict,settings_all,0.75,reported,80,0.6754383444786072,0.05861569195985794,0.6844631433486938,0.39702585339546204,0.9893681043129389,0.013237024927284414,74.74248252518086,0.5223469603897479,36.223320926558536,0.6776333325178647,0.932764599444438,80,0.07932692307692307,8437,0.11390304610643594,10.664136585508565,92,0.782608695652174,60.06565824793777
identity_strict,settings_all,0.75,pessimistic,8,0.8196480870246887,0.1110260933637619,0.830016016960144,0.39702585339546204,0.9945837512537613,0.23510834695680505,4.230320888762362,0.05828689661658555,4.042035509080674,0.08519760800614304,0.5180272418464613,8,0.33533653846153844,8437,0.2775868199597013,1.1861176797830533,92,1.0,4.257098935159727
identity_strict,settings_all,0.75,pessimistic,12,0.8196480870246887,0.1110260933637619,0.830016016960144,0.39702585339546204,0.9945837512537613,0.2111877808465239,4.709475838360901,0.06446328271271064,4.470350848676673,0.09661072614304919,0.5570839693640117,12,0.30649038461538464,8437,0.254829915846865,1.2130158079494184,92,1.0,4.739904260944588
identity_strict,settings_all,0.75,pessimistic,20,0.8196480870246887,0.1110260933637619,0.830016016960144,0.39702585339546204,0.9945837512537613,0.1467196539002263,6.7788038263101935,0.09023240577283564,6.257368454572957,0.1427882197604685,0.6524861819046741,20,0.2644230769230769,8437,0.21287187388882303,1.4676776507902556,92,1.0,6.826442471491273
identity_strict,settings_all,0.75,pessimistic,30,0.8196480870246887,0.1110260933637619,0.830016016960144,0.39702585339546204,0.9945837512537613,0.0814003657058328,12.218418708928402,0.15165789795668666,10.517056909134352,0.24427271382824461,0.7544241091131936,30,0.1778846153846154,8437,0.13820078226857888,1.7284148873648668,92,0.782608695652174,9.636736002615423
identity_strict,settings_all,0.75,pessimistic,50,0.8196480870246887,0.1110260933637619,0.830016016960144,0.39702585339546204,0.9945837512537613,0.03217096013923824,30.915575629360486,0.3114517243545449,21.59831801453736,0.46255519565774605,0.856056278061479,50,0.09495192307692307,8437,0.11674765912054047,3.888553697535933,92,0.782608695652174,24.480796336150963
identity_strict,settings_all,0.75,pessimistic,80,0.8196480870246887,0.1110260933637619,0.830016016960144,0.39702585339546204,0.9945837512537613,0.012315422748311619,80.75920506992857,0.5416211492243828,37.55993275873063,0.6956395358284445,0.9313820620962614,80,0.06971153846153846,8437,0.09410928054995851,9.19167168884683,92,0.782608695652174,64.63903765866824
identity_strict,settings_all,1.0,optimistic,8,0.3343409299850464,0.020551927387714386,0.3389320373535156,0.4602648913860321,0.9921765295887663,0.4205617077229676,2.3591699181570114,0.03336571413152001,2.313820243211623,0.03771048546114804,0.3960490575863801,8,0.6033653846153846,8437,0.5664335664335665,1.358817327527394,92,1.0,2.378657523149765
identity_strict,settings_all,1.0,optimistic,12,0.3343409299850464,0.020551927387714386,0.3389320373535156,0.4602648913860321,0.9797392176529589,0.28482790400075136,3.4397585485527933,0.04791617612432305,3.3228546482395145,0.06567412074086315,0.49824441384394774,12,0.4651442307692308,8437,0.4745762711864407,1.6948555022807759,92,1.0,3.5132746101163463
identity_strict,settings_all,1.0,optimistic,20,0.3343409299850464,0.020551927387714386,0.3389320373535156,0.4602648913860321,0.9797392176529589,0.1361799296177699,7.194446497386898,0.09523809523809523,6.604499211921478,0.1512923812188242,0.6507717871926971,20,0.2403846153846154,8437,0.32653786891075026,2.4860812468082085,92,0.782608695652174,5.754250125293526
identity_strict,settings_all,1.0,optimistic,30,0.3343409299850464,0.020551927387714386,0.3389320373535156,0.4602648913860321,0.9795386158475426,0.09260634379283322,10.577446163287021,0.13401948675723893,9.293881744038208,0.21588738252701528,0.7268979439547375,30,0.17668269230769232,8437,0.3009363517838094,3.4465007187334464,92,0.782608695652174,8.467960333683223
identity_strict,settings_all,1.0,optimistic,50,0.3343409299850464,0.020551927387714386,0.3389320373535156,0.4602648913860321,0.9795386158475426,0.04180375743665452,23.431831871377668,0.25530691205688594,17.704830144516997,0.3911135029044427,0.8384175154154793,50,0.1310096153846154,8437,0.05831456678914306,1.4090912926547685,92,0.782608695652174,18.811050123798452
identity_strict,settings_all,1.0,optimistic,80,0.3343409299850464,0.020551927387714386,0.3389320373535156,0.4602648913860321,0.9771313941825477,0.015723002779481732,62.14661460581108,0.47624168947985923,33.026047559965775,0.6332623405155832,0.9198296423723114,80,0.08533653846153846,8437,0.012563707478961716,0.7950092056493098,92,0.782608695652174,50.439241495619264
identity_strict,settings_all,1.0,reported,8,0.6102849245071411,0.024185121059417725,0.6188602447509766,0.4602648913860321,0.9973921765295888,0.5422513508516015,1.8393539729558852,0.026206627557017335,1.8173573359981272,0.023633511853007286,0.29571640891263823,8,0.6850961538461539,8437,0.7665046817589191,1.4285610409614047,92,1.0,1.8445838004104864
identity_strict,settings_all,1.0,reported,12,0.6102849245071411,0.024185121059417725,0.6188602447509766,0.4602648913860321,0.9973921765295888,0.2612624775836413,3.8175867646753097,0.05290093310777022,3.668533795711882,0.07514311836794013,0.5070927270507607,12,0.38341346153846156,8437,0.6089842361028802,2.4124566694904255,92,0.782608695652174,2.997103665317651
identity_strict,settings_all,1.0,reported,20,0.6102849245071411,0.024185121059417725,0.6188602447509766,0.4602648913860321,0.9923771313941826,0.11069498783426424,8.964968972940298,0.1159579954057475,8.041367137369164,0.1866489558696879,0.6796161321181593,20,0.18028846153846154,8437,0.16119473746592392,1.4732724576193756,92,0.782608695652174,7.081566062862892
identity_strict,settings_all,1.0,reported,30,0.6102849245071411,0.024185121059417725,0.6188602447509766,0.4602648913860321,0.9923771313941826,0.07028830886000159,14.118665642827931,0.17120609101920747,11.872670178731383,0.27417773006666074,0.7667480188680319,30,0.18028846153846154,8437,0.15716486902927582,2.3084519358073377,92,0.782608695652174,11.164826239920751
identity_strict,settings_all,1.0,reported,50,0.6102849245071411,0.024185121059417725,0.6188602447509766,0.4602648913860321,0.9885656970912738,0.027251835133001282,36.27519733135864,0.3467248293815521,24.04441055524273,0.5027701547492627,0.8684680286493652,50,0.09014423076923077,8437,0.1131918928529098,4.515092797816057,92,0.782608695652174,28.93426585307151
identity_strict,settings_all,1.0,reported,80,0.6102849245071411,0.024185121059417725,0.6188602447509766,0.4602648913860321,0.9883650952858576,0.011141407233696594,88.71097470493672,0.5648286140089419,39.169306428973954,0.7135940737270637,0.9354781264982723,80,0.07091346153846154,8437,0.0571293113665995,5.7279978289153535,92,0.782608695652174,71.58200625788074
identity_strict,settings_all,1.0,pessimistic,8,0.7946058511734009,0.05102042108774185,0.8054853677749634,0.4602648913860321,0.9917753259779338,0.4184132593312221,2.3703248017597596,0.033518189583870046,2.3243939952628963,0.038007653051676846,0.38353884075446354,8,0.5456730769230769,8437,0.48465094227806094,1.1629816579487136,92,1.0,2.3908792273244144
identity_strict,settings_all,1.0,pessimistic,12,0.7946058511734009,0.05102042108774185,0.8054853677749634,0.4602648913860321,0.9917753259779338,0.21226494008118318,4.6723463874845175,0.06398757522811105,4.43736184675167,0.09571970880792903,0.5633934005760456,12,0.35697115384615385,8437,0.3052032713049662,1.4540061332490228,92,1.0,4.715820515305486
identity_strict,settings_all,1.0,pessimistic,20,0.7946058511734009,0.05102042108774185,0.8054853677749634,0.4602648913860321,0.9875626880641926,0.10094185394659991,9.783480780793182,0.1252193819152995,8.683618746357347,0.2018281164565617,0.7004641346861039,20,0.20552884615384615,8437,0.2709493895934574,2.8041312364597415,92,1.0,9.93058309037901
identity_strict,settings_all,1.0,pessimistic,30,0.7946058511734009,0.05102042108774185,0.8054853677749634,0.4602648913860321,0.9867602808425275,0.05543407756133497,17.80060793382424,0.20662858102999243,14.329122156016902,0.32562223927946676,0.7787552687137472,30,0.12259615384615384,8437,0.10880644778949863,2.011995861361671,92,1.0,18.12285182229316
identity_strict,settings_all,1.0,pessimistic,50,0.7946058511734009,0.05102042108774185,0.8054853677749634,0.4602648913860321,0.9835506519558675,0.024683676194780915,39.846198118731934,0.36828663712161047,25.539662448624323,0.5259586266090046,0.8671955439320721,50,0.09134615384615384,8437,0.06933744221879815,2.94428489147718,92,0.782608695652174,31.97066338502613
identity_strict,settings_all,1.0,pessimistic,80,0.7946058511734009,0.05102042108774185,0.8054853677749634,0.4602648913860321,0.9809428284854563,0.009166126130356812,107.01825553509713,0.6102583302134033,42.31973194011086,0.7479419856307714,0.9343071253030242,80,0.046875,8437,0.017186203626881592,1.917571734022315,92,0.782608695652174,87.37180967038604
identity_strict,settings_numeric,0.0,optimistic,8,0.687466025352478,0.1283249706029892,0.6956469416618347,0.20730875432491302,0.9879638916750251,0.9355905738294331,1.0559788857547212,0.015215128007884063,1.0551271598422245,0.0016115465898599286,0.07711520063284102,8,0.9675480769230769,8437,0.9775986725139267,1.046092726704708,92,1.0,1.0688634780371162
identity_strict,settings_numeric,0.0,optimistic,12,0.687466025352478,0.1283249706029892,0.6956469416618347,0.20730875432491302,0.9656970912738214,0.3707012688172674,2.6050547233218397,0.03671558009701333,2.546124208067627,0.0441851981549587,0.4085012960674949,12,0.5012019230769231,8437,0.4720872347990992,1.2824035011374837,92,1.0,2.6988273512399967
identity_strict,settings_numeric,0.0,optimistic,20,0.687466025352478,0.1283249706029892,0.6956469416618347,0.20730875432491302,0.9003009027081244,0.15949587773802432,5.644665652029512,0.07628760836308006,5.290335217790035,0.11718476922938552,0.6129936124933831,20,0.2704326923076923,8437,0.26277112717790685,1.67505061893356,92,0.8913043478260869,5.5951934325870605
identity_strict,settings_numeric,0.0,optimistic,30,0.687466025352478,0.1283249706029892,0.6956469416618347,0.20730875432491302,0.886258776328987,0.11893657674686171,7.451524170022592,0.09830666874346365,6.817296320549731,0.1550463259895017,0.6867836406567733,30,0.25,8437,0.24937774090316464,2.1567906369467744,92,0.8260869565217391,6.956780800639806
identity_strict,settings_numeric,0.0,optimistic,50,0.687466025352478,0.1283249706029892,0.6956469416618347,0.20730875432491302,0.8541624874623872,0.11253525715342329,7.590176706113333,0.09995305164319249,6.931468433469422,0.157203757354962,0.724666936820135,50,0.25,8437,0.2489036387341472,2.2819989972062804,92,0.782608695652174,6.96554458595108
identity_strict,settings_numeric,0.0,optimistic,80,0.687466025352478,0.1283249706029892,0.6956469416618347,0.20730875432491302,0.7993981945837513,0.07720032520229755,10.354855274106546,0.1315702588483888,9.124034544203132,0.20629620909196195,0.7898948460979038,80,0.23557692307692307,8437,0.2312433329382482,3.1552294353122323,92,0.782608695652174,10.162456303775985
identity_strict,settings_numeric,0.0,reported,8,0.8708984851837158,0.1619073897600174,0.8812718391418457,0.20730875432491302,0.999197592778335,0.9308270058788827,1.0734514431442577,0.01546298940780569,1.0723156642569298,0.0021138620846606255,0.08587593047840328,8,0.9651442307692307,8437,0.9632570819011497,1.0357563479937046,92,1.0,1.0743350438888382
identity_strict,settings_numeric,0.0,reported,12,0.8708984851837158,0.1619073897600174,0.8812718391418457,0.20730875432491302,0.999197592778335,0.9073232152762899,1.1012587090853487,0.01585719925123203,1.09965302955946,0.0029117973647823994,0.12120545913056047,12,0.953125,8437,0.9506933744221879,1.0490734083860533,92,1.0,1.1021734839488357
identity_strict,settings_numeric,0.0,reported,20,0.8708984851837158,0.1619073897600174,0.8812718391418457,0.20730875432491302,0.9027081243731193,0.2330508847674422,3.873437877199726,0.053633362335077414,3.719325742384538,0.07609972300678246,0.5533907576508609,20,0.3954326923076923,8437,0.35711745881237406,1.5533557600395704,92,0.9565217391304348,4.107791442487166
identity_strict,settings_numeric,0.0,reported,30,0.8708984851837158,0.1619073897600174,0.8812718391418457,0.20730875432491302,0.8649949849548646,0.1452580045845306,5.954886874764237,0.08014422987565749,5.557781282065253,0.12356321867806855,0.6455510540182913,30,0.25600961538461536,8437,0.2583856821144957,1.8146909627552144,92,0.782608695652174,5.394107353535033
identity_strict,settings_numeric,0.0,reported,50,0.8708984851837158,0.1619073897600174,0.8812718391418457,0.20730875432491302,0.8567703109327984,0.12611274657994606,6.793685286916419,0.09041258282351447,6.26986323605971,0.14115970492250357,0.7179277528785669,50,0.25600961538461536,8437,0.24854806210738414,2.0206517772667407,92,0.782608695652174,6.21436477304056
identity_strict,settings_numeric,0.0,reported,80,0.8708984851837158,0.1619073897600174,0.8812718391418457,0.20730875432491302,0.7815446339017051,0.0734933712149006,10.634219399412295,0.13464196848216753,9.337049134686335,0.2102815449087401,0.7866186775986993,80,0.21875,8437,0.22176128955789973,3.1803492048237545,92,0.782608695652174,10.676521599821685
identity_strict,settings_numeric,0.0,pessimistic,8,0.8947747945785522,0.29104316234588623,0.9036080241203308,0.20730875432491302,0.999197592778335,0.9308270058788827,1.0734514431442577,0.01546298940780569,1.0723156642569298,0.0021138620846606255,0.08587593047840328,8,0.9651442307692307,8437,0.9632570819011497,1.0357563479937046,92,1.0,1.0743350438888382
identity_strict,settings_numeric,0.0,pessimistic,12,0.8947747945785522,0.29104316234588623,0.9036080241203308,0.20730875432491302,0.999197592778335,0.9189459688709787,1.0873300788358142,0.01565977942378551,1.0859625090641836,0.0025122720635410954,0.107903075869592,12,0.9591346153846154,8437,0.9506933744221879,1.035455955908265,92,1.0,1.0882291863017288
identity_strict,settings_numeric,0.0,pessimistic,20,0.8947747945785522,0.29104316234588623,0.9036080241203308,0.20730875432491302,0.9857572718154464,0.8662884380017082,1.1379088402580095,0.016376288041377286,1.135650405366492,0.003960636216559165,0.16296404153455205,20,0.9314903846153846,8437,0.9506933744221879,1.1001545983664647,92,1.0,1.154398058713084
identity_strict,settings_numeric,0.0,pessimistic,30,0.8947747945785522,0.29104316234588623,0.9036080241203308,0.20730875432491302,0.923370110330993,0.6205728608703563,1.4879318264675032,0.021306338207453285,1.477535785950606,0.013852177311370622,0.34096613254666736,30,0.7860576923076923,8437,0.8286120659002015,1.346700802587119,92,1.0,1.6116804830040126
identity_strict,settings_numeric,0.0,pessimistic,50,0.8947747945785522,0.29104316234588623,0.9036080241203308,0.20730875432491302,0.8136409227683049,0.11462206973065149,7.098466505449311,0.094087081583892,6.524679589814468,0.14660864285857364,0.669541872552145,50,0.23317307692307693,8437,0.2890837975583738,2.623450858958625,92,0.782608695652174,6.838495454307171
identity_strict,settings_numeric,0.0,pessimistic,80,0.8947747945785522,0.29104316234588623,0.9036080241203308,0.20730875432491302,0.7885656970912738,0.09838250012473915,8.015304511386187,0.10496381939067048,7.278951355682492,0.16398868038169448,0.6946657348378867,80,0.22115384615384615,8437,0.2880170676780846,3.07817893681788,92,0.782608695652174,7.969725882096024
identity_strict,settings_numeric,0.25,optimistic,8,0.5957557559013367,0.10257831960916519,0.6029715538024902,0.2727199196815491,0.9787362086258776,0.7759185937642166,1.2613903268869113,0.018121176780826243,1.2566536265645956,0.007479211710346327,0.1835965372038335,8,0.8774038461538461,8437,0.9397890245347873,1.2177255770010798,92,1.0,1.2888955318762487
identity_strict,settings_numeric,0.25,optimistic,12,0.5957557559013367,0.10257831960916519,0.6029715538024902,0.2727199196815491,0.9622868605817453,0.3228894869845705,2.980235961128486,0.04178243865899015,2.8974968735523086,0.05393811425295947,0.4597373709509889,12,0.4963942307692308,8437,0.4489747540594998,1.404415550444026,92,1.0,3.0987900291120813
identity_strict,settings_numeric,0.25,optimistic,20,0.5957557559013367,0.10257831960916519,0.6029715538024902,0.2727199196815491,0.8834503510531595,0.1491498660154794,5.923239320653975,0.07975226815885261,5.530599818142971,0.12310163333211878,0.6124532598657639,20,0.25600961538461536,8437,0.27486073248785114,1.8831513676165668,92,0.8913043478260869,5.983939995115284
identity_strict,settings_numeric,0.25,optimistic,30,0.5957557559013367,0.10257831960916519,0.6029715538024902,0.2727199196815491,0.8786359077231695,0.12749808488719178,6.891365533063278,0.09159347553324969,6.351754888253216,0.14352418225826258,0.6827442327718151,30,0.25600961538461536,8437,0.24937774090316464,2.00459017517075,92,0.8260869565217391,6.488813602146441
identity_strict,settings_numeric,0.25,optimistic,50,0.5957557559013367,0.10257831960916519,0.6029715538024902,0.2727199196815491,0.8778335005015045,0.12056552327339005,7.2809662054960835,0.09627315527786333,6.676277770699346,0.15146304100290386,0.729408571248057,50,0.25600961538461536,8437,0.24854806210738414,2.118623400853466,92,0.782608695652174,6.500789916215867
identity_strict,settings_numeric,0.25,optimistic,80,0.5957557559013367,0.10257831960916519,0.6029715538024902,0.2727199196815491,0.8092276830491475,0.03330388511084174,24.29829674093224,0.26227163383395097,18.18781438913972,0.3827050899930762,0.8480816408967816,80,0.1346153846153846,8437,0.13203745407135237,4.2873656810421705,92,0.782608695652174,23.64269545936566
identity_strict,settings_numeric,0.25,reported,8,0.794881284236908,0.1283918172121048,0.8046327829360962,0.2727199196815491,0.9626880641925777,0.4088538380034692,2.3546019988307143,0.03330326162387231,2.3094893340674343,0.03755010416756493,0.3707872881733951,8,0.4651442307692308,8437,0.4476709730947019,1.097587327071729,92,1.0,2.446817375313378
identity_strict,settings_numeric,0.25,reported,12,0.794881284236908,0.1283918172121048,0.8046327829360962,0.2727199196815491,0.9614844533600803,0.32602410840859264,2.9491207201005247,0.04136425224167839,2.868496798984805,0.05313464061728387,0.4613532037130396,12,0.44591346153846156,8437,0.4196989451226739,1.2967857920539652,92,1.0,3.0689714203337295
identity_strict,settings_numeric,0.25,reported,20,0.794881284236908,0.1283918172121048,0.8046327829360962,0.2727199196815491,0.9267803410230692,0.24100190484017248,3.8455311863102946,0.053267536779965874,3.6939567491849714,0.07553181136380718,0.5519973362574266,20,0.4074519230769231,8437,0.35308759037572596,1.4825903985000437,92,0.9565217391304348,3.972123747450375
identity_strict,settings_numeric,0.25,reported,30,0.794881284236908,0.1283918172121048,0.8046327829360962,0.2727199196815491,0.882246740220662,0.1392969408090728,6.3335686706136105,0.08480851556172625,5.88123662901234,0.13190134819773644,0.6590117777291731,30,0.25600961538461536,8437,0.26265260163565246,1.9289326884423303,92,0.8913043478260869,6.4079360811383745
identity_strict,settings_numeric,0.25,reported,50,0.794881284236908,0.1283918172121048,0.8046327829360962,0.2727199196815491,0.8581745235707121,0.12169257816742048,7.051987364340865,0.09352864013992129,6.485953216010076,0.14647744723705722,0.7241641097990213,50,0.25600961538461536,8437,0.24997036861443642,2.1106053988512503,92,0.782608695652174,6.440478166328771
identity_strict,settings_numeric,0.25,reported,80,0.794881284236908,0.1283918172121048,0.8046327829360962,0.2727199196815491,0.8124373119358074,0.028960027706766145,28.053747743687126,0.29101099374865275,20.180809728171365,0.41612794690490157,0.856450408417113,80,0.11899038461538461,8437,0.1346450160009482,5.124159666326774,92,0.782608695652174,27.215047606365275
identity_strict,settings_numeric,0.25,pessimistic,8,0.8684757351875305,0.2323000729084015,0.8777837753295898,0.2727199196815491,0.9875626880641926,0.8126652793716669,1.2152145700475256,0.017469402818240852,1.2114549000310109,0.006167207484965331,0.18326007963396315,8,0.9014423076923077,8437,0.8793409979850658,1.084304643513962,92,1.0,1.2305955374432787
identity_strict,settings_numeric,0.25,pessimistic,12,0.8684757351875305,0.2323000729084015,0.8777837753295898,0.2727199196815491,0.9536609829488465,0.3527212212109383,2.7037244305142827,0.03805330985351797,2.6388920768549142,0.04674911367541349,0.43276112378474757,12,0.4338942307692308,8437,0.41839516415787603,1.1918268502597098,92,1.0,2.836506112387995
identity_strict,settings_numeric,0.25,pessimistic,20,0.8684757351875305,0.2323000729084015,0.8777837753295898,0.2727199196815491,0.9165496489468405,0.2894652652834807,3.166354512515483,0.044276259048578875,3.070436438928289,0.058571920049318216,0.5074074495744176,20,0.4098557692307692,8437,0.38378570581960414,1.3369049086396656,92,1.0,3.456937847602809
identity_strict,settings_numeric,0.25,pessimistic,30,0.8684757351875305,0.2323000729084015,0.8777837753295898,0.2727199196815491,0.8820461384152457,0.12759494116714754,6.9128613591331804,0.09185293503237936,6.369747688857254,0.1440212979358095,0.6669383897093026,30,0.234375,8437,0.23728813559322035,1.9012003078320199,92,0.9347826086956522,7.338712457448184
identity_strict,settings_numeric,0.25,pessimistic,50,0.8684757351875305,0.2323000729084015,0.8777837753295898,0.2727199196815491,0.8712136409227683,0.11056584612765658,7.879590953583322,0.10337030513638311,7.168445537497912,0.16323960218396932,0.7316164474486021,50,0.234375,8437,0.23266563944530047,2.16502583961711,92,0.9347826086956522,8.471590192664744
identity_strict,settings_numeric,0.25,pessimistic,80,0.8684757351875305,0.2323000729084015,0.8777837753295898,0.2727199196815491,0.8240722166499499,0.05323573351021834,15.479681828593067,0.1846624112199946,12.80582886842673,0.2848658591286444,0.8264428232527936,80,0.203125,8437,0.20184899845916796,4.080874603834595,92,0.782608695652174,14.755418537825078
identity_strict,settings_numeric,0.5,optimistic,8,0.5040456056594849,0.07683165371417999,0.5102962255477905,0.3381311297416687,0.9879638916750251,0.7419161694221789,1.3316381720652803,0.019111073169217396,1.325300210693235,0.009471725882854894,0.2202116248860847,8,0.8581730769230769,8437,0.9255659594642646,1.2554251688575295,92,1.0,1.3479878268371541
identity_strict,settings_numeric,0.5,optimistic,12,0.5040456056594849,0.07683165371417999,0.5102962255477905,0.3381311297416687,0.9689067201604814,0.27099506619979985,3.575366643192403,0.0497113039182388,3.447341809291771,0.06903136518326103,0.5055996090804217,12,0.4387019230769231,8437,0.44423373236932556,1.666316552716495,92,1.0,3.6927872158197728
identity_strict,settings_numeric,0.5,optimistic,20,0.5040456056594849,0.07683165371417999,0.5102962255477905,0.3381311297416687,0.9151454363089268,0.14313597154186392,6.393539139399827,0.08554284642790175,5.93216044909527,0.13360957337924392,0.6333551378551392,20,0.25600961538461536,8437,0.2685788787483703,1.9190954874464752,92,0.8913043478260869,6.235780217150184
identity_strict,settings_numeric,0.5,optimistic,30,0.5040456056594849,0.07683165371417999,0.5102962255477905,0.3381311297416687,0.9143430290872618,0.1316717100416482,6.9441114480707515,0.09222986645082962,6.395886843046338,0.14516329249575574,0.6838086969282691,30,0.25600961538461536,8437,0.2588597842835131,2.015379726393459,92,0.8913043478260869,6.779705128454085
identity_strict,settings_numeric,0.5,optimistic,50,0.5040456056594849,0.07683165371417999,0.5102962255477905,0.3381311297416687,0.8998996990972918,0.0992923621485658,9.063131137426467,0.11707902703831298,8.11910758897425,0.18643855602619416,0.7611283651906452,50,0.25600961538461536,8437,0.24179210619888586,2.527248515103133,92,0.8913043478260869,8.99594629762279
identity_strict,settings_numeric,0.5,optimistic,80,0.5040456056594849,0.07683165371417999,0.5102962255477905,0.3381311297416687,0.8653961885656971,0.020416129799155296,42.38786670534894,0.38278615794143744,26.54516422381608,0.5212168977201073,0.8842654656963789,80,0.07451923076923077,8437,0.13345976057840464,7.606382244670467,92,0.782608695652174,38.72332819644797
identity_strict,settings_numeric,0.5,reported,8,0.7188641428947449,0.0948762372136116,0.7279937863349915,0.3381311297416687,0.9771313941825477,0.5876769461508434,1.6627015924013124,0.023749506335964583,1.6469627567337235,0.018743647313808117,0.281401115771979,8,0.7403846153846154,8437,0.8978309825767453,1.5485141259399307,92,1.0,1.7019376823759842
identity_strict,settings_numeric,0.5,reported,12,0.7188641428947449,0.0948762372136116,0.7279937863349915,0.3381311297416687,0.9610832497492477,0.28468702213899755,3.3759292662101115,0.04706887912994783,3.264096938757562,0.06400861155550354,0.4742929307554489,12,0.38822115384615385,8437,0.4018015882422662,1.4262784536419757,92,1.0,3.5150148600676956
identity_strict,settings_numeric,0.5,reported,20,0.7188641428947449,0.0948762372136116,0.7279937863349915,0.3381311297416687,0.9143430290872618,0.14455946535333464,6.325030511508945,0.08470387095575255,5.873979814226646,0.13213719450045902,0.6366784782081285,20,0.25961538461538464,8437,0.25056299632570816,1.7661717270440263,92,0.8913043478260869,6.174273365442515
identity_strict,settings_numeric,0.5,reported,30,0.7188641428947449,0.0948762372136116,0.7279937863349915,0.3381311297416687,0.9135406218655968,0.13599208713543148,6.7176013039333835,0.08949064612482314,6.205929468960253,0.14043413628055237,0.6763005746106914,30,0.25961538461538464,8437,0.25056299632570816,1.8827582324995102,92,0.8913043478260869,6.563936600626436
identity_strict,settings_numeric,0.5,reported,50,0.7188641428947449,0.0948762372136116,0.7279937863349915,0.3381311297416687,0.8708124373119358,0.08908429724898814,9.77515077520384,0.1251261061309198,8.677150327990862,0.1986026190038697,0.7665263364274276,50,0.234375,8437,0.22259096835368022,2.597499171832224,92,0.782608695652174,8.803546608465913
identity_strict,settings_numeric,0.5,reported,80,0.7188641428947449,0.0948762372136116,0.7279937863349915,0.3381311297416687,0.834704112337011,0.023492050447446663,35.531343430591626,0.34204685573366217,23.72000598589851,0.474497437997806,0.8761717232028873,80,0.09254807692307693,8437,0.165224605902572,8.305573479829231,92,0.782608695652174,33.607084128132605
identity_strict,settings_numeric,0.5,pessimistic,8,0.8421767354011536,0.17355699837207794,0.8519594073295593,0.3381311297416687,0.9875626880641926,0.3101602237673571,3.1840404164943377,0.04451255899745023,3.0868231886023176,0.0592233893650015,0.4434167946546575,8,0.38341346153846156,8437,0.3795187862984473,1.2306092843825231,92,1.0,3.2260780618091927
identity_strict,settings_numeric,0.5,pessimistic,12,0.8421767354011536,0.17355699837207794,0.8519594073295593,0.3381311297416687,0.9875626880641926,0.256046913659964,3.8569599373328036,0.05341738913423248,3.7043485966193845,0.07607357071756149,0.521673448628988,12,0.3701923076923077,8437,0.36411046580538103,1.4374502877054531,92,1.0,3.90860165698942
identity_strict,settings_numeric,0.5,pessimistic,20,0.8421767354011536,0.17355699837207794,0.8519594073295593,0.3381311297416687,0.9875626880641926,0.20329839658831092,4.8577003293540715,0.0663575462669668,4.601712801264865,0.10003797937364996,0.6089325420132115,20,0.36778846153846156,8437,0.3607917506222591,1.8103004763713044,92,1.0,4.924089976002544
identity_strict,settings_numeric,0.5,pessimistic,30,0.8421767354011536,0.17355699837207794,0.8519594073295593,0.3381311297416687,0.9875626880641926,0.13011907452356983,7.589684231002619,0.09994721455254182,6.931063647333098,0.15951095830677361,0.6912922219510231,30,0.24759615384615385,8437,0.2510370984947256,1.9759114263943258,92,1.0,7.699170452747452
identity_strict,settings_numeric,0.5,pessimistic,50,0.8421767354011536,0.17355699837207794,0.8519594073295593,0.3381311297416687,0.9875626880641926,0.08398026479919932,11.759461469018946,0.1467974713740458,10.17999973202049,0.23642899470170117,0.7910791842125342,50,0.24759615384615385,8437,0.24665165343131445,3.0889466113461697,92,0.782608695652174,9.339945737862998
identity_strict,settings_numeric,0.5,pessimistic,80,0.8421767354011536,0.17355699837207794,0.8519594073295593,0.3381311297416687,0.9797392176529589,0.025752030313080588,38.04512520922695,0.35759261971006,24.798061838172295,0.5136746002839292,0.9004796621914992,80,0.12860576923076922,8437,0.17008415313500058,7.7005779941108035,92,0.782608695652174,30.63334765621097
identity_strict,settings_numeric,0.75,optimistic,8,0.41233542561531067,0.05108499899506569,0.4176209270954132,0.40354228019714355,0.9875626880641926,0.25440916201707603,3.881789005688038,0.05374278134995579,3.726913649258639,0.07668368343032148,0.505218352858187,8,0.3870192307692308,8437,0.3624511082138201,1.4402080736007135,92,1.0,3.933789901602993
identity_strict,settings_numeric,0.75,optimistic,12,0.41233542561531067,0.05108499899506569,0.4176209270954132,0.40354228019714355,0.9875626880641926,0.22563697679264832,4.376776812480184,0.060183374083129584,4.173550990379451,0.08867967768424921,0.5593711505097171,12,0.38461538461538464,8437,0.3607917506222591,1.62368748589737,92,1.0,4.436009637298952
identity_strict,settings_numeric,0.75,optimistic,20,0.41233542561531067,0.05108499899506569,0.4176209270954132,0.40354228019714355,0.9875626880641926,0.14273974130568134,6.918624617297702,0.09192247367241765,6.37457000173723,0.14564817347289044,0.6499264356629997,20,0.24759615384615385,8437,0.2665639445300462,1.9095435517587223,92,1.0,7.017140149564287
identity_strict,settings_numeric,0.75,optimistic,30,0.41233542561531067,0.05108499899506569,0.4176209270954132,0.40354228019714355,0.9875626880641926,0.11061867682581425,8.927630635279236,0.11553083638411715,8.011744837441075,0.1858403240293362,0.715056539924586,30,0.24759615384615385,8437,0.2473628066848406,2.3086407850232775,92,1.0,9.059738808947522
identity_strict,settings_numeric,0.75,optimistic,50,0.41233542561531067,0.05108499899506569,0.4176209270954132,0.40354228019714355,0.9875626880641926,0.05775569324148619,17.098966918032275,0.20011381651152393,13.877341206172071,0.3163991030363664,0.8213407280476388,50,0.17427884615384615,8437,0.1520682707123385,2.746851458693752,92,0.782608695652174,13.59641901990961
identity_strict,settings_numeric,0.75,optimistic,80,0.41233542561531067,0.05108499899506569,0.4176209270954132,0.40354228019714355,0.9763289869608827,0.012676432519055739,77.01922331012487,0.5298279991291095,36.74211032837244,0.6809307559951909,0.9297717391216133,80,0.07091346153846154,8437,0.04646201256370748,3.931275467938207,92,0.782608695652174,62.76698641496299
identity_strict,settings_numeric,0.75,reported,8,0.642846941947937,0.06136065721511841,0.6513547897338867,0.40354228019714355,0.9993981945837512,0.4224782880505766,2.3655610781686116,0.03345308040960215,2.3198788536164137,0.03789025230659027,0.3989880369195657,8,0.609375,8437,0.6946782031527794,1.671640802381097,92,1.0,2.367859799375743
identity_strict,settings_numeric,0.75,reported,12,0.642846941947937,0.06136065721511841,0.6513547897338867,0.40354228019714355,0.9993981945837512,0.1927410620731353,5.185185677790502,0.07051563318282827,4.890064659733401,0.10769798289928728,0.5664766220429732,12,0.2668269230769231,8437,0.2517482517482518,1.3163804957337102,92,0.782608695652174,4.063774125407379
identity_strict,settings_numeric,0.75,reported,20,0.642846941947937,0.06136065721511841,0.6513547897338867,0.40354228019714355,0.9953861584754263,0.1233890305860392,8.067055505240747,0.10556997574571295,7.320986626958873,0.1692316899720335,0.6810632927434717,20,0.2644230769230769,8437,0.19758207893801114,1.626121113047054,92,0.782608695652174,6.351777337598834
identity_strict,settings_numeric,0.75,reported,30,0.642846941947937,0.06136065721511841,0.6513547897338867,0.40354228019714355,0.9953861584754263,0.09483990830938831,10.495435689670442,0.13311871227364186,9.231415518184331,0.21485930754741975,0.7429192510328954,30,0.2403846153846154,8437,0.1730472916913595,1.8636474832092433,92,0.782608695652174,8.268086948430502
identity_strict,settings_numeric,0.75,reported,50,0.642846941947937,0.06136065721511841,0.6513547897338867,0.40354228019714355,0.9929789368104313,0.04199453495777947,23.64543238325544,0.2570360369716481,17.824740187954035,0.39449312163278205,0.8457714407218947,50,0.12139423076923077,8437,0.09837620007111532,2.4252747813050726,92,0.782608695652174,18.725160951415276
identity_strict,settings_numeric,0.75,reported,80,0.642846941947937,0.06136065721511841,0.6513547897338867,0.40354228019714355,0.9929789368104313,0.013063857638878698,76.00962627266206,0.5265397298159771,36.51407792145717,0.6821791868567831,0.9317310904644567,80,0.06971153846153846,8437,0.09837620007111532,9.027300055904384,92,0.782608695652174,60.87494663264395
identity_strict,settings_numeric,0.75,pessimistic,8,0.8158777952194214,0.1148139089345932,0.8261350989341736,0.40354228019714355,0.9955867602808425,0.45431758880693607,2.191389426271851,0.03106651476645342,2.15437710906798,0.033214147585517384,0.3946236953376498,8,0.6454326923076923,8437,0.6439492710679151,1.4325821187671262,92,1.0,2.2018177234500547
identity_strict,settings_numeric,0.75,pessimistic,12,0.8158777952194214,0.1148139089345932,0.8261350989341736,0.40354228019714355,0.9949849548645938,0.17737613402561114,5.609463529749323,0.07584793711961342,5.259845229789745,0.11729682491725221,0.5877630191490636,12,0.2824519230769231,8437,0.24214768282564894,1.3779414492509066,92,0.782608695652174,4.416212042416551
identity_strict,settings_numeric,0.75,pessimistic,20,0.8158777952194214,0.1148139089345932,0.8261350989341736,0.40354228019714355,0.9937813440320963,0.15882962393348027,6.256901700203633,0.08386801875772401,5.816015769803442,0.1315857565795786,0.6348917443774557,20,0.27283653846153844,8437,0.23385089486784402,1.4902108135728973,92,0.782608695652174,4.932579451628293
identity_strict,settings_numeric,0.75,pessimistic,30,0.8158777952194214,0.1148139089345932,0.8261350989341736,0.40354228019714355,0.9937813440320963,0.08368969595933211,11.874596181052098,0.14802199115573084,10.26491680131826,0.23855167748522457,0.7471433190904343,30,0.17307692307692307,8437,0.13831930781083324,1.6806198004730613,92,0.782608695652174,9.372455920974188
identity_strict,settings_numeric,0.75,pessimistic,50,0.8158777952194214,0.1148139089345932,0.8261350989341736,0.40354228019714355,0.9889669007021064,0.03430473333705105,28.828875915906515,0.2966662654952461,20.57298722500393,0.4440849424412522,0.8530760688210597,50,0.10817307692307693,8437,0.1161550314092687,3.6043422587302336,92,0.782608695652174,22.948639058569892
identity_strict,settings_numeric,0.75,pessimistic,80,0.8158777952194214,0.1148139089345932,0.8261350989341736,0.40354228019714355,0.9857572718154464,0.01400013501178418,70.41055468291668,0.5074349442379182,35.18921373786788,0.6635790406495208,0.9247924543479253,80,0.0733173076923077,8437,0.08249377740903165,6.728163327149873,92,0.782608695652174,56.74146260203232
identity_strict,settings_numeric,1.0,optimistic,8,0.3206252157688141,0.025338340550661087,0.3249456286430359,0.4689534902572632,0.9829488465396189,0.40784711969968684,2.410091426570331,0.03406136606931835,2.362061786298711,0.03905537939992966,0.4062850181301462,8,0.59375,8437,0.5321796847220576,1.315030137737878,92,1.0,2.452861031497991
identity_strict,settings_numeric,1.0,optimistic,12,0.3206252157688141,0.025338340550661087,0.3249456286430359,0.4689534902572632,0.9795386158475426,0.2536020263507782,3.862503111440682,0.05349005345719043,3.709387666988345,0.07617688653331492,0.5327231132435672,12,0.4411057692307692,8437,0.45632333767926986,1.83664685002776,92,1.0,3.946323265325038
identity_strict,settings_numeric,1.0,optimistic,20,0.3206252157688141,0.025338340550661087,0.3249456286430359,0.4689534902572632,0.9771313941825477,0.190724690426784,5.123255893067772,0.06973215180450375,4.835732387203556,0.10611166584527885,0.617635389050497,20,0.3798076923076923,8437,0.4308403460945834,2.3335622794632433,92,1.0,5.249175527816305
identity_strict,settings_numeric,1.0,optimistic,30,0.3206252157688141,0.025338340550661087,0.3249456286430359,0.4689534902572632,0.9771313941825477,0.08431779425965114,11.588673574329226,0.14497455281407184,10.053585357996665,0.23323126996620785,0.7432179768401217,30,0.18389423076923078,8437,0.11461419935996207,1.3718280493545634,92,0.782608695652174,9.302463403976404
identity_strict,settings_numeric,1.0,optimistic,50,0.3206252157688141,0.025338340550661087,0.3249456286430359,0.4689534902572632,0.9771313941825477,0.030198614074684996,32.356829083810865,0.3213060686015831,22.281689607079812,0.4721373999414452,0.8584579951633772,50,0.09975961538461539,8437,0.07360436173995497,2.529666496977844,92,0.782608695652174,26.090965185900735
identity_strict,settings_numeric,1.0,optimistic,80,0.3206252157688141,0.025338340550661087,0.3249456286430359,0.4689534902572632,0.9719157472417251,0.01659177426029685,58.578168434189884,0.4615164793293961,32.004894852207606,0.6183853245211154,0.9165141300219185,80,0.09975961538461539,8437,0.00853383904231362,0.5080761214738785,92,0.782608695652174,47.76409089846763
identity_strict,settings_numeric,1.0,reported,8,0.5668297410011292,0.027845080941915512,0.5747157335281372,0.4689534902572632,0.9921765295887663,0.3019626604365577,3.2857590013094433,0.045869347479318916,3.1809127274243996,0.0618231802516191,0.4653542982967701,8,0.46033653846153844,8437,0.43795187862984475,1.4671279756404876,92,1.0,3.313736744819535
identity_strict,settings_numeric,1.0,reported,12,0.5668297410011292,0.027845080941915512,0.5747157335281372,0.4689534902572632,0.9889669007021064,0.1865833506989795,5.3004027261662605,0.07196975226639027,4.9909038073183645,0.11025536523452664,0.5671013954350642,12,0.2620192307692308,8437,0.2882541187625933,1.5665835073802636,92,1.0,5.365853274311189
identity_strict,settings_numeric,1.0,reported,20,0.5668297410011292,0.027845080941915512,0.5747157335281372,0.4689534902572632,0.9889669007021064,0.07946030506793147,12.446049632664106,0.154048057994563,10.682807915042819,0.24780303105043822,0.7222736599058621,20,0.13701923076923078,8437,0.1392675121488681,1.7868164851244497,92,0.782608695652174,9.872648839092918
identity_strict,settings_numeric,1.0,reported,30,0.5668297410011292,0.027845080941915512,0.5747157335281372,0.4689534902572632,0.9877632898696088,0.0486071773438486,20.3213464316626,0.22918315103560624,15.893219374203596,0.3569916632581882,0.791279387194759,30,0.10697115384615384,8437,0.10868792224724429,2.3084997875722864,92,0.782608695652174,16.16661964366231
identity_strict,settings_numeric,1.0,reported,50,0.5668297410011292,0.027845080941915512,0.5747157335281372,0.4689534902572632,0.9861584754262789,0.022359125475843164,44.105413536487646,0.392213180149992,27.19890221166131,0.5519747422848346,0.8733699265478975,50,0.06850961538461539,8437,0.06969301884556121,3.2940509450768145,92,0.782608695652174,35.326184906486596
identity_strict,settings_numeric,1.0,reported,80,0.5668297410011292,0.027845080941915512,0.5747157335281372,0.4689534902572632,0.9825476429287864,0.01065125575634482,92.2471176549765,0.5744106954380204,39.833797346066575,0.719887072125192,0.9296810149163359,80,0.056490384615384616,8437,0.05546995377503852,5.830820443102547,92,0.782608695652174,74.94275830878489
identity_strict,settings_numeric,1.0,pessimistic,8,0.7895786762237549,0.05607084184885025,0.8003107905387878,0.4689534902572632,0.9971915747241725,0.8535180842414832,1.1683309271769808,0.01680675110050241,1.1655018311814003,0.004831040001713845,0.15751402496791067,8,0.9242788461538461,8437,0.7302358658290862,0.8524335554222279,92,0.782608695652174,0.9169004726167758
identity_strict,settings_numeric,1.0,pessimistic,12,0.7895786762237549,0.05607084184885025,0.8003107905387878,0.4689534902572632,0.9899699097291875,0.16708001796243738,5.925124511009753,0.07977562600022631,5.532219620014891,0.124280188981995,0.5808826087524492,12,0.23918269230769232,8437,0.20599739243807041,1.2402619695398893,92,0.782608695652174,4.688700730016319
identity_strict,settings_numeric,1.0,pessimistic,20,0.7895786762237549,0.05607084184885025,0.8003107905387878,0.4689534902572632,0.9899699097291875,0.10852012409343989,9.122454641470796,0.11775513612827794,8.16599388946864,0.18958666139927566,0.689342072318891,20,0.19831730769230768,8437,0.14732724902216426,1.3700432213369513,92,0.782608695652174,7.2237654139165315
identity_strict,settings_numeric,1.0,pessimistic,30,0.7895786762237549,0.05607084184885025,0.8003107905387878,0.4689534902572632,0.9897693079237713,0.05886513790279738,16.814184816115677,0.1974389755902361,13.691848366227132,0.3126817493210011,0.7775873749630349,30,0.14423076923076922,8437,0.13132630081782623,2.302950985747435,92,0.782608695652174,13.33924095798378
identity_strict,settings_numeric,1.0,pessimistic,50,0.7895786762237549,0.05607084184885025,0.8003107905387878,0.4689534902572632,0.9705115346038115,0.02508577650853656,38.68772147729018,0.3614493836384012,25.06551777858791,0.5165695231211089,0.8630256194087935,50,0.07932692307692307,8437,0.09505748488799336,4.078131792598206,92,0.782608695652174,31.45385148133898
identity_strict,settings_numeric,1.0,pessimistic,80,0.7895786762237549,0.05607084184885025,0.8003107905387878,0.4689534902572632,0.965295887662989,0.010231545209869948,94.34507377554351,0.5798987707881417,40.214380233977415,0.719481061768475,0.9211487648628147,80,0.052884615384615384,8437,0.014578641697285765,1.4404114157965895,92,0.782608695652174,78.08183693741881
identity_strict,no_settings,0.0,optimistic,8,0.687466025352478,0.1283249706029892,0.6956469416618347,0.20730875432491302,0.9879638916750251,0.9355905738294331,1.0559788857547212,0.015215128007884063,1.0551271598422245,0.0016115465898599286,0.07711520063284102,8,0.9675480769230769,8437,0.9775986725139267,1.046092726704708,92,1.0,1.0688634780371162
identity_strict,no_settings,0.0,optimistic,12,0.687466025352478,0.1283249706029892,0.6956469416618347,0.20730875432491302,0.9656970912738214,0.3707012688172674,2.6050547233218397,0.03671558009701333,2.546124208067627,0.0441851981549587,0.4085012960674949,12,0.5012019230769231,8437,0.4720872347990992,1.2824035011374837,92,1.0,2.6988273512399967
identity_strict,no_settings,0.0,optimistic,20,0.687466025352478,0.1283249706029892,0.6956469416618347,0.20730875432491302,0.9003009027081244,0.15949587773802432,5.644665652029512,0.07628760836308006,5.290335217790035,0.11718476922938552,0.6129936124933831,20,0.2704326923076923,8437,0.26277112717790685,1.67505061893356,92,0.8913043478260869,5.5951934325870605
identity_strict,no_settings,0.0,optimistic,30,0.687466025352478,0.1283249706029892,0.6956469416618347,0.20730875432491302,0.886258776328987,0.11893657674686171,7.451524170022592,0.09830666874346365,6.817296320549731,0.1550463259895017,0.6867836406567733,30,0.25,8437,0.24937774090316464,2.1567906369467744,92,0.8260869565217391,6.956780800639806
identity_strict,no_settings,0.0,optimistic,50,0.687466025352478,0.1283249706029892,0.6956469416618347,0.20730875432491302,0.8541624874623872,0.11253525715342329,7.590176706113333,0.09995305164319249,6.931468433469422,0.157203757354962,0.724666936820135,50,0.25,8437,0.2489036387341472,2.2819989972062804,92,0.782608695652174,6.96554458595108
identity_strict,no_settings,0.0,optimistic,80,0.687466025352478,0.1283249706029892,0.6956469416618347,0.20730875432491302,0.7993981945837513,0.07720032520229755,10.354855274106546,0.1315702588483888,9.124034544203132,0.20629620909196195,0.7898948460979038,80,0.23557692307692307,8437,0.2312433329382482,3.1552294353122323,92,0.782608695652174,10.162456303775985
identity_strict,no_settings,0.0,reported,8,0.8708984851837158,0.1619073897600174,0.8812718391418457,0.20730875432491302,0.999197592778335,0.9308270058788827,1.0734514431442577,0.01546298940780569,1.0723156642569298,0.0021138620846606255,0.08587593047840328,8,0.9651442307692307,8437,0.9632570819011497,1.0357563479937046,92,1.0,1.0743350438888382
identity_strict,no_settings,0.0,reported,12,0.8708984851837158,0.1619073897600174,0.8812718391418457,0.20730875432491302,0.999197592778335,0.9073232152762899,1.1012587090853487,0.01585719925123203,1.09965302955946,0.0029117973647823994,0.12120545913056047,12,0.953125,8437,0.9506933744221879,1.0490734083860533,92,1.0,1.1021734839488357
identity_strict,no_settings,0.0,reported,20,0.8708984851837158,0.1619073897600174,0.8812718391418457,0.20730875432491302,0.9027081243731193,0.2330508847674422,3.873437877199726,0.053633362335077414,3.719325742384538,0.07609972300678246,0.5533907576508609,20,0.3954326923076923,8437,0.35711745881237406,1.5533557600395704,92,0.9565217391304348,4.107791442487166
identity_strict,no_settings,0.0,reported,30,0.8708984851837158,0.1619073897600174,0.8812718391418457,0.20730875432491302,0.8649949849548646,0.1452580045845306,5.954886874764237,0.08014422987565749,5.557781282065253,0.12356321867806855,0.6455510540182913,30,0.25600961538461536,8437,0.2583856821144957,1.8146909627552144,92,0.782608695652174,5.394107353535033
identity_strict,no_settings,0.0,reported,50,0.8708984851837158,0.1619073897600174,0.8812718391418457,0.20730875432491302,0.8567703109327984,0.12611274657994606,6.793685286916419,0.09041258282351447,6.26986323605971,0.14115970492250357,0.7179277528785669,50,0.25600961538461536,8437,0.24854806210738414,2.0206517772667407,92,0.782608695652174,6.21436477304056
identity_strict,no_settings,0.0,reported,80,0.8708984851837158,0.1619073897600174,0.8812718391418457,0.20730875432491302,0.7815446339017051,0.0734933712149006,10.634219399412295,0.13464196848216753,9.337049134686335,0.2102815449087401,0.7866186775986993,80,0.21875,8437,0.22176128955789973,3.1803492048237545,92,0.782608695652174,10.676521599821685
identity_strict,no_settings,0.0,pessimistic,8,0.8947747945785522,0.29104316234588623,0.9036080241203308,0.20730875432491302,0.999197592778335,0.9308270058788827,1.0734514431442577,0.01546298940780569,1.0723156642569298,0.0021138620846606255,0.08587593047840328,8,0.9651442307692307,8437,0.9632570819011497,1.0357563479937046,92,1.0,1.0743350438888382
identity_strict,no_settings,0.0,pessimistic,12,0.8947747945785522,0.29104316234588623,0.9036080241203308,0.20730875432491302,0.999197592778335,0.9189459688709787,1.0873300788358142,0.01565977942378551,1.0859625090641836,0.0025122720635410954,0.107903075869592,12,0.9591346153846154,8437,0.9506933744221879,1.035455955908265,92,1.0,1.0882291863017288
identity_strict,no_settings,0.0,pessimistic,20,0.8947747945785522,0.29104316234588623,0.9036080241203308,0.20730875432491302,0.9857572718154464,0.8662884380017082,1.1379088402580095,0.016376288041377286,1.135650405366492,0.003960636216559165,0.16296404153455205,20,0.9314903846153846,8437,0.9506933744221879,1.1001545983664647,92,1.0,1.154398058713084
identity_strict,no_settings,0.0,pessimistic,30,0.8947747945785522,0.29104316234588623,0.9036080241203308,0.20730875432491302,0.923370110330993,0.6205728608703563,1.4879318264675032,0.021306338207453285,1.477535785950606,0.013852177311370622,0.34096613254666736,30,0.7860576923076923,8437,0.8286120659002015,1.346700802587119,92,1.0,1.6116804830040126
identity_strict,no_settings,0.0,pessimistic,50,0.8947747945785522,0.29104316234588623,0.9036080241203308,0.20730875432491302,0.8136409227683049,0.11462206973065149,7.098466505449311,0.094087081583892,6.524679589814468,0.14660864285857364,0.669541872552145,50,0.23317307692307693,8437,0.2890837975583738,2.623450858958625,92,0.782608695652174,6.838495454307171
identity_strict,no_settings,0.0,pessimistic,80,0.8947747945785522,0.29104316234588623,0.9036080241203308,0.20730875432491302,0.7885656970912738,0.09838250012473915,8.015304511386187,0.10496381939067048,7.278951355682492,0.16398868038169448,0.6946657348378867,80,0.22115384615384615,8437,0.2880170676780846,3.07817893681788,92,0.782608695652174,7.969725882096024
identity_strict,no_settings,0.25,optimistic,8,0.6752599477767944,0.10077781230211258,0.6836653351783752,0.15548156201839447,0.9887662988966901,0.5054312892744878,1.9562823273485834,0.027826234228131085,1.9296725913195594,0.02683082771992956,0.29831850485624406,8,0.6262019230769231,8437,0.5181936707360436,1.0259082411796665,92,1.0,1.979031339693459
identity_strict,no_settings,0.25,optimistic,12,0.6752599477767944,0.10077781230211258,0.6836653351783752,0.15548156201839447,0.9045135406218656,0.19115320608961847,4.731877425052458,0.06475006103077387,4.490238134020943,0.09653341919588648,0.5342087516319443,12,0.25600961538461536,8437,0.3347161313263008,1.785077488127813,92,0.9347826086956522,4.895370950944073
identity_strict,no_settings,0.25,optimistic,20,0.6752599477767944,0.10077781230211258,0.6836653351783752,0.15548156201839447,0.8914744232698094,0.14590664815635537,6.109895844598489,0.08205923628037522,5.690581694118474,0.12723572155658036,0.6239946177638288,20,0.25600961538461536,8437,0.2730828493540358,1.913987738066632,92,0.8913043478260869,6.117170978282771
identity_strict,no_settings,0.25,optimistic,30,0.6752599477767944,0.10077781230211258,0.6836653351783752,0.15548156201839447,0.8866599799398195,0.12790312023973396,6.932277948168246,0.09208717029876246,6.385991258495684,0.14449428197498498,0.6817316649417471,30,0.25600961538461536,8437,0.2497333175299277,2.0009136106903425,92,0.8260869565217391,6.46822934677666
identity_strict,no_settings,0.25,optimistic,50,0.6752599477767944,0.10077781230211258,0.6836653351783752,0.15548156201839447,0.8866599799398195,0.11961750574533843,7.412460027610743,0.09784172661870504,6.785053866635878,0.15426889332514385,0.7357476630665449,50,0.25600961538461536,8437,0.24854806210738414,2.136325179488565,92,0.782608695652174,6.552402509754636
identity_strict,no_settings,0.25,optimistic,80,0.6752599477767944,0.10077781230211258,0.6836653351783752,0.15548156201839447,0.8373119358074222,0.021475678801095355,38.988846106448364,0.3632407971455922,25.18974736410083,0.4965497842709236,0.8732702854967667,80,0.07451923076923077,8437,0.13203745407135237,7.07280558021998,92,0.782608695652174,36.79384283013773
identity_strict,no_settings,0.25,reported,8,0.8128344416618347,0.12596464157104492,0.8228840827941895,0.15548156201839447,0.9610832497492477,0.32922330068591854,2.9192443176011054,0.0409623720727422,2.840627517765032,0.052362781196414854,0.4401238525998036,8,0.44711538461538464,8437,0.4156690766860258,1.271049269638907,92,1.0,3.0391245382679917
identity_strict,no_settings,0.25,reported,12,0.8128344416618347,0.12596464157104492,0.8228840827941895,0.15548156201839447,0.9610832497492477,0.3250848959969006,2.956406961947598,0.04146221149102994,2.8752900027288035,0.05332151659856173,0.4603562920399006,12,0.44711538461538464,8437,0.4156690766860258,1.2877591003214133,92,1.0,3.0778454476452093
identity_strict,no_settings,0.25,reported,20,0.8128344416618347,0.12596464157104492,0.8228840827941895,0.15548156201839447,0.9033099297893681,0.17348427259466234,5.2068692814587765,0.07078964330068699,4.909066505611692,0.10741883079358261,0.5948918682745759,20,0.26802884615384615,8437,0.28695033779779544,1.6819753478121031,92,0.9347826086956522,5.39467855022372
identity_strict,no_settings,0.25,reported,30,0.8128344416618347,0.12596464157104492,0.8228840827941895,0.15548156201839447,0.8834503510531595,0.13983698794579572,6.317715820621127,0.08461420227482325,5.867761538535064,0.13158048496416538,0.6571182175549601,30,0.25600961538461536,8437,0.2612302951286002,1.9102120396910323,92,0.8913043478260869,6.383146117744711
identity_strict,no_settings,0.25,reported,50,0.8128344416618347,0.12596464157104492,0.8228840827941895,0.15548156201839447,0.8581745235707121,0.12017516311478056,7.141030653322772,0.09459788160891582,6.560102162623021,0.14828620953828983,0.7279943569204393,50,0.25600961538461536,8437,0.24854806210738414,2.1258767192305643,92,0.782608695652174,6.521943368589236
identity_strict,no_settings,0.25,reported,80,0.8128344416618347,0.12596464157104492,0.8228840827941895,0.15548156201839447,0.8072216649949849,0.02501533557765966,32.26907200540963,0.3207141149278712,22.24063925257881,0.4476457351759418,0.8603391834008371,80,0.08653846153846154,8437,0.13606732250800047,6.130390985630284,92,0.782608695652174,31.54317729314257
identity_strict,no_settings,0.25,pessimistic,8,0.8307415246963501,0.22281645238399506,0.8396362662315369,0.15548156201839447,0.914543630892678,0.2936682408258025,3.1142067944458627,0.04357883668689958,3.0220721218283724,0.057240578645182165,0.4707952175281236,8,0.40024038461538464,8437,0.39089723835486545,1.3423695092615036,92,1.0,3.4074166700012003
identity_strict,no_settings,0.25,pessimistic,12,0.8307415246963501,0.22281645238399506,0.8396362662315369,0.15548156201839447,0.914543630892678,0.29311938857271996,3.120038000030793,0.04365687363542345,3.0274837689611522,0.057388964392050205,0.4794040073789754,12,0.40024038461538464,8437,0.3907787128126111,1.3445471360342287,92,1.0,3.4138027801998456
identity_strict,no_settings,0.25,pessimistic,20,0.8307415246963501,0.22281645238399506,0.8396362662315369,0.15548156201839447,0.914543630892678,0.23062360769097565,3.965524778877459,0.054838515667288146,3.802899801829256,0.07839677171189526,0.558369669610201,20,0.3641826923076923,8437,0.37442218798151,1.6496381199115353,92,1.0,4.339980123337241
identity_strict,no_settings,0.25,pessimistic,30,0.8307415246963501,0.22281645238399506,0.8396362662315369,0.15548156201839447,0.8589769307923771,0.1284901279970415,6.685158962657079,0.08909696213066999,6.178628569854381,0.13894851540210398,0.6514017785950363,30,0.23557692307692307,8437,0.2295839753466872,1.8232065635225052,92,1.0,7.796983015153597
identity_strict,no_settings,0.25,pessimistic,50,0.8307415246963501,0.22281645238399506,0.8396362662315369,0.15548156201839447,0.844332998996991,0.10463413274006415,8.069384023036854,0.10559723023658396,7.3228766507254015,0.16634724692289804,0.7209485128028144,50,0.234375,8437,0.22602820907905655,2.2257445142261933,92,1.0,9.579250801507397
identity_strict,no_settings,0.25,pessimistic,80,0.8307415246963501,0.22281645238399506,0.8396362662315369,0.15548156201839447,0.8166499498495486,0.05426886716307956,15.04822179898267,0.18044412924959,12.513302648960133,0.27853652534696016,0.8169429361556855,80,0.1875,8437,0.20587886689581605,4.08333997606043,92,1.0,18.513914555929993
identity_strict,no_settings,0.5,optimistic,8,0.6630539894104004,0.07323066145181656,0.6716837882995605,0.10365437716245651,0.9825476429287864,0.2962686851906748,3.316407342532442,0.04627739984882842,3.2092100337293057,0.0625719287513763,0.466512191669072,8,0.4362980769230769,8437,0.4567974398482873,1.5633436936403038,92,1.0,3.37748140803173
identity_strict,no_settings,0.5,optimistic,12,0.6630539894104004,0.07323066145181656,0.6716837882995605,0.10365437716245651,0.9825476429287864,0.1829820581078979,5.3696392591092925,0.07284137890009221,5.051348710179794,0.11177936060531611,0.5773449482989467,12,0.28725961538461536,8437,0.30567737347398366,1.6994669722027014,92,1.0,5.471615369787316
identity_strict,no_settings,0.5,optimistic,20,0.6630539894104004,0.07323066145181656,0.6716837882995605,0.10365437716245651,0.9486459378134403,0.12386744190824482,7.658557593497028,0.10076280576152731,6.987622648051543,0.1602830030953056,0.6684552099833324,20,0.24639423076923078,8437,0.24558492355102524,2.0333778098725017,92,1.0,8.088599178361948
identity_strict,no_settings,0.5,optimistic,30,0.6630539894104004,0.07323066145181656,0.6716837882995605,0.10365437716245651,0.9486459378134403,0.09627807731479171,9.853187395005184,0.1259991473942236,8.737693331513244,0.20213953344836988,0.7394431682519396,30,0.2439903846153846,8437,0.24558492355102524,2.6553475281635275,92,1.0,10.412980343003882
identity_strict,no_settings,0.5,optimistic,50,0.6630539894104004,0.07323066145181656,0.6716837882995605,0.10365437716245651,0.9486459378134403,0.049023952851536934,19.35066192410675,0.22065136244867486,15.301563368717574,0.3426462192511859,0.8263278436520425,50,0.125,8437,0.15645371577574968,3.379412465427514,92,0.782608695652174,16.028584649410607
identity_strict,no_settings,0.5,optimistic,80,0.6630539894104004,0.07323066145181656,0.6716837882995605,0.10365437716245651,0.9137412236710131,0.016958654108614045,53.88052718210013,0.44082067163456884,30.56969767329667,0.5866842136508915,0.9118856889805288,80,0.07572115384615384,8437,0.0887756311485125,5.8655466423226965,92,0.782608695652174,46.71773419284049
identity_strict,no_settings,0.5,reported,8,0.7547702789306641,0.09002186357975006,0.7644962668418884,0.10365437716245651,0.9307923771313942,0.2542653451165357,3.6607126964344685,0.050837615452882075,3.5254484075425316,0.07100456371734319,0.4954431945708967,8,0.3545673076923077,8437,0.36031764845324166,1.432261682742788,92,1.0,3.9360172870035472
identity_strict,no_settings,0.5,reported,12,0.7547702789306641,0.09002186357975006,0.7644962668418884,0.10365437716245651,0.9307923771313942,0.20438729597811636,4.554061800548766,0.06246886654011336,4.332043588254971,0.09255498248157715,0.5618844489280715,12,0.3545673076923077,8437,0.34324997036861443,1.7088901972439878,92,1.0,4.897821554389244
identity_strict,no_settings,0.5,reported,20,0.7547702789306641,0.09002186357975006,0.7644962668418884,0.10365437716245651,0.9139418254764293,0.13900343693041903,6.574958473393153,0.08775714615918022,6.0857160278122295,0.1374406440836434,0.6441291632530136,20,0.24759615384615385,8437,0.25198530283276044,1.8510006745689667,92,0.9347826086956522,6.735303071271827
identity_strict,no_settings,0.5,reported,30,0.7547702789306641,0.09002186357975006,0.7644962668418884,0.10365437716245651,0.9131394182547643,0.12915931684037205,7.06986875273824,0.0937435643972157,6.500857620433275,0.14774050225185967,0.6863545132223393,30,0.24759615384615385,8437,0.25127414957923433,1.9933120082435782,92,0.9347826086956522,7.249652035321137
identity_strict,no_settings,0.5,reported,50,0.7547702789306641,0.09002186357975006,0.7644962668418884,0.10365437716245651,0.9001003009027081,0.08947759244638417,10.059505137468431,0.1282989734938381,8.897179927969077,0.20450566094520445,0.7693697877310084,50,0.24519230769230768,8437,0.22993955197345028,2.6764847856941856,92,0.9347826086956522,10.473839387871854
identity_strict,no_settings,0.5,reported,80,0.7547702789306641,0.09002186357975006,0.7644962668418884,0.10365437716245651,0.8519558676028084,0.024266900687092578,35.107732898744615,0.3393527766679984,23.53317903370519,0.47453369471068946,0.8813590279938092,80,0.10096153846153846,8437,0.06364821619058907,2.735564271958581,92,0.782608695652174,32.52457190145776
identity_strict,no_settings,0.5,pessimistic,8,0.7667083144187927,0.1545897275209427,0.7756644487380981,0.10365437716245651,0.9855566700100301,0.3307964814755027,2.9793444767429182,0.04177046225524788,2.896666342986995,0.05396968566714316,0.43183061186797905,8,0.484375,8437,0.4525305203271305,1.3809063084194488,92,0.782608695652174,2.366704470269615
identity_strict,no_settings,0.5,pessimistic,12,0.7667083144187927,0.1545897275209427,0.7756644487380981,0.10365437716245651,0.9518555667001003,0.20545565009641603,4.632900415507748,0.0634816578813582,4.402277874213441,0.09454424318368206,0.5587139281459967,12,0.34975961538461536,8437,0.3537987436292521,1.7541799531554574,92,0.782608695652174,3.8120292196992356
identity_strict,no_settings,0.5,pessimistic,20,0.7667083144187927,0.1545897275209427,0.7756644487380981,0.10365437716245651,0.9518555667001003,0.12964359824015073,7.34209463190686,0.09700302559489737,6.726892264002736,0.15391897312689976,0.6653109663557191,20,0.2512019230769231,8437,0.2429773616214294,1.9167412895087685,92,0.782608695652174,6.044839821863259
identity_strict,no_settings,0.5,pessimistic,30,0.7667083144187927,0.1545897275209427,0.7756644487380981,0.10365437716245651,0.9518555667001003,0.10839685246440532,8.781210386276342,0.11385176476233894,7.895305851811739,0.1823144814235729,0.7143903330587947,30,0.2512019230769231,8437,0.24179210619888586,2.3025687921336866,92,0.782608695652174,7.231996508528156
identity_strict,no_settings,0.5,pessimistic,50,0.7667083144187927,0.1545897275209427,0.7756644487380981,0.10365437716245651,0.9275827482447342,0.05595357942655212,16.577719562379965,0.19520432286389733,13.536881363441895,0.3059979124900424,0.8085333229860897,50,0.14423076923076922,8437,0.1639208249377741,3.0805174020346104,92,0.782608695652174,14.035983114171643
identity_strict,no_settings,0.5,pessimistic,80,0.7667083144187927,0.1545897275209427,0.7756644487380981,0.10365437716245651,0.8978936810431294,0.0258547566706094,34.72837483958289,0.3369213398569816,23.364565597432115,0.4790588042208337,0.887536681050334,80,0.11778846153846154,8437,0.11141400971909446,4.704534078714245,92,0.782608695652174,30.510631945101046
identity_strict,no_settings,0.75,optimistic,8,0.6508479714393616,0.04568350315093994,0.6597022414207458,0.051827188581228256,0.9921765295887663,0.40613012200956233,2.443001579590803,0.03451042778696474,2.3932029777818578,0.03994313785856346,0.41157573226657806,8,0.5925480769230769,8437,0.54829915846865,1.3621655407673607,92,1.0,2.4632378996391404
identity_strict,no_settings,0.75,optimistic,12,0.6508479714393616,0.04568350315093994,0.6597022414207458,0.051827188581228256,0.9889669007021064,0.27036990293826735,3.657829107287559,0.05079960431951199,3.522812440288469,0.07115598298584706,0.5235377259108425,12,0.46033653846153844,8437,0.4812137015526846,1.815789609912975,92,1.0,3.7013344054940998
identity_strict,no_settings,0.75,optimistic,20,0.6508479714393616,0.04568350315093994,0.6597022414207458,0.051827188581228256,0.9887662988966901,0.09342815465306374,10.58317273383357,0.13408231549740213,9.298238743869593,0.21623759115076752,0.7007403005565721,20,0.18870192307692307,8437,0.25459286476235626,2.849837944550841,92,0.782608695652174,8.393305771547475
identity_strict,no_settings,0.75,optimistic,30,0.6508479714393616,0.04568350315093994,0.6597022414207458,0.051827188581228256,0.9787362086258776,0.06572138850814914,14.89220223191905,0.17890799750650874,12.40677614965096,0.2850854298360418,0.7646813445703304,30,0.13221153846153846,8437,0.1690174232547114,2.678627076911951,92,0.782608695652174,11.943162692847125
identity_strict,no_settings,0.75,optimistic,50,0.6508479714393616,0.04568350315093994,0.6597022414207458,0.051827188581228256,0.9787362086258776,0.028044295605366424,34.89965383329476,0.33802133850630456,23.44084746966408,0.4915990471556595,0.8586824849691546,50,0.08533653846153846,8437,0.07360436173995497,2.7374989582249603,92,0.782608695652174,28.110449362474725
identity_strict,no_settings,0.75,optimistic,80,0.6508479714393616,0.04568350315093994,0.6597022414207458,0.051827188581228256,0.9775325977933801,0.008573248295476225,114.02126289858963,0.6252245316910444,43.357596731688524,0.7584078945198978,0.9369805201323729,80,0.04807692307692308,8437,0.00853383904231362,0.9952870600020062,92,0.782608695652174,93.566651914478
identity_strict,no_settings,0.75,reported,8,0.6967061161994934,0.05407910794019699,0.7061085104942322,0.051827188581228256,0.9937813440320963,0.2788257496822821,3.5641663123455984,0.04956329474853181,3.4370777816225577,0.06883833932652451,0.4909045242419712,8,0.4483173076923077,8437,0.47599857769349296,1.7383681721258664,92,1.0,3.5889765770701847
identity_strict,no_settings,0.75,reported,12,0.6967061161994934,0.05407910794019699,0.7061085104942322,0.051827188581228256,0.9937813440320963,0.26101006424799905,3.807444540099625,0.05276780673817411,3.659301849179506,0.07487886086814151,0.5337077310818401,12,0.4483173076923077,8437,0.47244281142586225,1.848068266057438,92,1.0,3.8342019653973005
identity_strict,no_settings,0.75,reported,20,0.6967061161994934,0.05407910794019699,0.7061085104942322,0.051827188581228256,0.9925777331995987,0.11721370897916417,8.468102765829538,0.11023972907940469,7.644821140187338,0.17707899794573997,0.6770833911759915,20,0.23076923076923078,8437,0.24048832523408795,2.1080016297473114,92,1.0,8.54881537998193
identity_strict,no_settings,0.75,reported,30,0.6967061161994934,0.05407910794019699,0.7061085104942322,0.051827188581228256,0.9925777331995987,0.07264808004437778,13.662821269237577,0.1665993265993266,11.553203772934966,0.26721423675807204,0.7576625690695794,30,0.16105769230769232,8437,0.09339812729643238,1.2950162472581692,92,1.0,13.812611516626115
identity_strict,no_settings,0.75,reported,50,0.6967061161994934,0.05407910794019699,0.7061085104942322,0.051827188581228256,0.9923771313941826,0.03434288884127604,28.896146040034473,0.2971528111484863,20.606727824029512,0.44503972881902304,0.8509191696840193,50,0.11298076923076923,8437,0.07870096005689226,2.369328875776372,92,0.782608695652174,22.922984891594105
identity_strict,no_settings,0.75,reported,80,0.6967061161994934,0.05407910794019699,0.7061085104942322,0.051827188581228256,0.9843530591775326,0.011029875759808166,89.24425629202669,0.5663012117714945,39.271427021977644,0.713733441311404,0.9329530739084653,80,0.06129807692307692,8437,0.02014934218324049,1.865970603287082,92,0.782608695652174,72.31996508528157
identity_strict,no_settings,0.75,pessimistic,8,0.7026751637458801,0.0863630473613739,0.7116925716400146,0.051827188581228256,0.9869608826479438,0.28324885313359416,3.4844302871102686,0.04850827204069962,3.36391486687697,0.0668191610302254,0.4836535203596345,8,0.45552884615384615,8437,0.48145075263719334,1.730491620675985,92,1.0,3.532879042462713
identity_strict,no_settings,0.75,pessimistic,12,0.7026751637458801,0.0863630473613739,0.7116925716400146,0.051827188581228256,0.9869608826479438,0.2657501518882572,3.7138676145063574,0.05153775245118579,3.5740009772046384,0.0725392933743615,0.526546792933507,12,0.45552884615384615,8437,0.4778949863695626,1.8354919398575926,92,1.0,3.7657431565913413
identity_strict,no_settings,0.75,pessimistic,20,0.7026751637458801,0.0863630473613739,0.7116925716400146,0.051827188581228256,0.9869608826479438,0.13795562808362513,7.154190781181277,0.09475569593436435,6.571046150797596,0.1505584375900401,0.6623604473370234,20,0.3016826923076923,8437,0.31741140215716485,2.3794146923941293,92,1.0,7.260962247660463
identity_strict,no_settings,0.75,pessimistic,30,0.7026751637458801,0.0863630473613739,0.7116925716400146,0.051827188581228256,0.9789368104312939,0.06720064805656406,14.56737157664468,0.17569124423963134,12.183703183282566,0.2803175710138033,0.7628502662951242,30,0.14543269230769232,8437,0.11947374659239066,1.813688764402413,92,1.0,14.936809331696193
identity_strict,no_settings,0.75,pessimistic,50,0.7026751637458801,0.0863630473613739,0.7116925716400146,0.051827188581228256,0.9775325977933801,0.03104977532278089,31.48275913855566,0.31536370696349986,21.869603218145244,0.46521893787467683,0.8514027277371464,50,0.09615384615384616,8437,0.08782742681047766,2.9663316137451363,92,0.782608695652174,25.370837661021017
identity_strict,no_settings,0.75,pessimistic,80,0.7026751637458801,0.0863630473613739,0.7116925716400146,0.051827188581228256,0.9751253761283851,0.010307856218319925,94.60021128305189,0.5805565508181059,40.259995464717335,0.7227923174592465,0.9309323959100582,80,0.06129807692307692,8437,0.00853383904231362,0.8242944284725917,92,0.782608695652174,77.49168351870577
identity_strict,no_settings,1.0,optimistic,8,0.6386420130729675,0.018136346712708473,0.6477207541465759,0.0,0.9829488465396189,0.41511427573515386,2.367899405046595,0.03348504107042793,2.3220952372883956,0.037931501313758983,0.39450071735575076,8,0.5997596153846154,8437,0.5411876259333886,1.3138394454466404,92,1.0,2.409892317923901
identity_strict,no_settings,1.0,optimistic,12,0.6386420130729675,0.018136346712708473,0.6477207541465759,0.0,0.9797392176529589,0.2671178799627837,3.6678159387513163,0.050931236573716815,3.5319407740396405,0.07137030228677406,0.5231664531700233,12,0.45913461538461536,8437,0.46153846153846156,1.7603796176274253,92,1.0,3.7464418486988276
identity_strict,no_settings,1.0,optimistic,20,0.6386420130729675,0.018136346712708473,0.6477207541465759,0.0,0.9797392176529589,0.11280821576057128,8.684998792396442,0.11274498487961403,7.818553719747853,0.1810376133169616,0.6809194704975848,20,0.21153846153846154,8437,0.29015052743866304,2.6790084295482903,92,0.782608695652174,6.9486586373419135
identity_strict,no_settings,1.0,optimistic,30,0.6386420130729675,0.018136346712708473,0.6477207541465759,0.0,0.9795386158475426,0.06820443132155991,14.361803138997853,0.1736424735962448,12.041626590236197,0.27728705823111677,0.7577242791052274,30,0.13221153846153846,8437,0.10323574730354391,1.533623404995652,92,0.782608695652174,11.507009898314248
identity_strict,no_settings,1.0,optimistic,50,0.6386420130729675,0.018136346712708473,0.6477207541465759,0.0,0.9769307923771314,0.02577551062337289,37.90151072666873,0.3567242894813947,24.737845531907766,0.5123133423614424,0.8621036625060214,50,0.08533653846153846,8437,0.014578641697285765,0.5594299100732106,92,0.782608695652174,30.60521140118804
identity_strict,no_settings,1.0,optimistic,80,0.6386420130729675,0.018136346712708473,0.6477207541465759,0.0,0.9759277833500501,0.013536398883511245,72.09655919188616,0.5133481059406986,35.599275191830635,0.6664946945600622,0.9222083973245996,80,0.08533653846153846,8437,0.014578641697285765,1.079105277639548,92,0.782608695652174,58.71616548553917
identity_strict,no_settings,1.0,reported,8,0.6386420130729675,0.018136346712708473,0.6477207541465759,0.0,0.9829488465396189,0.41511427573515386,2.367899405046595,0.03348504107042793,2.3220952372883956,0.037931501313758983,0.39450071735575076,8,0.5997596153846154,8437,0.5411876259333886,1.3138394454466404,92,1.0,2.409892317923901
identity_strict,no_settings,1.0,reported,12,0.6386420130729675,0.018136346712708473,0.6477207541465759,0.0,0.9797392176529589,0.2671178799627837,3.6678159387513163,0.050931236573716815,3.5319407740396405,0.07137030228677406,0.5231664531700233,12,0.45913461538461536,8437,0.46153846153846156,1.7603796176274253,92,1.0,3.7464418486988276
identity_strict,no_settings,1.0,reported,20,0.6386420130729675,0.018136346712708473,0.6477207541465759,0.0,0.9797392176529589,0.11280821576057128,8.684998792396442,0.11274498487961403,7.818553719747853,0.1810376133169616,0.6809194704975848,20,0.21153846153846154,8437,0.29015052743866304,2.6790084295482903,92,0.782608695652174,6.9486586373419135
identity_strict,no_settings,1.0,reported,30,0.6386420130729675,0.018136346712708473,0.6477207541465759,0.0,0.9795386158475426,0.06820443132155991,14.361803138997853,0.1736424735962448,12.041626590236197,0.27728705823111677,0.7577242791052274,30,0.13221153846153846,8437,0.10323574730354391,1.533623404995652,92,0.782608695652174,11.507009898314248
identity_strict,no_settings,1.0,reported,50,0.6386420130729675,0.018136346712708473,0.6477207541465759,0.0,0.9769307923771314,0.02577551062337289,37.90151072666873,0.3567242894813947,24.737845531907766,0.5123133423614424,0.8621036625060214,50,0.08533653846153846,8437,0.014578641697285765,0.5594299100732106,92,0.782608695652174,30.60521140118804
identity_strict,no_settings,1.0,reported,80,0.6386420130729675,0.018136346712708473,0.6477207541465759,0.0,0.9759277833500501,0.013536398883511245,72.09655919188616,0.5133481059406986,35.599275191830635,0.6664946945600622,0.9222083973245996,80,0.08533653846153846,8437,0.014578641697285765,1.079105277639548,92,0.782608695652174,58.71616548553917
identity_strict,no_settings,1.0,pessimistic,8,0.6386420130729675,0.018136346712708473,0.6477207541465759,0.0,0.9829488465396189,0.41511427573515386,2.367899405046595,0.03348504107042793,2.3220952372883956,0.037931501313758983,0.39450071735575076,8,0.5997596153846154,8437,0.5411876259333886,1.3138394454466404,92,1.0,2.409892317923901
identity_strict,no_settings,1.0,pessimistic,12,0.6386420130729675,0.018136346712708473,0.6477207541465759,0.0,0.9797392176529589,0.2671178799627837,3.6678159387513163,0.050931236573716815,3.5319407740396405,0.07137030228677406,0.5231664531700233,12,0.45913461538461536,8437,0.46153846153846156,1.7603796176274253,92,1.0,3.7464418486988276
identity_strict,no_settings,1.0,pessimistic,20,0.6386420130729675,0.018136346712708473,0.6477207541465759,0.0,0.9797392176529589,0.11280821576057128,8.684998792396442,0.11274498487961403,7.818553719747853,0.1810376133169616,0.6809194704975848,20,0.21153846153846154,8437,0.29015052743866304,2.6790084295482903,92,0.782608695652174,6.9486586373419135
identity_strict,no_settings,1.0,pessimistic,30,0.6386420130729675,0.018136346712708473,0.6477207541465759,0.0,0.9795386158475426,0.06820443132155991,14.361803138997853,0.1736424735962448,12.041626590236197,0.27728705823111677,0.7577242791052274,30,0.13221153846153846,8437,0.10323574730354391,1.533623404995652,92,0.782608695652174,11.507009898314248
identity_strict,no_settings,1.0,pessimistic,50,0.6386420130729675,0.018136346712708473,0.6477207541465759,0.0,0.9769307923771314,0.02577551062337289,37.90151072666873,0.3567242894813947,24.737845531907766,0.5123133423614424,0.8621036625060214,50,0.08533653846153846,8437,0.014578641697285765,0.5594299100732106,92,0.782608695652174,30.60521140118804
identity_strict,no_settings,1.0,pessimistic,80,0.6386420130729675,0.018136346712708473,0.6477207541465759,0.0,0.9759277833500501,0.013536398883511245,72.09655919188616,0.5133481059406986,35.599275191830635,0.6664946945600622,0.9222083973245996,80,0.08533653846153846,8437,0.014578641697285765,1.079105277639548,92,0.782608695652174,58.71616548553917
identity_soft,equal,0.0,optimistic,8,0.6287712454795837,0.09620697051286697,0.6365633010864258,0.20730875432491302,0.9831494483450351,0.42337347488047056,2.322180076639435,0.032859757691972455,2.2787335596959095,0.03671091609379847,0.38448149322613573,8,0.5925480769230769,8437,0.4535972502074197,1.0733335663142989,92,1.0,2.3628499680901247
identity_soft,equal,0.0,optimistic,12,0.6287712454795837,0.09620697051286697,0.6365633010864258,0.20730875432491302,0.9157472417251755,0.19654193730170144,4.659296912899861,0.0638202687022047,4.425759600657443,0.09492243154874994,0.5365907330396915,12,0.28365384615384615,8437,0.2970250088894157,1.5311317106289632,92,0.8913043478260869,4.539266105262611
identity_soft,equal,0.0,optimistic,20,0.6287712454795837,0.09620697051286697,0.6365633010864258,0.20730875432491302,0.9079237713139419,0.16818065750738895,5.398502924000357,0.07320426350946997,5.07651375690466,0.11177934804781835,0.6082163362155586,20,0.28365384615384615,8437,0.2722531705582553,1.6446558431036604,92,0.8478260869565217,5.046671336928219
identity_soft,equal,0.0,optimistic,30,0.6287712454795837,0.09620697051286697,0.6365633010864258,0.20730875432491302,0.887061183550652,0.12682302596628814,6.99448051165763,0.092836748404434,6.437972432581588,0.14578060220140535,0.674777252725498,30,0.2548076923076923,8437,0.26514163802299395,2.1501884810107215,92,0.782608695652174,6.1795027888253475
identity_soft,equal,0.0,optimistic,50,0.6287712454795837,0.09620697051286697,0.6365633010864258,0.20730875432491302,0.8218655967903711,0.07997687189436209,10.276290849133696,0.13070248197537165,9.063856611626495,0.20577457937805288,0.7399509987328431,50,0.20552884615384615,8437,0.2433329382481925,3.208970023951417,92,0.782608695652174,9.80871293021113
identity_soft,equal,0.0,optimistic,80,0.6287712454795837,0.09620697051286697,0.6365633010864258,0.20730875432491302,0.7378134403209629,0.027295860714799346,27.030231727440384,0.2834026814609339,19.6531942568343,0.3969426875703619,0.8294591532752659,80,0.09254807692307693,8437,0.12208130852198648,4.905011451975155,92,0.782608695652174,28.88723356137276
identity_soft,equal,0.0,reported,8,0.7966486215591431,0.12309665977954865,0.8065035343170166,0.20730875432491302,0.9929789368104313,0.49736580268908254,1.9964760975558478,0.02838172560891702,1.968194386379173,0.027930287808722885,0.3028849614047213,8,0.6129807692307693,8437,0.4898660661372526,0.9845441237543594,92,1.0,2.011141551432991
identity_soft,equal,0.0,reported,12,0.7966486215591431,0.12309665977954865,0.8065035343170166,0.20730875432491302,0.9767301905717152,0.3560319449621527,2.7433779591759517,0.03858987263519136,2.6761012257763515,0.04782909414010004,0.43074476624082136,12,0.47596153846153844,8437,0.4245584923551025,1.1983295262465752,92,1.0,2.8101095601095603
identity_soft,equal,0.0,reported,20,0.7966486215591431,0.12309665977954865,0.8065035343170166,0.20730875432491302,0.9067201604814443,0.1633172982380962,5.551892973147031,0.0751279835117346,5.20991843291326,0.11519326292917063,0.6159096301978766,20,0.2668269230769231,8437,0.2807870096005689,1.7512571154954375,92,0.8913043478260869,5.464079688495264
identity_soft,equal,0.0,reported,30,0.7966486215591431,0.12309665977954865,0.8065035343170166,0.20730875432491302,0.874222668004012,0.14228481029376802,6.144174253028487,0.08248164130517072,5.7198743174788955,0.12775398304527585,0.661308726289582,30,0.2668269230769231,8437,0.26490458693848523,1.9034428285448228,92,0.782608695652174,5.506990689260585
identity_soft,equal,0.0,reported,50,0.7966486215591431,0.12309665977954865,0.8065035343170166,0.20730875432491302,0.8324974924774323,0.11150212350056206,7.466203031310304,0.0984812529663028,6.82940325485236,0.15431754044830615,0.7253996459200988,50,0.2439903846153846,8437,0.24712575560033187,2.286964581989825,92,0.782608695652174,7.030207060086182
identity_soft,equal,0.0,reported,80,0.7966486215591431,0.12309665977954865,0.8065035343170166,0.20730875432491302,0.7512537612838516,0.036054016453827435,20.836895169389642,0.23363902925946722,16.20222223849163,0.34195281510732156,0.8175393262643998,80,0.12379807692307693,8437,0.20078226857887874,6.29978541168823,92,0.782608695652174,21.82864324470585
identity_soft,equal,0.0,pessimistic,8,0.8360799551010132,0.25892511010169983,0.8445243835449219,0.20730875432491302,0.9749247743229689,0.4872986196512587,2.0006721443633184,0.028439679790271993,1.972213349002581,0.028029719364302347,0.3031853689524643,8,0.6045673076923077,8437,0.4637904468412943,0.9505937571091152,92,1.0,2.0527130942049947
identity_soft,equal,0.0,pessimistic,12,0.8360799551010132,0.25892511010169983,0.8445243835449219,0.20730875432491302,0.9713139418254765,0.4728171382784824,2.054312044106546,0.02917992479028059,2.0235472979540297,0.029484060947447124,0.3211708827317134,12,0.5925480769230769,8437,0.4637904468412943,0.9804334298276777,92,1.0,2.115619681743084
identity_soft,equal,0.0,pessimistic,20,0.8360799551010132,0.25892511010169983,0.8445243835449219,0.20730875432491302,0.9346038114343029,0.3095908262427688,3.018835612077936,0.0423007081895769,2.933437435968701,0.0548602314943628,0.48138696786054297,20,0.4831730769230769,8437,0.3930306981154439,1.2782643976470514,92,1.0,3.2320166241258574
identity_soft,equal,0.0,pessimistic,30,0.8360799551010132,0.25892511010169983,0.8445243835449219,0.20730875432491302,0.8956870611835507,0.23654945100099498,3.7864685688058657,0.052492358335292734,3.6402002622020775,0.07394339919100766,0.5532864543738283,30,0.4026442307692308,8437,0.36754770653075736,1.5759484171652112,92,1.0,4.231134243444344
identity_soft,equal,0.0,pessimistic,50,0.8360799551010132,0.25892511010169983,0.8445243835449219,0.20730875432491302,0.8427281845536609,0.1367346519484255,6.16323786651775,0.08271638969835395,5.7361534710455695,0.1277385053480168,0.6438373097867954,50,0.265625,8437,0.24985184307218206,1.8664824142846337,92,1.0,7.325927519088074
identity_soft,equal,0.0,pessimistic,80,0.8360799551010132,0.25892511010169983,0.8445243835449219,0.20730875432491302,0.7648946840521564,0.07820117342850685,9.7811151740765,0.125192894901008,8.681781944974695,0.19522292706288086,0.7048716738363493,80,0.19831730769230768,8437,0.22579115799454783,3.0326420320740684,92,0.9130434782608695,11.709335712414877
identity_soft,equal,0.25,optimistic,8,0.5964475274085999,0.07688861340284348,0.6040492057800293,0.20778439939022064,0.9827482447342026,0.41616795465952083,2.3614221944075866,0.0333965042401767,2.3159554523193826,0.03775847097113459,0.3954792960848706,8,0.5853365384615384,8437,0.49282920469361147,1.1897724500335312,92,1.0,2.4037868469523853
identity_soft,equal,0.25,optimistic,12,0.5964475274085999,0.07688861340284348,0.6040492057800293,0.20778439939022064,0.9827482447342026,0.307260405446258,3.1984213628400364,0.0447046155530816,3.1001417809905907,0.05957696467819756,0.48857219688661335,12,0.47596153846153844,8437,0.4417446959819841,1.4538458509579812,92,1.0,3.2565514603948564
identity_soft,equal,0.25,optimistic,20,0.5964475274085999,0.07688861340284348,0.6040492057800293,0.20778439939022064,0.9364092276830491,0.14532257543783442,6.443659733264382,0.08615566342444768,5.974657617488036,0.13494689547837557,0.6460421583079189,20,0.2668269230769231,8437,0.25577812018489987,1.7947084596413772,92,0.782608695652174,5.3917071115945845
identity_soft,equal,0.25,optimistic,30,0.5964475274085999,0.07688861340284348,0.6040492057800293,0.20778439939022064,0.889468405215647,0.12294290469048548,7.234808771233487,0.09572125555891368,6.638005047481289,0.15072838136062158,0.6872870643434853,30,0.25600961538461536,8437,0.24345146379044685,2.0307423728349385,92,0.782608695652174,6.374865872019032
identity_soft,equal,0.25,optimistic,50,0.5964475274085999,0.07688861340284348,0.6040492057800293,0.20778439939022064,0.8688064192577734,0.052584154899607,16.522209416819337,0.19467793410347461,13.500377754831446,0.30162734842999095,0.7964043501003014,50,0.13701923076923078,8437,0.216190589071945,4.463989050042969,92,0.782608695652174,14.938993011900237
identity_soft,equal,0.25,optimistic,80,0.5964475274085999,0.07688861340284348,0.6040492057800293,0.20778439939022064,0.7993981945837513,0.019632474443149767,40.71815791221774,0.3733370807569796,25.889896784225638,0.4991257306896324,0.8753157755454077,80,0.08052884615384616,8437,0.11781438900082968,6.873864493566581,92,0.782608695652174,40.28583819016893
identity_soft,equal,0.25,reported,8,0.7536267638206482,0.09746427834033966,0.763227105140686,0.20778439939022064,0.9538615847542627,0.3776719859352941,2.525634996178102,0.03563612926434438,2.471267270244091,0.04207344600805553,0.40797036063820485,8,0.5036057692307693,8437,0.467346213108925,1.2449452083197439,92,1.0,2.6489792744099234
identity_soft,equal,0.25,reported,12,0.7536267638206482,0.09746427834033966,0.763227105140686,0.20778439939022064,0.9538615847542627,0.3152730613335055,3.0255093179218338,0.04239025781835039,2.939647455721656,0.05508086848865536,0.48195894374106635,12,0.4879807692307692,8437,0.4358184188692663,1.395904466082192,92,1.0,3.1737153505706965
identity_soft,equal,0.25,reported,20,0.7536267638206482,0.09746427834033966,0.763227105140686,0.20778439939022064,0.9025075225677031,0.16363721746582882,5.515294971061013,0.07466972050720308,5.178139157564308,0.1143368346556468,0.6146578582827316,20,0.2668269230769231,8437,0.2807870096005689,1.7476813807136862,92,0.8913043478260869,5.453381395199904
identity_soft,equal,0.25,reported,30,0.7536267638206482,0.09746427834033966,0.763227105140686,0.20778439939022064,0.8946840521564694,0.14081142082292616,6.3537747643464,0.08505606834998855,5.898403732059707,0.13249678383301844,0.6750432216776362,30,0.2668269230769231,8437,0.26490458693848523,1.9243328025272348,92,0.782608695652174,5.56470005227847
identity_soft,equal,0.25,reported,50,0.7536267638206482,0.09746427834033966,0.763227105140686,0.20778439939022064,0.8573721163490471,0.11273483979090784,7.605209870695136,0.10013119670134007,6.943822301878928,0.15756452099410256,0.7369620135397202,50,0.25,8437,0.24878511319189286,2.2765780259624635,92,0.782608695652174,6.953189819613643
identity_soft,equal,0.25,reported,80,0.7536267638206482,0.09746427834033966,0.763227105140686,0.20778439939022064,0.8190571715145436,0.023210286723939058,35.288541725327725,0.3405053790342757,23.61310882861243,0.47024009521224314,0.8714731102188178,80,0.09735576923076923,8437,0.13511911816996564,6.633653940722098,92,0.782608695652174,34.01880950795659
identity_soft,equal,0.25,pessimistic,8,0.8042318820953369,0.20238956809043884,0.8130374550819397,0.20778439939022064,0.9823470411233701,0.3645288822491789,2.6948400770391436,0.03793301109252029,2.6305496895967693,0.0465704598467981,0.41428587562738617,8,0.484375,8437,0.39208249377740906,1.077655231054378,92,1.0,2.744559130427776
identity_soft,equal,0.25,pessimistic,12,0.8042318820953369,0.20238956809043884,0.8130374550819397,0.20778439939022064,0.9737211634904714,0.24839233250467405,3.9200934814368664,0.05424433418264718,3.7616949547852356,0.07756430872407089,0.5294135517210765,12,0.40625,8437,0.3686144364110466,1.5024655697257616,92,1.0,4.029182142941636
identity_soft,equal,0.25,pessimistic,20,0.8042318820953369,0.20238956809043884,0.8130374550819397,0.20778439939022064,0.9705115346038115,0.23954612560204983,4.0514599522936585,0.05596039512341824,3.880699047660018,0.08075308929989262,0.5658305762715493,20,0.40625,8437,0.3680218086997748,1.5575407072118426,92,1.0,4.178143859476964
identity_soft,equal,0.25,pessimistic,30,0.8042318820953369,0.20238956809043884,0.8130374550819397,0.20778439939022064,0.923370110330993,0.15308575302822627,6.031718119195195,0.08109441341766353,5.62367388983603,0.1259211245370365,0.6394892084489725,30,0.265625,8437,0.25388171150883015,1.6866261158406317,92,1.0,6.542061998233012
identity_soft,equal,0.25,pessimistic,50,0.8042318820953369,0.20238956809043884,0.8130374550819397,0.20778439939022064,0.8832497492477432,0.11638896308014711,7.588775824384008,0.09993644741023197,6.930316975712648,0.15773456576793113,0.7091176961956687,50,0.25961538461538464,8437,0.25388171150883015,2.248774872974303,92,1.0,8.60953416070571
identity_soft,equal,0.25,pessimistic,80,0.8042318820953369,0.20238956809043884,0.8130374550819397,0.20778439939022064,0.8417251755265798,0.054089829797100766,15.561616272116584,0.1854585635359116,12.861039835528686,0.2870997122573693,0.8025871071701245,80,0.15985576923076922,8437,0.2389474931847813,4.837387397214405,92,1.0,18.57550308120194
identity_soft,equal,0.5,optimistic,8,0.564123809337616,0.05757025629281998,0.5715352296829224,0.20826001465320587,0.9885656970912738,0.3107472315246646,3.181253433026352,0.04447533009034051,3.084241466581816,0.059154975108758355,0.4491065884991158,8,0.4423076923076923,8437,0.472679862510371,1.5415041039168,92,1.0,3.219978635508541
identity_soft,equal,0.5,optimistic,12,0.564123809337616,0.05757025629281998,0.5715352296829224,0.20826001465320587,0.954864593781344,0.19679728567613022,4.852021157206238,0.0662851095236106,4.596689512913558,0.09968484249910961,0.5533470109803966,12,0.29086538461538464,8437,0.3227450515586109,1.6670779328066452,92,1.0,5.086978598844069
identity_soft,equal,0.5,optimistic,20,0.564123809337616,0.05757025629281998,0.5715352296829224,0.20826001465320587,0.954864593781344,0.1430185699904024,6.676507769903044,0.08899192342207599,6.171344425139012,0.14012528075475733,0.643223417062246,20,0.23076923076923078,8437,0.2658527912765201,1.900311291139388,92,1.0,7.003433670532116
identity_soft,equal,0.5,optimistic,30,0.564123809337616,0.05757025629281998,0.5715352296829224,0.20826001465320587,0.954864593781344,0.10980567108194335,8.695949711638926,0.11287109930759746,7.827299407470253,0.18074900977219563,0.7183707641785834,30,0.2283653846153846,8437,0.2631267038046699,2.484376062173019,92,1.0,9.126982851018221
identity_soft,equal,0.5,optimistic,50,0.564123809337616,0.05757025629281998,0.5715352296829224,0.20826001465320587,0.9340020060180542,0.0383169313582479,24.375699538293162,0.26288747106318106,18.230521002338502,0.3967151510033393,0.8394424800677653,50,0.11177884615384616,8437,0.18572952471257556,5.371961359187528,92,0.782608695652174,20.532341623996597
identity_soft,equal,0.5,optimistic,80,0.564123809337616,0.05757025629281998,0.5715352296829224,0.20826001465320587,0.8954864593781344,0.014466806178843654,61.89938873223444,0.4752475247524752,32.95710497830124,0.6136697786726648,0.9141325369549352,80,0.07932692307692307,8437,0.08581249259215361,6.780799087649287,92,0.782608695652174,54.88395950264522
identity_soft,equal,0.5,reported,8,0.710604727268219,0.07183191180229187,0.7199507355690002,0.20826001465320587,0.98716148445336,0.315231970790494,3.131539868808029,0.04381076172500979,3.038155483508322,0.057881663928862084,0.4489237836418983,8,0.45552884615384615,8437,0.42657342657342656,1.3654508375521053,92,1.0,3.174129399595568
identity_soft,equal,0.5,reported,12,0.710604727268219,0.07183191180229187,0.7199507355690002,0.20826001465320587,0.9574724172517552,0.22446296127803328,4.265614299126049,0.05874461538461538,4.073777043129388,0.08585734158869103,0.5536440558003642,12,0.37259615384615385,8437,0.35225791157994546,1.5923562385186696,92,0.782608695652174,3.4889260035907053
identity_soft,equal,0.5,reported,20,0.710604727268219,0.07183191180229187,0.7199507355690002,0.20826001465320587,0.9414242728184554,0.19554402411427868,4.814385287827941,0.06580478707741493,4.563380476131199,0.09871604211603591,0.615993975697653,20,0.3473557692307692,8437,0.34324997036861443,1.789684921137663,92,0.782608695652174,4.005460261214506
identity_soft,equal,0.5,reported,30,0.710604727268219,0.07183191180229187,0.7199507355690002,0.20826001465320587,0.9414242728184554,0.12588381355459613,7.47851726314406,0.09862766113948258,6.839556257828399,0.15653053890611462,0.6984132837698828,30,0.2644230769230769,8437,0.23183596064951997,1.8818845455821225,92,0.782608695652174,6.225685256302206
identity_soft,equal,0.5,reported,50,0.710604727268219,0.07183191180229187,0.7199507355690002,0.20826001465320587,0.920160481444333,0.06326182600503065,14.545272236864628,0.17547148158065873,12.168463249048624,0.27723102401703925,0.8094701860930527,50,0.19831730769230768,8437,0.1767215835012445,2.9267800147681062,92,0.782608695652174,12.409058342070006
identity_soft,equal,0.5,reported,80,0.710604727268219,0.07183191180229187,0.7199507355690002,0.20826001465320587,0.9049147442326981,0.017187587133963976,52.649318207354305,0.4351307031928234,30.17511405635833,0.5794861492313504,0.9073207879290324,80,0.07451923076923077,8437,0.10145786416972857,6.742362071826478,92,0.782608695652174,46.0877232545553
identity_soft,equal,0.5,pessimistic,8,0.7723838090896606,0.14585398137569427,0.7815506458282471,0.20826001465320587,0.9971915747241725,0.2642209966804711,3.7740814971268186,0.05232962081815694,3.6289148642635065,0.07406815171358526,0.49549942577981654,8,0.3786057692307692,8437,0.39208249377740906,1.5023792716069286,92,1.0,3.787559351058033
identity_soft,equal,0.5,pessimistic,12,0.7723838090896606,0.14585398137569427,0.7815506458282471,0.20826001465320587,0.9863590772316951,0.24292435524535458,4.060354822123408,0.056076365129328044,3.8887412476927152,0.08104224625015292,0.5337724007371333,12,0.3786057692307692,8437,0.3865117932914543,1.6153223606284393,92,1.0,4.119975808890233
identity_soft,equal,0.5,pessimistic,20,0.7723838090896606,0.14585398137569427,0.7815506458282471,0.20826001465320587,0.9526579739217653,0.14125461167969336,6.744261037522774,0.08981390422876163,6.228346526833697,0.14152640387124507,0.6503599343253289,20,0.25600961538461536,8437,0.26763067441033545,1.9387105607059192,92,1.0,7.091058603101905
identity_soft,equal,0.5,pessimistic,30,0.7723838090896606,0.14585398137569427,0.7815506458282471,0.20826001465320587,0.9526579739217653,0.11787702774492165,8.081795004055042,0.10574246843757654,7.332948519357363,0.16877826325585676,0.701252534153259,30,0.25600961538461536,8437,0.2669195211568093,2.339499260692631,92,1.0,8.50059895183429
identity_soft,equal,0.5,pessimistic,50,0.7723838090896606,0.14585398137569427,0.7815506458282471,0.20826001465320587,0.9518555667001003,0.05046212185694034,18.862773337169656,0.2162913665785395,14.99920968119053,0.33690372488961634,0.8188435388902546,50,0.12980769230769232,8437,0.16830627000118525,3.5455396917754283,92,0.782608695652174,15.569849384051624
identity_soft,equal,0.5,pessimistic,80,0.7723838090896606,0.14585398137569427,0.7815506458282471,0.20826001465320587,0.9370110330992979,0.02699061668099944,34.71617726166756,0.3368428643542222,23.35912353777276,0.48461068676803964,0.895041017380864,80,0.125,8437,0.16072063529690647,6.811643925082182,92,0.782608695652174,29.21650496540419
identity_soft,equal,0.75,optimistic,8,0.5318000912666321,0.03825189173221588,0.5390212535858154,0.20873568952083588,0.9925777331995987,0.2753095732160101,3.6053149972406313,0.05010683652492683,3.474770904577955,0.06986142272471427,0.4875669636194364,8,0.44350961538461536,8437,0.45750859310181347,1.690199244663857,92,1.0,3.634858978326522
identity_soft,equal,0.75,optimistic,12,0.5318000912666321,0.03825189173221588,0.5390212535858154,0.20873568952083588,0.9925777331995987,0.25675132296873304,3.8659108810920286,0.05353471966762599,3.712485145480368,0.07631399625169887,0.5364332115740711,12,0.44350961538461536,8437,0.45395282683418275,1.803231656267947,92,1.0,3.8978669352070128
identity_soft,equal,0.75,optimistic,20,0.5318000912666321,0.03825189173221588,0.5390212535858154,0.20873568952083588,0.9923771313941826,0.10765428765141132,9.218184923646865,0.11884399173593427,8.241503022496596,0.19144234441206415,0.6899628983563023,20,0.2247596153846154,8437,0.22342064714946072,2.1336113154837015,92,1.0,9.30983682728838
identity_soft,equal,0.75,optimistic,30,0.5318000912666321,0.03825189173221588,0.5390212535858154,0.20873568952083588,0.9913741223671013,0.07098097801362445,13.966757716085738,0.16967657762823593,11.766602643885786,0.27182821892634396,0.7605926219707295,30,0.16346153846153846,8437,0.12705938129666944,1.826693010599236,92,1.0,14.138261663622778
identity_soft,equal,0.75,optimistic,50,0.5318000912666321,0.03825189173221588,0.5390212535858154,0.20873568952083588,0.9881644934804413,0.031234682766332757,31.636770601222953,0.31641829393627957,21.94273591586682,0.4677182151102403,0.856620659285664,50,0.0985576923076923,8437,0.09493895934573901,3.2055429100341515,92,0.782608695652174,25.219620747809632
identity_soft,equal,0.75,optimistic,80,0.5318000912666321,0.03825189173221588,0.5390212535858154,0.20873568952083588,0.9801404212637914,0.009785419314316238,100.16335424991232,0.594403892944039,41.22027044637562,0.7352700527295091,0.9348605856974748,80,0.054086538461538464,8437,0.03579471376081546,3.9227086807919513,92,0.782608695652174,81.72023032015568
identity_soft,equal,0.75,reported,8,0.6675828099250793,0.046199530363082886,0.6766743063926697,0.20873568952083588,0.99358074222668,0.45416790182882266,2.187694767124172,0.031015761492363472,2.1508575095013205,0.03311248666564047,0.3858494723889857,8,0.640625,8437,0.694204100983762,1.5493103541054285,92,1.0,2.2025438414981116
identity_soft,equal,0.75,reported,12,0.6675828099250793,0.046199530363082886,0.6766743063926697,0.20873568952083588,0.9923771313941826,0.24681328163751684,4.020760652790317,0.05555992317973023,3.8529274229769346,0.08010492294671605,0.5160998523400764,12,0.36658653846153844,8437,0.36683655327723125,1.504873623759383,92,1.0,4.0549880952380954
identity_soft,equal,0.75,reported,20,0.6675828099250793,0.046199530363082886,0.6766743063926697,0.20873568952083588,0.9915747241725176,0.14267517045237751,6.949875868580006,0.09229936139223961,6.400706125546973,0.14635597138472745,0.6527439262194795,20,0.2980769230769231,8437,0.249496266445419,1.782589825761948,92,0.782608695652174,5.4919011785234115
identity_soft,equal,0.75,reported,30,0.6675828099250793,0.046199530363082886,0.6766743063926697,0.20873568952083588,0.9883650952858576,0.07498143587967515,13.181463967586794,0.1616788081643368,11.211979391610546,0.25954562832358197,0.7539411486025832,30,0.18028846153846154,8437,0.1626170439729762,2.2350947536329553,92,0.782608695652174,10.46403891283014
identity_soft,equal,0.75,reported,50,0.6675828099250793,0.046199530363082886,0.6766743063926697,0.20873568952083588,0.9883650952858576,0.04593335700931288,21.51737124472459,0.23944209554356807,16.604648878842386,0.37088862164954534,0.8304454317544296,50,0.12740384615384615,8437,0.12172573189522343,2.765936937684023,92,0.782608695652174,17.112042066012826
identity_soft,equal,0.75,reported,80,0.6675828099250793,0.046199530363082886,0.6766743063926697,0.20873568952083588,0.9883650952858576,0.012532615618515399,78.86343325057139,0.5357181689681418,37.15057736000216,0.6890079649279094,0.9278743298807767,80,0.0673076923076923,8437,0.04148393978902454,3.5163353595556988,92,0.782608695652174,63.499616794746984
identity_soft,equal,0.75,pessimistic,8,0.7405357360839844,0.0893184170126915,0.7500637769699097,0.20873568952083588,0.9929789368104313,0.39070649318630746,2.5414958648689048,0.03585189906422922,2.486230310713698,0.04255427169754426,0.41731086538148787,8,0.5685096153846154,8437,0.5565959464264549,1.4401143223349886,92,1.0,2.5605445551997357
identity_soft,equal,0.75,pessimistic,12,0.7405357360839844,0.0893184170126915,0.7500637769699097,0.20873568952083588,0.9929789368104313,0.38819997006260437,2.5579057531877067,0.03607503607503607,2.5017042469399535,0.042987736605696526,0.4330376398839698,12,0.5685096153846154,8437,0.5565959464264549,1.4497551227808219,92,1.0,2.5770889447084104
identity_soft,equal,0.75,pessimistic,20,0.7405357360839844,0.0893184170126915,0.7500637769699097,0.20873568952083588,0.9899699097291875,0.10208358403456301,9.697640605898084,0.12425722630677813,8.616895908795982,0.2003090475122779,0.6918414911772418,20,0.19471153846153846,8437,0.11496977598672514,1.1298532236909027,92,0.782608695652174,7.6801806823690635
identity_soft,equal,0.75,pessimistic,30,0.7405357360839844,0.0893184170126915,0.7500637769699097,0.20873568952083588,0.9807422266800401,0.0616240743621427,15.914920213106454,0.18887386517288005,13.097881583711922,0.2998149928922448,0.768774035574419,30,0.13341346153846154,8437,0.11022875429655091,1.825284017997217,92,0.782608695652174,12.739982379294009
identity_soft,equal,0.75,pessimistic,50,0.7405357360839844,0.0893184170126915,0.7500637769699097,0.20873568952083588,0.9775325977933801,0.031240552843905832,31.290502529761397,0.31404266288586713,21.777992455164036,0.4636610945343932,0.8512567199961347,50,0.09615384615384616,8437,0.08711627355695152,2.9212304652197507,92,0.782608695652174,25.21484972610176
identity_soft,equal,0.75,pessimistic,80,0.7405357360839844,0.0893184170126915,0.7500637769699097,0.20873568952083588,0.9775325977933801,0.012647082131190363,77.29313272842431,0.5307122631235025,36.803431597340484,0.6819924976146535,0.9256291968557947,80,0.07091346153846154,8437,0.08652364584567974,8.032846577180049,92,0.782608695652174,62.91512657643329
identity_soft,equal,1.0,optimistic,8,0.4994763135910034,0.018933530896902084,0.5065072774887085,0.2092113196849823,0.9829488465396189,0.4053317914596241,2.4250474975080567,0.03426549464689058,2.376217540110629,0.03945313165996583,0.39848014781494023,8,0.5877403846153846,8437,0.5389356406305559,1.340838170739007,92,1.0,2.4680926606235825
identity_soft,equal,1.0,optimistic,12,0.4994763135910034,0.018933530896902084,0.5065072774887085,0.2092113196849823,0.9797392176529589,0.2639128176078847,3.712359356144012,0.05151790046623489,3.5726242968055235,0.07247467285123735,0.5259202977927349,12,0.45552884615384615,8437,0.46153846153846156,1.7827261086351573,92,1.0,3.791986729900029
identity_soft,equal,1.0,optimistic,20,0.4994763135910034,0.018933530896902084,0.5065072774887085,0.2092113196849823,0.9797392176529589,0.12048627722615354,8.131541949910046,0.10632415369543921,7.373286787542337,0.17024257725461908,0.6759228578591955,20,0.22596153846153846,8437,0.2953656512978547,2.5452508213216984,92,0.782608695652174,6.505073118044556
identity_soft,equal,1.0,optimistic,30,0.4994763135910034,0.018933530896902084,0.5065072774887085,0.2092113196849823,0.9795386158475426,0.07983011995503521,12.27028866296673,0.15220372794713546,10.554908713422856,0.24461308429349093,0.743447568720355,30,0.17067307692307693,8437,0.27106791513571177,3.6154793045039932,92,0.782608695652174,9.82679217400921
identity_soft,equal,1.0,optimistic,50,0.4994763135910034,0.018933530896902084,0.5065072774887085,0.2092113196849823,0.9771313941825477,0.028651848634179702,34.10360729802602,0.33287774208979704,23.08415324563179,0.48551725040306287,0.8549497259663448,50,0.08533653846153846,8437,0.026194144838212634,0.9122349105934665,92,0.782608695652174,27.509947503028673
identity_soft,equal,1.0,optimistic,80,0.4994763135910034,0.018933530896902084,0.5065072774887085,0.2092113196849823,0.9761283851554664,0.01481901083322816,65.87000955331831,0.49077155824508323,34.03365388146285,0.6463676532734342,0.9199673285648455,80,0.08533653846153846,8437,0.00853383904231362,0.5697353493963664,92,0.782608695652174,53.560657284377704
identity_soft,equal,1.0,reported,8,0.6245608329772949,0.0205671526491642,0.6333979368209839,0.2092113196849823,0.9929789368104313,0.3728144967435745,2.663466537604658,0.03750795623314036,2.601073307516889,0.045766719301829455,0.42838635277668363,8,0.5432692307692307,8437,0.5382244873770298,1.4601285368237946,92,0.782608695652174,2.0998140315427163
identity_soft,equal,1.0,reported,12,0.6245608329772949,0.0205671526491642,0.6333979368209839,0.2092113196849823,0.9897693079237713,0.22597744129188668,4.37994740654366,0.060224346064179084,4.17639228425325,0.08876719789735539,0.5290657985481303,12,0.3125,8437,0.37963731184070165,1.7094946219617468,92,0.782608695652174,3.465521656041235
identity_soft,equal,1.0,reported,20,0.6245608329772949,0.0205671526491642,0.6333979368209839,0.2092113196849823,0.9797392176529589,0.10359219397084332,9.457654868558077,0.12155603673560815,8.429575862658535,0.19564093265056887,0.6901392336131799,20,0.22596153846153846,8437,0.3075737821500533,3.1253446755390466,92,0.782608695652174,7.5681058201841935
identity_soft,equal,1.0,reported,30,0.6245608329772949,0.0205671526491642,0.6333979368209839,0.2092113196849823,0.9795386158475426,0.06443877655843222,15.20107407624833,0.18194351292942842,12.61728077144467,0.28960634318744505,0.7692469476579464,30,0.1778846153846154,8437,0.25518549247362804,4.281966686505519,92,0.782608695652174,12.181665736158104
identity_soft,equal,1.0,reported,50,0.6245608329772949,0.0205671526491642,0.6333979368209839,0.2092113196849823,0.9795386158475426,0.028058970799299112,34.909998048538924,0.33808765491933807,23.445446329989064,0.4917801824603427,0.8587287539927064,50,0.08533653846153846,8437,0.09588716368377385,3.6408194978702175,92,0.782608695652174,28.09563567710243
identity_soft,equal,1.0,reported,80,0.6245608329772949,0.0205671526491642,0.6333979368209839,0.2092113196849823,0.9771313941825477,0.013190064306699813,74.08086658730085,0.5201281366791244,36.069451622352375,0.6727251796044909,0.9255302603241403,80,0.07932692307692307,8437,0.01813440796491644,1.3880654854030512,92,0.782608695652174,60.28299215385523
identity_soft,equal,1.0,pessimistic,8,0.7086876630783081,0.032782845199108124,0.7185769081115723,0.2092113196849823,0.9909729187562688,0.4144626971245425,2.390982169520771,0.03380042695276151,2.3439663783072904,0.038557366932039046,0.39543331257914605,8,0.5985576923076923,8437,0.557307099679981,1.3565208353898324,92,1.0,2.4136833900226757
identity_soft,equal,1.0,pessimistic,12,0.7086876630783081,0.032782845199108124,0.7185769081115723,0.2092113196849823,0.9877632898696088,0.2679455609005873,3.686432746075935,0.05117651949779663,3.548950468266861,0.07186199050553138,0.5217595993522577,12,0.4579326923076923,8437,0.47813203745407135,1.8207023380436649,92,1.0,3.734857456140351
identity_soft,equal,1.0,pessimistic,20,0.7086876630783081,0.032782845199108124,0.7185769081115723,0.2092113196849823,0.9877632898696088,0.12150473568508208,8.129422152151415,0.10629938258279004,7.371568979205653,0.17033973380216333,0.6740519816097628,20,0.23076923076923078,8437,0.30389949034016833,2.600244611765182,92,0.782608695652174,6.45045228922102
identity_soft,equal,1.0,pessimistic,30,0.7086876630783081,0.032782845199108124,0.7185769081115723,0.2092113196849823,0.9875626880641926,0.051829849931466845,19.053936860130193,0.21800549109910547,15.118079488665268,0.34161168556222477,0.7861986596731131,30,0.13942307692307693,8437,0.19141875074078463,3.9643152570209095,92,0.782608695652174,15.157297509771299
identity_soft,equal,1.0,pessimistic,50,0.7086876630783081,0.032782845199108124,0.7185769081115723,0.2092113196849823,0.9875626880641926,0.028622498246314326,34.50302204809671,0.33546848381601363,23.26381403836723,0.48983112925271816,0.859453477619662,50,0.08533653846153846,8437,0.06672988028920232,2.4129507283942115,92,0.782608695652174,27.53836687028387
identity_soft,equal,1.0,pessimistic,80,0.7086876630783081,0.032782845199108124,0.7185769081115723,0.2092113196849823,0.9829488465396189,0.008678909691791577,113.2571810799324,0.6236477026855034,43.248247989482,0.7588661711459262,0.935880535208545,80,0.04807692307692308,8437,0.014578641697285765,1.7092814365998346,92,0.782608695652174,92.39909577273754
identity_soft,method_type,0.0,optimistic,8,0.6287712454795837,0.09620697051286697,0.6365633010864258,0.20730875432491302,0.9831494483450351,0.42337347488047056,2.322180076639435,0.032859757691972455,2.2787335596959095,0.03671091609379847,0.38448149322613573,8,0.5925480769230769,8437,0.4535972502074197,1.0733335663142989,92,1.0,2.3628499680901247
identity_soft,method_type,0.0,optimistic,12,0.6287712454795837,0.09620697051286697,0.6365633010864258,0.20730875432491302,0.9157472417251755,0.19654193730170144,4.659296912899861,0.0638202687022047,4.425759600657443,0.09492243154874994,0.5365907330396915,12,0.28365384615384615,8437,0.2970250088894157,1.5311317106289632,92,0.8913043478260869,4.539266105262611
identity_soft,method_type,0.0,optimistic,20,0.6287712454795837,0.09620697051286697,0.6365633010864258,0.20730875432491302,0.9079237713139419,0.16818065750738895,5.398502924000357,0.07320426350946997,5.07651375690466,0.11177934804781835,0.6082163362155586,20,0.28365384615384615,8437,0.2722531705582553,1.6446558431036604,92,0.8478260869565217,5.046671336928219
identity_soft,method_type,0.0,optimistic,30,0.6287712454795837,0.09620697051286697,0.6365633010864258,0.20730875432491302,0.887061183550652,0.12682302596628814,6.99448051165763,0.092836748404434,6.437972432581588,0.14578060220140535,0.674777252725498,30,0.2548076923076923,8437,0.26514163802299395,2.1501884810107215,92,0.782608695652174,6.1795027888253475
identity_soft,method_type,0.0,optimistic,50,0.6287712454795837,0.09620697051286697,0.6365633010864258,0.20730875432491302,0.8218655967903711,0.07997687189436209,10.276290849133696,0.13070248197537165,9.063856611626495,0.20577457937805288,0.7399509987328431,50,0.20552884615384615,8437,0.2433329382481925,3.208970023951417,92,0.782608695652174,9.80871293021113
identity_soft,method_type,0.0,optimistic,80,0.6287712454795837,0.09620697051286697,0.6365633010864258,0.20730875432491302,0.7378134403209629,0.027295860714799346,27.030231727440384,0.2834026814609339,19.6531942568343,0.3969426875703619,0.8294591532752659,80,0.09254807692307693,8437,0.12208130852198648,4.905011451975155,92,0.782608695652174,28.88723356137276
identity_soft,method_type,0.0,reported,8,0.7966486215591431,0.12309665977954865,0.8065035343170166,0.20730875432491302,0.9929789368104313,0.49736580268908254,1.9964760975558478,0.02838172560891702,1.968194386379173,0.027930287808722885,0.3028849614047213,8,0.6129807692307693,8437,0.4898660661372526,0.9845441237543594,92,1.0,2.011141551432991
identity_soft,method_type,0.0,reported,12,0.7966486215591431,0.12309665977954865,0.8065035343170166,0.20730875432491302,0.9767301905717152,0.3560319449621527,2.7433779591759517,0.03858987263519136,2.6761012257763515,0.04782909414010004,0.43074476624082136,12,0.47596153846153844,8437,0.4245584923551025,1.1983295262465752,92,1.0,2.8101095601095603
identity_soft,method_type,0.0,reported,20,0.7966486215591431,0.12309665977954865,0.8065035343170166,0.20730875432491302,0.9067201604814443,0.1633172982380962,5.551892973147031,0.0751279835117346,5.20991843291326,0.11519326292917063,0.6159096301978766,20,0.2668269230769231,8437,0.2807870096005689,1.7512571154954375,92,0.8913043478260869,5.464079688495264
identity_soft,method_type,0.0,reported,30,0.7966486215591431,0.12309665977954865,0.8065035343170166,0.20730875432491302,0.874222668004012,0.14228481029376802,6.144174253028487,0.08248164130517072,5.7198743174788955,0.12775398304527585,0.661308726289582,30,0.2668269230769231,8437,0.26490458693848523,1.9034428285448228,92,0.782608695652174,5.506990689260585
identity_soft,method_type,0.0,reported,50,0.7966486215591431,0.12309665977954865,0.8065035343170166,0.20730875432491302,0.8324974924774323,0.11150212350056206,7.466203031310304,0.0984812529663028,6.82940325485236,0.15431754044830615,0.7253996459200988,50,0.2439903846153846,8437,0.24712575560033187,2.286964581989825,92,0.782608695652174,7.030207060086182
identity_soft,method_type,0.0,reported,80,0.7966486215591431,0.12309665977954865,0.8065035343170166,0.20730875432491302,0.7512537612838516,0.036054016453827435,20.836895169389642,0.23363902925946722,16.20222223849163,0.34195281510732156,0.8175393262643998,80,0.12379807692307693,8437,0.20078226857887874,6.29978541168823,92,0.782608695652174,21.82864324470585
identity_soft,method_type,0.0,pessimistic,8,0.8360799551010132,0.25892511010169983,0.8445243835449219,0.20730875432491302,0.9749247743229689,0.4872986196512587,2.0006721443633184,0.028439679790271993,1.972213349002581,0.028029719364302347,0.3031853689524643,8,0.6045673076923077,8437,0.4637904468412943,0.9505937571091152,92,1.0,2.0527130942049947
identity_soft,method_type,0.0,pessimistic,12,0.8360799551010132,0.25892511010169983,0.8445243835449219,0.20730875432491302,0.9713139418254765,0.4728171382784824,2.054312044106546,0.02917992479028059,2.0235472979540297,0.029484060947447124,0.3211708827317134,12,0.5925480769230769,8437,0.4637904468412943,0.9804334298276777,92,1.0,2.115619681743084
identity_soft,method_type,0.0,pessimistic,20,0.8360799551010132,0.25892511010169983,0.8445243835449219,0.20730875432491302,0.9346038114343029,0.3095908262427688,3.018835612077936,0.0423007081895769,2.933437435968701,0.0548602314943628,0.48138696786054297,20,0.4831730769230769,8437,0.3930306981154439,1.2782643976470514,92,1.0,3.2320166241258574
identity_soft,method_type,0.0,pessimistic,30,0.8360799551010132,0.25892511010169983,0.8445243835449219,0.20730875432491302,0.8956870611835507,0.23654945100099498,3.7864685688058657,0.052492358335292734,3.6402002622020775,0.07394339919100766,0.5532864543738283,30,0.4026442307692308,8437,0.36754770653075736,1.5759484171652112,92,1.0,4.231134243444344
identity_soft,method_type,0.0,pessimistic,50,0.8360799551010132,0.25892511010169983,0.8445243835449219,0.20730875432491302,0.8427281845536609,0.1367346519484255,6.16323786651775,0.08271638969835395,5.7361534710455695,0.1277385053480168,0.6438373097867954,50,0.265625,8437,0.24985184307218206,1.8664824142846337,92,1.0,7.325927519088074
identity_soft,method_type,0.0,pessimistic,80,0.8360799551010132,0.25892511010169983,0.8445243835449219,0.20730875432491302,0.7648946840521564,0.07820117342850685,9.7811151740765,0.125192894901008,8.681781944974695,0.19522292706288086,0.7048716738363493,80,0.19831730769230768,8437,0.22579115799454783,3.0326420320740684,92,0.9130434782608695,11.709335712414877
identity_soft,method_type,0.25,optimistic,8,0.6170477271080017,0.07531487196683884,0.6249738931655884,0.16594211757183075,0.9707121364092277,0.3082553835948942,3.149051689182911,0.044044964274336684,3.054396784309146,0.05828589039210103,0.44231198570578717,8,0.46153846153846156,8437,0.4731539646793884,1.5560777605546559,92,1.0,3.246030838431776
identity_soft,method_type,0.25,optimistic,12,0.6170477271080017,0.07531487196683884,0.6249738931655884,0.16594211757183075,0.9707121364092277,0.2566427265336311,3.782348128545241,0.052438231469440835,3.6364467133520195,0.0741685305986794,0.5235257448983387,12,0.41346153846153844,8437,0.4348702145312315,1.7248730561900207,92,1.0,3.899518025392391
identity_soft,method_type,0.25,optimistic,20,0.6170477271080017,0.07531487196683884,0.6249738931655884,0.16594211757183075,0.921765295887663,0.1586975471880861,5.808314698116914,0.07832608880934118,5.431698214048948,0.12101859535766904,0.6222198595885468,20,0.2608173076923077,8437,0.30295128600213345,1.954086958983439,92,0.8913043478260869,5.623382893461026
identity_soft,method_type,0.25,optimistic,30,0.6170477271080017,0.07531487196683884,0.6249738931655884,0.16594211757183075,0.9039117352056169,0.1358042446530931,6.655990300705445,0.08874271309279975,6.154062376194283,0.13900688535343467,0.6830036201740655,30,0.2548076923076923,8437,0.265497214649757,2.003584408370051,92,0.782608695652174,5.770193326645046
identity_soft,method_type,0.25,optimistic,50,0.6170477271080017,0.07531487196683884,0.6249738931655884,0.16594211757183075,0.8680040120361083,0.04890948633886197,17.747150440760592,0.20613596303177553,14.294960456616383,0.31724153448065273,0.802235022541513,50,0.14182692307692307,8437,0.2138200782268579,4.781080260615813,92,0.782608695652174,16.066260324514698
identity_soft,method_type,0.25,optimistic,80,0.6170477271080017,0.07531487196683884,0.6249738931655884,0.16594211757183075,0.8036108324974924,0.019556163434699788,41.0924584047806,0.37548036367044707,26.038527542511307,0.5020298736765301,0.8790158099789704,80,0.08173076923076923,8437,0.11781438900082968,6.9053904199791285,92,0.782608695652174,40.44475668401575
identity_soft,method_type,0.25,reported,8,0.7491204142570496,0.09555967897176743,0.7586827874183655,0.16594211757183075,0.9618856569709128,0.3018481939238827,3.186653676693763,0.044547464650030656,3.0892437993293873,0.05921985545557253,0.46220549934445326,8,0.46153846153846156,8437,0.437359250918573,1.4656450913206653,92,1.0,3.3149945012700606
identity_soft,method_type,0.25,reported,12,0.7491204142570496,0.09555967897176743,0.7586827874183655,0.16594211757183075,0.9538615847542627,0.27564710267646186,3.4604448060310236,0.04819045109505326,3.341874860933908,0.06610725824975998,0.517490952904314,12,0.44591346153846156,8437,0.41602465331278893,1.5290376264280428,92,1.0,3.6304037346521145
identity_soft,method_type,0.25,reported,20,0.7491204142570496,0.09555967897176743,0.7586827874183655,0.16594211757183075,0.9025075225677031,0.15725644314389614,5.739081366236113,0.07746478873239436,5.371969429415005,0.11929054537685078,0.6214855249415889,20,0.2608173076923077,8437,0.2817352139386038,1.8283130830091723,92,0.8913043478260869,5.674994778252499
identity_soft,method_type,0.25,reported,30,0.7491204142570496,0.09555967897176743,0.7586827874183655,0.16594211757183075,0.8946840521564694,0.13912083848188053,6.430985191862508,0.08600077130736598,5.963916276403448,0.13413599323775394,0.67465064865035,30,0.2608173076923077,8437,0.26893445537513333,1.9800121252646088,92,0.8913043478260869,6.416061449177351
identity_soft,method_type,0.25,reported,50,0.7491204142570496,0.09555967897176743,0.7586827874183655,0.16594211757183075,0.8575727181544633,0.11048073000284699,7.762192720236049,0.1019872605386836,7.072535209464546,0.16066098719285707,0.7386334303683276,50,0.2439903846153846,8437,0.25281498162854094,2.365705742365085,92,0.8913043478260869,8.082939181367783
identity_soft,method_type,0.25,reported,80,0.7491204142570496,0.09555967897176743,0.7586827874183655,0.16594211757183075,0.7989969909729188,0.02113227926307046,37.80931441546863,0.3561656085129214,24.69910254773979,0.4823759865635357,0.8705655272205367,80,0.08173076923076923,8437,0.121251629726206,6.52238368393158,92,0.782608695652174,37.3977821695213
identity_soft,method_type,0.25,pessimistic,8,0.7829897999763489,0.19804596900939941,0.7915482521057129,0.16594211757183075,0.966900702106319,0.4076798224888542,2.3717158632072195,0.033537200548284525,2.325712353207576,0.03801185756081735,0.3670763264508017,8,0.49038461538461536,8437,0.4573900675595591,1.125418960829112,92,1.0,2.453868265026043
identity_soft,method_type,0.25,pessimistic,12,0.7829897999763489,0.19804596900939941,0.7915482521057129,0.16594211757183075,0.9506519558676028,0.2567718682402388,3.7023212954861613,0.05138575641915336,3.5634604716300182,0.0721129739660926,0.5177113577816717,12,0.4254807692307692,8437,0.39208249377740906,1.5476771390925645,92,1.0,3.8975547240625676
identity_soft,method_type,0.25,pessimistic,20,0.7829897999763489,0.19804596900939941,0.7915482521057129,0.16594211757183075,0.9446339017051153,0.20886323012758615,4.5227391203711464,0.06206587497199193,4.304097234567246,0.09190351823015178,0.5844103339887448,20,0.36778846153846156,8437,0.367429180988503,1.7937639752545305,92,1.0,4.792725481919234
identity_soft,method_type,0.25,pessimistic,30,0.7829897999763489,0.19804596900939941,0.7915482521057129,0.16594211757183075,0.9430290872617854,0.20207742045311128,4.66667223456863,0.0639148346045601,4.432317485147043,0.09527952277931517,0.6116447858179762,30,0.36778846153846156,8437,0.3673106554462487,1.8562117797105266,92,1.0,4.953881730125949
identity_soft,method_type,0.25,pessimistic,50,0.7829897999763489,0.19804596900939941,0.7915482521057129,0.16594211757183075,0.8641925777331996,0.12280789290630476,7.036946545386362,0.0933477789815818,6.473410993544012,0.1462736830634626,0.6878570899835897,50,0.24759615384615385,8437,0.25198530283276044,2.108172134994779,92,1.0,8.158538922155689
identity_soft,method_type,0.25,pessimistic,80,0.7829897999763489,0.19804596900939941,0.7915482521057129,0.16594211757183075,0.8154463390170511,0.047309890200199,17.236276295852008,0.20139714625445898,13.966336584068495,0.30698828646678955,0.8057805151849535,80,0.1502403846153846,8437,0.21796847220576035,5.071796648017984,92,0.9130434782608695,19.395070565746124
identity_soft,method_type,0.5,optimistic,8,0.6053242087364197,0.05442278832197189,0.613384485244751,0.12457550317049026,0.9945837512537613,0.37369500837953573,2.661485245860262,0.03748110069549441,2.599210950056095,0.04571746905780716,0.42522199782715325,8,0.5432692307692307,8437,0.5226976413417092,1.4130340087149755,92,1.0,2.6771909140925882
identity_soft,method_type,0.5,optimistic,12,0.6053242087364197,0.05442278832197189,0.613384485244751,0.12457550317049026,0.9945837512537613,0.23082612536724673,4.308800616357305,0.059304091958422546,4.112575200332766,0.08708670511222245,0.542613796120588,12,0.3605769230769231,8437,0.2875429655090672,1.2535332570823523,92,1.0,4.336167937570812
identity_soft,method_type,0.5,optimistic,20,0.6053242087364197,0.05442278832197189,0.613384485244751,0.12457550317049026,0.9929789368104313,0.13986340329487454,7.099633738476462,0.09410109689561431,6.5256515130243296,0.1495055115963456,0.6693218352782099,20,0.30649038461538464,8437,0.24831101102287542,1.8110385196148844,92,1.0,7.161729147831207
identity_soft,method_type,0.5,optimistic,30,0.6053242087364197,0.05442278832197189,0.613384485244751,0.12457550317049026,0.9592778335005016,0.08367502076539941,11.464327402918004,0.1436424258808687,9.96120602955121,0.23056876535860454,0.7417984974687488,30,0.17668269230769232,8437,0.17423254711390304,2.141090475229299,92,0.782608695652174,9.374103854286593
identity_soft,method_type,0.5,optimistic,50,0.6053242087364197,0.05442278832197189,0.613384485244751,0.12457550317049026,0.9195586760280843,0.04891829145522158,18.797849407104135,0.21570749611782974,14.9587198752155,0.3338826636850663,0.8233971619708329,50,0.1658653846153846,8437,0.1461419935996207,3.1462475561306444,92,0.782608695652174,16.063355908668143
identity_soft,method_type,0.5,optimistic,80,0.6053242087364197,0.05442278832197189,0.613384485244751,0.12457550317049026,0.8826479438314945,0.014842491143520462,59.46764160387034,0.46526382573754893,32.264762989401746,0.6018139733802387,0.9075609200152898,80,0.06850961538461539,8437,0.07407846390897238,5.553778771861437,92,0.782608695652174,53.47470236797349
identity_soft,method_type,0.5,reported,8,0.701592206954956,0.06802268326282501,0.7108620405197144,0.12457550317049026,0.9839518555667001,0.24575666767436333,4.003764637916041,0.05533806423953879,3.837542117422588,0.07965324106978768,0.5099366824190952,8,0.36899038461538464,8437,0.3622140571293114,1.4918230157492292,92,1.0,4.072441415590626
identity_soft,method_type,0.5,reported,12,0.701592206954956,0.06802268326282501,0.7108620405197144,0.12457550317049026,0.9831494483450351,0.19826187003061246,4.9588428082173985,0.06764571917571877,4.69104403935191,0.10236026694047873,0.5783876000575802,12,0.3269230769230769,8437,0.32404883252340877,1.661210222443272,92,1.0,5.049349224702778
identity_soft,method_type,0.5,reported,20,0.701592206954956,0.06802268326282501,0.7108620405197144,0.12457550317049026,0.9823470411233701,0.17342850685771813,5.664276645876297,0.07653236645516207,5.307308516365838,0.11841410424865194,0.6393397174918307,20,0.3076923076923077,8437,0.304136541424677,1.7878857308589977,92,1.0,5.773496957472414
identity_soft,method_type,0.5,reported,30,0.701592206954956,0.06802268326282501,0.7108620405197144,0.12457550317049026,0.9334002006018054,0.08630481551813707,10.815157821705212,0.13661988372775852,9.474212101334244,0.21869652325570094,0.7357218269852751,30,0.17548076923076922,8437,0.15325352613488208,1.8114030358189317,92,0.782608695652174,9.087764337242964
identity_soft,method_type,0.5,reported,50,0.701592206954956,0.06802268326282501,0.7108620405197144,0.12457550317049026,0.9171514543630893,0.06567442788756453,13.965122862330288,0.16966008609173222,11.765459001317444,0.2685473373519026,0.8006185782500675,50,0.17548076923076922,8437,0.14045276757141165,2.2022935629287543,92,0.782608695652174,11.951730241407274
identity_soft,method_type,0.5,reported,80,0.701592206954956,0.06802268326282501,0.7108620405197144,0.12457550317049026,0.8537612838515547,0.023920566110281146,35.691516660410684,0.3430598097694664,23.790251554275915,0.4787240994443372,0.8836676832357538,80,0.10096153846153846,8437,0.11840701671210145,5.5018281458532785,92,0.782608695652174,32.99967706169198
identity_soft,method_type,0.5,pessimistic,8,0.7298996448516846,0.1371667981147766,0.7385720610618591,0.12457550317049026,0.992778335005015,0.3491023183871375,2.843803328467364,0.03994608207148161,2.7701506093847357,0.050476550355161784,0.448875258226632,8,0.5372596153846154,8437,0.530638852672751,1.5403481744184795,92,1.0,2.865932974901347
identity_soft,method_type,0.5,pessimistic,12,0.7298996448516846,0.1371667981147766,0.7385720610618591,0.12457550317049026,0.992778335005015,0.3146625732659057,3.155056938297099,0.04412525187681663,3.0599645080858577,0.0584972357117681,0.5243502533050557,12,0.5372596153846154,8437,0.5226976413417092,1.6894992760549719,92,1.0,3.179878077242641
identity_soft,method_type,0.5,pessimistic,20,0.7298996448516846,0.1371667981147766,0.7385720610618591,0.12457550317049026,0.9821464393179539,0.12658822286336513,7.758592522292126,0.1019447799108816,7.069589295099724,0.16284288383103698,0.6829668150421021,20,0.27524038461538464,8437,0.20836790328315752,1.6734805350359634,92,1.0,7.9143779915423575
identity_soft,method_type,0.5,pessimistic,30,0.7298996448516846,0.1371667981147766,0.7385720610618591,0.12457550317049026,0.9811434302908726,0.10718174640677877,9.15401608187287,0.11811441957062474,8.190909205192916,0.18999550526811268,0.7278182909072096,30,0.2536057692307692,8437,0.20267867725494845,1.9347522065677645,92,1.0,9.350985559765002
identity_soft,method_type,0.5,pessimistic,50,0.7298996448516846,0.1371667981147766,0.7385720610618591,0.12457550317049026,0.9301905717151454,0.06624089037336628,14.04254330628911,0.17044034404175548,11.819567737985697,0.2703072409909611,0.7875306233951833,50,0.1658653846153846,8437,0.15171269408557544,2.3678981499643244,92,0.782608695652174,11.849197284275585
identity_soft,method_type,0.5,pessimistic,80,0.7298996448516846,0.1371667981147766,0.7385720610618591,0.12457550317049026,0.9015045135406219,0.0274954433522839,32.78741506329407,0.3241956427643919,22.482073605030934,0.4655561774537224,0.8827472686679408,80,0.11057692307692307,8437,0.09979850657816759,3.889332509354218,92,0.782608695652174,28.67592419366909
identity_soft,method_type,0.75,optimistic,8,0.5936006903648376,0.03353069722652435,0.6017951369285583,0.08320888131856918,0.9945837512537613,0.37112391440252884,2.6799236391299073,0.03773096709384798,2.6165384955817195,0.04620131528695345,0.43233691458918166,8,0.5504807692307693,8437,0.5459286476235629,1.4888205471148368,92,1.0,2.6957516184687464
identity_soft,method_type,0.75,optimistic,12,0.5936006903648376,0.03353069722652435,0.6017951369285583,0.08320888131856918,0.9913741223671013,0.21023095820211263,4.715642885545003,0.06454224892255453,4.475826937518838,0.09673614237841417,0.5536667865759345,12,0.296875,8437,0.3907787128126111,1.9002444867058514,92,1.0,4.761504696935809
identity_soft,method_type,0.75,optimistic,20,0.5936006903648376,0.03353069722652435,0.6017951369285583,0.08320888131856918,0.9905717151454363,0.11151386365570821,8.882946771567003,0.11501909997204882,7.976257328773799,0.18504804366986546,0.6894611122662708,20,0.24278846153846154,8437,0.337442218798151,3.1901236466536784,92,1.0,8.986834467838108
identity_soft,method_type,0.75,optimistic,30,0.5936006903648376,0.03353069722652435,0.6017951369285583,0.08320888131856918,0.9893681043129389,0.048792084787400464,20.277225468513336,0.22879940619781036,15.866607728176177,0.35658026837097256,0.7911150869352724,30,0.11778846153846154,8437,0.06993006993006994,1.4491670235714142,92,1.0,20.60361722719574
identity_soft,method_type,0.75,optimistic,50,0.5936006903648376,0.03353069722652435,0.6017951369285583,0.08320888131856918,0.9813440320962888,0.02773611653277998,35.381450425350124,0.34109608143912984,23.654072411069492,0.4954363354939807,0.8614031855752815,50,0.08533653846153846,8437,0.0418395164157876,1.5282162776233275,92,0.782608695652174,28.42518567971293
identity_soft,method_type,0.75,optimistic,80,0.5936006903648376,0.03353069722652435,0.6017951369285583,0.08320888131856918,0.9801404212637914,0.009565291405325922,102.46843297612998,0.5998772252915899,41.59983094772346,0.7395909104885668,0.9355093858282169,80,0.057692307692307696,8437,0.03579471376081546,4.02220247553642,92,0.782608695652174,83.64336093641288
identity_soft,method_type,0.75,reported,8,0.6540639400482178,0.04048570245504379,0.6630412936210632,0.08320888131856918,0.99358074222668,0.3717402725477017,2.67278208900324,0.03763420434772698,2.6098282660364744,0.04601222867073741,0.42699767134858324,8,0.5492788461538461,8437,0.5452174943700367,1.484249833882067,92,1.0,2.6912787206472615
identity_soft,method_type,0.75,reported,12,0.6540639400482178,0.04048570245504379,0.6630412936210632,0.08320888131856918,0.992778335005015,0.3402825268335921,2.917511939984247,0.04093905879044066,2.83901080594186,0.0523883179499091,0.4899111819561355,12,0.5480769230769231,8437,0.5452174943700367,1.6271317764313138,92,1.0,2.940274157070594
identity_soft,method_type,0.75,reported,20,0.6540639400482178,0.04048570245504379,0.6630412936210632,0.08320888131856918,0.989568706118355,0.1250297172677137,7.914668030477026,0.10378271480265926,7.197045010314963,0.16609574743203012,0.6656103993500616,20,0.23197115384615385,8437,0.20101931966338746,1.6329729707315455,92,1.0,8.013244877314325
identity_soft,method_type,0.75,reported,30,0.6540639400482178,0.04048570245504379,0.6630412936210632,0.08320888131856918,0.9883650952858576,0.06339390275042485,15.590854205284495,0.1857422905828244,12.880715523634917,0.29561524052488475,0.770072618799598,30,0.16105769230769232,8437,0.15716486902927582,2.5759285597510773,92,1.0,15.837587762123961
identity_soft,method_type,0.75,reported,50,0.6540639400482178,0.04048570245504379,0.6630412936210632,0.08320888131856918,0.9883650952858576,0.03884523833982466,25.44366150207328,0.2712806959585949,18.812567998014526,0.41241737340590245,0.8440840531058823,50,0.11778846153846154,8437,0.09493895934573901,2.537055475120322,92,0.782608695652174,20.251568130695727
identity_soft,method_type,0.75,reported,80,0.6540639400482178,0.04048570245504379,0.6630412936210632,0.08320888131856918,0.9803410230692077,0.016976264341333272,57.74774728750567,0.4579701996064099,31.75897013503259,0.6167639870897812,0.9189709828143054,80,0.08533653846153846,8437,0.03579471376081546,2.169582765443487,92,0.782608695652174,46.66866094263793
identity_soft,method_type,0.75,pessimistic,8,0.676809549331665,0.076287642121315,0.6855958700180054,0.08320888131856918,0.9837512537612838,0.3810531506173854,2.581664138368629,0.0363979129092353,2.524094864808627,0.043599738752643266,0.39559153659852536,8,0.5432692307692307,8437,0.5394097427995733,1.4306728466209981,92,1.0,2.6254576566438255
identity_soft,method_type,0.75,pessimistic,12,0.676809549331665,0.076287642121315,0.6855958700180054,0.08320888131856918,0.9837512537612838,0.3606810464000282,2.7274825322265865,0.03837485914611243,2.6611906333750217,0.04742709536651179,0.4397984619604058,12,0.5396634615384616,8437,0.5290980206234444,1.4845429617698638,92,1.0,2.773860712075312
identity_soft,method_type,0.75,pessimistic,20,0.676809549331665,0.076287642121315,0.6855958700180054,0.08320888131856918,0.9797392176529589,0.15271593814112253,6.415435281860342,0.08581066835336285,5.950733160899523,0.13485871405271976,0.63337539797207,20,0.29086538461538464,8437,0.32796017541780254,2.2119687268197485,92,1.0,6.557932229495571
identity_soft,method_type,0.75,pessimistic,30,0.676809549331665,0.076287642121315,0.6855958700180054,0.08320888131856918,0.9797392176529589,0.08372198138598401,11.702293727809195,0.14618815289293305,10.137745176023145,0.23522204316933018,0.7354812392052131,30,0.18269230769230768,8437,0.24428114258622732,3.0671203284347075,92,1.0,11.979706678859072
identity_soft,method_type,0.75,pessimistic,50,0.676809549331665,0.076287642121315,0.6855958700180054,0.08320888131856918,0.9795386158475426,0.02948539964955637,33.22114088632611,0.3270815191908366,22.682201175164582,0.47914747675872654,0.8503887993260619,50,0.08533653846153846,8437,0.059618347753940974,2.0758280290886497,92,0.782608695652174,26.726628364181657
identity_soft,method_type,0.75,pessimistic,80,0.676809549331665,0.076287642121315,0.6855958700180054,0.08320888131856918,0.9771313941825477,0.014860101376239688,65.75536528606162,0.4903362190457016,34.00346430877089,0.6461985253523349,0.9202007801092004,80,0.08533653846153846,8437,0.03579471376081546,2.4981417181603014,92,0.782608695652174,53.410417011490246
identity_soft,method_type,1.0,optimistic,8,0.5818771123886108,0.012638605199754238,0.590205729007721,0.041842270642519,0.9843530591775326,0.3801168732444799,2.5896063249589707,0.03650579911767113,2.531576475783839,0.04380998519141759,0.40374995925740276,8,0.5444711538461539,8437,0.5394097427995733,1.4343251216717918,92,1.0,2.6319290979616436
identity_soft,method_type,1.0,optimistic,12,0.5818771123886108,0.012638605199754238,0.590205729007721,0.041842270642519,0.9837512537612838,0.3604785287237571,2.7290148382600474,0.03839559045747438,2.6626282926353184,0.04746715038638786,0.45020046080961174,12,0.5444711538461539,8437,0.5290980206234444,1.4854084382124486,92,1.0,2.775420241674611
identity_soft,method_type,1.0,optimistic,20,0.5818771123886108,0.012638605199754238,0.590205729007721,0.041842270642519,0.9793380140421264,0.1426428850257256,6.865663253133888,0.09128304850229985,6.330227629899909,0.1444290390766226,0.6432455599985608,20,0.24759615384615385,8437,0.2956027023823634,2.130332111469167,92,0.782608695652174,5.493146045671526
identity_soft,method_type,1.0,optimistic,30,0.5818771123886108,0.012638605199754238,0.590205729007721,0.041842270642519,0.9781344032096289,0.06911429334538656,14.152418492099365,0.1715451730931607,11.89618458527849,0.2740855875482657,0.7552339038993738,30,0.171875,8437,0.09956145549365888,1.456829446129118,92,0.782608695652174,11.355060116900148
identity_soft,method_type,1.0,optimistic,50,0.5818771123886108,0.012638605199754238,0.590205729007721,0.041842270642519,0.9733199598796389,0.031936157036315235,30.477053290189474,0.30839636432975276,21.386437224340664,0.4564813618554346,0.844071128792525,50,0.08533653846153846,8437,0.026194144838212634,0.8164759176334208,92,0.782608695652174,24.661984578069
identity_soft,method_type,1.0,optimistic,80,0.5818771123886108,0.012638605199754238,0.590205729007721,0.041842270642519,0.9594784353059177,0.01359216462045546,70.59055434496102,0.5080730826428723,35.23346687609035,0.6579011782419156,0.9155319117110585,80,0.08533653846153846,8437,0.0028446130141045393,0.2051640860969333,92,0.0,0.0
identity_soft,method_type,1.0,reported,8,0.6065356135368347,0.01294871885329485,0.6152205467224121,0.041842270642519,0.9843530591775326,0.3801168732444799,2.5896063249589707,0.03650579911767113,2.531576475783839,0.04380998519141759,0.40374995925740276,8,0.5444711538461539,8437,0.5394097427995733,1.4343251216717918,92,1.0,2.6319290979616436
identity_soft,method_type,1.0,reported,12,0.6065356135368347,0.01294871885329485,0.6152205467224121,0.041842270642519,0.9835506519558675,0.36154688284205677,2.720395883998081,0.038278968817825526,2.654540903600203,0.047241432493077225,0.446928401854884,12,0.5444711538461539,8437,0.5290980206234444,1.4808540815255717,92,1.0,2.7672128750274188
identity_soft,method_type,1.0,reported,20,0.6065356135368347,0.01294871885329485,0.6152205467224121,0.041842270642519,0.9781344032096289,0.13059748584577546,7.489687851760963,0.09876043101352994,6.848763482377782,0.15733245133718315,0.6565661115839097,20,0.26322115384615385,8437,0.29406187033305675,2.3255769106996573,92,1.0,7.670908026303937
identity_soft,method_type,1.0,reported,30,0.6065356135368347,0.01294871885329485,0.6152205467224121,0.041842270642519,0.9781344032096289,0.06860653163531556,14.257161525217363,0.17259566033060778,11.969032977662945,0.2756598236591546,0.7551342995712547,30,0.171875,8437,0.09956145549365888,1.468013448533393,92,0.782608695652174,11.439359365933477
identity_soft,method_type,1.0,reported,50,0.6065356135368347,0.01294871885329485,0.6152205467224121,0.041842270642519,0.9733199598796389,0.029180155615756462,33.35554383932324,0.32797079897255643,22.74387027514882,0.47939100408181373,0.8493775150591295,50,0.08533653846153846,8437,0.026194144838212634,0.8953434093171757,92,0.782608695652174,27.008246332760674
identity_soft,method_type,1.0,reported,80,0.6065356135368347,0.01294871885329485,0.6152205467224121,0.041842270642519,0.9594784353059177,0.01359216462045546,70.59055434496102,0.5080730826428723,35.23346687609035,0.6579011782419156,0.9155319117110585,80,0.08533653846153846,8437,0.0028446130141045393,0.2051640860969333,92,0.0,0.0
identity_soft,method_type,1.0,pessimistic,8,0.6237193942070007,0.01540846936404705,0.6326196789741516,0.041842270642519,0.9843530591775326,0.3801168732444799,2.5896063249589707,0.03650579911767113,2.531576475783839,0.04380998519141759,0.40374995925740276,8,0.5444711538461539,8437,0.5394097427995733,1.4343251216717918,92,1.0,2.6319290979616436
identity_soft,method_type,1.0,pessimistic,12,0.6237193942070007,0.01540846936404705,0.6326196789741516,0.041842270642519,0.9837512537612838,0.3604785287237571,2.7290148382600474,0.03839559045747438,2.6626282926353184,0.04746715038638786,0.45020046080961174,12,0.5444711538461539,8437,0.5290980206234444,1.4854084382124486,92,1.0,2.775420241674611
identity_soft,method_type,1.0,pessimistic,20,0.6237193942070007,0.01540846936404705,0.6326196789741516,0.041842270642519,0.9793380140421264,0.1426428850257256,6.865663253133888,0.09128304850229985,6.330227629899909,0.1444290390766226,0.6432455599985608,20,0.24759615384615385,8437,0.2956027023823634,2.130332111469167,92,0.782608695652174,5.493146045671526
identity_soft,method_type,1.0,pessimistic,30,0.6237193942070007,0.01540846936404705,0.6326196789741516,0.041842270642519,0.9781344032096289,0.06888536032003663,14.199452520321937,0.17201721583292176,11.928919447257316,0.27479334469857924,0.7541668221737983,30,0.17067307692307693,8437,0.09956145549365888,1.4618507760804247,92,0.782608695652174,11.3929135526262
identity_soft,method_type,1.0,pessimistic,50,0.6237193942070007,0.01540846936404705,0.6326196789741516,0.041842270642519,0.9779338014042126,0.03081203718107135,31.738693409242774,0.31711442138814805,21.991010434543075,0.4673264699076789,0.8482053169170722,50,0.08533653846153846,8437,0.014578641697285765,0.46690155097098124,92,0.782608695652174,25.567944686778038
identity_soft,method_type,1.0,pessimistic,80,0.6237193942070007,0.01540846936404705,0.6326196789741516,0.041842270642519,0.9594784353059177,0.01359216462045546,70.59055434496102,0.5080730826428723,35.23346687609035,0.6579011782419156,0.9155319117110585,80,0.08533653846153846,8437,0.0028446130141045393,0.2051640860969333,92,0.0,0.0
identity_soft,sequence,0.0,optimistic,8,0.6287712454795837,0.09620697051286697,0.6365633010864258,0.20730875432491302,0.9831494483450351,0.42337347488047056,2.322180076639435,0.032859757691972455,2.2787335596959095,0.03671091609379847,0.38448149322613573,8,0.5925480769230769,8437,0.4535972502074197,1.0733335663142989,92,1.0,2.3628499680901247
identity_soft,sequence,0.0,optimistic,12,0.6287712454795837,0.09620697051286697,0.6365633010864258,0.20730875432491302,0.9157472417251755,0.19654193730170144,4.659296912899861,0.0638202687022047,4.425759600657443,0.09492243154874994,0.5365907330396915,12,0.28365384615384615,8437,0.2970250088894157,1.5311317106289632,92,0.8913043478260869,4.539266105262611
identity_soft,sequence,0.0,optimistic,20,0.6287712454795837,0.09620697051286697,0.6365633010864258,0.20730875432491302,0.9079237713139419,0.16818065750738895,5.398502924000357,0.07320426350946997,5.07651375690466,0.11177934804781835,0.6082163362155586,20,0.28365384615384615,8437,0.2722531705582553,1.6446558431036604,92,0.8478260869565217,5.046671336928219
identity_soft,sequence,0.0,optimistic,30,0.6287712454795837,0.09620697051286697,0.6365633010864258,0.20730875432491302,0.887061183550652,0.12682302596628814,6.99448051165763,0.092836748404434,6.437972432581588,0.14578060220140535,0.674777252725498,30,0.2548076923076923,8437,0.26514163802299395,2.1501884810107215,92,0.782608695652174,6.1795027888253475
identity_soft,sequence,0.0,optimistic,50,0.6287712454795837,0.09620697051286697,0.6365633010864258,0.20730875432491302,0.8218655967903711,0.07997687189436209,10.276290849133696,0.13070248197537165,9.063856611626495,0.20577457937805288,0.7399509987328431,50,0.20552884615384615,8437,0.2433329382481925,3.208970023951417,92,0.782608695652174,9.80871293021113
identity_soft,sequence,0.0,optimistic,80,0.6287712454795837,0.09620697051286697,0.6365633010864258,0.20730875432491302,0.7378134403209629,0.027295860714799346,27.030231727440384,0.2834026814609339,19.6531942568343,0.3969426875703619,0.8294591532752659,80,0.09254807692307693,8437,0.12208130852198648,4.905011451975155,92,0.782608695652174,28.88723356137276
identity_soft,sequence,0.0,reported,8,0.7966486215591431,0.12309665977954865,0.8065035343170166,0.20730875432491302,0.9929789368104313,0.49736580268908254,1.9964760975558478,0.02838172560891702,1.968194386379173,0.027930287808722885,0.3028849614047213,8,0.6129807692307693,8437,0.4898660661372526,0.9845441237543594,92,1.0,2.011141551432991
identity_soft,sequence,0.0,reported,12,0.7966486215591431,0.12309665977954865,0.8065035343170166,0.20730875432491302,0.9767301905717152,0.3560319449621527,2.7433779591759517,0.03858987263519136,2.6761012257763515,0.04782909414010004,0.43074476624082136,12,0.47596153846153844,8437,0.4245584923551025,1.1983295262465752,92,1.0,2.8101095601095603
identity_soft,sequence,0.0,reported,20,0.7966486215591431,0.12309665977954865,0.8065035343170166,0.20730875432491302,0.9067201604814443,0.1633172982380962,5.551892973147031,0.0751279835117346,5.20991843291326,0.11519326292917063,0.6159096301978766,20,0.2668269230769231,8437,0.2807870096005689,1.7512571154954375,92,0.8913043478260869,5.464079688495264
identity_soft,sequence,0.0,reported,30,0.7966486215591431,0.12309665977954865,0.8065035343170166,0.20730875432491302,0.874222668004012,0.14228481029376802,6.144174253028487,0.08248164130517072,5.7198743174788955,0.12775398304527585,0.661308726289582,30,0.2668269230769231,8437,0.26490458693848523,1.9034428285448228,92,0.782608695652174,5.506990689260585
identity_soft,sequence,0.0,reported,50,0.7966486215591431,0.12309665977954865,0.8065035343170166,0.20730875432491302,0.8324974924774323,0.11150212350056206,7.466203031310304,0.0984812529663028,6.82940325485236,0.15431754044830615,0.7253996459200988,50,0.2439903846153846,8437,0.24712575560033187,2.286964581989825,92,0.782608695652174,7.030207060086182
identity_soft,sequence,0.0,reported,80,0.7966486215591431,0.12309665977954865,0.8065035343170166,0.20730875432491302,0.7512537612838516,0.036054016453827435,20.836895169389642,0.23363902925946722,16.20222223849163,0.34195281510732156,0.8175393262643998,80,0.12379807692307693,8437,0.20078226857887874,6.29978541168823,92,0.782608695652174,21.82864324470585
identity_soft,sequence,0.0,pessimistic,8,0.8360799551010132,0.25892511010169983,0.8445243835449219,0.20730875432491302,0.9749247743229689,0.4872986196512587,2.0006721443633184,0.028439679790271993,1.972213349002581,0.028029719364302347,0.3031853689524643,8,0.6045673076923077,8437,0.4637904468412943,0.9505937571091152,92,1.0,2.0527130942049947
identity_soft,sequence,0.0,pessimistic,12,0.8360799551010132,0.25892511010169983,0.8445243835449219,0.20730875432491302,0.9713139418254765,0.4728171382784824,2.054312044106546,0.02917992479028059,2.0235472979540297,0.029484060947447124,0.3211708827317134,12,0.5925480769230769,8437,0.4637904468412943,0.9804334298276777,92,1.0,2.115619681743084
identity_soft,sequence,0.0,pessimistic,20,0.8360799551010132,0.25892511010169983,0.8445243835449219,0.20730875432491302,0.9346038114343029,0.3095908262427688,3.018835612077936,0.0423007081895769,2.933437435968701,0.0548602314943628,0.48138696786054297,20,0.4831730769230769,8437,0.3930306981154439,1.2782643976470514,92,1.0,3.2320166241258574
identity_soft,sequence,0.0,pessimistic,30,0.8360799551010132,0.25892511010169983,0.8445243835449219,0.20730875432491302,0.8956870611835507,0.23654945100099498,3.7864685688058657,0.052492358335292734,3.6402002622020775,0.07394339919100766,0.5532864543738283,30,0.4026442307692308,8437,0.36754770653075736,1.5759484171652112,92,1.0,4.231134243444344
identity_soft,sequence,0.0,pessimistic,50,0.8360799551010132,0.25892511010169983,0.8445243835449219,0.20730875432491302,0.8427281845536609,0.1367346519484255,6.16323786651775,0.08271638969835395,5.7361534710455695,0.1277385053480168,0.6438373097867954,50,0.265625,8437,0.24985184307218206,1.8664824142846337,92,1.0,7.325927519088074
identity_soft,sequence,0.0,pessimistic,80,0.8360799551010132,0.25892511010169983,0.8445243835449219,0.20730875432491302,0.7648946840521564,0.07820117342850685,9.7811151740765,0.125192894901008,8.681781944974695,0.19522292706288086,0.7048716738363493,80,0.19831730769230768,8437,0.22579115799454783,3.0326420320740684,92,0.9130434782608695,11.709335712414877
identity_soft,sequence,0.25,optimistic,8,0.6172327399253845,0.07792890071868896,0.6251233816146851,0.1868632584810257,0.9813440320962888,0.35171743794594246,2.790148927012022,0.03922197456825361,2.71993575132337,0.04905770384718189,0.4261908763151927,8,0.5168269230769231,8437,0.43285528031290743,1.237941810355227,92,1.0,2.844607572948506
identity_soft,sequence,0.25,optimistic,12,0.6172327399253845,0.07792890071868896,0.6251233816146851,0.1868632584810257,0.9813440320962888,0.3387651117809522,2.8968273236201267,0.04066061024161977,2.8197011671187537,0.05182816825049672,0.4651298072993352,12,0.5144230769230769,8437,0.4292995140452768,1.2759064636524502,92,1.0,2.9534548985944555
identity_soft,sequence,0.25,optimistic,20,0.6172327399253845,0.07792890071868896,0.6251233816146851,0.1868632584810257,0.9131394182547643,0.14625004769438027,6.243686293784724,0.08370570603703499,5.804759830326749,0.13037959643255503,0.635966956306331,20,0.2668269230769231,8437,0.2438070404172099,1.6957787102819224,92,0.782608695652174,5.357465106504569
identity_soft,sequence,0.25,optimistic,30,0.6172327399253845,0.07792890071868896,0.6251233816146851,0.1868632584810257,0.9023069207622869,0.12288713895354127,7.342565938518702,0.09700864839217548,6.727282189484752,0.15312997295726372,0.6901510694505748,30,0.25600961538461536,8437,0.24345146379044685,2.0317114574785116,92,0.782608695652174,6.377763746305903
identity_soft,sequence,0.25,optimistic,50,0.6172327399253845,0.07792890071868896,0.6251233816146851,0.1868632584810257,0.892678034102307,0.059158641781451145,15.089562694831866,0.1808501991384215,12.541462475698246,0.2835862170658098,0.7945076600159088,50,0.14783653846153846,8437,0.2363399312551855,4.323841775018473,92,0.782608695652174,13.272823705653646
identity_soft,sequence,0.25,optimistic,80,0.6172327399253845,0.07792890071868896,0.6251233816146851,0.1868632584810257,0.8304914744232698,0.01913351784943838,43.40505917199366,0.3884041654939488,26.934757551573945,0.519841128069958,0.8840668345203365,80,0.08173076923076923,8437,0.10572478369088538,6.243041900853963,92,0.782608695652174,41.34812956481275
identity_soft,sequence,0.25,reported,8,0.7621269226074219,0.0983501747250557,0.7718387246131897,0.1868632584810257,0.9883650952858576,0.44919007604685496,2.2003270953447363,0.03118926891644669,2.162889770780332,0.03344732459343497,0.3519929921453827,8,0.5661057692307693,8437,0.46130141045395284,1.027666171805787,92,1.0,2.226966630053873
identity_soft,sequence,0.25,reported,12,0.7621269226074219,0.0983501747250557,0.7718387246131897,0.1868632584810257,0.9723169508525576,0.3038968509968859,3.199496630725276,0.044718972579990406,3.1011374012060906,0.05957574501343502,0.49644979737579176,12,0.47475961538461536,8437,0.40796491643949273,1.354220667988851,92,1.0,3.2926272849423386
identity_soft,sequence,0.25,reported,20,0.7621269226074219,0.0983501747250557,0.7718387246131897,0.1868632584810257,0.9025075225677031,0.16561836864674168,5.4493202048905625,0.07384246721486369,5.120771423532501,0.1128651018253441,0.609206321297331,20,0.2668269230769231,8437,0.28043143297380585,1.723578002292523,92,0.8913043478260869,5.388052313423737
identity_soft,sequence,0.25,reported,30,0.7621269226074219,0.0983501747250557,0.7718387246131897,0.1868632584810257,0.8946840521564694,0.139860468256088,6.396975952620727,0.0855848940743015,5.935076337394128,0.13341478011757602,0.675743622284955,30,0.2668269230769231,8437,0.26490458693848523,1.9380607860580454,92,0.782608695652174,5.6025933439333295
identity_soft,sequence,0.25,reported,50,0.7621269226074219,0.0983501747250557,0.7718387246131897,0.1868632584810257,0.8567703109327984,0.111185139311616,7.705798780640533,0.10132137688895215,7.026358015045777,0.1595367225596058,0.7392489796828491,50,0.25,8437,0.24878511319189286,2.310170323917028,92,0.782608695652174,7.050288053540012
identity_soft,sequence,0.25,reported,80,0.7621269226074219,0.0983501747250557,0.7718387246131897,0.1868632584810257,0.8184553660982948,0.024393107354913696,33.552730867370485,0.3292712452586555,22.834052638101536,0.45847608597068595,0.8683595792276977,80,0.09735576923076923,8437,0.12302951286002134,5.620721621896155,92,0.782608695652174,32.354823559212015
identity_soft,sequence,0.25,pessimistic,8,0.8040959239006042,0.20204490423202515,0.8129046559333801,0.1868632584810257,0.9783350050150451,0.39375599848552,2.4846224788395763,0.035077750765999685,2.432545261545241,0.04102736020545281,0.39201300919929555,8,0.5216346153846154,8437,0.423728813559322,1.0782042532401874,92,1.0,2.540700406519226
identity_soft,sequence,0.25,pessimistic,12,0.8040959239006042,0.20204490423202515,0.8129046559333801,0.1868632584810257,0.9697091273821464,0.32226138868425147,3.009076362952863,0.04216972573103497,2.924354163754436,0.054697943273623414,0.4656223084561427,12,0.44591346153846156,8437,0.40642408439018607,1.2695818914971908,92,1.0,3.104834740123603
identity_soft,sequence,0.25,pessimistic,20,0.8040959239006042,0.20204490423202515,0.8129046559333801,0.1868632584810257,0.9697091273821464,0.23088482614297748,4.199969065016189,0.05789290889711254,4.014713547461628,0.0843425582939979,0.5687370382464118,20,0.3942307692307692,8437,0.37193315159416857,1.636285249153293,92,1.0,4.335064207806753
identity_soft,sequence,0.25,pessimistic,30,0.8040959239006042,0.20204490423202515,0.8129046559333801,0.1868632584810257,0.9149448345035105,0.14840436616369884,6.165215068499211,0.08274072999056672,5.73784140317331,0.12871336376581835,0.6412873082641938,30,0.265625,8437,0.25388171150883015,1.7421840071432857,92,1.0,6.748806245170494
identity_soft,sequence,0.25,pessimistic,50,0.8040959239006042,0.20204490423202515,0.8129046559333801,0.1868632584810257,0.882246740220662,0.11397929623639977,7.740412244613533,0.10173019985196151,7.05470875988439,0.1607227029304617,0.7113988947859904,50,0.2548076923076923,8437,0.25388171150883015,2.299092222007114,92,1.0,8.79198286097775
identity_soft,sequence,0.25,pessimistic,80,0.8040959239006042,0.20204490423202515,0.8129046559333801,0.1868632584810257,0.8389167502507523,0.0554516877940542,15.12878658205071,0.18123510292524378,12.568154491643945,0.2810237861772481,0.8006028684141898,80,0.15985576923076922,8437,0.23159890956501125,4.543024740350939,92,1.0,18.117068241051008
identity_soft,sequence,0.5,optimistic,8,0.6056941747665405,0.05965082719922066,0.6136834621429443,0.16641776263713837,0.9851554663991976,0.29877520831437787,3.2973132943567234,0.04602322246900391,3.1915835335295433,0.062096026721999056,0.4783431226648728,8,0.4483173076923077,8437,0.4211212516297262,1.4243014032960684,92,1.0,3.349120978525918
identity_soft,sequence,0.5,optimistic,12,0.6056941747665405,0.05965082719922066,0.6136834621429443,0.16641776263713837,0.9560682046138416,0.18189315871809245,5.256207607541778,0.07141251741860082,4.952261107631018,0.10898721165091431,0.5791927165386862,12,0.30288461538461536,8437,0.2686974042906246,1.4953465533323786,92,1.0,5.504419773436111
identity_soft,sequence,0.5,optimistic,20,0.6056941747665405,0.05965082719922066,0.6136834621429443,0.16641776263713837,0.9560682046138416,0.1414307140068856,6.759975803892888,0.09000434347440182,6.241552963235067,0.14190214825710973,0.6482003907499252,20,0.23677884615384615,8437,0.2556595946426455,1.8455145807145423,92,1.0,7.082212288179645
identity_soft,sequence,0.5,optimistic,30,0.6056941747665405,0.05965082719922066,0.6136834621429443,0.16641776263713837,0.9552657973921765,0.09619589622876866,9.930421513204756,0.12686149665663213,8.797494874265015,0.20370505368989808,0.7312113150180516,30,0.23677884615384615,8437,0.21097546521275334,2.2617087184417617,92,0.782608695652174,8.151282491035925
identity_soft,sequence,0.5,optimistic,50,0.6056941747665405,0.05965082719922066,0.6136834621429443,0.16641776263713837,0.9456369107321966,0.0406062616117472,23.287957896095225,0.254137689363308,17.62374777575489,0.3866700524818535,0.8383033844098512,50,0.1310096153846154,8437,0.15657224131800404,4.157334578208285,92,0.782608695652174,19.368698053066037
identity_soft,sequence,0.5,optimistic,80,0.6056941747665405,0.05965082719922066,0.6136834621429443,0.16641776263713837,0.9376128385155467,0.014246678269853336,65.81273337937174,0.4905541561712846,34.01857764729958,0.6372437003150885,0.9199450731569035,80,0.07451923076923077,8437,0.03982458219746356,2.928878535874282,92,0.782608695652174,55.74474933173313
identity_soft,sequence,0.5,reported,8,0.7276049852371216,0.07360369712114334,0.7371737957000732,0.16641776263713837,0.9695085255767302,0.38998740868360576,2.4859995579069736,0.035096509955993206,2.43384615962829,0.041050522018632164,0.40428893177415837,8,0.5108173076923077,8437,0.40618703330567735,1.0426385543362533,92,1.0,2.565269127360089
identity_soft,sequence,0.5,reported,12,0.7276049852371216,0.07360369712114334,0.7371737957000732,0.16641776263713837,0.9574724172517552,0.23352636105086128,4.100061393254104,0.056593706277123006,3.9246174293232325,0.08186910913036953,0.5472872349441114,12,0.3713942307692308,8437,0.38639326774919996,1.6825691192988357,92,1.0,4.285971336177067
identity_soft,sequence,0.5,reported,20,0.7276049852371216,0.07360369712114334,0.7371737957000732,0.16641776263713837,0.9574724172517552,0.20673826204613294,4.631326624183861,0.06346146175426468,4.400877328505974,0.09454288553411287,0.6099913296240183,20,0.35216346153846156,8437,0.3610288017067678,1.7800404210932244,92,0.782608695652174,3.788355047954237
identity_soft,sequence,0.5,reported,30,0.7276049852371216,0.07360369712114334,0.7371737957000732,0.16641776263713837,0.9568706118355065,0.1198346986155422,7.984921086215368,0.10460755718327157,7.254245554268454,0.16693911774570733,0.7089379816550486,30,0.25841346153846156,8437,0.2574374777764608,2.212788899570472,92,0.782608695652174,6.540505712008927
identity_soft,sequence,0.5,reported,50,0.7276049852371216,0.07360369712114334,0.7371737957000732,0.16641776263713837,0.9568706118355065,0.07347576098218138,13.02294251933719,0.16004563145886458,11.098723091836238,0.2558380343177956,0.8083257125124077,50,0.22355769230769232,8437,0.21168661846627948,3.0255488413740776,92,0.782608695652174,10.679087865729823
identity_soft,sequence,0.5,reported,80,0.7276049852371216,0.07360369712114334,0.7371737957000732,0.16641776263713837,0.9287863590772317,0.01472508959205896,63.07509052971152,0.4799419508655541,33.28265048072589,0.6257431049147386,0.9170982277322726,80,0.07451923076923077,8437,0.08012326656394453,6.132890641388644,92,0.782608695652174,53.907258099969226
identity_soft,sequence,0.5,pessimistic,8,0.7721118927001953,0.14516469836235046,0.7812849283218384,0.16641776263713837,0.9977933801404213,0.4294666154013225,2.3233316499072134,0.03287551719123848,2.2798264375009785,0.036759662676620536,0.3793514075602361,8,0.5516826923076923,8437,0.4179210619888586,0.9724527160834606,92,1.0,2.3293054871710708
identity_soft,sequence,0.5,pessimistic,12,0.7721118927001953,0.14516469836235046,0.7812849283218384,0.16641776263713837,0.9977933801404213,0.2590700036100977,3.8514431089525436,0.053345059093541536,3.6993327078035976,0.07597894577389562,0.5384382454661242,12,0.4170673076923077,8437,0.39042313618584806,1.526672360404553,92,1.0,3.862944565414625
identity_soft,sequence,0.5,pessimistic,20,0.7721118927001953,0.14516469836235046,0.7812849283218384,0.16641776263713837,0.9969909729187563,0.16414497917589982,6.073843853916288,0.08161455596426695,5.659744340746886,0.12762215203329533,0.6333897776155769,20,0.2764423076923077,8437,0.2669195211568093,1.652390672818453,92,1.0,6.100565963391482
identity_soft,sequence,0.5,pessimistic,30,0.7721118927001953,0.14516469836235046,0.7812849283218384,0.16641776263713837,0.9969909729187563,0.11141994241453901,8.948047820824044,0.11576446473492966,8.027946319158724,0.1864191150193339,0.7161062346896131,30,0.22956730769230768,8437,0.21097546521275334,1.9374733770411368,92,0.782608695652174,7.035402251368378
identity_soft,sequence,0.5,pessimistic,50,0.7721118927001953,0.14516469836235046,0.7812849283218384,0.16641776263713837,0.9853560682046139,0.0480289747029007,20.51586723014313,0.23087046437300243,16.010229900078123,0.35911613181152024,0.8271820786784687,50,0.13341346153846154,8437,0.11022875429655091,2.3730820982980534,92,0.782608695652174,16.362103566434314
identity_soft,sequence,0.5,pessimistic,80,0.7721118927001953,0.14516469836235046,0.7812849283218384,0.16641776263713837,0.9638916750250752,0.02284340687562186,42.19561820499401,0.3817127422942485,26.47072580945888,0.5373027489078953,0.9018113617990574,80,0.10216346153846154,8437,0.10667298802892024,5.1495947151418635,92,0.782608695652174,34.57027510106962
identity_soft,sequence,0.75,optimistic,8,0.5941557288169861,0.04137275740504265,0.6022435426712036,0.14597228169441223,0.9897693079237713,0.4370155351602971,2.2648378107673546,0.03207436780861991,2.2242689376065528,0.0351829212918108,0.3641157539085647,8,0.5649038461538461,8437,0.4012089605309944,0.9161596453290517,92,1.0,2.2890446493373835
identity_soft,sequence,0.75,optimistic,12,0.5941557288169861,0.04137275740504265,0.6022435426712036,0.14597228169441223,0.9821464393179539,0.1943201129402925,5.054270628278874,0.06885785409898317,4.775102252879054,0.10456022393391388,0.5579645449535399,12,0.2800480769230769,8437,0.2325471139030461,1.2027295466576504,92,0.782608695652174,4.030715828295877
identity_soft,sequence,0.75,optimistic,20,0.5941557288169861,0.04137275740504265,0.6022435426712036,0.14597228169441223,0.9815446339017051,0.11332771762578843,8.661117107668181,0.11246983105390185,7.799472560884584,0.18061280045271255,0.6734303777090733,20,0.21754807692307693,8437,0.17695863458575323,1.5840608138243641,92,0.782608695652174,6.916746012048464
identity_soft,sequence,0.75,optimistic,30,0.5941557288169861,0.04137275740504265,0.6022435426712036,0.14597228169441223,0.9815446339017051,0.07016210219218047,13.989669682546909,0.1699076324744774,11.782625660159868,0.2717689790102636,0.7565095919601895,30,0.15264423076923078,8437,0.09553158705701079,1.3742007254764796,92,0.782608695652174,11.18497005430906
identity_soft,sequence,0.75,optimistic,50,0.5941557288169861,0.04137275740504265,0.6022435426712036,0.14597228169441223,0.9815446339017051,0.029403218563533316,33.382217384835684,0.3281470055663604,22.75608971640291,0.4806318649480326,0.8571231023431202,50,0.09134615384615384,8437,0.06554462486665877,2.3009798925456075,92,0.782608695652174,26.80186922424571
identity_soft,sequence,0.75,optimistic,80,0.5941557288169861,0.04137275740504265,0.6022435426712036,0.14597228169441223,0.9815446339017051,0.011754830340082944,83.5013867069373,0.5498988536749831,38.13396873019598,0.6993331698869503,0.9301374797620763,80,0.0673076923076923,8437,0.009007941211331041,0.7617980804412854,92,0.782608695652174,67.77813152920108
identity_soft,sequence,0.75,reported,8,0.6930831670761108,0.04885720834136009,0.7025089263916016,0.14597228169441223,0.9951855566700101,0.2503969639958792,3.974431401997302,0.054954915036444604,3.810971777018807,0.07898578475263751,0.4916120286371045,8,0.3245192307692308,8437,0.26727509778357234,1.0692355443297301,92,1.0,3.996890437802889
identity_soft,sequence,0.75,reported,12,0.6930831670761108,0.04885720834136009,0.7025089263916016,0.14597228169441223,0.9919759277833501,0.1919838220662086,5.166976660362829,0.0702854056512593,4.874099015449897,0.10722551570583395,0.5802386658502692,12,0.3245192307692308,8437,0.22069455967761054,1.1539294736709997,92,0.782608695652174,4.079820494717517
identity_soft,sequence,0.75,reported,20,0.6930831670761108,0.04885720834136009,0.7025089263916016,0.14597228169441223,0.9913741223671013,0.109700009685628,9.03713796569503,0.11678245663783733,8.098541249723935,0.18800036957524696,0.6891206342907334,20,0.21394230769230768,8437,0.12765200900794121,1.1685017119233219,92,0.782608695652174,7.145919775475763
identity_soft,sequence,0.75,reported,30,0.6930831670761108,0.04885720834136009,0.7025089263916016,0.14597228169441223,0.9901705115346038,0.07256589895835473,13.645121548109788,0.16641942009440325,11.540727753050115,0.2668453043043057,0.7599020119366945,30,0.14543269230769232,8437,0.09517601043024772,1.3220397846954615,92,0.782608695652174,10.813377872154302
identity_soft,sequence,0.75,reported,50,0.6930831670761108,0.04885720834136009,0.7025089263916016,0.14597228169441223,0.9901705115346038,0.029623346472523633,33.42534282725319,0.32843169871581607,22.775832401055716,0.48203723578194707,0.8605596614682745,50,0.0829326923076923,8437,0.09517601043024772,3.4041457147147614,92,0.782608695652174,26.601276449890015
identity_soft,sequence,0.75,reported,80,0.6930831670761108,0.04885720834136009,0.7025089263916016,0.14597228169441223,0.9901705115346038,0.012148125537478977,81.50809015594743,0.5439118457300276,37.7187862430266,0.696483770055556,0.9319544013801151,80,0.0673076923076923,8437,0.04669906364821619,4.143360393764322,92,0.782608695652174,65.54496958552934
identity_soft,sequence,0.75,pessimistic,8,0.7401279807090759,0.08828448504209518,0.7496652007102966,0.14597228169441223,0.9911735205616851,0.35944539507089585,2.7575079112258183,0.03878092427477081,2.6893501300082585,0.04822543795213498,0.403085897156611,8,0.49278846153846156,8437,0.4342775868199597,1.214608645261612,92,1.0,2.7834034729315626
identity_soft,sequence,0.75,pessimistic,12,0.7401279807090759,0.08828448504209518,0.7496652007102966,0.14597228169441223,0.9911735205616851,0.17001505674897494,5.829916123400412,0.07859449313630362,5.450311313790896,0.1221839471580781,0.5846958007178896,12,0.26322115384615385,8437,0.14957923432499703,0.8771228735370618,92,0.782608695652174,4.607657055767066
identity_soft,sequence,0.75,pessimistic,20,0.7401279807090759,0.08828448504209518,0.7496652007102966,0.14597228169441223,0.9899699097291875,0.12433998315287736,7.9617986477608635,0.10433624389521977,7.2354307260986745,0.1670443746553171,0.659263384623069,20,0.21754807692307693,8437,0.13286713286713286,1.0704433165941785,92,0.782608695652174,6.303116223029127
identity_soft,sequence,0.75,pessimistic,30,0.7401279807090759,0.08828448504209518,0.7496652007102966,0.14597228169441223,0.9863590772316951,0.07910810041354696,12.468496551875045,0.15428302478820208,10.699102214078696,0.24807693732792047,0.7447143142322842,30,0.15264423076923078,8437,0.10145786416972857,1.2917887251075755,92,0.782608695652174,9.916721524658602
identity_soft,sequence,0.75,pessimistic,50,0.7401279807090759,0.08828448504209518,0.7496652007102966,0.14597228169441223,0.9815446339017051,0.029720202752479375,33.02617556402171,0.32578733604101473,22.592453143437236,0.4778968811353178,0.8543494226549655,50,0.08653846153846154,8437,0.09517601043024772,3.3920962876434766,92,0.782608695652174,26.513963726312696
identity_soft,sequence,0.75,pessimistic,80,0.7401279807090759,0.08828448504209518,0.7496652007102966,0.14597228169441223,0.9735205616850552,0.012374123524042371,78.67390040139394,0.5351196383283714,37.109070911046075,0.6847549898186169,0.9264794448607812,80,0.0673076923076923,8437,0.03508356050728932,2.9738150469385336,92,0.782608695652174,64.32707319120362
identity_soft,sequence,1.0,optimistic,8,0.5826172232627869,0.02309468388557434,0.5908036231994629,0.1255268007516861,0.9835506519558675,0.43488176196248435,2.2616507243656607,0.03203067837357584,2.2212391957937156,0.035090241893949284,0.3491523453375995,8,0.49158653846153844,8437,0.6112362214057129,1.420145891473176,92,1.0,2.3002829608919684
identity_soft,sequence,1.0,optimistic,12,0.5826172232627869,0.02309468388557434,0.5908036231994629,0.1255268007516861,0.9825476429287864,0.18817120668249632,5.22156210958806,0.07097522098246631,4.9219358059688405,0.10840574765277754,0.5646288154104199,12,0.2776442307692308,8437,0.2775868199597013,1.4931986889313549,92,0.782608695652174,4.162576378893626
identity_soft,sequence,1.0,optimistic,20,0.5826172232627869,0.02309468388557434,0.5908036231994629,0.1255268007516861,0.9793380140421264,0.10590500453463493,9.24732516981146,0.1191749054070548,8.264450972837956,0.19170943624440093,0.6883962230179237,20,0.18870192307692307,8437,0.1367784757615266,1.3011518009443581,92,0.782608695652174,7.4024989948723405
identity_soft,sequence,1.0,optimistic,30,0.5826172232627869,0.02309468388557434,0.5908036231994629,0.1255268007516861,0.9769307923771314,0.05750034486705742,16.98999883628221,0.1990924328522955,13.806511066661413,0.3143482023902945,0.7727351938776276,30,0.13221153846153846,8437,0.07087827426810478,1.2399835573190254,92,0.782608695652174,13.65702091830257
identity_soft,sequence,1.0,optimistic,50,0.5826172232627869,0.02309468388557434,0.5908036231994629,0.1255268007516861,0.9737211634904714,0.039033080822163065,24.946049427325516,0.26739381920343747,18.54302381611866,0.4061322034851627,0.8410647387568233,50,0.13221153846153846,8437,0.06507052269764134,1.6957837536342022,92,0.782608695652174,20.153579141479383
identity_soft,sequence,1.0,optimistic,80,0.5826172232627869,0.02309468388557434,0.5908036231994629,0.1255268007516861,0.9566700100300902,0.012013113753298249,79.63547417233376,0.5381403746332656,37.31855064176958,0.6829616728448661,0.9221189400779873,80,0.08052884615384616,8437,0.009007941211331041,0.7451094493536994,92,0.782608695652174,66.29480012542845
identity_soft,sequence,1.0,reported,8,0.6585612893104553,0.02411072887480259,0.6678440570831299,0.1255268007516861,0.9833500501504514,0.45199597312678486,2.1755725904987693,0.030849202653207636,2.139307113420916,0.0327750776376877,0.37375594804000795,8,0.6189903846153846,8437,0.43368495910868793,0.9585025781581882,92,0.782608695652174,1.731792729746036
identity_soft,sequence,1.0,reported,12,0.6585612893104553,0.02411072887480259,0.6678440570831299,0.1255268007516861,0.9833500501504514,0.16838904526123313,5.839750730963021,0.07871663936795452,5.458781818043009,0.12232857524804558,0.5969463301662997,12,0.2824519230769231,8437,0.20907905653668366,1.2493082727605744,92,0.782608695652174,4.652205781925791
identity_soft,sequence,1.0,reported,20,0.6585612893104553,0.02411072887480259,0.6678440570831299,0.1255268007516861,0.9801404212637914,0.10033430091778663,9.76874720108842,0.12505438816513526,8.672176884881564,0.201382331908071,0.6919523917176825,20,0.1778846153846154,8437,0.15550551143771482,1.5718199831915327,92,0.782608695652174,7.814363770537562
identity_soft,sequence,1.0,reported,30,0.6585612893104553,0.02411072887480259,0.6678440570831299,0.1255268007516861,0.9753259779338014,0.059730974344825966,16.328646713567068,0.19283702851703485,13.372716030135381,0.3052795716936536,0.7689253553783106,30,0.13221153846153846,8437,0.09458338271897594,1.6073031713581043,92,0.782608695652174,13.145194107418899
identity_soft,sequence,1.0,reported,50,0.6585612893104553,0.02411072887480259,0.6678440570831299,0.1255268007516861,0.9737211634904714,0.030271990044348437,32.16574668741536,0.3200158227848101,22.19221461853916,0.4702151157254004,0.8529883241567082,50,0.09495192307692307,8437,0.06507052269764134,2.214156974791201,92,0.782608695652174,26.027278979139606
identity_soft,sequence,1.0,reported,80,0.6585612893104553,0.02411072887480259,0.6678440570831299,0.1255268007516861,0.957271815446339,0.011772440572802169,81.31464410684059,0.5433223272230445,37.67790476062138,0.687451327152767,0.9242628294747162,80,0.08052884615384616,8437,0.009007941211331041,0.7606365077646278,92,0.782608695652174,67.67488989701647
identity_soft,sequence,1.0,pessimistic,8,0.708143949508667,0.031404271721839905,0.7180454134941101,0.1255268007516861,0.9891675025075226,0.5020765399414753,1.9701528030423912,0.028018000613657282,1.9429710612114077,0.02720966045664694,0.3342217791374822,8,0.6598557692307693,8437,0.4509896882778239,0.8959341118680462,92,0.782608695652174,1.5589790767019773
identity_soft,sequence,1.0,pessimistic,12,0.708143949508667,0.031404271721839905,0.7180454134941101,0.1255268007516861,0.9881644934804413,0.18280008570313255,5.405711324912731,0.07329484585168432,5.082795392486231,0.11264295358945069,0.5766178736901535,12,0.2932692307692308,8437,0.25542254355813676,1.4115167934245236,92,0.782608695652174,4.285024775829414
identity_soft,sequence,1.0,pessimistic,20,0.708143949508667,0.031404271721839905,0.7180454134941101,0.1255268007516861,0.9849548645937813,0.09895483268811398,9.953580212683134,0.12711974110032362,8.815403414125871,0.20486710319815005,0.68902323537339,20,0.16706730769230768,8437,0.1306151475643001,1.330758211197383,92,0.782608695652174,7.923532125682842
identity_soft,sequence,1.0,pessimistic,30,0.708143949508667,0.031404271721839905,0.7180454134941101,0.1255268007516861,0.9849548645937813,0.05429234747337186,18.14168866205059,0.20975734791524264,14.546093509510074,0.3299277044773603,0.7779402660240338,30,0.13221153846153846,8437,0.06151475643001067,1.1368682450650962,92,0.782608695652174,14.467132926535754
identity_soft,sequence,1.0,pessimistic,50,0.708143949508667,0.031404271721839905,0.7180454134941101,0.1255268007516861,0.9833500501504514,0.026805709237447573,36.68435113728353,0.34926968293551836,24.220889129804803,0.504921386259194,0.863119691547498,50,0.08052884615384616,8437,0.05369207064122318,2.0553547327467503,92,0.782608695652174,29.419643671156365
identity_soft,sequence,1.0,pessimistic,80,0.708143949508667,0.031404271721839905,0.7180454134941101,0.1255268007516861,0.9568706118355065,0.010874318704121675,87.99361485265513,0.5628318584070796,39.03083693558551,0.7033803564032818,0.9252879347368992,80,0.0673076923076923,8437,0.009007941211331041,0.824773948209923,92,0.782608695652174,73.37500448784691
identity_soft,settings_all,0.0,optimistic,8,0.6287712454795837,0.09620697051286697,0.6365633010864258,0.20730875432491302,0.9831494483450351,0.42337347488047056,2.322180076639435,0.032859757691972455,2.2787335596959095,0.03671091609379847,0.38448149322613573,8,0.5925480769230769,8437,0.4535972502074197,1.0733335663142989,92,1.0,2.3628499680901247
identity_soft,settings_all,0.0,optimistic,12,0.6287712454795837,0.09620697051286697,0.6365633010864258,0.20730875432491302,0.9157472417251755,0.19654193730170144,4.659296912899861,0.0638202687022047,4.425759600657443,0.09492243154874994,0.5365907330396915,12,0.28365384615384615,8437,0.2970250088894157,1.5311317106289632,92,0.8913043478260869,4.539266105262611
identity_soft,settings_all,0.0,optimistic,20,0.6287712454795837,0.09620697051286697,0.6365633010864258,0.20730875432491302,0.9079237713139419,0.16818065750738895,5.398502924000357,0.07320426350946997,5.07651375690466,0.11177934804781835,0.6082163362155586,20,0.28365384615384615,8437,0.2722531705582553,1.6446558431036604,92,0.8478260869565217,5.046671336928219
identity_soft,settings_all,0.0,optimistic,30,0.6287712454795837,0.09620697051286697,0.6365633010864258,0.20730875432491302,0.887061183550652,0.12682302596628814,6.99448051165763,0.092836748404434,6.437972432581588,0.14578060220140535,0.674777252725498,30,0.2548076923076923,8437,0.26514163802299395,2.1501884810107215,92,0.782608695652174,6.1795027888253475
identity_soft,settings_all,0.0,optimistic,50,0.6287712454795837,0.09620697051286697,0.6365633010864258,0.20730875432491302,0.8218655967903711,0.07997687189436209,10.276290849133696,0.13070248197537165,9.063856611626495,0.20577457937805288,0.7399509987328431,50,0.20552884615384615,8437,0.2433329382481925,3.208970023951417,92,0.782608695652174,9.80871293021113
identity_soft,settings_all,0.0,optimistic,80,0.6287712454795837,0.09620697051286697,0.6365633010864258,0.20730875432491302,0.7378134403209629,0.027295860714799346,27.030231727440384,0.2834026814609339,19.6531942568343,0.3969426875703619,0.8294591532752659,80,0.09254807692307693,8437,0.12208130852198648,4.905011451975155,92,0.782608695652174,28.88723356137276
identity_soft,settings_all,0.0,reported,8,0.7966486215591431,0.12309665977954865,0.8065035343170166,0.20730875432491302,0.9929789368104313,0.49736580268908254,1.9964760975558478,0.02838172560891702,1.968194386379173,0.027930287808722885,0.3028849614047213,8,0.6129807692307693,8437,0.4898660661372526,0.9845441237543594,92,1.0,2.011141551432991
identity_soft,settings_all,0.0,reported,12,0.7966486215591431,0.12309665977954865,0.8065035343170166,0.20730875432491302,0.9767301905717152,0.3560319449621527,2.7433779591759517,0.03858987263519136,2.6761012257763515,0.04782909414010004,0.43074476624082136,12,0.47596153846153844,8437,0.4245584923551025,1.1983295262465752,92,1.0,2.8101095601095603
identity_soft,settings_all,0.0,reported,20,0.7966486215591431,0.12309665977954865,0.8065035343170166,0.20730875432491302,0.9067201604814443,0.1633172982380962,5.551892973147031,0.0751279835117346,5.20991843291326,0.11519326292917063,0.6159096301978766,20,0.2668269230769231,8437,0.2807870096005689,1.7512571154954375,92,0.8913043478260869,5.464079688495264
identity_soft,settings_all,0.0,reported,30,0.7966486215591431,0.12309665977954865,0.8065035343170166,0.20730875432491302,0.874222668004012,0.14228481029376802,6.144174253028487,0.08248164130517072,5.7198743174788955,0.12775398304527585,0.661308726289582,30,0.2668269230769231,8437,0.26490458693848523,1.9034428285448228,92,0.782608695652174,5.506990689260585
identity_soft,settings_all,0.0,reported,50,0.7966486215591431,0.12309665977954865,0.8065035343170166,0.20730875432491302,0.8324974924774323,0.11150212350056206,7.466203031310304,0.0984812529663028,6.82940325485236,0.15431754044830615,0.7253996459200988,50,0.2439903846153846,8437,0.24712575560033187,2.286964581989825,92,0.782608695652174,7.030207060086182
identity_soft,settings_all,0.0,reported,80,0.7966486215591431,0.12309665977954865,0.8065035343170166,0.20730875432491302,0.7512537612838516,0.036054016453827435,20.836895169389642,0.23363902925946722,16.20222223849163,0.34195281510732156,0.8175393262643998,80,0.12379807692307693,8437,0.20078226857887874,6.29978541168823,92,0.782608695652174,21.82864324470585
identity_soft,settings_all,0.0,pessimistic,8,0.8360799551010132,0.25892511010169983,0.8445243835449219,0.20730875432491302,0.9749247743229689,0.4872986196512587,2.0006721443633184,0.028439679790271993,1.972213349002581,0.028029719364302347,0.3031853689524643,8,0.6045673076923077,8437,0.4637904468412943,0.9505937571091152,92,1.0,2.0527130942049947
identity_soft,settings_all,0.0,pessimistic,12,0.8360799551010132,0.25892511010169983,0.8445243835449219,0.20730875432491302,0.9713139418254765,0.4728171382784824,2.054312044106546,0.02917992479028059,2.0235472979540297,0.029484060947447124,0.3211708827317134,12,0.5925480769230769,8437,0.4637904468412943,0.9804334298276777,92,1.0,2.115619681743084
identity_soft,settings_all,0.0,pessimistic,20,0.8360799551010132,0.25892511010169983,0.8445243835449219,0.20730875432491302,0.9346038114343029,0.3095908262427688,3.018835612077936,0.0423007081895769,2.933437435968701,0.0548602314943628,0.48138696786054297,20,0.4831730769230769,8437,0.3930306981154439,1.2782643976470514,92,1.0,3.2320166241258574
identity_soft,settings_all,0.0,pessimistic,30,0.8360799551010132,0.25892511010169983,0.8445243835449219,0.20730875432491302,0.8956870611835507,0.23654945100099498,3.7864685688058657,0.052492358335292734,3.6402002622020775,0.07394339919100766,0.5532864543738283,30,0.4026442307692308,8437,0.36754770653075736,1.5759484171652112,92,1.0,4.231134243444344
identity_soft,settings_all,0.0,pessimistic,50,0.8360799551010132,0.25892511010169983,0.8445243835449219,0.20730875432491302,0.8427281845536609,0.1367346519484255,6.16323786651775,0.08271638969835395,5.7361534710455695,0.1277385053480168,0.6438373097867954,50,0.265625,8437,0.24985184307218206,1.8664824142846337,92,1.0,7.325927519088074
identity_soft,settings_all,0.0,pessimistic,80,0.8360799551010132,0.25892511010169983,0.8445243835449219,0.20730875432491302,0.7648946840521564,0.07820117342850685,9.7811151740765,0.125192894901008,8.681781944974695,0.19522292706288086,0.7048716738363493,80,0.19831730769230768,8437,0.22579115799454783,3.0326420320740684,92,0.9130434782608695,11.709335712414877
identity_soft,settings_all,0.25,optimistic,8,0.5551636219024658,0.07729321718215942,0.5621554255485535,0.2705477774143219,0.9725175526579739,0.3611271722955819,2.693005753280648,0.03790816964844239,2.6288270039694965,0.04650445978766102,0.4167773827142065,8,0.5276442307692307,8437,0.46710916202441627,1.303186674132452,92,1.0,2.7704314018934837
identity_soft,settings_all,0.25,optimistic,12,0.5551636219024658,0.07729321718215942,0.5621554255485535,0.2705477774143219,0.9474423269809429,0.2609836488989202,3.6302746588844363,0.05043623121856412,3.4976135180206103,0.07031680536550097,0.5060520429915054,12,0.4170673076923077,8437,0.4020386393267749,1.5619093962639696,92,1.0,3.8345904444544514
identity_soft,settings_all,0.25,optimistic,20,0.5551636219024658,0.07729321718215942,0.5621554255485535,0.2705477774143219,0.9021063189568707,0.1482752244570912,6.083999011027818,0.08173985749600117,5.668433656356593,0.12680655202184132,0.6273298846105172,20,0.2668269230769231,8437,0.24712575560033187,1.6953681982975735,92,0.9565217391304348,6.460500054745486
identity_soft,settings_all,0.25,optimistic,30,0.5551636219024658,0.07729321718215942,0.5621554255485535,0.2705477774143219,0.8808425275827483,0.12843436226009727,6.858308883092524,0.09119418483904465,6.324065179963566,0.14287651638763932,0.6754614712388728,30,0.25600961538461536,8437,0.24677017897356882,1.9673996316496773,92,0.9565217391304348,7.460545402231906
identity_soft,settings_all,0.25,optimistic,50,0.5551636219024658,0.07729321718215942,0.5621554255485535,0.2705477774143219,0.8497492477432297,0.06048234427417958,14.049542191868953,0.17051080787344525,11.82445421035477,0.26640721839522086,0.7791809808211947,50,0.14783653846153846,8437,0.2159535379874363,3.8198427405503015,92,0.8478260869565217,14.06720609445387
identity_soft,settings_all,0.25,optimistic,80,0.5551636219024658,0.07729321718215942,0.5621554255485535,0.2705477774143219,0.7967903711133401,0.021323056784195403,37.3675490891118,0.35347512681320636,24.512525062952495,0.4793029783895999,0.8682210556671827,80,0.08052884615384616,8437,0.1051321559796136,5.477058952017894,92,0.782608695652174,37.05983474271484
identity_soft,settings_all,0.25,reported,8,0.7500577569007874,0.09836877882480621,0.7595927119255066,0.2705477774143219,0.9819458375125376,0.4299831822277531,2.2836842883599604,0.032332639783348195,2.242179386668874,0.0356790998467132,0.36635907845491045,8,0.5600961538461539,8437,0.44518193670736045,1.0362774115724758,92,1.0,2.326505382219551
identity_soft,settings_all,0.25,reported,12,0.7500577569007874,0.09836877882480621,0.7595927119255066,0.2705477774143219,0.9618856569709128,0.30743063769587714,3.128789193491018,0.043773963848822345,3.035603652293378,0.05774505763705821,0.4944902305580546,12,0.4807692307692308,8437,0.4155505511437715,1.3638681123948826,92,1.0,3.2547466388923394
identity_soft,settings_all,0.25,reported,20,0.7500577569007874,0.09836877882480621,0.7595927119255066,0.2705477774143219,0.9027081243731193,0.1549700479291834,5.825049010668368,0.07853403141361257,5.446118460092318,0.1211801150481789,0.6280990499849729,20,0.2668269230769231,8437,0.26763067441033545,1.7594617290376282,92,0.8478260869565217,5.477517429404109
identity_soft,settings_all,0.25,reported,30,0.7500577569007874,0.09836877882480621,0.7595927119255066,0.2705477774143219,0.9027081243731193,0.14046802128490127,6.426431554426333,0.08594510972325675,5.960056299075419,0.13414683239145053,0.6753872280877301,30,0.2668269230769231,8437,0.26490458693848523,1.929267638093947,92,0.782608695652174,5.578324466996209
identity_soft,settings_all,0.25,reported,50,0.7500577569007874,0.09836877882480621,0.7595927119255066,0.2705477774143219,0.8603811434302908,0.11251177684313098,7.647031871426875,0.10062642235412805,6.978164834931324,0.15845056282239742,0.740933208905593,50,0.25,8437,0.24878511319189286,2.281352965384932,92,0.782608695652174,6.967000974971194
identity_soft,settings_all,0.25,reported,80,0.7500577569007874,0.09836877882480621,0.7595927119255066,0.2705477774143219,0.8130391173520561,0.02392937122664076,33.976618510013054,0.3320498115680813,23.026738547610716,0.46047783254842267,0.8690083218631682,80,0.0829326923076923,8437,0.11176958634585753,5.150919214075376,92,0.782608695652174,32.98742622254026
identity_soft,settings_all,0.25,pessimistic,8,0.8257114887237549,0.20694896578788757,0.8347646594047546,0.2705477774143219,0.9805416248746238,0.40412255547957066,2.426347184979613,0.03428322941287865,2.377447397214543,0.03948432021226503,0.3843174126282487,8,0.5324519230769231,8437,0.4238473391015764,1.0501103603128497,92,1.0,2.4754827503506616
identity_soft,settings_all,0.25,pessimistic,12,0.8257114887237549,0.20694896578788757,0.8347646594047546,0.2705477774143219,0.9719157472417251,0.28274989653988275,3.4373690640931267,0.04788448424111246,3.320656903553784,0.06558876749347188,0.504489842354689,12,0.4543269230769231,8437,0.39990517956619653,1.429380753804548,92,1.0,3.5391193217239514
identity_soft,settings_all,0.25,pessimistic,20,0.8257114887237549,0.20694896578788757,0.8347646594047546,0.2705477774143219,0.9711133400200602,0.2296843952792836,4.228033597316177,0.05825721746874135,4.039977342040925,0.08502554101875762,0.5741770421107693,20,0.39663461538461536,8437,0.3688514874955553,1.630998604760169,92,1.0,4.357747812292104
identity_soft,settings_all,0.25,pessimistic,30,0.8257114887237549,0.20694896578788757,0.8347646594047546,0.2705477774143219,0.9211634904714142,0.14713055933034155,6.260857667258593,0.08391659509146397,5.81938440456143,0.13084656174380557,0.6450302953252798,30,0.2608173076923077,8437,0.25388171150883015,1.7579405215972042,92,1.0,6.807342566500789
identity_soft,settings_all,0.25,pessimistic,50,0.8257114887237549,0.20694896578788757,0.8347646594047546,0.2705477774143219,0.8874623871614844,0.10689998268327115,8.301801037619475,0.10830925916858444,7.510948376638509,0.17176872019571246,0.7273624400473732,50,0.25,8437,0.25388171150883015,2.460860321175176,92,1.0,9.37569501789155
identity_soft,settings_all,0.25,pessimistic,80,0.8257114887237549,0.20694896578788757,0.8347646594047546,0.2705477774143219,0.8479438314944835,0.050312434878826924,16.853563806575487,0.19780991155412045,13.71757175217918,0.3045224348383588,0.8138322186100604,80,0.15985576923076922,8437,0.22816166883963493,4.982072047842601,92,0.9130434782608695,18.23191209530655
identity_soft,settings_all,0.5,optimistic,8,0.48155608773231506,0.05837944895029068,0.4877476394176483,0.33378681540489197,0.9985957873620862,0.46633950767659393,2.1413493193774427,0.030378665364781985,2.106676650339754,0.031866580769921805,0.3510655427473951,8,0.6286057692307693,8437,0.49994073722887283,1.074018119480869,92,1.0,2.1450234579174405
identity_soft,settings_all,0.5,optimistic,12,0.48155608773231506,0.05837944895029068,0.4877476394176483,0.33378681540489197,0.9801404212637914,0.2852006539266416,3.4366696140742365,0.04787520699217104,3.320013551928899,0.06559776974606467,0.4990830883806268,12,0.4519230769230769,8437,0.4876140808344198,1.7410993379882869,92,1.0,3.5086784989544597
identity_soft,settings_all,0.5,optimistic,20,0.48155608773231506,0.05837944895029068,0.4877476394176483,0.33378681540489197,0.9368104312938816,0.14020680283289944,6.681633218684733,0.08905415713196034,6.175660161261818,0.1399972372783653,0.6450718195778657,20,0.25841346153846156,8437,0.23562877800165935,1.7101331654738403,92,1.0,7.144154536683586
identity_soft,settings_all,0.5,optimistic,30,0.48155608773231506,0.05837944895029068,0.4877476394176483,0.33378681540489197,0.9259779338014043,0.12711946488372844,7.2843127104756356,0.09631314290483443,6.679050802332927,0.15233462169414408,0.6923182944526931,30,0.24759615384615385,8437,0.23562877800165935,1.8946668098086625,92,1.0,7.881232791133528
identity_soft,settings_all,0.5,optimistic,50,0.48155608773231506,0.05837944895029068,0.4877476394176483,0.33378681540489197,0.9091273821464393,0.05849238797690712,15.54266142297634,0.1852745186214791,12.848276828359245,0.29082741607221063,0.8040280835429083,50,0.15384615384615385,8437,0.22662083679032832,4.179397897744883,92,1.0,17.17089277612542
identity_soft,settings_all,0.5,optimistic,80,0.48155608773231506,0.05837944895029068,0.4877476394176483,0.33378681540489197,0.8804413239719158,0.01729031349149279,50.92107349037437,0.4269455252918288,29.60749454589449,0.566623850512414,0.9003017503431417,80,0.07932692307692307,8437,0.1070285646556833,7.129673073857762,92,0.782608695652174,45.810515776653695
identity_soft,settings_all,0.5,reported,8,0.7034668326377869,0.07364089041948318,0.7126818895339966,0.33378681540489197,0.98716148445336,0.2937210715239602,3.3608807135678473,0.046868898518977097,3.2502288349882256,0.0637099964243948,0.4679863548312316,8,0.41586538461538464,8437,0.4189877918691478,1.4420985255236662,92,1.0,3.4068032245804245
identity_soft,settings_all,0.5,reported,12,0.7034668326377869,0.07364089041948318,0.7126818895339966,0.33378681540489197,0.9863590772316951,0.26254215449457163,3.756955065484881,0.052104526958290945,3.6133052259525265,0.07360332866738033,0.5314547366892354,12,0.41586538461538464,8437,0.41780253644660426,1.6156334519849518,92,1.0,3.811804071218344
identity_soft,settings_all,0.5,reported,20,0.7034668326377869,0.07364089041948318,0.7126818895339966,0.33378681540489197,0.9574724172517552,0.19790379529865487,4.838070011779421,0.06610711762994972,4.584346266038736,0.0993785512810582,0.6201955881516922,20,0.35336538461538464,8437,0.3546284224250326,1.828695208157789,92,1.0,5.058497683260069
identity_soft,settings_all,0.5,reported,30,0.7034668326377869,0.07364089041948318,0.7126818895339966,0.33378681540489197,0.9574724172517552,0.140171582367461,6.830717047494928,0.09086063467285983,6.300934395961675,0.14340794856218717,0.689291611624205,30,0.2644230769230769,8437,0.2438070404172099,1.7726251186535964,92,0.782608695652174,5.590139481280625
identity_soft,settings_all,0.5,reported,50,0.7034668326377869,0.07364089041948318,0.7126818895339966,0.33378681540489197,0.9466399197592779,0.06424799903730728,14.734154120653416,0.17734601074824308,12.29845667635399,0.2812697603846683,0.8145060708036616,50,0.1971153846153846,8437,0.19295958279009126,3.1643200282299273,92,0.782608695652174,12.217957251093036
identity_soft,settings_all,0.5,reported,80,0.7034668326377869,0.07364089041948318,0.7126818895339966,0.33378681540489197,0.9191574724172518,0.022056816480829793,41.672263683932705,0.3787715962635364,26.26676544471805,0.5268066614924181,0.8989638967477311,80,0.09375,8437,0.15787602228280195,8.484246713245307,92,0.782608695652174,35.81504652752221
identity_soft,settings_all,0.5,pessimistic,8,0.815342903137207,0.15497277677059174,0.8250049352645874,0.33378681540489197,0.9983951855566701,0.3417265659165686,2.921620046948369,0.040994341347698235,2.842844498803187,0.052506689517212136,0.44641780863064606,8,0.4987980769230769,8437,0.40784639089723834,1.199380043092593,92,1.0,2.927839570905465
identity_soft,settings_all,0.5,pessimistic,12,0.815342903137207,0.15497277677059174,0.8250049352645874,0.33378681540489197,0.9983951855566701,0.23156869018024073,4.311442901799775,0.05933830104321908,4.114947506005349,0.08716943198346769,0.5484368312707608,12,0.36658653846153844,8437,0.3892378807633045,1.710445520574844,92,1.0,4.322247037027638
identity_soft,settings_all,0.5,pessimistic,20,0.815342903137207,0.15497277677059174,0.8250049352645874,0.33378681540489197,0.9983951855566701,0.21546119731972257,4.633758644138382,0.06349267097860614,4.403041602130437,0.09484857209243949,0.6028428627605739,20,0.36658653846153844,8437,0.3881711508830153,1.839013060362202,92,1.0,4.645775934968221
identity_soft,settings_all,0.5,pessimistic,30,0.815342903137207,0.15497277677059174,0.8250049352645874,0.33378681540489197,0.9983951855566701,0.12821129931232042,7.78710761775058,0.10228113440197287,7.092914551298779,0.1636746030658107,0.6984412645874811,30,0.25240384615384615,8437,0.25625222235391726,2.0506719715427253,92,1.0,7.8139753618866274
identity_soft,settings_all,0.5,pessimistic,50,0.815342903137207,0.15497277677059174,0.8250049352645874,0.33378681540489197,0.997592778335005,0.07657222690197851,13.028128065441292,0.16009915652565837,11.102434907581543,0.25746405961105234,0.8036825504117989,50,0.21514423076923078,8437,0.23882896764252695,3.296363562119008,92,0.782608695652174,10.246046481314059
identity_soft,settings_all,0.5,pessimistic,80,0.815342903137207,0.15497277677059174,0.8250049352645874,0.33378681540489197,0.9897693079237713,0.0170877958152217,57.9225851377561,0.4587207140200818,31.811016239495725,0.6193973957772809,0.91565831032318,80,0.06971153846153846,8437,0.16249851843072183,12.13076448282401,92,0.782608695652174,46.360241965973536
identity_soft,settings_all,0.75,optimistic,8,0.4079485237598419,0.03946568816900253,0.41333985328674316,0.39702585339546204,0.9993981945837512,0.34008881427368065,2.938638827972456,0.041223294222781204,2.8587217491752397,0.05294923915244519,0.44437085522171255,8,0.46033653846153844,8437,0.38129666943226265,1.1246280195192015,92,1.0,2.9419502504750388
identity_soft,settings_all,0.75,optimistic,12,0.4079485237598419,0.03946568816900253,0.41333985328674316,0.39702585339546204,0.9993981945837512,0.2714059716299151,3.6822999456567405,0.05112207936133316,3.5451751949639774,0.07180171490066575,0.5240383164112553,12,0.45913461538461536,8437,0.3099442929951405,1.1461274707383737,92,1.0,3.687190811764578
identity_soft,settings_all,0.75,optimistic,20,0.4079485237598419,0.03946568816900253,0.41333985328674316,0.39702585339546204,0.9961885656970912,0.12903604521133746,7.720234792266893,0.1014919272430002,7.038185211674262,0.16228985628254824,0.6704209994263411,20,0.2644230769230769,8437,0.21796847220576035,1.71929391415304,92,1.0,7.763926878191102
identity_soft,settings_all,0.75,optimistic,30,0.4079485237598419,0.03946568816900253,0.41333985328674316,0.39702585339546204,0.9961885656970912,0.08238653873810943,12.091642408522324,0.15032086208984138,10.424337159681004,0.24223518869287736,0.7503735921518608,30,0.1778846153846154,8437,0.18312196278297974,2.293936552752189,92,0.782608695652174,9.52108690993456
identity_soft,settings_all,0.75,optimistic,50,0.4079485237598419,0.03946568816900253,0.41333985328674316,0.39702585339546204,0.9961885656970912,0.0400280589707993,24.887256372431562,0.2669318426144915,18.51098701393365,0.407568490244509,0.8467577874806583,50,0.13341346153846154,8437,0.14981628540950576,4.022955909015526,92,0.782608695652174,19.649962502163337
identity_soft,settings_all,0.75,optimistic,80,0.4079485237598419,0.03946568816900253,0.41333985328674316,0.39702585339546204,0.9961885656970912,0.011839946464892533,84.13792821200339,0.5517777777777778,38.26426693413574,0.7047088487428933,0.9369622561589468,80,0.07091346153846154,8437,0.03863932677492,3.4624713227642308,92,0.782608695652174,67.28202708337906
identity_soft,settings_all,0.75,reported,8,0.6568759083747864,0.048913005739450455,0.6657710671424866,0.39702585339546204,0.9997993981945837,0.30728388575655025,3.253666868124312,0.04544169804611639,3.1512564188064696,0.061029303653385075,0.45561166491552013,8,0.43028846153846156,8437,0.4366480976650468,1.4363466355501455,92,1.0,3.2563024005047656
identity_soft,settings_all,0.75,reported,12,0.6568759083747864,0.048913005739450455,0.6657710671424866,0.39702585339546204,0.9997993981945837,0.2425897608236893,4.1213586047484645,0.05687095633122996,3.9438439558437053,0.08258567681106427,0.5323575098661212,12,0.36658653846153844,8437,0.3956382600450397,1.6574457191982037,92,0.782608695652174,3.2279990712675777
identity_soft,settings_all,0.75,reported,20,0.6568759083747864,0.048913005739450455,0.6657710671424866,0.39702585339546204,0.9997993981945837,0.09769276600990282,10.234119055378544,0.13023596122187672,9.031504684164071,0.21030232930852952,0.7057702862901282,20,0.17548076923076922,8437,0.21773142112125163,2.3005116453078975,92,0.782608695652174,8.026116017955253
identity_soft,settings_all,0.75,reported,30,0.6568759083747864,0.048913005739450455,0.6657710671424866,0.39702585339546204,0.9965897693079238,0.06602956758073558,15.093083384036627,0.18088476242490442,12.543859344280794,0.2888346823065293,0.7749490410747041,30,0.14182692307692307,8437,0.20564181581130733,3.2910812400966347,92,0.782608695652174,11.887241529736805
identity_soft,settings_all,0.75,reported,50,0.6568759083747864,0.048913005739450455,0.6657710671424866,0.39702585339546204,0.9917753259779338,0.03334204061506673,29.745489708562307,0.30323846908734053,21.028751416171968,0.4523696216886826,0.8633966103296886,50,0.1141826923076923,8437,0.1174588123740666,3.763960789158126,92,0.782608695652174,23.6154669830216
identity_soft,settings_all,0.75,reported,80,0.6568759083747864,0.048913005739450455,0.6657710671424866,0.39702585339546204,0.9917753259779338,0.011352730026327298,87.36007318750461,0.5610531093962778,38.90748559796503,0.7113607921166494,0.9377262687713966,80,0.0829326923076923,8437,0.10619888585990281,11.873192664943925,92,0.782608695652174,70.22428643423284
identity_soft,settings_all,0.75,pessimistic,8,0.8049743175506592,0.1029965877532959,0.8152451515197754,0.39702585339546204,0.9949849548645938,0.25823938763350757,3.8529558328905,0.05336489321641831,3.70070814951714,0.07600498825844844,0.49121866928853025,8,0.3701923076923077,8437,0.35545810122081306,1.3897522547836638,92,1.0,3.8753825674399556
identity_soft,settings_all,0.75,pessimistic,12,0.8049743175506592,0.1029965877532959,0.8152451515197754,0.39702585339546204,0.9937813440320963,0.2300277948173085,4.32026636094726,0.05945251839139774,4.122868164058703,0.08735795394993026,0.5274504899153865,12,0.33052884615384615,8437,0.29903994310773974,1.309996019198169,92,0.782608695652174,3.4044442766292615
identity_soft,settings_all,0.75,pessimistic,20,0.8049743175506592,0.1029965877532959,0.8152451515197754,0.39702585339546204,0.9937813440320963,0.15395452450904137,6.455031751754291,0.08629459308807134,5.984292006454145,0.1358691901762463,0.6399738520124073,20,0.28125,8437,0.2416735806566315,1.5928165692571967,92,0.782608695652174,5.088988417860102
identity_soft,settings_all,0.75,pessimistic,30,0.8049743175506592,0.1029965877532959,0.8152451515197754,0.39702585339546204,0.9937813440320963,0.08121545826228094,12.236357034675999,0.15184674329501915,10.530152812460368,0.24454069345583845,0.7508958098720883,30,0.19591346153846154,8437,0.15040891312077753,1.892923687534779,92,0.782608695652174,9.65873369703061
identity_soft,settings_all,0.75,pessimistic,50,0.8049743175506592,0.1029965877532959,0.8152451515197754,0.39702585339546204,0.9937813440320963,0.03888339384404965,25.557988791252985,0.27216789363806176,18.87409270995053,0.41404235724292493,0.8433239859356676,50,0.1141826923076923,8437,0.13156335190233495,3.6015061122092966,92,0.782608695652174,20.231587075314803
identity_soft,settings_all,0.75,pessimistic,80,0.8049743175506592,0.1029965877532959,0.8152451515197754,0.39702585339546204,0.9857572718154464,0.013184194229126738,74.76810904664126,0.5224324899000637,36.22925216218504,0.6768351229356179,0.9253133259349929,80,0.0733173076923077,8437,0.09410928054995851,8.455940261075423,92,0.782608695652174,60.31026952587055
identity_soft,settings_all,1.0,optimistic,8,0.3343409299850464,0.020551927387714386,0.3389320373535156,0.4602648913860321,0.9921765295887663,0.4205617077229676,2.3591699181570114,0.03336571413152001,2.313820243211623,0.03771048546114804,0.3960490575863801,8,0.6033653846153846,8437,0.5664335664335665,1.358817327527394,92,1.0,2.378657523149765
identity_soft,settings_all,1.0,optimistic,12,0.3343409299850464,0.020551927387714386,0.3389320373535156,0.4602648913860321,0.9797392176529589,0.28482790400075136,3.4397585485527933,0.04791617612432305,3.3228546482395145,0.06567412074086315,0.49824441384394774,12,0.4651442307692308,8437,0.4745762711864407,1.6948555022807759,92,1.0,3.5132746101163463
identity_soft,settings_all,1.0,optimistic,20,0.3343409299850464,0.020551927387714386,0.3389320373535156,0.4602648913860321,0.9797392176529589,0.1361799296177699,7.194446497386898,0.09523809523809523,6.604499211921478,0.1512923812188242,0.6507717871926971,20,0.2403846153846154,8437,0.32653786891075026,2.4860812468082085,92,0.782608695652174,5.754250125293526
identity_soft,settings_all,1.0,optimistic,30,0.3343409299850464,0.020551927387714386,0.3389320373535156,0.4602648913860321,0.9795386158475426,0.09260634379283322,10.577446163287021,0.13401948675723893,9.293881744038208,0.21588738252701528,0.7268979439547375,30,0.17668269230769232,8437,0.3009363517838094,3.4465007187334464,92,0.782608695652174,8.467960333683223
identity_soft,settings_all,1.0,optimistic,50,0.3343409299850464,0.020551927387714386,0.3389320373535156,0.4602648913860321,0.9795386158475426,0.04180375743665452,23.431831871377668,0.25530691205688594,17.704830144516997,0.3911135029044427,0.8384175154154793,50,0.1310096153846154,8437,0.05831456678914306,1.4090912926547685,92,0.782608695652174,18.811050123798452
identity_soft,settings_all,1.0,optimistic,80,0.3343409299850464,0.020551927387714386,0.3389320373535156,0.4602648913860321,0.9771313941825477,0.015723002779481732,62.14661460581108,0.47624168947985923,33.026047559965775,0.6332623405155832,0.9198296423723114,80,0.08533653846153846,8437,0.012563707478961716,0.7950092056493098,92,0.782608695652174,50.439241495619264
identity_soft,settings_all,1.0,reported,8,0.6102849245071411,0.024185121059417725,0.6188602447509766,0.4602648913860321,0.9973921765295888,0.5422513508516015,1.8393539729558852,0.026206627557017335,1.8173573359981272,0.023633511853007286,0.29571640891263823,8,0.6850961538461539,8437,0.7665046817589191,1.4285610409614047,92,1.0,1.8445838004104864
identity_soft,settings_all,1.0,reported,12,0.6102849245071411,0.024185121059417725,0.6188602447509766,0.4602648913860321,0.9973921765295888,0.2612624775836413,3.8175867646753097,0.05290093310777022,3.668533795711882,0.07514311836794013,0.5070927270507607,12,0.38341346153846156,8437,0.6089842361028802,2.4124566694904255,92,0.782608695652174,2.997103665317651
identity_soft,settings_all,1.0,reported,20,0.6102849245071411,0.024185121059417725,0.6188602447509766,0.4602648913860321,0.9923771313941826,0.11069498783426424,8.964968972940298,0.1159579954057475,8.041367137369164,0.1866489558696879,0.6796161321181593,20,0.18028846153846154,8437,0.16119473746592392,1.4732724576193756,92,0.782608695652174,7.081566062862892
identity_soft,settings_all,1.0,reported,30,0.6102849245071411,0.024185121059417725,0.6188602447509766,0.4602648913860321,0.9923771313941826,0.07028830886000159,14.118665642827931,0.17120609101920747,11.872670178731383,0.27417773006666074,0.7667480188680319,30,0.18028846153846154,8437,0.15716486902927582,2.3084519358073377,92,0.782608695652174,11.164826239920751
identity_soft,settings_all,1.0,reported,50,0.6102849245071411,0.024185121059417725,0.6188602447509766,0.4602648913860321,0.9885656970912738,0.027251835133001282,36.27519733135864,0.3467248293815521,24.04441055524273,0.5027701547492627,0.8684680286493652,50,0.09014423076923077,8437,0.1131918928529098,4.515092797816057,92,0.782608695652174,28.93426585307151
identity_soft,settings_all,1.0,reported,80,0.6102849245071411,0.024185121059417725,0.6188602447509766,0.4602648913860321,0.9883650952858576,0.011141407233696594,88.71097470493672,0.5648286140089419,39.169306428973954,0.7135940737270637,0.9354781264982723,80,0.07091346153846154,8437,0.0571293113665995,5.7279978289153535,92,0.782608695652174,71.58200625788074
identity_soft,settings_all,1.0,pessimistic,8,0.7946058511734009,0.05102042108774185,0.8054853677749634,0.4602648913860321,0.9917753259779338,0.4184132593312221,2.3703248017597596,0.033518189583870046,2.3243939952628963,0.038007653051676846,0.38353884075446354,8,0.5456730769230769,8437,0.48465094227806094,1.1629816579487136,92,1.0,2.3908792273244144
identity_soft,settings_all,1.0,pessimistic,12,0.7946058511734009,0.05102042108774185,0.8054853677749634,0.4602648913860321,0.9917753259779338,0.21226494008118318,4.6723463874845175,0.06398757522811105,4.43736184675167,0.09571970880792903,0.5633934005760456,12,0.35697115384615385,8437,0.3052032713049662,1.4540061332490228,92,1.0,4.715820515305486
identity_soft,settings_all,1.0,pessimistic,20,0.7946058511734009,0.05102042108774185,0.8054853677749634,0.4602648913860321,0.9875626880641926,0.10094185394659991,9.783480780793182,0.1252193819152995,8.683618746357347,0.2018281164565617,0.7004641346861039,20,0.20552884615384615,8437,0.2709493895934574,2.8041312364597415,92,1.0,9.93058309037901
identity_soft,settings_all,1.0,pessimistic,30,0.7946058511734009,0.05102042108774185,0.8054853677749634,0.4602648913860321,0.9867602808425275,0.05543407756133497,17.80060793382424,0.20662858102999243,14.329122156016902,0.32562223927946676,0.7787552687137472,30,0.12259615384615384,8437,0.10880644778949863,2.011995861361671,92,1.0,18.12285182229316
identity_soft,settings_all,1.0,pessimistic,50,0.7946058511734009,0.05102042108774185,0.8054853677749634,0.4602648913860321,0.9835506519558675,0.024683676194780915,39.846198118731934,0.36828663712161047,25.539662448624323,0.5259586266090046,0.8671955439320721,50,0.09134615384615384,8437,0.06933744221879815,2.94428489147718,92,0.782608695652174,31.97066338502613
identity_soft,settings_all,1.0,pessimistic,80,0.7946058511734009,0.05102042108774185,0.8054853677749634,0.4602648913860321,0.9809428284854563,0.009166126130356812,107.01825553509713,0.6102583302134033,42.31973194011086,0.7479419856307714,0.9343071253030242,80,0.046875,8437,0.017186203626881592,1.917571734022315,92,0.782608695652174,87.37180967038604
identity_soft,settings_numeric,0.0,optimistic,8,0.6287712454795837,0.09620697051286697,0.6365633010864258,0.20730875432491302,0.9831494483450351,0.42337347488047056,2.322180076639435,0.032859757691972455,2.2787335596959095,0.03671091609379847,0.38448149322613573,8,0.5925480769230769,8437,0.4535972502074197,1.0733335663142989,92,1.0,2.3628499680901247
identity_soft,settings_numeric,0.0,optimistic,12,0.6287712454795837,0.09620697051286697,0.6365633010864258,0.20730875432491302,0.9157472417251755,0.19654193730170144,4.659296912899861,0.0638202687022047,4.425759600657443,0.09492243154874994,0.5365907330396915,12,0.28365384615384615,8437,0.2970250088894157,1.5311317106289632,92,0.8913043478260869,4.539266105262611
identity_soft,settings_numeric,0.0,optimistic,20,0.6287712454795837,0.09620697051286697,0.6365633010864258,0.20730875432491302,0.9079237713139419,0.16818065750738895,5.398502924000357,0.07320426350946997,5.07651375690466,0.11177934804781835,0.6082163362155586,20,0.28365384615384615,8437,0.2722531705582553,1.6446558431036604,92,0.8478260869565217,5.046671336928219
identity_soft,settings_numeric,0.0,optimistic,30,0.6287712454795837,0.09620697051286697,0.6365633010864258,0.20730875432491302,0.887061183550652,0.12682302596628814,6.99448051165763,0.092836748404434,6.437972432581588,0.14578060220140535,0.674777252725498,30,0.2548076923076923,8437,0.26514163802299395,2.1501884810107215,92,0.782608695652174,6.1795027888253475
identity_soft,settings_numeric,0.0,optimistic,50,0.6287712454795837,0.09620697051286697,0.6365633010864258,0.20730875432491302,0.8218655967903711,0.07997687189436209,10.276290849133696,0.13070248197537165,9.063856611626495,0.20577457937805288,0.7399509987328431,50,0.20552884615384615,8437,0.2433329382481925,3.208970023951417,92,0.782608695652174,9.80871293021113
identity_soft,settings_numeric,0.0,optimistic,80,0.6287712454795837,0.09620697051286697,0.6365633010864258,0.20730875432491302,0.7378134403209629,0.027295860714799346,27.030231727440384,0.2834026814609339,19.6531942568343,0.3969426875703619,0.8294591532752659,80,0.09254807692307693,8437,0.12208130852198648,4.905011451975155,92,0.782608695652174,28.88723356137276
identity_soft,settings_numeric,0.0,reported,8,0.7966486215591431,0.12309665977954865,0.8065035343170166,0.20730875432491302,0.9929789368104313,0.49736580268908254,1.9964760975558478,0.02838172560891702,1.968194386379173,0.027930287808722885,0.3028849614047213,8,0.6129807692307693,8437,0.4898660661372526,0.9845441237543594,92,1.0,2.011141551432991
identity_soft,settings_numeric,0.0,reported,12,0.7966486215591431,0.12309665977954865,0.8065035343170166,0.20730875432491302,0.9767301905717152,0.3560319449621527,2.7433779591759517,0.03858987263519136,2.6761012257763515,0.04782909414010004,0.43074476624082136,12,0.47596153846153844,8437,0.4245584923551025,1.1983295262465752,92,1.0,2.8101095601095603
identity_soft,settings_numeric,0.0,reported,20,0.7966486215591431,0.12309665977954865,0.8065035343170166,0.20730875432491302,0.9067201604814443,0.1633172982380962,5.551892973147031,0.0751279835117346,5.20991843291326,0.11519326292917063,0.6159096301978766,20,0.2668269230769231,8437,0.2807870096005689,1.7512571154954375,92,0.8913043478260869,5.464079688495264
identity_soft,settings_numeric,0.0,reported,30,0.7966486215591431,0.12309665977954865,0.8065035343170166,0.20730875432491302,0.874222668004012,0.14228481029376802,6.144174253028487,0.08248164130517072,5.7198743174788955,0.12775398304527585,0.661308726289582,30,0.2668269230769231,8437,0.26490458693848523,1.9034428285448228,92,0.782608695652174,5.506990689260585
identity_soft,settings_numeric,0.0,reported,50,0.7966486215591431,0.12309665977954865,0.8065035343170166,0.20730875432491302,0.8324974924774323,0.11150212350056206,7.466203031310304,0.0984812529663028,6.82940325485236,0.15431754044830615,0.7253996459200988,50,0.2439903846153846,8437,0.24712575560033187,2.286964581989825,92,0.782608695652174,7.030207060086182
identity_soft,settings_numeric,0.0,reported,80,0.7966486215591431,0.12309665977954865,0.8065035343170166,0.20730875432491302,0.7512537612838516,0.036054016453827435,20.836895169389642,0.23363902925946722,16.20222223849163,0.34195281510732156,0.8175393262643998,80,0.12379807692307693,8437,0.20078226857887874,6.29978541168823,92,0.782608695652174,21.82864324470585
identity_soft,settings_numeric,0.0,pessimistic,8,0.8360799551010132,0.25892511010169983,0.8445243835449219,0.20730875432491302,0.9749247743229689,0.4872986196512587,2.0006721443633184,0.028439679790271993,1.972213349002581,0.028029719364302347,0.3031853689524643,8,0.6045673076923077,8437,0.4637904468412943,0.9505937571091152,92,1.0,2.0527130942049947
identity_soft,settings_numeric,0.0,pessimistic,12,0.8360799551010132,0.25892511010169983,0.8445243835449219,0.20730875432491302,0.9713139418254765,0.4728171382784824,2.054312044106546,0.02917992479028059,2.0235472979540297,0.029484060947447124,0.3211708827317134,12,0.5925480769230769,8437,0.4637904468412943,0.9804334298276777,92,1.0,2.115619681743084
identity_soft,settings_numeric,0.0,pessimistic,20,0.8360799551010132,0.25892511010169983,0.8445243835449219,0.20730875432491302,0.9346038114343029,0.3095908262427688,3.018835612077936,0.0423007081895769,2.933437435968701,0.0548602314943628,0.48138696786054297,20,0.4831730769230769,8437,0.3930306981154439,1.2782643976470514,92,1.0,3.2320166241258574
identity_soft,settings_numeric,0.0,pessimistic,30,0.8360799551010132,0.25892511010169983,0.8445243835449219,0.20730875432491302,0.8956870611835507,0.23654945100099498,3.7864685688058657,0.052492358335292734,3.6402002622020775,0.07394339919100766,0.5532864543738283,30,0.4026442307692308,8437,0.36754770653075736,1.5759484171652112,92,1.0,4.231134243444344
identity_soft,settings_numeric,0.0,pessimistic,50,0.8360799551010132,0.25892511010169983,0.8445243835449219,0.20730875432491302,0.8427281845536609,0.1367346519484255,6.16323786651775,0.08271638969835395,5.7361534710455695,0.1277385053480168,0.6438373097867954,50,0.265625,8437,0.24985184307218206,1.8664824142846337,92,1.0,7.325927519088074
identity_soft,settings_numeric,0.0,pessimistic,80,0.8360799551010132,0.25892511010169983,0.8445243835449219,0.20730875432491302,0.7648946840521564,0.07820117342850685,9.7811151740765,0.125192894901008,8.681781944974695,0.19522292706288086,0.7048716738363493,80,0.19831730769230768,8437,0.22579115799454783,3.0326420320740684,92,0.9130434782608695,11.709335712414877
identity_soft,settings_numeric,0.25,optimistic,8,0.5517347455024719,0.07848981767892838,0.5586588382720947,0.2727199196815491,0.9731193580742227,0.3654123289239267,2.663072045050815,0.037502609179673914,2.6007025041076335,0.045721435156052696,0.41534773916677953,8,0.5324519230769231,8437,0.4755244755244755,1.3113705894397747,92,1.0,2.7379187833579834
identity_soft,settings_numeric,0.25,optimistic,12,0.5517347455024719,0.07848981767892838,0.5586588382720947,0.2727199196815491,0.912136409227683,0.19843797235780472,4.596581986753041,0.06301536926424325,4.369942044768673,0.093430260137169,0.5431146912570752,12,0.28365384615384615,8437,0.29358776816403936,1.4977289865189385,92,0.8913043478260869,4.495841660528579
identity_soft,settings_numeric,0.25,optimistic,20,0.5517347455024719,0.07848981767892838,0.5586588382720947,0.2727199196815491,0.9033099297893681,0.1644560932872728,5.492711834103109,0.07438671842735607,5.15851374392443,0.11384155636246344,0.6165971197384728,20,0.2668269230769231,8437,0.28043143297380585,1.7362962389583416,92,0.8913043478260869,5.426187589851187
identity_soft,settings_numeric,0.25,optimistic,30,0.5517347455024719,0.07848981767892838,0.5586588382720947,0.2727199196815491,0.885456369107322,0.13434846541497045,6.590744199216254,0.08794931059217342,6.09904210119799,0.13737520178965743,0.6827246188329007,30,0.2608173076923077,8437,0.26763067441033545,2.0435406450275715,92,0.8478260869565217,6.3197145026488855
identity_soft,settings_numeric,0.25,optimistic,50,0.5517347455024719,0.07848981767892838,0.5586588382720947,0.2727199196815491,0.8567703109327984,0.11265265870488478,7.605415804497543,0.10013363655545918,6.9439914990322995,0.15755671371489816,0.7356848160176974,50,0.25,8437,0.246177551262297,2.253089097042514,92,0.8478260869565217,7.539308529475863
identity_soft,settings_numeric,0.25,optimistic,80,0.5517347455024719,0.07848981767892838,0.5586588382720947,0.2727199196815491,0.8006018054162487,0.022890367496206463,34.97548938648231,0.3385072094995759,23.474541282881724,0.4649823577527648,0.8669544284822177,80,0.09134615384615384,8437,0.11366599502192723,5.5216746827362355,92,0.782608695652174,34.498691769683944
identity_soft,settings_numeric,0.25,reported,8,0.7391939759254456,0.09928375482559204,0.7485566139221191,0.2727199196815491,0.9779338014042126,0.3958750964894001,2.4703089688552753,0.03488272249810381,2.4190205891082237,0.04064747661355209,0.39194342236550583,8,0.5588942307692307,8437,0.45584923551025247,1.1559442955586274,92,1.0,2.5270908915548236
identity_soft,settings_numeric,0.25,reported,12,0.7391939759254456,0.09928375482559204,0.7485566139221191,0.2727199196815491,0.9618856569709128,0.313823152172956,3.065056387046909,0.04292056785835765,2.976422994255327,0.056115218085308366,0.4748366062895276,12,0.47836538461538464,8437,0.4155505511437715,1.3351445490658744,92,1.0,3.188391010100065
identity_soft,settings_numeric,0.25,reported,20,0.7391939759254456,0.09928375482559204,0.7485566139221191,0.2727199196815491,0.9025075225677031,0.16758484463372184,5.385376729860322,0.07303927139308733,5.065072008727125,0.11143371499809722,0.6086140202058415,20,0.2668269230769231,8437,0.28043143297380585,1.702478878168866,92,0.8913043478260869,5.32473683969717
identity_soft,settings_numeric,0.25,reported,30,0.7391939759254456,0.09928375482559204,0.7485566139221191,0.2727199196815491,0.8946840521564694,0.14163616672194324,6.316776801174603,0.08460268983439877,5.866963182546101,0.13170894672510597,0.6708913336093292,30,0.2668269230769231,8437,0.26490458693848523,1.9125832584502682,92,0.782608695652174,5.532248444626913
identity_soft,settings_numeric,0.25,reported,50,0.7391939759254456,0.09928375482559204,0.7485566139221191,0.2727199196815491,0.845135406218656,0.09637493359474746,8.769245017303097,0.1137142702906961,7.885770989450847,0.17960221194764855,0.7540641234276569,50,0.2548076923076923,8437,0.22033898305084745,2.363460478879081,92,0.782608695652174,8.136106437075687
identity_soft,settings_numeric,0.25,reported,80,0.7391939759254456,0.09928375482559204,0.7485566139221191,0.2727199196815491,0.8014042126379137,0.022893302534993,35.00605521693285,0.3387028401865197,23.488107731418076,0.4653228684765517,0.8677888848283256,80,0.08052884615384616,8437,0.10773971790920943,5.195052536433704,92,0.782608695652174,34.49422765325412
identity_soft,settings_numeric,0.25,pessimistic,8,0.824454665184021,0.20821155607700348,0.8334710597991943,0.2727199196815491,0.9671013039117352,0.3922649987819589,2.46542849072624,0.03481620567631978,2.414407830989176,0.040502039852969844,0.3894739484477216,8,0.5192307692307693,8437,0.41910631741140214,1.0702860783438721,92,1.0,2.5503642639472286
identity_soft,settings_numeric,0.25,pessimistic,12,0.824454665184021,0.20821155607700348,0.8334710597991943,0.2727199196815491,0.9552657973921765,0.3191531826093082,2.9931263400922012,0.04195557748389882,2.909503573495263,0.05425265919257076,0.4631233411449326,12,0.4411057692307692,8437,0.40168306270001186,1.2669087610401875,92,1.0,3.1350980698960855
identity_soft,settings_numeric,0.25,pessimistic,20,0.824454665184021,0.20821155607700348,0.8334710597991943,0.2727199196815491,0.9544633901705115,0.21327165838496556,4.475340968407811,0.06145540027382398,4.26176249810629,0.09084129524540714,0.5770455525777277,20,0.3701923076923077,8437,0.36766623207301175,1.7562164629514376,92,1.0,4.69353194069338
identity_soft,settings_numeric,0.25,pessimistic,30,0.824454665184021,0.20821155607700348,0.8334710597991943,0.2727199196815491,0.908926780341023,0.14022441306561867,6.481943910263946,0.08662320530712907,6.0070803574429865,0.13540659955392728,0.6452452935253054,30,0.2608173076923077,8437,0.2526964560862866,1.8395509212517482,92,1.0,7.14325559936247
identity_soft,settings_numeric,0.25,pessimistic,50,0.824454665184021,0.20821155607700348,0.8334710597991943,0.2727199196815491,0.8704112337011033,0.125249845176704,6.949399677685162,0.09229362091336439,6.400308039170795,0.14458570529266182,0.6970642004448387,50,0.25,8437,0.2526964560862866,2.0710488443987667,92,1.0,7.999131088253253
identity_soft,settings_numeric,0.25,pessimistic,80,0.824454665184021,0.20821155607700348,0.8334710597991943,0.2727199196815491,0.8332998996990973,0.052971580019429955,15.731075029165511,0.18710026123772633,12.974887042896096,0.28883778938976457,0.8027070989956147,80,0.15985576923076922,8437,0.22389474931847814,4.603898999631661,92,0.9130434782608695,17.312400162644128
identity_soft,settings_numeric,0.5,optimistic,8,0.4746982455253601,0.06077265739440918,0.4807544946670532,0.3381311297416687,0.9831494483450351,0.4105737707323802,2.394574418602767,0.03384949028925049,2.3473687853626353,0.0386426276789077,0.3875367349349079,8,0.5673076923076923,8437,0.4922365769823397,1.2049848702626456,92,1.0,2.4365606781358418
identity_soft,settings_numeric,0.5,optimistic,12,0.4746982455253601,0.06077265739440918,0.4807544946670532,0.3381311297416687,0.9807422266800401,0.2627564123259889,3.732514909905535,0.05178312308686304,3.591016753989208,0.07297737176308365,0.5193784166636675,12,0.42788461538461536,8437,0.42716605428469834,1.651957326831865,92,1.0,3.8086926379819306
identity_soft,settings_numeric,0.5,optimistic,20,0.4746982455253601,0.06077265739440918,0.4807544946670532,0.3381311297416687,0.958876629889669,0.14842784647399115,6.460220589791363,0.0863579700457083,5.988687023655201,0.13557547330038294,0.6446665485163601,20,0.25841346153846156,8437,0.2583856821144957,1.7741903275177604,92,1.0,6.747736682580875
identity_soft,settings_numeric,0.5,optimistic,30,0.4746982455253601,0.06077265739440918,0.4807544946670532,0.3381311297416687,0.9143430290872618,0.11491557360930525,7.956650263922306,0.104275811580609,7.231239911769349,0.16560133366125962,0.7063052304516156,30,0.24759615384615385,8437,0.23586582908616807,2.1088739470381137,92,0.782608695652174,6.820997193120643
identity_soft,settings_numeric,0.5,optimistic,50,0.4746982455253601,0.06077265739440918,0.4807544946670532,0.3381311297416687,0.9065195586760281,0.07611729589006519,11.909508188326837,0.14839260499786555,10.290617849015472,0.2361050163215388,0.7948223860853618,50,0.23677884615384615,8437,0.23349531824108094,3.2375406181454234,92,0.782608695652174,10.30745461698043
identity_soft,settings_numeric,0.5,optimistic,80,0.4746982455253601,0.06077265739440918,0.4807544946670532,0.3381311297416687,0.8812437311935808,0.020900411198933995,42.16394226916108,0.38153552197324997,26.45843606901998,0.5229150465327987,0.8953135620374949,80,0.09735576923076923,8437,0.12788906009244994,7.033136304726699,92,0.782608695652174,37.816908966427555
identity_soft,settings_numeric,0.5,reported,8,0.6817392706871033,0.07547086477279663,0.6906096935272217,0.3381311297416687,0.98716148445336,0.3027697961028555,3.26043580687291,0.04553193064268399,3.157513800492133,0.06116631103876181,0.45752076268591346,8,0.42788461538461536,8437,0.42017304729169136,1.4015638589306456,92,1.0,3.304894969194198
identity_soft,settings_numeric,0.5,reported,12,0.6817392706871033,0.07547086477279663,0.6906096935272217,0.3381311297416687,0.9582748244734203,0.23763835039080042,4.0324923266700035,0.055713002810725075,3.863543073150735,0.0802348766038078,0.5343041355293164,12,0.3545673076923077,8437,0.3766741732843428,1.608976117831564,92,1.0,4.211724410811881
identity_soft,settings_numeric,0.5,reported,20,0.6817392706871033,0.07547086477279663,0.6906096935272217,0.3381311297416687,0.9574724172517552,0.18831795862182318,5.084339402672342,0.06923913831870603,4.80154326183017,0.10507007791602874,0.6278221446549072,20,0.3389423076923077,8437,0.33613843783335307,1.8212513989603032,92,1.0,5.316357109411581
identity_soft,settings_numeric,0.5,reported,30,0.6817392706871033,0.07547086477279663,0.6906096935272217,0.3381311297416687,0.9574724172517552,0.11889255116506364,8.053258239218495,0.10540844946003843,7.309785224581232,0.16830200030930423,0.7131805880166036,30,0.2644230769230769,8437,0.22176128955789973,1.9071229838383303,92,0.782608695652174,6.5924273247687175
identity_soft,settings_numeric,0.5,reported,50,0.6817392706871033,0.07547086477279663,0.6906096935272217,0.3381311297416687,0.9378134403209629,0.08189638726075765,11.451218688499287,0.14350174964700105,9.951450520756202,0.22964633653527997,0.7955816718773356,50,0.24759615384615385,8437,0.21939077871281262,2.7981671889306425,92,0.782608695652174,9.578218220845383
identity_soft,settings_numeric,0.5,reported,80,0.6817392706871033,0.07547086477279663,0.6906096935272217,0.3381311297416687,0.9169508525576731,0.019139387927011454,47.90910012663355,0.41209880995311937,28.577915788476137,0.5598810161175308,0.905520533735695,80,0.0889423076923077,8437,0.12208130852198648,7.387442124901573,92,0.782608695652174,41.335306451286684
identity_soft,settings_numeric,0.5,pessimistic,8,0.812829315662384,0.15749798715114594,0.8224176168441772,0.3381311297416687,0.9983951855566701,0.319687359668458,3.123036164432925,0.04369699204551441,3.0302658700433596,0.05769244846323133,0.4352622450297334,8,0.41586538461538464,8437,0.4594050017778831,1.453170903524626,92,1.0,3.1298550937709617
identity_soft,settings_numeric,0.5,pessimistic,12,0.812829315662384,0.15749798715114594,0.8224176168441772,0.3381311297416687,0.9983951855566701,0.24098722964623978,4.142938142499404,0.05715171558495246,3.9633138356781794,0.08310267968382667,0.547160859468362,12,0.38341346153846156,8437,0.38852672750977835,1.637688285486104,92,1.0,4.153130524903981
identity_soft,settings_numeric,0.5,pessimistic,20,0.812829315662384,0.15749798715114594,0.8224176168441772,0.3381311297416687,0.9983951855566701,0.14179172377762972,7.041279695015496,0.09339989115544128,6.47702482906147,0.1483591450731522,0.6599425736602852,20,0.25240384615384615,8437,0.2669195211568093,1.925624581459413,92,1.0,7.064146169480277
identity_soft,settings_numeric,0.5,pessimistic,30,0.812829315662384,0.15749798715114594,0.8224176168441772,0.3381311297416687,0.9983951855566701,0.13504993968495294,7.392785127381362,0.09760737399490096,6.768802158584008,0.15564660844021494,0.6891770599922842,30,0.25240384615384615,8437,0.25625222235391726,1.9417105865413673,92,1.0,7.417499618910737
identity_soft,settings_numeric,0.5,pessimistic,50,0.812829315662384,0.15749798715114594,0.8224176168441772,0.3381311297416687,0.9973921765295888,0.07778733295960506,12.822038480835102,0.15796664019062748,10.954550781813271,0.25416814844515695,0.7966307915922696,50,0.21514423076923078,8437,0.23882896764252695,3.2406344492997796,92,0.782608695652174,10.085558295348184
identity_soft,settings_numeric,0.5,pessimistic,80,0.812829315662384,0.15749798715114594,0.8224176168441772,0.3381311297416687,0.9885656970912738,0.01789493148151953,55.24277631977448,0.446984126984127,30.997116301284805,0.6078265168136721,0.9124167627763713,80,0.08413461538461539,8437,0.18407016712101457,13.459887920327464,92,0.782608695652174,44.24421432437308
identity_soft,settings_numeric,0.75,optimistic,8,0.3976617157459259,0.04305550083518028,0.40285003185272217,0.40354228019714355,0.9983951855566701,0.2668390512780626,3.7415632411175124,0.05190213990739582,3.599270242212057,0.07326810651637215,0.5139144759379655,8,0.44350961538461536,8437,0.36197700604480265,1.3689298745351264,92,1.0,3.7503605914801317
identity_soft,settings_numeric,0.75,optimistic,12,0.3976617157459259,0.04305550083518028,0.40285003185272217,0.40354228019714355,0.9983951855566701,0.16303846955337514,6.123678591265344,0.08222912467369395,5.702362985596249,0.1287282264249652,0.6136647523465377,12,0.27163461538461536,8437,0.2889652720161195,1.8078297677295494,92,1.0,6.142037975368304
identity_soft,settings_numeric,0.75,optimistic,20,0.3976617157459259,0.04305550083518028,0.40285003185272217,0.40354228019714355,0.9983951855566701,0.14241395200037568,7.010515272787573,0.09302977625750014,6.451358381767857,0.14771533549685514,0.6643784684221203,20,0.24158653846153846,8437,0.26277112717790685,1.8855850018769424,92,1.0,7.033223208754904
identity_soft,settings_numeric,0.75,optimistic,30,0.3976617157459259,0.04305550083518028,0.40285003185272217,0.40354228019714355,0.9951855566700101,0.07131263739650319,13.955248228118526,0.16956046209583703,11.758550351992472,0.2718086548911319,0.7613771376906283,30,0.16466346153846154,8437,0.1690174232547114,2.4555155128562793,92,0.782608695652174,11.00397900121147
identity_soft,settings_numeric,0.75,optimistic,50,0.3976617157459259,0.04305550083518028,0.40285003185272217,0.40354228019714355,0.9951855566700101,0.042669593878683104,23.32306137010564,0.25442330375916716,17.64355434630472,0.39126251411789587,0.8449534573714133,50,0.1466346153846154,8437,0.1690174232547114,4.283106718619278,92,0.782608695652174,18.427443059888557
identity_soft,settings_numeric,0.75,optimistic,80,0.3976617157459259,0.04305550083518028,0.40285003185272217,0.40354228019714355,0.9783350050150451,0.011919192512129048,82.0806446426203,0.5456477959275006,37.83916960099363,0.6949190324379654,0.9328128994367968,80,0.07091346153846154,8437,0.07822685788787484,7.642678911448317,92,0.782608695652174,66.82662103393027
identity_soft,settings_numeric,0.75,reported,8,0.6242845058441162,0.05165797844529152,0.6326627135276794,0.40354228019714355,0.9993981945837512,0.2610951803728086,3.8277159814162247,0.053033851394507135,3.677751312271923,0.07540072038469824,0.5019714222800199,8,0.3557692307692308,8437,0.36766623207301175,1.4229166231344101,92,0.782608695652174,2.9990256205065795
identity_soft,settings_numeric,0.75,reported,12,0.6242845058441162,0.05165797844529152,0.6326627135276794,0.40354228019714355,0.9993981945837512,0.17564152610276745,5.689988106793183,0.07685306594677979,5.329548141532194,0.11914001629680075,0.5940089717248228,12,0.2932692307692308,8437,0.26668247007230056,1.5385837004636604,92,0.782608695652174,4.459878390931185
identity_soft,settings_numeric,0.75,reported,20,0.6242845058441162,0.05165797844529152,0.6326627135276794,0.40354228019714355,0.9961885656970912,0.12543181758146935,7.942072313909155,0.10410464970022221,7.219370307476031,0.16675204016533496,0.6877047601226619,20,0.2608173076923077,8437,0.21939077871281262,1.782997471102387,92,0.782608695652174,6.248157493538998
identity_soft,settings_numeric,0.75,reported,30,0.6242845058441162,0.05165797844529152,0.6326627135276794,0.40354228019714355,0.9953861584754263,0.07044386591568808,14.130203468202199,0.1713220315575044,11.880710335266405,0.27447768967970726,0.769291040597169,30,0.15504807692307693,8437,0.13523764371222,1.965702223396071,92,0.782608695652174,11.140097425899446
identity_soft,settings_numeric,0.75,reported,50,0.6242845058441162,0.05165797844529152,0.6326627135276794,0.40354228019714355,0.9953861584754263,0.03451018605210868,28.843256798802603,0.2967703349282297,20.580204153129245,0.44488917183550436,0.8602494365994137,50,0.12139423076923077,8437,0.11686618466279483,3.6048639660829456,92,0.782608695652174,22.811175021765177
identity_soft,settings_numeric,0.75,reported,80,0.6242845058441162,0.05165797844529152,0.6326627135276794,0.40354228019714355,0.9953861584754263,0.011050421031313928,90.07676319796042,0.5685802681333791,39.429473294410556,0.7185800348953193,0.9373966541676173,80,0.06490384615384616,8437,0.09837620007111532,11.137258433536548,92,0.782608695652174,72.18288418747572
identity_soft,settings_numeric,0.75,pessimistic,8,0.8012040257453918,0.10678441822528839,0.8113642334938049,0.40354228019714355,0.9955867602808425,0.2687438914505255,3.7045930789616675,0.051415666083064845,3.5655346243232064,0.07234134855761158,0.48492809495200684,8,0.3786057692307692,8437,0.3818892971435344,1.4363709709885533,92,1.0,3.723751530523001
identity_soft,settings_numeric,0.75,pessimistic,12,0.8012040257453918,0.10678441822528839,0.8113642334938049,0.40354228019714355,0.994383149448345,0.24072307615545138,4.130817723541401,0.05699404419711638,3.952379759832767,0.08279021793166855,0.5271657148679721,12,0.34375,8437,0.3276045987910395,1.373506245299154,92,0.782608695652174,3.2530525511544064
identity_soft,settings_numeric,0.75,pessimistic,20,0.8012040257453918,0.10678441822528839,0.8113642334938049,0.40354228019714355,0.9937813440320963,0.12245568825192026,8.11543635268011,0.10613591567400806,7.360232999968282,0.17016541797225893,0.6703773036334992,20,0.20552884615384615,8437,0.15266089842361028,1.2545196459120216,92,0.782608695652174,6.40027350070463
identity_soft,settings_numeric,0.75,pessimistic,30,0.8012040257453918,0.10678441822528839,0.8113642334938049,0.40354228019714355,0.9937813440320963,0.0663524218472547,14.977318330893953,0.17974674358695258,12.464940876837543,0.28701751503412937,0.7725008105756617,30,0.15264423076923078,8437,0.13417091383193078,2.075972350295272,92,0.782608695652174,11.829216388034073
identity_soft,settings_numeric,0.75,pessimistic,50,0.8012040257453918,0.10678441822528839,0.8113642334938049,0.40354228019714355,0.9937813440320963,0.03078562183199251,32.28069744556388,0.32079259211293143,22.24608142890109,0.4735424607684497,0.8585730949872288,50,0.0985576923076923,8437,0.10868792224724429,3.77289706192863,92,0.782608695652174,25.5900346841075
identity_soft,settings_numeric,0.75,pessimistic,80,0.8012040257453918,0.10678441822528839,0.8113642334938049,0.40354228019714355,0.9857572718154464,0.014041225554795707,70.20450372857704,0.5067024128686327,35.138414707930764,0.6629246116204665,0.92524946053653,80,0.0733173076923077,8437,0.08249377740903165,6.705121671919907,92,0.782608695652174,56.572875913486385
identity_soft,settings_numeric,1.0,optimistic,8,0.3206252157688141,0.025338340550661087,0.3249456286430359,0.4689534902572632,0.9829488465396189,0.40784711969968684,2.410091426570331,0.03406136606931835,2.362061786298711,0.03905537939992966,0.4062850181301462,8,0.59375,8437,0.5321796847220576,1.315030137737878,92,1.0,2.452861031497991
identity_soft,settings_numeric,1.0,optimistic,12,0.3206252157688141,0.025338340550661087,0.3249456286430359,0.4689534902572632,0.9795386158475426,0.2536020263507782,3.862503111440682,0.05349005345719043,3.709387666988345,0.07617688653331492,0.5327231132435672,12,0.4411057692307692,8437,0.45632333767926986,1.83664685002776,92,1.0,3.946323265325038
identity_soft,settings_numeric,1.0,optimistic,20,0.3206252157688141,0.025338340550661087,0.3249456286430359,0.4689534902572632,0.9771313941825477,0.190724690426784,5.123255893067772,0.06973215180450375,4.835732387203556,0.10611166584527885,0.617635389050497,20,0.3798076923076923,8437,0.4308403460945834,2.3335622794632433,92,1.0,5.249175527816305
identity_soft,settings_numeric,1.0,optimistic,30,0.3206252157688141,0.025338340550661087,0.3249456286430359,0.4689534902572632,0.9771313941825477,0.08431779425965114,11.588673574329226,0.14497455281407184,10.053585357996665,0.23323126996620785,0.7432179768401217,30,0.18389423076923078,8437,0.11461419935996207,1.3718280493545634,92,0.782608695652174,9.302463403976404
identity_soft,settings_numeric,1.0,optimistic,50,0.3206252157688141,0.025338340550661087,0.3249456286430359,0.4689534902572632,0.9771313941825477,0.030198614074684996,32.356829083810865,0.3213060686015831,22.281689607079812,0.4721373999414452,0.8584579951633772,50,0.09975961538461539,8437,0.07360436173995497,2.529666496977844,92,0.782608695652174,26.090965185900735
identity_soft,settings_numeric,1.0,optimistic,80,0.3206252157688141,0.025338340550661087,0.3249456286430359,0.4689534902572632,0.9719157472417251,0.01659177426029685,58.578168434189884,0.4615164793293961,32.004894852207606,0.6183853245211154,0.9165141300219185,80,0.09975961538461539,8437,0.00853383904231362,0.5080761214738785,92,0.782608695652174,47.76409089846763
identity_soft,settings_numeric,1.0,reported,8,0.5668297410011292,0.027845080941915512,0.5747157335281372,0.4689534902572632,0.9921765295887663,0.3019626604365577,3.2857590013094433,0.045869347479318916,3.1809127274243996,0.0618231802516191,0.4653542982967701,8,0.46033653846153844,8437,0.43795187862984475,1.4671279756404876,92,1.0,3.313736744819535
identity_soft,settings_numeric,1.0,reported,12,0.5668297410011292,0.027845080941915512,0.5747157335281372,0.4689534902572632,0.9889669007021064,0.1865833506989795,5.3004027261662605,0.07196975226639027,4.9909038073183645,0.11025536523452664,0.5671013954350642,12,0.2620192307692308,8437,0.2882541187625933,1.5665835073802636,92,1.0,5.365853274311189
identity_soft,settings_numeric,1.0,reported,20,0.5668297410011292,0.027845080941915512,0.5747157335281372,0.4689534902572632,0.9889669007021064,0.07946030506793147,12.446049632664106,0.154048057994563,10.682807915042819,0.24780303105043822,0.7222736599058621,20,0.13701923076923078,8437,0.1392675121488681,1.7868164851244497,92,0.782608695652174,9.872648839092918
identity_soft,settings_numeric,1.0,reported,30,0.5668297410011292,0.027845080941915512,0.5747157335281372,0.4689534902572632,0.9877632898696088,0.0486071773438486,20.3213464316626,0.22918315103560624,15.893219374203596,0.3569916632581882,0.791279387194759,30,0.10697115384615384,8437,0.10868792224724429,2.3084997875722864,92,0.782608695652174,16.16661964366231
identity_soft,settings_numeric,1.0,reported,50,0.5668297410011292,0.027845080941915512,0.5747157335281372,0.4689534902572632,0.9861584754262789,0.022359125475843164,44.105413536487646,0.392213180149992,27.19890221166131,0.5519747422848346,0.8733699265478975,50,0.06850961538461539,8437,0.06969301884556121,3.2940509450768145,92,0.782608695652174,35.326184906486596
identity_soft,settings_numeric,1.0,reported,80,0.5668297410011292,0.027845080941915512,0.5747157335281372,0.4689534902572632,0.9825476429287864,0.01065125575634482,92.2471176549765,0.5744106954380204,39.833797346066575,0.719887072125192,0.9296810149163359,80,0.056490384615384616,8437,0.05546995377503852,5.830820443102547,92,0.782608695652174,74.94275830878489
identity_soft,settings_numeric,1.0,pessimistic,8,0.7895786762237549,0.05607084184885025,0.8003107905387878,0.4689534902572632,0.9971915747241725,0.8535180842414832,1.1683309271769808,0.01680675110050241,1.1655018311814003,0.004831040001713845,0.15751402496791067,8,0.9242788461538461,8437,0.7302358658290862,0.8524335554222279,92,0.782608695652174,0.9169004726167758
identity_soft,settings_numeric,1.0,pessimistic,12,0.7895786762237549,0.05607084184885025,0.8003107905387878,0.4689534902572632,0.9899699097291875,0.16708001796243738,5.925124511009753,0.07977562600022631,5.532219620014891,0.124280188981995,0.5808826087524492,12,0.23918269230769232,8437,0.20599739243807041,1.2402619695398893,92,0.782608695652174,4.688700730016319
identity_soft,settings_numeric,1.0,pessimistic,20,0.7895786762237549,0.05607084184885025,0.8003107905387878,0.4689534902572632,0.9899699097291875,0.10852012409343989,9.122454641470796,0.11775513612827794,8.16599388946864,0.18958666139927566,0.689342072318891,20,0.19831730769230768,8437,0.14732724902216426,1.3700432213369513,92,0.782608695652174,7.2237654139165315
identity_soft,settings_numeric,1.0,pessimistic,30,0.7895786762237549,0.05607084184885025,0.8003107905387878,0.4689534902572632,0.9897693079237713,0.05886513790279738,16.814184816115677,0.1974389755902361,13.691848366227132,0.3126817493210011,0.7775873749630349,30,0.14423076923076922,8437,0.13132630081782623,2.302950985747435,92,0.782608695652174,13.33924095798378
identity_soft,settings_numeric,1.0,pessimistic,50,0.7895786762237549,0.05607084184885025,0.8003107905387878,0.4689534902572632,0.9705115346038115,0.02508577650853656,38.68772147729018,0.3614493836384012,25.06551777858791,0.5165695231211089,0.8630256194087935,50,0.07932692307692307,8437,0.09505748488799336,4.078131792598206,92,0.782608695652174,31.45385148133898
identity_soft,settings_numeric,1.0,pessimistic,80,0.7895786762237549,0.05607084184885025,0.8003107905387878,0.4689534902572632,0.965295887662989,0.010231545209869948,94.34507377554351,0.5798987707881417,40.214380233977415,0.719481061768475,0.9211487648628147,80,0.052884615384615384,8437,0.014578641697285765,1.4404114157965895,92,0.782608695652174,78.08183693741881
identity_soft,no_settings,0.0,optimistic,8,0.6287712454795837,0.09620697051286697,0.6365633010864258,0.20730875432491302,0.9831494483450351,0.42337347488047056,2.322180076639435,0.032859757691972455,2.2787335596959095,0.03671091609379847,0.38448149322613573,8,0.5925480769230769,8437,0.4535972502074197,1.0733335663142989,92,1.0,2.3628499680901247
identity_soft,no_settings,0.0,optimistic,12,0.6287712454795837,0.09620697051286697,0.6365633010864258,0.20730875432491302,0.9157472417251755,0.19654193730170144,4.659296912899861,0.0638202687022047,4.425759600657443,0.09492243154874994,0.5365907330396915,12,0.28365384615384615,8437,0.2970250088894157,1.5311317106289632,92,0.8913043478260869,4.539266105262611
identity_soft,no_settings,0.0,optimistic,20,0.6287712454795837,0.09620697051286697,0.6365633010864258,0.20730875432491302,0.9079237713139419,0.16818065750738895,5.398502924000357,0.07320426350946997,5.07651375690466,0.11177934804781835,0.6082163362155586,20,0.28365384615384615,8437,0.2722531705582553,1.6446558431036604,92,0.8478260869565217,5.046671336928219
identity_soft,no_settings,0.0,optimistic,30,0.6287712454795837,0.09620697051286697,0.6365633010864258,0.20730875432491302,0.887061183550652,0.12682302596628814,6.99448051165763,0.092836748404434,6.437972432581588,0.14578060220140535,0.674777252725498,30,0.2548076923076923,8437,0.26514163802299395,2.1501884810107215,92,0.782608695652174,6.1795027888253475
identity_soft,no_settings,0.0,optimistic,50,0.6287712454795837,0.09620697051286697,0.6365633010864258,0.20730875432491302,0.8218655967903711,0.07997687189436209,10.276290849133696,0.13070248197537165,9.063856611626495,0.20577457937805288,0.7399509987328431,50,0.20552884615384615,8437,0.2433329382481925,3.208970023951417,92,0.782608695652174,9.80871293021113
identity_soft,no_settings,0.0,optimistic,80,0.6287712454795837,0.09620697051286697,0.6365633010864258,0.20730875432491302,0.7378134403209629,0.027295860714799346,27.030231727440384,0.2834026814609339,19.6531942568343,0.3969426875703619,0.8294591532752659,80,0.09254807692307693,8437,0.12208130852198648,4.905011451975155,92,0.782608695652174,28.88723356137276
identity_soft,no_settings,0.0,reported,8,0.7966486215591431,0.12309665977954865,0.8065035343170166,0.20730875432491302,0.9929789368104313,0.49736580268908254,1.9964760975558478,0.02838172560891702,1.968194386379173,0.027930287808722885,0.3028849614047213,8,0.6129807692307693,8437,0.4898660661372526,0.9845441237543594,92,1.0,2.011141551432991
identity_soft,no_settings,0.0,reported,12,0.7966486215591431,0.12309665977954865,0.8065035343170166,0.20730875432491302,0.9767301905717152,0.3560319449621527,2.7433779591759517,0.03858987263519136,2.6761012257763515,0.04782909414010004,0.43074476624082136,12,0.47596153846153844,8437,0.4245584923551025,1.1983295262465752,92,1.0,2.8101095601095603
identity_soft,no_settings,0.0,reported,20,0.7966486215591431,0.12309665977954865,0.8065035343170166,0.20730875432491302,0.9067201604814443,0.1633172982380962,5.551892973147031,0.0751279835117346,5.20991843291326,0.11519326292917063,0.6159096301978766,20,0.2668269230769231,8437,0.2807870096005689,1.7512571154954375,92,0.8913043478260869,5.464079688495264
identity_soft,no_settings,0.0,reported,30,0.7966486215591431,0.12309665977954865,0.8065035343170166,0.20730875432491302,0.874222668004012,0.14228481029376802,6.144174253028487,0.08248164130517072,5.7198743174788955,0.12775398304527585,0.661308726289582,30,0.2668269230769231,8437,0.26490458693848523,1.9034428285448228,92,0.782608695652174,5.506990689260585
identity_soft,no_settings,0.0,reported,50,0.7966486215591431,0.12309665977954865,0.8065035343170166,0.20730875432491302,0.8324974924774323,0.11150212350056206,7.466203031310304,0.0984812529663028,6.82940325485236,0.15431754044830615,0.7253996459200988,50,0.2439903846153846,8437,0.24712575560033187,2.286964581989825,92,0.782608695652174,7.030207060086182
identity_soft,no_settings,0.0,reported,80,0.7966486215591431,0.12309665977954865,0.8065035343170166,0.20730875432491302,0.7512537612838516,0.036054016453827435,20.836895169389642,0.23363902925946722,16.20222223849163,0.34195281510732156,0.8175393262643998,80,0.12379807692307693,8437,0.20078226857887874,6.29978541168823,92,0.782608695652174,21.82864324470585
identity_soft,no_settings,0.0,pessimistic,8,0.8360799551010132,0.25892511010169983,0.8445243835449219,0.20730875432491302,0.9749247743229689,0.4872986196512587,2.0006721443633184,0.028439679790271993,1.972213349002581,0.028029719364302347,0.3031853689524643,8,0.6045673076923077,8437,0.4637904468412943,0.9505937571091152,92,1.0,2.0527130942049947
identity_soft,no_settings,0.0,pessimistic,12,0.8360799551010132,0.25892511010169983,0.8445243835449219,0.20730875432491302,0.9713139418254765,0.4728171382784824,2.054312044106546,0.02917992479028059,2.0235472979540297,0.029484060947447124,0.3211708827317134,12,0.5925480769230769,8437,0.4637904468412943,0.9804334298276777,92,1.0,2.115619681743084
identity_soft,no_settings,0.0,pessimistic,20,0.8360799551010132,0.25892511010169983,0.8445243835449219,0.20730875432491302,0.9346038114343029,0.3095908262427688,3.018835612077936,0.0423007081895769,2.933437435968701,0.0548602314943628,0.48138696786054297,20,0.4831730769230769,8437,0.3930306981154439,1.2782643976470514,92,1.0,3.2320166241258574
identity_soft,no_settings,0.0,pessimistic,30,0.8360799551010132,0.25892511010169983,0.8445243835449219,0.20730875432491302,0.8956870611835507,0.23654945100099498,3.7864685688058657,0.052492358335292734,3.6402002622020775,0.07394339919100766,0.5532864543738283,30,0.4026442307692308,8437,0.36754770653075736,1.5759484171652112,92,1.0,4.231134243444344
identity_soft,no_settings,0.0,pessimistic,50,0.8360799551010132,0.25892511010169983,0.8445243835449219,0.20730875432491302,0.8427281845536609,0.1367346519484255,6.16323786651775,0.08271638969835395,5.7361534710455695,0.1277385053480168,0.6438373097867954,50,0.265625,8437,0.24985184307218206,1.8664824142846337,92,1.0,7.325927519088074
identity_soft,no_settings,0.0,pessimistic,80,0.8360799551010132,0.25892511010169983,0.8445243835449219,0.20730875432491302,0.7648946840521564,0.07820117342850685,9.7811151740765,0.125192894901008,8.681781944974695,0.19522292706288086,0.7048716738363493,80,0.19831730769230768,8437,0.22579115799454783,3.0326420320740684,92,0.9130434782608695,11.709335712414877
identity_soft,no_settings,0.25,optimistic,8,0.6312389373779297,0.07668931782245636,0.6393526792526245,0.15548156201839447,0.9819458375125376,0.42106066431667893,2.3320768733077806,0.03299518047925584,2.2881247564607476,0.03697394240875679,0.3899163583516604,8,0.5865384615384616,8437,0.4584567974398483,1.091275101098402,92,1.0,2.3758370068634562
identity_soft,no_settings,0.25,optimistic,12,0.6312389373779297,0.07668931782245636,0.6393526792526245,0.15548156201839447,0.9699097291875627,0.25319699099823606,3.830652668357815,0.05307238040877259,3.680423193137622,0.07535433390694156,0.5271723977666974,12,0.4050480769230769,8437,0.4115206827071234,1.6515203010547341,92,1.0,3.9526428778648097
identity_soft,no_settings,0.25,optimistic,20,0.6312389373779297,0.07668931782245636,0.6393526792526245,0.15548156201839447,0.9488465396188566,0.1528069243435052,6.209447272728814,0.08328491187294208,5.775578915712855,0.1300641833682043,0.6377980496907508,20,0.2608173076923077,8437,0.27023823633993127,1.8036908129605351,92,1.0,6.554020511439072
identity_soft,no_settings,0.25,optimistic,30,0.6312389373779297,0.07668931782245636,0.6393526792526245,0.15548156201839447,0.9043129388164494,0.12075336575572847,7.488925324415227,0.0987513691128149,6.848135064558407,0.1561168119220628,0.6918950283457933,30,0.25,8437,0.24345146379044685,2.0694993778015487,92,0.782608695652174,6.490659637310636
identity_soft,no_settings,0.25,optimistic,50,0.6312389373779297,0.07668931782245636,0.6393526792526245,0.15548156201839447,0.8740220661985958,0.0745940107598522,11.717054188337192,0.14634555958618836,10.148660896029483,0.23173284774774622,0.7859227656450558,50,0.23918269230769232,8437,0.22093161076211923,3.1170578758597256,92,0.782608695652174,10.518541266004334
identity_soft,no_settings,0.25,optimistic,80,0.6312389373779297,0.07668931782245636,0.6393526792526245,0.15548156201839447,0.8240722166499499,0.018863494281076924,43.68608511078592,0.3899383009017561,27.041145610538308,0.519984228944689,0.8847841972335762,80,0.08173076923076923,8437,0.10572478369088538,6.346810618989204,92,0.782608695652174,41.946717750487466
identity_soft,no_settings,0.25,reported,8,0.7571470141410828,0.09685658663511276,0.7668077945709229,0.15548156201839447,0.9723169508525576,0.40473891362474357,2.402331276092834,0.03395541731467081,2.354714532399687,0.038834283825726255,0.39017020341239034,8,0.5240384615384616,8437,0.4506341116510608,1.1166096095717621,92,1.0,2.4717104356092214
identity_soft,no_settings,0.25,reported,12,0.7571470141410828,0.09685658663511276,0.7668077945709229,0.15548156201839447,0.9538615847542627,0.31625042924942254,3.016159019983384,0.04226478823163415,2.9309464859624867,0.05484088679619653,0.48057625488644895,12,0.4879807692307692,8437,0.4358184188692663,1.3914380224589142,92,1.0,3.16389864199595
identity_soft,no_settings,0.25,reported,20,0.7571470141410828,0.09685658663511276,0.7668077945709229,0.15548156201839447,0.9025075225677031,0.16433575669702474,5.491851199685033,0.07437592990576955,5.157765589710112,0.11381445693119549,0.6129781893951662,20,0.2668269230769231,8437,0.28043143297380585,1.7376237568286876,92,0.8913043478260869,5.430166800554006
identity_soft,no_settings,0.25,reported,30,0.7571470141410828,0.09685658663511276,0.7668077945709229,0.15548156201839447,0.8946840521564694,0.1398839485663803,6.395902184101612,0.08557175748273216,5.9341653510031245,0.13339198843771385,0.6756121708708378,30,0.2668269230769231,8437,0.26490458693848523,1.9377194655013372,92,0.782608695652174,5.6016514941655
identity_soft,no_settings,0.25,reported,50,0.7571470141410828,0.09685658663511276,0.7668077945709229,0.15548156201839447,0.8567703109327984,0.11092098582082763,7.724149804408993,0.10153816893707059,7.0413919456107426,0.15989757954547382,0.74155164703826,50,0.25,8437,0.24878511319189286,2.315995424893481,92,0.782608695652174,7.067110055788649
identity_soft,no_settings,0.25,reported,80,0.7571470141410828,0.09685658663511276,0.7668077945709229,0.15548156201839447,0.8150451354062187,0.02291384780649876,35.56998118731756,0.3422914911541702,23.736970777539018,0.47137545081275833,0.8698735409704876,80,0.09735576923076923,8437,0.13108924973331754,6.500156598401485,92,0.782608695652174,34.46301115764032
identity_soft,no_settings,0.25,pessimistic,8,0.7867205142974854,0.19872793555259705,0.7953234314918518,0.15548156201839447,0.9536609829488465,0.3276501198963344,2.910607764314496,0.0408461353404131,2.832566820990862,0.05212267951969474,0.44010863572968256,8,0.4411057692307692,8437,0.4018015882422662,1.2334006589890503,92,1.0,3.0537286403327895
identity_soft,no_settings,0.25,pessimistic,12,0.7867205142974854,0.19872793555259705,0.7953234314918518,0.15548156201839447,0.9536609829488465,0.27141184170748817,3.5137044019495898,0.048895882830900884,3.3907946060403433,0.06743865398072463,0.5076930881078471,12,0.4411057692307692,8437,0.39516415787602227,1.4730115369714425,92,1.0,3.6871109860252647
identity_soft,no_settings,0.25,pessimistic,20,0.7867205142974854,0.19872793555259705,0.7953234314918518,0.15548156201839447,0.9536609829488465,0.2265028132346769,4.21037147101908,0.05802797646656739,4.024080110849845,0.08451063358904184,0.5737448017682174,20,0.3894230769230769,8437,0.36363636363636365,1.6305045488895216,92,1.0,4.419032174364297
identity_soft,no_settings,0.25,pessimistic,30,0.7867205142974854,0.19872793555259705,0.7953234314918518,0.15548156201839447,0.8988966900702107,0.14770289189371638,6.085843537288601,0.08176261290028282,5.6700116808778676,0.12680775186324247,0.638641923033772,30,0.265625,8437,0.24914068981865592,1.7167055196550138,92,1.0,6.780916547220895
identity_soft,no_settings,0.25,pessimistic,50,0.7867205142974854,0.19872793555259705,0.7953234314918518,0.15548156201839447,0.8657973921765296,0.12688466178080543,6.8234992317054335,0.0907733400635161,6.2948807555862105,0.14191993406391662,0.6901701434391885,50,0.2548076923076923,8437,0.24914068981865592,2.0127640732525487,92,1.0,7.895848304318599
identity_soft,no_settings,0.25,pessimistic,80,0.7867205142974854,0.19872793555259705,0.7953234314918518,0.15548156201839447,0.8244734202607823,0.053940142818987354,15.284969174582185,0.1827641408751334,12.674189055961909,0.28225895554285035,0.7976461029158342,80,0.15985576923076922,8437,0.23349531824108094,4.728450961313806,92,1.0,18.62731051077327
identity_soft,no_settings,0.5,optimistic,8,0.6337066292762756,0.05717166140675545,0.6421419978141785,0.10365437716245651,0.9993981945837512,0.28661827766053927,3.486861350019707,0.048540473128337036,3.366147923485175,0.06692028516816113,0.4813489607074543,8,0.42788461538461536,8437,0.45857532298210263,1.6247017845983385,92,1.0,3.491308091265042
identity_soft,no_settings,0.5,optimistic,12,0.6337066292762756,0.05717166140675545,0.6421419978141785,0.10365437716245651,0.9993981945837512,0.16249255233907917,6.1504246206821245,0.08255862126108211,5.725212665089477,0.1293234168954967,0.6105304284577262,12,0.26322115384615385,8437,0.30792935877681643,1.939105842096236,92,1.0,6.16270738723743
identity_soft,no_settings,0.5,optimistic,20,0.6337066292762756,0.05717166140675545,0.6421419978141785,0.10365437716245651,0.9705115346038115,0.10792137618098623,8.992764630579256,0.11627571620842146,8.063400198673312,0.18672500369771394,0.6952053017988843,20,0.23317307692307693,8437,0.24119947848761408,2.307307197783028,92,0.782608695652174,7.263921502652674
identity_soft,no_settings,0.5,optimistic,30,0.6337066292762756,0.05717166140675545,0.6421419978141785,0.10365437716245651,0.9697091273821464,0.08016471437670049,12.096458334840497,0.1503717298659284,10.427864699645331,0.24142799010323582,0.7546197546587363,30,0.18870192307692307,8437,0.1896408676069693,2.4506175725601103,92,0.782608695652174,9.785668341997278
identity_soft,no_settings,0.5,optimistic,50,0.6337066292762756,0.05717166140675545,0.6421419978141785,0.10365437716245651,0.9689067201604814,0.03939702563169372,24.59339771530938,0.2646140360488687,18.350253521755207,0.40215511471119025,0.8496462573114203,50,0.12620192307692307,8437,0.1363043735925092,3.6902468370469643,92,0.782608695652174,19.96639886932423
identity_soft,no_settings,0.5,optimistic,80,0.6337066292762756,0.05717166140675545,0.6421419978141785,0.10365437716245651,0.9432296890672016,0.011499481965654175,82.02366783863587,0.545475638051044,37.827230927120105,0.685469044765382,0.9313783763643643,80,0.07451923076923077,8437,0.04065426099324405,3.7785605362990693,92,0.782608695652174,69.31133419249814
identity_soft,no_settings,0.5,reported,8,0.7176453471183777,0.07061649858951569,0.7271121740341187,0.10365437716245651,0.98716148445336,0.3208349598339942,3.076851366085963,0.04307862001348122,2.987383475261866,0.05648103642746777,0.4448755313239076,8,0.4639423076923077,8437,0.45691596539054163,1.4396511894343365,92,1.0,3.1186504303241165
identity_soft,no_settings,0.5,reported,12,0.7176453471183777,0.07061649858951569,0.7271121740341187,0.10365437716245651,0.98716148445336,0.25257182773670356,3.908438614469853,0.054091783456993676,3.751115982737991,0.07733595122973565,0.5296643451175139,12,0.4050480769230769,8437,0.40073485836197703,1.6106077477213547,92,1.0,3.9624368907191547
identity_soft,no_settings,0.5,reported,20,0.7176453471183777,0.07061649858951569,0.7271121740341187,0.10365437716245651,0.9863590772316951,0.2244101305798756,4.395341131360443,0.06042322060558396,4.190183685149037,0.08911703406194013,0.5949821506994997,20,0.38221153846153844,8437,0.37975583738295604,1.7225171129695493,92,0.782608695652174,3.4897481417564227
identity_soft,no_settings,0.5,reported,30,0.7176453471183777,0.07061649858951569,0.7271121740341187,0.10365437716245651,0.9338014042126379,0.11960576559019227,7.807327678601558,0.10251949081619169,7.109443911172357,0.16300395122460493,0.699062588939516,30,0.2536057692307692,8437,0.24416261704397296,2.096841369198756,92,0.782608695652174,6.553046812958722
identity_soft,no_settings,0.5,reported,50,0.7176453471183777,0.07061649858951569,0.7271121740341187,0.10365437716245651,0.9331995987963891,0.06234902894241747,14.96734776187528,0.1796485808071056,12.45813355881508,0.28397862556933134,0.8101865017730991,50,0.19831730769230768,8437,0.18904823989569752,3.1970589812247048,92,0.782608695652174,12.591346242706901
identity_soft,no_settings,0.5,reported,80,0.7176453471183777,0.07061649858951569,0.7271121740341187,0.10365437716245651,0.8938816449348044,0.016767876587489104,53.30917366136568,0.43819451273478216,30.38758079726444,0.5799665805814598,0.9049367056276114,80,0.08653846153846154,8437,0.09007941211331041,6.043013644364649,92,0.782608695652174,47.25605234964507
identity_soft,no_settings,0.5,pessimistic,8,0.7373610138893127,0.13853073120117188,0.7461225986480713,0.10365437716245651,0.9983951855566701,0.3394812612448673,2.940943432033879,0.04125428955090267,2.86087118968683,0.053006675028972654,0.4360205330372728,8,0.49399038461538464,8437,0.4560862865947612,1.3553003102568275,92,1.0,2.94721950628607
identity_soft,no_settings,0.5,pessimistic,12,0.7373610138893127,0.13853073120117188,0.7461225986480713,0.10365437716245651,0.9983951855566701,0.22414891212787377,4.454160299413364,0.06118234231133293,4.242826681576439,0.09058568768925526,0.5578905104621649,12,0.3701923076923077,8437,0.3364940144601162,1.5205588413148283,92,1.0,4.465494638034557
identity_soft,no_settings,0.5,pessimistic,20,0.7373610138893127,0.13853073120117188,0.7461225986480713,0.10365437716245651,0.9685055165496489,0.1497985095873042,6.46538820191127,0.08642107901048939,5.9930634562909,0.13580065155247462,0.657212960704335,20,0.265625,8437,0.28872822093161077,1.9739286630556363,92,1.0,6.685883091901228
identity_soft,no_settings,0.5,pessimistic,30,0.7373610138893127,0.13853073120117188,0.7461225986480713,0.10365437716245651,0.967703109327984,0.09808019112972578,9.866448037892292,0.1261473287832431,8.747969302116752,0.20286048113414798,0.7322577230511041,30,0.22956730769230768,8437,0.240843901860851,2.5498221012239095,92,0.782608695652174,7.994343718828845
identity_soft,no_settings,0.5,pessimistic,50,0.7373610138893127,0.13853073120117188,0.7461225986480713,0.10365437716245651,0.958876629889669,0.04360587125158859,21.98962209371603,0.2434180373784183,16.880369478348985,0.37386881321438187,0.8322656053245515,50,0.13581730769230768,8437,0.16569870807158943,4.090747642899124,92,0.782608695652174,18.02985399420682
identity_soft,no_settings,0.5,pessimistic,80,0.7373610138893127,0.13853073120117188,0.7461225986480713,0.10365437716245651,0.9293881644934805,0.026535685669086116,35.02408703824115,0.3388181951148164,23.49610727751486,0.48572752353723636,0.8920024325372712,80,0.1310096153846154,8437,0.13725257793054405,5.785292791994621,92,0.782608695652174,29.721417248784462
identity_soft,no_settings,0.75,optimistic,8,0.6361742615699768,0.037654004991054535,0.6449313759803772,0.051827188581228256,0.9869608826479438,0.2806396036523623,3.516826812050823,0.04893720719735023,3.3936603368696456,0.06763114825471073,0.48733749715316765,8,0.45552884615384615,8437,0.4819248548062107,1.7490917543869415,92,1.0,3.5657576550641195
identity_soft,no_settings,0.75,optimistic,12,0.6361742615699768,0.037654004991054535,0.6449313759803772,0.051827188581228256,0.9845536609829488,0.26595560460331485,3.701947407543663,0.051380833734637046,3.563119097036928,0.0722348633133929,0.5238282360471789,12,0.45552884615384615,8437,0.4778949863695626,1.8340079774197877,92,1.0,3.7628311349727137
identity_soft,no_settings,0.75,optimistic,20,0.6361742615699768,0.037654004991054535,0.6449313759803772,0.051827188581228256,0.9845536609829488,0.10486893584298716,9.38842044184611,0.12077366012106895,8.37532020244996,0.1944610470891137,0.6913361479471204,20,0.23076923076923078,8437,0.31267038046699064,3.139497098975246,92,1.0,9.557747348336045
identity_soft,no_settings,0.75,optimistic,30,0.6361742615699768,0.037654004991054535,0.6449313759803772,0.051827188581228256,0.9763289869608827,0.0573271775786517,17.030822520808382,0.19947538833558753,13.833067973131246,0.3148612929869152,0.776376890271961,30,0.13221153846153846,8437,0.09505748488799336,1.6863390674678647,92,1.0,17.521553497942385
identity_soft,no_settings,0.75,optimistic,50,0.6361742615699768,0.037654004991054535,0.6449313759803772,0.051827188581228256,0.9763289869608827,0.026286207372230423,37.14225384953431,0.3520943355277436,24.41677099590749,0.5070980163667099,0.8630925653342101,50,0.08533653846153846,8437,0.08842005452174943,3.5785243844287176,92,0.782608695652174,30.00578470332596
identity_soft,no_settings,0.75,optimistic,80,0.6361742615699768,0.037654004991054535,0.6449313759803772,0.051827188581228256,0.9751253761283851,0.008552703023970461,114.01370694100146,0.625209003215434,43.35651987473675,0.7576534240391467,0.935776935482606,80,0.04807692307692308,8437,0.00853383904231362,0.9977385059626022,92,0.782608695652174,93.79711164825751
identity_soft,no_settings,0.75,reported,8,0.6781436204910278,0.0443764291703701,0.6874164342880249,0.051827188581228256,0.9889669007021064,0.28358344755525944,3.4873928969686956,0.04854751354012802,3.3666361566234895,0.06690001692990372,0.48710106914900153,8,0.45913461538461536,8437,0.4812137015526846,1.7274719259908895,92,1.0,3.528706696502569
identity_soft,no_settings,0.75,reported,12,0.6781436204910278,0.0443764291703701,0.6874164342880249,0.051827188581228256,0.9889669007021064,0.26697112802345685,3.704396456740494,0.05141307748461779,3.5653551121609692,0.07231203180385863,0.5273860823636662,12,0.45913461538461536,8437,0.4776579352850539,1.8257599538583456,92,1.0,3.7485033235022227
identity_soft,no_settings,0.75,reported,20,0.6781436204910278,0.0443764291703701,0.6874164342880249,0.051827188581228256,0.9889669007021064,0.13157485376169245,7.5163822905957165,0.09907755380936112,6.87075507355685,0.15803978385675116,0.667532219337,20,0.28846153846153844,8437,0.3178855043261823,2.5061116583500107,92,1.0,7.613809598319065
identity_soft,no_settings,0.75,reported,30,0.6781436204910278,0.0443764291703701,0.6874164342880249,0.051827188581228256,0.9877632898696088,0.0661088136279721,14.941476569648566,0.17939376275138444,12.440462629509046,0.28621971700490495,0.7649134217105799,30,0.13581730769230768,8437,0.09979850657816759,1.529399915817455,92,1.0,15.184513195435095
identity_soft,no_settings,0.75,reported,50,0.6781436204910278,0.0443764291703701,0.6874164342880249,0.051827188581228256,0.9795386158475426,0.029696722442187073,32.98473822336747,0.3255116325578295,22.573333867344317,0.4773278323733401,0.8566864799283901,50,0.09375,8437,0.07526371933151595,2.637158818639685,92,0.782608695652174,26.535077772680456
identity_soft,no_settings,0.75,reported,80,0.6781436204910278,0.0443764291703701,0.6874164342880249,0.051827188581228256,0.9795386158475426,0.010930084441065888,89.61857716005159,0.5673289183222958,39.34269563657861,0.7132744548290749,0.9307005683789787,80,0.06129807692307692,8437,0.02014934218324049,1.883821757060791,92,0.782608695652174,72.99326158388494
identity_soft,no_settings,0.75,pessimistic,8,0.6880014538764954,0.0783335417509079,0.6969215869903564,0.051827188581228256,0.9869608826479438,0.27899011185432815,3.537619581167362,0.049212303075768946,3.4127374772479477,0.06815154924282864,0.48817457373228224,8,0.453125,8437,0.4819248548062107,1.7598951434335892,92,1.0,3.5868601455303644
identity_soft,no_settings,0.75,pessimistic,12,0.6880014538764954,0.0783335417509079,0.6969215869903564,0.051827188581228256,0.9869608826479438,0.263390380703881,3.7471409548458166,0.05197549123177689,3.6043569542347726,0.07336297656061844,0.5276347657051774,12,0.453125,8437,0.4778949863695626,1.8527101169197748,92,1.0,3.7995158843476706
identity_soft,no_settings,0.75,pessimistic,20,0.6880014538764954,0.0783335417509079,0.6969215869903564,0.051827188581228256,0.9789368104312939,0.12525278021549055,7.815689270506305,0.10261802123856587,7.116276724190023,0.1639386905972545,0.6743127743600287,20,0.27884615384615385,8437,0.29726205997392435,2.459044830726112,92,1.0,7.998943240260198
identity_soft,no_settings,0.75,pessimistic,30,0.6880014538764954,0.0783335417509079,0.6969215869903564,0.051827188581228256,0.9789368104312939,0.0758296620889845,12.909681824541591,0.15887485349654903,11.017532869477034,0.2548931136424259,0.7552462700990928,30,0.1814903846153846,8437,0.22069455967761054,3.0587746776640676,92,1.0,13.23100528278434
identity_soft,no_settings,0.75,pessimistic,50,0.6880014538764954,0.0783335417509079,0.6969215869903564,0.051827188581228256,0.9775325977933801,0.030060667251717733,32.518659336729186,0.3223949718822362,22.3572020460986,0.47345611175968355,0.8556629934853077,50,0.09615384615384616,8437,0.08842005452174943,3.093901136916572,92,0.782608695652174,26.211542901115816
identity_soft,no_settings,0.75,pessimistic,80,0.6880014538764954,0.0783335417509079,0.6969215869903564,0.051827188581228256,0.9751253761283851,0.010897799014413975,89.47911177648216,0.5669465826918592,39.31618171519457,0.7117578173845938,0.9290610383407991,80,0.06129807692307692,8437,0.02014934218324049,1.8896704839384846,92,0.782608695652174,73.21378503277886
identity_soft,no_settings,1.0,optimistic,8,0.6386420130729675,0.018136346712708473,0.6477207541465759,0.0,0.9829488465396189,0.41511427573515386,2.367899405046595,0.03348504107042793,2.3220952372883956,0.037931501313758983,0.39450071735575076,8,0.5997596153846154,8437,0.5411876259333886,1.3138394454466404,92,1.0,2.409892317923901
identity_soft,no_settings,1.0,optimistic,12,0.6386420130729675,0.018136346712708473,0.6477207541465759,0.0,0.9797392176529589,0.2671178799627837,3.6678159387513163,0.050931236573716815,3.5319407740396405,0.07137030228677406,0.5231664531700233,12,0.45913461538461536,8437,0.46153846153846156,1.7603796176274253,92,1.0,3.7464418486988276
identity_soft,no_settings,1.0,optimistic,20,0.6386420130729675,0.018136346712708473,0.6477207541465759,0.0,0.9797392176529589,0.11280821576057128,8.684998792396442,0.11274498487961403,7.818553719747853,0.1810376133169616,0.6809194704975848,20,0.21153846153846154,8437,0.29015052743866304,2.6790084295482903,92,0.782608695652174,6.9486586373419135
identity_soft,no_settings,1.0,optimistic,30,0.6386420130729675,0.018136346712708473,0.6477207541465759,0.0,0.9795386158475426,0.06820443132155991,14.361803138997853,0.1736424735962448,12.041626590236197,0.27728705823111677,0.7577242791052274,30,0.13221153846153846,8437,0.10323574730354391,1.533623404995652,92,0.782608695652174,11.507009898314248
identity_soft,no_settings,1.0,optimistic,50,0.6386420130729675,0.018136346712708473,0.6477207541465759,0.0,0.9769307923771314,0.02577551062337289,37.90151072666873,0.3567242894813947,24.737845531907766,0.5123133423614424,0.8621036625060214,50,0.08533653846153846,8437,0.014578641697285765,0.5594299100732106,92,0.782608695652174,30.60521140118804
identity_soft,no_settings,1.0,optimistic,80,0.6386420130729675,0.018136346712708473,0.6477207541465759,0.0,0.9759277833500501,0.013536398883511245,72.09655919188616,0.5133481059406986,35.599275191830635,0.6664946945600622,0.9222083973245996,80,0.08533653846153846,8437,0.014578641697285765,1.079105277639548,92,0.782608695652174,58.71616548553917
identity_soft,no_settings,1.0,reported,8,0.6386420130729675,0.018136346712708473,0.6477207541465759,0.0,0.9829488465396189,0.41511427573515386,2.367899405046595,0.03348504107042793,2.3220952372883956,0.037931501313758983,0.39450071735575076,8,0.5997596153846154,8437,0.5411876259333886,1.3138394454466404,92,1.0,2.409892317923901
identity_soft,no_settings,1.0,reported,12,0.6386420130729675,0.018136346712708473,0.6477207541465759,0.0,0.9797392176529589,0.2671178799627837,3.6678159387513163,0.050931236573716815,3.5319407740396405,0.07137030228677406,0.5231664531700233,12,0.45913461538461536,8437,0.46153846153846156,1.7603796176274253,92,1.0,3.7464418486988276
identity_soft,no_settings,1.0,reported,20,0.6386420130729675,0.018136346712708473,0.6477207541465759,0.0,0.9797392176529589,0.11280821576057128,8.684998792396442,0.11274498487961403,7.818553719747853,0.1810376133169616,0.6809194704975848,20,0.21153846153846154,8437,0.29015052743866304,2.6790084295482903,92,0.782608695652174,6.9486586373419135
identity_soft,no_settings,1.0,reported,30,0.6386420130729675,0.018136346712708473,0.6477207541465759,0.0,0.9795386158475426,0.06820443132155991,14.361803138997853,0.1736424735962448,12.041626590236197,0.27728705823111677,0.7577242791052274,30,0.13221153846153846,8437,0.10323574730354391,1.533623404995652,92,0.782608695652174,11.507009898314248
identity_soft,no_settings,1.0,reported,50,0.6386420130729675,0.018136346712708473,0.6477207541465759,0.0,0.9769307923771314,0.02577551062337289,37.90151072666873,0.3567242894813947,24.737845531907766,0.5123133423614424,0.8621036625060214,50,0.08533653846153846,8437,0.014578641697285765,0.5594299100732106,92,0.782608695652174,30.60521140118804
identity_soft,no_settings,1.0,reported,80,0.6386420130729675,0.018136346712708473,0.6477207541465759,0.0,0.9759277833500501,0.013536398883511245,72.09655919188616,0.5133481059406986,35.599275191830635,0.6664946945600622,0.9222083973245996,80,0.08533653846153846,8437,0.014578641697285765,1.079105277639548,92,0.782608695652174,58.71616548553917
identity_soft,no_settings,1.0,pessimistic,8,0.6386420130729675,0.018136346712708473,0.6477207541465759,0.0,0.9829488465396189,0.41511427573515386,2.367899405046595,0.03348504107042793,2.3220952372883956,0.037931501313758983,0.39450071735575076,8,0.5997596153846154,8437,0.5411876259333886,1.3138394454466404,92,1.0,2.409892317923901
identity_soft,no_settings,1.0,pessimistic,12,0.6386420130729675,0.018136346712708473,0.6477207541465759,0.0,0.9797392176529589,0.2671178799627837,3.6678159387513163,0.050931236573716815,3.5319407740396405,0.07137030228677406,0.5231664531700233,12,0.45913461538461536,8437,0.46153846153846156,1.7603796176274253,92,1.0,3.7464418486988276
identity_soft,no_settings,1.0,pessimistic,20,0.6386420130729675,0.018136346712708473,0.6477207541465759,0.0,0.9797392176529589,0.11280821576057128,8.684998792396442,0.11274498487961403,7.818553719747853,0.1810376133169616,0.6809194704975848,20,0.21153846153846154,8437,0.29015052743866304,2.6790084295482903,92,0.782608695652174,6.9486586373419135
identity_soft,no_settings,1.0,pessimistic,30,0.6386420130729675,0.018136346712708473,0.6477207541465759,0.0,0.9795386158475426,0.06820443132155991,14.361803138997853,0.1736424735962448,12.041626590236197,0.27728705823111677,0.7577242791052274,30,0.13221153846153846,8437,0.10323574730354391,1.533623404995652,92,0.782608695652174,11.507009898314248
identity_soft,no_settings,1.0,pessimistic,50,0.6386420130729675,0.018136346712708473,0.6477207541465759,0.0,0.9769307923771314,0.02577551062337289,37.90151072666873,0.3567242894813947,24.737845531907766,0.5123133423614424,0.8621036625060214,50,0.08533653846153846,8437,0.014578641697285765,0.5594299100732106,92,0.782608695652174,30.60521140118804
identity_soft,no_settings,1.0,pessimistic,80,0.6386420130729675,0.018136346712708473,0.6477207541465759,0.0,0.9759277833500501,0.013536398883511245,72.09655919188616,0.5133481059406986,35.599275191830635,0.6664946945600622,0.9222083973245996,80,0.08533653846153846,8437,0.014578641697285765,1.079105277639548,92,0.782608695652174,58.71616548553917
full_strict,equal,0.0,optimistic,8,0.4943566620349884,0.10122561454772949,0.5001085996627808,0.24037973582744598,0.9739217652958877,0.903311017255093,1.0781688108436458,0.015529887436305071,1.0769548580102142,0.002248398759471198,0.10464228263811175,8,0.9507211538461539,8437,0.9874362925210383,1.0957209919319773,92,1.0,1.1070704247325107
full_strict,equal,0.0,optimistic,12,0.4943566620349884,0.10122561454772949,0.5001085996627808,0.24037973582744598,0.9664994984954864,0.45965642435964793,2.102656347818758,0.029846123349109202,2.069746330450081,0.030789060228572043,0.3509973650509709,12,0.5913461538461539,8437,0.5070522697641342,1.106007180918047,92,1.0,2.1762289321356008
full_strict,equal,0.0,optimistic,20,0.4943566620349884,0.10122561454772949,0.5001085996627808,0.24037973582744598,0.8990972918756269,0.16085186565740467,5.589598157292109,0.07559963566440643,5.2426262087547935,0.11595323309294561,0.6040954367260372,20,0.2668269230769231,8437,0.27509778357235987,1.7416657001071263,92,0.8913043478260869,5.547955039146484
full_strict,equal,0.0,optimistic,30,0.4943566620349884,0.10122561454772949,0.5001085996627808,0.24037973582744598,0.8950852557673019,0.14834273034918155,6.0339003715273085,0.0811213729910552,5.62554346188883,0.12563920591775982,0.6573560147393112,30,0.2668269230769231,8437,0.2615858717553633,1.798245245715146,92,0.8913043478260869,6.016551637974116
full_strict,equal,0.0,optimistic,50,0.4943566620349884,0.10122561454772949,0.5001085996627808,0.24037973582744598,0.8312938816449348,0.0960197939015764,8.657526202326988,0.11242844352803928,7.796602450124186,0.1771652894415749,0.7421959322699858,50,0.21754807692307693,8437,0.23468057366362452,2.5371157616237894,92,0.782608695652174,8.16626508912624
full_strict,equal,0.0,optimistic,80,0.4943566620349884,0.10122561454772949,0.5001085996627808,0.24037973582744598,0.7751253761283852,0.06353184957339211,12.200579415415238,0.1514700117600941,10.504027519642424,0.23496138631001784,0.7962672336787123,80,0.18990384615384615,8437,0.15242384733910158,2.4875482048503263,92,0.782608695652174,12.35614124892685
full_strict,equal,0.0,reported,8,0.6344985961914062,0.1285076141357422,0.6419017910957336,0.24037973582744598,0.9883650952858576,0.8869305657874269,1.1143658065368127,0.01604290263550343,1.1125310470377117,0.0032868798436119884,0.13076309165863817,8,0.9423076923076923,8437,0.9114614199359962,1.0283803632899933,92,1.0,1.1275227991194823
full_strict,equal,0.0,reported,12,0.6344985961914062,0.1285076141357422,0.6419017910957336,0.24037973582744598,0.9883650952858576,0.8776969337649797,1.1260892652844923,0.01620894304663649,1.1240454915647036,0.003622584863622059,0.14681162978026518,12,0.9375,8437,0.9114614199359962,1.0394847858693232,92,1.0,1.139388323760909
full_strict,equal,0.0,reported,20,0.6344985961914062,0.1285076141357422,0.6419017910957336,0.24037973582744598,0.9334002006018054,0.32456539413168345,2.875846339376231,0.040378006872852236,2.8001034029924825,0.05117772988737734,0.4765108394874106,20,0.453125,8437,0.41756548536209553,1.2959663187297303,92,1.0,3.082775972703659
full_strict,equal,0.0,reported,30,0.6344985961914062,0.1285076141357422,0.6419017910957336,0.24037973582744598,0.8678034102306921,0.15235199333159188,5.696042376957489,0.07692854856492513,5.334782652898768,0.1179617803668082,0.6333873166289893,30,0.25600961538461536,8437,0.2647860613962309,1.771178559495334,92,0.8913043478260869,5.857970818742984
full_strict,equal,0.0,reported,50,0.6344985961914062,0.1285076141357422,0.6419017910957336,0.24037973582744598,0.8499498495486459,0.12293409957412588,6.913865660488688,0.09186505355361867,6.370588074878988,0.14351708040161357,0.7129633393571206,50,0.25600961538461536,8437,0.24854806210738414,2.0756524275829134,92,0.782608695652174,6.375323256029174
full_strict,equal,0.0,reported,80,0.6344985961914062,0.1285076141357422,0.6419017910957336,0.24037973582744598,0.7671013039117353,0.05791418533595921,13.245482077694671,0.16233655968755306,11.257592645486126,0.250115829923222,0.7961049139687718,80,0.17548076923076922,8437,0.133578286120659,2.385627059524636,92,0.6956521739130435,12.04760767877196
full_strict,equal,0.0,pessimistic,8,0.7347363829612732,0.2702907919883728,0.7415317893028259,0.24037973582744598,0.9522567703109328,0.8974937703801755,1.061017693646564,0.015286620101567306,1.0600849393443152,0.001755317602090409,0.07030796848731449,8,0.9471153846153846,8437,0.9723835486547351,1.0857436647569525,92,1.0,1.1142482351632679
full_strict,equal,0.0,pessimistic,12,0.7347363829612732,0.2702907919883728,0.7415317893028259,0.24037973582744598,0.9039117352056169,0.8502073604902689,1.0631662076935908,0.015317100696509971,1.0621986845297313,0.0018154275206825419,0.1033718847910304,12,0.921875,8437,0.9656275927462368,1.1396839488511377,92,1.0,1.1762396273261897
full_strict,equal,0.0,pessimistic,20,0.7347363829612732,0.2702907919883728,0.7415317893028259,0.24037973582744598,0.9037111334002006,0.8497524294783556,1.0634993229204053,0.015321826375308222,1.0625263973196692,0.00182497605050435,0.12178171084713683,20,0.921875,8437,0.9656275927462368,1.1403117667728,92,1.0,1.1768695495943724
full_strict,equal,0.0,pessimistic,30,0.7347363829612732,0.2702907919883728,0.7415317893028259,0.24037973582744598,0.8686058174523571,0.7434922852505496,1.1682781848363706,0.016806005138833905,1.1654501007972569,0.0048173688827834234,0.1960150850978908,30,0.8617788461538461,8437,0.873414720872348,1.1799818780596574,92,0.9130434782608695,1.2281226563852086
full_strict,equal,0.0,pessimistic,50,0.7347363829612732,0.2702907919883728,0.7415317893028259,0.24037973582744598,0.8228686058174524,0.4870080508113915,1.6896406629140777,0.024125012497721005,1.673003073302339,0.019400386788518142,0.4105654744872314,50,0.6959134615384616,8437,0.7091383193078108,1.4731736080282314,92,0.9130434782608695,1.8752446954791469
full_strict,equal,0.0,pessimistic,80,0.7347363829612732,0.2702907919883728,0.7415317893028259,0.24037973582744598,0.726579739217653,0.10330456016976264,7.033375274272971,0.09330482495685102,6.470432250407938,0.1434819085148639,0.6664402205893223,80,0.2439903846153846,8437,0.33353087590375724,3.422278302196987,92,0.9130434782608695,8.857117207921258
full_strict,equal,0.25,optimistic,8,0.49563661217689514,0.08065259456634521,0.5017082691192627,0.23258763551712036,0.9887662988966901,0.9379239296647305,1.0542073484041863,0.015189990446546888,1.053383939299794,0.0015606465582560444,0.07520635866044724,8,0.96875,8437,0.9805618110702856,1.046668021933284,92,1.0,1.066203606609718
full_strict,equal,0.25,optimistic,12,0.49563661217689514,0.08065259456634521,0.5017082691192627,0.23258763551712036,0.9598796389167502,0.2895415762919307,3.3151703158131256,0.046260936820225265,3.208068368105234,0.06247240493575825,0.46638906492783494,12,0.43990384615384615,8437,0.4498044328552803,1.5756503939966837,92,1.0,3.456025893382577
full_strict,equal,0.25,optimistic,20,0.49563661217689514,0.08065259456634521,0.5017082691192627,0.23258763551712036,0.9061183550651956,0.15031214137494828,6.028244603374492,0.08105149829535259,5.620697844475468,0.12564730090397802,0.6204429817952474,20,0.26802884615384615,8437,0.2726087471850184,1.8518757561825034,92,0.8913043478260869,5.937595502770802
full_strict,equal,0.25,optimistic,30,0.49563661217689514,0.08065259456634521,0.5017082691192627,0.23258763551712036,0.9061183550651956,0.12237057212711067,7.4047080054833625,0.09774940489071629,6.778651609448557,0.154451131394246,0.6966262179248812,30,0.23918269230769232,8437,0.25957093753703925,2.183344902898063,92,0.8913043478260869,7.296032194664245
full_strict,equal,0.25,optimistic,50,0.49563661217689514,0.08065259456634521,0.5017082691192627,0.23258763551712036,0.8904714142427281,0.10410289071970086,8.553762610111765,0.11123083091109552,7.713551318483867,0.1766501706042199,0.7569359364091208,50,0.23317307692307693,8437,0.24499229583975346,2.4371166429512674,92,0.8913043478260869,8.579286055675075
full_strict,equal,0.25,optimistic,80,0.49563661217689514,0.08065259456634521,0.5017082691192627,0.23258763551712036,0.8136409227683049,0.02461617030269055,33.05310748030427,0.32596640681507677,22.60487120769203,0.45421969798479167,0.8681635720654308,80,0.10216346153846154,8437,0.11959227213464502,5.385931503289108,92,0.782608695652174,32.059096969855425
full_strict,equal,0.25,reported,8,0.6320140957832336,0.10152250528335571,0.6397758722305298,0.23258763551712036,0.9735205616850552,0.8536120054826525,1.1404719655209201,0.016412570006222777,1.1381664595528964,0.004033093631368899,0.1557257775705585,8,0.9242788461538461,8437,0.9134763541543203,1.0720396502651544,92,1.0,1.1715466924397147
full_strict,equal,0.25,reported,12,0.6320140957832336,0.10152250528335571,0.6397758722305298,0.23258763551712036,0.9438314944834504,0.3838179571543038,2.459060283372849,0.034729398565059494,2.4083879972611446,0.04029782658472591,0.40537608828084065,12,0.46875,8437,0.4220694559677611,1.102450329472776,92,1.0,2.606532036516961
full_strict,equal,0.25,reported,20,0.6320140957832336,0.10152250528335571,0.6397758722305298,0.23258763551712036,0.9422266800401203,0.24323546935672755,3.8737223749972785,0.05363709032773781,3.719584268392708,0.0762911360541676,0.557027807265826,20,0.4098557692307692,8437,0.4041720990873533,1.6900429137101698,92,1.0,4.114700233145287
full_strict,equal,0.25,reported,30,0.6320140957832336,0.10152250528335571,0.6397758722305298,0.23258763551712036,0.883049147442327,0.1397195863943342,6.3201528878712425,0.08464407952928509,5.869833443722314,0.13162694812140063,0.6572965190666434,30,0.25721153846153844,8437,0.27071233850894866,1.984789752112145,92,0.8913043478260869,6.38851891023471
full_strict,equal,0.25,reported,50,0.6320140957832336,0.10152250528335571,0.6397758722305298,0.23258763551712036,0.8585757271815446,0.11640363827407979,7.3758495860754225,0.0974055530268548,6.754806431127702,0.1530234550999554,0.7319304738860075,50,0.24759615384615385,8437,0.23669550788194857,2.088196988714828,92,0.782608695652174,6.7336412878737955
full_strict,equal,0.25,reported,80,0.6320140957832336,0.10152250528335571,0.6397758722305298,0.23258763551712036,0.8018054162487462,0.037336628403544354,21.475035388375645,0.23908362244287595,16.579789758076718,0.3539843070186706,0.8436135740908608,80,0.13581730769230768,8437,0.12836316226146735,3.6648686524546146,92,0.782608695652174,21.074503225895157
full_strict,equal,0.25,pessimistic,8,0.7282241582870483,0.21091382205486298,0.7357930541038513,0.23258763551712036,0.9187562688064193,0.8436827692677958,1.0889830897029902,0.015683212798597412,1.0875875489717013,0.0025561438150007365,0.11423369371600274,8,0.9182692307692307,8437,0.956382600450397,1.1374388283541061,92,1.0,1.18533894766147
full_strict,equal,0.25,pessimistic,12,0.7282241582870483,0.21091382205486298,0.7357930541038513,0.23258763551712036,0.918555667001003,0.8366063907534538,1.0979543990498866,0.01581037221186382,1.0964057035411183,0.002813087031717598,0.13321705389187763,12,0.9146634615384616,8437,0.956382600450397,1.147340063912797,92,1.0,1.195368293975413
full_strict,equal,0.25,pessimistic,20,0.7282241582870483,0.21091382205486298,0.7357930541038513,0.23258763551712036,0.8834503510531595,0.7210363034947507,1.2252508601456171,0.01761113932554615,1.2212839358643934,0.006439257426623872,0.21631537415541569,20,0.8485576923076923,8437,0.8545691596539055,1.1907953825872462,92,0.9130434782608695,1.2663844374024829
full_strict,equal,0.25,pessimistic,30,0.7282241582870483,0.21091382205486298,0.7357930541038513,0.23258763551712036,0.8756268806419257,0.6681439695225573,1.3105362325841716,0.018813925321862515,1.3046938270946005,0.00885258531708041,0.27781311139917814,30,0.8173076923076923,8437,0.7987436292521038,1.2014293052041083,92,0.9130434782608695,1.3666723348643837
full_strict,equal,0.25,pessimistic,50,0.7282241582870483,0.21091382205486298,0.7357930541038513,0.23258763551712036,0.7865596790371113,0.15589165010815617,5.04555361683197,0.06874726045410713,4.767432888654567,0.10264315348822553,0.6267937003344352,50,0.35336538461538464,8437,0.3413535616925447,2.2578913357054704,92,0.9130434782608695,5.864604120719198
full_strict,equal,0.25,pessimistic,80,0.7282241582870483,0.21091382205486298,0.7357930541038513,0.23258763551712036,0.7803410230692076,0.0660002171928702,11.823309926221052,0.14747696857110362,10.227120988396436,0.22937857998980898,0.7426905253282494,80,0.18269230769230768,8437,0.1888111888111888,3.0026346774695583,92,0.9130434782608695,13.88206742497608
full_strict,equal,0.5,optimistic,8,0.49691644310951233,0.06007956713438034,0.5033079981803894,0.22479555010795593,0.9993981945837512,0.31475649450707494,3.175147175752039,0.04439375172647318,3.078584232063164,0.05902748006211692,0.4588728020349707,8,0.4723557692307692,8437,0.4544269290032002,1.4601937335732527,92,1.0,3.178928408104602
full_strict,equal,0.5,optimistic,12,0.49691644310951233,0.06007956713438034,0.5033079981803894,0.22479555010795593,0.9833500501504514,0.2499420329839659,3.934312442011443,0.05443037974683544,3.7745967014968955,0.07795371195499261,0.5395909745220977,12,0.421875,8437,0.4300106672988029,1.752500484067735,92,1.0,4.004173230197729
full_strict,equal,0.5,optimistic,20,0.49691644310951233,0.06007956713438034,0.5033079981803894,0.22479555010795593,0.9496489468405216,0.12413746547660627,7.6499785394723006,0.10066129409513279,6.980583093984157,0.16012712199402718,0.6706374900184633,20,0.24278846153846154,8437,0.24558492355102524,2.0287269693457315,92,1.0,8.070966518967847
full_strict,equal,0.5,optimistic,30,0.49691644310951233,0.06007956713438034,0.5033079981803894,0.22479555010795593,0.9496489468405216,0.07434746750178303,12.773117615845445,0.15745883918177284,10.91933618250394,0.251614424743112,0.75382047805869,30,0.17427884615384615,8437,0.1751807514519379,2.4402804262751525,92,1.0,13.495740718728952
full_strict,equal,0.5,optimistic,50,0.49691644310951233,0.06007956713438034,0.5033079981803894,0.22479555010795593,0.9496489468405216,0.04992500975900396,19.02150748541922,0.21771523178807947,15.097950806060565,0.3387070179878647,0.8268019798277503,50,0.14783653846153846,8437,0.16072063529690647,3.4114787512868467,92,0.782608695652174,15.738067735526498
full_strict,equal,0.5,optimistic,80,0.49691644310951233,0.06007956713438034,0.5033079981803894,0.22479555010795593,0.9051153460381144,0.014317119200730238,63.219096897087326,0.4805111821086262,33.32212509733674,0.620609166358561,0.9164327493954169,80,0.07451923076923077,8437,0.06139623088775631,4.6789842252289775,92,0.782608695652174,55.46637355479564
full_strict,equal,0.5,reported,8,0.6295297145843506,0.07453739643096924,0.6376498937606812,0.22479555010795593,0.9879638916750251,0.5828282620754833,1.695120082469631,0.02420135527589545,1.6782972343943736,0.01964769514781328,0.30558949753116527,8,0.7415865384615384,8437,0.8723479909920588,1.5158697826483942,92,1.0,1.7161030612039256
full_strict,equal,0.5,reported,12,0.6295297145843506,0.07453739643096924,0.6376498937606812,0.22479555010795593,0.9771313941825477,0.2941466521480081,3.321919141513386,0.04635074697878009,3.214296454879912,0.06269529628554422,0.4809713500941093,12,0.42908653846153844,8437,0.40239421595353797,1.3809090278417115,92,1.0,3.401869625575519
full_strict,equal,0.5,reported,20,0.6295297145843506,0.07453739643096924,0.6376498937606812,0.22479555010795593,0.932196589769308,0.1969704529645359,4.73267221422874,0.06476023245118943,4.49094349397119,0.09674915826679296,0.5992071077529254,20,0.3401442307692308,8437,0.34988740073485836,1.8120653105111493,92,1.0,5.082500223820466
full_strict,equal,0.5,reported,30,0.6295297145843506,0.07453739643096924,0.6376498937606812,0.22479555010795593,0.9305917753259779,0.12884820272899905,7.222388482074927,0.09557263231628176,6.6276984355485125,0.15114150141712576,0.6915698565826415,30,0.2536057692307692,8437,0.25530401801588243,2.0320722292485343,92,1.0,7.775269357195033
full_strict,equal,0.5,reported,50,0.6295297145843506,0.07453739643096924,0.6376498937606812,0.22479555010795593,0.9305917753259779,0.09052540129317808,10.279896714427561,0.1307423482329068,9.066621226624463,0.20927775456486636,0.7790981185287963,50,0.24519230769230768,8437,0.2357473035439137,2.7147951596919104,92,1.0,11.076680433156644
full_strict,equal,0.5,reported,80,0.6295297145843506,0.07453739643096924,0.6376498937606812,0.22479555010795593,0.912136409227683,0.020888671043787842,43.666560084919645,0.38983196159122085,27.03377127266573,0.5368612454383763,0.8995096351320985,80,0.08173076923076923,8437,0.11188811188811189,6.022600111697795,92,0.782608695652174,37.838380596784646
full_strict,equal,0.5,pessimistic,8,0.721712052822113,0.15153680741786957,0.7300543189048767,0.22479555010795593,0.9857572718154464,0.5313300715268953,1.8552634692454981,0.026427311448608184,1.8326611551731302,0.024063132034015847,0.34493754985281583,8,0.7067307692307693,8437,0.7789498636956264,1.4835936844948387,92,1.0,1.8825177685173926
full_strict,equal,0.5,pessimistic,12,0.721712052822113,0.15153680741786957,0.7300543189048767,0.22479555010795593,0.9857572718154464,0.5138431104367044,1.9184012625520503,0.027302123498494327,1.8933269578606808,0.025793380269990306,0.37254058701715836,12,0.6947115384615384,8437,0.7493184781320374,1.4754313955724123,92,1.0,1.9466167562007086
full_strict,equal,0.5,pessimistic,20,0.721712052822113,0.15153680741786957,0.7300543189048767,0.22479555010795593,0.974122367101304,0.20976428703505318,4.6438904394556015,0.06362266622993777,4.412056414247656,0.09494219081312832,0.5747999963201808,20,0.33533653846153844,8437,0.2639563826004504,1.2666566978449791,92,1.0,4.772111464477352
full_strict,equal,0.5,pessimistic,30,0.721712052822113,0.15153680741786957,0.7300543189048767,0.22479555010795593,0.963691073219659,0.12257602484216829,7.8619866687676465,0.10316318422917517,7.154082273879426,0.16461176516652998,0.6900875252034697,30,0.24639423076923078,8437,0.24202915728339458,2.024621641126423,92,1.0,8.174005903386048
full_strict,equal,0.5,pessimistic,50,0.721712052822113,0.15153680741786957,0.7300543189048767,0.22479555010795593,0.9576730190571715,0.08365447549389365,11.447959160619884,0.14346676283207116,9.949024281644066,0.23024146830113967,0.7773411763400584,50,0.22235576923076922,8437,0.23859191655801826,2.9928608283589018,92,1.0,11.98940513903555
full_strict,equal,0.5,pessimistic,80,0.721712052822113,0.15153680741786957,0.7300543189048767,0.22479555010795593,0.954864593781344,0.03199779285083253,29.841576831025083,0.3039203166900779,21.07603566669873,0.44903027855545347,0.883535029613005,80,0.14783653846153846,8437,0.138911935522105,4.743764076430825,92,0.9130434782608695,28.748378306686924
full_strict,equal,0.75,optimistic,8,0.49819639325141907,0.03950655087828636,0.5049075484275818,0.21700343489646912,0.9929789368104313,0.3794212690520705,2.617088228320058,0.03687892537046557,2.557451752230384,0.04454776628921929,0.42024560231975827,8,0.5492788461538461,8437,0.5487732606376674,1.4629227987542044,92,1.0,2.6367577275295906
full_strict,equal,0.75,optimistic,12,0.49819639325141907,0.03950655087828636,0.5049075484275818,0.21700343489646912,0.9897693079237713,0.2777251101373305,3.5638452260738926,0.04955905100544406,3.4367834897448324,0.06881669010826888,0.5197928343912845,12,0.46033653846153844,8437,0.4776579352850539,1.7519185905126828,92,1.0,3.6032137265687805
full_strict,equal,0.75,optimistic,20,0.49819639325141907,0.03950655087828636,0.5049075484275818,0.21700343489646912,0.9889669007021064,0.10270874729609551,9.62884785120636,0.12348462077948101,8.563317846536302,0.19901872320788727,0.6965933935423438,20,0.22355769230769232,8437,0.31907075974872584,3.2821162040972114,92,0.782608695652174,7.633336902363777
full_strict,equal,0.75,optimistic,30,0.49819639325141907,0.03950655087828636,0.5049075484275818,0.21700343489646912,0.9887662988966901,0.06829541752394258,14.477783938432687,0.17479963117951627,12.121872276877443,0.2794200355330847,0.763459660795576,30,0.17067307692307693,8437,0.23005807751570465,3.584129672189293,92,0.782608695652174,11.491632163829282
full_strict,equal,0.75,optimistic,50,0.49819639325141907,0.03950655087828636,0.5049075484275818,0.21700343489646912,0.9807422266800401,0.02734869141295702,35.860663746982524,0.34412613500387135,23.864198268063852,0.4987824920379281,0.8605536796963652,50,0.08533653846153846,8437,0.11769586345857533,4.69757061079095,92,0.782608695652174,28.830996247495982
full_strict,equal,0.75,optimistic,80,0.49819639325141907,0.03950655087828636,0.5049075484275818,0.21700343489646912,0.9795386158475426,0.008966543492872259,109.24372548086156,0.6151423532375914,42.65842546536056,0.7513011032065577,0.9363342137877643,80,0.054086538461538464,8437,0.012089605309944292,1.3603323788541923,92,0.782608695652174,89.36352373595301
full_strict,equal,0.75,reported,8,0.627045214176178,0.04755227640271187,0.6355239152908325,0.21700343489646912,0.99358074222668,0.39634176765645956,2.5068787175816762,0.035380845911522886,2.4535640738675655,0.04163946323120305,0.4052446684962326,8,0.5637019230769231,8437,0.5565959464264549,1.418900749588804,92,1.0,2.524113349043321
full_strict,equal,0.75,reported,12,0.627045214176178,0.04755227640271187,0.6355239152908325,0.21700343489646912,0.99358074222668,0.3244039669984239,3.0627885084756294,0.04289017240931409,2.974315153703158,0.05613572515313001,0.48817756106889887,12,0.5060096153846154,8437,0.5138082256726324,1.6076870827375465,92,0.782608695652174,2.413371761645794
full_strict,equal,0.75,reported,20,0.627045214176178,0.04755227640271187,0.6355239152908325,0.21700343489646912,0.989568706118355,0.12670855945361317,7.809801566567623,0.10254864460335938,7.11146564589828,0.16399207374051533,0.6733408931796481,20,0.22235576923076922,8437,0.3593694441152068,2.974890322976064,92,0.782608695652174,6.185094580021527
full_strict,equal,0.75,reported,30,0.627045214176178,0.04755227640271187,0.6355239152908325,0.21700343489646912,0.989568706118355,0.06913483861689232,14.313604051381486,0.17316062903678742,12.008211999097545,0.276998744544835,0.7649327064970848,30,0.17307692307692307,8437,0.25945241199478486,4.034882090384497,92,0.782608695652174,11.351675309983726
full_strict,equal,0.75,reported,50,0.627045214176178,0.04755227640271187,0.6355239152908325,0.21700343489646912,0.9883650952858576,0.040556365952376064,24.370159211169476,0.2628434249133102,18.227466523336343,0.4016228275437398,0.8406430638519414,50,0.12379807692307693,8437,0.12113310418395164,3.1454658533618587,92,0.782608695652174,19.392651775378138
full_strict,equal,0.75,reported,80,0.627045214176178,0.04755227640271187,0.6355239152908325,0.21700343489646912,0.9803410230692077,0.015036203703431941,65.19870589711748,0.48821178821178823,33.85614089020308,0.6449822735123679,0.924113566631356,80,0.0733173076923077,8437,0.06400379281735213,4.640365754875161,92,0.782608695652174,52.77596343384435
full_strict,equal,0.75,pessimistic,8,0.7151998281478882,0.09215983003377914,0.7243156433105469,0.21700343489646912,0.9837512537612838,0.3879798421536141,2.5355731068414222,0.03577133770506153,2.480643602665787,0.04238350635087059,0.40696168294344087,8,0.5576923076923077,8437,0.5404764726798625,1.407096188822514,92,1.0,2.578552124575123
full_strict,equal,0.75,pessimistic,12,0.7151998281478882,0.09215983003377914,0.7243156433105469,0.21700343489646912,0.9837512537612838,0.3734954257420512,2.6339044228099766,0.03710709907837589,2.5732749695081703,0.044974472908790544,0.44440802363241416,12,0.5576923076923077,8437,0.5369207064122319,1.4537074313289815,92,1.0,2.6786225444708323
full_strict,equal,0.75,pessimistic,20,0.7151998281478882,0.09215983003377914,0.7243156433105469,0.21700343489646912,0.9827482447342026,0.11127612551399867,8.831618104914803,0.11443053349528169,7.935441867038094,0.1839103458164458,0.6722538096296409,20,0.18870192307692307,8437,0.15123859191655803,1.371636648483293,92,0.782608695652174,7.044512335941118
full_strict,equal,0.75,pessimistic,30,0.7151998281478882,0.09215983003377914,0.7243156433105469,0.21700343489646912,0.9807422266800401,0.07357261726213712,13.330261490979499,0.16320603551876084,11.31788839612709,0.26158531477914965,0.7481846577957968,30,0.1466346153846154,8437,0.13108924973331754,1.8178518995821689,92,0.782608695652174,10.664988649903894
full_strict,equal,0.75,pessimistic,50,0.7151998281478882,0.09215983003377914,0.7243156433105469,0.21700343489646912,0.9775325977933801,0.03005186213535812,32.528187218163914,0.32245897300158816,22.36164034719298,0.47353067120429065,0.8514621248080175,50,0.08533653846153846,8437,0.09967998103591325,3.5242675057168587,92,0.782608695652174,26.21927720117516
full_strict,equal,0.75,pessimistic,80,0.7151998281478882,0.09215983003377914,0.7243156433105469,0.21700343489646912,0.9735205616850552,0.012174540886557816,79.96363647354794,0.5391623152983002,37.38941940809652,0.6881922751620406,0.9247478662463655,80,0.0673076923076923,8437,0.08652364584567974,8.411222322916148,92,0.782608695652174,65.40024320518839
full_strict,equal,1.0,optimistic,8,0.4994763135910034,0.018933530896902084,0.5065072774887085,0.2092113196849823,0.9829488465396189,0.4053317914596241,2.4250474975080567,0.03426549464689058,2.376217540110629,0.03945313165996583,0.39848014781494023,8,0.5877403846153846,8437,0.5389356406305559,1.340838170739007,92,1.0,2.4680926606235825
full_strict,equal,1.0,optimistic,12,0.4994763135910034,0.018933530896902084,0.5065072774887085,0.2092113196849823,0.9797392176529589,0.2639128176078847,3.712359356144012,0.05151790046623489,3.5726242968055235,0.07247467285123735,0.5259202977927349,12,0.45552884615384615,8437,0.46153846153846156,1.7827261086351573,92,1.0,3.791986729900029
full_strict,equal,1.0,optimistic,20,0.4994763135910034,0.018933530896902084,0.5065072774887085,0.2092113196849823,0.9797392176529589,0.12048627722615354,8.131541949910046,0.10632415369543921,7.373286787542337,0.17024257725461908,0.6759228578591955,20,0.22596153846153846,8437,0.2953656512978547,2.5452508213216984,92,0.782608695652174,6.505073118044556
full_strict,equal,1.0,optimistic,30,0.4994763135910034,0.018933530896902084,0.5065072774887085,0.2092113196849823,0.9795386158475426,0.07983011995503521,12.27028866296673,0.15220372794713546,10.554908713422856,0.24461308429349093,0.743447568720355,30,0.17067307692307693,8437,0.27106791513571177,3.6154793045039932,92,0.782608695652174,9.82679217400921
full_strict,equal,1.0,optimistic,50,0.4994763135910034,0.018933530896902084,0.5065072774887085,0.2092113196849823,0.9771313941825477,0.028651848634179702,34.10360729802602,0.33287774208979704,23.08415324563179,0.48551725040306287,0.8549497259663448,50,0.08533653846153846,8437,0.026194144838212634,0.9122349105934665,92,0.782608695652174,27.509947503028673
full_strict,equal,1.0,optimistic,80,0.4994763135910034,0.018933530896902084,0.5065072774887085,0.2092113196849823,0.9761283851554664,0.01481901083322816,65.87000955331831,0.49077155824508323,34.03365388146285,0.6463676532734342,0.9199673285648455,80,0.08533653846153846,8437,0.00853383904231362,0.5697353493963664,92,0.782608695652174,53.560657284377704
full_strict,equal,1.0,reported,8,0.6245608329772949,0.0205671526491642,0.6333979368209839,0.2092113196849823,0.9929789368104313,0.3728144967435745,2.663466537604658,0.03750795623314036,2.601073307516889,0.045766719301829455,0.42838635277668363,8,0.5432692307692307,8437,0.5382244873770298,1.4601285368237946,92,0.782608695652174,2.0998140315427163
full_strict,equal,1.0,reported,12,0.6245608329772949,0.0205671526491642,0.6333979368209839,0.2092113196849823,0.9897693079237713,0.22597744129188668,4.37994740654366,0.060224346064179084,4.17639228425325,0.08876719789735539,0.5290657985481303,12,0.3125,8437,0.37963731184070165,1.7094946219617468,92,0.782608695652174,3.465521656041235
full_strict,equal,1.0,reported,20,0.6245608329772949,0.0205671526491642,0.6333979368209839,0.2092113196849823,0.9797392176529589,0.10359219397084332,9.457654868558077,0.12155603673560815,8.429575862658535,0.19564093265056887,0.6901392336131799,20,0.22596153846153846,8437,0.3075737821500533,3.1253446755390466,92,0.782608695652174,7.5681058201841935
full_strict,equal,1.0,reported,30,0.6245608329772949,0.0205671526491642,0.6333979368209839,0.2092113196849823,0.9795386158475426,0.06443877655843222,15.20107407624833,0.18194351292942842,12.61728077144467,0.28960634318744505,0.7692469476579464,30,0.1778846153846154,8437,0.25518549247362804,4.281966686505519,92,0.782608695652174,12.181665736158104
full_strict,equal,1.0,reported,50,0.6245608329772949,0.0205671526491642,0.6333979368209839,0.2092113196849823,0.9795386158475426,0.028058970799299112,34.909998048538924,0.33808765491933807,23.445446329989064,0.4917801824603427,0.8587287539927064,50,0.08533653846153846,8437,0.09588716368377385,3.6408194978702175,92,0.782608695652174,28.09563567710243
full_strict,equal,1.0,reported,80,0.6245608329772949,0.0205671526491642,0.6333979368209839,0.2092113196849823,0.9771313941825477,0.013190064306699813,74.08086658730085,0.5201281366791244,36.069451622352375,0.6727251796044909,0.9255302603241403,80,0.07932692307692307,8437,0.01813440796491644,1.3880654854030512,92,0.782608695652174,60.28299215385523
full_strict,equal,1.0,pessimistic,8,0.7086876630783081,0.032782845199108124,0.7185769081115723,0.2092113196849823,0.9909729187562688,0.4144626971245425,2.390982169520771,0.03380042695276151,2.3439663783072904,0.038557366932039046,0.39543331257914605,8,0.5985576923076923,8437,0.557307099679981,1.3565208353898324,92,1.0,2.4136833900226757
full_strict,equal,1.0,pessimistic,12,0.7086876630783081,0.032782845199108124,0.7185769081115723,0.2092113196849823,0.9877632898696088,0.2679455609005873,3.686432746075935,0.05117651949779663,3.548950468266861,0.07186199050553138,0.5217595993522577,12,0.4579326923076923,8437,0.47813203745407135,1.8207023380436649,92,1.0,3.734857456140351
full_strict,equal,1.0,pessimistic,20,0.7086876630783081,0.032782845199108124,0.7185769081115723,0.2092113196849823,0.9877632898696088,0.12150473568508208,8.129422152151415,0.10629938258279004,7.371568979205653,0.17033973380216333,0.6740519816097628,20,0.23076923076923078,8437,0.30389949034016833,2.600244611765182,92,0.782608695652174,6.45045228922102
full_strict,equal,1.0,pessimistic,30,0.7086876630783081,0.032782845199108124,0.7185769081115723,0.2092113196849823,0.9875626880641926,0.051829849931466845,19.053936860130193,0.21800549109910547,15.118079488665268,0.34161168556222477,0.7861986596731131,30,0.13942307692307693,8437,0.19141875074078463,3.9643152570209095,92,0.782608695652174,15.157297509771299
full_strict,equal,1.0,pessimistic,50,0.7086876630783081,0.032782845199108124,0.7185769081115723,0.2092113196849823,0.9875626880641926,0.028622498246314326,34.50302204809671,0.33546848381601363,23.26381403836723,0.48983112925271816,0.859453477619662,50,0.08533653846153846,8437,0.06672988028920232,2.4129507283942115,92,0.782608695652174,27.53836687028387
full_strict,equal,1.0,pessimistic,80,0.7086876630783081,0.032782845199108124,0.7185769081115723,0.2092113196849823,0.9829488465396189,0.008678909691791577,113.2571810799324,0.6236477026855034,43.248247989482,0.7588661711459262,0.935880535208545,80,0.04807692307692308,8437,0.014578641697285765,1.7092814365998346,92,0.782608695652174,92.39909577273754
full_strict,method_type,0.0,optimistic,8,0.4943566620349884,0.10122561454772949,0.5001085996627808,0.24037973582744598,0.9739217652958877,0.903311017255093,1.0781688108436458,0.015529887436305071,1.0769548580102142,0.002248398759471198,0.10464228263811175,8,0.9507211538461539,8437,0.9874362925210383,1.0957209919319773,92,1.0,1.1070704247325107
full_strict,method_type,0.0,optimistic,12,0.4943566620349884,0.10122561454772949,0.5001085996627808,0.24037973582744598,0.9664994984954864,0.45965642435964793,2.102656347818758,0.029846123349109202,2.069746330450081,0.030789060228572043,0.3509973650509709,12,0.5913461538461539,8437,0.5070522697641342,1.106007180918047,92,1.0,2.1762289321356008
full_strict,method_type,0.0,optimistic,20,0.4943566620349884,0.10122561454772949,0.5001085996627808,0.24037973582744598,0.8990972918756269,0.16085186565740467,5.589598157292109,0.07559963566440643,5.2426262087547935,0.11595323309294561,0.6040954367260372,20,0.2668269230769231,8437,0.27509778357235987,1.7416657001071263,92,0.8913043478260869,5.547955039146484
full_strict,method_type,0.0,optimistic,30,0.4943566620349884,0.10122561454772949,0.5001085996627808,0.24037973582744598,0.8950852557673019,0.14834273034918155,6.0339003715273085,0.0811213729910552,5.62554346188883,0.12563920591775982,0.6573560147393112,30,0.2668269230769231,8437,0.2615858717553633,1.798245245715146,92,0.8913043478260869,6.016551637974116
full_strict,method_type,0.0,optimistic,50,0.4943566620349884,0.10122561454772949,0.5001085996627808,0.24037973582744598,0.8312938816449348,0.0960197939015764,8.657526202326988,0.11242844352803928,7.796602450124186,0.1771652894415749,0.7421959322699858,50,0.21754807692307693,8437,0.23468057366362452,2.5371157616237894,92,0.782608695652174,8.16626508912624
full_strict,method_type,0.0,optimistic,80,0.4943566620349884,0.10122561454772949,0.5001085996627808,0.24037973582744598,0.7751253761283852,0.06353184957339211,12.200579415415238,0.1514700117600941,10.504027519642424,0.23496138631001784,0.7962672336787123,80,0.18990384615384615,8437,0.15242384733910158,2.4875482048503263,92,0.782608695652174,12.35614124892685
full_strict,method_type,0.0,reported,8,0.6344985961914062,0.1285076141357422,0.6419017910957336,0.24037973582744598,0.9883650952858576,0.8869305657874269,1.1143658065368127,0.01604290263550343,1.1125310470377117,0.0032868798436119884,0.13076309165863817,8,0.9423076923076923,8437,0.9114614199359962,1.0283803632899933,92,1.0,1.1275227991194823
full_strict,method_type,0.0,reported,12,0.6344985961914062,0.1285076141357422,0.6419017910957336,0.24037973582744598,0.9883650952858576,0.8776969337649797,1.1260892652844923,0.01620894304663649,1.1240454915647036,0.003622584863622059,0.14681162978026518,12,0.9375,8437,0.9114614199359962,1.0394847858693232,92,1.0,1.139388323760909
full_strict,method_type,0.0,reported,20,0.6344985961914062,0.1285076141357422,0.6419017910957336,0.24037973582744598,0.9334002006018054,0.32456539413168345,2.875846339376231,0.040378006872852236,2.8001034029924825,0.05117772988737734,0.4765108394874106,20,0.453125,8437,0.41756548536209553,1.2959663187297303,92,1.0,3.082775972703659
full_strict,method_type,0.0,reported,30,0.6344985961914062,0.1285076141357422,0.6419017910957336,0.24037973582744598,0.8678034102306921,0.15235199333159188,5.696042376957489,0.07692854856492513,5.334782652898768,0.1179617803668082,0.6333873166289893,30,0.25600961538461536,8437,0.2647860613962309,1.771178559495334,92,0.8913043478260869,5.857970818742984
full_strict,method_type,0.0,reported,50,0.6344985961914062,0.1285076141357422,0.6419017910957336,0.24037973582744598,0.8499498495486459,0.12293409957412588,6.913865660488688,0.09186505355361867,6.370588074878988,0.14351708040161357,0.7129633393571206,50,0.25600961538461536,8437,0.24854806210738414,2.0756524275829134,92,0.782608695652174,6.375323256029174
full_strict,method_type,0.0,reported,80,0.6344985961914062,0.1285076141357422,0.6419017910957336,0.24037973582744598,0.7671013039117353,0.05791418533595921,13.245482077694671,0.16233655968755306,11.257592645486126,0.250115829923222,0.7961049139687718,80,0.17548076923076922,8437,0.133578286120659,2.385627059524636,92,0.6956521739130435,12.04760767877196
full_strict,method_type,0.0,pessimistic,8,0.7347363829612732,0.2702907919883728,0.7415317893028259,0.24037973582744598,0.9522567703109328,0.8974937703801755,1.061017693646564,0.015286620101567306,1.0600849393443152,0.001755317602090409,0.07030796848731449,8,0.9471153846153846,8437,0.9723835486547351,1.0857436647569525,92,1.0,1.1142482351632679
full_strict,method_type,0.0,pessimistic,12,0.7347363829612732,0.2702907919883728,0.7415317893028259,0.24037973582744598,0.9039117352056169,0.8502073604902689,1.0631662076935908,0.015317100696509971,1.0621986845297313,0.0018154275206825419,0.1033718847910304,12,0.921875,8437,0.9656275927462368,1.1396839488511377,92,1.0,1.1762396273261897
full_strict,method_type,0.0,pessimistic,20,0.7347363829612732,0.2702907919883728,0.7415317893028259,0.24037973582744598,0.9037111334002006,0.8497524294783556,1.0634993229204053,0.015321826375308222,1.0625263973196692,0.00182497605050435,0.12178171084713683,20,0.921875,8437,0.9656275927462368,1.1403117667728,92,1.0,1.1768695495943724
full_strict,method_type,0.0,pessimistic,30,0.7347363829612732,0.2702907919883728,0.7415317893028259,0.24037973582744598,0.8686058174523571,0.7434922852505496,1.1682781848363706,0.016806005138833905,1.1654501007972569,0.0048173688827834234,0.1960150850978908,30,0.8617788461538461,8437,0.873414720872348,1.1799818780596574,92,0.9130434782608695,1.2281226563852086
full_strict,method_type,0.0,pessimistic,50,0.7347363829612732,0.2702907919883728,0.7415317893028259,0.24037973582744598,0.8228686058174524,0.4870080508113915,1.6896406629140777,0.024125012497721005,1.673003073302339,0.019400386788518142,0.4105654744872314,50,0.6959134615384616,8437,0.7091383193078108,1.4731736080282314,92,0.9130434782608695,1.8752446954791469
full_strict,method_type,0.0,pessimistic,80,0.7347363829612732,0.2702907919883728,0.7415317893028259,0.24037973582744598,0.726579739217653,0.10330456016976264,7.033375274272971,0.09330482495685102,6.470432250407938,0.1434819085148639,0.6664402205893223,80,0.2439903846153846,8437,0.33353087590375724,3.422278302196987,92,0.9130434782608695,8.857117207921258
full_strict,method_type,0.25,optimistic,8,0.5162367820739746,0.07907885313034058,0.522632896900177,0.19074538350105286,0.9753259779338014,0.5623064708800127,1.7345096107597888,0.024749804017389004,1.7163306418445954,0.020731061097243396,0.3069841403093735,8,0.7223557692307693,8437,0.8847931729287661,1.5967595236870329,92,1.0,1.7787636037014602
full_strict,method_type,0.25,optimistic,12,0.5162367820739746,0.07907885313034058,0.522632896900177,0.19074538350105286,0.9592778335005016,0.2965005532548113,3.2353323559437084,0.04519720612837065,3.134301578686704,0.06044930273752466,0.47941404616427946,12,0.44711538461538464,8437,0.4573900675595591,1.5641796927634768,92,1.0,3.374837757235284
full_strict,method_type,0.25,optimistic,20,0.5162367820739746,0.07907885313034058,0.522632896900177,0.19074538350105286,0.9151454363089268,0.14875657081808336,6.151966472984053,0.08257760883337859,5.726529400855294,0.12843001172469176,0.6213985692137588,20,0.25600961538461536,8437,0.26194144838212635,1.79556315515282,92,0.8913043478260869,5.999786479559177
full_strict,method_type,0.25,optimistic,30,0.5162367820739746,0.07907885313034058,0.522632896900177,0.19074538350105286,0.9151454363089268,0.1201780981535671,7.614910290388579,0.10024611057396501,6.951791261981426,0.15883383352700134,0.6981282242853181,30,0.23798076923076922,8437,0.25577812018489987,2.191100832894643,92,0.8913043478260869,7.429404748731742
full_strict,method_type,0.25,optimistic,50,0.5162367820739746,0.07907885313034058,0.522632896900177,0.19074538350105286,0.8992978936810432,0.06177082630146957,14.558618485886244,0.17560421481452465,12.177667932702489,0.2763720761908169,0.7952144328285298,50,0.17427884615384615,8437,0.18359606495199715,3.128901825196692,92,0.8913043478260869,14.481739918535293
full_strict,method_type,0.25,optimistic,80,0.5162367820739746,0.07907885313034058,0.522632896900177,0.19074538350105286,0.8178535606820462,0.02033688375191878,40.215284242104296,0.37043430855896786,25.688597538937,0.49998669433814186,0.8763728316176642,80,0.07451923076923077,8437,0.10442100272608747,5.736836021793649,92,0.782608695652174,38.87580447781068
full_strict,method_type,0.25,reported,8,0.6275078654289246,0.09961790591478348,0.6352314949035645,0.19074538350105286,0.9638916750250752,0.5206142449172466,1.851450828392698,0.026374434637509332,1.8289942941722017,0.023943888049588472,0.3463501447537119,8,0.7019230769230769,8437,0.8118999644423374,1.5819787179020177,92,1.0,1.9212858246797566
full_strict,method_type,0.25,reported,12,0.6275078654289246,0.09961790591478348,0.6352314949035645,0.19074538350105286,0.9558676028084253,0.4937938604858663,1.9357624290182618,0.027542397373501497,1.9099892883510476,0.026245117596905433,0.4014886002590124,12,0.6911057692307693,8437,0.7956619651534905,1.636730373739605,92,1.0,2.0256974469072073
full_strict,method_type,0.25,reported,20,0.6275078654289246,0.09961790591478348,0.6352314949035645,0.19074538350105286,0.9430290872617854,0.2299955093906566,4.100206520380416,0.05659559611379315,3.9247484842836178,0.08180074138613883,0.576773635211237,20,0.40024038461538464,8437,0.3737110347279839,1.6510585216291418,92,0.782608695652174,3.404922612138815
full_strict,method_type,0.25,reported,30,0.6275078654289246,0.09961790591478348,0.6352314949035645,0.19074538350105286,0.883049147442327,0.13542562464962973,6.520546977183474,0.087094157450092,6.039739589542027,0.13586605531586388,0.6658981967580466,30,0.2512019230769231,8437,0.2521038283750148,1.903202332655057,92,0.782608695652174,5.786350719667191
full_strict,method_type,0.25,reported,50,0.6275078654289246,0.09961790591478348,0.6352314949035645,0.19074538350105286,0.8585757271815446,0.10935074007003003,7.8515767395053615,0.10304066254183017,7.145585732810535,0.1624315651368335,0.7413689336519262,50,0.23317307692307693,8437,0.24262178499466636,2.2896026977369432,92,0.782608695652174,7.168788256134136
full_strict,method_type,0.25,reported,80,0.6275078654289246,0.09961790591478348,0.6352314949035645,0.19074538350105286,0.8002006018054163,0.032021273161124825,24.989656025822658,0.2677360896704477,18.566759328929805,0.3880018555680935,0.8492927941930284,80,0.13341346153846154,8437,0.10264311959227214,3.3956232496418393,92,0.782608695652174,24.59599476880862
full_strict,method_type,0.25,pessimistic,8,0.7069821357727051,0.20657025277614594,0.7143037915229797,0.19074538350105286,0.908926780341023,0.8071327312590436,1.126118103181358,0.016209351411297535,1.1240738105275652,0.0036181589836696564,0.13525054229580108,8,0.8978365384615384,8437,0.9426336375488917,1.1728790144129493,92,1.0,1.2390335640780337
full_strict,method_type,0.25,pessimistic,12,0.7069821357727051,0.20657025277614594,0.7143037915229797,0.19074538350105286,0.9085255767301905,0.7831065037524471,1.160155831137613,0.016691113060270803,1.1574826520528334,0.004589908164795924,0.16735534441269076,12,0.8846153846153846,8437,0.8974754059499822,1.1503108807504383,92,1.0,1.2770610488113048
full_strict,method_type,0.25,pessimistic,20,0.7069821357727051,0.20657025277614594,0.7143037915229797,0.19074538350105286,0.8684052156469408,0.6496620302837302,1.3367030473793857,0.019182367642106384,1.3302442857383368,0.00958910462601704,0.26862694722477176,20,0.8052884615384616,8437,0.7781201848998459,1.203774554280207,92,0.9130434782608695,1.4055669340185168
full_strict,method_type,0.25,pessimistic,30,0.7069821357727051,0.20657025277614594,0.7143037915229797,0.19074538350105286,0.8651955867602809,0.64890772531559,1.3333106588298071,0.019134616664374476,1.3269328871429484,0.009492697847028733,0.2860309366405438,30,0.8052884615384616,8437,0.7777646082730828,1.2046490782057835,92,0.9130434782608695,1.407201417706936
full_strict,method_type,0.25,pessimistic,50,0.7069821357727051,0.20657025277614594,0.7143037915229797,0.19074538350105286,0.80802407221665,0.1991335765502141,4.057698787993678,0.05604173913043478,3.8863400301774886,0.08000174680503237,0.5860334058013726,50,0.4074519230769231,8437,0.6489273438425981,3.457026939138643,92,0.9130434782608695,4.589524615523798
full_strict,method_type,0.25,pessimistic,80,0.7069821357727051,0.20657025277614594,0.7143037915229797,0.19074538350105286,0.7707121364092276,0.07378100501598128,10.445942505693546,0.13257418909592822,9.193654337754463,0.20671205032235537,0.7355592813331767,80,0.22596153846153846,8437,0.3340049780727747,4.972274645347362,92,0.9130434782608695,12.413185779585659
full_strict,method_type,0.5,optimistic,8,0.5381168723106384,0.05693211406469345,0.5451571941375732,0.14111101627349854,0.9945837512537613,0.3777248166334518,2.633090830828084,0.037096062190897325,2.5725095918043013,0.04497140092339725,0.4179203852526314,8,0.5444711538461539,8437,0.5494844138911935,1.4717141371547604,92,1.0,2.6486085083551707
full_strict,method_type,0.5,optimistic,12,0.5381168723106384,0.05693211406469345,0.5451571941375732,0.14111101627349854,0.967703109327984,0.336017915476753,2.879915221052948,0.0404328256879196,2.8039049366120468,0.05136057975767354,0.4544883210635516,12,0.5036057692307693,8437,0.5226976413417092,1.5778227215914156,92,1.0,2.9776210082784784
full_strict,method_type,0.5,optimistic,20,0.5381168723106384,0.05693211406469345,0.5451571941375732,0.14111101627349854,0.966900702106319,0.16892909239795603,5.7237074347652035,0.0772733102475311,5.3586909246400225,0.11959743173667801,0.6255786936478366,20,0.3389423076923077,8437,0.28232784164987557,1.700261015267531,92,1.0,5.927519838507587
full_strict,method_type,0.5,optimistic,30,0.5381168723106384,0.05693211406469345,0.5451571941375732,0.14111101627349854,0.9083249749247744,0.06742664604312747,13.47130590395659,0.16464855823424604,11.417923367571898,0.2607167911044033,0.7496824803591625,30,0.16466346153846154,8437,0.15491288372644305,2.3757741866205175,92,0.8913043478260869,13.262644517590928
full_strict,method_type,0.5,optimistic,50,0.5381168723106384,0.05693211406469345,0.5451571941375732,0.14111101627349854,0.9083249749247744,0.05639090020574622,16.10765161773772,0.19072490628027464,13.226246178829653,0.29853468172281433,0.8068678690479798,50,0.16466346153846154,8437,0.14993481095176012,2.775765510039288,92,0.8913043478260869,15.869279998545496
full_strict,method_type,0.5,optimistic,80,0.5381168723106384,0.05693211406469345,0.5451571941375732,0.14111101627349854,0.9035105315947843,0.014959892694981965,60.39552221506583,0.4691178002291428,32.53202549007297,0.6101782370841222,0.9093910383422465,80,0.06129807692307692,8437,0.05215123859191656,3.720957838069676,92,0.782608695652174,53.0490330953926
full_strict,method_type,0.5,reported,8,0.6205171346664429,0.07072817534208298,0.6285611391067505,0.14111101627349854,0.9993981945837512,0.36218378625873543,2.759367571108788,0.038806063155270985,2.6910934420310046,0.04828939213816146,0.43096238659731745,8,0.5300480769230769,8437,0.5472324285883607,1.530783933532315,92,1.0,2.7623430758750445
full_strict,method_type,0.5,reported,12,0.6205171346664429,0.07072817534208298,0.6285611391067505,0.14111101627349854,0.9993981945837512,0.35375728990258604,2.825095688795431,0.03969373202348798,2.7526508296071612,0.05000319755539719,0.45961119993945637,12,0.5300480769230769,8437,0.5404764726798625,1.5485714241153123,92,1.0,2.8281923329209464
full_strict,method_type,0.5,reported,20,0.6205171346664429,0.07072817534208298,0.6285611391067505,0.14111101627349854,0.961283851554664,0.23469450648790324,4.095894130373312,0.05653943720134506,3.920854018607057,0.08178684546661799,0.5973650687421935,20,0.4543269230769231,8437,0.43036624392556594,1.8733887928276935,92,1.0,4.264614190381991
full_strict,method_type,0.5,reported,30,0.6205171346664429,0.07072817534208298,0.6285611391067505,0.14111101627349854,0.9195586760280843,0.09362186721297522,9.822050162022842,0.1256510059755496,8.713550684397912,0.20081347690434065,0.7261024380457726,30,0.21754807692307693,8437,0.1679506933744222,1.830833919172362,92,0.9565217391304348,10.24236020939546
full_strict,method_type,0.5,reported,50,0.6205171346664429,0.07072817534208298,0.6285611391067505,0.14111101627349854,0.9075225677031094,0.05846890766661481,15.5214558287583,0.1850685211699734,12.83399147329491,0.290443794918449,0.8034138886260092,50,0.16105769230769232,8437,0.13855635889534196,2.455134150788761,92,0.8913043478260869,15.302948518180044
full_strict,method_type,0.5,reported,80,0.6205171346664429,0.07072817534208298,0.6285611391067505,0.14111101627349854,0.8714142427281846,0.04427799513370569,19.680526186806475,0.2235717961914565,15.50408739342061,0.3407150344537194,0.8593591311828697,80,0.14543269230769232,8437,0.13180040298684367,3.1339521326785813,92,0.782608695652174,17.754854889060066
full_strict,method_type,0.5,pessimistic,8,0.6792279481887817,0.1428496390581131,0.687075674533844,0.14111101627349854,0.99679037111334,0.3782560586538151,2.635226451258552,0.037125032687063395,2.574518615804828,0.045031245118638895,0.4026158815129654,8,0.5384615384615384,8437,0.5503140926869741,1.4718719247983354,92,1.0,2.644886010684557
full_strict,method_type,0.5,pessimistic,12,0.6792279481887817,0.1428496390581131,0.687075674533844,0.14111101627349854,0.9739217652958877,0.3357889824514031,2.900398214932016,0.04070869178782848,2.8230354897262093,0.051904418990141345,0.4500024012458093,12,0.5108173076923077,8437,0.5017186203626881,1.513134250026248,92,0.9130434782608695,2.720362101429626
full_strict,method_type,0.5,pessimistic,20,0.6792279481887817,0.1428496390581131,0.687075674533844,0.14111101627349854,0.9530591775325978,0.2887814012462175,3.300278942548698,0.046062709662407164,3.1943218614755278,0.06207514073032089,0.5194438837944348,20,0.4891826923076923,8437,0.46070878274268107,1.6198420180843307,92,0.9130434782608695,3.1635586125274813
full_strict,method_type,0.5,pessimistic,30,0.6792279481887817,0.1428496390581131,0.687075674533844,0.14111101627349854,0.9382146439317954,0.21348004613880972,4.394858727554079,0.06041698961401333,4.189751583070401,0.08883505103390456,0.6110273117665082,30,0.41586538461538464,8437,0.3848524356998933,1.840266783038026,92,0.9130434782608695,4.280738827018749
full_strict,method_type,0.5,pessimistic,50,0.6792279481887817,0.1428496390581131,0.687075674533844,0.14111101627349854,0.9029087261785356,0.06465890446742253,13.964182251702907,0.1696505974143455,11.764800987713054,0.26785730754927456,0.7676792245397644,50,0.16466346153846154,8437,0.1440085338390423,2.298836972031417,92,0.6956521739130435,10.787232442232858
full_strict,method_type,0.5,pessimistic,80,0.6792279481887817,0.1428496390581131,0.687075674533844,0.14111101627349854,0.8657973921765296,0.03941170082562641,21.968029139548527,0.24323715058611362,16.86782547823814,0.3654932147806547,0.8346500783313558,80,0.13942307692307693,8437,0.1437714827545336,3.9108903529087105,92,0.6956521739130435,17.730645602071757
full_strict,method_type,0.75,optimistic,8,0.5599969625473022,0.03478535637259483,0.5676814317703247,0.09147663414478302,0.9945837512537613,0.3689108951574795,2.695999940118864,0.03794871794871795,2.631638916750251,0.046622775925113394,0.4382178397324998,8,0.5504807692307693,8437,0.5459286476235629,1.498091401652311,92,1.0,2.711934713375796
full_strict,method_type,0.75,optimistic,12,0.5599969625473022,0.03478535637259483,0.5676814317703247,0.09147663414478302,0.99037111334002,0.2829876346815923,3.4996974848542433,0.048710460366635754,3.3779360695896714,0.06721318874217116,0.5104535137269381,12,0.46033653846153844,8437,0.47813203745407135,1.7196978298281513,92,1.0,3.5361432649883207
full_strict,method_type,0.75,optimistic,20,0.5599969625473022,0.03478535637259483,0.5676814317703247,0.09147663414478302,0.989568706118355,0.10886645867025133,9.08974828616119,0.11738251041046996,8.140153323742792,0.1889599247102028,0.6948768002955948,20,0.2403846153846154,8437,0.33601991229109873,3.2592077629860334,92,1.0,9.20591891891892
full_strict,method_type,0.75,optimistic,30,0.5599969625473022,0.03478535637259483,0.5676814317703247,0.09147663414478302,0.9893681043129389,0.05746218936283243,17.217723781211856,0.20122399020807832,13.95432868986396,0.31808682722589326,0.774243796413335,30,0.1201923076923077,8437,0.08178262415550551,1.438703920936385,92,1.0,17.480190906291696
full_strict,method_type,0.75,optimistic,50,0.5599969625473022,0.03478535637259483,0.5676814317703247,0.09147663414478302,0.9813440320962888,0.02791515389875877,35.154527023400135,0.33965146150107617,23.553892003024277,0.4937966415972882,0.8608520103571521,50,0.08533653846153846,8437,0.0418395164157876,1.5180370689604072,92,0.782608695652174,28.24148652445681
full_strict,method_type,0.75,optimistic,80,0.5599969625473022,0.03478535637259483,0.5676814317703247,0.09147663414478302,0.9771313941825477,0.013125493453395986,74.44530734421512,0.5213528845124692,36.154384506403716,0.6737926874107407,0.9234140246011623,80,0.07932692307692307,8437,0.024179210619888584,1.882409332125787,92,0.782608695652174,60.584407114624504
full_strict,method_type,0.75,reported,8,0.6135264039039612,0.04183844104409218,0.6218908429145813,0.09147663414478302,0.99358074222668,0.3825529554373061,2.597237135682019,0.03660943286053232,2.538763190000919,0.04402604293780557,0.4065031945883722,8,0.5480769230769231,8437,0.5487732606376674,1.4505058181936226,92,1.0,2.6151572384988637
full_strict,method_type,0.75,reported,12,0.6135264039039612,0.04183844104409218,0.6218908429145813,0.09147663414478302,0.99358074222668,0.3573468423385215,2.7804380073000394,0.0390908014679768,2.7108392586306334,0.04882839051043728,0.45859153712499134,12,0.5444711538461539,8437,0.5447433922010193,1.5449833205316117,92,1.0,2.799761630774289
full_strict,method_type,0.75,reported,20,0.6135264039039612,0.04183844104409218,0.6218908429145813,0.09147663414478302,0.989568706118355,0.13613883907475838,7.268819925627174,0.09612798877564939,6.666210874179917,0.15296776833038997,0.664154513102798,20,0.2956730769230769,8437,0.3414720872347991,2.608148778563677,92,1.0,7.3580532273394965
full_strict,method_type,0.75,reported,30,0.6135264039039612,0.04183844104409218,0.6218908429145813,0.09147663414478302,0.9815446339017051,0.06350836926309981,15.455358802166735,0.18442576608495723,12.789418181044207,0.29335254921585396,0.7656929750236432,30,0.14543269230769232,8437,0.2291098731776698,3.8633470692837886,92,0.782608695652174,12.360724812406003
full_strict,method_type,0.75,reported,50,0.6135264039039612,0.04183844104409218,0.6218908429145813,0.09147663414478302,0.9803410230692077,0.029511814998635207,33.218594759913756,0.32706464997992235,22.6810313419176,0.47922830343326345,0.855618842015121,50,0.08533653846153846,8437,0.11769586345857533,4.315523652045316,92,0.782608695652174,26.702533437278156
full_strict,method_type,0.75,reported,80,0.6135264039039612,0.04183844104409218,0.6218908429145813,0.09147663414478302,0.9753259779338014,0.013727176404636188,71.0507353576659,0.509697033231995,35.34608337014398,0.6631316952637181,0.9256671382448932,80,0.08533653846153846,8437,0.03223894749318478,2.431819305187396,92,0.782608695652174,57.88738139073786
full_strict,method_type,0.75,pessimistic,8,0.6514736413955688,0.07912904769182205,0.6598477363586426,0.09147663414478302,0.9809428284854563,0.37460780544214894,2.6185861966427826,0.03689925522362156,2.5588615714714296,0.044567033179147335,0.39988674017877923,8,0.5372596153846154,8437,0.5170084153135001,1.3935836830225918,92,0.9130434782608695,2.438278281458413
full_strict,method_type,0.75,pessimistic,12,0.6514736413955688,0.07912904769182205,0.6598477363586426,0.09147663414478302,0.9809428284854563,0.3529296089647825,2.7794291087187895,0.03907717142012355,2.709894052407428,0.04877761716245165,0.446721458713354,12,0.5324519230769231,8437,0.505985539883845,1.449635614335173,92,0.9130434782608695,2.5881507329355884
full_strict,method_type,0.75,pessimistic,20,0.6514736413955688,0.07912904769182205,0.6598477363586426,0.09147663414478302,0.9769307923771314,0.1455808588510497,6.710571706247955,0.08940537166565696,6.200015920427472,0.14112518217650163,0.646290198668409,20,0.2824519230769231,8437,0.30935166528386865,2.187429831894026,92,0.9130434782608695,6.280670406562173
full_strict,method_type,0.75,pessimistic,30,0.6514736413955688,0.07912904769182205,0.6598477363586426,0.09147663414478302,0.9769307923771314,0.09113295432199137,10.71984113370708,0.13557906458797328,9.402034164855367,0.21831603964835453,0.7283479159108761,30,0.2283653846153846,8437,0.29595827900912647,3.444094883181399,92,0.9130434782608695,10.04327186339014
full_strict,method_type,0.75,pessimistic,50,0.6514736413955688,0.07912904769182205,0.6598477363586426,0.09147663414478302,0.9747241725175526,0.029890435002098554,32.609902547390796,0.3230073788473044,22.399670779939367,0.47382266046308624,0.8484347163490997,50,0.08533653846153846,8437,0.09268697404290624,3.2756298248386115,92,0.6956521739130435,23.414263619178552
full_strict,method_type,0.75,pessimistic,80,0.6514736413955688,0.07912904769182205,0.6598477363586426,0.09147663414478302,0.9584754262788365,0.01443452075219174,66.40161060652474,0.49278052805280526,34.172970396337526,0.6441309256885422,0.9121349635143521,80,0.08413461538461539,8437,0.02323100628185374,1.634701266687139,92,0.6956521739130435,48.81589366009208
full_strict,method_type,1.0,optimistic,8,0.5818771123886108,0.012638605199754238,0.590205729007721,0.041842270642519,0.9843530591775326,0.3801168732444799,2.5896063249589707,0.03650579911767113,2.531576475783839,0.04380998519141759,0.40374995925740276,8,0.5444711538461539,8437,0.5394097427995733,1.4343251216717918,92,1.0,2.6319290979616436
full_strict,method_type,1.0,optimistic,12,0.5818771123886108,0.012638605199754238,0.590205729007721,0.041842270642519,0.9837512537612838,0.3604785287237571,2.7290148382600474,0.03839559045747438,2.6626282926353184,0.04746715038638786,0.45020046080961174,12,0.5444711538461539,8437,0.5290980206234444,1.4854084382124486,92,1.0,2.775420241674611
full_strict,method_type,1.0,optimistic,20,0.5818771123886108,0.012638605199754238,0.590205729007721,0.041842270642519,0.9793380140421264,0.1426428850257256,6.865663253133888,0.09128304850229985,6.330227629899909,0.1444290390766226,0.6432455599985608,20,0.24759615384615385,8437,0.2956027023823634,2.130332111469167,92,0.782608695652174,5.493146045671526
full_strict,method_type,1.0,optimistic,30,0.5818771123886108,0.012638605199754238,0.590205729007721,0.041842270642519,0.9781344032096289,0.06911429334538656,14.152418492099365,0.1715451730931607,11.89618458527849,0.2740855875482657,0.7552339038993738,30,0.171875,8437,0.09956145549365888,1.456829446129118,92,0.782608695652174,11.355060116900148
full_strict,method_type,1.0,optimistic,50,0.5818771123886108,0.012638605199754238,0.590205729007721,0.041842270642519,0.9733199598796389,0.031936157036315235,30.477053290189474,0.30839636432975276,21.386437224340664,0.4564813618554346,0.844071128792525,50,0.08533653846153846,8437,0.026194144838212634,0.8164759176334208,92,0.782608695652174,24.661984578069
full_strict,method_type,1.0,optimistic,80,0.5818771123886108,0.012638605199754238,0.590205729007721,0.041842270642519,0.9594784353059177,0.01359216462045546,70.59055434496102,0.5080730826428723,35.23346687609035,0.6579011782419156,0.9155319117110585,80,0.08533653846153846,8437,0.0028446130141045393,0.2051640860969333,92,0.0,0.0
full_strict,method_type,1.0,reported,8,0.6065356135368347,0.01294871885329485,0.6152205467224121,0.041842270642519,0.9843530591775326,0.3801168732444799,2.5896063249589707,0.03650579911767113,2.531576475783839,0.04380998519141759,0.40374995925740276,8,0.5444711538461539,8437,0.5394097427995733,1.4343251216717918,92,1.0,2.6319290979616436
full_strict,method_type,1.0,reported,12,0.6065356135368347,0.01294871885329485,0.6152205467224121,0.041842270642519,0.9835506519558675,0.36154688284205677,2.720395883998081,0.038278968817825526,2.654540903600203,0.047241432493077225,0.446928401854884,12,0.5444711538461539,8437,0.5290980206234444,1.4808540815255717,92,1.0,2.7672128750274188
full_strict,method_type,1.0,reported,20,0.6065356135368347,0.01294871885329485,0.6152205467224121,0.041842270642519,0.9781344032096289,0.13059748584577546,7.489687851760963,0.09876043101352994,6.848763482377782,0.15733245133718315,0.6565661115839097,20,0.26322115384615385,8437,0.29406187033305675,2.3255769106996573,92,1.0,7.670908026303937
full_strict,method_type,1.0,reported,30,0.6065356135368347,0.01294871885329485,0.6152205467224121,0.041842270642519,0.9781344032096289,0.06860653163531556,14.257161525217363,0.17259566033060778,11.969032977662945,0.2756598236591546,0.7551342995712547,30,0.171875,8437,0.09956145549365888,1.468013448533393,92,0.782608695652174,11.439359365933477
full_strict,method_type,1.0,reported,50,0.6065356135368347,0.01294871885329485,0.6152205467224121,0.041842270642519,0.9733199598796389,0.029180155615756462,33.35554383932324,0.32797079897255643,22.74387027514882,0.47939100408181373,0.8493775150591295,50,0.08533653846153846,8437,0.026194144838212634,0.8953434093171757,92,0.782608695652174,27.008246332760674
full_strict,method_type,1.0,reported,80,0.6065356135368347,0.01294871885329485,0.6152205467224121,0.041842270642519,0.9594784353059177,0.01359216462045546,70.59055434496102,0.5080730826428723,35.23346687609035,0.6579011782419156,0.9155319117110585,80,0.08533653846153846,8437,0.0028446130141045393,0.2051640860969333,92,0.0,0.0
full_strict,method_type,1.0,pessimistic,8,0.6237193942070007,0.01540846936404705,0.6326196789741516,0.041842270642519,0.9843530591775326,0.3801168732444799,2.5896063249589707,0.03650579911767113,2.531576475783839,0.04380998519141759,0.40374995925740276,8,0.5444711538461539,8437,0.5394097427995733,1.4343251216717918,92,1.0,2.6319290979616436
full_strict,method_type,1.0,pessimistic,12,0.6237193942070007,0.01540846936404705,0.6326196789741516,0.041842270642519,0.9837512537612838,0.3604785287237571,2.7290148382600474,0.03839559045747438,2.6626282926353184,0.04746715038638786,0.45020046080961174,12,0.5444711538461539,8437,0.5290980206234444,1.4854084382124486,92,1.0,2.775420241674611
full_strict,method_type,1.0,pessimistic,20,0.6237193942070007,0.01540846936404705,0.6326196789741516,0.041842270642519,0.9793380140421264,0.1426428850257256,6.865663253133888,0.09128304850229985,6.330227629899909,0.1444290390766226,0.6432455599985608,20,0.24759615384615385,8437,0.2956027023823634,2.130332111469167,92,0.782608695652174,5.493146045671526
full_strict,method_type,1.0,pessimistic,30,0.6237193942070007,0.01540846936404705,0.6326196789741516,0.041842270642519,0.9781344032096289,0.06888536032003663,14.199452520321937,0.17201721583292176,11.928919447257316,0.27479334469857924,0.7541668221737983,30,0.17067307692307693,8437,0.09956145549365888,1.4618507760804247,92,0.782608695652174,11.3929135526262
full_strict,method_type,1.0,pessimistic,50,0.6237193942070007,0.01540846936404705,0.6326196789741516,0.041842270642519,0.9779338014042126,0.03081203718107135,31.738693409242774,0.31711442138814805,21.991010434543075,0.4673264699076789,0.8482053169170722,50,0.08533653846153846,8437,0.014578641697285765,0.46690155097098124,92,0.782608695652174,25.567944686778038
full_strict,method_type,1.0,pessimistic,80,0.6237193942070007,0.01540846936404705,0.6326196789741516,0.041842270642519,0.9594784353059177,0.01359216462045546,70.59055434496102,0.5080730826428723,35.23346687609035,0.6579011782419156,0.9155319117110585,80,0.08533653846153846,8437,0.0028446130141045393,0.2051640860969333,92,0.0,0.0
full_strict,sequence,0.0,optimistic,8,0.4943566620349884,0.10122561454772949,0.5001085996627808,0.24037973582744598,0.9739217652958877,0.903311017255093,1.0781688108436458,0.015529887436305071,1.0769548580102142,0.002248398759471198,0.10464228263811175,8,0.9507211538461539,8437,0.9874362925210383,1.0957209919319773,92,1.0,1.1070704247325107
full_strict,sequence,0.0,optimistic,12,0.4943566620349884,0.10122561454772949,0.5001085996627808,0.24037973582744598,0.9664994984954864,0.45965642435964793,2.102656347818758,0.029846123349109202,2.069746330450081,0.030789060228572043,0.3509973650509709,12,0.5913461538461539,8437,0.5070522697641342,1.106007180918047,92,1.0,2.1762289321356008
full_strict,sequence,0.0,optimistic,20,0.4943566620349884,0.10122561454772949,0.5001085996627808,0.24037973582744598,0.8990972918756269,0.16085186565740467,5.589598157292109,0.07559963566440643,5.2426262087547935,0.11595323309294561,0.6040954367260372,20,0.2668269230769231,8437,0.27509778357235987,1.7416657001071263,92,0.8913043478260869,5.547955039146484
full_strict,sequence,0.0,optimistic,30,0.4943566620349884,0.10122561454772949,0.5001085996627808,0.24037973582744598,0.8950852557673019,0.14834273034918155,6.0339003715273085,0.0811213729910552,5.62554346188883,0.12563920591775982,0.6573560147393112,30,0.2668269230769231,8437,0.2615858717553633,1.798245245715146,92,0.8913043478260869,6.016551637974116
full_strict,sequence,0.0,optimistic,50,0.4943566620349884,0.10122561454772949,0.5001085996627808,0.24037973582744598,0.8312938816449348,0.0960197939015764,8.657526202326988,0.11242844352803928,7.796602450124186,0.1771652894415749,0.7421959322699858,50,0.21754807692307693,8437,0.23468057366362452,2.5371157616237894,92,0.782608695652174,8.16626508912624
full_strict,sequence,0.0,optimistic,80,0.4943566620349884,0.10122561454772949,0.5001085996627808,0.24037973582744598,0.7751253761283852,0.06353184957339211,12.200579415415238,0.1514700117600941,10.504027519642424,0.23496138631001784,0.7962672336787123,80,0.18990384615384615,8437,0.15242384733910158,2.4875482048503263,92,0.782608695652174,12.35614124892685
full_strict,sequence,0.0,reported,8,0.6344985961914062,0.1285076141357422,0.6419017910957336,0.24037973582744598,0.9883650952858576,0.8869305657874269,1.1143658065368127,0.01604290263550343,1.1125310470377117,0.0032868798436119884,0.13076309165863817,8,0.9423076923076923,8437,0.9114614199359962,1.0283803632899933,92,1.0,1.1275227991194823
full_strict,sequence,0.0,reported,12,0.6344985961914062,0.1285076141357422,0.6419017910957336,0.24037973582744598,0.9883650952858576,0.8776969337649797,1.1260892652844923,0.01620894304663649,1.1240454915647036,0.003622584863622059,0.14681162978026518,12,0.9375,8437,0.9114614199359962,1.0394847858693232,92,1.0,1.139388323760909
full_strict,sequence,0.0,reported,20,0.6344985961914062,0.1285076141357422,0.6419017910957336,0.24037973582744598,0.9334002006018054,0.32456539413168345,2.875846339376231,0.040378006872852236,2.8001034029924825,0.05117772988737734,0.4765108394874106,20,0.453125,8437,0.41756548536209553,1.2959663187297303,92,1.0,3.082775972703659
full_strict,sequence,0.0,reported,30,0.6344985961914062,0.1285076141357422,0.6419017910957336,0.24037973582744598,0.8678034102306921,0.15235199333159188,5.696042376957489,0.07692854856492513,5.334782652898768,0.1179617803668082,0.6333873166289893,30,0.25600961538461536,8437,0.2647860613962309,1.771178559495334,92,0.8913043478260869,5.857970818742984
full_strict,sequence,0.0,reported,50,0.6344985961914062,0.1285076141357422,0.6419017910957336,0.24037973582744598,0.8499498495486459,0.12293409957412588,6.913865660488688,0.09186505355361867,6.370588074878988,0.14351708040161357,0.7129633393571206,50,0.25600961538461536,8437,0.24854806210738414,2.0756524275829134,92,0.782608695652174,6.375323256029174
full_strict,sequence,0.0,reported,80,0.6344985961914062,0.1285076141357422,0.6419017910957336,0.24037973582744598,0.7671013039117353,0.05791418533595921,13.245482077694671,0.16233655968755306,11.257592645486126,0.250115829923222,0.7961049139687718,80,0.17548076923076922,8437,0.133578286120659,2.385627059524636,92,0.6956521739130435,12.04760767877196
full_strict,sequence,0.0,pessimistic,8,0.7347363829612732,0.2702907919883728,0.7415317893028259,0.24037973582744598,0.9522567703109328,0.8974937703801755,1.061017693646564,0.015286620101567306,1.0600849393443152,0.001755317602090409,0.07030796848731449,8,0.9471153846153846,8437,0.9723835486547351,1.0857436647569525,92,1.0,1.1142482351632679
full_strict,sequence,0.0,pessimistic,12,0.7347363829612732,0.2702907919883728,0.7415317893028259,0.24037973582744598,0.9039117352056169,0.8502073604902689,1.0631662076935908,0.015317100696509971,1.0621986845297313,0.0018154275206825419,0.1033718847910304,12,0.921875,8437,0.9656275927462368,1.1396839488511377,92,1.0,1.1762396273261897
full_strict,sequence,0.0,pessimistic,20,0.7347363829612732,0.2702907919883728,0.7415317893028259,0.24037973582744598,0.9037111334002006,0.8497524294783556,1.0634993229204053,0.015321826375308222,1.0625263973196692,0.00182497605050435,0.12178171084713683,20,0.921875,8437,0.9656275927462368,1.1403117667728,92,1.0,1.1768695495943724
full_strict,sequence,0.0,pessimistic,30,0.7347363829612732,0.2702907919883728,0.7415317893028259,0.24037973582744598,0.8686058174523571,0.7434922852505496,1.1682781848363706,0.016806005138833905,1.1654501007972569,0.0048173688827834234,0.1960150850978908,30,0.8617788461538461,8437,0.873414720872348,1.1799818780596574,92,0.9130434782608695,1.2281226563852086
full_strict,sequence,0.0,pessimistic,50,0.7347363829612732,0.2702907919883728,0.7415317893028259,0.24037973582744598,0.8228686058174524,0.4870080508113915,1.6896406629140777,0.024125012497721005,1.673003073302339,0.019400386788518142,0.4105654744872314,50,0.6959134615384616,8437,0.7091383193078108,1.4731736080282314,92,0.9130434782608695,1.8752446954791469
full_strict,sequence,0.0,pessimistic,80,0.7347363829612732,0.2702907919883728,0.7415317893028259,0.24037973582744598,0.726579739217653,0.10330456016976264,7.033375274272971,0.09330482495685102,6.470432250407938,0.1434819085148639,0.6664402205893223,80,0.2439903846153846,8437,0.33353087590375724,3.422278302196987,92,0.9130434782608695,8.857117207921258
full_strict,sequence,0.25,optimistic,8,0.5164217352867126,0.0816928818821907,0.5227823853492737,0.2116665095090866,0.9887662988966901,0.5034149176281365,1.9641179954605037,0.027934575625680087,1.9371857684042333,0.02704469644390798,0.2990000027087384,8,0.6225961538461539,8437,0.5222235391726917,1.0383471319111437,92,1.0,1.986962380488488
full_strict,sequence,0.25,optimistic,12,0.5164217352867126,0.0816928818821907,0.5227823853492737,0.2116665095090866,0.9255767301905717,0.2253933685733657,4.106494951688411,0.05667747641509434,3.930426657330482,0.08186269166258989,0.5240156691476188,12,0.359375,8437,0.32227094938959344,1.445592405500881,92,0.9347826086956522,4.150867150640146
full_strict,sequence,0.25,optimistic,20,0.5164217352867126,0.0816928818821907,0.5227823853492737,0.2116665095090866,0.9055165496489468,0.14276322161597366,6.342785903814525,0.08492145611889756,5.889068745131075,0.13240396968868534,0.6342435720544711,20,0.25961538461538464,8437,0.2647860613962309,1.8958675149087687,92,0.8913043478260869,6.252089121525852
full_strict,sequence,0.25,optimistic,30,0.5164217352867126,0.0816928818821907,0.5227823853492737,0.2116665095090866,0.9047141424272819,0.13447467208279157,6.727766116955315,0.08961392493095158,6.214478514128432,0.14052122878976062,0.6782870030863898,30,0.25961538461538464,8437,0.2588597842835131,1.9712689011303377,92,0.8913043478260869,6.638136999063603
full_strict,sequence,0.25,optimistic,50,0.5164217352867126,0.0816928818821907,0.5227823853492737,0.2116665095090866,0.9045135406218656,0.1110207771395699,8.147245623085086,0.10650761781032243,7.386009517865039,0.1691367649991454,0.7532037534711281,50,0.23918269230769232,8437,0.2556595946426455,2.3815928719697883,92,0.782608695652174,7.060745650907132
full_strict,sequence,0.25,optimistic,80,0.5164217352867126,0.0816928818821907,0.5227823853492737,0.2116665095090866,0.8322968906720161,0.020198936928951517,41.204984876162925,0.3761218384552624,26.0830120494745,0.5083406867042134,0.8810470661906517,80,0.07451923076923077,8437,0.1051321559796136,5.82696947388993,92,0.782608695652174,39.14411032369278
full_strict,sequence,0.25,reported,8,0.6405142545700073,0.10240840911865234,0.6483873724937439,0.2116665095090866,0.999197592778335,0.8821493876041572,1.1326852422264564,0.0163023378357591,1.1305221625818611,0.003812052986310978,0.14173876773019892,8,0.9399038461538461,8437,0.9106317411402157,1.0331344469675596,92,1.0,1.133635752464505
full_strict,sequence,0.25,reported,12,0.6405142545700073,0.10240840911865234,0.6483873724937439,0.2116665095090866,0.9618856569709128,0.7467531133423928,1.2880905881538385,0.018497658377761145,1.2827615868723203,0.008234075728468798,0.24765656156225596,12,0.8641826923076923,8437,0.8727035676188218,1.1736906438290338,92,1.0,1.3392533469636503
full_strict,sequence,0.25,reported,20,0.6405142545700073,0.10240840911865234,0.6483873724937439,0.2116665095090866,0.9087261785356068,0.2204478282180499,4.122182494974572,0.05688167857456774,3.9445875138442865,0.08215004745265209,0.567938696738674,20,0.3786057692307692,8437,0.3586582908616807,1.6532722686038885,92,0.9565217391304348,4.34291036191026
full_strict,sequence,0.25,reported,30,0.6405142545700073,0.10240840911865234,0.6483873724937439,0.2116665095090866,0.8826479438314945,0.14113721012823185,6.25382876017993,0.08383028178406081,5.813398814768843,0.13020876914471394,0.6530696391306252,30,0.25721153846153844,8437,0.27071233850894866,1.9638598250272343,92,0.8913043478260869,6.324241134302133
full_strict,sequence,0.25,reported,50,0.6405142545700073,0.10240840911865234,0.6483873724937439,0.2116665095090866,0.8579739217652959,0.11647114416617016,7.366407601707928,0.09729299363057325,6.747000747465326,0.15282317035296014,0.7312555662271845,50,0.24759615384615385,8437,0.23669550788194857,2.0869225491154957,92,0.782608695652174,6.729731420674757
full_strict,sequence,0.25,reported,80,0.6405142545700073,0.10240840911865234,0.6483873724937439,0.2116665095090866,0.8012036108324975,0.029708462597333223,26.968868153561655,0.2829413431567016,19.621201717933623,0.405527668088511,0.8543386767998643,80,0.11538461538461539,8437,0.1255185492473628,4.601848221628404,92,0.782608695652174,26.5245165476963
full_strict,sequence,0.25,pessimistic,8,0.7280883193016052,0.21056915819644928,0.7356602549552917,0.2116665095090866,0.9534603811434302,0.8675446346023463,1.099033229086207,0.015825661344831606,1.0974659627408037,0.0028457931457196903,0.10782798616730195,8,0.9314903846153846,8437,0.9514045276757142,1.099361819578586,92,1.0,1.1527259805746388
full_strict,sequence,0.25,pessimistic,12,0.7280883193016052,0.21056915819644928,0.7356602549552917,0.2116665095090866,0.9534603811434302,0.8380064042546322,1.1377721892131467,0.016374353621271157,1.135516258667794,0.003954474740743968,0.14949240305717643,12,0.9158653846153846,8437,0.919402631267038,1.0998433541844383,92,1.0,1.193370610946445
full_strict,sequence,0.25,pessimistic,20,0.7280883193016052,0.21056915819644928,0.7356602549552917,0.2116665095090866,0.915346038114343,0.7318078958413435,1.2508009865922392,0.017971783944733713,1.2462936454480773,0.007169202736106193,0.24237512913744536,20,0.8557692307692307,8437,0.8621547943581842,1.1834687212750972,92,1.0,1.366614107517563
full_strict,sequence,0.25,pessimistic,30,0.7280883193016052,0.21056915819644928,0.7356602549552917,0.2116665095090866,0.9073219658976931,0.7127565590779282,1.2729759612054194,0.01828457312414348,1.2679847122816257,0.0077965149282770594,0.2715198544016436,30,0.8449519230769231,8437,0.8512504444707835,1.2002291000928664,92,1.0,1.4031563076720275
full_strict,sequence,0.25,pessimistic,50,0.7280883193016052,0.21056915819644928,0.7356602549552917,0.2116665095090866,0.8200601805416249,0.10715826609648646,7.652794417214943,0.1006946154983004,6.982893841384244,0.15773027204847956,0.6701226383278968,50,0.1971153846153846,8437,0.2065900201493422,1.9744151740185385,92,0.9130434782608695,8.537856380655002
full_strict,sequence,0.25,pessimistic,80,0.7280883193016052,0.21056915819644928,0.7356602549552917,0.2116665095090866,0.792778335005015,0.07359022749485634,10.772875176400657,0.1361584840654608,9.44221530742097,0.21303252164021752,0.7373400759507714,80,0.18870192307692307,8437,0.19165580182529335,2.7149658891412654,92,0.9130434782608695,12.445474269548166
full_strict,sequence,0.5,optimistic,8,0.538486897945404,0.062160149216651917,0.5454561114311218,0.18295326828956604,0.9941825476429288,0.26288848907138307,3.7817652311622316,0.05243057392224279,3.6359156835754547,0.07424651037318772,0.48480138506446957,8,0.36177884615384615,8437,0.3923195448619177,1.5112345894277566,92,1.0,3.8067771606111065
full_strict,sequence,0.5,optimistic,12,0.538486897945404,0.062160149216651917,0.5454561114311218,0.18295326828956604,0.9941825476429288,0.17243352870908188,5.765598808339914,0.07779487018491194,5.394859667691738,0.1207815877721435,0.5954430378171245,12,0.2932692307692308,8437,0.2401327486073249,1.4066333282340857,92,1.0,5.806863513928194
full_strict,sequence,0.5,optimistic,20,0.538486897945404,0.062160149216651917,0.5454561114311218,0.18295326828956604,0.9941825476429288,0.13545791007628166,7.339420393265079,0.09697111998121624,6.7246796976984005,0.15448877432039135,0.6622897377732749,20,0.25240384615384615,8437,0.22662083679032832,1.7020843563216443,92,1.0,7.395115067303517
full_strict,sequence,0.5,optimistic,30,0.538486897945404,0.062160149216651917,0.5454561114311218,0.18295326828956604,0.9941825476429288,0.10387102265556439,9.571317603559478,0.12283745600555197,8.518438754522627,0.19807381030391008,0.7257870376288271,30,0.22716346153846154,8437,0.20860495436766624,2.061076497399998,92,0.782608695652174,7.547748776950785
full_strict,sequence,0.5,optimistic,50,0.538486897945404,0.062160149216651917,0.5454561114311218,0.18295326828956604,0.9941825476429288,0.04292200721432534,23.162536241108445,0.25311542390194075,17.552856485698154,0.3894661071192179,0.8413579958038983,50,0.1141826923076923,8437,0.1322745051558611,3.253729562197112,92,0.782608695652174,18.318539809259747
full_strict,sequence,0.5,optimistic,80,0.538486897945404,0.062160149216651917,0.5454561114311218,0.18295326828956604,0.9941825476429288,0.011763635456442557,84.51320608532183,0.5528781793842035,38.340576750331316,0.7051234512736289,0.9344746236895506,80,0.06129807692307692,8437,0.027972027972027972,2.464044968816973,92,0.782608695652174,67.72647136797455
full_strict,sequence,0.5,reported,8,0.6465299725532532,0.07630917429924011,0.6548729538917542,0.18295326828956604,0.9711133400200602,0.7910633939027504,1.227604952403403,0.01764437883840869,1.223589004397699,0.006517943152953315,0.20503764044159564,8,0.8894230769230769,8437,0.7864169728576508,0.9939781171494549,92,1.0,1.264211378010036
full_strict,sequence,0.5,reported,12,0.6465299725532532,0.07630917429924011,0.6548729538917542,0.18295326828956604,0.9703109327983952,0.3441362327603159,2.819554700810006,0.03961896337068344,2.7474658297676595,0.04980040981296137,0.4540732043037717,12,0.4579326923076923,8437,0.3785705819604125,1.1028622666764347,92,1.0,2.9073225275053556
full_strict,sequence,0.5,reported,20,0.6465299725532532,0.07630917429924011,0.6548729538917542,0.18295326828956604,0.9664994984954864,0.18505126045240688,5.222874441020408,0.07099179277115535,4.923085013804878,0.10831122385996063,0.6125420404269797,20,0.328125,8437,0.3188337086642171,1.7551674433422368,92,1.0,5.410343567832013
full_strict,sequence,0.5,reported,30,0.6465299725532532,0.07630917429924011,0.6548729538917542,0.18295326828956604,0.9664994984954864,0.13657615985395247,7.076634015255747,0.09382485248583279,6.506494725163982,0.14866494448263534,0.6945775828185276,30,0.26322115384615385,8437,0.3073367310655446,2.3240784018678373,92,0.782608695652174,5.7375302146821605
full_strict,sequence,0.5,reported,50,0.6465299725532532,0.07630917429924011,0.6548729538917542,0.18295326828956604,0.9664994984954864,0.0741566899806581,13.033207101713595,0.1601515755883526,11.106070024993208,0.25637473851637066,0.8057567423619337,50,0.22355769230769232,8437,0.20279720279720279,2.860719072903322,92,0.782608695652174,10.580749039626413
full_strict,sequence,0.5,reported,80,0.6465299725532532,0.07630917429924011,0.6548729538917542,0.18295326828956604,0.9480441323971915,0.01796537241239643,52.77063623479489,0.4356965059463446,30.214350916675535,0.5888955010560036,0.9150007535132592,80,0.08173076923076923,8437,0.06530757378215005,3.895872310752267,92,0.782608695652174,44.06867107031705
full_strict,sequence,0.5,pessimistic,8,0.7214401960372925,0.15084753930568695,0.729788601398468,0.18295326828956604,0.9795386158475426,0.801424080819228,1.2222475457017004,0.017568729604190876,1.218342938666072,0.006366515409176413,0.1959754683508864,8,0.8954326923076923,8437,0.7640156453715776,0.9521939872404264,92,0.782608695652174,0.9765163684944349
full_strict,sequence,0.5,pessimistic,12,0.7214401960372925,0.15084753930568695,0.729788601398468,0.18295326828956604,0.9795386158475426,0.79653137116207,1.229755225357265,0.017674738480472,1.2256943618345535,0.0065801506536815,0.2132015127023743,12,0.8930288461538461,8437,0.7640156453715776,0.9581851602817064,92,0.782608695652174,0.9825162313338659
full_strict,sequence,0.5,pessimistic,20,0.7214401960372925,0.15084753930568695,0.729788601398468,0.18295326828956604,0.9789368104312939,0.21015464719366267,4.658173509383209,0.06380586281739495,4.4247605922812765,0.09530801948112426,0.5814409948923055,20,0.33653846153846156,8437,0.3194263363754889,1.540294403947773,92,0.782608695652174,3.72670755353485
full_strict,sequence,0.5,pessimistic,30,0.7214401960372925,0.15084753930568695,0.729788601398468,0.18295326828956604,0.9673019057171515,0.12510602827616368,7.731856882083199,0.10162918624992097,7.047703745206154,0.162064743782303,0.6827259038796726,30,0.23798076923076922,8437,0.20161194737465923,1.6369467354600606,92,0.782608695652174,6.2644558857036605
full_strict,sequence,0.5,pessimistic,50,0.7214401960372925,0.15084753930568695,0.729788601398468,0.18295326828956604,0.9664994984954864,0.05105206465303439,18.931643706559484,0.21690977849810913,15.042094842062655,0.338728084505791,0.8124390863874389,50,0.13581730769230768,8437,0.10856939670498993,2.1892697973512454,92,0.782608695652174,15.389180885830033
full_strict,sequence,0.5,pessimistic,80,0.7214401960372925,0.15084753930568695,0.729788601398468,0.18295326828956604,0.9610832497492477,0.03610391211319858,26.61991993377091,0.28030657617598875,19.43848789523262,0.42110058278619455,0.8699558795303897,80,0.12980769230769232,8437,0.09659831693729999,2.7944549157256153,92,0.6956521739130435,19.36359792645967
full_strict,sequence,0.75,optimistic,8,0.5605520009994507,0.04262741282582283,0.56812983751297,0.15424004197120667,0.9977933801404213,0.7784427271206389,1.2817813634551287,0.018408722492394468,1.2765941285317548,0.00806083619384802,0.2164485402713964,8,0.8822115384615384,8437,0.7233613843783335,0.927575073548367,92,1.0,1.2847147835794999
full_strict,sequence,0.75,optimistic,12,0.5605520009994507,0.04262741282582283,0.56812983751297,0.15424004197120667,0.9855566700100301,0.2052883528855834,4.800840652461789,0.06563180464084856,4.551384621288421,0.09869710249483936,0.550039935534055,12,0.328125,8437,0.22377622377622378,1.0925564385068323,92,0.782608695652174,3.8151389870670345
full_strict,sequence,0.75,optimistic,20,0.5605520009994507,0.04262741282582283,0.56812983751297,0.15424004197120667,0.9855566700100301,0.11073314333848921,8.900286222322608,0.1152177481766375,7.990033033835682,0.18527841812644422,0.6801767364753554,20,0.19230769230769232,8437,0.12492592153609103,1.1318546014201645,92,0.782608695652174,7.079121290215313
full_strict,sequence,0.75,optimistic,30,0.5605520009994507,0.04262741282582283,0.56812983751297,0.15424004197120667,0.9839518555667001,0.06455030803232065,15.243178314099302,0.18235556546955164,12.645855478548068,0.2904226910509353,0.7701624680663198,30,0.15264423076923078,8437,0.09162024416261705,1.4346383133312637,92,0.782608695652174,12.16054884833483
full_strict,sequence,0.75,optimistic,50,0.5605520009994507,0.04262741282582283,0.56812983751297,0.15424004197120667,0.9839518555667001,0.04025405695736269,24.443545071963978,0.2634264232008593,18.267895846508374,0.40198523579248985,0.8420625144651163,50,0.13221153846153846,8437,0.053929121725731895,1.3513759421037588,92,0.782608695652174,19.53905968660469
full_strict,sequence,0.75,optimistic,80,0.5605520009994507,0.04262741282582283,0.56812983751297,0.15424004197120667,0.9671013039117352,0.011564052818958002,83.62996252717544,0.5502796484419586,38.16037579694911,0.6958497166934099,0.929594025787305,80,0.07091346153846154,8437,0.009007941211331041,0.7746130067427045,92,0.782608695652174,68.91711253990378
full_strict,sequence,0.75,reported,8,0.6525456309318542,0.050209954380989075,0.6613585352897644,0.15424004197120667,0.99358074222668,0.45831511163420025,2.1678987164178363,0.030743733939145656,2.1319931490124167,0.03257861944791822,0.4049918223294377,8,0.6598557692307693,8437,0.5183121962782979,1.1346795803542968,92,0.782608695652174,1.7079041735018858
full_strict,sequence,0.75,reported,12,0.6525456309318542,0.050209954380989075,0.6613585352897644,0.15424004197120667,0.99358074222668,0.15775539973760752,6.298236027922276,0.08437531940990085,5.8511956707572885,0.13248074025912845,0.6108356130228121,12,0.25961538461538464,8437,0.13665995021927224,0.863346039606785,92,0.782608695652174,4.9662125548064875
full_strict,sequence,0.75,reported,20,0.6525456309318542,0.050209954380989075,0.6613585352897644,0.15424004197120667,0.9923771313941826,0.12104686963438221,8.198288269590305,0.10710342289289658,7.427326956947397,0.171781042840011,0.673802354429485,20,0.21394230769230768,8437,0.11816996562759274,0.9756443572851969,92,0.782608695652174,6.4748941293259135
full_strict,sequence,0.75,reported,30,0.6525456309318542,0.050209954380989075,0.6613585352897644,0.15424004197120667,0.9923771313941826,0.08272113315977471,11.996657848937105,0.14931635024599318,10.35467703402986,0.24053745828364712,0.7458268705894834,30,0.17668269230769232,8437,0.10975465212753348,1.337905102392841,92,0.782608695652174,9.482476924599737
full_strict,sequence,0.75,reported,50,0.6525456309318542,0.050209954380989075,0.6613585352897644,0.15424004197120667,0.9923771313941826,0.032837213943782265,30.22111233593523,0.30660055779361634,21.26190299438756,0.45649070748815856,0.8504094528760068,50,0.09134615384615384,8437,0.06495199715538699,2.0283702916173927,92,0.782608695652174,23.98087363299279
full_strict,sequence,0.75,reported,80,0.6525456309318542,0.050209954380989075,0.6613585352897644,0.15424004197120667,0.9923771313941826,0.011825271270959845,83.92003097901299,0.5511363636363636,38.219786632625144,0.703184808462741,0.9348914069060142,80,0.0673076923076923,8437,0.009007941211331041,0.7571729466364306,92,0.782608695652174,67.36704354418697
full_strict,sequence,0.75,pessimistic,8,0.7147920727729797,0.09112590551376343,0.7239170670509338,0.15424004197120667,0.9843530591775326,0.3389236038754252,2.904350856422917,0.040761907926434186,2.8267258821537795,0.0520294642867204,0.4454590077688482,8,0.5180288461538461,8437,0.3682588597842835,1.0889474260996281,92,0.782608695652174,2.3099173444741283
full_strict,sequence,0.75,pessimistic,12,0.7147920727729797,0.09112590551376343,0.7239170670509338,0.15424004197120667,0.9843530591775326,0.19293183959426025,5.102076781352668,0.06946390906131,4.817130492850275,0.10567775829735016,0.5622323708418724,12,0.28365384615384615,8437,0.2272134645016001,1.183025317764932,92,0.782608695652174,4.05975132198757
full_strict,sequence,0.75,pessimistic,20,0.7147920727729797,0.09112590551376343,0.7239170670509338,0.15424004197120667,0.9843530591775326,0.138102380022952,7.1277052503652545,0.09443802925327174,6.549016842675833,0.14997269958045364,0.660350724973063,20,0.27884615384615385,8437,0.12599265141638022,0.910286633109944,92,0.782608695652174,5.674025484862984
full_strict,sequence,0.75,pessimistic,30,0.7147920727729797,0.09112590551376343,0.7239170670509338,0.15424004197120667,0.9801404212637914,0.08399787503191855,11.668633532590503,0.1458289807491419,10.112837578546712,0.23467042549493303,0.7375605242515697,30,0.15264423076923078,8437,0.10928054995851606,1.3110114978848237,92,0.782608695652174,9.33798267083574
full_strict,sequence,0.75,pessimistic,50,0.7147920727729797,0.09112590551376343,0.7239170670509338,0.15424004197120667,0.9753259779338014,0.030524403379990666,31.95233550651956,0.3185689948892675,22.091881094732237,0.46871884133721364,0.8537373428541639,50,0.08173076923076923,8437,0.07573782150053336,2.57818962209489,92,0.782608695652174,25.810552992287747
full_strict,sequence,0.75,pessimistic,80,0.7147920727729797,0.09112590551376343,0.7239170670509338,0.15424004197120667,0.9584754262788365,0.011285224134236934,84.93189101765635,0.5540995013336426,38.42527205878333,0.6966909106308673,0.9252380020083105,80,0.0673076923076923,8437,0.03508356050728932,3.284687231332503,92,0.782608695652174,70.65236981297319
full_strict,sequence,1.0,optimistic,8,0.5826172232627869,0.02309468388557434,0.5908036231994629,0.1255268007516861,0.9835506519558675,0.43488176196248435,2.2616507243656607,0.03203067837357584,2.2212391957937156,0.035090241893949284,0.3491523453375995,8,0.49158653846153844,8437,0.6112362214057129,1.420145891473176,92,1.0,2.3002829608919684
full_strict,sequence,1.0,optimistic,12,0.5826172232627869,0.02309468388557434,0.5908036231994629,0.1255268007516861,0.9825476429287864,0.18817120668249632,5.22156210958806,0.07097522098246631,4.9219358059688405,0.10840574765277754,0.5646288154104199,12,0.2776442307692308,8437,0.2775868199597013,1.4931986889313549,92,0.782608695652174,4.162576378893626
full_strict,sequence,1.0,optimistic,20,0.5826172232627869,0.02309468388557434,0.5908036231994629,0.1255268007516861,0.9793380140421264,0.10590500453463493,9.24732516981146,0.1191749054070548,8.264450972837956,0.19170943624440093,0.6883962230179237,20,0.18870192307692307,8437,0.1367784757615266,1.3011518009443581,92,0.782608695652174,7.4024989948723405
full_strict,sequence,1.0,optimistic,30,0.5826172232627869,0.02309468388557434,0.5908036231994629,0.1255268007516861,0.9769307923771314,0.05750034486705742,16.98999883628221,0.1990924328522955,13.806511066661413,0.3143482023902945,0.7727351938776276,30,0.13221153846153846,8437,0.07087827426810478,1.2399835573190254,92,0.782608695652174,13.65702091830257
full_strict,sequence,1.0,optimistic,50,0.5826172232627869,0.02309468388557434,0.5908036231994629,0.1255268007516861,0.9737211634904714,0.039033080822163065,24.946049427325516,0.26739381920343747,18.54302381611866,0.4061322034851627,0.8410647387568233,50,0.13221153846153846,8437,0.06507052269764134,1.6957837536342022,92,0.782608695652174,20.153579141479383
full_strict,sequence,1.0,optimistic,80,0.5826172232627869,0.02309468388557434,0.5908036231994629,0.1255268007516861,0.9566700100300902,0.012013113753298249,79.63547417233376,0.5381403746332656,37.31855064176958,0.6829616728448661,0.9221189400779873,80,0.08052884615384616,8437,0.009007941211331041,0.7451094493536994,92,0.782608695652174,66.29480012542845
full_strict,sequence,1.0,reported,8,0.6585612893104553,0.02411072887480259,0.6678440570831299,0.1255268007516861,0.9833500501504514,0.45199597312678486,2.1755725904987693,0.030849202653207636,2.139307113420916,0.0327750776376877,0.37375594804000795,8,0.6189903846153846,8437,0.43368495910868793,0.9585025781581882,92,0.782608695652174,1.731792729746036
full_strict,sequence,1.0,reported,12,0.6585612893104553,0.02411072887480259,0.6678440570831299,0.1255268007516861,0.9833500501504514,0.16838904526123313,5.839750730963021,0.07871663936795452,5.458781818043009,0.12232857524804558,0.5969463301662997,12,0.2824519230769231,8437,0.20907905653668366,1.2493082727605744,92,0.782608695652174,4.652205781925791
full_strict,sequence,1.0,reported,20,0.6585612893104553,0.02411072887480259,0.6678440570831299,0.1255268007516861,0.9801404212637914,0.10033430091778663,9.76874720108842,0.12505438816513526,8.672176884881564,0.201382331908071,0.6919523917176825,20,0.1778846153846154,8437,0.15550551143771482,1.5718199831915327,92,0.782608695652174,7.814363770537562
full_strict,sequence,1.0,reported,30,0.6585612893104553,0.02411072887480259,0.6678440570831299,0.1255268007516861,0.9753259779338014,0.059730974344825966,16.328646713567068,0.19283702851703485,13.372716030135381,0.3052795716936536,0.7689253553783106,30,0.13221153846153846,8437,0.09458338271897594,1.6073031713581043,92,0.782608695652174,13.145194107418899
full_strict,sequence,1.0,reported,50,0.6585612893104553,0.02411072887480259,0.6678440570831299,0.1255268007516861,0.9737211634904714,0.030271990044348437,32.16574668741536,0.3200158227848101,22.19221461853916,0.4702151157254004,0.8529883241567082,50,0.09495192307692307,8437,0.06507052269764134,2.214156974791201,92,0.782608695652174,26.027278979139606
full_strict,sequence,1.0,reported,80,0.6585612893104553,0.02411072887480259,0.6678440570831299,0.1255268007516861,0.957271815446339,0.011772440572802169,81.31464410684059,0.5433223272230445,37.67790476062138,0.687451327152767,0.9242628294747162,80,0.08052884615384616,8437,0.009007941211331041,0.7606365077646278,92,0.782608695652174,67.67488989701647
full_strict,sequence,1.0,pessimistic,8,0.708143949508667,0.031404271721839905,0.7180454134941101,0.1255268007516861,0.9891675025075226,0.5020765399414753,1.9701528030423912,0.028018000613657282,1.9429710612114077,0.02720966045664694,0.3342217791374822,8,0.6598557692307693,8437,0.4509896882778239,0.8959341118680462,92,0.782608695652174,1.5589790767019773
full_strict,sequence,1.0,pessimistic,12,0.708143949508667,0.031404271721839905,0.7180454134941101,0.1255268007516861,0.9881644934804413,0.18280008570313255,5.405711324912731,0.07329484585168432,5.082795392486231,0.11264295358945069,0.5766178736901535,12,0.2932692307692308,8437,0.25542254355813676,1.4115167934245236,92,0.782608695652174,4.285024775829414
full_strict,sequence,1.0,pessimistic,20,0.708143949508667,0.031404271721839905,0.7180454134941101,0.1255268007516861,0.9849548645937813,0.09895483268811398,9.953580212683134,0.12711974110032362,8.815403414125871,0.20486710319815005,0.68902323537339,20,0.16706730769230768,8437,0.1306151475643001,1.330758211197383,92,0.782608695652174,7.923532125682842
full_strict,sequence,1.0,pessimistic,30,0.708143949508667,0.031404271721839905,0.7180454134941101,0.1255268007516861,0.9849548645937813,0.05429234747337186,18.14168866205059,0.20975734791524264,14.546093509510074,0.3299277044773603,0.7779402660240338,30,0.13221153846153846,8437,0.06151475643001067,1.1368682450650962,92,0.782608695652174,14.467132926535754
full_strict,sequence,1.0,pessimistic,50,0.708143949508667,0.031404271721839905,0.7180454134941101,0.1255268007516861,0.9833500501504514,0.026805709237447573,36.68435113728353,0.34926968293551836,24.220889129804803,0.504921386259194,0.863119691547498,50,0.08052884615384616,8437,0.05369207064122318,2.0553547327467503,92,0.782608695652174,29.419643671156365
full_strict,sequence,1.0,pessimistic,80,0.708143949508667,0.031404271721839905,0.7180454134941101,0.1255268007516861,0.9568706118355065,0.010874318704121675,87.99361485265513,0.5628318584070796,39.03083693558551,0.7033803564032818,0.9252879347368992,80,0.0673076923076923,8437,0.009007941211331041,0.824773948209923,92,0.782608695652174,73.37500448784691
full_strict,settings_all,0.0,optimistic,8,0.4943566620349884,0.10122561454772949,0.5001085996627808,0.24037973582744598,0.9739217652958877,0.903311017255093,1.0781688108436458,0.015529887436305071,1.0769548580102142,0.002248398759471198,0.10464228263811175,8,0.9507211538461539,8437,0.9874362925210383,1.0957209919319773,92,1.0,1.1070704247325107
full_strict,settings_all,0.0,optimistic,12,0.4943566620349884,0.10122561454772949,0.5001085996627808,0.24037973582744598,0.9664994984954864,0.45965642435964793,2.102656347818758,0.029846123349109202,2.069746330450081,0.030789060228572043,0.3509973650509709,12,0.5913461538461539,8437,0.5070522697641342,1.106007180918047,92,1.0,2.1762289321356008
full_strict,settings_all,0.0,optimistic,20,0.4943566620349884,0.10122561454772949,0.5001085996627808,0.24037973582744598,0.8990972918756269,0.16085186565740467,5.589598157292109,0.07559963566440643,5.2426262087547935,0.11595323309294561,0.6040954367260372,20,0.2668269230769231,8437,0.27509778357235987,1.7416657001071263,92,0.8913043478260869,5.547955039146484
full_strict,settings_all,0.0,optimistic,30,0.4943566620349884,0.10122561454772949,0.5001085996627808,0.24037973582744598,0.8950852557673019,0.14834273034918155,6.0339003715273085,0.0811213729910552,5.62554346188883,0.12563920591775982,0.6573560147393112,30,0.2668269230769231,8437,0.2615858717553633,1.798245245715146,92,0.8913043478260869,6.016551637974116
full_strict,settings_all,0.0,optimistic,50,0.4943566620349884,0.10122561454772949,0.5001085996627808,0.24037973582744598,0.8312938816449348,0.0960197939015764,8.657526202326988,0.11242844352803928,7.796602450124186,0.1771652894415749,0.7421959322699858,50,0.21754807692307693,8437,0.23468057366362452,2.5371157616237894,92,0.782608695652174,8.16626508912624
full_strict,settings_all,0.0,optimistic,80,0.4943566620349884,0.10122561454772949,0.5001085996627808,0.24037973582744598,0.7751253761283852,0.06353184957339211,12.200579415415238,0.1514700117600941,10.504027519642424,0.23496138631001784,0.7962672336787123,80,0.18990384615384615,8437,0.15242384733910158,2.4875482048503263,92,0.782608695652174,12.35614124892685
full_strict,settings_all,0.0,reported,8,0.6344985961914062,0.1285076141357422,0.6419017910957336,0.24037973582744598,0.9883650952858576,0.8869305657874269,1.1143658065368127,0.01604290263550343,1.1125310470377117,0.0032868798436119884,0.13076309165863817,8,0.9423076923076923,8437,0.9114614199359962,1.0283803632899933,92,1.0,1.1275227991194823
full_strict,settings_all,0.0,reported,12,0.6344985961914062,0.1285076141357422,0.6419017910957336,0.24037973582744598,0.9883650952858576,0.8776969337649797,1.1260892652844923,0.01620894304663649,1.1240454915647036,0.003622584863622059,0.14681162978026518,12,0.9375,8437,0.9114614199359962,1.0394847858693232,92,1.0,1.139388323760909
full_strict,settings_all,0.0,reported,20,0.6344985961914062,0.1285076141357422,0.6419017910957336,0.24037973582744598,0.9334002006018054,0.32456539413168345,2.875846339376231,0.040378006872852236,2.8001034029924825,0.05117772988737734,0.4765108394874106,20,0.453125,8437,0.41756548536209553,1.2959663187297303,92,1.0,3.082775972703659
full_strict,settings_all,0.0,reported,30,0.6344985961914062,0.1285076141357422,0.6419017910957336,0.24037973582744598,0.8678034102306921,0.15235199333159188,5.696042376957489,0.07692854856492513,5.334782652898768,0.1179617803668082,0.6333873166289893,30,0.25600961538461536,8437,0.2647860613962309,1.771178559495334,92,0.8913043478260869,5.857970818742984
full_strict,settings_all,0.0,reported,50,0.6344985961914062,0.1285076141357422,0.6419017910957336,0.24037973582744598,0.8499498495486459,0.12293409957412588,6.913865660488688,0.09186505355361867,6.370588074878988,0.14351708040161357,0.7129633393571206,50,0.25600961538461536,8437,0.24854806210738414,2.0756524275829134,92,0.782608695652174,6.375323256029174
full_strict,settings_all,0.0,reported,80,0.6344985961914062,0.1285076141357422,0.6419017910957336,0.24037973582744598,0.7671013039117353,0.05791418533595921,13.245482077694671,0.16233655968755306,11.257592645486126,0.250115829923222,0.7961049139687718,80,0.17548076923076922,8437,0.133578286120659,2.385627059524636,92,0.6956521739130435,12.04760767877196
full_strict,settings_all,0.0,pessimistic,8,0.7347363829612732,0.2702907919883728,0.7415317893028259,0.24037973582744598,0.9522567703109328,0.8974937703801755,1.061017693646564,0.015286620101567306,1.0600849393443152,0.001755317602090409,0.07030796848731449,8,0.9471153846153846,8437,0.9723835486547351,1.0857436647569525,92,1.0,1.1142482351632679
full_strict,settings_all,0.0,pessimistic,12,0.7347363829612732,0.2702907919883728,0.7415317893028259,0.24037973582744598,0.9039117352056169,0.8502073604902689,1.0631662076935908,0.015317100696509971,1.0621986845297313,0.0018154275206825419,0.1033718847910304,12,0.921875,8437,0.9656275927462368,1.1396839488511377,92,1.0,1.1762396273261897
full_strict,settings_all,0.0,pessimistic,20,0.7347363829612732,0.2702907919883728,0.7415317893028259,0.24037973582744598,0.9037111334002006,0.8497524294783556,1.0634993229204053,0.015321826375308222,1.0625263973196692,0.00182497605050435,0.12178171084713683,20,0.921875,8437,0.9656275927462368,1.1403117667728,92,1.0,1.1768695495943724
full_strict,settings_all,0.0,pessimistic,30,0.7347363829612732,0.2702907919883728,0.7415317893028259,0.24037973582744598,0.8686058174523571,0.7434922852505496,1.1682781848363706,0.016806005138833905,1.1654501007972569,0.0048173688827834234,0.1960150850978908,30,0.8617788461538461,8437,0.873414720872348,1.1799818780596574,92,0.9130434782608695,1.2281226563852086
full_strict,settings_all,0.0,pessimistic,50,0.7347363829612732,0.2702907919883728,0.7415317893028259,0.24037973582744598,0.8228686058174524,0.4870080508113915,1.6896406629140777,0.024125012497721005,1.673003073302339,0.019400386788518142,0.4105654744872314,50,0.6959134615384616,8437,0.7091383193078108,1.4731736080282314,92,0.9130434782608695,1.8752446954791469
full_strict,settings_all,0.0,pessimistic,80,0.7347363829612732,0.2702907919883728,0.7415317893028259,0.24037973582744598,0.726579739217653,0.10330456016976264,7.033375274272971,0.09330482495685102,6.470432250407938,0.1434819085148639,0.6664402205893223,80,0.2439903846153846,8437,0.33353087590375724,3.422278302196987,92,0.9130434782608695,8.857117207921258
full_strict,settings_all,0.25,optimistic,8,0.4543527662754059,0.08105718344449997,0.4598144590854645,0.2953510284423828,0.9891675025075226,0.7653524541326814,1.2924339592383938,0.018558873896761325,1.2870067142657577,0.008361650211713987,0.19616258241928855,8,0.8713942307692307,8437,0.9474931847813204,1.245509160422631,92,1.0,1.306695770930518
full_strict,settings_all,0.25,optimistic,12,0.4543527662754059,0.08105718344449997,0.4598144590854645,0.2953510284423828,0.9719157472417251,0.3272920451643768,2.9695672766919743,0.041639093479550006,2.887556280743534,0.053686109996343635,0.4551359266206598,12,0.4987980769230769,8437,0.45478250562996325,1.4034121409397764,92,1.0,3.0570723388978642
full_strict,settings_all,0.25,optimistic,20,0.4543527662754059,0.08105718344449997,0.4598144590854645,0.2953510284423828,0.9011033099297894,0.16454707948965547,5.476264378101216,0.07418049706878045,5.1442128615223925,0.11345299097463733,0.6023949401781832,20,0.27163461538461536,8437,0.27083086405120305,1.6733618677107636,92,0.8913043478260869,5.423182787949016
full_strict,settings_all,0.25,optimistic,30,0.4543527662754059,0.08105718344449997,0.4598144590854645,0.2953510284423828,0.8866599799398195,0.11929171644003275,7.432703681361969,0.09808272678856737,6.80176656367113,0.1546756941342113,0.6950991406910343,30,0.2403846153846154,8437,0.24902216427640156,2.1467864622052524,92,0.8260869565217391,6.936031183284319
full_strict,settings_all,0.25,optimistic,50,0.4543527662754059,0.08105718344449997,0.4598144590854645,0.2953510284423828,0.8649949849548646,0.10578173290560035,8.177167845480339,0.1068569870889401,7.41023731368069,0.1688814700481426,0.7431031660226577,50,0.23317307692307693,8437,0.23468057366362452,2.289370627213152,92,0.782608695652174,7.411142686878919
full_strict,settings_all,0.25,optimistic,80,0.4543527662754059,0.08105718344449997,0.4598144590854645,0.2953510284423828,0.8046138415245737,0.030465702604259914,26.410480400739793,0.2787158640817177,19.328176399116046,0.40119060200261636,0.8522314866680619,80,0.1141826923076923,8437,0.12054047647267986,4.277738575187785,92,0.782608695652174,25.860631674849422
full_strict,settings_all,0.25,reported,8,0.6284452080726624,0.10242699831724167,0.6361414790153503,0.2953510284423828,0.9723169508525576,0.8363304971075193,1.162598941704688,0.01672567409953277,1.1598793647968064,0.004665276576238208,0.16679694799666345,8,0.9146634615384616,8437,0.9057721939077872,1.0853195937993043,92,1.0,1.195762756490144
full_strict,settings_all,0.25,reported,12,0.6284452080726624,0.10242699831724167,0.6361414790153503,0.2953510284423828,0.9590772316950853,0.3963505727728192,2.419770015684601,0.03419347456051265,2.3712231457715105,0.03927900801670536,0.4080024576185014,12,0.5216346153846154,8437,0.4361739954960294,1.103290003725974,92,1.0,2.5240572364374687
full_strict,settings_all,0.25,reported,20,0.6284452080726624,0.10242699831724167,0.6361414790153503,0.2953510284423828,0.9091273821464393,0.21888932262239846,4.153365597072803,0.05728732145114398,3.9727177284603146,0.08290127615599484,0.5660430338224135,20,0.37259615384615385,8437,0.35533957567855873,1.6494845231771085,92,0.9565217391304348,4.373868683861855
full_strict,settings_all,0.25,reported,30,0.6284452080726624,0.10242699831724167,0.6361414790153503,0.2953510284423828,0.883049147442327,0.14002189538934756,6.306507600021437,0.08447676984781899,5.858230978798723,0.13133666583682252,0.6553477419202488,30,0.25721153846153844,8437,0.27071233850894866,1.980289095077877,92,0.8913043478260869,6.374702270911788
full_strict,settings_all,0.25,reported,50,0.6284452080726624,0.10242699831724167,0.6361414790153503,0.2953510284423828,0.8585757271815446,0.11612480958935872,7.393559827720239,0.09761660394571788,6.769442230214421,0.15337786756962127,0.7332919367044265,50,0.24759615384615385,8437,0.23669550788194857,2.0934775124032843,92,0.782608695652174,6.749838991830143
full_strict,settings_all,0.25,reported,80,0.6284452080726624,0.10242699831724167,0.6361414790153503,0.2953510284423828,0.8086258776328987,0.03627120932403122,22.293876953728965,0.2459576545243761,17.05648492245912,0.36310288929728884,0.8447812991248185,80,0.1310096153846154,8437,0.13097072419106318,3.86725019193649,92,0.782608695652174,21.6971667999632
full_strict,settings_all,0.25,pessimistic,8,0.7497037649154663,0.2154732048511505,0.7575201392173767,0.2953510284423828,0.9532597793380141,0.9035546254743756,1.0550106794456868,0.015201389621980595,1.054174440674063,0.0015828191028859544,0.08590242932963281,8,0.9507211538461539,8437,0.9542491406898187,1.057612338137321,92,1.0,1.1067718571999519
full_strict,settings_all,0.25,pessimistic,12,0.7497037649154663,0.2154732048511505,0.7575201392173767,0.2953510284423828,0.9532597793380141,0.8782017604362642,1.0854678529276272,0.015633378842958894,1.0841317016039151,0.002456954904084344,0.12156056451743348,12,0.9375,8437,0.9542491406898187,1.0889888755179893,92,1.0,1.1387331548102608
full_strict,settings_all,0.25,pessimistic,20,0.7497037649154663,0.2154732048511505,0.7575201392173767,0.2953510284423828,0.9532597793380141,0.8420567577800541,1.1320611948428854,0.016293502485856336,1.1299094554364275,0.0037911751413340316,0.17001741595377529,20,0.9182692307692307,8437,0.9170321204219509,1.091506087100574,92,1.0,1.1876285712293329
full_strict,settings_all,0.25,pessimistic,30,0.7497037649154663,0.2154732048511505,0.7575201392173767,0.2953510284423828,0.9319959879638917,0.6390636052255431,1.4583775078772712,0.020891978667338183,1.4488010947611114,0.013027275954176567,0.3384227561259717,30,0.7992788461538461,8437,0.8455612184425744,1.334070940906487,92,1.0,1.5650282112072926
full_strict,settings_all,0.25,pessimistic,50,0.7497037649154663,0.2154732048511505,0.7575201392173767,0.2953510284423828,0.8094282848545636,0.10772472858228821,7.513857732639927,0.09904757229122686,6.868675937971506,0.15477878754923552,0.6768754694319538,50,0.23317307692307693,8437,0.29441744695981986,2.8588580253989653,92,0.9130434782608695,8.492857711071824
full_strict,settings_all,0.25,pessimistic,80,0.7497037649154663,0.2154732048511505,0.7575201392173767,0.2953510284423828,0.8060180541624875,0.09507177637352478,8.477995099152732,0.11035429826970612,7.652766197521429,0.1731549302230844,0.7263139188972562,80,0.22716346153846154,8437,0.2914543084034609,3.2353151662196096,92,0.9130434782608695,9.626097453316179
full_strict,settings_all,0.5,optimistic,8,0.4143487811088562,0.06088877096772194,0.4195203185081482,0.35032233595848083,0.9837512537612838,0.7319986733624685,1.3439249134733793,0.01928400654334969,1.3372926631915374,0.009818345024444406,0.2171232984343566,8,0.8497596153846154,8437,0.9357591560981392,1.2874616998958743,92,1.0,1.3662578015948144
full_strict,settings_all,0.5,optimistic,12,0.4143487811088562,0.06088877096772194,0.4195203185081482,0.35032233595848083,0.9729187562688064,0.33901752511659444,2.869818473054458,0.04029678373505488,2.794470802421972,0.05111032932608299,0.4529907611412657,12,0.5168269230769231,8437,0.4597605784046462,1.3685319671482548,92,1.0,2.951254169735303
full_strict,settings_all,0.5,optimistic,20,0.4143487811088562,0.06088877096772194,0.4195203185081482,0.35032233595848083,0.918555667001003,0.13604491783358916,6.751855796073066,0.08990595118886337,6.23472972962594,0.1412219712456178,0.6464095116901636,20,0.24759615384615385,8437,0.25056299632570816,1.881992156994628,92,0.8913043478260869,6.561383091683033
full_strict,settings_all,0.5,optimistic,30,0.4143487811088562,0.06088877096772194,0.4195203185081482,0.35032233595848083,0.918555667001003,0.1274922148096187,7.204798099810736,0.09536205927067497,6.6130957756540125,0.1505927528396669,0.6926456735169616,30,0.24759615384615385,8437,0.25056299632570816,2.014702570930412,92,0.8913043478260869,7.002380193103005
full_strict,settings_all,0.5,optimistic,50,0.4143487811088562,0.06088877096772194,0.4195203185081482,0.35032233595848083,0.918555667001003,0.10115024170044407,9.081102047400945,0.11728395061728394,8.133318473940339,0.1872220146902252,0.7680812756517471,50,0.2283653846153846,8437,0.2470072300580775,2.5347935501503334,92,0.8913043478260869,8.830318945120093
full_strict,settings_all,0.5,optimistic,80,0.4143487811088562,0.06088877096772194,0.4195203185081482,0.35032233595848083,0.8876629889669007,0.020683218328730213,42.91706323739204,0.38572175732217573,26.748739943680413,0.5282815077643382,0.8949181772795565,80,0.08653846153846154,8437,0.14957923432499703,8.591407174780306,92,0.782608695652174,38.2181206171108
full_strict,settings_all,0.5,reported,8,0.6223917603492737,0.07634637504816055,0.6303810477256775,0.35032233595848083,1.0,0.8848202728999064,1.1301730200220255,0.016266768476732158,1.1280555256434102,0.003740196268863331,0.13292070474709453,8,0.9411057692307693,8437,0.9179803247599858,1.0384647931190254,92,1.0,1.1302127574856657
full_strict,settings_all,0.5,reported,12,0.6223917603492737,0.07634637504816055,0.6303810477256775,0.35032233595848083,0.9879638916750251,0.5395775305170658,1.8309952431271184,0.0260906418033004,1.8093140438984423,0.023397815661621146,0.34895457486147186,12,0.7091346153846154,8437,0.7963731184070167,1.4939735070690268,92,1.0,1.8537290201798113
full_strict,settings_all,0.5,reported,20,0.6223917603492737,0.07634637504816055,0.6303810477256775,0.35032233595848083,0.932196589769308,0.21153705046212185,4.406776910866631,0.060570907194994784,4.200425342764476,0.08908235102486149,0.5803054183921014,20,0.34615384615384615,8437,0.36897001303780963,1.7778297870087756,92,1.0,4.732068184659841
full_strict,settings_all,0.5,reported,30,0.6223917603492737,0.07634637504816055,0.6303810477256775,0.35032233595848083,0.931394182547643,0.12396429818820055,7.513406651434558,0.09904221506431451,6.86830442906184,0.15707145960618007,0.7043100558143359,30,0.24759615384615385,8437,0.254829915846865,2.112292457668543,92,1.0,8.082265565679576
full_strict,settings_all,0.5,reported,50,0.6223917603492737,0.07634637504816055,0.6303810477256775,0.35032233595848083,0.931394182547643,0.10295822559295122,9.046330948145329,0.11688736720205428,8.105816507980212,0.18687191748893828,0.7672475604601608,50,0.22596153846153846,8437,0.24688870451582315,2.4862012790729366,92,0.782608695652174,7.614802505337442
full_strict,settings_all,0.5,reported,80,0.6223917603492737,0.07634637504816055,0.6303810477256775,0.35032233595848083,0.9183550651955867,0.028255618397997128,32.501679922909894,0.3222808870116156,22.349290574998488,0.465717377090247,0.8949770883148545,80,0.13341346153846154,8437,0.14543084034609458,5.752724648233123,92,0.782608695652174,27.89862807999454
full_strict,settings_all,0.5,pessimistic,8,0.7646711468696594,0.16065560281276703,0.7735085487365723,0.35032233595848083,0.9983951855566701,0.8533067614488525,1.1700307915777768,0.01683079253858536,1.1671690385995597,0.0048796876261157675,0.1594805086936065,8,0.9242788461538461,8437,0.8952234206471494,1.0504328262510185,92,1.0,1.1719659095991934
full_strict,settings_all,0.5,pessimistic,12,0.7646711468696594,0.16065560281276703,0.7735085487365723,0.35032233595848083,0.9875626880641926,0.7237013187129268,1.3645998183622665,0.01957486401374177,1.35746282649839,0.010403185731258991,0.270416612275788,12,0.8509615384615384,8437,0.777171980561811,1.0759034508915872,92,1.0,1.3819280187925236
full_strict,settings_all,0.5,pessimistic,20,0.7646711468696594,0.16065560281276703,0.7735085487365723,0.35032233595848083,0.9863590772316951,0.22396106964553536,4.404154163010617,0.06053704000098494,4.198076746274922,0.08932754073181673,0.5731739915247703,20,0.3581730769230769,8437,0.3586582908616807,1.6262667158539041,92,1.0,4.4692444957619335
full_strict,settings_all,0.5,pessimistic,30,0.7646711468696594,0.16065560281276703,0.7735085487365723,0.35032233595848083,0.9863590772316951,0.14481774876654996,6.811037221837581,0.0906225810018799,6.284426030496665,0.14336755064389597,0.6731420200927273,30,0.2764423076923077,8437,0.25625222235391726,1.8047425958673458,92,1.0,6.916262259132165
full_strict,settings_all,0.5,pessimistic,50,0.7646711468696594,0.16065560281276703,0.7735085487365723,0.35032233595848083,0.9767301905717152,0.08736436452007713,11.179961028014501,0.14058033780857515,9.748858667818093,0.2262781409187588,0.7731674614801058,50,0.20072115384615385,8437,0.2393030698115444,2.865685955907345,92,1.0,11.478701893913863
full_strict,settings_all,0.5,pessimistic,80,0.7646711468696594,0.16065560281276703,0.7735085487365723,0.35032233595848083,0.9753259779338014,0.025646368916765236,38.02978819727665,0.3575,24.791638916750248,0.5129384080580857,0.8949616041467118,80,0.109375,8437,0.1376081545573071,6.03452711460666,92,0.782608695652174,30.760603658475404
full_strict,settings_all,0.75,optimistic,8,0.3743448555469513,0.04072034731507301,0.3792261779308319,0.4052935838699341,0.9985957873620862,0.4399036133262501,2.2700331552436865,0.032145578530008136,2.2292072047160865,0.03533241048294545,0.3798221466933887,8,0.6177884615384616,8437,0.5734265734265734,1.3136521921839277,92,1.0,2.2740072635992203
full_strict,settings_all,0.75,optimistic,12,0.3743448555469513,0.04072034731507301,0.3792261779308319,0.4052935838699341,0.9953861584754263,0.30071820399106575,3.3100296066712307,0.046192515360268104,3.2033235285823953,0.06244768996033604,0.4874324350113336,12,0.4795673076923077,8437,0.5063411165106081,1.7135231921806142,92,1.0,3.327462243322979
full_strict,settings_all,0.75,optimistic,20,0.3743448555469513,0.04072034731507301,0.3792261779308319,0.4052935838699341,0.9953861584754263,0.14244330238824107,6.9879463743575565,0.09275806632519534,6.432516047413185,0.14720356064217635,0.6485116011510078,20,0.23918269230769232,8437,0.22377622377622378,1.594096153396385,92,1.0,7.031771263418662
full_strict,settings_all,0.75,optimistic,30,0.3743448555469513,0.04072034731507301,0.3792261779308319,0.4052935838699341,0.9953861584754263,0.10629242965445788,9.364600674867347,0.12050416494645069,8.35663145543194,0.1942534497515023,0.7180018517887886,30,0.203125,8437,0.20540476472679864,1.9793127659309868,92,1.0,9.429421698087092
full_strict,settings_all,0.75,optimistic,50,0.3743448555469513,0.04072034731507301,0.3792261779308319,0.4052935838699341,0.9873620862587763,0.03989598222540511,24.74840901723784,0.26583850931677017,18.435167365450386,0.40538240165903594,0.8474220900772405,50,0.140625,8437,0.10359132393030698,2.7062429096327403,92,0.782608695652174,19.715360646723454
full_strict,settings_all,0.75,optimistic,80,0.3743448555469513,0.04072034731507301,0.3792261779308319,0.4052935838699341,0.9863590772316951,0.015288617039074172,64.51591237525207,0.4855816709460794,33.67374951241241,0.6439021945609091,0.9260418544411219,80,0.07932692307692307,8437,0.03792817352139386,2.5777349005210928,92,0.782608695652174,51.89242579411093
full_strict,settings_all,0.75,reported,8,0.6163383722305298,0.05026574432849884,0.6246206760406494,0.4052935838699341,0.9997993981945837,0.554795706625263,1.8021037045802135,0.025689529867171112,1.7814980375048313,0.022609814653728598,0.32410110143159915,8,0.7175480769230769,8437,0.8479317292876615,1.5491511423884423,92,1.0,1.8028560389132657
full_strict,settings_all,0.75,reported,12,0.6163383722305298,0.05026574432849884,0.6246206760406494,0.4052935838699341,0.9997993981945837,0.3851387246082457,2.595946172931732,0.036591901912558275,2.5375474671140914,0.04400202914871055,0.463367079603424,12,0.59375,8437,0.785824345146379,2.0957292136604404,92,0.782608695652174,2.0325842461959134
full_strict,settings_all,0.75,reported,20,0.6163383722305298,0.05026574432849884,0.6246206760406494,0.4052935838699341,0.9997993981945837,0.13947304313626505,7.168405992387938,0.09492610086850525,6.582863262956628,0.1510281508438721,0.6765994299507356,20,0.3088942307692308,8437,0.2839871992414365,2.091161303092569,92,0.782608695652174,5.618179718941743
full_strict,settings_all,0.75,reported,30,0.6163383722305298,0.05026574432849884,0.6246206760406494,0.4052935838699341,0.9965897693079238,0.06391340461564199,15.592813046044823,0.18576129225246785,12.882033237012863,0.29603927953208037,0.7788009311064824,30,0.14423076923076922,8437,0.21891667654379518,3.6499733946466457,92,0.782608695652174,12.28213192519111
full_strict,settings_all,0.75,reported,50,0.6163383722305298,0.05026574432849884,0.6246206760406494,0.4052935838699341,0.9917753259779338,0.030251444772842674,32.78439537103598,0.3241754639040063,22.48067425672204,0.4772722421573586,0.8661972137548275,50,0.1141826923076923,8437,0.1174588123740666,4.189406335635531,92,0.782608695652174,26.04507975616491
full_strict,settings_all,0.75,reported,80,0.6163383722305298,0.05026574432849884,0.6246206760406494,0.4052935838699341,0.9845536609829488,0.012755678566292254,77.18551826671916,0.5303652474605576,36.77936701827982,0.6834408252999719,0.9316907554311609,80,0.07932692307692307,8437,0.10619888585990281,10.228153217453144,92,0.782608695652174,62.37047059062888
full_strict,settings_all,0.75,pessimistic,8,0.779638409614563,0.10583802312612534,0.7894970178604126,0.4052935838699341,0.9945837512537613,0.5539856359201787,1.7953240783973439,0.02559535793750355,1.7749674739344488,0.022419975488596425,0.3231905238306982,8,0.7211538461538461,8437,0.8063292639563826,1.472537180547212,92,1.0,1.8054935676916308
full_strict,settings_all,0.75,pessimistic,12,0.779638409614563,0.10583802312612534,0.7894970178604126,0.4052935838699341,0.9905717151454363,0.2305502317213122,4.2965548451186715,0.05914551617578363,4.1015784072023465,0.08677217217949917,0.5308950254506806,12,0.31490384615384615,8437,0.3003437240725376,1.3128170089911253,92,1.0,4.34136300488153
full_strict,settings_all,0.75,pessimistic,20,0.779638409614563,0.10583802312612534,0.7894970178604126,0.4052935838699341,0.9905717151454363,0.12180997971888198,8.132106395810244,0.10633074935400517,7.373744178271248,0.17044108901198482,0.6625825135073214,20,0.1875,8437,0.14128244636719214,1.1645865438901613,92,0.782608695652174,6.434259988036395
full_strict,settings_all,0.75,pessimistic,30,0.779638409614563,0.10583802312612534,0.7894970178604126,0.4052935838699341,0.9905717151454363,0.08465825875888949,11.700827889298182,0.1461725179089456,10.136660933009198,0.23554049374097677,0.7417011856044894,30,0.1875,8437,0.14128244636719214,1.697688542753233,92,0.782608695652174,9.26495868567871
full_strict,settings_all,0.75,pessimistic,50,0.779638409614563,0.10583802312612534,0.7894970178604126,0.4052935838699341,0.9905717151454363,0.025018270616446195,39.59393238373026,0.3668102807903729,25.437281209249498,0.5253824575795029,0.8680219624710493,50,0.08173076923076923,8437,0.108924973331753,4.759097513324773,92,0.782608695652174,31.53944525607523
full_strict,settings_all,0.75,pessimistic,80,0.779638409614563,0.10583802312612534,0.7894970178604126,0.4052935838699341,0.9857572718154464,0.012324227864671232,79.98531694153668,0.5392296718972895,37.39409040244843,0.691366451114128,0.9280876197110344,80,0.06971153846153846,8437,0.09055351428232784,8.759411471512722,92,0.782608695652174,64.59205023124494
full_strict,settings_all,1.0,optimistic,8,0.3343409299850464,0.020551927387714386,0.3389320373535156,0.4602648913860321,0.9921765295887663,0.4205617077229676,2.3591699181570114,0.03336571413152001,2.313820243211623,0.03771048546114804,0.3960490575863801,8,0.6033653846153846,8437,0.5664335664335665,1.358817327527394,92,1.0,2.378657523149765
full_strict,settings_all,1.0,optimistic,12,0.3343409299850464,0.020551927387714386,0.3389320373535156,0.4602648913860321,0.9797392176529589,0.28482790400075136,3.4397585485527933,0.04791617612432305,3.3228546482395145,0.06567412074086315,0.49824441384394774,12,0.4651442307692308,8437,0.4745762711864407,1.6948555022807759,92,1.0,3.5132746101163463
full_strict,settings_all,1.0,optimistic,20,0.3343409299850464,0.020551927387714386,0.3389320373535156,0.4602648913860321,0.9797392176529589,0.1361799296177699,7.194446497386898,0.09523809523809523,6.604499211921478,0.1512923812188242,0.6507717871926971,20,0.2403846153846154,8437,0.32653786891075026,2.4860812468082085,92,0.782608695652174,5.754250125293526
full_strict,settings_all,1.0,optimistic,30,0.3343409299850464,0.020551927387714386,0.3389320373535156,0.4602648913860321,0.9795386158475426,0.09260634379283322,10.577446163287021,0.13401948675723893,9.293881744038208,0.21588738252701528,0.7268979439547375,30,0.17668269230769232,8437,0.3009363517838094,3.4465007187334464,92,0.782608695652174,8.467960333683223
full_strict,settings_all,1.0,optimistic,50,0.3343409299850464,0.020551927387714386,0.3389320373535156,0.4602648913860321,0.9795386158475426,0.04180375743665452,23.431831871377668,0.25530691205688594,17.704830144516997,0.3911135029044427,0.8384175154154793,50,0.1310096153846154,8437,0.05831456678914306,1.4090912926547685,92,0.782608695652174,18.811050123798452
full_strict,settings_all,1.0,optimistic,80,0.3343409299850464,0.020551927387714386,0.3389320373535156,0.4602648913860321,0.9771313941825477,0.015723002779481732,62.14661460581108,0.47624168947985923,33.026047559965775,0.6332623405155832,0.9198296423723114,80,0.08533653846153846,8437,0.012563707478961716,0.7950092056493098,92,0.782608695652174,50.439241495619264
full_strict,settings_all,1.0,reported,8,0.6102849245071411,0.024185121059417725,0.6188602447509766,0.4602648913860321,0.9973921765295888,0.5422513508516015,1.8393539729558852,0.026206627557017335,1.8173573359981272,0.023633511853007286,0.29571640891263823,8,0.6850961538461539,8437,0.7665046817589191,1.4285610409614047,92,1.0,1.8445838004104864
full_strict,settings_all,1.0,reported,12,0.6102849245071411,0.024185121059417725,0.6188602447509766,0.4602648913860321,0.9973921765295888,0.2612624775836413,3.8175867646753097,0.05290093310777022,3.668533795711882,0.07514311836794013,0.5070927270507607,12,0.38341346153846156,8437,0.6089842361028802,2.4124566694904255,92,0.782608695652174,2.997103665317651
full_strict,settings_all,1.0,reported,20,0.6102849245071411,0.024185121059417725,0.6188602447509766,0.4602648913860321,0.9923771313941826,0.11069498783426424,8.964968972940298,0.1159579954057475,8.041367137369164,0.1866489558696879,0.6796161321181593,20,0.18028846153846154,8437,0.16119473746592392,1.4732724576193756,92,0.782608695652174,7.081566062862892
full_strict,settings_all,1.0,reported,30,0.6102849245071411,0.024185121059417725,0.6188602447509766,0.4602648913860321,0.9923771313941826,0.07028830886000159,14.118665642827931,0.17120609101920747,11.872670178731383,0.27417773006666074,0.7667480188680319,30,0.18028846153846154,8437,0.15716486902927582,2.3084519358073377,92,0.782608695652174,11.164826239920751
full_strict,settings_all,1.0,reported,50,0.6102849245071411,0.024185121059417725,0.6188602447509766,0.4602648913860321,0.9885656970912738,0.027251835133001282,36.27519733135864,0.3467248293815521,24.04441055524273,0.5027701547492627,0.8684680286493652,50,0.09014423076923077,8437,0.1131918928529098,4.515092797816057,92,0.782608695652174,28.93426585307151
full_strict,settings_all,1.0,reported,80,0.6102849245071411,0.024185121059417725,0.6188602447509766,0.4602648913860321,0.9883650952858576,0.011141407233696594,88.71097470493672,0.5648286140089419,39.169306428973954,0.7135940737270637,0.9354781264982723,80,0.07091346153846154,8437,0.0571293113665995,5.7279978289153535,92,0.782608695652174,71.58200625788074
full_strict,settings_all,1.0,pessimistic,8,0.7946058511734009,0.05102042108774185,0.8054853677749634,0.4602648913860321,0.9917753259779338,0.4184132593312221,2.3703248017597596,0.033518189583870046,2.3243939952628963,0.038007653051676846,0.38353884075446354,8,0.5456730769230769,8437,0.48465094227806094,1.1629816579487136,92,1.0,2.3908792273244144
full_strict,settings_all,1.0,pessimistic,12,0.7946058511734009,0.05102042108774185,0.8054853677749634,0.4602648913860321,0.9917753259779338,0.21226494008118318,4.6723463874845175,0.06398757522811105,4.43736184675167,0.09571970880792903,0.5633934005760456,12,0.35697115384615385,8437,0.3052032713049662,1.4540061332490228,92,1.0,4.715820515305486
full_strict,settings_all,1.0,pessimistic,20,0.7946058511734009,0.05102042108774185,0.8054853677749634,0.4602648913860321,0.9875626880641926,0.10094185394659991,9.783480780793182,0.1252193819152995,8.683618746357347,0.2018281164565617,0.7004641346861039,20,0.20552884615384615,8437,0.2709493895934574,2.8041312364597415,92,1.0,9.93058309037901
full_strict,settings_all,1.0,pessimistic,30,0.7946058511734009,0.05102042108774185,0.8054853677749634,0.4602648913860321,0.9867602808425275,0.05543407756133497,17.80060793382424,0.20662858102999243,14.329122156016902,0.32562223927946676,0.7787552687137472,30,0.12259615384615384,8437,0.10880644778949863,2.011995861361671,92,1.0,18.12285182229316
full_strict,settings_all,1.0,pessimistic,50,0.7946058511734009,0.05102042108774185,0.8054853677749634,0.4602648913860321,0.9835506519558675,0.024683676194780915,39.846198118731934,0.36828663712161047,25.539662448624323,0.5259586266090046,0.8671955439320721,50,0.09134615384615384,8437,0.06933744221879815,2.94428489147718,92,0.782608695652174,31.97066338502613
full_strict,settings_all,1.0,pessimistic,80,0.7946058511734009,0.05102042108774185,0.8054853677749634,0.4602648913860321,0.9809428284854563,0.009166126130356812,107.01825553509713,0.6102583302134033,42.31973194011086,0.7479419856307714,0.9343071253030242,80,0.046875,8437,0.017186203626881592,1.917571734022315,92,0.782608695652174,87.37180967038604
full_strict,settings_numeric,0.0,optimistic,8,0.4943566620349884,0.10122561454772949,0.5001085996627808,0.24037973582744598,0.9739217652958877,0.903311017255093,1.0781688108436458,0.015529887436305071,1.0769548580102142,0.002248398759471198,0.10464228263811175,8,0.9507211538461539,8437,0.9874362925210383,1.0957209919319773,92,1.0,1.1070704247325107
full_strict,settings_numeric,0.0,optimistic,12,0.4943566620349884,0.10122561454772949,0.5001085996627808,0.24037973582744598,0.9664994984954864,0.45965642435964793,2.102656347818758,0.029846123349109202,2.069746330450081,0.030789060228572043,0.3509973650509709,12,0.5913461538461539,8437,0.5070522697641342,1.106007180918047,92,1.0,2.1762289321356008
full_strict,settings_numeric,0.0,optimistic,20,0.4943566620349884,0.10122561454772949,0.5001085996627808,0.24037973582744598,0.8990972918756269,0.16085186565740467,5.589598157292109,0.07559963566440643,5.2426262087547935,0.11595323309294561,0.6040954367260372,20,0.2668269230769231,8437,0.27509778357235987,1.7416657001071263,92,0.8913043478260869,5.547955039146484
full_strict,settings_numeric,0.0,optimistic,30,0.4943566620349884,0.10122561454772949,0.5001085996627808,0.24037973582744598,0.8950852557673019,0.14834273034918155,6.0339003715273085,0.0811213729910552,5.62554346188883,0.12563920591775982,0.6573560147393112,30,0.2668269230769231,8437,0.2615858717553633,1.798245245715146,92,0.8913043478260869,6.016551637974116
full_strict,settings_numeric,0.0,optimistic,50,0.4943566620349884,0.10122561454772949,0.5001085996627808,0.24037973582744598,0.8312938816449348,0.0960197939015764,8.657526202326988,0.11242844352803928,7.796602450124186,0.1771652894415749,0.7421959322699858,50,0.21754807692307693,8437,0.23468057366362452,2.5371157616237894,92,0.782608695652174,8.16626508912624
full_strict,settings_numeric,0.0,optimistic,80,0.4943566620349884,0.10122561454772949,0.5001085996627808,0.24037973582744598,0.7751253761283852,0.06353184957339211,12.200579415415238,0.1514700117600941,10.504027519642424,0.23496138631001784,0.7962672336787123,80,0.18990384615384615,8437,0.15242384733910158,2.4875482048503263,92,0.782608695652174,12.35614124892685
full_strict,settings_numeric,0.0,reported,8,0.6344985961914062,0.1285076141357422,0.6419017910957336,0.24037973582744598,0.9883650952858576,0.8869305657874269,1.1143658065368127,0.01604290263550343,1.1125310470377117,0.0032868798436119884,0.13076309165863817,8,0.9423076923076923,8437,0.9114614199359962,1.0283803632899933,92,1.0,1.1275227991194823
full_strict,settings_numeric,0.0,reported,12,0.6344985961914062,0.1285076141357422,0.6419017910957336,0.24037973582744598,0.9883650952858576,0.8776969337649797,1.1260892652844923,0.01620894304663649,1.1240454915647036,0.003622584863622059,0.14681162978026518,12,0.9375,8437,0.9114614199359962,1.0394847858693232,92,1.0,1.139388323760909
full_strict,settings_numeric,0.0,reported,20,0.6344985961914062,0.1285076141357422,0.6419017910957336,0.24037973582744598,0.9334002006018054,0.32456539413168345,2.875846339376231,0.040378006872852236,2.8001034029924825,0.05117772988737734,0.4765108394874106,20,0.453125,8437,0.41756548536209553,1.2959663187297303,92,1.0,3.082775972703659
full_strict,settings_numeric,0.0,reported,30,0.6344985961914062,0.1285076141357422,0.6419017910957336,0.24037973582744598,0.8678034102306921,0.15235199333159188,5.696042376957489,0.07692854856492513,5.334782652898768,0.1179617803668082,0.6333873166289893,30,0.25600961538461536,8437,0.2647860613962309,1.771178559495334,92,0.8913043478260869,5.857970818742984
full_strict,settings_numeric,0.0,reported,50,0.6344985961914062,0.1285076141357422,0.6419017910957336,0.24037973582744598,0.8499498495486459,0.12293409957412588,6.913865660488688,0.09186505355361867,6.370588074878988,0.14351708040161357,0.7129633393571206,50,0.25600961538461536,8437,0.24854806210738414,2.0756524275829134,92,0.782608695652174,6.375323256029174
full_strict,settings_numeric,0.0,reported,80,0.6344985961914062,0.1285076141357422,0.6419017910957336,0.24037973582744598,0.7671013039117353,0.05791418533595921,13.245482077694671,0.16233655968755306,11.257592645486126,0.250115829923222,0.7961049139687718,80,0.17548076923076922,8437,0.133578286120659,2.385627059524636,92,0.6956521739130435,12.04760767877196
full_strict,settings_numeric,0.0,pessimistic,8,0.7347363829612732,0.2702907919883728,0.7415317893028259,0.24037973582744598,0.9522567703109328,0.8974937703801755,1.061017693646564,0.015286620101567306,1.0600849393443152,0.001755317602090409,0.07030796848731449,8,0.9471153846153846,8437,0.9723835486547351,1.0857436647569525,92,1.0,1.1142482351632679
full_strict,settings_numeric,0.0,pessimistic,12,0.7347363829612732,0.2702907919883728,0.7415317893028259,0.24037973582744598,0.9039117352056169,0.8502073604902689,1.0631662076935908,0.015317100696509971,1.0621986845297313,0.0018154275206825419,0.1033718847910304,12,0.921875,8437,0.9656275927462368,1.1396839488511377,92,1.0,1.1762396273261897
full_strict,settings_numeric,0.0,pessimistic,20,0.7347363829612732,0.2702907919883728,0.7415317893028259,0.24037973582744598,0.9037111334002006,0.8497524294783556,1.0634993229204053,0.015321826375308222,1.0625263973196692,0.00182497605050435,0.12178171084713683,20,0.921875,8437,0.9656275927462368,1.1403117667728,92,1.0,1.1768695495943724
full_strict,settings_numeric,0.0,pessimistic,30,0.7347363829612732,0.2702907919883728,0.7415317893028259,0.24037973582744598,0.8686058174523571,0.7434922852505496,1.1682781848363706,0.016806005138833905,1.1654501007972569,0.0048173688827834234,0.1960150850978908,30,0.8617788461538461,8437,0.873414720872348,1.1799818780596574,92,0.9130434782608695,1.2281226563852086
full_strict,settings_numeric,0.0,pessimistic,50,0.7347363829612732,0.2702907919883728,0.7415317893028259,0.24037973582744598,0.8228686058174524,0.4870080508113915,1.6896406629140777,0.024125012497721005,1.673003073302339,0.019400386788518142,0.4105654744872314,50,0.6959134615384616,8437,0.7091383193078108,1.4731736080282314,92,0.9130434782608695,1.8752446954791469
full_strict,settings_numeric,0.0,pessimistic,80,0.7347363829612732,0.2702907919883728,0.7415317893028259,0.24037973582744598,0.726579739217653,0.10330456016976264,7.033375274272971,0.09330482495685102,6.470432250407938,0.1434819085148639,0.6664402205893223,80,0.2439903846153846,8437,0.33353087590375724,3.422278302196987,92,0.9130434782608695,8.857117207921258
full_strict,settings_numeric,0.25,optimistic,8,0.4509238302707672,0.08225379139184952,0.45631787180900574,0.2975232005119324,0.9891675025075226,0.9356081840621524,1.0572454574016554,0.01523309947698971,1.0563734316544502,0.0016479801312906817,0.07743591019262525,8,0.9675480769230769,8437,0.9940737228872822,1.0641778829474646,92,1.0,1.0688433538345676
full_strict,settings_numeric,0.25,optimistic,12,0.4509238302707672,0.08225379139184952,0.45631787180900574,0.2975232005119324,0.9622868605817453,0.3267343877949347,2.9451655428007677,0.04131106881733394,2.864808675201018,0.053034527095783775,0.45042390546255623,12,0.49759615384615385,8437,0.45490103117221764,1.4062724240977023,92,1.0,3.0622943450507956
full_strict,settings_numeric,0.25,optimistic,20,0.4509238302707672,0.08225379139184952,0.45631787180900574,0.2975232005119324,0.8922768304914744,0.16038225945155865,5.5634384597317315,0.07527245650849523,5.21993723674238,0.11530296845695336,0.6069568224870511,20,0.2644230769230769,8437,0.2686974042906246,1.7045871530111116,92,0.8913043478260869,5.564224105644476
full_strict,settings_numeric,0.25,optimistic,30,0.4509238302707672,0.08225379139184952,0.45631787180900574,0.2975232005119324,0.8786359077231695,0.12746286442175334,6.8932697512266,0.09161646586345382,6.3533492042392234,0.14356344579124886,0.683961631362073,30,0.25721153846153844,8437,0.2525779305440322,2.0322318641447987,92,0.8260869565217391,6.49060973065783
full_strict,settings_numeric,0.25,optimistic,50,0.4509238302707672,0.08225379139184952,0.45631787180900574,0.2975232005119324,0.873420260782347,0.1119423793185427,7.802409293954227,0.10246152397985597,7.10542407096094,0.16177076931391887,0.7391598279939243,50,0.23918269230769232,8437,0.24854806210738414,2.29132033373107,92,0.782608695652174,7.002505813395709
full_strict,settings_numeric,0.25,optimistic,80,0.4509238302707672,0.08225379139184952,0.45631787180900574,0.2975232005119324,0.8014042126379137,0.030539078573923354,26.241925102554177,0.27743055555555557,19.239043798060848,0.39930516644845765,0.8504202113955631,80,0.11298076923076923,8437,0.12054047647267986,4.266347068543165,92,0.782608695652174,25.79806361215018
full_strict,settings_numeric,0.25,reported,8,0.6175813674926758,0.1033419817686081,0.6251053214073181,0.2975232005119324,0.9735205616850552,0.8580028235073126,1.134635615423191,0.016329950468396682,1.132437022492048,0.0038661828442495406,0.153180882466507,8,0.9266826923076923,8437,0.9150171862036269,1.0682525289908822,92,1.0,1.165549430431941
full_strict,settings_numeric,0.25,reported,12,0.6175813674926758,0.1033419817686081,0.6251053214073181,0.2975232005119324,0.9618856569709128,0.7866256152575056,1.2227998152031128,0.017576528461513086,1.2188837679099753,0.006380109528819218,0.2123727417716161,12,0.8870192307692307,8437,0.8735332464146024,1.1136055812922154,92,1.0,1.2713459241564646
full_strict,settings_numeric,0.25,reported,20,0.6175813674926758,0.1033419817686081,0.6251053214073181,0.2975232005119324,0.9095285857572718,0.2205182691489268,4.124504465174368,0.0569118957661265,3.9466829927315676,0.08221025806134644,0.5659814730093962,20,0.3737980769230769,8437,0.3610288017067678,1.66410703813884,92,0.9565217391304348,4.341521463933234
full_strict,settings_numeric,0.25,reported,30,0.6175813674926758,0.1033419817686081,0.6251053214073181,0.2975232005119324,0.8826479438314945,0.14062357834058778,6.276671055075394,0.08411072029362288,5.832846451880492,0.13069590400508266,0.654374135509007,30,0.25721153846153844,8437,0.27213464501600093,1.9822708487821532,92,0.8913043478260869,6.3473802143460984
full_strict,settings_numeric,0.25,reported,50,0.6175813674926758,0.1033419817686081,0.6251053214073181,0.2975232005119324,0.8585757271815446,0.11738394122878335,7.31425200239414,0.09667073225821024,6.703848637659829,0.15178823479864925,0.7315630666013138,50,0.24759615384615385,8437,0.23811781438900084,2.082936913473499,92,0.782608695652174,6.677305528389055
full_strict,settings_numeric,0.25,reported,80,0.6175813674926758,0.1033419817686081,0.6251053214073181,0.2975232005119324,0.8004012036108324,0.04185952317359874,19.12112568247443,0.21860618014464167,15.159735617107732,0.3281993324339036,0.8371553146571314,80,0.16346153846153846,8437,0.12860021334597604,3.2428099938772745,92,0.782608695652174,18.7858626712014
full_strict,settings_numeric,0.25,pessimistic,8,0.7484470009803772,0.2167358249425888,0.7562264800071716,0.2975232005119324,0.9263791374122368,0.8570254555913956,1.0809237127886513,0.0155689511017612,1.0796638154612717,0.002325519383761464,0.10851461592007697,8,0.9254807692307693,8437,0.956382600450397,1.1192272440717759,92,1.0,1.1668790638082123
full_strict,settings_numeric,0.25,pessimistic,12,0.7484470009803772,0.2167358249425888,0.7562264800071716,0.2975232005119324,0.9263791374122368,0.8498052601765133,1.0901075585479647,0.015699152830470908,1.0886929462151396,0.0025887264656192987,0.12712023367518296,12,0.921875,8437,0.956382600450397,1.1290091348676239,92,1.0,1.176796362706688
full_strict,settings_numeric,0.25,pessimistic,20,0.7484470009803772,0.2167358249425888,0.7562264800071716,0.2975232005119324,0.9263791374122368,0.8098916677183889,1.1438309274399798,0.016460113274664328,1.1414634540819175,0.00412553666532415,0.17948627791759722,20,0.9002403846153846,8437,0.9191655801825294,1.1388256718878447,92,1.0,1.2348113265687137
full_strict,settings_numeric,0.25,pessimistic,30,0.7484470009803772,0.2167358249425888,0.7562264800071716,0.2975232005119324,0.9037111334002006,0.6647158442198814,1.3595450465917613,0.01950376870824873,1.352532563162839,0.010241507047889198,0.31476576778300147,30,0.8161057692307693,8437,0.8512504444707835,1.2898136300404255,92,1.0,1.5046072160576718
full_strict,settings_numeric,0.25,pessimistic,50,0.7484470009803772,0.2167358249425888,0.7562264800071716,0.2975232005119324,0.8381143430290873,0.10078629689091341,8.315756892390091,0.10847158397590674,7.522205154289881,0.1709119612140673,0.6841998243361621,50,0.203125,8437,0.22081308521986487,2.2592205652896102,92,0.9130434782608695,9.07896530496976
full_strict,settings_numeric,0.25,pessimistic,80,0.7484470009803772,0.2167358249425888,0.7562264800071716,0.2975232005119324,0.8341023069207623,0.08084857841396374,10.316845679709571,0.13115064345193037,9.094935373873323,0.20689639178989533,0.7438667379688672,80,0.18389423076923078,8437,0.21773142112125163,2.8140530639714796,92,0.9130434782608695,11.324738057014752
full_strict,settings_numeric,0.5,optimistic,8,0.40749096870422363,0.06328197568655014,0.4125271439552307,0.3546666204929352,0.9891675025075226,0.9144935150318011,1.0816561148310875,0.01557933581667504,1.0803839667966488,0.0023490533148038738,0.10382819075915668,8,0.9567307692307693,8437,0.9502192722531706,1.040097899495159,92,1.0,1.093529083169067
full_strict,settings_numeric,0.5,optimistic,12,0.40749096870422363,0.06328197568655014,0.4125271439552307,0.3546666204929352,0.9701103309929789,0.30005488522530827,3.233109603479819,0.045167557066537155,3.1322454980288117,0.06042410147936559,0.4641082823545221,12,0.4387019230769231,8437,0.43522579115799453,1.4672708454873324,92,1.0,3.3348247503426665
full_strict,settings_numeric,0.5,optimistic,20,0.40749096870422363,0.06328197568655014,0.4125271439552307,0.3546666204929352,0.9235707121364092,0.16389256584025758,5.63522028837228,0.07616967771821852,5.282157052854015,0.11721256485716249,0.6092452098341402,20,0.2536057692307692,8437,0.3042550669669314,1.8976976727680095,92,0.9347826086956522,5.710885629574638
full_strict,settings_numeric,0.5,optimistic,30,0.40749096870422363,0.06328197568655014,0.4125271439552307,0.3546666204929352,0.9155466399197593,0.11891603147535594,7.699101866761307,0.10124223602484472,7.020869814412181,0.16052283534998682,0.7024958525435645,30,0.23076923076923078,8437,0.2470072300580775,2.1355662042130947,92,0.8913043478260869,7.508413603704158
full_strict,settings_numeric,0.5,optimistic,50,0.40749096870422363,0.06328197568655014,0.4125271439552307,0.3546666204929352,0.9003009027081244,0.08190225733833073,10.992382041303987,0.1385484518260118,9.607952979427276,0.22066249115236194,0.7819312765370189,50,0.21754807692307693,8437,0.22993955197345028,2.9425355167504805,92,0.8913043478260869,10.911662856348126
full_strict,settings_numeric,0.5,optimistic,80,0.40749096870422363,0.06328197568655014,0.4125271439552307,0.3546666204929352,0.8680040120361083,0.01789493148151953,48.50557896421757,0.4150997697620875,28.786024073756188,0.5528967787807691,0.8961906660617908,80,0.07451923076923077,8437,0.12788906009244994,8.46835582964502,92,0.782608695652174,44.24421432437308
full_strict,settings_numeric,0.5,reported,8,0.6006641983985901,0.0781763568520546,0.608308732509613,0.3546666204929352,0.9879638916750251,0.5853113048888942,1.687928942125189,0.024101161260013604,1.6713490557555992,0.01944841375709972,0.3051238256764753,8,0.7451923076923077,8437,0.8303899490340169,1.4339607409224229,92,1.0,1.7088195454773492
full_strict,settings_numeric,0.5,reported,12,0.6006641983985901,0.0781763568520546,0.608308732509613,0.3546666204929352,0.9879638916750251,0.2867679646386527,3.4451682666853234,0.047987917762837375,3.3278297329873276,0.06583637237238588,0.49761864739808875,12,0.42427884615384615,8437,0.3720516771364229,1.3072679289472724,92,1.0,3.4894839826662434
full_strict,settings_numeric,0.5,reported,20,0.6006641983985901,0.0781763568520546,0.608308732509613,0.3546666204929352,0.9590772316950853,0.189436208399494,5.062797866353659,0.06896601465581906,4.782602889159082,0.10458726016242675,0.6042775654463883,20,0.2932692307692308,8437,0.3350717079530639,1.8039992333980872,92,0.782608695652174,4.134748822018393
full_strict,settings_numeric,0.5,reported,30,0.6006641983985901,0.0781763568520546,0.608308732509613,0.3546666204929352,0.9574724172517552,0.1254670380469078,7.631266603215654,0.10043980555964731,6.96522347497449,0.15987876432789794,0.7078767496078484,30,0.24639423076923078,8437,0.23195448619177433,1.8894473032013344,92,0.782608695652174,6.246400583567997
full_strict,settings_numeric,0.5,reported,50,0.6006641983985901,0.0781763568520546,0.608308732509613,0.3546666204929352,0.9574724172517552,0.07750556923609746,12.35359506018339,0.15307889672867223,10.615599254466414,0.24518847663166793,0.80607546600084,50,0.2403846153846154,8437,0.1815811307336731,2.425515120940723,92,0.782608695652174,10.122323573356667
full_strict,settings_numeric,0.5,reported,80,0.6006641983985901,0.0781763568520546,0.608308732509613,0.3546666204929352,0.916148445336008,0.019641279559509377,46.6440306274472,0.40563105071498357,28.129394525168898,0.5533719370590104,0.9060082079312575,80,0.08413461538461539,8437,0.11864406779661017,6.92713740696729,92,0.782608695652174,40.26758176802838
full_strict,settings_numeric,0.5,pessimistic,8,0.7621575593948364,0.16318082809448242,0.7709213495254517,0.3546666204929352,0.9971915747241725,0.873309050779106,1.1418541624348757,0.016432134392447367,1.1395231957736178,0.004074266267549569,0.1421646572150121,8,0.9350961538461539,8437,0.9103946900557071,1.0435909311009264,92,1.0,1.1451148749050273
full_strict,settings_numeric,0.5,pessimistic,12,0.7621575593948364,0.16318082809448242,0.7709213495254517,0.3546666204929352,0.9965897693079238,0.7813396104029515,1.2754886044929472,0.01832000265507285,1.2704416525271942,0.007882064980001578,0.22959947547838724,12,0.8846153846153846,8437,0.7829797321322745,1.0021525298608245,92,1.0,1.2799499472040705
full_strict,settings_numeric,0.5,pessimistic,20,0.7621575593948364,0.16318082809448242,0.7709213495254517,0.3546666204929352,0.9965897693079238,0.22806425386911489,4.369776290675795,0.06009289723243662,4.167276670343913,0.0885595068497293,0.5639361020584198,20,0.35096153846153844,8437,0.3591323930306981,1.5980174727734175,92,1.0,4.38874143173736
full_strict,settings_numeric,0.5,pessimistic,30,0.7621575593948364,0.16318082809448242,0.7709213495254517,0.3546666204929352,0.9917753259779338,0.13877156886628256,7.146819295050186,0.0946673049305888,6.564916478492441,0.15047106283603223,0.6760610131040035,30,0.26802884615384615,8437,0.2550669669313737,1.877996883825373,92,1.0,7.218186441755495
full_strict,settings_numeric,0.5,pessimistic,50,0.7621575593948364,0.16318082809448242,0.7709213495254517,0.3546666204929352,0.9857572718154464,0.09010569074670322,10.940011265065555,0.13797944628516876,9.56849401464347,0.22240235528643879,0.7656724587957542,50,0.1971153846153846,8437,0.2393030698115444,2.772364569525508,92,1.0,11.12843047569263
full_strict,settings_numeric,0.5,pessimistic,80,0.7621575593948364,0.16318082809448242,0.7709213495254517,0.3546666204929352,0.9839518555667001,0.025305904417526878,38.8823034866604,0.36260811709913504,25.14587274798447,0.5198068986650963,0.8944900487551881,80,0.09975961538461539,8437,0.13405238828967642,5.946085070960344,92,0.782608695652174,31.177940503432495
full_strict,settings_numeric,0.75,optimistic,8,0.36405807733535767,0.04431015998125076,0.3687363564968109,0.4118100702762604,0.9977933801404213,0.4138815594448081,2.4108186445390034,0.03407129353097515,2.362750228381943,0.039094771087264814,0.4142072447119766,8,0.5925480769230769,8437,0.5581367784757615,1.3605835437530183,92,1.0,2.417074693802245
full_strict,settings_numeric,0.75,optimistic,12,0.36405807733535767,0.04431015998125076,0.3687363564968109,0.4118100702762604,0.9977933801404213,0.37583171661613507,2.6548940284343856,0.03739174885734905,2.59301464653764,0.04554984861296537,0.4800027988521491,12,0.5865384615384616,8437,0.5581367784757615,1.5035903708519889,92,1.0,2.661959392925804
full_strict,settings_numeric,0.75,optimistic,20,0.36405807733535767,0.04431015998125076,0.3687363564968109,0.4118100702762604,0.9897693079237713,0.1329601920689382,7.444102573276882,0.0982183736438738,6.811173298935325,0.1565745873592917,0.6631827947559275,20,0.2439903846153846,8437,0.19793765556477422,1.507403831338493,92,1.0,7.534318387931607
full_strict,settings_numeric,0.75,optimistic,30,0.36405807733535767,0.04431015998125076,0.3687363564968109,0.4118100702762604,0.9889669007021064,0.07921669684864885,12.484323886814204,0.15444862155388472,10.710585893017399,0.24842463968943326,0.752348776619147,30,0.17908653846153846,8437,0.14199359962071825,1.8292796727812706,92,0.782608695652174,9.903090545521502
full_strict,settings_numeric,0.75,optimistic,50,0.36405807733535767,0.04431015998125076,0.3687363564968109,0.4118100702762604,0.9857572718154464,0.04320670597661948,22.81491378557928,0.25026737967914436,17.355352474535906,0.3850431288885269,0.8432102657934234,50,0.15384615384615385,8437,0.11390304610643594,2.7505102283408354,92,0.782608695652174,18.197241538968385
full_strict,settings_numeric,0.75,optimistic,80,0.36405807733535767,0.04431015998125076,0.3687363564968109,0.4118100702762604,0.9769307923771314,0.01193973778363481,81.82179626391466,0.5448646229581562,37.784858715775876,0.6938945341060229,0.9299815770555758,80,0.06850961538461539,8437,0.034372407253763185,3.0230432101209392,92,0.782608695652174,66.70955738347044
full_strict,settings_numeric,0.75,reported,8,0.5837469696998596,0.053010717034339905,0.5915122032165527,0.4118100702762604,0.9993981945837512,0.41453020301663285,2.41091767815927,0.03407264545162327,2.3628439803499215,0.03909954063562812,0.4212044336474315,8,0.609375,8437,0.7770534550195567,1.9171115000346617,92,1.0,2.4132900675201747
full_strict,settings_numeric,0.75,reported,12,0.5837469696998596,0.053010717034339905,0.5915122032165527,0.4118100702762604,0.9993981945837512,0.19306391633965442,5.176514666912305,0.07040601461256907,4.882462914244067,0.10749884433261764,0.5721875667816247,12,0.2764423076923077,8437,0.30212160720635295,1.5876507182173607,92,1.0,5.185485712545861
full_strict,settings_numeric,0.75,reported,20,0.5837469696998596,0.053010717034339905,0.5915122032165527,0.4118100702762604,0.9961885656970912,0.12847251776432225,7.7540985654578645,0.10189174771225738,7.065911658402513,0.16297410974804305,0.6727639702139324,20,0.22596153846153846,8437,0.23705108450871162,1.8856150544395205,92,0.782608695652174,6.100031837628098
full_strict,settings_numeric,0.75,reported,30,0.5837469696998596,0.053010717034339905,0.5915122032165527,0.4118100702762604,0.9961885656970912,0.06729163425894673,14.804047734427604,0.17803750044814112,12.346409579723288,0.28458196891321014,0.7682125553089536,30,0.13221153846153846,8437,0.13298565840938723,2.0264928531217943,92,0.782608695652174,11.663591831299403
full_strict,settings_numeric,0.75,reported,50,0.5837469696998596,0.053010717034339905,0.5915122032165527,0.4118100702762604,0.9961885656970912,0.03278144820683805,30.388790617532607,0.3077781220948249,21.34356383063041,0.4583304859591589,0.8610068461325578,50,0.0985576923076923,8437,0.11259926514163802,3.6612005309396842,92,0.782608695652174,24.021933072393242
full_strict,settings_numeric,0.75,reported,80,0.5837469696998596,0.053010717034339905,0.5915122032165527,0.4118100702762604,0.9961885656970912,0.012931780893484507,77.03413581643706,0.5298762270593257,36.74545480230705,0.685874089326646,0.9343257753068503,80,0.06971153846153846,8437,0.08676069693018845,7.846576976532781,92,0.782608695652174,61.50701229911118
full_strict,settings_numeric,0.75,pessimistic,8,0.7758681178092957,0.10962582379579544,0.7856160402297974,0.4118100702762604,0.9951855566700101,0.561587386377311,1.7720938554011247,0.025272542027508914,1.752581080991318,0.02177975920494265,0.3244994019547873,8,0.7295673076923077,8437,0.7303543913713405,1.3105179100996387,92,1.0,1.7810423170036656
full_strict,settings_numeric,0.75,pessimistic,12,0.7758681178092957,0.10962582379579544,0.7856160402297974,0.4118100702762604,0.9937813440320963,0.2095647043975686,4.742121756089125,0.06488114727260821,4.499328603320274,0.097372994304805,0.5542300917067846,12,0.3088942307692308,8437,0.26324522934692424,1.2643761973983796,92,1.0,4.776662132409654
full_strict,settings_numeric,0.75,pessimistic,20,0.7758681178092957,0.10962582379579544,0.7856160402297974,0.4118100702762604,0.9937813440320963,0.14560433916134202,6.825217914219588,0.09079412788886242,6.296322333935442,0.14375975301462254,0.6389539659716919,20,0.2512019230769231,8437,0.1574019201137845,1.0832535698077428,92,1.0,6.878829492901428
full_strict,settings_numeric,0.75,pessimistic,30,0.7758681178092957,0.10962582379579544,0.7856160402297974,0.4118100702762604,0.9937813440320963,0.08356055425272445,11.892948208869672,0.14821685016754427,10.278429736312814,0.2388577936961055,0.7383679370455979,30,0.17307692307692307,8437,0.14045276757141165,1.7104197504864664,92,0.782608695652174,9.3869776499876
full_strict,settings_numeric,0.75,pessimistic,50,0.7758681178092957,0.10962582379579544,0.7856160402297974,0.4118100702762604,0.9905717151454363,0.033946658605093466,29.180242057661832,0.2992001938923897,20.748708170074934,0.447342609676529,0.8526712470886699,50,0.11899038461538461,8437,0.12765200900794121,4.043802425503352,92,0.782608695652174,23.192221272346252
full_strict,settings_numeric,0.75,pessimistic,80,0.7758681178092957,0.10962582379579544,0.7856160402297974,0.4118100702762604,0.9857572718154464,0.014246678269853336,69.19207784044346,0.5030712530712531,34.88660379171914,0.6596709121820492,0.9250666864946065,80,0.0733173076923077,8437,0.07893801114140098,6.262905614612671,92,0.782608695652174,55.74474933173313
full_strict,settings_numeric,1.0,optimistic,8,0.3206252157688141,0.025338340550661087,0.3249456286430359,0.4689534902572632,0.9829488465396189,0.40784711969968684,2.410091426570331,0.03406136606931835,2.362061786298711,0.03905537939992966,0.4062850181301462,8,0.59375,8437,0.5321796847220576,1.315030137737878,92,1.0,2.452861031497991
full_strict,settings_numeric,1.0,optimistic,12,0.3206252157688141,0.025338340550661087,0.3249456286430359,0.4689534902572632,0.9795386158475426,0.2536020263507782,3.862503111440682,0.05349005345719043,3.709387666988345,0.07617688653331492,0.5327231132435672,12,0.4411057692307692,8437,0.45632333767926986,1.83664685002776,92,1.0,3.946323265325038
full_strict,settings_numeric,1.0,optimistic,20,0.3206252157688141,0.025338340550661087,0.3249456286430359,0.4689534902572632,0.9771313941825477,0.190724690426784,5.123255893067772,0.06973215180450375,4.835732387203556,0.10611166584527885,0.617635389050497,20,0.3798076923076923,8437,0.4308403460945834,2.3335622794632433,92,1.0,5.249175527816305
full_strict,settings_numeric,1.0,optimistic,30,0.3206252157688141,0.025338340550661087,0.3249456286430359,0.4689534902572632,0.9771313941825477,0.08431779425965114,11.588673574329226,0.14497455281407184,10.053585357996665,0.23323126996620785,0.7432179768401217,30,0.18389423076923078,8437,0.11461419935996207,1.3718280493545634,92,0.782608695652174,9.302463403976404
full_strict,settings_numeric,1.0,optimistic,50,0.3206252157688141,0.025338340550661087,0.3249456286430359,0.4689534902572632,0.9771313941825477,0.030198614074684996,32.356829083810865,0.3213060686015831,22.281689607079812,0.4721373999414452,0.8584579951633772,50,0.09975961538461539,8437,0.07360436173995497,2.529666496977844,92,0.782608695652174,26.090965185900735
full_strict,settings_numeric,1.0,optimistic,80,0.3206252157688141,0.025338340550661087,0.3249456286430359,0.4689534902572632,0.9719157472417251,0.01659177426029685,58.578168434189884,0.4615164793293961,32.004894852207606,0.6183853245211154,0.9165141300219185,80,0.09975961538461539,8437,0.00853383904231362,0.5080761214738785,92,0.782608695652174,47.76409089846763
full_strict,settings_numeric,1.0,reported,8,0.5668297410011292,0.027845080941915512,0.5747157335281372,0.4689534902572632,0.9921765295887663,0.3019626604365577,3.2857590013094433,0.045869347479318916,3.1809127274243996,0.0618231802516191,0.4653542982967701,8,0.46033653846153844,8437,0.43795187862984475,1.4671279756404876,92,1.0,3.313736744819535
full_strict,settings_numeric,1.0,reported,12,0.5668297410011292,0.027845080941915512,0.5747157335281372,0.4689534902572632,0.9889669007021064,0.1865833506989795,5.3004027261662605,0.07196975226639027,4.9909038073183645,0.11025536523452664,0.5671013954350642,12,0.2620192307692308,8437,0.2882541187625933,1.5665835073802636,92,1.0,5.365853274311189
full_strict,settings_numeric,1.0,reported,20,0.5668297410011292,0.027845080941915512,0.5747157335281372,0.4689534902572632,0.9889669007021064,0.07946030506793147,12.446049632664106,0.154048057994563,10.682807915042819,0.24780303105043822,0.7222736599058621,20,0.13701923076923078,8437,0.1392675121488681,1.7868164851244497,92,0.782608695652174,9.872648839092918
full_strict,settings_numeric,1.0,reported,30,0.5668297410011292,0.027845080941915512,0.5747157335281372,0.4689534902572632,0.9877632898696088,0.0486071773438486,20.3213464316626,0.22918315103560624,15.893219374203596,0.3569916632581882,0.791279387194759,30,0.10697115384615384,8437,0.10868792224724429,2.3084997875722864,92,0.782608695652174,16.16661964366231
full_strict,settings_numeric,1.0,reported,50,0.5668297410011292,0.027845080941915512,0.5747157335281372,0.4689534902572632,0.9861584754262789,0.022359125475843164,44.105413536487646,0.392213180149992,27.19890221166131,0.5519747422848346,0.8733699265478975,50,0.06850961538461539,8437,0.06969301884556121,3.2940509450768145,92,0.782608695652174,35.326184906486596
full_strict,settings_numeric,1.0,reported,80,0.5668297410011292,0.027845080941915512,0.5747157335281372,0.4689534902572632,0.9825476429287864,0.01065125575634482,92.2471176549765,0.5744106954380204,39.833797346066575,0.719887072125192,0.9296810149163359,80,0.056490384615384616,8437,0.05546995377503852,5.830820443102547,92,0.782608695652174,74.94275830878489
full_strict,settings_numeric,1.0,pessimistic,8,0.7895786762237549,0.05607084184885025,0.8003107905387878,0.4689534902572632,0.9971915747241725,0.8535180842414832,1.1683309271769808,0.01680675110050241,1.1655018311814003,0.004831040001713845,0.15751402496791067,8,0.9242788461538461,8437,0.7302358658290862,0.8524335554222279,92,0.782608695652174,0.9169004726167758
full_strict,settings_numeric,1.0,pessimistic,12,0.7895786762237549,0.05607084184885025,0.8003107905387878,0.4689534902572632,0.9899699097291875,0.16708001796243738,5.925124511009753,0.07977562600022631,5.532219620014891,0.124280188981995,0.5808826087524492,12,0.23918269230769232,8437,0.20599739243807041,1.2402619695398893,92,0.782608695652174,4.688700730016319
full_strict,settings_numeric,1.0,pessimistic,20,0.7895786762237549,0.05607084184885025,0.8003107905387878,0.4689534902572632,0.9899699097291875,0.10852012409343989,9.122454641470796,0.11775513612827794,8.16599388946864,0.18958666139927566,0.689342072318891,20,0.19831730769230768,8437,0.14732724902216426,1.3700432213369513,92,0.782608695652174,7.2237654139165315
full_strict,settings_numeric,1.0,pessimistic,30,0.7895786762237549,0.05607084184885025,0.8003107905387878,0.4689534902572632,0.9897693079237713,0.05886513790279738,16.814184816115677,0.1974389755902361,13.691848366227132,0.3126817493210011,0.7775873749630349,30,0.14423076923076922,8437,0.13132630081782623,2.302950985747435,92,0.782608695652174,13.33924095798378
full_strict,settings_numeric,1.0,pessimistic,50,0.7895786762237549,0.05607084184885025,0.8003107905387878,0.4689534902572632,0.9705115346038115,0.02508577650853656,38.68772147729018,0.3614493836384012,25.06551777858791,0.5165695231211089,0.8630256194087935,50,0.07932692307692307,8437,0.09505748488799336,4.078131792598206,92,0.782608695652174,31.45385148133898
full_strict,settings_numeric,1.0,pessimistic,80,0.7895786762237549,0.05607084184885025,0.8003107905387878,0.4689534902572632,0.965295887662989,0.010231545209869948,94.34507377554351,0.5798987707881417,40.214380233977415,0.719481061768475,0.9211487648628147,80,0.052884615384615384,8437,0.014578641697285765,1.4404114157965895,92,0.782608695652174,78.08183693741881
full_strict,no_settings,0.0,optimistic,8,0.4943566620349884,0.10122561454772949,0.5001085996627808,0.24037973582744598,0.9739217652958877,0.903311017255093,1.0781688108436458,0.015529887436305071,1.0769548580102142,0.002248398759471198,0.10464228263811175,8,0.9507211538461539,8437,0.9874362925210383,1.0957209919319773,92,1.0,1.1070704247325107
full_strict,no_settings,0.0,optimistic,12,0.4943566620349884,0.10122561454772949,0.5001085996627808,0.24037973582744598,0.9664994984954864,0.45965642435964793,2.102656347818758,0.029846123349109202,2.069746330450081,0.030789060228572043,0.3509973650509709,12,0.5913461538461539,8437,0.5070522697641342,1.106007180918047,92,1.0,2.1762289321356008
full_strict,no_settings,0.0,optimistic,20,0.4943566620349884,0.10122561454772949,0.5001085996627808,0.24037973582744598,0.8990972918756269,0.16085186565740467,5.589598157292109,0.07559963566440643,5.2426262087547935,0.11595323309294561,0.6040954367260372,20,0.2668269230769231,8437,0.27509778357235987,1.7416657001071263,92,0.8913043478260869,5.547955039146484
full_strict,no_settings,0.0,optimistic,30,0.4943566620349884,0.10122561454772949,0.5001085996627808,0.24037973582744598,0.8950852557673019,0.14834273034918155,6.0339003715273085,0.0811213729910552,5.62554346188883,0.12563920591775982,0.6573560147393112,30,0.2668269230769231,8437,0.2615858717553633,1.798245245715146,92,0.8913043478260869,6.016551637974116
full_strict,no_settings,0.0,optimistic,50,0.4943566620349884,0.10122561454772949,0.5001085996627808,0.24037973582744598,0.8312938816449348,0.0960197939015764,8.657526202326988,0.11242844352803928,7.796602450124186,0.1771652894415749,0.7421959322699858,50,0.21754807692307693,8437,0.23468057366362452,2.5371157616237894,92,0.782608695652174,8.16626508912624
full_strict,no_settings,0.0,optimistic,80,0.4943566620349884,0.10122561454772949,0.5001085996627808,0.24037973582744598,0.7751253761283852,0.06353184957339211,12.200579415415238,0.1514700117600941,10.504027519642424,0.23496138631001784,0.7962672336787123,80,0.18990384615384615,8437,0.15242384733910158,2.4875482048503263,92,0.782608695652174,12.35614124892685
full_strict,no_settings,0.0,reported,8,0.6344985961914062,0.1285076141357422,0.6419017910957336,0.24037973582744598,0.9883650952858576,0.8869305657874269,1.1143658065368127,0.01604290263550343,1.1125310470377117,0.0032868798436119884,0.13076309165863817,8,0.9423076923076923,8437,0.9114614199359962,1.0283803632899933,92,1.0,1.1275227991194823
full_strict,no_settings,0.0,reported,12,0.6344985961914062,0.1285076141357422,0.6419017910957336,0.24037973582744598,0.9883650952858576,0.8776969337649797,1.1260892652844923,0.01620894304663649,1.1240454915647036,0.003622584863622059,0.14681162978026518,12,0.9375,8437,0.9114614199359962,1.0394847858693232,92,1.0,1.139388323760909
full_strict,no_settings,0.0,reported,20,0.6344985961914062,0.1285076141357422,0.6419017910957336,0.24037973582744598,0.9334002006018054,0.32456539413168345,2.875846339376231,0.040378006872852236,2.8001034029924825,0.05117772988737734,0.4765108394874106,20,0.453125,8437,0.41756548536209553,1.2959663187297303,92,1.0,3.082775972703659
full_strict,no_settings,0.0,reported,30,0.6344985961914062,0.1285076141357422,0.6419017910957336,0.24037973582744598,0.8678034102306921,0.15235199333159188,5.696042376957489,0.07692854856492513,5.334782652898768,0.1179617803668082,0.6333873166289893,30,0.25600961538461536,8437,0.2647860613962309,1.771178559495334,92,0.8913043478260869,5.857970818742984
full_strict,no_settings,0.0,reported,50,0.6344985961914062,0.1285076141357422,0.6419017910957336,0.24037973582744598,0.8499498495486459,0.12293409957412588,6.913865660488688,0.09186505355361867,6.370588074878988,0.14351708040161357,0.7129633393571206,50,0.25600961538461536,8437,0.24854806210738414,2.0756524275829134,92,0.782608695652174,6.375323256029174
full_strict,no_settings,0.0,reported,80,0.6344985961914062,0.1285076141357422,0.6419017910957336,0.24037973582744598,0.7671013039117353,0.05791418533595921,13.245482077694671,0.16233655968755306,11.257592645486126,0.250115829923222,0.7961049139687718,80,0.17548076923076922,8437,0.133578286120659,2.385627059524636,92,0.6956521739130435,12.04760767877196
full_strict,no_settings,0.0,pessimistic,8,0.7347363829612732,0.2702907919883728,0.7415317893028259,0.24037973582744598,0.9522567703109328,0.8974937703801755,1.061017693646564,0.015286620101567306,1.0600849393443152,0.001755317602090409,0.07030796848731449,8,0.9471153846153846,8437,0.9723835486547351,1.0857436647569525,92,1.0,1.1142482351632679
full_strict,no_settings,0.0,pessimistic,12,0.7347363829612732,0.2702907919883728,0.7415317893028259,0.24037973582744598,0.9039117352056169,0.8502073604902689,1.0631662076935908,0.015317100696509971,1.0621986845297313,0.0018154275206825419,0.1033718847910304,12,0.921875,8437,0.9656275927462368,1.1396839488511377,92,1.0,1.1762396273261897
full_strict,no_settings,0.0,pessimistic,20,0.7347363829612732,0.2702907919883728,0.7415317893028259,0.24037973582744598,0.9037111334002006,0.8497524294783556,1.0634993229204053,0.015321826375308222,1.0625263973196692,0.00182497605050435,0.12178171084713683,20,0.921875,8437,0.9656275927462368,1.1403117667728,92,1.0,1.1768695495943724
full_strict,no_settings,0.0,pessimistic,30,0.7347363829612732,0.2702907919883728,0.7415317893028259,0.24037973582744598,0.8686058174523571,0.7434922852505496,1.1682781848363706,0.016806005138833905,1.1654501007972569,0.0048173688827834234,0.1960150850978908,30,0.8617788461538461,8437,0.873414720872348,1.1799818780596574,92,0.9130434782608695,1.2281226563852086
full_strict,no_settings,0.0,pessimistic,50,0.7347363829612732,0.2702907919883728,0.7415317893028259,0.24037973582744598,0.8228686058174524,0.4870080508113915,1.6896406629140777,0.024125012497721005,1.673003073302339,0.019400386788518142,0.4105654744872314,50,0.6959134615384616,8437,0.7091383193078108,1.4731736080282314,92,0.9130434782608695,1.8752446954791469
full_strict,no_settings,0.0,pessimistic,80,0.7347363829612732,0.2702907919883728,0.7415317893028259,0.24037973582744598,0.726579739217653,0.10330456016976264,7.033375274272971,0.09330482495685102,6.470432250407938,0.1434819085148639,0.6664402205893223,80,0.2439903846153846,8437,0.33353087590375724,3.422278302196987,92,0.9130434782608695,8.857117207921258
full_strict,no_settings,0.25,optimistic,8,0.5304279923439026,0.0804532915353775,0.5370116829872131,0.1802847981452942,0.9719157472417251,0.5972715879440347,1.6272593018986787,0.02325503259064423,1.6126723663902403,0.017756943086102976,0.25785918323723644,8,0.7391826923076923,8437,0.9250918572952471,1.5707538979157092,92,1.0,1.6745851871881223
full_strict,no_settings,0.25,optimistic,12,0.5304279923439026,0.0804532915353775,0.5370116829872131,0.1802847981452942,0.9602808425275827,0.28697635239249686,3.3462019937245873,0.04667375174283123,3.23669594433095,0.06325693114985675,0.48210234455568496,12,0.4483173076923077,8437,0.44541898779186917,1.5741788673398236,92,1.0,3.486947708939028
full_strict,no_settings,0.25,optimistic,20,0.5304279923439026,0.0804532915353775,0.5370116829872131,0.1802847981452942,0.9137412236710131,0.16940456868137513,5.393840501371748,0.0731456650554815,5.0724501157512005,0.11172926408347526,0.5975941871888902,20,0.25600961538461536,8437,0.29903994310773974,1.8002209992966955,92,0.9347826086956522,5.524790348960722
full_strict,no_settings,0.25,optimistic,30,0.5304279923439026,0.0804532915353775,0.5370116829872131,0.1802847981452942,0.9049147442326981,0.1318595525239866,6.86271663229014,0.0912474462447155,6.3277587115372445,0.14333510752271716,0.683906226677806,30,0.25600961538461536,8437,0.2470072300580775,1.9157387694392805,92,0.8913043478260869,6.770029338421503
full_strict,no_settings,0.25,optimistic,50,0.5304279923439026,0.0804532915353775,0.5370116829872131,0.1802847981452942,0.9049147442326981,0.1103104977532278,8.20334204507947,0.10716237082788929,7.431414833644537,0.17023439371731588,0.7516742323510859,50,0.234375,8437,0.2470072300580775,2.3119459256427506,92,0.8913043478260869,8.095440127251184
full_strict,no_settings,0.25,optimistic,80,0.5304279923439026,0.0804532915353775,0.5370116829872131,0.1802847981452942,0.8326980942828486,0.018076903886284856,46.064198798701675,0.4026188166828322,27.920504403608497,0.5337271309266639,0.8849101237158794,80,0.07451923076923077,8437,0.1172217612895579,7.533799518515776,92,0.782608695652174,43.79355861743845
full_strict,no_settings,0.25,reported,8,0.6355344653129578,0.10091481357812881,0.6433565616607666,0.1802847981452942,0.9735205616850552,0.8192016107492861,1.1883772552578609,0.0170901945317012,1.185157851320156,0.0054009723825052675,0.18083293112346932,8,0.9050480769230769,8437,0.9112243688514875,1.115514035051411,92,1.0,1.2207734957117615
full_strict,no_settings,0.25,reported,12,0.6355344653129578,0.10091481357812881,0.6433565616607666,0.1802847981452942,0.9442326980942829,0.32850421618321685,2.8743396631708844,0.04035770628986899,2.7986956135571814,0.05116382083884694,0.44821287304050966,12,0.45552884615384615,8437,0.43866303188337086,1.34680219042001,92,1.0,3.0457825507676626
full_strict,no_settings,0.25,reported,20,0.6355344653129578,0.10091481357812881,0.6433565616607666,0.1802847981452942,0.9426278836509528,0.2723275738088879,3.461375102296705,0.04820278199499405,3.3427299748327908,0.06609160212034161,0.5423722794031354,20,0.39903846153846156,8437,0.406068507763423,1.5099319301758483,92,1.0,3.6747003549351085
full_strict,no_settings,0.25,reported,30,0.6355344653129578,0.10091481357812881,0.6433565616607666,0.1802847981452942,0.8826479438314945,0.13966675569617654,6.3196709870712455,0.08463817181548879,5.869423760065639,0.131611326155771,0.6561712579683168,30,0.25721153846153844,8437,0.27071233850894866,1.9855783754739835,92,0.8913043478260869,6.390939618814709
full_strict,no_settings,0.25,reported,50,0.6355344653129578,0.10091481357812881,0.6433565616607666,0.1802847981452942,0.8579739217652959,0.11633906742077596,7.374770494439066,0.09739269042468404,6.753914445145751,0.1529906265959385,0.7318886102903894,50,0.24759615384615385,8437,0.23669550788194857,2.089417475252161,92,0.782608695652174,6.737385414354442
full_strict,no_settings,0.25,reported,80,0.6355344653129578,0.10091481357812881,0.6433565616607666,0.1802847981452942,0.8066198595787362,0.028405305376110544,28.396802952772347,0.2935250748229798,20.355154316149413,0.41811750240359563,0.85549393970059,80,0.11298076923076923,8437,0.12054047647267986,4.624462103623511,92,0.782608695652174,27.750509192624175
full_strict,no_settings,0.25,pessimistic,8,0.7107127904891968,0.20725217461585999,0.7180789709091187,0.1802847981452942,0.8808425275827483,0.7775269950192392,1.1328771003776565,0.016305054158327236,1.1307105320595972,0.003809086315805011,0.1388497587410653,8,0.8810096153846154,8437,0.8820670854569159,1.1383382869969754,92,0.9130434782608695,1.174346959240485
full_strict,no_settings,0.25,pessimistic,12,0.7107127904891968,0.20725217461585999,0.7180789709091187,0.1802847981452942,0.880641925777332,0.7770926092788316,1.1332522215011125,0.016310365069811334,1.131078829122066,0.0038197794523924535,0.15015380943487552,12,0.8810096153846154,8437,0.8820670854569159,1.1389930077999988,92,0.9130434782608695,1.1750036138799271
full_strict,no_settings,0.25,pessimistic,20,0.7107127904891968,0.20725217461585999,0.7180789709091187,0.1802847981452942,0.8786359077231695,0.7548303400829443,1.1640177415584818,0.01674574379012001,1.1612711424813094,0.0046970638272582875,0.19457059113019012,20,0.8689903846153846,8437,0.8499466635059856,1.1296245626931454,92,0.9130434782608695,1.2096694082799708
full_strict,no_settings,0.25,pessimistic,30,0.7107127904891968,0.20725217461585999,0.7180789709091187,0.1802847981452942,0.8579739217652959,0.6152897910545888,1.3944224887832992,0.019994109754900357,1.3865363622527649,0.011209914808153363,0.3081734192594373,30,0.7836538461538461,8437,0.7844020386393268,1.2838093321126387,92,0.9130434782608695,1.4841182929379777
full_strict,no_settings,0.25,pessimistic,50,0.7107127904891968,0.20725217461585999,0.7180789709091187,0.1802847981452942,0.8126379137412236,0.15356416435043188,5.291846031778561,0.07186191726388988,4.983425747333535,0.10842255949859374,0.6208470329121539,50,0.33052884615384615,8437,0.3580656631504089,2.41330446567219,92,0.9130434782608695,5.953633564747959
full_strict,no_settings,0.25,pessimistic,80,0.7107127904891968,0.20725217461585999,0.7180789709091187,0.1802847981452942,0.7767301905717151,0.06624676045093936,11.724802621057092,0.14642816624437469,10.154389439922838,0.2276630999693675,0.7389043588411418,80,0.18269230769230768,8437,0.18940381652246058,3.000713475954039,92,0.9130434782608695,13.830211078478193
full_strict,no_settings,0.5,optimistic,8,0.5664992928504944,0.05968097597360611,0.573914647102356,0.12018986791372299,0.9973921765295888,0.24920240320975842,4.002337712971671,0.05531943300919023,3.836250092987969,0.07967719544697006,0.5108167820093296,8,0.37259615384615385,8437,0.3309233139741614,1.3390799769521702,92,1.0,4.0160704600655555
full_strict,no_settings,0.5,optimistic,12,0.5664992928504944,0.05968097597360611,0.573914647102356,0.12018986791372299,0.9973921765295888,0.23036532427776032,4.3296107157472825,0.05957344835849509,4.13125432371882,0.08760064569332966,0.5423846488648543,12,0.35096153846153844,8437,0.330449211805144,1.4504581427125818,92,1.0,4.344851778151947
full_strict,no_settings,0.5,optimistic,20,0.5664992928504944,0.05968097597360611,0.573914647102356,0.12018986791372299,0.9973921765295888,0.11896592713472709,8.383847380099493,0.10926271838259533,7.577068143227617,0.17551925458285428,0.6781203931216847,20,0.24759615384615385,8437,0.16806921891667653,1.4277139625800785,92,1.0,8.42261566232289
full_strict,no_settings,0.5,optimistic,30,0.5664992928504944,0.05968097597360611,0.573914647102356,0.12018986791372299,0.9973921765295888,0.0781424726527761,12.763765244049457,0.15736169135333586,10.912599248562245,0.2532329847621219,0.755319128628819,30,0.17668269230769232,8437,0.12457034490932796,1.6185620296563579,92,0.782608695652174,10.03959744291759
full_strict,no_settings,0.5,optimistic,50,0.5664992928504944,0.05968097597360611,0.573914647102356,0.12018986791372299,0.9634904714142427,0.03337432604171864,28.869211327589312,0.29695808087053294,20.59322381637307,0.4416827368908478,0.8529603557662745,50,0.09975961538461539,8437,0.12101457864169729,3.885023971361481,92,0.782608695652174,23.59247644077775
full_strict,no_settings,0.5,optimistic,80,0.5664992928504944,0.05968097597360611,0.573914647102356,0.12018986791372299,0.9526579739217653,0.012453369571278884,76.49800870913471,0.5281361209964412,36.62478324653676,0.6734867622137749,0.9287860202956862,80,0.06850961538461539,8437,0.027972027972027972,2.3195352189612235,92,0.782608695652174,63.910666819551146
full_strict,no_settings,0.5,reported,8,0.6365702748298645,0.07332198321819305,0.64481121301651,0.12018986791372299,0.9985957873620862,0.4757022814056488,2.0992032756524597,0.029798569333453054,2.066448590631371,0.030726041036157604,0.38174773906363163,8,0.6670673076923077,8437,0.5957093753703924,1.2603468745300683,92,1.0,2.1027811217088
full_strict,no_settings,0.5,reported,12,0.6365702748298645,0.07332198321819305,0.64481121301651,0.12018986791372299,0.9985957873620862,0.2287070273633666,4.366266305300409,0.06004752656783392,4.164130339898478,0.0884858221033586,0.5540812046117585,12,0.38461538461538464,8437,0.28363162261467345,1.2477613368551304,92,1.0,4.3763924400303225
full_strict,no_settings,0.5,reported,20,0.6365702748298645,0.07332198321819305,0.64481121301651,0.12018986791372299,0.9977933801404213,0.13535518371875285,7.371667288440771,0.09735569865534047,6.751349167975241,0.15520377527704213,0.6685215982736787,20,0.2403846153846154,8437,0.2049306625577812,1.5340436823178378,92,1.0,7.400738728951657
full_strict,no_settings,0.5,reported,30,0.6365702748298645,0.07332198321819305,0.64481121301651,0.12018986791372299,0.9977933801404213,0.11686443936356619,8.538041046312456,0.11104909468419995,7.700948412427118,0.17853670028511684,0.7150589531612395,30,0.2403846153846154,8437,0.20374540713523764,1.7769778311316593,92,1.0,8.574424166142228
full_strict,no_settings,0.5,reported,50,0.6365702748298645,0.07332198321819305,0.64481121301651,0.12018986791372299,0.9518555667001003,0.05428354235701225,17.534883048713592,0.20417383820998278,14.158892512304554,0.32008092578805913,0.8199533241153117,50,0.14543269230769232,8437,0.12397771719805618,2.360855751290442,92,0.782608695652174,14.46948875342495
full_strict,no_settings,0.5,reported,80,0.6365702748298645,0.07332198321819305,0.64481121301651,0.12018986791372299,0.9173520561685056,0.016365776273733458,56.053073244122615,0.45058626465661644,31.24691461318629,0.5965312767250239,0.9117924614162359,80,0.06850961538461539,8437,0.06827071233850895,4.536916534313145,92,0.782608695652174,48.4323021991911
full_strict,no_settings,0.5,pessimistic,8,0.6866891980171204,0.14421357214450836,0.6946262717247009,0.12018986791372299,0.9869608826479438,0.40605968107868545,2.430580844732261,0.034340994911669656,2.381453275222578,0.03960579588396265,0.4077842602649389,8,0.5853365384615384,8437,0.5702263837857058,1.4188575644836048,92,1.0,2.463665492524791
full_strict,no_settings,0.5,pessimistic,12,0.6866891980171204,0.14421357214450836,0.6946262717247009,0.12018986791372299,0.9841524573721163,0.38779199967127564,2.5378358970952593,0.035802117768971985,2.482778115198102,0.04244391381153278,0.43502315156139076,12,0.5709134615384616,8437,0.5607443404053574,1.4625552613455086,92,1.0,2.579802019192172
full_strict,no_settings,0.5,pessimistic,20,0.6866891980171204,0.14421357214450836,0.6946262717247009,0.12018986791372299,0.9703109327983952,0.1862869117815392,5.208690849608855,0.07081265463276092,4.9106622780194416,0.10801717354369185,0.5977931267071214,20,0.32572115384615385,8437,0.25577812018489987,1.3861628899125362,92,1.0,5.374404367446117
full_strict,no_settings,0.5,pessimistic,30,0.6866891980171204,0.14421357214450836,0.6946262717247009,0.12018986791372299,0.9582748244734203,0.15897344083402062,6.027892580333127,0.081047148843759,5.620396222004436,0.1262190196773137,0.6541590057835328,30,0.32572115384615385,8437,0.2486665876496385,1.5869366140033032,92,0.9130434782608695,5.750738841008489
full_strict,no_settings,0.5,pessimistic,50,0.6866891980171204,0.14421357214450836,0.6946262717247009,0.12018986791372299,0.9436308926780341,0.06472054028193983,14.580083673086286,0.17581760418613343,12.192465897037026,0.2788772636612942,0.7831645319448897,50,0.17548076923076922,8437,0.1510015408320493,2.414876352622051,92,0.6956521739130435,10.776929450406465
full_strict,no_settings,0.5,pessimistic,80,0.6866891980171204,0.14421357214450836,0.6946262717247009,0.12018986791372299,0.8954864593781344,0.029922720428750466,29.92663924092041,0.30452281874616277,21.117817522421962,0.4424914255981605,0.8604211599122454,80,0.12620192307692307,8437,0.10833234562048122,3.878463722519101,92,0.6956521739130435,23.38884096595469
full_strict,no_settings,0.75,optimistic,8,0.602570652961731,0.038908667862415314,0.6108177304267883,0.060094933956861496,0.9901705115346038,0.4070605293048948,2.4324896182526956,0.03436703660897052,2.3832591951002353,0.03966098082737006,0.40980865672418093,8,0.59375,8437,0.5507881948559915,1.3653275192108483,92,1.0,2.45760400582981
full_strict,no_settings,0.75,optimistic,12,0.602570652961731,0.038908667862415314,0.6108177304267883,0.060094933956861496,0.9869608826479438,0.26405956954721155,3.7376448213571893,0.05185060281595144,3.595696287073851,0.07312804961336997,0.5273847616447793,12,0.453125,8437,0.4778949863695626,1.8477946227536777,92,1.0,3.7898771640927498
full_strict,no_settings,0.75,optimistic,20,0.602570652961731,0.038908667862415314,0.6108177304267883,0.060094933956861496,0.9787362086258776,0.10472218390366028,9.346025571107942,0.12029389284745678,8.34204966535495,0.19354154459171502,0.6933272665891657,20,0.2091346153846154,8437,0.25767452886096953,2.5553198353354563,92,1.0,9.57117567719456
full_strict,no_settings,0.75,optimistic,30,0.602570652961731,0.038908667862415314,0.6108177304267883,0.060094933956861496,0.9787362086258776,0.06023580101611043,16.248413603134598,0.1920714904338241,13.319628075629138,0.3043527397711759,0.7716443717484563,30,0.13221153846153846,8437,0.17043972976176366,2.967392756974601,92,0.782608695652174,13.034638467769195
full_strict,no_settings,0.75,optimistic,50,0.602570652961731,0.038908667862415314,0.6108177304267883,0.060094933956861496,0.9773319959879639,0.026597321483603407,36.7455044896331,0.34964834218458446,24.247148104281266,0.5045130706408983,0.8603533647335917,50,0.08533653846153846,8437,0.07360436173995497,2.8973836859118345,92,0.782608695652174,29.651990133965278
full_strict,no_settings,0.75,optimistic,80,0.602570652961731,0.038908667862415314,0.6108177304267883,0.060094933956861496,0.9749247743229689,0.009130905664918362,106.77196875099744,0.6097101994730899,42.28172058516535,0.7457196952165004,0.9328786133174467,80,0.04807692307692308,8437,0.00853383904231362,0.9330611497024401,92,0.782608695652174,87.71681188033821
full_strict,no_settings,0.75,reported,8,0.637606143951416,0.04572916775941849,0.646265983581543,0.060094933956861496,0.9889669007021064,0.2826589103375001,3.4987996646603534,0.04869857262804366,3.37711168770796,0.0671860803853511,0.48652588446164285,8,0.45552884615384615,8437,0.4812137015526846,1.7333709303454574,92,1.0,3.540259632274225
full_strict,no_settings,0.75,reported,12,0.637606143951416,0.04572916775941849,0.646265983581543,0.060094933956861496,0.9889669007021064,0.2655681794834919,3.723966111548323,0.05167064939420618,3.58321701363681,0.07279699097717915,0.5258745004175154,12,0.45552884615384615,8437,0.4776579352850539,1.8358547261937956,92,1.0,3.7683261422723753
full_strict,no_settings,0.75,reported,20,0.637606143951416,0.04572916775941849,0.646265983581543,0.060094933956861496,0.9887662988966901,0.11661789610549704,8.478684077804097,0.11036227665577,7.653319476588378,0.17721507084700386,0.6833392003706763,20,0.25961538461538464,8437,0.2977361621429418,2.65790778162553,92,1.0,8.592593526903963
full_strict,no_settings,0.75,reported,30,0.637606143951416,0.04572916775941849,0.646265983581543,0.060094933956861496,0.9795386158475426,0.06958389955123256,14.077087115911597,0.1707880102130041,11.843677428002941,0.2730087322718753,0.7602012254261189,30,0.15865384615384615,8437,0.24439966812848168,3.7516241027313644,92,1.0,14.423230013550135
full_strict,no_settings,0.75,reported,50,0.637606143951416,0.04572916775941849,0.646265983581543,0.060094933956861496,0.9795386158475426,0.0298082539160755,32.861321518711314,0.32468914156526363,22.51629638566607,0.47637270147843314,0.8522956810345468,50,0.08533653846153846,8437,0.07716012800758563,2.697349223944504,92,0.782608695652174,26.435084421295898
full_strict,no_settings,0.75,reported,80,0.637606143951416,0.04572916775941849,0.646265983581543,0.060094933956861496,0.9795386158475426,0.009307007992110615,105.24742394955287,0.6062825925006208,42.04402549590664,0.744431042169402,0.936340164321985,80,0.06129807692307692,8437,0.00853383904231362,0.9149960741999728,92,0.782608695652174,86.01851929795026
full_strict,no_settings,0.75,pessimistic,8,0.662665605545044,0.08117496222257614,0.6711734533309937,0.060094933956861496,0.9809428284854563,0.3985958774445204,2.4609959209173993,0.03475578552339796,2.4102178600394346,0.04040490875593475,0.4058714033896621,8,0.5817307692307693,8437,0.5324167358065663,1.3472153652572538,92,1.0,2.509829494377883
full_strict,no_settings,0.75,pessimistic,12,0.662665605545044,0.08117496222257614,0.6711734533309937,0.060094933956861496,0.9777331995987963,0.26071949540813183,3.75013459606558,0.05201485528899513,3.60708674302597,0.07340135359052698,0.5265483433280314,12,0.4495192307692308,8437,0.46177551262297023,1.8065320917569503,92,1.0,3.838479569068494
full_strict,no_settings,0.75,pessimistic,20,0.662665605545044,0.08117496222257614,0.6711734533309937,0.060094933956861496,0.9777331995987963,0.12046866699343432,8.116078844402619,0.10614342646834643,7.360753852838814,0.16990184833288016,0.6700124887184454,20,0.23197115384615385,8437,0.3050847457627119,2.6350167350357236,92,1.0,8.31731497082021
full_strict,no_settings,0.75,pessimistic,30,0.662665605545044,0.08117496222257614,0.6711734533309937,0.060094933956861496,0.9775325977933801,0.06512264059569547,15.010641289290621,0.1800746461697646,12.487680016510119,0.2867549287848849,0.7618129233656751,30,0.13221153846153846,8437,0.1904705464027498,3.0750891762026766,92,0.782608695652174,12.053327514213594
full_strict,no_settings,0.75,pessimistic,50,0.662665605545044,0.08117496222257614,0.6711734533309937,0.060094933956861496,0.9775325977933801,0.03164265315766148,30.892877184563613,0.31129423789446786,21.58739676292196,0.4604095473860608,0.8511628248459063,50,0.09495192307692307,8437,0.16842479554343961,5.978972277179579,92,0.782608695652174,24.892276711583513
full_strict,no_settings,0.75,pessimistic,80,0.662665605545044,0.08117496222257614,0.6711734533309937,0.060094933956861496,0.9713139418254765,0.014719219514485883,65.98950038550348,0.4912245105001522,34.065064870985076,0.6456862869384725,0.9186024884493115,80,0.08533653846153846,8437,0.0549958516060211,4.015313468806648,92,0.6956521739130435,47.85949259262512
full_strict,no_settings,1.0,optimistic,8,0.6386420130729675,0.018136346712708473,0.6477207541465759,0.0,0.9829488465396189,0.41511427573515386,2.367899405046595,0.03348504107042793,2.3220952372883956,0.037931501313758983,0.39450071735575076,8,0.5997596153846154,8437,0.5411876259333886,1.3138394454466404,92,1.0,2.409892317923901
full_strict,no_settings,1.0,optimistic,12,0.6386420130729675,0.018136346712708473,0.6477207541465759,0.0,0.9797392176529589,0.2671178799627837,3.6678159387513163,0.050931236573716815,3.5319407740396405,0.07137030228677406,0.5231664531700233,12,0.45913461538461536,8437,0.46153846153846156,1.7603796176274253,92,1.0,3.7464418486988276
full_strict,no_settings,1.0,optimistic,20,0.6386420130729675,0.018136346712708473,0.6477207541465759,0.0,0.9797392176529589,0.11280821576057128,8.684998792396442,0.11274498487961403,7.818553719747853,0.1810376133169616,0.6809194704975848,20,0.21153846153846154,8437,0.29015052743866304,2.6790084295482903,92,0.782608695652174,6.9486586373419135
full_strict,no_settings,1.0,optimistic,30,0.6386420130729675,0.018136346712708473,0.6477207541465759,0.0,0.9795386158475426,0.06820443132155991,14.361803138997853,0.1736424735962448,12.041626590236197,0.27728705823111677,0.7577242791052274,30,0.13221153846153846,8437,0.10323574730354391,1.533623404995652,92,0.782608695652174,11.507009898314248
full_strict,no_settings,1.0,optimistic,50,0.6386420130729675,0.018136346712708473,0.6477207541465759,0.0,0.9769307923771314,0.02577551062337289,37.90151072666873,0.3567242894813947,24.737845531907766,0.5123133423614424,0.8621036625060214,50,0.08533653846153846,8437,0.014578641697285765,0.5594299100732106,92,0.782608695652174,30.60521140118804
full_strict,no_settings,1.0,optimistic,80,0.6386420130729675,0.018136346712708473,0.6477207541465759,0.0,0.9759277833500501,0.013536398883511245,72.09655919188616,0.5133481059406986,35.599275191830635,0.6664946945600622,0.9222083973245996,80,0.08533653846153846,8437,0.014578641697285765,1.079105277639548,92,0.782608695652174,58.71616548553917
full_strict,no_settings,1.0,reported,8,0.6386420130729675,0.018136346712708473,0.6477207541465759,0.0,0.9829488465396189,0.41511427573515386,2.367899405046595,0.03348504107042793,2.3220952372883956,0.037931501313758983,0.39450071735575076,8,0.5997596153846154,8437,0.5411876259333886,1.3138394454466404,92,1.0,2.409892317923901
full_strict,no_settings,1.0,reported,12,0.6386420130729675,0.018136346712708473,0.6477207541465759,0.0,0.9797392176529589,0.2671178799627837,3.6678159387513163,0.050931236573716815,3.5319407740396405,0.07137030228677406,0.5231664531700233,12,0.45913461538461536,8437,0.46153846153846156,1.7603796176274253,92,1.0,3.7464418486988276
full_strict,no_settings,1.0,reported,20,0.6386420130729675,0.018136346712708473,0.6477207541465759,0.0,0.9797392176529589,0.11280821576057128,8.684998792396442,0.11274498487961403,7.818553719747853,0.1810376133169616,0.6809194704975848,20,0.21153846153846154,8437,0.29015052743866304,2.6790084295482903,92,0.782608695652174,6.9486586373419135
full_strict,no_settings,1.0,reported,30,0.6386420130729675,0.018136346712708473,0.6477207541465759,0.0,0.9795386158475426,0.06820443132155991,14.361803138997853,0.1736424735962448,12.041626590236197,0.27728705823111677,0.7577242791052274,30,0.13221153846153846,8437,0.10323574730354391,1.533623404995652,92,0.782608695652174,11.507009898314248
full_strict,no_settings,1.0,reported,50,0.6386420130729675,0.018136346712708473,0.6477207541465759,0.0,0.9769307923771314,0.02577551062337289,37.90151072666873,0.3567242894813947,24.737845531907766,0.5123133423614424,0.8621036625060214,50,0.08533653846153846,8437,0.014578641697285765,0.5594299100732106,92,0.782608695652174,30.60521140118804
full_strict,no_settings,1.0,reported,80,0.6386420130729675,0.018136346712708473,0.6477207541465759,0.0,0.9759277833500501,0.013536398883511245,72.09655919188616,0.5133481059406986,35.599275191830635,0.6664946945600622,0.9222083973245996,80,0.08533653846153846,8437,0.014578641697285765,1.079105277639548,92,0.782608695652174,58.71616548553917
full_strict,no_settings,1.0,pessimistic,8,0.6386420130729675,0.018136346712708473,0.6477207541465759,0.0,0.9829488465396189,0.41511427573515386,2.367899405046595,0.03348504107042793,2.3220952372883956,0.037931501313758983,0.39450071735575076,8,0.5997596153846154,8437,0.5411876259333886,1.3138394454466404,92,1.0,2.409892317923901
full_strict,no_settings,1.0,pessimistic,12,0.6386420130729675,0.018136346712708473,0.6477207541465759,0.0,0.9797392176529589,0.2671178799627837,3.6678159387513163,0.050931236573716815,3.5319407740396405,0.07137030228677406,0.5231664531700233,12,0.45913461538461536,8437,0.46153846153846156,1.7603796176274253,92,1.0,3.7464418486988276
full_strict,no_settings,1.0,pessimistic,20,0.6386420130729675,0.018136346712708473,0.6477207541465759,0.0,0.9797392176529589,0.11280821576057128,8.684998792396442,0.11274498487961403,7.818553719747853,0.1810376133169616,0.6809194704975848,20,0.21153846153846154,8437,0.29015052743866304,2.6790084295482903,92,0.782608695652174,6.9486586373419135
full_strict,no_settings,1.0,pessimistic,30,0.6386420130729675,0.018136346712708473,0.6477207541465759,0.0,0.9795386158475426,0.06820443132155991,14.361803138997853,0.1736424735962448,12.041626590236197,0.27728705823111677,0.7577242791052274,30,0.13221153846153846,8437,0.10323574730354391,1.533623404995652,92,0.782608695652174,11.507009898314248
full_strict,no_settings,1.0,pessimistic,50,0.6386420130729675,0.018136346712708473,0.6477207541465759,0.0,0.9769307923771314,0.02577551062337289,37.90151072666873,0.3567242894813947,24.737845531907766,0.5123133423614424,0.8621036625060214,50,0.08533653846153846,8437,0.014578641697285765,0.5594299100732106,92,0.782608695652174,30.60521140118804
full_strict,no_settings,1.0,pessimistic,80,0.6386420130729675,0.018136346712708473,0.6477207541465759,0.0,0.9759277833500501,0.013536398883511245,72.09655919188616,0.5133481059406986,35.599275191830635,0.6664946945600622,0.9222083973245996,80,0.08533653846153846,8437,0.014578641697285765,1.079105277639548,92,0.782608695652174,58.71616548553917
loading_focus_soft,equal,0.0,optimistic,8,0.33336445689201355,0.06454956531524658,0.33729755878448486,0.24065956473350525,0.9811434302908726,0.9169706877676389,1.0699834175500875,0.015413802775177822,1.0689047069544377,0.0020136773789936825,0.09725366520759626,8,0.9579326923076923,8437,0.975346687211094,1.065383967239151,92,1.0,1.0905740722953288
loading_focus_soft,equal,0.0,optimistic,12,0.33336445689201355,0.06454956531524658,0.33729755878448486,0.24065956473350525,0.9731193580742227,0.4721097939309268,2.06121408745144,0.029275092936802975,2.0301469464154547,0.029672922282246866,0.33827793207058043,12,0.5997596153846154,8437,0.4573900675595591,0.9680550040656645,92,1.0,2.1187912491213665
loading_focus_soft,equal,0.0,optimistic,20,0.33336445689201355,0.06454956531524658,0.33729755878448486,0.24065956473350525,0.8764292878635908,0.17129766869869184,5.1164110668966964,0.06964547599311356,4.829721658759355,0.105128489790582,0.5694983460233028,20,0.2848557692307692,8437,0.28552803129074317,1.6955631602584336,92,0.8913043478260869,5.20916243118982
loading_focus_soft,equal,0.0,optimistic,30,0.33336445689201355,0.06454956531524658,0.33729755878448486,0.24065956473350525,0.841925777331996,0.13536105379632593,6.219852414852049,0.08341283090865728,5.784449748003849,0.12893008428238908,0.6345087745303079,30,0.28125,8437,0.2414365295721228,1.8198602927963234,92,0.7608695652173914,5.628062073764525
loading_focus_soft,equal,0.0,optimistic,50,0.33336445689201355,0.06454956531524658,0.33729755878448486,0.24065956473350525,0.7979939819458375,0.07559779402484804,10.555783964854147,0.13378173869177737,9.277394571472952,0.20962557324682343,0.7398858516995778,50,0.22716346153846154,8437,0.24036979969183359,3.365866021442299,92,0.7608695652173914,10.089408277914222
loading_focus_soft,equal,0.0,optimistic,80,0.33336445689201355,0.06454956531524658,0.33729755878448486,0.24065956473350525,0.7317953861584754,0.024848038366827016,29.450831303264863,0.3011391778107974,20.88317135656598,0.4147332627022675,0.8286352452412578,80,0.09134615384615384,8437,0.11473272490221642,5.084382693272747,92,0.6956521739130435,28.201898098796352
loading_focus_soft,equal,0.0,reported,8,0.4555921256542206,0.08754582703113556,0.46097710728645325,0.24065956473350525,0.9590772316950853,0.8625873540918844,1.1118609925655398,0.016007419460682886,1.110070386736255,0.0032135144812237464,0.14316218507872197,8,0.9290865384615384,8437,0.9574493303306862,1.1130819543631316,92,1.0,1.1593527591805337
loading_focus_soft,equal,0.0,reported,12,0.4555921256542206,0.08754582703113556,0.46097710728645325,0.24065956473350525,0.9542627883650953,0.8093839060083179,1.178998966104088,0.01695761131885799,1.1759635712104175,0.005131661662341004,0.19938320417241479,12,0.9002403846153846,8437,0.8748370273794003,1.0830918212100633,92,1.0,1.2355862359163359
loading_focus_soft,equal,0.0,reported,20,0.4555921256542206,0.08754582703113556,0.46097710728645325,0.24065956473350525,0.9502507522567704,0.32628532686059447,2.912330632210027,0.04086932514278812,2.8341749698217216,0.052159257091298726,0.498720933713448,20,0.5060096153846154,8437,0.40701671210145784,1.2553123033071871,92,1.0,3.066512419312729
loading_focus_soft,equal,0.0,reported,30,0.4555921256542206,0.08754582703113556,0.46097710728645325,0.24065956473350525,0.8818455366098295,0.21356516226361932,4.129163798360063,0.0569725246241576,3.9508874368049716,0.08216596219216665,0.6044533506679773,30,0.3894230769230769,8437,0.33922010193196633,1.6124577286678805,92,0.9565217391304348,4.483040869900236
loading_focus_soft,equal,0.0,reported,50,0.4555921256542206,0.08754582703113556,0.46097710728645325,0.24065956473350525,0.831494483450351,0.11589587656400879,7.174495832827325,0.0949990832416575,6.587924389229293,0.14847633893146867,0.7123102600347745,50,0.24519230769230768,8437,0.2590968353680218,2.308011631727677,92,0.8478260869565217,7.327911743841343
loading_focus_soft,equal,0.0,reported,80,0.4555921256542206,0.08754582703113556,0.46097710728645325,0.24065956473350525,0.7438314944834503,0.040309822694306906,18.452859495918947,0.21259029927760578,14.742550872431535,0.3153154954425411,0.8062195602415853,80,0.14783653846153846,8437,0.1953300936351784,5.370106861867886,92,0.6956521739130435,17.33374892656086
loading_focus_soft,equal,0.0,pessimistic,8,0.5740240216255188,0.23305676877498627,0.5790128111839294,0.24065956473350525,0.8367101303911735,0.7648094719571719,1.094011202881687,0.015754485363550518,1.0925301047618776,0.0026955886151031664,0.10018769018450598,8,0.8713942307692307,8437,0.84544269290032,1.1083963658560836,92,0.9130434782608695,1.1938807137247898
loading_focus_soft,equal,0.0,pessimistic,12,0.5740240216255188,0.23305676877498627,0.5790128111839294,0.24065956473350525,0.8345035105315948,0.7617482265028133,1.0955109332683335,0.01577574176324252,1.0940041774495257,0.0027383231549453243,0.12576970769569895,12,0.8713942307692307,8437,0.8447315396467939,1.1120139440534957,92,0.9130434782608695,1.1986801278145442
loading_focus_soft,equal,0.0,pessimistic,20,0.5740240216255188,0.23305676877498627,0.5790128111839294,0.24065956473350525,0.8343029087261785,0.7493007270091074,1.113442011535694,0.016029816460721363,1.111623556911842,0.0032505574374065093,0.16931831725156116,20,0.8653846153846154,8437,0.8443759630200308,1.1305276552720411,92,0.9130434782608695,1.2185993414145124
loading_focus_soft,equal,0.0,pessimistic,30,0.5740240216255188,0.23305676877498627,0.5790128111839294,0.24065956473350525,0.8337011033099297,0.7490365735183191,1.11303123610364,0.016023997439861815,1.111220023865691,0.003238783737584417,0.18174965719299496,30,0.8653846153846154,8437,0.8442574374777765,1.1307744849706576,92,0.9130434782608695,1.2190292313127462
loading_focus_soft,equal,0.0,pessimistic,50,0.5740240216255188,0.23305676877498627,0.5790128111839294,0.24065956473350525,0.8288866599799398,0.7486873039027211,1.1071199627122823,0.015940251062811998,1.1054124436128097,0.0030696311792657595,0.19683962910624836,50,0.8653846153846154,8437,0.8442574374777765,1.1313171553033747,92,0.9130434782608695,1.2195981071589208
loading_focus_soft,equal,0.0,pessimistic,80,0.5740240216255188,0.23305676877498627,0.5790128111839294,0.24065956473350525,0.8234704112337011,0.7482294378520212,1.1005586917265349,0.015847279325187716,1.098965110050169,0.002881844019718313,0.21367210809269147,80,0.8653846153846154,8437,0.8439018608510134,1.1315388681344967,92,0.9130434782608695,1.2203446650986836
loading_focus_soft,equal,0.25,optimistic,8,0.3748924136161804,0.05314555764198303,0.3795999586582184,0.2327975183725357,0.9711133400200602,0.8785451599742891,1.1053653064897428,0.01591538969855772,1.1036883765762506,0.0030281157482982706,0.12584276956720986,8,0.9375,8437,0.9370629370629371,1.0684145792716122,92,1.0,1.1382879179783316
loading_focus_soft,equal,0.25,optimistic,12,0.3748924136161804,0.05314555764198303,0.3795999586582184,0.2327975183725357,0.9705115346038115,0.8668050048281388,1.1196422830948403,0.016117640787825484,1.1177139317528824,0.0034369574666027595,0.14860289468592786,12,0.9314903846153846,8437,0.9256844850065189,1.0697721430545912,92,1.0,1.1537098882935124
loading_focus_soft,equal,0.25,optimistic,20,0.3748924136161804,0.05314555764198303,0.3795999586582184,0.2327975183725357,0.9327983951855566,0.2412161626715897,3.8670642334010608,0.05354983589566419,3.7135334142001057,0.07608573488094819,0.548750177827717,20,0.41346153846153844,8437,0.4003792817352139,1.6881193987753178,92,1.0,4.149184461525343
loading_focus_soft,equal,0.25,optimistic,30,0.3748924136161804,0.05314555764198303,0.3795999586582184,0.2327975183725357,0.876629889669007,0.12266994608333749,7.146248267472593,0.09466045705621141,6.5644415972926895,0.14871125870944543,0.6771558673440943,30,0.2439903846153846,8437,0.2361028801706768,1.970978278165753,92,0.782608695652174,6.389075361415714
loading_focus_soft,equal,0.25,optimistic,50,0.3748924136161804,0.05314555764198303,0.3795999586582184,0.2327975183725357,0.8569709127382147,0.042170637284971724,20.32150728354328,0.22918454935622318,15.893316343881429,0.3467869983703759,0.813676317532189,50,0.11177884615384616,8437,0.16285409505748488,4.164397535872767,92,0.782608695652174,18.646571859565462
loading_focus_soft,equal,0.25,optimistic,80,0.3748924136161804,0.05314555764198303,0.3795999586582184,0.2327975183725357,0.8210631895687062,0.0189632855998192,43.2975174711567,0.38781504642789466,26.893903769295378,0.5173492609283513,0.8850612883232833,80,0.08052884615384616,8437,0.08794595235273202,5.109661369479223,92,0.782608695652174,41.723492143425865
loading_focus_soft,equal,0.25,reported,8,0.49783429503440857,0.07080116122961044,0.5040823221206665,0.2327975183725357,0.9799398194583752,0.8194099985031302,1.1959090336321196,0.01719664726983423,1.1925400550837741,0.00561634414908679,0.17947708765721587,8,0.9050480769230769,8437,0.9486784402038639,1.1624142815431144,92,1.0,1.2204629331040167
loading_focus_soft,equal,0.25,reported,12,0.49783429503440857,0.07080116122961044,0.5040823221206665,0.2327975183725357,0.9791374122367101,0.45157626258031,2.1682659018477013,0.030748781010218097,2.1323431494700813,0.032573688340847236,0.3880064316868147,12,0.6189903846153846,8437,0.4538343012919284,1.0051279669626618,92,1.0,2.2151920137872727
loading_focus_soft,equal,0.25,reported,20,0.49783429503440857,0.07080116122961044,0.5040823221206665,0.2327975183725357,0.9470411233701104,0.26596440971967444,3.560781400670445,0.04951855503576748,3.433975205946775,0.06858852712886238,0.5449722896942505,20,0.4338942307692308,8437,0.3899490340168306,1.483732698122097,92,1.0,3.762706434686551
loading_focus_soft,equal,0.25,reported,30,0.49783429503440857,0.07080116122961044,0.5040823221206665,0.2327975183725357,0.9081243731193581,0.1585507952487592,5.7276557439812965,0.07732249303978,5.362101615622826,0.1190987732086915,0.6690561533393536,30,0.3088942307692308,8437,0.35771008652364583,2.330452948699225,92,1.0,6.316180833704198
loading_focus_soft,equal,0.25,reported,50,0.49783429503440857,0.07080116122961044,0.5040823221206665,0.2327975183725357,0.8722166499498496,0.09137362750248744,9.545606033054838,0.1225479143179256,8.498359837121285,0.1945335830330299,0.7578030131688546,50,0.22716346153846154,8437,0.2349176247481332,2.677770800876886,92,1.0,10.97355025773196
loading_focus_soft,equal,0.25,reported,80,0.49783429503440857,0.07080116122961044,0.5040823221206665,0.2327975183725357,0.8208625877632899,0.022068556635975945,37.19602515486345,0.3524244251141159,24.439661798244614,0.4826929197869847,0.8762153614024332,80,0.08413461538461539,8437,0.10181344079649164,5.079573457539559,92,0.782608695652174,35.795809225775194
loading_focus_soft,equal,0.25,pessimistic,8,0.6076899170875549,0.1829882711172104,0.613903820514679,0.2327975183725357,0.8431293881644935,0.7641461531914144,1.1033614245693837,0.015886995569936044,1.1017193220751476,0.0029632477244547098,0.12063440530088766,8,0.8725961538461539,8437,0.8448500651890483,1.1085860817874453,92,0.9130434782608695,1.1949173990054103
loading_focus_soft,equal,0.25,pessimistic,12,0.6076899170875549,0.1829882711172104,0.613903820514679,0.2327975183725357,0.8431293881644935,0.7626991790696515,1.1054546947237462,0.0159166562524852,1.1037762085976175,0.0030230607194997507,0.1415343153961363,12,0.8725961538461539,8437,0.8444944885622852,1.1102679157716373,92,0.9130434782608695,1.197185099938944
loading_focus_soft,equal,0.25,pessimistic,20,0.6076899170875549,0.1829882711172104,0.613903820514679,0.2327975183725357,0.8431293881644935,0.7512789431512338,1.1222587773164434,0.016154697661546976,1.120283723732426,0.0035029352035108106,0.17620776619056788,20,0.8665865384615384,8437,0.8443759630200308,1.1274656060460033,92,0.9130434782608695,1.215389555940126
loading_focus_soft,equal,0.25,pessimistic,30,0.6076899170875549,0.1829882711172104,0.613903820514679,0.2327975183725357,0.8407221664994985,0.750947283768355,1.1195488480637963,0.016116317434925226,1.1176221608794203,0.0034253925922681084,0.18803552448414287,30,0.8665865384615384,8437,0.8442574374777765,1.1278149492849388,92,0.9130434782608695,1.2159265147152116
loading_focus_soft,equal,0.25,pessimistic,50,0.6076899170875549,0.1829882711172104,0.613903820514679,0.2327975183725357,0.8375125376128385,0.7437681788964842,1.1260397545582566,0.016208241939553933,1.1239968717223743,0.003610368959120278,0.22597840401560246,50,0.8629807692307693,8437,0.8435462842242504,1.1380286814660934,92,0.9130434782608695,1.227666945050011
loading_focus_soft,equal,0.25,pessimistic,80,0.6076899170875549,0.1829882711172104,0.613903820514679,0.2327975183725357,0.8142427281845537,0.6648185705774102,1.2247593015901543,0.017604198291191395,1.2208025942771716,0.006414339932689765,0.30840616284594785,80,0.8161057692307693,8437,0.8185373948085812,1.2384904456757655,92,0.9130434782608695,1.3735109175219347
loading_focus_soft,equal,0.5,optimistic,8,0.41642042994499207,0.04174154996871948,0.4219023883342743,0.22493544220924377,0.9983951855566701,0.39169560125737063,2.54890578896406,0.03595266990291262,2.4932184904227244,0.04275838981827551,0.41718146359092245,8,0.5733173076923077,8437,0.525660779898068,1.3537700354972149,92,1.0,2.5540742184863867
loading_focus_soft,equal,0.5,optimistic,12,0.41642042994499207,0.04174154996871948,0.4219023883342743,0.22493544220924377,0.9951855566700101,0.23912641505557497,4.16175501330006,0.0573963949371775,3.9802816738620885,0.08354355215356578,0.5635613487226663,12,0.4411057692307692,8437,0.47196870925684486,2.0237567059349972,92,1.0,4.185485555596515
loading_focus_soft,equal,0.5,optimistic,20,0.41642042994499207,0.04174154996871948,0.4219023883342743,0.22493544220924377,0.9939819458375125,0.1429774794473909,6.952017546254562,0.09232517840839218,6.402496464406728,0.1464319322068576,0.6623278551250407,20,0.30408653846153844,8437,0.23325826715657225,1.6580168883152118,92,1.0,7.0054502077248975
loading_focus_soft,equal,0.5,optimistic,30,0.41642042994499207,0.04174154996871948,0.4219023883342743,0.22493544220924377,0.9939819458375125,0.08522178620590472,11.663472336005121,0.1457738813215263,10.109016585220933,0.23501843849884857,0.7454008790453147,30,0.19951923076923078,8437,0.17826241555055114,2.151386236548156,92,1.0,11.768207573244887
loading_focus_soft,equal,0.5,optimistic,50,0.41642042994499207,0.04174154996871948,0.4219023883342743,0.22493544220924377,0.9939819458375125,0.031865716105438334,31.192832527240004,0.31336959271439413,21.73131689528489,0.46477494740832903,0.8587771148406738,50,0.10216346153846154,8437,0.10228754296550907,3.400789578879484,92,1.0,31.641337668369715
loading_focus_soft,equal,0.5,optimistic,80,0.41642042994499207,0.04174154996871948,0.4219023883342743,0.22493544220924377,0.9929789368104313,0.00983237993490084,100.99070045958771,0.5963855421686747,41.35769235417094,0.7405260372721365,0.9402462737507727,80,0.0673076923076923,8437,0.03852080123266564,4.231226680589336,92,0.782608695652174,81.32135183171076
loading_focus_soft,equal,0.5,reported,8,0.540076494216919,0.05405649170279503,0.5471875071525574,0.22493544220924377,0.9879638916750251,0.4546081576468033,2.1732207727838433,0.030816882019835436,2.137065766645743,0.0327164482483024,0.37539006392313085,8,0.6358173076923077,8437,0.6136067322508001,1.361842748137452,92,1.0,2.2004095660150647
loading_focus_soft,equal,0.5,reported,12,0.540076494216919,0.05405649170279503,0.5471875071525574,0.22493544220924377,0.9873620862587763,0.23817839752752332,4.145472874569488,0.0571846825913189,3.965600006637628,0.0831123990811755,0.5344630724783941,12,0.38341346153846156,8437,0.3293824819248548,1.3965017008727618,92,1.0,4.202163882651928
loading_focus_soft,equal,0.5,reported,20,0.540076494216919,0.05405649170279503,0.5471875071525574,0.22493544220924377,0.9865596790371113,0.1526278869775264,6.463823214576617,0.08640196767392833,5.991738137814709,0.13597648626946612,0.6591612855079542,20,0.2824519230769231,8437,0.28778001659357594,1.9288703197969468,92,0.782608695652174,5.133283098485419
loading_focus_soft,equal,0.5,reported,30,0.540076494216919,0.05405649170279503,0.5471875071525574,0.22493544220924377,0.9865596790371113,0.12849599807461456,7.677746340895688,0.10098977370733911,7.0033622490536205,0.16128095909396076,0.7136475179676864,30,0.2608173076923077,8437,0.28778001659357594,2.312386758406216,92,0.782608695652174,6.09891533138894
loading_focus_soft,equal,0.5,reported,50,0.540076494216919,0.05405649170279503,0.5471875071525574,0.22493544220924377,0.9865596790371113,0.05574225663392142,17.69859597748595,0.2056879966541196,14.263895223940326,0.324278971521636,0.8200612033675623,50,0.15504807692307693,8437,0.13737110347279838,2.5595719192127295,92,0.782608695652174,14.089397003401048
loading_focus_soft,equal,0.5,reported,80,0.540076494216919,0.05405649170279503,0.5471875071525574,0.22493544220924377,0.9697091273821464,0.01809744915779062,53.58264133952295,0.43945454545454543,30.474960590863496,0.596815266895997,0.9151837896071303,80,0.07932692307692307,8437,0.12468887045158232,8.101460645371345,92,0.782608695652174,43.74325423438592
loading_focus_soft,equal,0.5,pessimistic,8,0.6413558721542358,0.1329197883605957,0.6487948298454285,0.22493544220924377,0.9105315947843531,0.8639521471276242,1.0539143838134915,0.015185833246904453,1.0530956489712902,0.0015501516142677515,0.09228902243231882,8,0.9290865384615384,8437,0.9179803247599858,1.064225957752438,92,0.9130434782608695,1.0568380370734047
loading_focus_soft,equal,0.5,pessimistic,12,0.6413558721542358,0.1329197883605957,0.6487948298454285,0.22493544220924377,0.8846539618856569,0.8083947979372548,1.0943340607126484,0.015759061460339695,1.0928474444520744,0.0027076101137489695,0.1430753412258159,12,0.8990384615384616,8437,0.8908379755837383,1.1048448470179164,92,0.9130434782608695,1.129491933834786
loading_focus_soft,equal,0.5,pessimistic,20,0.6413558721542358,0.1329197883605957,0.6487948298454285,0.22493544220924377,0.8846539618856569,0.7864495129303134,1.1248706335762526,0.016191686064869548,1.1228487674786645,0.0035807357938640637,0.17902653114512282,20,0.8870192307692307,8437,0.8599028090553514,1.0959978288053098,92,0.9130434782608695,1.1610194443596813
loading_focus_soft,equal,0.5,pessimistic,30,0.6413558721542358,0.1329197883605957,0.6487948298454285,0.22493544220924377,0.8836509528585758,0.6866317788389573,1.2869357057035185,0.018481380166814908,1.2816327378429782,0.008187280797327152,0.28546539618633104,30,0.8293269230769231,8437,0.8045513808225673,1.1768682419996819,92,0.9130434782608695,1.32986096973706
loading_focus_soft,equal,0.5,pessimistic,50,0.6413558721542358,0.1329197883605957,0.6487948298454285,0.22493544220924377,0.883049147442327,0.25057306632307147,3.524118375531171,0.049033695349484825,3.400351524079339,0.06742756007891425,0.5717477684730944,50,0.44471153846153844,8437,0.39101576389711984,1.5830149856611302,92,0.9130434782608695,3.646425172316935
loading_focus_soft,equal,0.5,pessimistic,80,0.6413558721542358,0.1329197883605957,0.6487948298454285,0.22493544220924377,0.8824473420260782,0.06027395652033542,14.640607535500932,0.17641868859033488,12.234149442512418,0.2766652734132936,0.7783841121193001,80,0.15745192307692307,8437,0.11982932321915372,2.039240386341669,92,0.9130434782608695,15.206334662709715
loading_focus_soft,equal,0.75,optimistic,8,0.45794832706451416,0.030337540432810783,0.4642048180103302,0.21707339584827423,0.9929789368104313,0.3794212690520705,2.617088228320058,0.03687892537046557,2.557451752230384,0.04454776628921929,0.42024560231975827,8,0.5492788461538461,8437,0.5487732606376674,1.4629227987542044,92,1.0,2.6367577275295906
loading_focus_soft,equal,0.75,optimistic,12,0.45794832706451416,0.030337540432810783,0.4642048180103302,0.21707339584827423,0.9929789368104313,0.34316473492197197,2.8935925978414203,0.04061705095593665,2.8166804508051104,0.05176919644260834,0.47872230578366953,12,0.5324519230769231,8437,0.5447433922010193,1.6114460480413937,92,1.0,2.9155596261170267
loading_focus_soft,equal,0.75,optimistic,20,0.45794832706451416,0.030337540432810783,0.4642048180103302,0.21707339584827423,0.9869608826479438,0.11078010395907383,8.909188991306262,0.1153197074817176,7.997103630411203,0.18547657527404482,0.6854711640223469,20,0.21153846153846154,8437,0.18395164157876023,1.688835868532852,92,0.782608695652174,7.07611465556243
loading_focus_soft,equal,0.75,optimistic,30,0.45794832706451416,0.030337540432810783,0.4642048180103302,0.21707339584827423,0.9867602808425275,0.0547795639119371,18.01329200847291,0.20858245346223975,14.464617819876114,0.3283815388667964,0.7811226791062952,30,0.13942307692307693,8437,0.09671684247955434,1.8005654481203182,92,0.782608695652174,14.337962096834545
loading_focus_soft,equal,0.75,optimistic,50,0.45794832706451416,0.030337540432810783,0.4642048180103302,0.21707339584827423,0.9867602808425275,0.027571754360733877,35.78881009645927,0.3436735834555998,23.83281506645276,0.49907885066723606,0.8608916869603909,50,0.08533653846153846,8437,0.0641223183596065,2.406662059258996,92,0.782608695652174,28.5959441433542
loading_focus_soft,equal,0.75,optimistic,80,0.45794832706451416,0.030337540432810783,0.4642048180103302,0.21707339584827423,0.9775325977933801,0.014199717649268735,68.84169262645315,0.5018020801153331,34.7985901479539,0.6566298813860837,0.9254413643944698,80,0.08533653846153846,8437,0.023705108450871162,1.6982732223813637,92,0.782608695652174,55.93189074786988
loading_focus_soft,equal,0.75,reported,8,0.5823186039924622,0.037311818450689316,0.5902926921844482,0.21707339584827423,0.99358074222668,0.39395851616179106,2.5220440768911714,0.035587265320199166,2.4678786904978076,0.04204085091566751,0.4091831999313786,8,0.5612980769230769,8437,0.5565959464264549,1.4277955801968956,92,1.0,2.539393442378517
loading_focus_soft,equal,0.75,reported,12,0.5823186039924622,0.037311818450689316,0.5902926921844482,0.21707339584827423,0.99358074222668,0.31932341485892735,3.1115185921008335,0.04354285714285714,3.0195770396904997,0.057385492698920064,0.49823625352563305,12,0.5048076923076923,8437,0.5190233495318242,1.6516114505385788,92,1.0,3.1334253254220137
loading_focus_soft,equal,0.75,reported,20,0.5823186039924622,0.037311818450689316,0.5902926921844482,0.21707339584827423,0.989568706118355,0.16199946582294086,6.10846894519958,0.08204164449175093,5.689361752100367,0.1283059201419852,0.6303620276740309,20,0.2860576923076923,8437,0.38639326774919996,2.4720985202290877,92,1.0,6.181496470246629
loading_focus_soft,equal,0.75,reported,30,0.5823186039924622,0.037311818450689316,0.5902926921844482,0.21707339584827423,0.989568706118355,0.08543897907610849,11.582169131923424,0.14490497312222778,10.04876019828719,0.23351058173265893,0.7466745181305877,30,0.1971153846153846,8437,0.2624155505511438,3.24188967295623,92,0.782608695652174,9.180087860883939
loading_focus_soft,equal,0.75,reported,50,0.5823186039924622,0.037311818450689316,0.5902926921844482,0.21707339584827423,0.9803410230692077,0.041202074485414325,23.793486986104345,0.25822985468956405,17.907528153814148,0.3949716915905718,0.8370354662271486,50,0.1310096153846154,8437,0.11354746947967287,2.88447032674991,92,0.782608695652174,19.087168215977933
loading_focus_soft,equal,0.75,reported,80,0.5823186039924622,0.037311818450689316,0.5902926921844482,0.21707339584827423,0.9803410230692077,0.014211457804414886,68.98243913897828,0.5023126734505088,34.83399838739159,0.6577385873178682,0.924756953210548,80,0.0733173076923077,8437,0.06400379281735213,4.943467283726839,92,0.782608695652174,55.884987694831835
loading_focus_soft,equal,0.75,pessimistic,8,0.6750217080116272,0.08285132050514221,0.6836858987808228,0.21707339584827423,0.9837512537612838,0.37744011787115767,2.60637703090453,0.036733532081916376,2.547369128704145,0.04425057049391341,0.406510540258157,8,0.5432692307692307,8437,0.54095057484888,1.4491495179332823,92,1.0,2.6506077537235617
loading_focus_soft,equal,0.75,pessimistic,12,0.6750217080116272,0.08285132050514221,0.6836858987808228,0.21707339584827423,0.9793380140421264,0.3461672796005999,2.829088916699651,0.03974760838591492,2.7563870067356557,0.05006677248421852,0.4517430014783053,12,0.5252403846153846,8437,0.5098968827782387,1.4908833680472409,92,1.0,2.890251249459063
loading_focus_soft,equal,0.75,pessimistic,20,0.6750217080116272,0.08285132050514221,0.6836858987808228,0.21707339584827423,0.9783350050150451,0.1976102914200011,4.950830232498827,0.06754379890589295,4.6839761497636045,0.10214123629189509,0.6022774704435303,20,0.3786057692307692,8437,0.3388645253052033,1.7465118317526427,92,1.0,5.066021179130228
loading_focus_soft,equal,0.75,pessimistic,30,0.6750217080116272,0.08285132050514221,0.6836858987808228,0.21707339584827423,0.9783350050150451,0.0752279791377443,13.004935347574463,0.15985970892880555,11.085829877202078,0.25638062720611615,0.7424319324360875,30,0.14543269230769232,8437,0.13583027142349177,1.8432864042054034,92,0.782608695652174,10.429648707083526
loading_focus_soft,equal,0.75,pessimistic,50,0.6750217080116272,0.08285132050514221,0.6836858987808228,0.21707339584827423,0.9723169508525576,0.03867500609020548,25.140705823930013,0.268919218819352,18.648806072010974,0.4079375375303882,0.8320342187893442,50,0.1201923076923077,8437,0.08521986488088183,2.2729447249502432,92,0.782608695652174,20.341197352487434
loading_focus_soft,equal,0.75,pessimistic,80,0.6750217080116272,0.08285132050514221,0.6836858987808228,0.21707339584827423,0.9699097291875627,0.01271165298449419,76.30083438956908,0.5274929085751691,36.58017823927816,0.6773159643541485,0.9201989857850303,80,0.07451923076923077,8437,0.08486428825411876,7.8003309862653,92,0.782608695652174,62.59013648845922
loading_focus_soft,equal,1.0,optimistic,8,0.4994763135910034,0.018933530896902084,0.5065072774887085,0.2092113196849823,0.9829488465396189,0.4053317914596241,2.4250474975080567,0.03426549464689058,2.376217540110629,0.03945313165996583,0.39848014781494023,8,0.5877403846153846,8437,0.5389356406305559,1.340838170739007,92,1.0,2.4680926606235825
loading_focus_soft,equal,1.0,optimistic,12,0.4994763135910034,0.018933530896902084,0.5065072774887085,0.2092113196849823,0.9797392176529589,0.2639128176078847,3.712359356144012,0.05151790046623489,3.5726242968055235,0.07247467285123735,0.5259202977927349,12,0.45552884615384615,8437,0.46153846153846156,1.7827261086351573,92,1.0,3.791986729900029
loading_focus_soft,equal,1.0,optimistic,20,0.4994763135910034,0.018933530896902084,0.5065072774887085,0.2092113196849823,0.9797392176529589,0.12048627722615354,8.131541949910046,0.10632415369543921,7.373286787542337,0.17024257725461908,0.6759228578591955,20,0.22596153846153846,8437,0.2953656512978547,2.5452508213216984,92,0.782608695652174,6.505073118044556
loading_focus_soft,equal,1.0,optimistic,30,0.4994763135910034,0.018933530896902084,0.5065072774887085,0.2092113196849823,0.9795386158475426,0.07983011995503521,12.27028866296673,0.15220372794713546,10.554908713422856,0.24461308429349093,0.743447568720355,30,0.17067307692307693,8437,0.27106791513571177,3.6154793045039932,92,0.782608695652174,9.82679217400921
loading_focus_soft,equal,1.0,optimistic,50,0.4994763135910034,0.018933530896902084,0.5065072774887085,0.2092113196849823,0.9771313941825477,0.028651848634179702,34.10360729802602,0.33287774208979704,23.08415324563179,0.48551725040306287,0.8549497259663448,50,0.08533653846153846,8437,0.026194144838212634,0.9122349105934665,92,0.782608695652174,27.509947503028673
loading_focus_soft,equal,1.0,optimistic,80,0.4994763135910034,0.018933530896902084,0.5065072774887085,0.2092113196849823,0.9761283851554664,0.01481901083322816,65.87000955331831,0.49077155824508323,34.03365388146285,0.6463676532734342,0.9199673285648455,80,0.08533653846153846,8437,0.00853383904231362,0.5697353493963664,92,0.782608695652174,53.560657284377704
loading_focus_soft,equal,1.0,reported,8,0.6245608329772949,0.0205671526491642,0.6333979368209839,0.2092113196849823,0.9929789368104313,0.3728144967435745,2.663466537604658,0.03750795623314036,2.601073307516889,0.045766719301829455,0.42838635277668363,8,0.5432692307692307,8437,0.5382244873770298,1.4601285368237946,92,0.782608695652174,2.0998140315427163
loading_focus_soft,equal,1.0,reported,12,0.6245608329772949,0.0205671526491642,0.6333979368209839,0.2092113196849823,0.9897693079237713,0.22597744129188668,4.37994740654366,0.060224346064179084,4.17639228425325,0.08876719789735539,0.5290657985481303,12,0.3125,8437,0.37963731184070165,1.7094946219617468,92,0.782608695652174,3.465521656041235
loading_focus_soft,equal,1.0,reported,20,0.6245608329772949,0.0205671526491642,0.6333979368209839,0.2092113196849823,0.9797392176529589,0.10359219397084332,9.457654868558077,0.12155603673560815,8.429575862658535,0.19564093265056887,0.6901392336131799,20,0.22596153846153846,8437,0.3075737821500533,3.1253446755390466,92,0.782608695652174,7.5681058201841935
loading_focus_soft,equal,1.0,reported,30,0.6245608329772949,0.0205671526491642,0.6333979368209839,0.2092113196849823,0.9795386158475426,0.06443877655843222,15.20107407624833,0.18194351292942842,12.61728077144467,0.28960634318744505,0.7692469476579464,30,0.1778846153846154,8437,0.25518549247362804,4.281966686505519,92,0.782608695652174,12.181665736158104
loading_focus_soft,equal,1.0,reported,50,0.6245608329772949,0.0205671526491642,0.6333979368209839,0.2092113196849823,0.9795386158475426,0.028058970799299112,34.909998048538924,0.33808765491933807,23.445446329989064,0.4917801824603427,0.8587287539927064,50,0.08533653846153846,8437,0.09588716368377385,3.6408194978702175,92,0.782608695652174,28.09563567710243
loading_focus_soft,equal,1.0,reported,80,0.6245608329772949,0.0205671526491642,0.6333979368209839,0.2092113196849823,0.9771313941825477,0.013190064306699813,74.08086658730085,0.5201281366791244,36.069451622352375,0.6727251796044909,0.9255302603241403,80,0.07932692307692307,8437,0.01813440796491644,1.3880654854030512,92,0.782608695652174,60.28299215385523
loading_focus_soft,equal,1.0,pessimistic,8,0.7086876630783081,0.032782845199108124,0.7185769081115723,0.2092113196849823,0.9909729187562688,0.4144626971245425,2.390982169520771,0.03380042695276151,2.3439663783072904,0.038557366932039046,0.39543331257914605,8,0.5985576923076923,8437,0.557307099679981,1.3565208353898324,92,1.0,2.4136833900226757
loading_focus_soft,equal,1.0,pessimistic,12,0.7086876630783081,0.032782845199108124,0.7185769081115723,0.2092113196849823,0.9877632898696088,0.2679455609005873,3.686432746075935,0.05117651949779663,3.548950468266861,0.07186199050553138,0.5217595993522577,12,0.4579326923076923,8437,0.47813203745407135,1.8207023380436649,92,1.0,3.734857456140351
loading_focus_soft,equal,1.0,pessimistic,20,0.7086876630783081,0.032782845199108124,0.7185769081115723,0.2092113196849823,0.9877632898696088,0.12150473568508208,8.129422152151415,0.10629938258279004,7.371568979205653,0.17033973380216333,0.6740519816097628,20,0.23076923076923078,8437,0.30389949034016833,2.600244611765182,92,0.782608695652174,6.45045228922102
loading_focus_soft,equal,1.0,pessimistic,30,0.7086876630783081,0.032782845199108124,0.7185769081115723,0.2092113196849823,0.9875626880641926,0.051829849931466845,19.053936860130193,0.21800549109910547,15.118079488665268,0.34161168556222477,0.7861986596731131,30,0.13942307692307693,8437,0.19141875074078463,3.9643152570209095,92,0.782608695652174,15.157297509771299
loading_focus_soft,equal,1.0,pessimistic,50,0.7086876630783081,0.032782845199108124,0.7185769081115723,0.2092113196849823,0.9875626880641926,0.028622498246314326,34.50302204809671,0.33546848381601363,23.26381403836723,0.48983112925271816,0.859453477619662,50,0.08533653846153846,8437,0.06672988028920232,2.4129507283942115,92,0.782608695652174,27.53836687028387
loading_focus_soft,equal,1.0,pessimistic,80,0.7086876630783081,0.032782845199108124,0.7185769081115723,0.2092113196849823,0.9829488465396189,0.008678909691791577,113.2571810799324,0.6236477026855034,43.248247989482,0.7588661711459262,0.935880535208545,80,0.04807692307692308,8437,0.014578641697285765,1.7092814365998346,92,0.782608695652174,92.39909577273754
loading_focus_soft,method_type,0.0,optimistic,8,0.33336445689201355,0.06454956531524658,0.33729755878448486,0.24065956473350525,0.9811434302908726,0.9169706877676389,1.0699834175500875,0.015413802775177822,1.0689047069544377,0.0020136773789936825,0.09725366520759626,8,0.9579326923076923,8437,0.975346687211094,1.065383967239151,92,1.0,1.0905740722953288
loading_focus_soft,method_type,0.0,optimistic,12,0.33336445689201355,0.06454956531524658,0.33729755878448486,0.24065956473350525,0.9731193580742227,0.4721097939309268,2.06121408745144,0.029275092936802975,2.0301469464154547,0.029672922282246866,0.33827793207058043,12,0.5997596153846154,8437,0.4573900675595591,0.9680550040656645,92,1.0,2.1187912491213665
loading_focus_soft,method_type,0.0,optimistic,20,0.33336445689201355,0.06454956531524658,0.33729755878448486,0.24065956473350525,0.8764292878635908,0.17129766869869184,5.1164110668966964,0.06964547599311356,4.829721658759355,0.105128489790582,0.5694983460233028,20,0.2848557692307692,8437,0.28552803129074317,1.6955631602584336,92,0.8913043478260869,5.20916243118982
loading_focus_soft,method_type,0.0,optimistic,30,0.33336445689201355,0.06454956531524658,0.33729755878448486,0.24065956473350525,0.841925777331996,0.13536105379632593,6.219852414852049,0.08341283090865728,5.784449748003849,0.12893008428238908,0.6345087745303079,30,0.28125,8437,0.2414365295721228,1.8198602927963234,92,0.7608695652173914,5.628062073764525
loading_focus_soft,method_type,0.0,optimistic,50,0.33336445689201355,0.06454956531524658,0.33729755878448486,0.24065956473350525,0.7979939819458375,0.07559779402484804,10.555783964854147,0.13378173869177737,9.277394571472952,0.20962557324682343,0.7398858516995778,50,0.22716346153846154,8437,0.24036979969183359,3.365866021442299,92,0.7608695652173914,10.089408277914222
loading_focus_soft,method_type,0.0,optimistic,80,0.33336445689201355,0.06454956531524658,0.33729755878448486,0.24065956473350525,0.7317953861584754,0.024848038366827016,29.450831303264863,0.3011391778107974,20.88317135656598,0.4147332627022675,0.8286352452412578,80,0.09134615384615384,8437,0.11473272490221642,5.084382693272747,92,0.6956521739130435,28.201898098796352
loading_focus_soft,method_type,0.0,reported,8,0.4555921256542206,0.08754582703113556,0.46097710728645325,0.24065956473350525,0.9590772316950853,0.8625873540918844,1.1118609925655398,0.016007419460682886,1.110070386736255,0.0032135144812237464,0.14316218507872197,8,0.9290865384615384,8437,0.9574493303306862,1.1130819543631316,92,1.0,1.1593527591805337
loading_focus_soft,method_type,0.0,reported,12,0.4555921256542206,0.08754582703113556,0.46097710728645325,0.24065956473350525,0.9542627883650953,0.8093839060083179,1.178998966104088,0.01695761131885799,1.1759635712104175,0.005131661662341004,0.19938320417241479,12,0.9002403846153846,8437,0.8748370273794003,1.0830918212100633,92,1.0,1.2355862359163359
loading_focus_soft,method_type,0.0,reported,20,0.4555921256542206,0.08754582703113556,0.46097710728645325,0.24065956473350525,0.9502507522567704,0.32628532686059447,2.912330632210027,0.04086932514278812,2.8341749698217216,0.052159257091298726,0.498720933713448,20,0.5060096153846154,8437,0.40701671210145784,1.2553123033071871,92,1.0,3.066512419312729
loading_focus_soft,method_type,0.0,reported,30,0.4555921256542206,0.08754582703113556,0.46097710728645325,0.24065956473350525,0.8818455366098295,0.21356516226361932,4.129163798360063,0.0569725246241576,3.9508874368049716,0.08216596219216665,0.6044533506679773,30,0.3894230769230769,8437,0.33922010193196633,1.6124577286678805,92,0.9565217391304348,4.483040869900236
loading_focus_soft,method_type,0.0,reported,50,0.4555921256542206,0.08754582703113556,0.46097710728645325,0.24065956473350525,0.831494483450351,0.11589587656400879,7.174495832827325,0.0949990832416575,6.587924389229293,0.14847633893146867,0.7123102600347745,50,0.24519230769230768,8437,0.2590968353680218,2.308011631727677,92,0.8478260869565217,7.327911743841343
loading_focus_soft,method_type,0.0,reported,80,0.4555921256542206,0.08754582703113556,0.46097710728645325,0.24065956473350525,0.7438314944834503,0.040309822694306906,18.452859495918947,0.21259029927760578,14.742550872431535,0.3153154954425411,0.8062195602415853,80,0.14783653846153846,8437,0.1953300936351784,5.370106861867886,92,0.6956521739130435,17.33374892656086
loading_focus_soft,method_type,0.0,pessimistic,8,0.5740240216255188,0.23305676877498627,0.5790128111839294,0.24065956473350525,0.8367101303911735,0.7648094719571719,1.094011202881687,0.015754485363550518,1.0925301047618776,0.0026955886151031664,0.10018769018450598,8,0.8713942307692307,8437,0.84544269290032,1.1083963658560836,92,0.9130434782608695,1.1938807137247898
loading_focus_soft,method_type,0.0,pessimistic,12,0.5740240216255188,0.23305676877498627,0.5790128111839294,0.24065956473350525,0.8345035105315948,0.7617482265028133,1.0955109332683335,0.01577574176324252,1.0940041774495257,0.0027383231549453243,0.12576970769569895,12,0.8713942307692307,8437,0.8447315396467939,1.1120139440534957,92,0.9130434782608695,1.1986801278145442
loading_focus_soft,method_type,0.0,pessimistic,20,0.5740240216255188,0.23305676877498627,0.5790128111839294,0.24065956473350525,0.8343029087261785,0.7493007270091074,1.113442011535694,0.016029816460721363,1.111623556911842,0.0032505574374065093,0.16931831725156116,20,0.8653846153846154,8437,0.8443759630200308,1.1305276552720411,92,0.9130434782608695,1.2185993414145124
loading_focus_soft,method_type,0.0,pessimistic,30,0.5740240216255188,0.23305676877498627,0.5790128111839294,0.24065956473350525,0.8337011033099297,0.7490365735183191,1.11303123610364,0.016023997439861815,1.111220023865691,0.003238783737584417,0.18174965719299496,30,0.8653846153846154,8437,0.8442574374777765,1.1307744849706576,92,0.9130434782608695,1.2190292313127462
loading_focus_soft,method_type,0.0,pessimistic,50,0.5740240216255188,0.23305676877498627,0.5790128111839294,0.24065956473350525,0.8288866599799398,0.7486873039027211,1.1071199627122823,0.015940251062811998,1.1054124436128097,0.0030696311792657595,0.19683962910624836,50,0.8653846153846154,8437,0.8442574374777765,1.1313171553033747,92,0.9130434782608695,1.2195981071589208
loading_focus_soft,method_type,0.0,pessimistic,80,0.5740240216255188,0.23305676877498627,0.5790128111839294,0.24065956473350525,0.8234704112337011,0.7482294378520212,1.1005586917265349,0.015847279325187716,1.098965110050169,0.002881844019718313,0.21367210809269147,80,0.8653846153846154,8437,0.8439018608510134,1.1315388681344967,92,0.9130434782608695,1.2203446650986836
loading_focus_soft,method_type,0.25,optimistic,8,0.3954926133155823,0.05157182365655899,0.4005245566368103,0.190955251455307,0.9711133400200602,0.876273439953509,1.108230942240567,0.015955991654498892,1.106504010229418,0.003110211847734998,0.12818108983324147,8,0.9362980769230769,8437,0.9738058551617874,1.1144532848316724,92,1.0,1.1412398145169937
loading_focus_soft,method_type,0.25,optimistic,12,0.3954926133155823,0.05157182365655899,0.4005245566368103,0.190955251455307,0.9705115346038115,0.4072953324078178,2.382820173426527,0.03368893097877555,2.3362344400479023,0.03831251546173867,0.41523343448970473,12,0.5961538461538461,8437,0.6607798980680336,1.648410074332053,92,1.0,2.4561862732372837
loading_focus_soft,method_type,0.25,optimistic,20,0.3954926133155823,0.05157182365655899,0.4005245566368103,0.190955251455307,0.9697091273821464,0.2158926480213436,4.491626446150583,0.06166524218341391,4.276314455734695,0.09131675680605227,0.5721261952115706,20,0.3581730769230769,8437,0.3425388171150883,1.6106066893755056,92,1.0,4.636479956441843
loading_focus_soft,method_type,0.25,optimistic,30,0.3954926133155823,0.05157182365655899,0.4005245566368103,0.190955251455307,0.9536609829488465,0.14205881230720463,6.713142025195439,0.08943655347568431,6.202178292944867,0.1408834878217166,0.6798570917715002,30,0.2920673076923077,8437,0.2798388052625341,2.019616837093902,92,1.0,7.050839388105735
loading_focus_soft,method_type,0.25,optimistic,50,0.3954926133155823,0.05157182365655899,0.4005245566368103,0.190955251455307,0.9069207622868606,0.0564906915244885,16.054339888788828,0.19021373274991585,13.190797704456351,0.2977292433125858,0.803213874805878,50,0.140625,8437,0.15491288372644305,2.869204209995548,92,0.9565217391304348,17.00555761056786
loading_focus_soft,method_type,0.25,optimistic,80,0.3954926133155823,0.05157182365655899,0.4005245566368103,0.190955251455307,0.8579739217652959,0.017202262327896664,49.87564457576791,0.4218780824620241,29.256081363047517,0.5570649359953196,0.8935681982080355,80,0.07932692307692307,8437,0.07407846390897238,4.7009831010102925,92,0.782608695652174,46.047916963957135
loading_focus_soft,method_type,0.25,reported,8,0.4933280348777771,0.06889655441045761,0.49953797459602356,0.190955251455307,0.9979939819458375,0.9004904449812304,1.1082782582625177,0.015956662026672484,1.1065504986905859,0.0031129622850513444,0.12107006774898274,8,0.9495192307692307,8437,0.9127652009007942,1.0139821480147857,92,1.0,1.1105390998157898
loading_focus_soft,method_type,0.25,reported,12,0.4933280348777771,0.06889655441045761,0.49953797459602356,0.190955251455307,0.9771313941825477,0.2678986002800027,3.64739268201203,0.050662007134908,3.5132704550670324,0.07085349656265777,0.5094576047488096,12,0.4170673076923077,8437,0.4004978072774683,1.513988058924804,92,1.0,3.7355128092647836
loading_focus_soft,method_type,0.25,reported,20,0.4933280348777771,0.06889655441045761,0.49953797459602356,0.190955251455307,0.9662988966900702,0.2192532674319291,4.407226893392018,0.06057671751405325,4.200828272364724,0.08929066236326409,0.5901244609982826,20,0.3870192307692308,8437,0.38686736991821735,1.7994060370139948,92,1.0,4.56532636375821
loading_focus_soft,method_type,0.25,reported,30,0.4933280348777771,0.06889655441045761,0.49953797459602356,0.190955251455307,0.8868605817452357,0.1347270854184338,6.582645048624295,0.08785072728717908,6.092205620916481,0.13722542744830468,0.6727586509889678,30,0.24879807692307693,8437,0.2685788787483703,2.0450942630619884,92,0.8913043478260869,6.62567808760555
loading_focus_soft,method_type,0.25,reported,50,0.4933280348777771,0.06889655441045761,0.49953797459602356,0.190955251455307,0.8613841524573721,0.11146103295755054,7.728119232354742,0.10158504849775254,7.0446429138373245,0.160068876800633,0.7444373132503372,50,0.24519230769230768,8437,0.24724428114258623,2.2890177284026665,92,0.8478260869565217,7.620076888306598
loading_focus_soft,method_type,0.25,reported,80,0.4933280348777771,0.06889655441045761,0.49953797459602356,0.190955251455307,0.8052156469408225,0.023703373240077368,33.970508702928996,0.33200992555831266,23.02397256284984,0.45911593050415445,0.8650293789577771,80,0.07932692307692307,8437,0.1384378333530876,6.658843752108255,92,0.8478260869565217,36.10723604814247
loading_focus_soft,method_type,0.25,pessimistic,8,0.5864478349685669,0.17864467203617096,0.5924144387245178,0.190955251455307,0.8427281845536609,0.7631746553530705,1.1042402661600264,0.015899448571850293,1.102582903409099,0.0029883335573340237,0.11433612499096724,8,0.8713942307692307,8437,0.8465094227806093,1.1122788355939741,92,0.9130434782608695,1.196438983610473
loading_focus_soft,method_type,0.25,pessimistic,12,0.5864478349685669,0.17864467203617096,0.5924144387245178,0.190955251455307,0.8427281845536609,0.7503103803516763,1.1231727650611307,0.016167641625615764,1.1211813519375862,0.003528988936241192,0.1516540878525876,12,0.8653846153846154,8437,0.8447315396467939,1.129451807577094,92,0.9130434782608695,1.2169589971698427
loading_focus_soft,method_type,0.25,pessimistic,20,0.5864478349685669,0.17864467203617096,0.5924144387245178,0.190955251455307,0.8423269809428285,0.7489309121220037,1.1247058537832262,0.016189352580117826,1.122686946747525,0.0035727082431035897,0.17909077025532164,20,0.8653846153846154,8437,0.8439018608510134,1.1304486085910834,92,0.9130434782608695,1.219201272210201
loading_focus_soft,method_type,0.25,pessimistic,30,0.5864478349685669,0.17864467203617096,0.5924144387245178,0.190955251455307,0.8423269809428285,0.7486638235924288,1.1251070966685173,0.016195034654057243,1.123080982902502,0.003584158370151463,0.19281759943239277,30,0.8653846153846154,8437,0.843783335308759,1.1307000913714873,92,0.9130434782608695,1.219636369960623
loading_focus_soft,method_type,0.25,pessimistic,50,0.5864478349685669,0.17864467203617096,0.5924144387245178,0.190955251455307,0.8052156469408225,0.663949799096595,1.2127658567506778,0.017434814901684845,1.2090563234208311,0.006072913572459656,0.2737241172561968,50,0.8149038461538461,8437,0.8230413654142468,1.2472020771176007,92,0.9130434782608695,1.3753088100337376
loading_focus_soft,method_type,0.25,pessimistic,80,0.5864478349685669,0.17864467203617096,0.5924144387245178,0.190955251455307,0.8018054162487462,0.6632042992448145,1.2089870604906447,0.01738143487071552,1.2053545655099043,0.005965227246342443,0.30084075201000293,80,0.8149038461538461,8437,0.8226857887874837,1.248091944952846,92,0.9130434782608695,1.3768553527881948
loading_focus_soft,method_type,0.5,optimistic,8,0.457620769739151,0.0385940857231617,0.4637516140937805,0.14125090837478638,0.9945837512537613,0.3634781383635985,2.736295931665767,0.038494087687016204,2.6694588038216156,0.047677546711994506,0.42438039229206787,8,0.5288461538461539,8437,0.5562403697996918,1.5512154013061301,92,1.0,2.752499010093011
loading_focus_soft,method_type,0.5,optimistic,12,0.457620769739151,0.0385940857231617,0.4637516140937805,0.14125090837478638,0.9913741223671013,0.2679690412108796,3.6995845411371024,0.051349722574343844,3.560961623883725,0.07220160622395623,0.525349587567742,12,0.44350961538461536,8437,0.4788431907075975,1.823368580668992,92,1.0,3.734529865801246
loading_focus_soft,method_type,0.5,optimistic,20,0.457620769739151,0.0385940857231617,0.4637516140937805,0.14125090837478638,0.9901705115346038,0.13912964359824015,7.116891022835398,0.0943082596152009,6.540017676215945,0.14982702287021804,0.6569870728401455,20,0.28966346153846156,8437,0.24368851487495555,1.7855945837996112,92,1.0,7.19957303798271
loading_focus_soft,method_type,0.5,optimistic,30,0.457620769739151,0.0385940857231617,0.4637516140937805,0.14125090837478638,0.9879638916750251,0.0767043036473727,12.880162451078652,0.15856917479635532,10.996334894764463,0.25475657429043136,0.7488856066529624,30,0.171875,8437,0.16356524831101102,2.1955433189501847,92,1.0,13.079602181092083
loading_focus_soft,method_type,0.5,optimistic,50,0.457620769739151,0.0385940857231617,0.4637516140937805,0.14125090837478638,0.9432296890672016,0.028619563207527787,32.95751518734236,0.3253303812357296,22.560764588097648,0.4724825066971912,0.8539966184301637,50,0.09975961538461539,8437,0.07870096005689226,2.8777685486897564,92,1.0,35.26441660627394
loading_focus_soft,method_type,0.5,optimistic,80,0.457620769739151,0.0385940857231617,0.4637516140937805,0.14125090837478638,0.9374122367101304,0.009717913422225874,96.46229555474034,0.5852955911823647,40.58863484240296,0.7155919324030346,0.927786265770073,80,0.055288461538461536,8437,0.03875785231717435,4.315759591433241,92,1.0,105.81515998757378
loading_focus_soft,method_type,0.5,reported,8,0.5310638546943665,0.05024727061390877,0.5380988121032715,0.14125090837478638,0.9945837512537613,0.37630425786076765,2.643030820081118,0.037230887068311694,2.5818593251689226,0.045232708905960185,0.4105285413733259,8,0.5408653846153846,8437,0.5562403697996918,1.496334239825959,92,1.0,2.6586142570578915
loading_focus_soft,method_type,0.5,reported,12,0.5310638546943665,0.05024727061390877,0.5380988121032715,0.14125090837478638,0.9837512537612838,0.33064385945860275,2.9752594086340545,0.04171557869307065,2.892860319333952,0.053860216504922336,0.47251149590207464,12,0.5192307692307693,8437,0.49768875192604006,1.524770940551132,92,1.0,3.026056750946145
loading_focus_soft,method_type,0.5,reported,20,0.5310638546943665,0.05024727061390877,0.5380988121032715,0.14125090837478638,0.9817452357071214,0.17862646054867615,5.4960795432633756,0.07442893208017763,5.161441144310749,0.11463290068335824,0.616278715510116,20,0.33774038461538464,8437,0.24285883607917505,1.37211876858703,92,0.782608695652174,4.3852633958075256
loading_focus_soft,method_type,0.5,reported,30,0.5310638546943665,0.05024727061390877,0.5380988121032715,0.14125090837478638,0.9520561685055166,0.11117926923404292,8.563252619527008,0.11134049641064139,7.721156318389786,0.1781448131896366,0.7149734073858925,30,0.2668269230769231,8437,0.19698945122673936,1.807235985336396,92,0.782608695652174,7.050661005722277
loading_focus_soft,method_type,0.5,reported,50,0.5310638546943665,0.05024727061390877,0.5380988121032715,0.14125090837478638,0.9408224674022067,0.05856282890778402,16.065181360751428,0.19031773728847948,13.198010132332637,0.2997959961023823,0.8033375633683733,50,0.14783653846153846,8437,0.13476354154320255,2.379805537985017,92,0.782608695652174,13.408349243214518
loading_focus_soft,method_type,0.5,reported,80,0.5310638546943665,0.05024727061390877,0.5380988121032715,0.14125090837478638,0.9231695085255768,0.01936245087478831,47.678339611832314,0.4109295472810072,28.49683064731295,0.5599273283791568,0.9035200616765845,80,0.10096153846153846,8437,0.047054640274979256,2.52177960366588,92,0.782608695652174,40.85385307346327
loading_focus_soft,method_type,0.5,pessimistic,8,0.5988717079162598,0.12423261255025864,0.6058162450790405,0.14125090837478638,0.947642928786359,0.35291199873206325,2.685210285258183,0.037802584723722644,2.6215049806724218,0.04625366102263457,0.4096063811140678,8,0.5180288461538461,8437,0.5001777883133816,1.4324654539612705,92,0.9130434782608695,2.5882799713852633
loading_focus_soft,method_type,0.5,pessimistic,12,0.5988717079162598,0.12423261255025864,0.6058162450790405,0.14125090837478638,0.8952858575727182,0.3325692449025714,2.692028416022049,0.037894933473716384,2.6279091117612556,0.04632472528458253,0.42716048377140464,12,0.5108173076923077,8437,0.476354154320256,1.4482445972002154,92,0.9130434782608695,2.746718567482196
loading_focus_soft,method_type,0.5,pessimistic,20,0.5988717079162598,0.12423261255025864,0.6058162450790405,0.14125090837478638,0.8471414242728185,0.2949567228530925,2.8720871864810813,0.04032735537347925,2.7965908612217216,0.050860021522536665,0.4520440875434189,20,0.4807692307692308,8437,0.4519378926158587,1.5532075394700342,92,0.9130434782608695,3.0972697863953065
loading_focus_soft,method_type,0.5,pessimistic,30,0.5988717079162598,0.12423261255025864,0.6058162450790405,0.14125090837478638,0.8471414242728185,0.294211223001312,2.8793647490090506,0.04042540971052228,2.8033906590348465,0.05104671855446601,0.4709052928191182,30,0.4807692307692308,8437,0.45181936707360437,1.5568742637071298,92,0.9130434782608695,3.1051245197214286
loading_focus_soft,method_type,0.5,pessimistic,50,0.5988717079162598,0.12423261255025864,0.6058162450790405,0.14125090837478638,0.8433299899699097,0.26872921625659285,3.1382147490977172,0.04390004490251976,3.0443470256010974,0.05762201326108192,0.5113638304469482,50,0.4543269230769231,8437,0.44518193670736045,1.6847076163400054,92,0.9130434782608695,3.3998355454685885
loading_focus_soft,method_type,0.5,pessimistic,80,0.5988717079162598,0.12423261255025864,0.6058162450790405,0.14125090837478638,0.8345035105315948,0.2435759338559659,3.4260507486140357,0.04773434003832517,3.3102448172294596,0.06479081074352663,0.5716044362158975,80,0.44471153846153844,8437,0.43415906127770537,1.8185685390286699,92,0.9130434782608695,3.7512810629243
loading_focus_soft,method_type,0.75,optimistic,8,0.5197489857673645,0.025616344064474106,0.5269786715507507,0.09154659509658813,0.9945837512537613,0.3713146919236538,2.6785467229997413,0.037712312408248336,2.6152448445901335,0.04616520030736188,0.43106970060214644,8,0.5504807692307693,8437,0.5526846035320612,1.5071459847844206,92,1.0,2.6943655621386027
loading_focus_soft,method_type,0.75,optimistic,12,0.5197489857673645,0.025616344064474106,0.5269786715507507,0.09154659509658813,0.99037111334002,0.1837715835414765,5.389141750070937,0.07308660251665433,5.068354291594249,0.11228486622631337,0.5808500260354416,12,0.29447115384615385,8437,0.3412350361502904,1.898140596675287,92,1.0,5.4480734473217005
loading_focus_soft,method_type,0.75,optimistic,20,0.5197489857673645,0.025616344064474106,0.5269786715507507,0.09154659509658813,0.9803410230692077,0.11213902691724072,8.742193061767027,0.11340325799415232,7.864203144542925,0.18214888685876196,0.6852728567065935,20,0.2439903846153846,8437,0.32250800047410216,3.0198112875368266,92,1.0,8.936612882067427
loading_focus_soft,method_type,0.75,optimistic,30,0.5197489857673645,0.025616344064474106,0.5269786715507507,0.09154659509658813,0.9801404212637914,0.062307938399405946,15.730586606491482,0.1870955389622822,12.97455956611938,0.29719191941231476,0.7657527540888,30,0.13581730769230768,8437,0.19841175773379163,3.371366320083758,92,0.782608695652174,12.599678182367436
loading_focus_soft,method_type,0.75,optimistic,50,0.5197489857673645,0.025616344064474106,0.5269786715507507,0.09154659509658813,0.9795386158475426,0.026318492798882338,37.21864406646951,0.35256317689530686,24.449283851554664,0.5080702968326091,0.862121420304839,50,0.08533653846153846,8437,0.0418395164157876,1.6139056741977489,92,0.782608695652174,29.968678055575925
loading_focus_soft,method_type,0.75,optimistic,80,0.5197489857673645,0.025616344064474106,0.5269786715507507,0.09154659509658813,0.9733199598796389,0.012063009412669388,80.68633013395419,0.5413970095960723,37.54438929374599,0.690032517120075,0.9246231769063111,80,0.08173076923076923,8437,0.00853383904231362,0.702222098550202,92,0.782608695652174,66.01569868854578
loading_focus_soft,method_type,0.75,reported,8,0.5687997937202454,0.03159799799323082,0.5766596794128418,0.09154659509658813,0.9929789368104313,0.38621294880411844,2.5710658844689736,0.0362539091967745,2.5141086045512853,0.043335075084393986,0.3928510137533467,8,0.5480769230769231,8437,0.5555292165461657,1.4545934980193906,92,1.0,2.5903570477964943
loading_focus_soft,method_type,0.75,reported,12,0.5687997937202454,0.03159799799323082,0.5766596794128418,0.09154659509658813,0.9929789368104313,0.36167015447109135,2.745537403445882,0.03861907548273844,2.6781263627042624,0.04791614046678151,0.4487725958287411,12,0.5444711538461539,8437,0.5452174943700367,1.5271789060005023,92,1.0,2.76626899368975
loading_focus_soft,method_type,0.75,reported,20,0.5687997937202454,0.03159799799323082,0.5766596794128418,0.09154659509658813,0.9889669007021064,0.1087784075066552,9.091573625414586,0.11740331491712708,8.141596058894917,0.18898194043938668,0.6867046645121604,20,0.23076923076923078,8437,0.32807870096005687,3.1787491188779944,92,0.782608695652174,7.206579921717974
loading_focus_soft,method_type,0.75,reported,30,0.5687997937202454,0.03159799799323082,0.5766596794128418,0.09154659509658813,0.9889669007021064,0.06140394645315238,16.105917580666095,0.19070828981470736,13.225093872775341,0.30290169645554377,0.7700637169964746,30,0.13701923076923078,8437,0.11840701671210145,1.9748806882339522,92,0.782608695652174,12.78581185209592
loading_focus_soft,method_type,0.75,reported,50,0.5687997937202454,0.03159799799323082,0.5766596794128418,0.09154659509658813,0.9797392176529589,0.02778601219215112,35.26015935203943,0.3403247160476622,23.60058034880895,0.4943481962114547,0.8572048661829244,50,0.08533653846153846,8437,0.06270001185255422,2.3308999483436565,92,0.782608695652174,28.373751070180717
loading_focus_soft,method_type,0.75,reported,80,0.5687997937202454,0.03159799799323082,0.5766596794128418,0.09154659509658813,0.9747241725175526,0.013774137025220788,70.76480876680756,0.5086892797319933,35.27619844457997,0.6620976529158717,0.9228512264701204,80,0.08533653846153846,8437,0.03579471376081546,2.7086432976910033,92,0.782608695652174,57.686948994665194
loading_focus_soft,method_type,0.75,pessimistic,8,0.6112955212593079,0.06982053816318512,0.6192179918289185,0.09154659509658813,0.974122367101304,0.3798673949476242,2.5643747793506075,0.03616297167879298,2.5078023385099333,0.04312833110225074,0.3947367915444625,8,0.5420673076923077,8437,0.5394097427995733,1.4353014468903489,92,1.0,2.6336588496362103
loading_focus_soft,method_type,0.75,pessimistic,12,0.6112955212593079,0.06982053816318512,0.6192179918289185,0.09154659509658813,0.9689067201604814,0.3626974180463795,2.6713912808626157,0.03761535765741209,2.6085213000474883,0.04593185023904382,0.419413320772608,12,0.5276442307692307,8437,0.5160602109754652,1.438281766984522,92,0.9130434782608695,2.5184017986876706
loading_focus_soft,method_type,0.75,pessimistic,20,0.6112955212593079,0.06982053816318512,0.6192179918289185,0.09154659509658813,0.9648946840521565,0.23829286404019828,4.04919672243893,0.05593088291724323,3.8786524575645562,0.08067179728817092,0.572258677954116,20,0.4387019230769231,8437,0.43818892971435347,1.878887994011086,92,0.9130434782608695,3.8345349426267075
loading_focus_soft,method_type,0.75,pessimistic,30,0.6112955212593079,0.06982053816318512,0.6192179918289185,0.09154659509658813,0.9648946840521565,0.08795137227738464,10.970774634522268,0.13831377961812744,9.591679109100939,0.22232924353999212,0.7267944676658397,30,0.21754807692307693,8437,0.2717790683892379,3.2632933968115356,92,0.6956521739130435,7.924297633137815
loading_focus_soft,method_type,0.75,pessimistic,50,0.6112955212593079,0.06982053816318512,0.6192179918289185,0.09154659509658813,0.957271815446339,0.03741293941199433,25.586650781559396,0.2723899765968377,18.88949355057581,0.41087549971874276,0.8208185840764277,50,0.0889423076923077,8437,0.04551380822567263,1.2232512427709412,92,0.6956521739130435,18.68267348624828
loading_focus_soft,method_type,0.75,pessimistic,80,0.6112955212593079,0.06982053816318512,0.6192179918289185,0.09154659509658813,0.9394182547642929,0.015570380762581777,60.33367257285523,0.4688626351621946,32.51433049649549,0.6181803205505908,0.8948397612799286,80,0.07932692307692307,8437,0.013274860732487851,0.8493916955568396,92,0.6956521739130435,45.2112855993297
loading_focus_soft,method_type,1.0,optimistic,8,0.5818771123886108,0.012638605199754238,0.590205729007721,0.041842270642519,0.9843530591775326,0.3801168732444799,2.5896063249589707,0.03650579911767113,2.531576475783839,0.04380998519141759,0.40374995925740276,8,0.5444711538461539,8437,0.5394097427995733,1.4343251216717918,92,1.0,2.6319290979616436
loading_focus_soft,method_type,1.0,optimistic,12,0.5818771123886108,0.012638605199754238,0.590205729007721,0.041842270642519,0.9837512537612838,0.3604785287237571,2.7290148382600474,0.03839559045747438,2.6626282926353184,0.04746715038638786,0.45020046080961174,12,0.5444711538461539,8437,0.5290980206234444,1.4854084382124486,92,1.0,2.775420241674611
loading_focus_soft,method_type,1.0,optimistic,20,0.5818771123886108,0.012638605199754238,0.590205729007721,0.041842270642519,0.9793380140421264,0.1426428850257256,6.865663253133888,0.09128304850229985,6.330227629899909,0.1444290390766226,0.6432455599985608,20,0.24759615384615385,8437,0.2956027023823634,2.130332111469167,92,0.782608695652174,5.493146045671526
loading_focus_soft,method_type,1.0,optimistic,30,0.5818771123886108,0.012638605199754238,0.590205729007721,0.041842270642519,0.9781344032096289,0.06911429334538656,14.152418492099365,0.1715451730931607,11.89618458527849,0.2740855875482657,0.7552339038993738,30,0.171875,8437,0.09956145549365888,1.456829446129118,92,0.782608695652174,11.355060116900148
loading_focus_soft,method_type,1.0,optimistic,50,0.5818771123886108,0.012638605199754238,0.590205729007721,0.041842270642519,0.9733199598796389,0.031936157036315235,30.477053290189474,0.30839636432975276,21.386437224340664,0.4564813618554346,0.844071128792525,50,0.08533653846153846,8437,0.026194144838212634,0.8164759176334208,92,0.782608695652174,24.661984578069
loading_focus_soft,method_type,1.0,optimistic,80,0.5818771123886108,0.012638605199754238,0.590205729007721,0.041842270642519,0.9594784353059177,0.01359216462045546,70.59055434496102,0.5080730826428723,35.23346687609035,0.6579011782419156,0.9155319117110585,80,0.08533653846153846,8437,0.0028446130141045393,0.2051640860969333,92,0.0,0.0
loading_focus_soft,method_type,1.0,reported,8,0.6065356135368347,0.01294871885329485,0.6152205467224121,0.041842270642519,0.9843530591775326,0.3801168732444799,2.5896063249589707,0.03650579911767113,2.531576475783839,0.04380998519141759,0.40374995925740276,8,0.5444711538461539,8437,0.5394097427995733,1.4343251216717918,92,1.0,2.6319290979616436
loading_focus_soft,method_type,1.0,reported,12,0.6065356135368347,0.01294871885329485,0.6152205467224121,0.041842270642519,0.9835506519558675,0.36154688284205677,2.720395883998081,0.038278968817825526,2.654540903600203,0.047241432493077225,0.446928401854884,12,0.5444711538461539,8437,0.5290980206234444,1.4808540815255717,92,1.0,2.7672128750274188
loading_focus_soft,method_type,1.0,reported,20,0.6065356135368347,0.01294871885329485,0.6152205467224121,0.041842270642519,0.9781344032096289,0.13059748584577546,7.489687851760963,0.09876043101352994,6.848763482377782,0.15733245133718315,0.6565661115839097,20,0.26322115384615385,8437,0.29406187033305675,2.3255769106996573,92,1.0,7.670908026303937
loading_focus_soft,method_type,1.0,reported,30,0.6065356135368347,0.01294871885329485,0.6152205467224121,0.041842270642519,0.9781344032096289,0.06860653163531556,14.257161525217363,0.17259566033060778,11.969032977662945,0.2756598236591546,0.7551342995712547,30,0.171875,8437,0.09956145549365888,1.468013448533393,92,0.782608695652174,11.439359365933477
loading_focus_soft,method_type,1.0,reported,50,0.6065356135368347,0.01294871885329485,0.6152205467224121,0.041842270642519,0.9733199598796389,0.029180155615756462,33.35554383932324,0.32797079897255643,22.74387027514882,0.47939100408181373,0.8493775150591295,50,0.08533653846153846,8437,0.026194144838212634,0.8953434093171757,92,0.782608695652174,27.008246332760674
loading_focus_soft,method_type,1.0,reported,80,0.6065356135368347,0.01294871885329485,0.6152205467224121,0.041842270642519,0.9594784353059177,0.01359216462045546,70.59055434496102,0.5080730826428723,35.23346687609035,0.6579011782419156,0.9155319117110585,80,0.08533653846153846,8437,0.0028446130141045393,0.2051640860969333,92,0.0,0.0
loading_focus_soft,method_type,1.0,pessimistic,8,0.6237193942070007,0.01540846936404705,0.6326196789741516,0.041842270642519,0.9843530591775326,0.3801168732444799,2.5896063249589707,0.03650579911767113,2.531576475783839,0.04380998519141759,0.40374995925740276,8,0.5444711538461539,8437,0.5394097427995733,1.4343251216717918,92,1.0,2.6319290979616436
loading_focus_soft,method_type,1.0,pessimistic,12,0.6237193942070007,0.01540846936404705,0.6326196789741516,0.041842270642519,0.9837512537612838,0.3604785287237571,2.7290148382600474,0.03839559045747438,2.6626282926353184,0.04746715038638786,0.45020046080961174,12,0.5444711538461539,8437,0.5290980206234444,1.4854084382124486,92,1.0,2.775420241674611
loading_focus_soft,method_type,1.0,pessimistic,20,0.6237193942070007,0.01540846936404705,0.6326196789741516,0.041842270642519,0.9793380140421264,0.1426428850257256,6.865663253133888,0.09128304850229985,6.330227629899909,0.1444290390766226,0.6432455599985608,20,0.24759615384615385,8437,0.2956027023823634,2.130332111469167,92,0.782608695652174,5.493146045671526
loading_focus_soft,method_type,1.0,pessimistic,30,0.6237193942070007,0.01540846936404705,0.6326196789741516,0.041842270642519,0.9781344032096289,0.06888536032003663,14.199452520321937,0.17201721583292176,11.928919447257316,0.27479334469857924,0.7541668221737983,30,0.17067307692307693,8437,0.09956145549365888,1.4618507760804247,92,0.782608695652174,11.3929135526262
loading_focus_soft,method_type,1.0,pessimistic,50,0.6237193942070007,0.01540846936404705,0.6326196789741516,0.041842270642519,0.9779338014042126,0.03081203718107135,31.738693409242774,0.31711442138814805,21.991010434543075,0.4673264699076789,0.8482053169170722,50,0.08533653846153846,8437,0.014578641697285765,0.46690155097098124,92,0.782608695652174,25.567944686778038
loading_focus_soft,method_type,1.0,pessimistic,80,0.6237193942070007,0.01540846936404705,0.6326196789741516,0.041842270642519,0.9594784353059177,0.01359216462045546,70.59055434496102,0.5080730826428723,35.23346687609035,0.6579011782419156,0.9155319117110585,80,0.08533653846153846,8437,0.0028446130141045393,0.2051640860969333,92,0.0,0.0
loading_focus_soft,sequence,0.0,optimistic,8,0.33336445689201355,0.06454956531524658,0.33729755878448486,0.24065956473350525,0.9811434302908726,0.9169706877676389,1.0699834175500875,0.015413802775177822,1.0689047069544377,0.0020136773789936825,0.09725366520759626,8,0.9579326923076923,8437,0.975346687211094,1.065383967239151,92,1.0,1.0905740722953288
loading_focus_soft,sequence,0.0,optimistic,12,0.33336445689201355,0.06454956531524658,0.33729755878448486,0.24065956473350525,0.9731193580742227,0.4721097939309268,2.06121408745144,0.029275092936802975,2.0301469464154547,0.029672922282246866,0.33827793207058043,12,0.5997596153846154,8437,0.4573900675595591,0.9680550040656645,92,1.0,2.1187912491213665
loading_focus_soft,sequence,0.0,optimistic,20,0.33336445689201355,0.06454956531524658,0.33729755878448486,0.24065956473350525,0.8764292878635908,0.17129766869869184,5.1164110668966964,0.06964547599311356,4.829721658759355,0.105128489790582,0.5694983460233028,20,0.2848557692307692,8437,0.28552803129074317,1.6955631602584336,92,0.8913043478260869,5.20916243118982
loading_focus_soft,sequence,0.0,optimistic,30,0.33336445689201355,0.06454956531524658,0.33729755878448486,0.24065956473350525,0.841925777331996,0.13536105379632593,6.219852414852049,0.08341283090865728,5.784449748003849,0.12893008428238908,0.6345087745303079,30,0.28125,8437,0.2414365295721228,1.8198602927963234,92,0.7608695652173914,5.628062073764525
loading_focus_soft,sequence,0.0,optimistic,50,0.33336445689201355,0.06454956531524658,0.33729755878448486,0.24065956473350525,0.7979939819458375,0.07559779402484804,10.555783964854147,0.13378173869177737,9.277394571472952,0.20962557324682343,0.7398858516995778,50,0.22716346153846154,8437,0.24036979969183359,3.365866021442299,92,0.7608695652173914,10.089408277914222
loading_focus_soft,sequence,0.0,optimistic,80,0.33336445689201355,0.06454956531524658,0.33729755878448486,0.24065956473350525,0.7317953861584754,0.024848038366827016,29.450831303264863,0.3011391778107974,20.88317135656598,0.4147332627022675,0.8286352452412578,80,0.09134615384615384,8437,0.11473272490221642,5.084382693272747,92,0.6956521739130435,28.201898098796352
loading_focus_soft,sequence,0.0,reported,8,0.4555921256542206,0.08754582703113556,0.46097710728645325,0.24065956473350525,0.9590772316950853,0.8625873540918844,1.1118609925655398,0.016007419460682886,1.110070386736255,0.0032135144812237464,0.14316218507872197,8,0.9290865384615384,8437,0.9574493303306862,1.1130819543631316,92,1.0,1.1593527591805337
loading_focus_soft,sequence,0.0,reported,12,0.4555921256542206,0.08754582703113556,0.46097710728645325,0.24065956473350525,0.9542627883650953,0.8093839060083179,1.178998966104088,0.01695761131885799,1.1759635712104175,0.005131661662341004,0.19938320417241479,12,0.9002403846153846,8437,0.8748370273794003,1.0830918212100633,92,1.0,1.2355862359163359
loading_focus_soft,sequence,0.0,reported,20,0.4555921256542206,0.08754582703113556,0.46097710728645325,0.24065956473350525,0.9502507522567704,0.32628532686059447,2.912330632210027,0.04086932514278812,2.8341749698217216,0.052159257091298726,0.498720933713448,20,0.5060096153846154,8437,0.40701671210145784,1.2553123033071871,92,1.0,3.066512419312729
loading_focus_soft,sequence,0.0,reported,30,0.4555921256542206,0.08754582703113556,0.46097710728645325,0.24065956473350525,0.8818455366098295,0.21356516226361932,4.129163798360063,0.0569725246241576,3.9508874368049716,0.08216596219216665,0.6044533506679773,30,0.3894230769230769,8437,0.33922010193196633,1.6124577286678805,92,0.9565217391304348,4.483040869900236
loading_focus_soft,sequence,0.0,reported,50,0.4555921256542206,0.08754582703113556,0.46097710728645325,0.24065956473350525,0.831494483450351,0.11589587656400879,7.174495832827325,0.0949990832416575,6.587924389229293,0.14847633893146867,0.7123102600347745,50,0.24519230769230768,8437,0.2590968353680218,2.308011631727677,92,0.8478260869565217,7.327911743841343
loading_focus_soft,sequence,0.0,reported,80,0.4555921256542206,0.08754582703113556,0.46097710728645325,0.24065956473350525,0.7438314944834503,0.040309822694306906,18.452859495918947,0.21259029927760578,14.742550872431535,0.3153154954425411,0.8062195602415853,80,0.14783653846153846,8437,0.1953300936351784,5.370106861867886,92,0.6956521739130435,17.33374892656086
loading_focus_soft,sequence,0.0,pessimistic,8,0.5740240216255188,0.23305676877498627,0.5790128111839294,0.24065956473350525,0.8367101303911735,0.7648094719571719,1.094011202881687,0.015754485363550518,1.0925301047618776,0.0026955886151031664,0.10018769018450598,8,0.8713942307692307,8437,0.84544269290032,1.1083963658560836,92,0.9130434782608695,1.1938807137247898
loading_focus_soft,sequence,0.0,pessimistic,12,0.5740240216255188,0.23305676877498627,0.5790128111839294,0.24065956473350525,0.8345035105315948,0.7617482265028133,1.0955109332683335,0.01577574176324252,1.0940041774495257,0.0027383231549453243,0.12576970769569895,12,0.8713942307692307,8437,0.8447315396467939,1.1120139440534957,92,0.9130434782608695,1.1986801278145442
loading_focus_soft,sequence,0.0,pessimistic,20,0.5740240216255188,0.23305676877498627,0.5790128111839294,0.24065956473350525,0.8343029087261785,0.7493007270091074,1.113442011535694,0.016029816460721363,1.111623556911842,0.0032505574374065093,0.16931831725156116,20,0.8653846153846154,8437,0.8443759630200308,1.1305276552720411,92,0.9130434782608695,1.2185993414145124
loading_focus_soft,sequence,0.0,pessimistic,30,0.5740240216255188,0.23305676877498627,0.5790128111839294,0.24065956473350525,0.8337011033099297,0.7490365735183191,1.11303123610364,0.016023997439861815,1.111220023865691,0.003238783737584417,0.18174965719299496,30,0.8653846153846154,8437,0.8442574374777765,1.1307744849706576,92,0.9130434782608695,1.2190292313127462
loading_focus_soft,sequence,0.0,pessimistic,50,0.5740240216255188,0.23305676877498627,0.5790128111839294,0.24065956473350525,0.8288866599799398,0.7486873039027211,1.1071199627122823,0.015940251062811998,1.1054124436128097,0.0030696311792657595,0.19683962910624836,50,0.8653846153846154,8437,0.8442574374777765,1.1313171553033747,92,0.9130434782608695,1.2195981071589208
loading_focus_soft,sequence,0.0,pessimistic,80,0.5740240216255188,0.23305676877498627,0.5790128111839294,0.24065956473350525,0.8234704112337011,0.7482294378520212,1.1005586917265349,0.015847279325187716,1.098965110050169,0.002881844019718313,0.21367210809269147,80,0.8653846153846154,8437,0.8439018608510134,1.1315388681344967,92,0.9130434782608695,1.2203446650986836
loading_focus_soft,sequence,0.25,optimistic,8,0.3956776261329651,0.05418584123253822,0.40067407488822937,0.21187636256217957,0.970912738214644,0.8784805891209853,1.1052182031547755,0.0159133053644936,1.10354383375807,0.003023890724401413,0.12647209776565807,8,0.9375,8437,0.9745170084153135,1.1124089253835288,92,1.0,1.138371611143789
loading_focus_soft,sequence,0.25,optimistic,12,0.3956776261329651,0.05418584123253822,0.40067407488822937,0.21187636256217957,0.9695085255767302,0.42114871548027505,2.3020574204319,0.03258429238890799,2.2596308007373995,0.03615579967676823,0.38548284361579854,12,0.546875,8437,0.4228991347635415,1.004262282589021,92,1.0,2.375339962900459
loading_focus_soft,sequence,0.25,optimistic,20,0.3956776261329651,0.05418584123253822,0.40067407488822937,0.21187636256217957,0.9695085255767302,0.29394413447173706,3.298274780407122,0.046036024880218705,3.192471345434721,0.062074396712986014,0.5284602980767694,20,0.46634615384615385,8437,0.40559440559440557,1.3932726358911125,92,1.0,3.4042155549781126
loading_focus_soft,sequence,0.25,optimistic,30,0.3956776261329651,0.05418584123253822,0.40067407488822937,0.21187636256217957,0.9005015045135406,0.1152002723715994,7.816834856160838,0.10263151878186516,7.117212741587895,0.16258188704152476,0.6876594163899516,30,0.20673076923076922,8437,0.23776223776223776,2.1212063631782243,92,1.0,8.698580111343787
loading_focus_soft,sequence,0.25,optimistic,50,0.3956776261329651,0.05418584123253822,0.40067407488822937,0.21187636256217957,0.8896690070210632,0.06501991423816665,13.683023385146639,0.1668045734918008,11.567437078800715,0.26303777531812544,0.7967915208215544,50,0.19230769230769232,8437,0.22816166883963493,3.747883644058773,92,1.0,15.439871266035086
loading_focus_soft,sequence,0.25,optimistic,80,0.3956776261329651,0.05418584123253822,0.40067407488822937,0.21187636256217957,0.848345035105316,0.01845845892853474,45.95968918043685,0.402072637383533,27.882628375714706,0.5365026988646416,0.8938706975790727,80,0.08173076923076923,8437,0.1140215716486903,7.112146367185455,92,0.782608695652174,42.87781748501654
loading_focus_soft,sequence,0.25,reported,8,0.5063344836235046,0.07168705016374588,0.5126938819885254,0.21187636256217957,0.9699097291875627,0.78743568596259,1.2317319959939457,0.017702646792836927,1.2276297263182656,0.006635181916075531,0.200242314836267,8,0.8870192307692307,8437,0.9186914780135119,1.171646607451002,92,1.0,1.270037584453161
loading_focus_soft,sequence,0.25,reported,12,0.5063344836235046,0.07168705016374588,0.5126938819885254,0.21187636256217957,0.9691073219658977,0.6859772651895595,1.412739708943706,0.020251434703690195,1.4043811376784123,0.01175588230759847,0.2980848798469768,12,0.828125,8437,0.8748370273794003,1.284293022569963,92,1.0,1.4579545259985962
loading_focus_soft,sequence,0.25,reported,20,0.5063344836235046,0.07168705016374588,0.5126938819885254,0.21187636256217957,0.9675025075225677,0.28447569934636685,3.401002299126342,0.04740188899918425,3.2871902546563687,0.06466026565524564,0.5409384412492851,20,0.42788461538461536,8437,0.407727865354984,1.449203807421184,92,1.0,3.517628469927297
loading_focus_soft,sequence,0.25,reported,30,0.5063344836235046,0.07168705016374588,0.5126938819885254,0.21187636256217957,0.9081243731193581,0.14870080508113914,6.107057541644355,0.08202424308311138,5.688155012409081,0.12737670146754665,0.6799827389571588,30,0.2932692307692308,8437,0.35771008652364583,2.49460104289044,92,1.0,6.735327849402832
loading_focus_soft,sequence,0.25,reported,50,0.5063344836235046,0.07168705016374588,0.5126938819885254,0.21187636256217957,0.8718154463390171,0.09175811758352387,9.501235087407249,0.12204779690527676,8.463678074015355,0.1937225163204742,0.7590162084185691,50,0.22596153846153846,8437,0.2349176247481332,2.6657907464076094,92,1.0,10.927432549485099
loading_focus_soft,sequence,0.25,reported,80,0.5063344836235046,0.07168705016374588,0.5126938819885254,0.21187636256217957,0.8222668004012036,0.022253464079527812,36.95005853752235,0.3509117370088177,24.334761050551705,0.4814171092839712,0.8774266493451266,80,0.08413461538461539,8437,0.08735332464146023,4.240356258862901,92,0.782608695652174,35.495524807503045
loading_focus_soft,sequence,0.25,pessimistic,8,0.607554018497467,0.18264363706111908,0.6137709021568298,0.21187636256217957,0.8415245737211635,0.7474134970693638,1.1259156772266126,0.016206484911936395,1.1238750267034632,0.00360716485566839,0.12221184673687546,8,0.8617788461538461,8437,0.8440203863932677,1.132973364420766,92,0.9130434782608695,1.221677337771201
loading_focus_soft,sequence,0.25,pessimistic,12,0.607554018497467,0.18264363706111908,0.6137709021568298,0.21187636256217957,0.8415245737211635,0.7443933421580167,1.1304837457056787,0.016271168033263776,1.128360622753692,0.00373749260474236,0.15441165620305142,12,0.8617788461538461,8437,0.843783335308759,1.1373740951724216,92,0.9130434782608695,1.226635572916747
loading_focus_soft,sequence,0.25,pessimistic,20,0.607554018497467,0.18264363706111908,0.6137709021568298,0.21187636256217957,0.8391173520561686,0.7430373542386363,1.1293070897034267,0.016254507585177817,1.1272052666330252,0.003703718784759354,0.17803056599408562,20,0.8617788461538461,8437,0.8435462842242504,1.1391803825507982,92,0.9130434782608695,1.2288748346224236
loading_focus_soft,sequence,0.25,pessimistic,30,0.607554018497467,0.18264363706111908,0.6137709021568298,0.21187636256217957,0.8373119358074222,0.7426029684982287,1.1275364782081658,0.01622943616901321,1.1254666330758656,0.0036530529797530204,0.1938532609986686,30,0.8617788461538461,8437,0.8435462842242504,1.1398660329746257,92,0.9130434782608695,1.2295939039087613
loading_focus_soft,sequence,0.25,pessimistic,50,0.607554018497467,0.18264363706111908,0.6137709021568298,0.21187636256217957,0.835506519558676,0.7416138604271656,1.1266058580369962,0.016216258307668947,1.1245527847398042,0.0036263500230067705,0.2274249880660263,50,0.8617788461538461,8437,0.8428351309707242,1.1404402105681444,92,0.9130434782608695,1.2312343879526633
loading_focus_soft,sequence,0.25,pessimistic,80,0.607554018497467,0.18264363706111908,0.6137709021568298,0.21187636256217957,0.8140421263791374,0.6626671871468781,1.2284328274710659,0.01765606780486956,1.2243996019803787,0.006518380063575709,0.312769894186273,80,0.8149038461538461,8437,0.8186559203508356,1.2428237513359628,92,0.9130434782608695,1.377971751671463
loading_focus_soft,sequence,0.5,optimistic,8,0.457990825176239,0.04382212087512016,0.4640505909919739,0.18309319019317627,0.9957873620862587,0.7367387610027266,1.3516152736839284,0.019392215767699693,1.3447966744294308,0.010038080936323024,0.24855704540595264,8,0.8581730769230769,8437,0.7183833116036505,0.9744690696203834,92,1.0,1.357464242018468
loading_focus_soft,sequence,0.5,optimistic,12,0.457990825176239,0.04382212087512016,0.4640505909919739,0.18309319019317627,0.9947843530591776,0.22213254048152245,4.478336901485743,0.061494010565214155,4.264440015316404,0.09114214436810483,0.5571430804171261,12,0.33413461538461536,8437,0.25364466042432143,1.1459897733003954,92,1.0,4.506078765990661
loading_focus_soft,sequence,0.5,optimistic,20,0.457990825176239,0.04382212087512016,0.4640505909919739,0.18309319019317627,0.9947843530591776,0.13694597474105621,7.264064204443846,0.09607113797512495,6.66226842797368,0.15294243292700066,0.6540338939308997,20,0.24639423076923078,8437,0.12054047647267986,0.8775353025608701,92,0.782608695652174,5.722012391962304
loading_focus_soft,sequence,0.5,optimistic,30,0.457990825176239,0.04382212087512016,0.4640505909919739,0.18309319019317627,0.9915747241725176,0.07569465030480378,13.099667151901613,0.1608368854325969,11.153594372418658,0.25837562179313966,0.7510319087175048,30,0.1466346153846154,8437,0.11508830152897949,1.5407893268157513,92,0.782608695652174,10.36516802645415
loading_focus_soft,sequence,0.5,optimistic,50,0.457990825176239,0.04382212087512016,0.4640505909919739,0.18309319019317627,0.9913741223671013,0.03545526854137378,27.961263957435218,0.29033016096815883,20.133595852768032,0.43656091522041657,0.8504199885528073,50,0.10336538461538461,8437,0.06507052269764134,1.8750535824157557,92,0.782608695652174,22.199482953393392
loading_focus_soft,sequence,0.5,optimistic,80,0.457990825176239,0.04382212087512016,0.4640505909919739,0.18309319019317627,0.9877632898696088,0.011619818555902215,85.00677399716199,0.554317235168299,38.440371299647,0.7046682474634247,0.9345341394865375,80,0.07091346153846154,8437,0.009126466753585397,0.781166309655032,92,0.782608695652174,68.58023959463542
loading_focus_soft,sequence,0.5,reported,8,0.5570766925811768,0.0558282770216465,0.5644106268882751,0.18309319019317627,0.9983951855566701,0.831775316910813,1.2003183615314266,0.017258957180308766,1.1968610755073257,0.00574390917144377,0.1746278389339599,8,0.9122596153846154,8437,0.8709256844850065,1.0483213397956546,92,1.0,1.2023134241430553
loading_focus_soft,sequence,0.5,reported,12,0.5570766925811768,0.0558282770216465,0.5644106268882751,0.18309319019317627,0.994383149448345,0.24488496115476166,4.060613378458622,0.05607973572268984,3.888974989045333,0.08108472125611484,0.526339911678141,12,0.38221153846153844,8437,0.3843783335308759,1.5926641858993198,92,1.0,4.0869539133460515
loading_focus_soft,sequence,0.5,reported,20,0.5570766925811768,0.0558282770216465,0.5644106268882751,0.18309319019317627,0.99358074222668,0.15606188235777535,6.3665818149551345,0.08521290322580645,5.909279798103989,0.13396002199860138,0.6513585337693617,20,0.2860576923076923,8437,0.34502785350242976,2.280969041496714,92,0.782608695652174,5.020176860722181
loading_focus_soft,sequence,0.5,reported,30,0.5570766925811768,0.0558282770216465,0.5644106268882751,0.18309319019317627,0.99358074222668,0.11048366504163352,8.993010340960986,0.11627852380505212,8.063594897755525,0.1872070057490453,0.7301458960110645,30,0.2403846153846154,8437,0.23799928884674648,2.2191939301884056,92,0.782608695652174,7.095136975442438
loading_focus_soft,sequence,0.5,reported,50,0.5570766925811768,0.0558282770216465,0.5644106268882751,0.18309319019317627,0.99358074222668,0.050230253792803874,19.78052403089835,0.22445280282775185,15.565182773589267,0.3509133524222606,0.8308068204550849,50,0.13341346153846154,8437,0.14009719094464856,2.9218336695921514,92,0.782608695652174,15.642025073603325
loading_focus_soft,sequence,0.5,reported,80,0.5570766925811768,0.0558282770216465,0.5644106268882751,0.18309319019317627,0.9715145436308926,0.012379993601615446,78.4745594298305,0.5344884670566162,37.06530092429368,0.6837067806091116,0.9267706812574924,80,0.07091346153846154,8437,0.03792817352139386,3.2330800227418224,92,0.782608695652174,64.29604228276601
loading_focus_soft,sequence,0.5,pessimistic,8,0.6410840153694153,0.1322305053472519,0.6485291123390198,0.18309319019317627,0.9103309929789368,0.8456375050996299,1.0765026237473763,0.015506259909244985,1.0753163541798103,0.0021981037939101463,0.11456971907474767,8,0.9194711538461539,8437,0.9062462960768045,1.0736261793784199,92,0.9130434782608695,1.079733491607724
loading_focus_soft,sequence,0.5,pessimistic,12,0.6410840153694153,0.1322305053472519,0.6485291123390198,0.18309319019317627,0.9001003009027081,0.8016442087282183,1.1228176928149798,0.016162613105872862,1.1208326379634552,0.0035232040332003342,0.15661284747706233,12,0.8954326923076923,8437,0.8940381652246059,1.1185289786052002,92,0.9130434782608695,1.1390062316531675
loading_focus_soft,sequence,0.5,pessimistic,20,0.6410840153694153,0.1322305053472519,0.6485291123390198,0.18309319019317627,0.8990972918756269,0.7419337796548982,1.2118295682585467,0.017421589243859493,1.2081391605306422,0.006060161084533075,0.2262031083092975,20,0.8617788461538461,8437,0.8160483584212398,1.1026907370722205,92,0.9130434782608695,1.230703307552163
loading_focus_soft,sequence,0.5,pessimistic,30,0.6410840153694153,0.1322305053472519,0.6485291123390198,0.18309319019317627,0.8890672016048144,0.6355679740307768,1.3988546275646077,0.020056385958719686,1.3908550452127504,0.011343658231823036,0.33047379713972297,30,0.7980769230769231,8437,0.724191063174114,1.1434878291401884,92,0.9130434782608695,1.4367482203340978
loading_focus_soft,sequence,0.5,pessimistic,50,0.6410840153694153,0.1322305053472519,0.6485291123390198,0.18309319019317627,0.883851554663992,0.16618483113254343,5.318485138749287,0.07219755190325594,5.006701083800996,0.10975476801559396,0.6362358977031595,50,0.30408653846153844,8437,0.21761289557899727,1.3198340287599843,92,0.9130434782608695,5.5008217012175935
loading_focus_soft,sequence,0.5,pessimistic,80,0.6410840153694153,0.1322305053472519,0.6485291123390198,0.18309319019317627,0.8828485456369107,0.05987479124536631,14.74491229571066,0.17745252207572276,12.305842943127193,0.2781743016614046,0.7798231624180362,80,0.13942307692307693,8437,0.1271779068389238,2.186470317017466,92,0.6956521739130435,11.651866041802073
loading_focus_soft,sequence,0.75,optimistic,8,0.5203039646148682,0.0334584042429924,0.5274271368980408,0.15430998802185059,0.9897693079237713,0.3624684850210296,2.730635486465388,0.03841751602027548,2.664148769938847,0.04752068057157085,0.41208485094364045,8,0.5204326923076923,8437,0.40251274149579236,1.1136003752489396,92,1.0,2.7601717920667723
loading_focus_soft,sequence,0.75,optimistic,12,0.5203039646148682,0.0334584042429924,0.5274271368980408,0.15430998802185059,0.989568706118355,0.16976557845211923,5.829030331949498,0.07858348997992799,5.449548275245975,0.12214933754208215,0.5873164813030538,12,0.2439903846153846,8437,0.18181818181818182,1.0729297342329471,92,0.782608695652174,4.614436658144469
loading_focus_soft,sequence,0.75,optimistic,20,0.5203039646148682,0.0334584042429924,0.5274271368980408,0.15430998802185059,0.9813440320962888,0.11337174320758649,8.655984324942622,0.11241067120108458,7.795369988270839,0.18050995319872434,0.6788738042367282,20,0.20793269230769232,8437,0.15669076686025837,1.3956377929962605,92,0.782608695652174,6.914055020213924
loading_focus_soft,sequence,0.75,optimistic,30,0.5203039646148682,0.0334584042429924,0.5274271368980408,0.15430998802185059,0.9813440320962888,0.07047615134233999,13.924483863050085,0.16924993080542486,11.73701586353303,0.2707696332579253,0.758151099439959,30,0.15865384615384615,8437,0.10667298802892024,1.5336042066598063,92,0.782608695652174,11.13497875122589
loading_focus_soft,sequence,0.75,optimistic,50,0.5203039646148682,0.0334584042429924,0.5274271368980408,0.15430998802185059,0.9765295887662989,0.025118061935188472,38.877585033670776,0.36258006852375985,25.14392765664788,0.518691663713374,0.8684924535675649,50,0.09134615384615384,8437,0.01671210145786417,0.6597358678638897,92,0.782608695652174,31.413079342958735
loading_focus_soft,sequence,0.75,optimistic,80,0.5203039646148682,0.0334584042429924,0.5274271368980408,0.15430998802185059,0.958876629889669,0.011605143361969529,82.62514300615554,0.5472864666819327,37.952806897909205,0.6911734923814112,0.9266311613971907,80,0.08052884615384616,8437,0.009007941211331041,0.771816569895258,92,0.782608695652174,68.66857066057389
loading_focus_soft,sequence,0.75,reported,8,0.6078190207481384,0.03996950387954712,0.6161273121833801,0.15430998802185059,0.9931795386158475,0.469779373134416,2.114140371871273,0.030004242167141384,2.080711434345458,0.031125476447225995,0.3745494476781821,8,0.6478365384615384,8437,0.5165343131444826,1.1023109830108337,92,0.782608695652174,1.6662065749363875
loading_focus_soft,sequence,0.75,reported,12,0.6078190207481384,0.03996950387954712,0.6161273121833801,0.15430998802185059,0.9899699097291875,0.15614112840501188,6.340225152986733,0.0848900815357622,5.886893004330361,0.13335082645858803,0.6048375182724129,12,0.23918269230769232,8437,0.13713405238828968,0.8755635856282726,92,0.782608695652174,5.017625525709109
loading_focus_soft,sequence,0.75,reported,20,0.6078190207481384,0.03996950387954712,0.6161273121833801,0.15430998802185059,0.9899699097291875,0.12925910815911432,7.658801950811563,0.1007656967840735,6.987823132490887,0.16095030292411158,0.6650965265087658,20,0.22235576923076922,8437,0.13713405238828968,1.0625674538457328,92,0.782608695652174,6.06285005695842
loading_focus_soft,sequence,0.75,reported,30,0.6078190207481384,0.03996950387954712,0.6161273121833801,0.15430998802185059,0.9819458375125376,0.07372523927903707,13.318991530106064,0.16309055773972148,11.309880330670161,0.26145619998363623,0.7549983092728733,30,0.17067307692307693,8437,0.1059618347753941,1.4533895846505385,92,0.782608695652174,10.642847099626614
loading_focus_soft,sequence,0.75,reported,50,0.6078190207481384,0.03996950387954712,0.6161273121833801,0.15430998802185059,0.9819458375125376,0.028296708941008657,34.70176830668335,0.3367501375894331,23.352693192400533,0.49057093990460166,0.8600144399494849,50,0.09134615384615384,8437,0.03306862628896527,1.1736642524609748,92,0.782608695652174,27.857810774829954
loading_focus_soft,sequence,0.75,reported,80,0.6078190207481384,0.03996950387954712,0.6161273121833801,0.15430998802185059,0.9769307923771314,0.011549377625025314,84.58731059761242,0.5530948324815446,38.35560104504313,0.7007992108770367,0.9296026755215635,80,0.0673076923076923,8437,0.009007941211331041,0.775616651478054,92,0.782608695652174,69.00631408344495
loading_focus_soft,sequence,0.75,pessimistic,8,0.6746140122413635,0.0818173885345459,0.6832873225212097,0.15430998802185059,0.9831494483450351,0.5945918975319259,1.6534861178330238,0.023620984649492735,1.6380501322750332,0.018490624646468234,0.2958294132559285,8,0.7560096153846154,8437,0.7093753703923196,1.1989226385777016,92,0.782608695652174,1.3163239279862322
loading_focus_soft,sequence,0.75,pessimistic,12,0.6746140122413635,0.0818173885345459,0.6832873225212097,0.15430998802185059,0.9831494483450351,0.20193947363014403,4.868535262925821,0.06649571258004992,4.611294253976517,0.1002614114685778,0.5449360075043779,12,0.2668269230769231,8437,0.23456204812137016,1.166330509659406,92,0.782608695652174,3.8784739244932833
loading_focus_soft,sequence,0.75,pessimistic,20,0.6746140122413635,0.0818173885345459,0.6832873225212097,0.15430998802185059,0.9650952858575728,0.11207445606393689,8.611197589100941,0.11189412968648246,7.759549258996638,0.1793282812155664,0.6709975001860061,20,0.18509615384615385,8437,0.11781438900082968,1.0525841814111392,92,0.782608695652174,6.994237958291078
loading_focus_soft,sequence,0.75,pessimistic,30,0.6746140122413635,0.0818173885345459,0.6832873225212097,0.15430998802185059,0.9578736208625878,0.0902759229963224,10.610510411525885,0.13438212365969662,9.319029612971411,0.2158653112504176,0.7198344997300766,30,0.18389423076923078,8437,0.11734028683181226,1.3097664091223322,92,0.782608695652174,8.687068738328483
loading_focus_soft,sequence,0.75,pessimistic,50,0.6746140122413635,0.0818173885345459,0.6832873225212097,0.15430998802185059,0.9578736208625878,0.029147870189104547,32.862559584907174,0.32469740242078066,22.51686925321047,0.47365617063630755,0.8503983735496466,50,0.08052884615384616,8437,0.07561929595827901,2.703790589179081,92,0.782608695652174,27.03838029255988
loading_focus_soft,sequence,0.75,pessimistic,80,0.6746140122413635,0.0818173885345459,0.6832873225212097,0.15430998802185059,0.9522567703109328,0.012200956235636653,78.04771625436811,0.5331311769991015,36.97117660258403,0.6776016877637646,0.9169270357178287,80,0.0673076923076923,8437,0.035320611591798036,3.0412337123744755,92,0.782608695652174,65.256154542068
loading_focus_soft,sequence,1.0,optimistic,8,0.5826172232627869,0.02309468388557434,0.5908036231994629,0.1255268007516861,0.9835506519558675,0.43488176196248435,2.2616507243656607,0.03203067837357584,2.2212391957937156,0.035090241893949284,0.3491523453375995,8,0.49158653846153844,8437,0.6112362214057129,1.420145891473176,92,1.0,2.3002829608919684
loading_focus_soft,sequence,1.0,optimistic,12,0.5826172232627869,0.02309468388557434,0.5908036231994629,0.1255268007516861,0.9825476429287864,0.18817120668249632,5.22156210958806,0.07097522098246631,4.9219358059688405,0.10840574765277754,0.5646288154104199,12,0.2776442307692308,8437,0.2775868199597013,1.4931986889313549,92,0.782608695652174,4.162576378893626
loading_focus_soft,sequence,1.0,optimistic,20,0.5826172232627869,0.02309468388557434,0.5908036231994629,0.1255268007516861,0.9793380140421264,0.10590500453463493,9.24732516981146,0.1191749054070548,8.264450972837956,0.19170943624440093,0.6883962230179237,20,0.18870192307692307,8437,0.1367784757615266,1.3011518009443581,92,0.782608695652174,7.4024989948723405
loading_focus_soft,sequence,1.0,optimistic,30,0.5826172232627869,0.02309468388557434,0.5908036231994629,0.1255268007516861,0.9769307923771314,0.05750034486705742,16.98999883628221,0.1990924328522955,13.806511066661413,0.3143482023902945,0.7727351938776276,30,0.13221153846153846,8437,0.07087827426810478,1.2399835573190254,92,0.782608695652174,13.65702091830257
loading_focus_soft,sequence,1.0,optimistic,50,0.5826172232627869,0.02309468388557434,0.5908036231994629,0.1255268007516861,0.9737211634904714,0.039033080822163065,24.946049427325516,0.26739381920343747,18.54302381611866,0.4061322034851627,0.8410647387568233,50,0.13221153846153846,8437,0.06507052269764134,1.6957837536342022,92,0.782608695652174,20.153579141479383
loading_focus_soft,sequence,1.0,optimistic,80,0.5826172232627869,0.02309468388557434,0.5908036231994629,0.1255268007516861,0.9566700100300902,0.012013113753298249,79.63547417233376,0.5381403746332656,37.31855064176958,0.6829616728448661,0.9221189400779873,80,0.08052884615384616,8437,0.009007941211331041,0.7451094493536994,92,0.782608695652174,66.29480012542845
loading_focus_soft,sequence,1.0,reported,8,0.6585612893104553,0.02411072887480259,0.6678440570831299,0.1255268007516861,0.9833500501504514,0.45199597312678486,2.1755725904987693,0.030849202653207636,2.139307113420916,0.0327750776376877,0.37375594804000795,8,0.6189903846153846,8437,0.43368495910868793,0.9585025781581882,92,0.782608695652174,1.731792729746036
loading_focus_soft,sequence,1.0,reported,12,0.6585612893104553,0.02411072887480259,0.6678440570831299,0.1255268007516861,0.9833500501504514,0.16838904526123313,5.839750730963021,0.07871663936795452,5.458781818043009,0.12232857524804558,0.5969463301662997,12,0.2824519230769231,8437,0.20907905653668366,1.2493082727605744,92,0.782608695652174,4.652205781925791
loading_focus_soft,sequence,1.0,reported,20,0.6585612893104553,0.02411072887480259,0.6678440570831299,0.1255268007516861,0.9801404212637914,0.10033430091778663,9.76874720108842,0.12505438816513526,8.672176884881564,0.201382331908071,0.6919523917176825,20,0.1778846153846154,8437,0.15550551143771482,1.5718199831915327,92,0.782608695652174,7.814363770537562
loading_focus_soft,sequence,1.0,reported,30,0.6585612893104553,0.02411072887480259,0.6678440570831299,0.1255268007516861,0.9753259779338014,0.059730974344825966,16.328646713567068,0.19283702851703485,13.372716030135381,0.3052795716936536,0.7689253553783106,30,0.13221153846153846,8437,0.09458338271897594,1.6073031713581043,92,0.782608695652174,13.145194107418899
loading_focus_soft,sequence,1.0,reported,50,0.6585612893104553,0.02411072887480259,0.6678440570831299,0.1255268007516861,0.9737211634904714,0.030271990044348437,32.16574668741536,0.3200158227848101,22.19221461853916,0.4702151157254004,0.8529883241567082,50,0.09495192307692307,8437,0.06507052269764134,2.214156974791201,92,0.782608695652174,26.027278979139606
loading_focus_soft,sequence,1.0,reported,80,0.6585612893104553,0.02411072887480259,0.6678440570831299,0.1255268007516861,0.957271815446339,0.011772440572802169,81.31464410684059,0.5433223272230445,37.67790476062138,0.687451327152767,0.9242628294747162,80,0.08052884615384616,8437,0.009007941211331041,0.7606365077646278,92,0.782608695652174,67.67488989701647
loading_focus_soft,sequence,1.0,pessimistic,8,0.708143949508667,0.031404271721839905,0.7180454134941101,0.1255268007516861,0.9891675025075226,0.5020765399414753,1.9701528030423912,0.028018000613657282,1.9429710612114077,0.02720966045664694,0.3342217791374822,8,0.6598557692307693,8437,0.4509896882778239,0.8959341118680462,92,0.782608695652174,1.5589790767019773
loading_focus_soft,sequence,1.0,pessimistic,12,0.708143949508667,0.031404271721839905,0.7180454134941101,0.1255268007516861,0.9881644934804413,0.18280008570313255,5.405711324912731,0.07329484585168432,5.082795392486231,0.11264295358945069,0.5766178736901535,12,0.2932692307692308,8437,0.25542254355813676,1.4115167934245236,92,0.782608695652174,4.285024775829414
loading_focus_soft,sequence,1.0,pessimistic,20,0.708143949508667,0.031404271721839905,0.7180454134941101,0.1255268007516861,0.9849548645937813,0.09895483268811398,9.953580212683134,0.12711974110032362,8.815403414125871,0.20486710319815005,0.68902323537339,20,0.16706730769230768,8437,0.1306151475643001,1.330758211197383,92,0.782608695652174,7.923532125682842
loading_focus_soft,sequence,1.0,pessimistic,30,0.708143949508667,0.031404271721839905,0.7180454134941101,0.1255268007516861,0.9849548645937813,0.05429234747337186,18.14168866205059,0.20975734791524264,14.546093509510074,0.3299277044773603,0.7779402660240338,30,0.13221153846153846,8437,0.06151475643001067,1.1368682450650962,92,0.782608695652174,14.467132926535754
loading_focus_soft,sequence,1.0,pessimistic,50,0.708143949508667,0.031404271721839905,0.7180454134941101,0.1255268007516861,0.9833500501504514,0.026805709237447573,36.68435113728353,0.34926968293551836,24.220889129804803,0.504921386259194,0.863119691547498,50,0.08052884615384616,8437,0.05369207064122318,2.0553547327467503,92,0.782608695652174,29.419643671156365
loading_focus_soft,sequence,1.0,pessimistic,80,0.708143949508667,0.031404271721839905,0.7180454134941101,0.1255268007516861,0.9568706118355065,0.010874318704121675,87.99361485265513,0.5628318584070796,39.03083693558551,0.7033803564032818,0.9252879347368992,80,0.0673076923076923,8437,0.009007941211331041,0.824773948209923,92,0.782608695652174,73.37500448784691
loading_focus_soft,settings_all,0.0,optimistic,8,0.33336445689201355,0.06454956531524658,0.33729755878448486,0.24065956473350525,0.9811434302908726,0.9169706877676389,1.0699834175500875,0.015413802775177822,1.0689047069544377,0.0020136773789936825,0.09725366520759626,8,0.9579326923076923,8437,0.975346687211094,1.065383967239151,92,1.0,1.0905740722953288
loading_focus_soft,settings_all,0.0,optimistic,12,0.33336445689201355,0.06454956531524658,0.33729755878448486,0.24065956473350525,0.9731193580742227,0.4721097939309268,2.06121408745144,0.029275092936802975,2.0301469464154547,0.029672922282246866,0.33827793207058043,12,0.5997596153846154,8437,0.4573900675595591,0.9680550040656645,92,1.0,2.1187912491213665
loading_focus_soft,settings_all,0.0,optimistic,20,0.33336445689201355,0.06454956531524658,0.33729755878448486,0.24065956473350525,0.8764292878635908,0.17129766869869184,5.1164110668966964,0.06964547599311356,4.829721658759355,0.105128489790582,0.5694983460233028,20,0.2848557692307692,8437,0.28552803129074317,1.6955631602584336,92,0.8913043478260869,5.20916243118982
loading_focus_soft,settings_all,0.0,optimistic,30,0.33336445689201355,0.06454956531524658,0.33729755878448486,0.24065956473350525,0.841925777331996,0.13536105379632593,6.219852414852049,0.08341283090865728,5.784449748003849,0.12893008428238908,0.6345087745303079,30,0.28125,8437,0.2414365295721228,1.8198602927963234,92,0.7608695652173914,5.628062073764525
loading_focus_soft,settings_all,0.0,optimistic,50,0.33336445689201355,0.06454956531524658,0.33729755878448486,0.24065956473350525,0.7979939819458375,0.07559779402484804,10.555783964854147,0.13378173869177737,9.277394571472952,0.20962557324682343,0.7398858516995778,50,0.22716346153846154,8437,0.24036979969183359,3.365866021442299,92,0.7608695652173914,10.089408277914222
loading_focus_soft,settings_all,0.0,optimistic,80,0.33336445689201355,0.06454956531524658,0.33729755878448486,0.24065956473350525,0.7317953861584754,0.024848038366827016,29.450831303264863,0.3011391778107974,20.88317135656598,0.4147332627022675,0.8286352452412578,80,0.09134615384615384,8437,0.11473272490221642,5.084382693272747,92,0.6956521739130435,28.201898098796352
loading_focus_soft,settings_all,0.0,reported,8,0.4555921256542206,0.08754582703113556,0.46097710728645325,0.24065956473350525,0.9590772316950853,0.8625873540918844,1.1118609925655398,0.016007419460682886,1.110070386736255,0.0032135144812237464,0.14316218507872197,8,0.9290865384615384,8437,0.9574493303306862,1.1130819543631316,92,1.0,1.1593527591805337
loading_focus_soft,settings_all,0.0,reported,12,0.4555921256542206,0.08754582703113556,0.46097710728645325,0.24065956473350525,0.9542627883650953,0.8093839060083179,1.178998966104088,0.01695761131885799,1.1759635712104175,0.005131661662341004,0.19938320417241479,12,0.9002403846153846,8437,0.8748370273794003,1.0830918212100633,92,1.0,1.2355862359163359
loading_focus_soft,settings_all,0.0,reported,20,0.4555921256542206,0.08754582703113556,0.46097710728645325,0.24065956473350525,0.9502507522567704,0.32628532686059447,2.912330632210027,0.04086932514278812,2.8341749698217216,0.052159257091298726,0.498720933713448,20,0.5060096153846154,8437,0.40701671210145784,1.2553123033071871,92,1.0,3.066512419312729
loading_focus_soft,settings_all,0.0,reported,30,0.4555921256542206,0.08754582703113556,0.46097710728645325,0.24065956473350525,0.8818455366098295,0.21356516226361932,4.129163798360063,0.0569725246241576,3.9508874368049716,0.08216596219216665,0.6044533506679773,30,0.3894230769230769,8437,0.33922010193196633,1.6124577286678805,92,0.9565217391304348,4.483040869900236
loading_focus_soft,settings_all,0.0,reported,50,0.4555921256542206,0.08754582703113556,0.46097710728645325,0.24065956473350525,0.831494483450351,0.11589587656400879,7.174495832827325,0.0949990832416575,6.587924389229293,0.14847633893146867,0.7123102600347745,50,0.24519230769230768,8437,0.2590968353680218,2.308011631727677,92,0.8478260869565217,7.327911743841343
loading_focus_soft,settings_all,0.0,reported,80,0.4555921256542206,0.08754582703113556,0.46097710728645325,0.24065956473350525,0.7438314944834503,0.040309822694306906,18.452859495918947,0.21259029927760578,14.742550872431535,0.3153154954425411,0.8062195602415853,80,0.14783653846153846,8437,0.1953300936351784,5.370106861867886,92,0.6956521739130435,17.33374892656086
loading_focus_soft,settings_all,0.0,pessimistic,8,0.5740240216255188,0.23305676877498627,0.5790128111839294,0.24065956473350525,0.8367101303911735,0.7648094719571719,1.094011202881687,0.015754485363550518,1.0925301047618776,0.0026955886151031664,0.10018769018450598,8,0.8713942307692307,8437,0.84544269290032,1.1083963658560836,92,0.9130434782608695,1.1938807137247898
loading_focus_soft,settings_all,0.0,pessimistic,12,0.5740240216255188,0.23305676877498627,0.5790128111839294,0.24065956473350525,0.8345035105315948,0.7617482265028133,1.0955109332683335,0.01577574176324252,1.0940041774495257,0.0027383231549453243,0.12576970769569895,12,0.8713942307692307,8437,0.8447315396467939,1.1120139440534957,92,0.9130434782608695,1.1986801278145442
loading_focus_soft,settings_all,0.0,pessimistic,20,0.5740240216255188,0.23305676877498627,0.5790128111839294,0.24065956473350525,0.8343029087261785,0.7493007270091074,1.113442011535694,0.016029816460721363,1.111623556911842,0.0032505574374065093,0.16931831725156116,20,0.8653846153846154,8437,0.8443759630200308,1.1305276552720411,92,0.9130434782608695,1.2185993414145124
loading_focus_soft,settings_all,0.0,pessimistic,30,0.5740240216255188,0.23305676877498627,0.5790128111839294,0.24065956473350525,0.8337011033099297,0.7490365735183191,1.11303123610364,0.016023997439861815,1.111220023865691,0.003238783737584417,0.18174965719299496,30,0.8653846153846154,8437,0.8442574374777765,1.1307744849706576,92,0.9130434782608695,1.2190292313127462
loading_focus_soft,settings_all,0.0,pessimistic,50,0.5740240216255188,0.23305676877498627,0.5790128111839294,0.24065956473350525,0.8288866599799398,0.7486873039027211,1.1071199627122823,0.015940251062811998,1.1054124436128097,0.0030696311792657595,0.19683962910624836,50,0.8653846153846154,8437,0.8442574374777765,1.1313171553033747,92,0.9130434782608695,1.2195981071589208
loading_focus_soft,settings_all,0.0,pessimistic,80,0.5740240216255188,0.23305676877498627,0.5790128111839294,0.24065956473350525,0.8234704112337011,0.7482294378520212,1.1005586917265349,0.015847279325187716,1.098965110050169,0.002881844019718313,0.21367210809269147,80,0.8653846153846154,8437,0.8439018608510134,1.1315388681344967,92,0.9130434782608695,1.2203446650986836
loading_focus_soft,settings_all,0.25,optimistic,8,0.33360856771469116,0.053550153970718384,0.33770614862442017,0.29556089639663696,0.970912738214644,0.8787506126893467,1.1048785903468588,0.01590849329476729,1.1032101299955612,0.003014160377887772,0.12222351458011603,8,0.9375,8437,0.9738058551617874,1.1112230298300312,92,1.0,1.138021703395833
loading_focus_soft,settings_all,0.25,optimistic,12,0.33360856771469116,0.053550153970718384,0.33770614862442017,0.29556089639663696,0.9703109327983952,0.8666553178500254,1.1196041988244136,0.016117101387463514,1.117676525825594,0.003435855296362949,0.14987273380391436,12,0.9314903846153846,8437,0.9619533009363518,1.1130684354019331,92,1.0,1.1539092168693066
loading_focus_soft,settings_all,0.25,optimistic,20,0.33360856771469116,0.053550153970718384,0.33770614862442017,0.29556089639663696,0.9410230692076229,0.24707450008951867,3.8086612291704594,0.05278377891799442,3.6604094757943826,0.07469172496061319,0.5401668945065415,20,0.41466346153846156,8437,0.3980087708901268,1.6362664877416824,92,1.0,4.050696286077846
loading_focus_soft,settings_all,0.25,optimistic,30,0.33360856771469116,0.053550153970718384,0.33770614862442017,0.29556089639663696,0.8848545636910732,0.11882211023418675,7.446884775460656,0.09825147566544158,6.813468832826578,0.15492804091578288,0.6781412036085991,30,0.22956730769230768,8437,0.2349176247481332,2.02734971808117,92,0.782608695652174,6.5963424553189105
loading_focus_soft,settings_all,0.25,optimistic,50,0.33360856771469116,0.053550153970718384,0.33770614862442017,0.29556089639663696,0.8720160481444333,0.0886821969352325,9.833045168933909,0.12577397141369134,8.72207799836057,0.19966732613119823,0.7561740772995328,50,0.21875,8437,0.2295839753466872,2.6976726014691685,92,0.782608695652174,8.843558746785252
loading_focus_soft,settings_all,0.25,optimistic,80,0.33360856771469116,0.053550153970718384,0.33770614862442017,0.29556089639663696,0.8276830491474423,0.020756594298393653,39.87566733004443,0.36845865333095196,25.551591298274175,0.49993838461820056,0.878662798316344,80,0.08052884615384616,8437,0.1140215716486903,6.200720736169709,92,0.782608695652174,38.08162732919255
loading_focus_soft,settings_all,0.25,reported,8,0.4942653179168701,0.0717056468129158,0.5004478693008423,0.29556089639663696,0.9791374122367101,0.8348453674815313,1.1728368514404806,0.016870476493318864,1.1699210114010747,0.004958150837844099,0.16258557913962812,8,0.9134615384615384,8437,0.919047054640275,1.103685540099617,92,1.0,1.1978906203292432
loading_focus_soft,settings_all,0.25,reported,12,0.4942653179168701,0.0717056468129158,0.5004478693008423,0.29556089639663696,0.9791374122367101,0.7910223033597389,1.2378126483640004,0.01778848431617655,1.2335823217983888,0.006809274671339195,0.21378301401167563,12,0.8894230769230769,8437,0.8676069693018845,1.0995203406606444,92,1.0,1.26427707131669
loading_focus_soft,settings_all,0.25,reported,20,0.4942653179168701,0.0717056468129158,0.5004478693008423,0.29556089639663696,0.9638916750250752,0.2674436692680894,3.604092322181148,0.0500906949106603,3.473651528151579,0.06972842788718943,0.5497838486540779,20,0.4362980769230769,8437,0.3946900557070049,1.493834716200856,92,1.0,3.7418734688945277
loading_focus_soft,settings_all,0.25,reported,30,0.4942653179168701,0.0717056468129158,0.5004478693008423,0.29556089639663696,0.9081243731193581,0.16183510365089473,5.61141774950343,0.07587235611571079,5.261538619814796,0.11652925535632111,0.6590111476880051,30,0.3088942307692308,8437,0.35771008652364583,2.28041981714775,92,1.0,6.187784983741167
loading_focus_soft,settings_all,0.25,reported,50,0.4942653179168701,0.0717056468129158,0.5004478693008423,0.29556089639663696,0.8866599799398195,0.10650668748587512,8.32492307168419,0.1085781664537683,7.529596355145815,0.17219551401680022,0.7505066108816314,50,0.23076923076923078,8437,0.23835486547350954,2.310561734409222,92,0.782608695652174,7.360597285850117
loading_focus_soft,settings_all,0.25,reported,80,0.4942653179168701,0.0717056468129158,0.5004478693008423,0.29556089639663696,0.8449348044132398,0.02338638905113131,36.129340128820196,0.3458128078817734,23.981164379839022,0.4801270772946875,0.8742208534519156,80,0.07932692307692307,8437,0.17008415313500058,8.650626342993906,92,0.782608695652174,33.76030791595084
loading_focus_soft,settings_all,0.25,pessimistic,8,0.6291694641113281,0.18754765391349792,0.6356309056282043,0.29556089639663696,0.8439317953861585,0.7685633865651534,1.098064011555169,0.015811925657264202,1.0965134306948054,0.0028118952588895804,0.1171843324803072,8,0.875,8437,0.8447315396467939,1.1018773828257997,92,0.9130434782608695,1.1880475391816572
loading_focus_soft,settings_all,0.25,pessimistic,12,0.6291694641113281,0.18754765391349792,0.6356309056282043,0.29556089639663696,0.8439317953861585,0.7673688257790326,1.099773364560906,0.01583615023827628,1.0981933385699412,0.0028607560104471318,0.1358876287892036,12,0.875,8437,0.8444944885622852,1.1033223567096746,92,0.9130434782608695,1.1898975636623563
loading_focus_soft,settings_all,0.25,pessimistic,20,0.6291694641113281,0.18754765391349792,0.6356309056282043,0.29556089639663696,0.8415245737211635,0.7555318143529267,1.1138175226173435,0.016035135868630382,1.1119924431779435,0.0032618218953327214,0.16967274158126217,20,0.8689903846153846,8437,0.8443759630200308,1.120938491280325,92,0.9130434782608695,1.2085459228929685
loading_focus_soft,settings_all,0.25,pessimistic,30,0.6291694641113281,0.18754765391349792,0.6356309056282043,0.29556089639663696,0.8415245737211635,0.746764853497539,1.1268936530419302,0.016220333609149894,1.1248353956567063,0.0036350698110738837,0.19338498689229852,30,0.8641826923076923,8437,0.8442574374777765,1.1343134705730937,92,0.9130434782608695,1.222738843083422
loading_focus_soft,settings_all,0.25,pessimistic,50,0.6291694641113281,0.18754765391349792,0.6356309056282043,0.29556089639663696,0.8415245737211635,0.7395182427335777,1.137936192906515,0.016376675242136658,1.1356772566711482,0.003950031973890142,0.23375710004471997,50,0.8605769230769231,8437,0.8436648097665047,1.1449244457710035,92,0.9130434782608695,1.2347245750789633
loading_focus_soft,settings_all,0.25,pessimistic,80,0.6291694641113281,0.18754765391349792,0.6356309056282043,0.29556089639663696,0.8240722166499499,0.6728723170076693,1.224708159067506,0.01760347612946354,1.2207525143532654,0.0064145570232995155,0.30436306091017745,80,0.8209134615384616,8437,0.8262415550551144,1.235080286770002,92,0.9130434782608695,1.357065058501028
loading_focus_soft,settings_all,0.5,optimistic,8,0.33385270833969116,0.042550746351480484,0.33811476826667786,0.3504622280597687,0.9993981945837512,0.8756600168471226,1.141308470589027,0.016424410458610948,1.1389875622667944,0.004058806327142864,0.14175677229820524,8,0.9362980769230769,8437,0.9337442218798151,1.0681309454051677,92,1.0,1.1420395299324404
loading_focus_soft,settings_all,0.5,optimistic,12,0.33385270833969116,0.042550746351480484,0.33811476826667786,0.3504622280597687,0.9885656970912738,0.5373645112720165,1.8396557203809412,0.02621081408831257,1.817647660395848,0.02363624678021728,0.3460197384724302,12,0.7067307692307693,8437,0.885741377266801,1.6758943266725645,92,1.0,1.8613670393564818
loading_focus_soft,settings_all,0.5,optimistic,20,0.33385270833969116,0.042550746351480484,0.33811476826667786,0.3504622280597687,0.9885656970912738,0.24580362829494792,4.0217701583520205,0.05557309756867698,3.853841030511807,0.08011270000930436,0.56523665612691,20,0.4206730769230769,8437,0.45490103117221764,1.8915252813379733,92,1.0,4.071662522712058
loading_focus_soft,settings_all,0.5,optimistic,30,0.33385270833969116,0.042550746351480484,0.33811476826667786,0.3504622280597687,0.9885656970912738,0.1357572840325085,7.281861184366,0.09628384979094212,6.677019405682954,0.1532228112738526,0.7082416956729135,30,0.28846153846153844,8437,0.3605546995377504,2.7724463629132297,92,0.782608695652174,5.772192440871938
loading_focus_soft,settings_all,0.5,optimistic,50,0.33385270833969116,0.042550746351480484,0.33811476826667786,0.3504622280597687,0.9506519558676028,0.04017774594891271,23.66115702648892,0.25716301280659865,17.833545611873603,0.39099351362043566,0.8413991379795329,50,0.11658653846153846,8437,0.177551262297025,4.839280463332105,92,0.782608695652174,19.576367136986697
loading_focus_soft,settings_all,0.5,optimistic,80,0.33385270833969116,0.042550746351480484,0.33811476826667786,0.3504622280597687,0.9414242728184554,0.014742699824778185,63.85697897994202,0.4830177027583368,33.49594539072136,0.6314348164771678,0.920809959779953,80,0.08533653846153846,8437,0.05819604124688871,4.266776568682414,92,0.782608695652174,53.84192916670326
loading_focus_soft,settings_all,0.5,reported,8,0.532938539981842,0.05586547404527664,0.5399187207221985,0.3504622280597687,1.0,0.8642808714717165,1.1570312765307162,0.016646908550533468,1.1544171912307357,0.0045084219469538325,0.15521925241957152,8,0.9302884615384616,8437,0.8636956264074909,0.9993056711884847,92,1.0,1.157080352471992
loading_focus_soft,settings_all,0.5,reported,12,0.532938539981842,0.05586547404527664,0.5399187207221985,0.3504622280597687,1.0,0.5396010108273581,1.8532211392019493,0.026398987465114678,1.8306969650431861,0.02401623930319974,0.35179783755064387,12,0.7079326923076923,8437,0.8094109280549958,1.5193070049460549,92,1.0,1.853648316245456
loading_focus_soft,settings_all,0.5,reported,20,0.532938539981842,0.05586547404527664,0.5399187207221985,0.3504622280597687,1.0,0.1842470598248956,5.427495021903624,0.07356847697756788,5.10177095631641,0.11323193524662795,0.6225524092876543,20,0.3173076923076923,8437,0.33862747422069456,1.8778514865183595,92,0.782608695652174,4.251333928270543
loading_focus_soft,settings_all,0.5,reported,30,0.532938539981842,0.05586547404527664,0.5399187207221985,0.3504622280597687,0.999197592778335,0.15667237042537518,6.377624785183576,0.08534809204777163,5.918654770019351,0.13425989273749106,0.692977675729353,30,0.3173076923076923,8437,0.3099442929951405,2.0286896485899204,92,0.782608695652174,5.000588866668189
loading_focus_soft,settings_all,0.5,reported,50,0.532938539981842,0.05586547404527664,0.5399187207221985,0.3504622280597687,0.9957873620862587,0.06722999844442944,14.811652314842021,0.17811266594904915,12.35162209988415,0.2846761913027522,0.8148445275376746,50,0.17427884615384615,8437,0.13417091383193078,2.0474651521351594,92,0.782608695652174,11.674318617165097
loading_focus_soft,settings_all,0.5,reported,80,0.532938539981842,0.05586547404527664,0.5399187207221985,0.3504622280597687,0.966900702106319,0.01536199300873761,62.94109765291289,0.479411179629998,33.245842959553016,0.6339422505121657,0.9210653094085374,80,0.0829326923076923,8437,0.11390304610643594,8.857248008886003,92,0.782608695652174,51.641106413085595
loading_focus_soft,settings_all,0.5,pessimistic,8,0.6843149662017822,0.14203859865665436,0.692249059677124,0.3504622280597687,0.9426278836509528,0.8749027768401959,1.0774087231216174,0.015519109079620064,1.0762074087037787,0.002225392770823819,0.09314156838852201,8,0.9350961538461539,8437,0.9253289083797558,1.0591863694716688,92,0.9130434782608695,1.0436065049973628
loading_focus_soft,settings_all,0.5,pessimistic,12,0.6843149662017822,0.14203859865665436,0.692249059677124,0.3504622280597687,0.9356068204613841,0.8193278174171071,1.1419199990192461,0.01643306626077275,1.1395878182716341,0.00407167754521859,0.1451159926514783,12,0.9050480769230769,8437,0.9172691715064596,1.1229471351735805,92,0.9130434782608695,1.1144155821899133
loading_focus_soft,settings_all,0.5,pessimistic,20,0.6843149662017822,0.14203859865665436,0.692249059677124,0.3504622280597687,0.9356068204613841,0.7901623369952834,1.1840691167579263,0.01702929374436343,1.1809345496993902,0.005274332872977876,0.1955077375641393,20,0.8894230769230769,8437,0.8839634941329857,1.1220935518914104,92,0.9130434782608695,1.1555623298582451
loading_focus_soft,settings_all,0.5,pessimistic,30,0.6843149662017822,0.14203859865665436,0.692249059677124,0.3504622280597687,0.9356068204613841,0.6714429531186255,1.3934271200789388,0.019980122690976387,1.3855663979498039,0.011203738211458217,0.30825198835849915,30,0.8197115384615384,8437,0.8324048832523409,1.2473178659171043,92,0.9130434782608695,1.3599550319293834
loading_focus_soft,settings_all,0.5,pessimistic,50,0.6843149662017822,0.14203859865665436,0.692249059677124,0.3504622280597687,0.9356068204613841,0.19665053373680333,4.757713099897295,0.06508058326937836,4.5131589395969955,0.09735650091099311,0.6209418258815363,50,0.35697115384615385,8437,0.3479909920587887,1.8048600467547327,92,0.9130434782608695,4.64754780581525
loading_focus_soft,settings_all,0.5,pessimistic,80,0.6843149662017822,0.14203859865665436,0.692249059677124,0.3504622280597687,0.9350050150451354,0.04527003824355539,20.653947982432776,0.2320637291511078,16.092979521087532,0.3569814865477463,0.8287486565954562,80,0.13942307692307693,8437,0.11473272490221642,2.6371542220641295,92,0.9130434782608695,20.273791168301116
loading_focus_soft,settings_all,0.75,optimistic,8,0.3340968191623688,0.031551338732242584,0.33852338790893555,0.40536361932754517,0.9931795386158475,0.4127046088914065,2.406514289442257,0.03401253057074551,2.358675179174411,0.03897400950387289,0.40470545540025527,8,0.5985576923076923,8437,0.5568329975109636,1.3613002789608057,92,1.0,2.42397221767565
loading_focus_soft,settings_all,0.75,optimistic,12,0.3340968191623688,0.031551338732242584,0.33852338790893555,0.40536361932754517,0.9899699097291875,0.2623660521673794,3.7732393408032263,0.05231855479931302,3.628147466379802,0.0740196577768329,0.5271350745576,12,0.45552884615384615,8437,0.4897475405949982,1.9086591949666598,92,1.0,3.814365222454899
loading_focus_soft,settings_all,0.75,optimistic,20,0.3340968191623688,0.031551338732242584,0.33852338790893555,0.40536361932754517,0.9899699097291875,0.12812031310993774,7.726877071239376,0.10157037890793834,7.04362561824647,0.1623272768000969,0.6670234574039923,20,0.25600961538461536,8437,0.20315277942396587,1.6095757220258198,92,1.0,7.819536271809
loading_focus_soft,settings_all,0.75,optimistic,30,0.3340968191623688,0.031551338732242584,0.33852338790893555,0.40536361932754517,0.9899699097291875,0.08909310236534776,11.111633599530265,0.13984131482006235,9.697609461993233,0.2254928553839153,0.737447067214831,30,0.19831730769230768,8437,0.19722650231124808,2.2841043821744673,92,1.0,11.255295245018669
loading_focus_soft,settings_all,0.75,optimistic,50,0.3340968191623688,0.031551338732242584,0.33852338790893555,0.40536361932754517,0.9819458375125376,0.04319496582147333,22.73287682576165,0.24959208647766673,17.308522753657666,0.3838473554285433,0.838729757592521,50,0.13581730769230768,8437,0.10548773260637667,2.5349555842953064,92,0.782608695652174,18.202211765404428
loading_focus_soft,settings_all,0.75,optimistic,80,0.3340968191623688,0.031551338732242584,0.33852338790893555,0.40536361932754517,0.9809428284854563,0.015271006806354947,64.23563560178903,0.48449420390369563,33.59833667255606,0.6417102350017619,0.9236550027667887,80,0.07932692307692307,8437,0.07822685788787484,5.721494822327917,92,0.782608695652174,51.95310686110852
loading_focus_soft,settings_all,0.75,reported,8,0.571611762046814,0.04002530127763748,0.5793895125389099,0.40536361932754517,0.9905717151454363,0.5350164802427864,1.8514788828484732,0.026374823740546085,1.8290212773945473,0.02396234387872008,0.335270756592848,8,0.703125,8437,0.8479317292876615,1.608761776359137,92,1.0,1.8695401604882709
loading_focus_soft,settings_all,0.75,reported,12,0.571611762046814,0.04002530127763748,0.5793895125389099,0.40536361932754517,0.9905717151454363,0.3797881489003877,2.6082217626154716,0.036758575512148645,2.5491058215140896,0.044310420678754715,0.44492793381942336,12,0.5709134615384616,8437,0.785824345146379,2.1268490034794727,92,0.782608695652174,2.061235879129857
loading_focus_soft,settings_all,0.75,reported,20,0.571611762046814,0.04002530127763748,0.5793895125389099,0.40536361932754517,0.9905717151454363,0.14359090255377724,6.898568763953903,0.0916804366796012,6.357785403889952,0.14526526490574285,0.6552281096231793,20,0.3004807692307692,8437,0.29678795780490697,2.1244516661640205,92,0.782608695652174,5.456825680218375
loading_focus_soft,settings_all,0.75,reported,30,0.571611762046814,0.04002530127763748,0.5793895125389099,0.40536361932754517,0.9905717151454363,0.07784309869654928,12.725234885714379,0.15696122059758424,10.884827706259275,0.2523710468003341,0.7501752924875669,30,0.16346153846153846,8437,0.23432499703686144,3.172137057055453,92,0.782608695652174,10.078313470863813
loading_focus_soft,settings_all,0.75,reported,50,0.571611762046814,0.04002530127763748,0.5793895125389099,0.40536361932754517,0.9905717151454363,0.03562843582977949,27.802840401920815,0.28916085963576743,20.052508030621112,0.4350354000501369,0.85335653507804,50,0.12259615384615384,8437,0.12101457864169729,3.616657501672183,92,0.782608695652174,22.090941518550412
loading_focus_soft,settings_all,0.75,reported,80,0.571611762046814,0.04002530127763748,0.5793895125389099,0.40536361932754517,0.9825476429287864,0.013621515008320834,72.1320383473195,0.5134710137330957,35.60779850821991,0.6681847198347624,0.9276546554425796,80,0.0829326923076923,8437,0.10264311959227214,9.03460660116626,92,0.782608695652174,58.34348682520198
loading_focus_soft,settings_all,0.75,pessimistic,8,0.7394604086875916,0.09652949869632721,0.7488672137260437,0.40536361932754517,0.9951855566700101,0.6358262574439921,1.5651847419303422,0.02238779028313041,1.5525315044567802,0.01603695495357919,0.26246026146876716,8,0.7800480769230769,8437,0.987673343605547,1.5755073095208332,92,1.0,1.5730000323264417
loading_focus_soft,settings_all,0.75,pessimistic,12,0.7394604086875916,0.09652949869632721,0.7488672137260437,0.40536361932754517,0.9945837512537613,0.44579423617083097,2.2310377087796867,0.03161082597468839,2.1921235899991727,0.03428040992926838,0.41905297760587595,12,0.6442307692307693,8437,0.5993836671802774,1.3563958906807836,92,0.782608695652174,1.755896263902433
loading_focus_soft,settings_all,0.75,pessimistic,20,0.7394604086875916,0.09652949869632721,0.7488672137260437,0.40536361932754517,0.9937813440320963,0.15528703211812944,6.399641557165638,0.08561750371573744,5.937337726081358,0.13467596960758085,0.6355300734007688,20,0.29086538461538464,8437,0.19781913002251986,1.282814918501586,92,0.782608695652174,5.045260642447344
loading_focus_soft,settings_all,0.75,pessimistic,30,0.7394604086875916,0.09652949869632721,0.7488672137260437,0.40536361932754517,0.9937813440320963,0.09280886146910432,10.707828199820359,0.1354477101845523,9.392925099289666,0.21856876394721936,0.7278485941721299,30,0.18509615384615385,8437,0.1354746947967287,1.4769577642525176,92,0.782608695652174,8.449440277167195
loading_focus_soft,settings_all,0.75,pessimistic,50,0.7394604086875916,0.09652949869632721,0.7488672137260437,0.40536361932754517,0.9915747241725176,0.03334497565385327,29.736855545070206,0.30317713444553485,21.024498027940542,0.4522735546106524,0.849808671071455,50,0.09615384615384616,8437,0.10394690055707005,3.294434608517731,92,0.782608695652174,23.61337508232331
loading_focus_soft,settings_all,0.75,pessimistic,80,0.7394604086875916,0.09652949869632721,0.7488672137260437,0.40536361932754517,0.9811434302908726,0.013697826016770812,71.62767501132065,0.5117179326218875,35.486227168637114,0.6663008839957255,0.9228599011576513,80,0.06971153846153846,8437,0.07893801114140098,6.555623272681297,92,0.782608695652174,58.01336045796471
loading_focus_soft,settings_all,1.0,optimistic,8,0.3343409299850464,0.020551927387714386,0.3389320373535156,0.4602648913860321,0.9921765295887663,0.4205617077229676,2.3591699181570114,0.03336571413152001,2.313820243211623,0.03771048546114804,0.3960490575863801,8,0.6033653846153846,8437,0.5664335664335665,1.358817327527394,92,1.0,2.378657523149765
loading_focus_soft,settings_all,1.0,optimistic,12,0.3343409299850464,0.020551927387714386,0.3389320373535156,0.4602648913860321,0.9797392176529589,0.28482790400075136,3.4397585485527933,0.04791617612432305,3.3228546482395145,0.06567412074086315,0.49824441384394774,12,0.4651442307692308,8437,0.4745762711864407,1.6948555022807759,92,1.0,3.5132746101163463
loading_focus_soft,settings_all,1.0,optimistic,20,0.3343409299850464,0.020551927387714386,0.3389320373535156,0.4602648913860321,0.9797392176529589,0.1361799296177699,7.194446497386898,0.09523809523809523,6.604499211921478,0.1512923812188242,0.6507717871926971,20,0.2403846153846154,8437,0.32653786891075026,2.4860812468082085,92,0.782608695652174,5.754250125293526
loading_focus_soft,settings_all,1.0,optimistic,30,0.3343409299850464,0.020551927387714386,0.3389320373535156,0.4602648913860321,0.9795386158475426,0.09260634379283322,10.577446163287021,0.13401948675723893,9.293881744038208,0.21588738252701528,0.7268979439547375,30,0.17668269230769232,8437,0.3009363517838094,3.4465007187334464,92,0.782608695652174,8.467960333683223
loading_focus_soft,settings_all,1.0,optimistic,50,0.3343409299850464,0.020551927387714386,0.3389320373535156,0.4602648913860321,0.9795386158475426,0.04180375743665452,23.431831871377668,0.25530691205688594,17.704830144516997,0.3911135029044427,0.8384175154154793,50,0.1310096153846154,8437,0.05831456678914306,1.4090912926547685,92,0.782608695652174,18.811050123798452
loading_focus_soft,settings_all,1.0,optimistic,80,0.3343409299850464,0.020551927387714386,0.3389320373535156,0.4602648913860321,0.9771313941825477,0.015723002779481732,62.14661460581108,0.47624168947985923,33.026047559965775,0.6332623405155832,0.9198296423723114,80,0.08533653846153846,8437,0.012563707478961716,0.7950092056493098,92,0.782608695652174,50.439241495619264
loading_focus_soft,settings_all,1.0,reported,8,0.6102849245071411,0.024185121059417725,0.6188602447509766,0.4602648913860321,0.9973921765295888,0.5422513508516015,1.8393539729558852,0.026206627557017335,1.8173573359981272,0.023633511853007286,0.29571640891263823,8,0.6850961538461539,8437,0.7665046817589191,1.4285610409614047,92,1.0,1.8445838004104864
loading_focus_soft,settings_all,1.0,reported,12,0.6102849245071411,0.024185121059417725,0.6188602447509766,0.4602648913860321,0.9973921765295888,0.2612624775836413,3.8175867646753097,0.05290093310777022,3.668533795711882,0.07514311836794013,0.5070927270507607,12,0.38341346153846156,8437,0.6089842361028802,2.4124566694904255,92,0.782608695652174,2.997103665317651
loading_focus_soft,settings_all,1.0,reported,20,0.6102849245071411,0.024185121059417725,0.6188602447509766,0.4602648913860321,0.9923771313941826,0.11069498783426424,8.964968972940298,0.1159579954057475,8.041367137369164,0.1866489558696879,0.6796161321181593,20,0.18028846153846154,8437,0.16119473746592392,1.4732724576193756,92,0.782608695652174,7.081566062862892
loading_focus_soft,settings_all,1.0,reported,30,0.6102849245071411,0.024185121059417725,0.6188602447509766,0.4602648913860321,0.9923771313941826,0.07028830886000159,14.118665642827931,0.17120609101920747,11.872670178731383,0.27417773006666074,0.7667480188680319,30,0.18028846153846154,8437,0.15716486902927582,2.3084519358073377,92,0.782608695652174,11.164826239920751
loading_focus_soft,settings_all,1.0,reported,50,0.6102849245071411,0.024185121059417725,0.6188602447509766,0.4602648913860321,0.9885656970912738,0.027251835133001282,36.27519733135864,0.3467248293815521,24.04441055524273,0.5027701547492627,0.8684680286493652,50,0.09014423076923077,8437,0.1131918928529098,4.515092797816057,92,0.782608695652174,28.93426585307151
loading_focus_soft,settings_all,1.0,reported,80,0.6102849245071411,0.024185121059417725,0.6188602447509766,0.4602648913860321,0.9883650952858576,0.011141407233696594,88.71097470493672,0.5648286140089419,39.169306428973954,0.7135940737270637,0.9354781264982723,80,0.07091346153846154,8437,0.0571293113665995,5.7279978289153535,92,0.782608695652174,71.58200625788074
loading_focus_soft,settings_all,1.0,pessimistic,8,0.7946058511734009,0.05102042108774185,0.8054853677749634,0.4602648913860321,0.9917753259779338,0.4184132593312221,2.3703248017597596,0.033518189583870046,2.3243939952628963,0.038007653051676846,0.38353884075446354,8,0.5456730769230769,8437,0.48465094227806094,1.1629816579487136,92,1.0,2.3908792273244144
loading_focus_soft,settings_all,1.0,pessimistic,12,0.7946058511734009,0.05102042108774185,0.8054853677749634,0.4602648913860321,0.9917753259779338,0.21226494008118318,4.6723463874845175,0.06398757522811105,4.43736184675167,0.09571970880792903,0.5633934005760456,12,0.35697115384615385,8437,0.3052032713049662,1.4540061332490228,92,1.0,4.715820515305486
loading_focus_soft,settings_all,1.0,pessimistic,20,0.7946058511734009,0.05102042108774185,0.8054853677749634,0.4602648913860321,0.9875626880641926,0.10094185394659991,9.783480780793182,0.1252193819152995,8.683618746357347,0.2018281164565617,0.7004641346861039,20,0.20552884615384615,8437,0.2709493895934574,2.8041312364597415,92,1.0,9.93058309037901
loading_focus_soft,settings_all,1.0,pessimistic,30,0.7946058511734009,0.05102042108774185,0.8054853677749634,0.4602648913860321,0.9867602808425275,0.05543407756133497,17.80060793382424,0.20662858102999243,14.329122156016902,0.32562223927946676,0.7787552687137472,30,0.12259615384615384,8437,0.10880644778949863,2.011995861361671,92,1.0,18.12285182229316
loading_focus_soft,settings_all,1.0,pessimistic,50,0.7946058511734009,0.05102042108774185,0.8054853677749634,0.4602648913860321,0.9835506519558675,0.024683676194780915,39.846198118731934,0.36828663712161047,25.539662448624323,0.5259586266090046,0.8671955439320721,50,0.09134615384615384,8437,0.06933744221879815,2.94428489147718,92,0.782608695652174,31.97066338502613
loading_focus_soft,settings_all,1.0,pessimistic,80,0.7946058511734009,0.05102042108774185,0.8054853677749634,0.4602648913860321,0.9809428284854563,0.009166126130356812,107.01825553509713,0.6102583302134033,42.31973194011086,0.7479419856307714,0.9343071253030242,80,0.046875,8437,0.017186203626881592,1.917571734022315,92,0.782608695652174,87.37180967038604
loading_focus_soft,settings_numeric,0.0,optimistic,8,0.33336445689201355,0.06454956531524658,0.33729755878448486,0.24065956473350525,0.9811434302908726,0.9169706877676389,1.0699834175500875,0.015413802775177822,1.0689047069544377,0.0020136773789936825,0.09725366520759626,8,0.9579326923076923,8437,0.975346687211094,1.065383967239151,92,1.0,1.0905740722953288
loading_focus_soft,settings_numeric,0.0,optimistic,12,0.33336445689201355,0.06454956531524658,0.33729755878448486,0.24065956473350525,0.9731193580742227,0.4721097939309268,2.06121408745144,0.029275092936802975,2.0301469464154547,0.029672922282246866,0.33827793207058043,12,0.5997596153846154,8437,0.4573900675595591,0.9680550040656645,92,1.0,2.1187912491213665
loading_focus_soft,settings_numeric,0.0,optimistic,20,0.33336445689201355,0.06454956531524658,0.33729755878448486,0.24065956473350525,0.8764292878635908,0.17129766869869184,5.1164110668966964,0.06964547599311356,4.829721658759355,0.105128489790582,0.5694983460233028,20,0.2848557692307692,8437,0.28552803129074317,1.6955631602584336,92,0.8913043478260869,5.20916243118982
loading_focus_soft,settings_numeric,0.0,optimistic,30,0.33336445689201355,0.06454956531524658,0.33729755878448486,0.24065956473350525,0.841925777331996,0.13536105379632593,6.219852414852049,0.08341283090865728,5.784449748003849,0.12893008428238908,0.6345087745303079,30,0.28125,8437,0.2414365295721228,1.8198602927963234,92,0.7608695652173914,5.628062073764525
loading_focus_soft,settings_numeric,0.0,optimistic,50,0.33336445689201355,0.06454956531524658,0.33729755878448486,0.24065956473350525,0.7979939819458375,0.07559779402484804,10.555783964854147,0.13378173869177737,9.277394571472952,0.20962557324682343,0.7398858516995778,50,0.22716346153846154,8437,0.24036979969183359,3.365866021442299,92,0.7608695652173914,10.089408277914222
loading_focus_soft,settings_numeric,0.0,optimistic,80,0.33336445689201355,0.06454956531524658,0.33729755878448486,0.24065956473350525,0.7317953861584754,0.024848038366827016,29.450831303264863,0.3011391778107974,20.88317135656598,0.4147332627022675,0.8286352452412578,80,0.09134615384615384,8437,0.11473272490221642,5.084382693272747,92,0.6956521739130435,28.201898098796352
loading_focus_soft,settings_numeric,0.0,reported,8,0.4555921256542206,0.08754582703113556,0.46097710728645325,0.24065956473350525,0.9590772316950853,0.8625873540918844,1.1118609925655398,0.016007419460682886,1.110070386736255,0.0032135144812237464,0.14316218507872197,8,0.9290865384615384,8437,0.9574493303306862,1.1130819543631316,92,1.0,1.1593527591805337
loading_focus_soft,settings_numeric,0.0,reported,12,0.4555921256542206,0.08754582703113556,0.46097710728645325,0.24065956473350525,0.9542627883650953,0.8093839060083179,1.178998966104088,0.01695761131885799,1.1759635712104175,0.005131661662341004,0.19938320417241479,12,0.9002403846153846,8437,0.8748370273794003,1.0830918212100633,92,1.0,1.2355862359163359
loading_focus_soft,settings_numeric,0.0,reported,20,0.4555921256542206,0.08754582703113556,0.46097710728645325,0.24065956473350525,0.9502507522567704,0.32628532686059447,2.912330632210027,0.04086932514278812,2.8341749698217216,0.052159257091298726,0.498720933713448,20,0.5060096153846154,8437,0.40701671210145784,1.2553123033071871,92,1.0,3.066512419312729
loading_focus_soft,settings_numeric,0.0,reported,30,0.4555921256542206,0.08754582703113556,0.46097710728645325,0.24065956473350525,0.8818455366098295,0.21356516226361932,4.129163798360063,0.0569725246241576,3.9508874368049716,0.08216596219216665,0.6044533506679773,30,0.3894230769230769,8437,0.33922010193196633,1.6124577286678805,92,0.9565217391304348,4.483040869900236
loading_focus_soft,settings_numeric,0.0,reported,50,0.4555921256542206,0.08754582703113556,0.46097710728645325,0.24065956473350525,0.831494483450351,0.11589587656400879,7.174495832827325,0.0949990832416575,6.587924389229293,0.14847633893146867,0.7123102600347745,50,0.24519230769230768,8437,0.2590968353680218,2.308011631727677,92,0.8478260869565217,7.327911743841343
loading_focus_soft,settings_numeric,0.0,reported,80,0.4555921256542206,0.08754582703113556,0.46097710728645325,0.24065956473350525,0.7438314944834503,0.040309822694306906,18.452859495918947,0.21259029927760578,14.742550872431535,0.3153154954425411,0.8062195602415853,80,0.14783653846153846,8437,0.1953300936351784,5.370106861867886,92,0.6956521739130435,17.33374892656086
loading_focus_soft,settings_numeric,0.0,pessimistic,8,0.5740240216255188,0.23305676877498627,0.5790128111839294,0.24065956473350525,0.8367101303911735,0.7648094719571719,1.094011202881687,0.015754485363550518,1.0925301047618776,0.0026955886151031664,0.10018769018450598,8,0.8713942307692307,8437,0.84544269290032,1.1083963658560836,92,0.9130434782608695,1.1938807137247898
loading_focus_soft,settings_numeric,0.0,pessimistic,12,0.5740240216255188,0.23305676877498627,0.5790128111839294,0.24065956473350525,0.8345035105315948,0.7617482265028133,1.0955109332683335,0.01577574176324252,1.0940041774495257,0.0027383231549453243,0.12576970769569895,12,0.8713942307692307,8437,0.8447315396467939,1.1120139440534957,92,0.9130434782608695,1.1986801278145442
loading_focus_soft,settings_numeric,0.0,pessimistic,20,0.5740240216255188,0.23305676877498627,0.5790128111839294,0.24065956473350525,0.8343029087261785,0.7493007270091074,1.113442011535694,0.016029816460721363,1.111623556911842,0.0032505574374065093,0.16931831725156116,20,0.8653846153846154,8437,0.8443759630200308,1.1305276552720411,92,0.9130434782608695,1.2185993414145124
loading_focus_soft,settings_numeric,0.0,pessimistic,30,0.5740240216255188,0.23305676877498627,0.5790128111839294,0.24065956473350525,0.8337011033099297,0.7490365735183191,1.11303123610364,0.016023997439861815,1.111220023865691,0.003238783737584417,0.18174965719299496,30,0.8653846153846154,8437,0.8442574374777765,1.1307744849706576,92,0.9130434782608695,1.2190292313127462
loading_focus_soft,settings_numeric,0.0,pessimistic,50,0.5740240216255188,0.23305676877498627,0.5790128111839294,0.24065956473350525,0.8288866599799398,0.7486873039027211,1.1071199627122823,0.015940251062811998,1.1054124436128097,0.0030696311792657595,0.19683962910624836,50,0.8653846153846154,8437,0.8442574374777765,1.1313171553033747,92,0.9130434782608695,1.2195981071589208
loading_focus_soft,settings_numeric,0.0,pessimistic,80,0.5740240216255188,0.23305676877498627,0.5790128111839294,0.24065956473350525,0.8234704112337011,0.7482294378520212,1.1005586917265349,0.015847279325187716,1.098965110050169,0.002881844019718313,0.21367210809269147,80,0.8653846153846154,8437,0.8439018608510134,1.1315388681344967,92,0.9130434782608695,1.2203446650986836
loading_focus_soft,settings_numeric,0.25,optimistic,8,0.3301796317100525,0.054746758192777634,0.3342095613479614,0.29773303866386414,0.9711133400200602,0.8898567994576049,1.091314176182037,0.015716256797337878,1.0898790591399228,0.0026253735259503938,0.11477098413073013,8,0.9435096153846154,8437,0.9797321322745052,1.1038306055221416,92,1.0,1.1238138914916924
loading_focus_soft,settings_numeric,0.25,optimistic,12,0.3301796317100525,0.054746758192777634,0.3342095613479614,0.29773303866386414,0.9705115346038115,0.47840251708926335,2.0286505608471272,0.028825930229094052,1.9989987515500294,0.028786694549072157,0.33947383762806144,12,0.6177884615384616,8437,0.4997036861443641,1.045707878209184,92,1.0,2.0909057426107243
loading_focus_soft,settings_numeric,0.25,optimistic,20,0.3301796317100525,0.054746758192777634,0.3342095613479614,0.29773303866386414,0.8998996990972918,0.21402302831431919,4.204686318967874,0.05795416375991525,4.01896140323925,0.08407811412111661,0.5721400451658429,20,0.390625,8437,0.3673106554462487,1.748009635034543,92,0.9565217391304348,4.47343857453962
loading_focus_soft,settings_numeric,0.25,optimistic,30,0.3301796317100525,0.054746758192777634,0.3342095613479614,0.29773303866386414,0.8860581745235707,0.11760406913777366,7.534247590409052,0.09928966416400666,6.885464341592867,0.15669889216541483,0.6828435194728637,30,0.22596153846153846,8437,0.22306507052269764,1.940941242906194,92,0.782608695652174,6.664784641456805
loading_focus_soft,settings_numeric,0.25,optimistic,50,0.3301796317100525,0.054746758192777634,0.3342095613479614,0.29773303866386414,0.8740220661985958,0.08672452606461194,10.078141742134486,0.12850612004129183,8.911544969667887,0.20405500022795137,0.7615339673572011,50,0.21514423076923078,8437,0.21773142112125163,2.610749890716422,92,0.782608695652174,9.043675916146961
loading_focus_soft,settings_numeric,0.25,optimistic,80,0.3301796317100525,0.054746758192777634,0.3342095613479614,0.29773303866386414,0.8218655967903711,0.0217838578736818,37.72819312153653,0.355673235523917,24.66495783905236,0.4861421566547232,0.8749453833134886,80,0.08173076923076923,8437,0.10572478369088538,5.379723855452564,92,0.782608695652174,36.2682165039929
loading_focus_soft,settings_numeric,0.25,reported,8,0.4834015667438507,0.07262063771486282,0.48941174149513245,0.29773303866386414,0.9799398194583752,0.8304017187587134,1.1800792283079469,0.016972885077759094,1.1770227642609845,0.005164901582774671,0.168726499945774,8,0.9110576923076923,8437,0.9162024416261705,1.1062266307005315,92,1.0,1.2043028620927396
loading_focus_soft,settings_numeric,0.25,reported,12,0.4834015667438507,0.07262063771486282,0.48941174149513245,0.29773303866386414,0.9791374122367101,0.7802712562846518,1.2548679761689308,0.018029165804793003,1.2502729191682491,0.007294018310419573,0.22495801389284295,12,0.8834134615384616,8437,0.8676069693018845,1.1150991506411878,92,1.0,1.2817030723786946
loading_focus_soft,settings_numeric,0.25,reported,20,0.4834015667438507,0.07262063771486282,0.48941174149513245,0.29773303866386414,0.9428284854563691,0.24258682578490276,3.886560955673486,0.05380529352504808,3.7312486961755305,0.07660776628270281,0.5694399258737347,20,0.40865384615384615,8437,0.37430366243925567,1.5645378913294241,92,1.0,4.125714631782945
loading_focus_soft,settings_numeric,0.25,reported,30,0.4834015667438507,0.07262063771486282,0.48941174149513245,0.29773303866386414,0.9147442326980942,0.15339980217838578,5.96313828119775,0.08024637043554773,5.564864448161908,0.12433112137668154,0.6704425894158704,30,0.296875,8437,0.35771008652364583,2.4135025745640935,92,1.0,6.528645084622314
loading_focus_soft,settings_numeric,0.25,reported,50,0.4834015667438507,0.07262063771486282,0.48941174149513245,0.29773303866386414,0.8738214643931795,0.09362186721297522,9.333518871241601,0.12015225906106912,8.332227752933871,0.1907382113450106,0.7555232049440549,50,0.22716346153846154,8437,0.2349176247481332,2.609206406122517,92,1.0,10.709268691441867
loading_focus_soft,settings_numeric,0.25,reported,80,0.4834015667438507,0.07262063771486282,0.48941174149513245,0.29773303866386414,0.8206619859578737,0.0292065709648353,28.098539432990965,0.29134026491952714,20.203643775651123,0.41762505171346737,0.8621014232245267,80,0.10576923076923077,8437,0.1437714827545336,5.467100670723266,92,0.782608695652174,26.9836411888195
loading_focus_soft,settings_numeric,0.25,pessimistic,8,0.627912700176239,0.18881027400493622,0.6343372464179993,0.29773303866386414,0.8427281845536609,0.7621532618553554,1.1057201047754583,0.015920416864045477,1.1040369966365227,0.0030306164537788833,0.12093953288383502,8,0.8713942307692307,8437,0.8447315396467939,1.1114063030033965,92,0.9130434782608695,1.1980429004265922
loading_focus_soft,settings_numeric,0.25,pessimistic,12,0.627912700176239,0.18881027400493622,0.6343372464179993,0.29773303866386414,0.8427281845536609,0.7616425651064979,1.1064615124757702,0.01593092176366415,1.1047654824496773,0.0030517989527403654,0.13103390473443285,12,0.8713942307692307,8437,0.8447315396467939,1.1121725683991506,92,0.9130434782608695,1.1988464725450207
loading_focus_soft,settings_numeric,0.25,pessimistic,20,0.627912700176239,0.18881027400493622,0.6343372464179993,0.29773303866386414,0.8423269809428285,0.7493183372418266,1.1241243395208482,0.01618111753371869,1.1221158689942659,0.0035561132635962274,0.17363018675680633,20,0.8653846153846154,8437,0.8442574374777765,1.1303370797592482,92,0.9130434782608695,1.2185706928681832
loading_focus_soft,settings_numeric,0.25,pessimistic,30,0.627912700176239,0.18881027400493622,0.6343372464179993,0.29773303866386414,0.8423269809428285,0.748878081423846,1.1247851978005654,0.01619047619047619,1.1227648660266512,0.003574972478274371,0.18994986608137854,30,0.8653846153846154,8437,0.8442574374777765,1.1310206742000528,92,0.9130434782608695,1.2192873108702384
loading_focus_soft,settings_numeric,0.25,pessimistic,50,0.627912700176239,0.18881027400493622,0.6343372464179993,0.29773303866386414,0.8423269809428285,0.7479271288570079,1.1262153068709833,0.01621072788059886,1.1241692648769313,0.0036157814774085252,0.22357847268735498,50,0.8653846153846154,8437,0.8436648097665047,1.1316822602342087,92,0.9130434782608695,1.2208380859208658
loading_focus_soft,settings_numeric,0.25,pessimistic,80,0.627912700176239,0.18881027400493622,0.6343372464179993,0.29773303866386414,0.8335005015045135,0.6864556765117651,1.214208768350433,0.017455196229173492,1.2104697122648664,0.0061183488042515595,0.296529347068917,80,0.8293269230769231,8437,0.8264786061396231,1.2102479061144822,92,0.9130434782608695,1.3302022528827715
loading_focus_soft,settings_numeric,0.5,optimistic,8,0.3269948363304138,0.044943954795598984,0.3311215937137604,0.354806512594223,1.0,0.9099236596411622,1.0989932940026643,0.01582509539500835,1.097426715681606,0.0028468752322408355,0.10944260708463947,8,0.9543269230769231,8437,0.9823396942041009,1.081770769362229,92,1.0,1.09902267938786
loading_focus_soft,settings_numeric,0.5,optimistic,12,0.3269948363304138,0.044943954795598984,0.3311215937137604,0.354806512594223,0.9983951855566701,0.2928640401982912,3.4090740019863164,0.04750904456896305,3.294621197856018,0.06496004201197896,0.48235710207959415,12,0.43028846153846156,8437,0.45964205286239185,1.5924998276693192,92,1.0,3.416782024275253
loading_focus_soft,settings_numeric,0.5,optimistic,20,0.3269948363304138,0.044943954795598984,0.3311215937137604,0.354806512594223,0.9695085255767302,0.21739538788005083,4.459655446378017,0.06125320017236572,4.247740478793609,0.09055639136064159,0.5929679180029078,20,0.3894230769230769,8437,0.4301291928410573,2.0289714284791236,92,1.0,4.6043905538207826
loading_focus_soft,settings_numeric,0.5,optimistic,30,0.3269948363304138,0.044943954795598984,0.3311215937137604,0.354806512594223,0.9622868605817453,0.10318422357951461,9.325910756504353,0.12006607764122844,8.32625130917996,0.19279657290282373,0.7188232956373339,30,0.20192307692307693,8437,0.2503259452411995,2.517152981753853,92,1.0,9.714208304814054
loading_focus_soft,settings_numeric,0.5,optimistic,50,0.3269948363304138,0.044943954795598984,0.3311215937137604,0.354806512594223,0.9542627883650953,0.03528797133054113,27.042154943579806,0.283492252681764,19.659405773936825,0.42432375099745445,0.8480468718308151,50,0.12379807692307693,8437,0.18098850302240133,5.729589734495558,92,0.782608695652174,22.30536284029352
loading_focus_soft,settings_numeric,0.5,optimistic,80,0.3269948363304138,0.044943954795598984,0.3311215937137604,0.354806512594223,0.9376128385155467,0.011889842124263672,78.85830852220944,0.5357020057306591,37.149456484065375,0.675889374588403,0.9270309719560679,80,0.07451923076923077,8437,0.07585634704278772,7.3893555723527555,92,0.782608695652174,66.99456931499066
loading_focus_soft,settings_numeric,0.5,reported,8,0.5112109184265137,0.057695455849170685,0.517846405506134,0.354806512594223,0.9879638916750251,0.5414471502240902,1.8246728074312217,0.026002893316860433,1.8032289283982716,0.023223958584767942,0.33678597744877437,8,0.7115384615384616,8437,0.7684010904349887,1.4344287106486477,92,0.782608695652174,1.4455757235668654
loading_focus_soft,settings_numeric,0.5,reported,12,0.5112109184265137,0.057695455849170685,0.517846405506134,0.354806512594223,0.9879638916750251,0.2830287252246038,3.490684173102939,0.0485911046213347,3.369659077868991,0.06697930040573899,0.49429523641335626,12,0.40865384615384615,8437,0.377740903164632,1.3460756816323294,92,0.782608695652174,2.766439993195735
loading_focus_soft,settings_numeric,0.5,reported,20,0.5112109184265137,0.057695455849170685,0.517846405506134,0.354806512594223,0.9879638916750251,0.1503385567240271,6.571593563244104,0.0877161736156874,6.082874694934538,0.13830157020972897,0.6520841785299594,20,0.24639423076923078,8437,0.29192841057247837,1.9893808465013574,92,0.782608695652174,5.211561902333291
loading_focus_soft,settings_numeric,0.5,reported,30,0.5112109184265137,0.057695455849170685,0.517846405506134,0.354806512594223,0.98716148445336,0.0972847956185741,10.147130167428612,0.12927207292405496,8.964661689378957,0.20842126687599521,0.7392358664903443,30,0.23677884615384615,8437,0.20030816640986132,2.1158823653888055,92,0.782608695652174,8.059847351525303
loading_focus_soft,settings_numeric,0.5,reported,50,0.5112109184265137,0.057695455849170685,0.517846405506134,0.354806512594223,0.9679037111334002,0.049819348362688615,19.428269195473778,0.2213404284600211,15.349348195971004,0.34491310635290384,0.8305942910072455,50,0.140625,8437,0.09837620007111532,2.024767932509277,92,0.782608695652174,15.771588646571285
loading_focus_soft,settings_numeric,0.5,reported,80,0.5112109184265137,0.057695455849170685,0.517846405506134,0.354806512594223,0.9598796389167502,0.01636284123494692,58.66216173183227,0.46187258687258687,32.029589928085414,0.616182510549935,0.9179302658790993,80,0.07451923076923077,8437,0.09837620007111532,6.888904847719656,92,0.782608695652174,48.441103271733205
loading_focus_soft,settings_numeric,0.5,pessimistic,8,0.6818013787269592,0.14456379413604736,0.6896617412567139,0.354806512594223,0.9418254764292878,0.8479884711676465,1.1106583502632192,0.01599038193001696,1.108888880978765,0.003178094944138364,0.11398398076508322,8,0.9206730769230769,8437,0.9088538580064004,1.073733095403105,92,0.9130434782608695,1.0767391643039768
loading_focus_soft,settings_numeric,0.5,pessimistic,12,0.6818013787269592,0.14456379413604736,0.6896617412567139,0.354806512594223,0.9418254764292878,0.847800628685308,1.1109044326727913,0.01599386816555953,1.1091306417976463,0.003185139186076074,0.12238902536053117,12,0.9206730769230769,8437,0.9088538580064004,1.0739774840772107,92,0.9130434782608695,1.0769778008239717
loading_focus_soft,settings_numeric,0.5,pessimistic,20,0.6818013787269592,0.14456379413604736,0.6896617412567139,0.354806512594223,0.9418254764292878,0.7878055008496937,1.1955050776028788,0.017190938416529664,1.1921441618536888,0.005600807429839537,0.20234485290531037,20,0.8882211538461539,8437,0.8753111295484177,1.1142176932814782,92,0.9130434782608695,1.1590204469188652
loading_focus_soft,settings_numeric,0.5,pessimistic,30,0.6818013787269592,0.14456379413604736,0.6896617412567139,0.354806512594223,0.9376128385155467,0.659837809756656,1.4209747071955947,0.020367078017151225,1.4124006824908946,0.011979055731292801,0.31378717380576615,30,0.8125,8437,0.777171980561811,1.183164996628723,92,0.9130434782608695,1.3838826882113608
loading_focus_soft,settings_numeric,0.5,pessimistic,50,0.6818013787269592,0.14456379413604736,0.6896617412567139,0.354806512594223,0.9376128385155467,0.19933902926527175,4.703608931835482,0.06438814729098649,4.465140414424246,0.09610775657207311,0.6127311473063042,50,0.3401442307692308,8437,0.33542728457982696,1.7123813596644095,92,0.9130434782608695,4.58478847348251
loading_focus_soft,settings_numeric,0.5,pessimistic,80,0.6818013787269592,0.14456379413604736,0.6896617412567139,0.354806512594223,0.9331995987963891,0.0504357065078615,18.50275654710874,0.21304268180985528,14.773922353247688,0.3311886396821317,0.8173547652373662,80,0.14423076923076922,8437,0.1601280075856347,3.360473289490885,92,0.9130434782608695,18.18713196033562
loading_focus_soft,settings_numeric,0.75,optimistic,8,0.32381001114845276,0.035141147673130035,0.32803359627723694,0.4118800461292267,0.9897693079237713,0.40996034762599387,2.414304977677344,0.03411888363344674,2.366050470721766,0.039176787190899884,0.3926873884774948,8,0.5889423076923077,8437,0.5628778001659358,1.3861338790944584,92,1.0,2.440208903471695
loading_focus_soft,settings_numeric,0.75,optimistic,12,0.32381001114845276,0.035141147673130035,0.32803359627723694,0.4118800461292267,0.9865596790371113,0.2727443493165762,3.6171590044272732,0.05026317134242935,3.4856122929573634,0.07013545062589474,0.5092496021264046,12,0.4483173076923077,8437,0.4835842123977717,1.8085299513799815,92,1.0,3.6690795497387843
loading_focus_soft,settings_numeric,0.75,optimistic,20,0.32381001114845276,0.035141147673130035,0.32803359627723694,0.4118800461292267,0.9865596790371113,0.11842587999800418,8.330608808258276,0.10864426624251662,7.5341801931741275,0.1742818382972936,0.6794010016817922,20,0.22235576923076922,8437,0.1872703567618822,1.6050212933709316,92,1.0,8.461112353131131
loading_focus_soft,settings_numeric,0.75,optimistic,30,0.32381001114845276,0.035141147673130035,0.32803359627723694,0.4118800461292267,0.9865596790371113,0.08182594632988074,12.056807446623381,0.14995273957983962,10.398808878995434,0.2413425151424649,0.7491573400856607,30,0.18990384615384615,8437,0.16640986132511557,2.0885239003566176,92,0.782608695652174,9.586485104626455
loading_focus_soft,settings_numeric,0.75,optimistic,50,0.32381001114845276,0.035141147673130035,0.32803359627723694,0.4118800461292267,0.9785356068204614,0.043861219626017356,22.309812977476327,0.2460902028049642,17.065676780113318,0.37896441479362625,0.8374417513116378,50,0.15384615384615385,8437,0.12291098731776698,2.9366596246511616,92,0.782608695652174,17.924380803143347
loading_focus_soft,settings_numeric,0.75,optimistic,80,0.32381001114845276,0.035141147673130035,0.32803359627723694,0.4118800461292267,0.9697091273821464,0.012136385382332828,79.90098343397787,0.5389675549113614,37.37591331246499,0.6870466232089377,0.9262852568690665,80,0.0673076923076923,8437,0.034372407253763185,2.9703659942358667,92,0.782608695652174,65.60949822898051
loading_focus_soft,settings_numeric,0.75,reported,8,0.5390203595161438,0.04277026653289795,0.5462810397148132,0.4118800461292267,0.9993981945837512,0.21031900936570877,4.7518205681825405,0.06500521920668058,4.507932649723701,0.09763528272513862,0.5394959138820931,8,0.3016826923076923,8437,0.29015052743866304,1.3929992248830274,92,1.0,4.759508705251097
loading_focus_soft,settings_numeric,0.75,reported,12,0.5390203595161438,0.04277026653289795,0.5462810397148132,0.4118800461292267,0.9993981945837512,0.17751408084857842,5.629965745851167,0.07610405878129631,5.277606560573522,0.11779492791016133,0.5938955253921602,12,0.27163461538461536,8437,0.29015052743866304,1.661287135839166,92,1.0,5.6404146450512505
loading_focus_soft,settings_numeric,0.75,reported,20,0.5390203595161438,0.04277026653289795,0.5462810397148132,0.4118800461292267,0.9961885656970912,0.12763603171015905,7.8049164671561995,0.10249107382411822,7.1074732711539355,0.16399883971265888,0.6720848177329954,20,0.24759615384615385,8437,0.19106317411402157,1.5160674654462662,92,1.0,7.849268348888121
loading_focus_soft,settings_numeric,0.75,reported,30,0.5390203595161438,0.04277026653289795,0.5462810397148132,0.4118800461292267,0.9961885656970912,0.07024134823941698,14.18236680625195,0.1718458024776801,11.91703240387645,0.27530073005438105,0.7675212477187954,30,0.14903846153846154,8437,0.15621666469124096,2.295336342248934,92,0.782608695652174,11.172313130945005
loading_focus_soft,settings_numeric,0.75,reported,50,0.5390203595161438,0.04277026653289795,0.5462810397148132,0.4118800461292267,0.9913741223671013,0.02654449078544573,37.34764137614081,0.3533533533533533,24.504080409396355,0.5106001257256233,0.8695846142811756,50,0.09975961538461539,8437,0.101931966338746,4.138482671461448,92,0.782608695652174,29.711479191300473
loading_focus_soft,settings_numeric,0.75,reported,80,0.5390203595161438,0.04277026653289795,0.5462810397148132,0.4118800461292267,0.9913741223671013,0.01193973778363481,83.03148195816556,0.5485016648168701,38.037077536716694,0.7006948948767131,0.933361060186862,80,0.06490384615384616,8437,0.07230058077515705,6.9472536658428385,92,0.782608695652174,66.70955738347044
loading_focus_soft,settings_numeric,0.75,pessimistic,8,0.7356899976730347,0.1003173217177391,0.7449862360954285,0.4118800461292267,0.9953861584754263,0.8473427626346082,1.1747148879640075,0.016897034335509313,1.171762724503155,0.005013181718485006,0.15563716507102865,8,0.9206730769230769,8437,0.8153372051677137,0.9613063462844968,92,0.782608695652174,0.9235843885164862
loading_focus_soft,settings_numeric,0.75,pessimistic,12,0.7356899976730347,0.1003173217177391,0.7449862360954285,0.4118800461292267,0.9933801404212638,0.4624828667110836,2.1479285221647695,0.030469158590986003,2.112952105971815,0.032039258103866146,0.3947642153102005,12,0.6526442307692307,8437,0.6010430247718384,1.3095629566368823,92,0.782608695652174,1.6925060241163412
loading_focus_soft,settings_numeric,0.75,pessimistic,20,0.7356899976730347,0.1003173217177391,0.7449862360954285,0.4118800461292267,0.99037111334002,0.14011581663051678,7.068232103671873,0.09372389703090592,6.499493742827693,0.1488161057525817,0.6253442556134079,20,0.20552884615384615,8437,0.15432025601517127,1.1042188071405348,92,0.782608695652174,5.5923677031142685
loading_focus_soft,settings_numeric,0.75,pessimistic,30,0.7356899976730347,0.1003173217177391,0.7449862360954285,0.4118800461292267,0.99037111334002,0.08451444185834915,11.718365424455342,0.14635953990276296,10.149630392422376,0.23582873410267424,0.7311955444343172,30,0.16346153846153846,8437,0.13286713286713286,1.5952986090299093,92,0.782608695652174,9.280764241351802
loading_focus_soft,settings_numeric,0.75,pessimistic,50,0.7356899976730347,0.1003173217177391,0.7449862360954285,0.4118800461292267,0.98716148445336,0.03546113861894685,27.837839474390726,0.28941951420337586,20.070445011444377,0.4350074136990338,0.8416255627505947,50,0.11899038461538461,8437,0.12113310418395164,3.6391845442692894,92,0.782608695652174,22.195786120262103
loading_focus_soft,settings_numeric,0.75,pessimistic,80,0.7356899976730347,0.1003173217177391,0.7449862360954285,0.4118800461292267,0.9813440320962888,0.013774137025220788,71.2454094437585,0.5103808033385498,35.39350094100769,0.6651640107288547,0.9202767574593257,80,0.07932692307692307,8437,0.10205049188100035,8.848832238848516,92,0.782608695652174,57.686948994665194
loading_focus_soft,settings_numeric,1.0,optimistic,8,0.3206252157688141,0.025338340550661087,0.3249456286430359,0.4689534902572632,0.9829488465396189,0.40784711969968684,2.410091426570331,0.03406136606931835,2.362061786298711,0.03905537939992966,0.4062850181301462,8,0.59375,8437,0.5321796847220576,1.315030137737878,92,1.0,2.452861031497991
loading_focus_soft,settings_numeric,1.0,optimistic,12,0.3206252157688141,0.025338340550661087,0.3249456286430359,0.4689534902572632,0.9795386158475426,0.2536020263507782,3.862503111440682,0.05349005345719043,3.709387666988345,0.07617688653331492,0.5327231132435672,12,0.4411057692307692,8437,0.45632333767926986,1.83664685002776,92,1.0,3.946323265325038
loading_focus_soft,settings_numeric,1.0,optimistic,20,0.3206252157688141,0.025338340550661087,0.3249456286430359,0.4689534902572632,0.9771313941825477,0.190724690426784,5.123255893067772,0.06973215180450375,4.835732387203556,0.10611166584527885,0.617635389050497,20,0.3798076923076923,8437,0.4308403460945834,2.3335622794632433,92,1.0,5.249175527816305
loading_focus_soft,settings_numeric,1.0,optimistic,30,0.3206252157688141,0.025338340550661087,0.3249456286430359,0.4689534902572632,0.9771313941825477,0.08431779425965114,11.588673574329226,0.14497455281407184,10.053585357996665,0.23323126996620785,0.7432179768401217,30,0.18389423076923078,8437,0.11461419935996207,1.3718280493545634,92,0.782608695652174,9.302463403976404
loading_focus_soft,settings_numeric,1.0,optimistic,50,0.3206252157688141,0.025338340550661087,0.3249456286430359,0.4689534902572632,0.9771313941825477,0.030198614074684996,32.356829083810865,0.3213060686015831,22.281689607079812,0.4721373999414452,0.8584579951633772,50,0.09975961538461539,8437,0.07360436173995497,2.529666496977844,92,0.782608695652174,26.090965185900735
loading_focus_soft,settings_numeric,1.0,optimistic,80,0.3206252157688141,0.025338340550661087,0.3249456286430359,0.4689534902572632,0.9719157472417251,0.01659177426029685,58.578168434189884,0.4615164793293961,32.004894852207606,0.6183853245211154,0.9165141300219185,80,0.09975961538461539,8437,0.00853383904231362,0.5080761214738785,92,0.782608695652174,47.76409089846763
loading_focus_soft,settings_numeric,1.0,reported,8,0.5668297410011292,0.027845080941915512,0.5747157335281372,0.4689534902572632,0.9921765295887663,0.3019626604365577,3.2857590013094433,0.045869347479318916,3.1809127274243996,0.0618231802516191,0.4653542982967701,8,0.46033653846153844,8437,0.43795187862984475,1.4671279756404876,92,1.0,3.313736744819535
loading_focus_soft,settings_numeric,1.0,reported,12,0.5668297410011292,0.027845080941915512,0.5747157335281372,0.4689534902572632,0.9889669007021064,0.1865833506989795,5.3004027261662605,0.07196975226639027,4.9909038073183645,0.11025536523452664,0.5671013954350642,12,0.2620192307692308,8437,0.2882541187625933,1.5665835073802636,92,1.0,5.365853274311189
loading_focus_soft,settings_numeric,1.0,reported,20,0.5668297410011292,0.027845080941915512,0.5747157335281372,0.4689534902572632,0.9889669007021064,0.07946030506793147,12.446049632664106,0.154048057994563,10.682807915042819,0.24780303105043822,0.7222736599058621,20,0.13701923076923078,8437,0.1392675121488681,1.7868164851244497,92,0.782608695652174,9.872648839092918
loading_focus_soft,settings_numeric,1.0,reported,30,0.5668297410011292,0.027845080941915512,0.5747157335281372,0.4689534902572632,0.9877632898696088,0.0486071773438486,20.3213464316626,0.22918315103560624,15.893219374203596,0.3569916632581882,0.791279387194759,30,0.10697115384615384,8437,0.10868792224724429,2.3084997875722864,92,0.782608695652174,16.16661964366231
loading_focus_soft,settings_numeric,1.0,reported,50,0.5668297410011292,0.027845080941915512,0.5747157335281372,0.4689534902572632,0.9861584754262789,0.022359125475843164,44.105413536487646,0.392213180149992,27.19890221166131,0.5519747422848346,0.8733699265478975,50,0.06850961538461539,8437,0.06969301884556121,3.2940509450768145,92,0.782608695652174,35.326184906486596
loading_focus_soft,settings_numeric,1.0,reported,80,0.5668297410011292,0.027845080941915512,0.5747157335281372,0.4689534902572632,0.9825476429287864,0.01065125575634482,92.2471176549765,0.5744106954380204,39.833797346066575,0.719887072125192,0.9296810149163359,80,0.056490384615384616,8437,0.05546995377503852,5.830820443102547,92,0.782608695652174,74.94275830878489
loading_focus_soft,settings_numeric,1.0,pessimistic,8,0.7895786762237549,0.05607084184885025,0.8003107905387878,0.4689534902572632,0.9971915747241725,0.8535180842414832,1.1683309271769808,0.01680675110050241,1.1655018311814003,0.004831040001713845,0.15751402496791067,8,0.9242788461538461,8437,0.7302358658290862,0.8524335554222279,92,0.782608695652174,0.9169004726167758
loading_focus_soft,settings_numeric,1.0,pessimistic,12,0.7895786762237549,0.05607084184885025,0.8003107905387878,0.4689534902572632,0.9899699097291875,0.16708001796243738,5.925124511009753,0.07977562600022631,5.532219620014891,0.124280188981995,0.5808826087524492,12,0.23918269230769232,8437,0.20599739243807041,1.2402619695398893,92,0.782608695652174,4.688700730016319
loading_focus_soft,settings_numeric,1.0,pessimistic,20,0.7895786762237549,0.05607084184885025,0.8003107905387878,0.4689534902572632,0.9899699097291875,0.10852012409343989,9.122454641470796,0.11775513612827794,8.16599388946864,0.18958666139927566,0.689342072318891,20,0.19831730769230768,8437,0.14732724902216426,1.3700432213369513,92,0.782608695652174,7.2237654139165315
loading_focus_soft,settings_numeric,1.0,pessimistic,30,0.7895786762237549,0.05607084184885025,0.8003107905387878,0.4689534902572632,0.9897693079237713,0.05886513790279738,16.814184816115677,0.1974389755902361,13.691848366227132,0.3126817493210011,0.7775873749630349,30,0.14423076923076922,8437,0.13132630081782623,2.302950985747435,92,0.782608695652174,13.33924095798378
loading_focus_soft,settings_numeric,1.0,pessimistic,50,0.7895786762237549,0.05607084184885025,0.8003107905387878,0.4689534902572632,0.9705115346038115,0.02508577650853656,38.68772147729018,0.3614493836384012,25.06551777858791,0.5165695231211089,0.8630256194087935,50,0.07932692307692307,8437,0.09505748488799336,4.078131792598206,92,0.782608695652174,31.45385148133898
loading_focus_soft,settings_numeric,1.0,pessimistic,80,0.7895786762237549,0.05607084184885025,0.8003107905387878,0.4689534902572632,0.965295887662989,0.010231545209869948,94.34507377554351,0.5798987707881417,40.214380233977415,0.719481061768475,0.9211487648628147,80,0.052884615384615384,8437,0.014578641697285765,1.4404114157965895,92,0.782608695652174,78.08183693741881
loading_focus_soft,no_settings,0.0,optimistic,8,0.33336445689201355,0.06454956531524658,0.33729755878448486,0.24065956473350525,0.9811434302908726,0.9169706877676389,1.0699834175500875,0.015413802775177822,1.0689047069544377,0.0020136773789936825,0.09725366520759626,8,0.9579326923076923,8437,0.975346687211094,1.065383967239151,92,1.0,1.0905740722953288
loading_focus_soft,no_settings,0.0,optimistic,12,0.33336445689201355,0.06454956531524658,0.33729755878448486,0.24065956473350525,0.9731193580742227,0.4721097939309268,2.06121408745144,0.029275092936802975,2.0301469464154547,0.029672922282246866,0.33827793207058043,12,0.5997596153846154,8437,0.4573900675595591,0.9680550040656645,92,1.0,2.1187912491213665
loading_focus_soft,no_settings,0.0,optimistic,20,0.33336445689201355,0.06454956531524658,0.33729755878448486,0.24065956473350525,0.8764292878635908,0.17129766869869184,5.1164110668966964,0.06964547599311356,4.829721658759355,0.105128489790582,0.5694983460233028,20,0.2848557692307692,8437,0.28552803129074317,1.6955631602584336,92,0.8913043478260869,5.20916243118982
loading_focus_soft,no_settings,0.0,optimistic,30,0.33336445689201355,0.06454956531524658,0.33729755878448486,0.24065956473350525,0.841925777331996,0.13536105379632593,6.219852414852049,0.08341283090865728,5.784449748003849,0.12893008428238908,0.6345087745303079,30,0.28125,8437,0.2414365295721228,1.8198602927963234,92,0.7608695652173914,5.628062073764525
loading_focus_soft,no_settings,0.0,optimistic,50,0.33336445689201355,0.06454956531524658,0.33729755878448486,0.24065956473350525,0.7979939819458375,0.07559779402484804,10.555783964854147,0.13378173869177737,9.277394571472952,0.20962557324682343,0.7398858516995778,50,0.22716346153846154,8437,0.24036979969183359,3.365866021442299,92,0.7608695652173914,10.089408277914222
loading_focus_soft,no_settings,0.0,optimistic,80,0.33336445689201355,0.06454956531524658,0.33729755878448486,0.24065956473350525,0.7317953861584754,0.024848038366827016,29.450831303264863,0.3011391778107974,20.88317135656598,0.4147332627022675,0.8286352452412578,80,0.09134615384615384,8437,0.11473272490221642,5.084382693272747,92,0.6956521739130435,28.201898098796352
loading_focus_soft,no_settings,0.0,reported,8,0.4555921256542206,0.08754582703113556,0.46097710728645325,0.24065956473350525,0.9590772316950853,0.8625873540918844,1.1118609925655398,0.016007419460682886,1.110070386736255,0.0032135144812237464,0.14316218507872197,8,0.9290865384615384,8437,0.9574493303306862,1.1130819543631316,92,1.0,1.1593527591805337
loading_focus_soft,no_settings,0.0,reported,12,0.4555921256542206,0.08754582703113556,0.46097710728645325,0.24065956473350525,0.9542627883650953,0.8093839060083179,1.178998966104088,0.01695761131885799,1.1759635712104175,0.005131661662341004,0.19938320417241479,12,0.9002403846153846,8437,0.8748370273794003,1.0830918212100633,92,1.0,1.2355862359163359
loading_focus_soft,no_settings,0.0,reported,20,0.4555921256542206,0.08754582703113556,0.46097710728645325,0.24065956473350525,0.9502507522567704,0.32628532686059447,2.912330632210027,0.04086932514278812,2.8341749698217216,0.052159257091298726,0.498720933713448,20,0.5060096153846154,8437,0.40701671210145784,1.2553123033071871,92,1.0,3.066512419312729
loading_focus_soft,no_settings,0.0,reported,30,0.4555921256542206,0.08754582703113556,0.46097710728645325,0.24065956473350525,0.8818455366098295,0.21356516226361932,4.129163798360063,0.0569725246241576,3.9508874368049716,0.08216596219216665,0.6044533506679773,30,0.3894230769230769,8437,0.33922010193196633,1.6124577286678805,92,0.9565217391304348,4.483040869900236
loading_focus_soft,no_settings,0.0,reported,50,0.4555921256542206,0.08754582703113556,0.46097710728645325,0.24065956473350525,0.831494483450351,0.11589587656400879,7.174495832827325,0.0949990832416575,6.587924389229293,0.14847633893146867,0.7123102600347745,50,0.24519230769230768,8437,0.2590968353680218,2.308011631727677,92,0.8478260869565217,7.327911743841343
loading_focus_soft,no_settings,0.0,reported,80,0.4555921256542206,0.08754582703113556,0.46097710728645325,0.24065956473350525,0.7438314944834503,0.040309822694306906,18.452859495918947,0.21259029927760578,14.742550872431535,0.3153154954425411,0.8062195602415853,80,0.14783653846153846,8437,0.1953300936351784,5.370106861867886,92,0.6956521739130435,17.33374892656086
loading_focus_soft,no_settings,0.0,pessimistic,8,0.5740240216255188,0.23305676877498627,0.5790128111839294,0.24065956473350525,0.8367101303911735,0.7648094719571719,1.094011202881687,0.015754485363550518,1.0925301047618776,0.0026955886151031664,0.10018769018450598,8,0.8713942307692307,8437,0.84544269290032,1.1083963658560836,92,0.9130434782608695,1.1938807137247898
loading_focus_soft,no_settings,0.0,pessimistic,12,0.5740240216255188,0.23305676877498627,0.5790128111839294,0.24065956473350525,0.8345035105315948,0.7617482265028133,1.0955109332683335,0.01577574176324252,1.0940041774495257,0.0027383231549453243,0.12576970769569895,12,0.8713942307692307,8437,0.8447315396467939,1.1120139440534957,92,0.9130434782608695,1.1986801278145442
loading_focus_soft,no_settings,0.0,pessimistic,20,0.5740240216255188,0.23305676877498627,0.5790128111839294,0.24065956473350525,0.8343029087261785,0.7493007270091074,1.113442011535694,0.016029816460721363,1.111623556911842,0.0032505574374065093,0.16931831725156116,20,0.8653846153846154,8437,0.8443759630200308,1.1305276552720411,92,0.9130434782608695,1.2185993414145124
loading_focus_soft,no_settings,0.0,pessimistic,30,0.5740240216255188,0.23305676877498627,0.5790128111839294,0.24065956473350525,0.8337011033099297,0.7490365735183191,1.11303123610364,0.016023997439861815,1.111220023865691,0.003238783737584417,0.18174965719299496,30,0.8653846153846154,8437,0.8442574374777765,1.1307744849706576,92,0.9130434782608695,1.2190292313127462
loading_focus_soft,no_settings,0.0,pessimistic,50,0.5740240216255188,0.23305676877498627,0.5790128111839294,0.24065956473350525,0.8288866599799398,0.7486873039027211,1.1071199627122823,0.015940251062811998,1.1054124436128097,0.0030696311792657595,0.19683962910624836,50,0.8653846153846154,8437,0.8442574374777765,1.1313171553033747,92,0.9130434782608695,1.2195981071589208
loading_focus_soft,no_settings,0.0,pessimistic,80,0.5740240216255188,0.23305676877498627,0.5790128111839294,0.24065956473350525,0.8234704112337011,0.7482294378520212,1.1005586917265349,0.015847279325187716,1.098965110050169,0.002881844019718313,0.21367210809269147,80,0.8653846153846154,8437,0.8439018608510134,1.1315388681344967,92,0.9130434782608695,1.2203446650986836
loading_focus_soft,no_settings,0.25,optimistic,8,0.40968382358551025,0.052946265786886215,0.41490331292152405,0.18049466609954834,0.9809428284854563,0.8671484043661637,1.1312283151838005,0.016281710212194968,1.1290916937843434,0.0037691958107086885,0.1404185083806758,8,0.9314903846153846,8437,0.9738058551617874,1.1265161724118489,92,1.0,1.1532528651961198
loading_focus_soft,no_settings,0.25,optimistic,12,0.40968382358551025,0.052946265786886215,0.41490331292152405,0.18049466609954834,0.9695085255767302,0.7774213336229239,1.2470824810770824,0.017919313037384737,1.2426549327526086,0.007071500620277178,0.2261215033391463,12,0.8822115384615384,8437,0.9197582078938011,1.1886142393694088,92,1.0,1.2864032569943804
loading_focus_soft,no_settings,0.25,optimistic,20,0.40968382358551025,0.052946265786886215,0.41490331292152405,0.18049466609954834,0.9414242728184554,0.23274857577242883,4.0448121742276015,0.0558737037610277,3.874687240796837,0.08045244970657402,0.569342055769645,20,0.40625,8437,0.39919402631267037,1.7468497589819343,92,1.0,4.3003105746894255
loading_focus_soft,no_settings,0.25,optimistic,30,0.40968382358551025,0.052946265786886215,0.41490331292152405,0.18049466609954834,0.9075225677031094,0.1323056784195403,6.859286604656243,0.09120599975807427,6.3248845120094765,0.14330262096562474,0.6730955564047945,30,0.2283653846153846,8437,0.26490458693848523,2.0544991415259957,92,1.0,7.571666740763794
loading_focus_soft,no_settings,0.25,optimistic,50,0.40968382358551025,0.052946265786886215,0.41490331292152405,0.18049466609954834,0.8898696088264795,0.05104912961424785,17.43163136278265,0.2032159054468826,14.09246251742538,0.3147839887085521,0.8092808002968793,50,0.14302884615384615,8437,0.17695863458575323,3.698034801782803,92,0.8260869565217391,16.24882560740765
loading_focus_soft,no_settings,0.25,optimistic,80,0.40968382358551025,0.052946265786886215,0.41490331292152405,0.18049466609954834,0.869408224674022,0.01751924651684272,49.62589137827286,0.42065417839464236,29.17120699183837,0.5583975153754047,0.8999338926351707,80,0.08052884615384616,8437,0.09327960175417803,5.981162947369307,92,0.782608695652174,45.20457712469863
loading_focus_soft,no_settings,0.25,reported,8,0.5013545751571655,0.07019346207380295,0.5076630115509033,0.18049466609954834,0.9787362086258776,0.8280331424579775,1.1820012490327925,0.017000059233655867,1.1789072170186357,0.005219624203343207,0.17046656707683086,8,0.9098557692307693,8437,0.9134763541543203,1.1060862353469865,92,1.0,1.2077488759981279
loading_focus_soft,no_settings,0.25,reported,12,0.5013545751571655,0.07019346207380295,0.5076630115509033,0.18049466609954834,0.9771313941825477,0.380941619143497,2.5650423715306143,0.03617204556593545,2.508431587554989,0.04315082486457524,0.4237818441099092,12,0.5024038461538461,8437,0.4380704041720991,1.1543630237192597,92,1.0,2.626226879158667
loading_focus_soft,no_settings,0.25,reported,20,0.5013545751571655,0.07019346207380295,0.5076630115509033,0.18049466609954834,0.9458375125376128,0.22077068248456905,4.284253243651239,0.05898616358495759,4.0905277445668,0.08624085634776839,0.5835990648741877,20,0.3786057692307692,8437,0.37809647979139505,1.7441812287579448,92,1.0,4.533909247008399
loading_focus_soft,no_settings,0.25,reported,30,0.5013545751571655,0.07019346207380295,0.5076630115509033,0.18049466609954834,0.8890672016048144,0.1434852411574619,6.196227531367806,0.08312233912864082,5.764304944315871,0.12906012031188863,0.677633752545967,30,0.2824519230769231,8437,0.33542728457982696,2.419909363538168,92,0.9565217391304348,6.6765605496192455
loading_focus_soft,no_settings,0.25,reported,50,0.5013545751571655,0.07019346207380295,0.5076630115509033,0.18049466609954834,0.8708124373119358,0.08911071259806698,9.772253098678798,0.12509365454440666,8.67489989997657,0.19855103890851553,0.7649839052248223,50,0.22596153846153846,8437,0.2263837857058196,2.6438946262562126,92,0.9565217391304348,10.762378299503505
loading_focus_soft,no_settings,0.25,reported,80,0.5013545751571655,0.07019346207380295,0.5076630115509033,0.18049466609954834,0.8156469408224674,0.019887822817578536,41.01237970108673,0.3750230584762959,26.006814688670328,0.5040063884179151,0.8823628897416952,80,0.08774038461538461,8437,0.09944292995140452,5.565487637977595,92,0.782608695652174,39.763035695755946
loading_focus_soft,no_settings,0.25,pessimistic,8,0.5901784896850586,0.17932665348052979,0.5961897373199463,0.18049466609954834,0.8431293881644935,0.7640258166011664,1.103535207638959,0.015889458064760033,1.1018900892989536,0.002968213692104783,0.12204914862118818,8,0.8725961538461539,8437,0.8450871162735569,1.1090854660784726,92,0.9130434782608695,1.195105663194349
loading_focus_soft,no_settings,0.25,pessimistic,12,0.5901784896850586,0.17932665348052979,0.5961897373199463,0.18049466609954834,0.8407221664994985,0.7624526358115823,1.1026549414503672,0.015876984623077885,1.1010250905234769,0.0029428986575656666,0.14279890771301446,12,0.8725961538461539,8437,0.8444944885622852,1.110637051476324,92,0.9130434782608695,1.1975723415497557
loading_focus_soft,no_settings,0.25,pessimistic,20,0.5901784896850586,0.17932665348052979,0.5961897373199463,0.18049466609954834,0.8407221664994985,0.7513523191208972,1.1189453271178647,0.016107769471722044,1.1170293832089115,0.003408164711409039,0.17316354399763204,20,0.8665865384615384,8437,0.8442574374777765,1.1271895712256177,92,0.9130434782608695,1.2152708238120398
loading_focus_soft,no_settings,0.25,pessimistic,30,0.5901784896850586,0.17932665348052979,0.5961897373199463,0.18049466609954834,0.8389167502507523,0.751029464854378,1.1170224199038785,0.016080533403059222,1.1151406369717072,0.0033531303944590416,0.18556191419117743,30,0.8665865384615384,8437,0.8442574374777765,1.127688004874119,92,0.9130434782608695,1.2157934187714585
loading_focus_soft,no_settings,0.25,pessimistic,50,0.5901784896850586,0.17932665348052979,0.5961897373199463,0.18049466609954834,0.8359077231695086,0.6968603890100408,1.1995339903836382,0.017247873507315964,1.1960924533570911,0.005702174423730667,0.2639580704107532,50,0.8353365384615384,8437,0.8303899490340169,1.197442040800483,92,0.9130434782608695,1.3103341838080556
loading_focus_soft,no_settings,0.25,pessimistic,80,0.5901784896850586,0.17932665348052979,0.5961897373199463,0.18049466609954834,0.8132397191574724,0.6747155213656149,1.2053075606019652,0.01732945194646422,1.2017496930962677,0.005862688630837469,0.2993340606585883,80,0.8221153846153846,8437,0.8222116866184663,1.225406896555508,92,0.9130434782608695,1.3533564398528242
loading_focus_soft,no_settings,0.5,optimistic,8,0.48600324988365173,0.04134295880794525,0.492509126663208,0.12032978236675262,0.989568706118355,0.2796945211630972,3.538033930744434,0.0492177834537255,3.413117526342847,0.06817068797066246,0.48763194448112074,8,0.4543269230769231,8437,0.481687803721702,1.7543634652017934,92,1.0,3.5778179259056957
loading_focus_soft,no_settings,0.5,optimistic,12,0.48600324988365173,0.04134295880794525,0.492509126663208,0.12032978236675262,0.989568706118355,0.25502552016224894,3.8802732584910906,0.0537229234505516,3.7255365587085025,0.07665470351722259,0.5304736247794329,12,0.4326923076923077,8437,0.47576152660898424,1.9074664015212321,92,1.0,3.924272448673932
loading_focus_soft,no_settings,0.5,optimistic,20,0.48600324988365173,0.04134295880794525,0.492509126663208,0.12032978236675262,0.989568706118355,0.13961098995923232,7.088043043082196,0.09396190476190476,6.515998922481731,0.1492183178099469,0.6531984304243966,20,0.28846153846153844,8437,0.1966338745999763,1.4232012731731405,92,1.0,7.1747024749868356
loading_focus_soft,no_settings,0.5,optimistic,30,0.48600324988365173,0.04134295880794525,0.492509126663208,0.12032978236675262,0.9893681043129389,0.07540995154250964,13.119861292514136,0.16104489795918367,11.168019467381736,0.2586121698634489,0.7499072876524767,30,0.16466346153846154,8437,0.14744577456441862,2.0038609880820335,92,1.0,13.304909964454513
loading_focus_soft,no_settings,0.5,optimistic,50,0.48600324988365173,0.04134295880794525,0.492509126663208,0.12032978236675262,0.9879638916750251,0.025843016515463252,38.22943390079381,0.3587035688273853,24.875103095155822,0.5160767793704502,0.8640492004411453,50,0.08173076923076923,8437,0.04764726798625104,1.884082865984003,92,1.0,39.093194077814765
loading_focus_soft,no_settings,0.5,optimistic,80,0.48600324988365173,0.04134295880794525,0.492509126663208,0.12032978236675262,0.9879638916750251,0.008033201158753313,122.98508056137723,0.6427825632993996,44.5751977938514,0.7749079067423312,0.9419229802125533,80,0.046875,8437,0.02074196989451227,2.6900926247967094,92,0.782608695652174,100.02678848193165
loading_focus_soft,no_settings,0.5,reported,8,0.5471170544624329,0.05284109339118004,0.5543489456176758,0.12032978236675262,0.9983951855566701,0.4624212308965663,2.1590600060056273,0.030622227417876194,2.1235670069107577,0.032344860360747824,0.36972904830372266,8,0.6418269230769231,8437,0.6360080597368732,1.3886227513766694,92,1.0,2.163209704051823
loading_focus_soft,no_settings,0.5,reported,12,0.5471170544624329,0.05284109339118004,0.5543489456176758,0.12032978236675262,0.9983951855566701,0.232176243209054,4.300160825057817,0.05919221712138151,4.104816988965517,0.08689827458847756,0.5358896406336509,12,0.36177884615384615,8437,0.34407964916439493,1.5003375416189886,92,1.0,4.310923518914609
loading_focus_soft,no_settings,0.5,reported,20,0.5471170544624329,0.05284109339118004,0.5543489456176758,0.12032978236675262,0.9855566700100301,0.16394539653841525,6.011493404629371,0.0808444817429366,5.606341817573964,0.1261393815129343,0.6430271116361125,20,0.3112980769230769,8437,0.29726205997392435,1.8514049431260682,92,0.782608695652174,4.778463974910333
loading_focus_soft,no_settings,0.5,reported,30,0.5471170544624329,0.05284109339118004,0.5543489456176758,0.12032978236675262,0.9823470411233701,0.07474663277675214,13.142358453221211,0.161276511658543,11.18408123857807,0.2587014694823759,0.7569976072493233,30,0.1778846153846154,8437,0.1585871755363281,2.183861542714488,92,0.782608695652174,10.497003004699659
loading_focus_soft,no_settings,0.5,reported,50,0.5471170544624329,0.05284109339118004,0.5543489456176758,0.12032978236675262,0.9811434302908726,0.053309109479881774,18.40479872696325,0.21215407304589226,14.712299786494036,0.33305604330169536,0.8256944397586502,50,0.1778846153846154,8437,0.1585871755363281,3.1319105595339005,92,0.782608695652174,14.735027986531858
loading_focus_soft,no_settings,0.5,reported,80,0.5471170544624329,0.05284109339118004,0.5543489456176758,0.12032978236675262,0.9642928786359077,0.013002221824361409,74.16369999388685,0.5204070585687994,36.08879408605811,0.6698100046489098,0.9232538343197788,80,0.0673076923076923,8437,0.03852080123266564,3.1180172250384266,92,0.782608695652174,61.16828621026797
loading_focus_soft,no_settings,0.5,pessimistic,8,0.6063330173492432,0.1255965381860733,0.6133667230606079,0.12032978236675262,0.8992978936810432,0.8463830049514104,1.062518845983528,0.015307916887196736,1.0615618126853286,0.0017966992760520338,0.09930864526153062,8,0.9194711538461539,8437,0.9113428943937418,1.0788524737578913,92,1.0,1.1815561259886223
loading_focus_soft,no_settings,0.5,pessimistic,12,0.6063330173492432,0.1255965381860733,0.6133667230606079,0.12032978236675262,0.8782347041123371,0.7985271975369155,1.0998181487384302,0.015836784893921034,1.0982373501883502,0.0028641567434961623,0.13687507296509344,12,0.8930288461538461,8437,0.8888230413654142,1.1162831001733076,92,1.0,1.2523908447467598
loading_focus_soft,no_settings,0.5,pessimistic,20,0.6063330173492432,0.1255965381860733,0.6133667230606079,0.12032978236675262,0.8686058174523571,0.738449888615278,1.1762556008792202,0.016918820918383294,1.1732735639320824,0.0050445012211330995,0.20783154418356983,20,0.859375,8437,0.86476235628778,1.1761592093931519,92,0.9130434782608695,1.2365115123680555
loading_focus_soft,no_settings,0.5,pessimistic,30,0.6063330173492432,0.1255965381860733,0.6133667230606079,0.12032978236675262,0.8680040120361083,0.5410362447939749,1.6043361611875777,0.02293495314421405,1.5904757396473863,0.017070810542208856,0.34142085057388155,30,0.7259615384615384,8437,0.584923551025246,1.0833485022093543,92,0.9130434782608695,1.6878962976002514
loading_focus_soft,no_settings,0.5,pessimistic,50,0.6063330173492432,0.1255965381860733,0.6133667230606079,0.12032978236675262,0.8627883650952859,0.2548053922532586,3.386067922133041,0.047203564686772906,3.2734370106235997,0.06391331639758245,0.5465374584313897,50,0.4579326923076923,8437,0.3980087708901268,1.5846240140281342,92,0.9130434782608695,3.585799270407803
loading_focus_soft,no_settings,0.5,pessimistic,80,0.6063330173492432,0.1255965381860733,0.6133667230606079,0.12032978236675262,0.8585757271815446,0.055539738957650325,15.45876418029653,0.18445890617592553,12.79171635494338,0.2867425933041114,0.7709367994252304,80,0.15504807692307693,8437,0.20279720279720279,3.914956876727734,92,0.9130434782608695,16.508304927105424
loading_focus_soft,no_settings,0.75,optimistic,8,0.5623226165771484,0.029739651829004288,0.5701149106025696,0.06016489118337631,0.9869608826479438,0.2824534576224425,3.494242523903606,0.048638228461272304,3.3729269861881623,0.06706524549596703,0.47983246265224483,8,0.453125,8437,0.48868081071470904,1.7628097066551507,92,1.0,3.542837232039774
loading_focus_soft,no_settings,0.75,optimistic,12,0.5623226165771484,0.029739651829004288,0.5701149106025696,0.06016489118337631,0.9869608826479438,0.26405956954721155,3.7376448213571893,0.05185060281595144,3.595696287073851,0.07312804961336997,0.5273847616447793,12,0.453125,8437,0.4778949863695626,1.8477946227536777,92,1.0,3.7898771640927498
loading_focus_soft,no_settings,0.75,optimistic,20,0.5623226165771484,0.029739651829004288,0.5701149106025696,0.06016489118337631,0.9867602808425275,0.11308117436771926,8.72612339197826,0.11321840403249937,7.851384032180321,0.18196607632732598,0.6825476356302851,20,0.21514423076923078,8437,0.16593575915609815,1.4850285078063283,92,1.0,8.861978353626808
loading_focus_soft,no_settings,0.75,optimistic,30,0.5623226165771484,0.029739651829004288,0.5701149106025696,0.06016489118337631,0.9865596790371113,0.05596238454291173,17.628978591514826,0.205044819678966,14.219292674772284,0.3233672279175977,0.7794492421924877,30,0.13221153846153846,8437,0.06803366125400023,1.2223985702434257,92,1.0,17.950935441370223
loading_focus_soft,no_settings,0.75,optimistic,50,0.5623226165771484,0.029739651829004288,0.5701149106025696,0.06016489118337631,0.9773319959879639,0.02606314442445357,37.49862181138009,0.3542757417102967,24.568045497749793,0.5096613896053985,0.8624101533984655,50,0.08533653846153846,8437,0.04100983762000711,1.5967310505449077,92,0.782608695652174,30.26469020258263
loading_focus_soft,no_settings,0.75,optimistic,80,0.5623226165771484,0.029739651829004288,0.5701149106025696,0.06016489118337631,0.9749247743229689,0.008288549533182081,117.6230859717964,0.6324830817282665,43.860957155694045,0.7630828747475469,0.9354408178932081,80,0.04807692307692308,8437,0.00853383904231362,1.0303680355907396,92,0.782608695652174,96.8646043983822
loading_focus_soft,no_settings,0.75,reported,8,0.592879593372345,0.03548871725797653,0.6010348200798035,0.06016489118337631,0.9889669007021064,0.2826383650659943,3.499053995982423,0.048701940174655234,3.3773452177768535,0.06719245659626047,0.48561682233688147,8,0.4567307692307692,8437,0.4812137015526846,1.733502476958702,92,1.0,3.5405172234579965
loading_focus_soft,no_settings,0.75,reported,12,0.592879593372345,0.03548871725797653,0.6010348200798035,0.06016489118337631,0.9889669007021064,0.26487844536865557,3.733663187752671,0.051798228563623566,3.592064277137495,0.0730371070181159,0.5263851921212523,12,0.45552884615384615,8437,0.4776579352850539,1.8408586797140472,92,1.0,3.7781487438300707
loading_focus_soft,no_settings,0.75,reported,20,0.592879593372345,0.03548871725797653,0.6010348200798035,0.06016489118337631,0.9795386158475426,0.12500330191863485,7.836101933412353,0.10285846691803763,7.132950968846125,0.16435796364536837,0.6595751462988707,20,0.203125,8437,0.14910513215597962,1.1986779899834503,92,0.782608695652174,6.2696126653264
loading_focus_soft,no_settings,0.75,reported,30,0.592879593372345,0.03548871725797653,0.6010348200798035,0.06016489118337631,0.9795386158475426,0.06283918041976924,15.588023416349001,0.18571482904195033,12.878811141521776,0.29514379683292213,0.7698563724614726,30,0.13701923076923078,8437,0.10027260874718502,1.6202091421349034,92,0.782608695652174,12.492801167135994
loading_focus_soft,no_settings,0.75,reported,50,0.592879593372345,0.03548871725797653,0.6010348200798035,0.06016489118337631,0.9795386158475426,0.03015752353167347,32.48073784370142,0.3221401240269165,22.339529050272603,0.47340477678121506,0.8539372666195101,50,0.08533653846153846,8437,0.07419698945122674,2.555055495172237,92,0.782608695652174,26.126765784999296
loading_focus_soft,no_settings,0.75,reported,80,0.592879593372345,0.03548871725797653,0.6010348200798035,0.06016489118337631,0.9771313941825477,0.012406408950694283,78.76021160239651,0.5353923939327324,37.12798575987359,0.6859038857959605,0.9282560043383287,80,0.08533653846153846,8437,0.00853383904231362,0.6824483354863334,92,0.782608695652174,64.15677287709936
loading_focus_soft,no_settings,0.75,pessimistic,8,0.622487485408783,0.07186644524335861,0.6305437088012695,0.06016489118337631,0.9777331995987963,0.39254382746668,2.490761874689747,0.03516137875312009,2.4383446317830693,0.04118905006074986,0.4017028267563626,8,0.5745192307692307,8437,0.5171269408557544,1.3280762797157615,92,0.9130434782608695,2.3267990163230516
loading_focus_soft,no_settings,0.75,pessimistic,12,0.622487485408783,0.07186644524335861,0.6305437088012695,0.06016489118337631,0.9725175526579739,0.2653568566908612,3.6649422396156504,0.050893363287073,3.529314366075825,0.07127209160677445,0.49841717091178456,12,0.4338942307692308,8437,0.448026549721465,1.718429802402748,92,0.9130434782608695,3.443083459045448
loading_focus_soft,no_settings,0.75,pessimistic,20,0.622487485408783,0.07186644524335861,0.6305437088012695,0.06016489118337631,0.9725175526579739,0.1586505865675015,6.129933545781088,0.08230620352449831,5.707708191294878,0.12859736865825652,0.6148769614086868,20,0.28725961538461536,8437,0.3034253881711509,1.9579051429133683,92,0.9130434782608695,5.76245982067332
loading_focus_soft,no_settings,0.75,pessimistic,30,0.622487485408783,0.07186644524335861,0.6305437088012695,0.06016489118337631,0.9725175526579739,0.08314377874503612,11.696816855536957,0.14612973233662888,10.1336938715834,0.23489804461076816,0.7326588644209121,30,0.18389423076923078,8437,0.2810240606850776,3.597372143933177,92,0.9130434782608695,11.011186677586004
loading_focus_soft,no_settings,0.75,pessimistic,50,0.622487485408783,0.07186644524335861,0.6305437088012695,0.06016489118337631,0.9671013039117352,0.03912406702454573,24.718833635189135,0.2656052008153821,18.418988064408087,0.4032509020972128,0.8263577552855055,50,0.10817307692307693,8437,0.1726917150645964,4.83289538712825,92,0.9130434782608695,23.478782766249367
loading_focus_soft,no_settings,0.75,pessimistic,80,0.622487485408783,0.07186644524335861,0.6305437088012695,0.06016489118337631,0.9544633901705115,0.015432433939614512,61.84788439109646,0.47503993610223644,32.94270927799373,0.6271785129426936,0.9090622885899478,80,0.08533653846153846,8437,0.05523290269052981,3.829811667068677,92,0.6956521739130435,45.620398118230064
loading_focus_soft,no_settings,1.0,optimistic,8,0.6386420130729675,0.018136346712708473,0.6477207541465759,0.0,0.9829488465396189,0.41511427573515386,2.367899405046595,0.03348504107042793,2.3220952372883956,0.037931501313758983,0.39450071735575076,8,0.5997596153846154,8437,0.5411876259333886,1.3138394454466404,92,1.0,2.409892317923901
loading_focus_soft,no_settings,1.0,optimistic,12,0.6386420130729675,0.018136346712708473,0.6477207541465759,0.0,0.9797392176529589,0.2671178799627837,3.6678159387513163,0.050931236573716815,3.5319407740396405,0.07137030228677406,0.5231664531700233,12,0.45913461538461536,8437,0.46153846153846156,1.7603796176274253,92,1.0,3.7464418486988276
loading_focus_soft,no_settings,1.0,optimistic,20,0.6386420130729675,0.018136346712708473,0.6477207541465759,0.0,0.9797392176529589,0.11280821576057128,8.684998792396442,0.11274498487961403,7.818553719747853,0.1810376133169616,0.6809194704975848,20,0.21153846153846154,8437,0.29015052743866304,2.6790084295482903,92,0.782608695652174,6.9486586373419135
loading_focus_soft,no_settings,1.0,optimistic,30,0.6386420130729675,0.018136346712708473,0.6477207541465759,0.0,0.9795386158475426,0.06820443132155991,14.361803138997853,0.1736424735962448,12.041626590236197,0.27728705823111677,0.7577242791052274,30,0.13221153846153846,8437,0.10323574730354391,1.533623404995652,92,0.782608695652174,11.507009898314248
loading_focus_soft,no_settings,1.0,optimistic,50,0.6386420130729675,0.018136346712708473,0.6477207541465759,0.0,0.9769307923771314,0.02577551062337289,37.90151072666873,0.3567242894813947,24.737845531907766,0.5123133423614424,0.8621036625060214,50,0.08533653846153846,8437,0.014578641697285765,0.5594299100732106,92,0.782608695652174,30.60521140118804
loading_focus_soft,no_settings,1.0,optimistic,80,0.6386420130729675,0.018136346712708473,0.6477207541465759,0.0,0.9759277833500501,0.013536398883511245,72.09655919188616,0.5133481059406986,35.599275191830635,0.6664946945600622,0.9222083973245996,80,0.08533653846153846,8437,0.014578641697285765,1.079105277639548,92,0.782608695652174,58.71616548553917
loading_focus_soft,no_settings,1.0,reported,8,0.6386420130729675,0.018136346712708473,0.6477207541465759,0.0,0.9829488465396189,0.41511427573515386,2.367899405046595,0.03348504107042793,2.3220952372883956,0.037931501313758983,0.39450071735575076,8,0.5997596153846154,8437,0.5411876259333886,1.3138394454466404,92,1.0,2.409892317923901
loading_focus_soft,no_settings,1.0,reported,12,0.6386420130729675,0.018136346712708473,0.6477207541465759,0.0,0.9797392176529589,0.2671178799627837,3.6678159387513163,0.050931236573716815,3.5319407740396405,0.07137030228677406,0.5231664531700233,12,0.45913461538461536,8437,0.46153846153846156,1.7603796176274253,92,1.0,3.7464418486988276
loading_focus_soft,no_settings,1.0,reported,20,0.6386420130729675,0.018136346712708473,0.6477207541465759,0.0,0.9797392176529589,0.11280821576057128,8.684998792396442,0.11274498487961403,7.818553719747853,0.1810376133169616,0.6809194704975848,20,0.21153846153846154,8437,0.29015052743866304,2.6790084295482903,92,0.782608695652174,6.9486586373419135
loading_focus_soft,no_settings,1.0,reported,30,0.6386420130729675,0.018136346712708473,0.6477207541465759,0.0,0.9795386158475426,0.06820443132155991,14.361803138997853,0.1736424735962448,12.041626590236197,0.27728705823111677,0.7577242791052274,30,0.13221153846153846,8437,0.10323574730354391,1.533623404995652,92,0.782608695652174,11.507009898314248
loading_focus_soft,no_settings,1.0,reported,50,0.6386420130729675,0.018136346712708473,0.6477207541465759,0.0,0.9769307923771314,0.02577551062337289,37.90151072666873,0.3567242894813947,24.737845531907766,0.5123133423614424,0.8621036625060214,50,0.08533653846153846,8437,0.014578641697285765,0.5594299100732106,92,0.782608695652174,30.60521140118804
loading_focus_soft,no_settings,1.0,reported,80,0.6386420130729675,0.018136346712708473,0.6477207541465759,0.0,0.9759277833500501,0.013536398883511245,72.09655919188616,0.5133481059406986,35.599275191830635,0.6664946945600622,0.9222083973245996,80,0.08533653846153846,8437,0.014578641697285765,1.079105277639548,92,0.782608695652174,58.71616548553917
loading_focus_soft,no_settings,1.0,pessimistic,8,0.6386420130729675,0.018136346712708473,0.6477207541465759,0.0,0.9829488465396189,0.41511427573515386,2.367899405046595,0.03348504107042793,2.3220952372883956,0.037931501313758983,0.39450071735575076,8,0.5997596153846154,8437,0.5411876259333886,1.3138394454466404,92,1.0,2.409892317923901
loading_focus_soft,no_settings,1.0,pessimistic,12,0.6386420130729675,0.018136346712708473,0.6477207541465759,0.0,0.9797392176529589,0.2671178799627837,3.6678159387513163,0.050931236573716815,3.5319407740396405,0.07137030228677406,0.5231664531700233,12,0.45913461538461536,8437,0.46153846153846156,1.7603796176274253,92,1.0,3.7464418486988276
loading_focus_soft,no_settings,1.0,pessimistic,20,0.6386420130729675,0.018136346712708473,0.6477207541465759,0.0,0.9797392176529589,0.11280821576057128,8.684998792396442,0.11274498487961403,7.818553719747853,0.1810376133169616,0.6809194704975848,20,0.21153846153846154,8437,0.29015052743866304,2.6790084295482903,92,0.782608695652174,6.9486586373419135
loading_focus_soft,no_settings,1.0,pessimistic,30,0.6386420130729675,0.018136346712708473,0.6477207541465759,0.0,0.9795386158475426,0.06820443132155991,14.361803138997853,0.1736424735962448,12.041626590236197,0.27728705823111677,0.7577242791052274,30,0.13221153846153846,8437,0.10323574730354391,1.533623404995652,92,0.782608695652174,11.507009898314248
loading_focus_soft,no_settings,1.0,pessimistic,50,0.6386420130729675,0.018136346712708473,0.6477207541465759,0.0,0.9769307923771314,0.02577551062337289,37.90151072666873,0.3567242894813947,24.737845531907766,0.5123133423614424,0.8621036625060214,50,0.08533653846153846,8437,0.014578641697285765,0.5594299100732106,92,0.782608695652174,30.60521140118804
loading_focus_soft,no_settings,1.0,pessimistic,80,0.6386420130729675,0.018136346712708473,0.6477207541465759,0.0,0.9759277833500501,0.013536398883511245,72.09655919188616,0.5133481059406986,35.599275191830635,0.6664946945600622,0.9222083973245996,80,0.08533653846153846,8437,0.014578641697285765,1.079105277639548,92,0.782608695652174,58.71616548553917
