view_support,directed_neighbor_hits,mean_neighbor_rank,mean_distance,shared_author,same_location_exact,left_sample_id,left_paper_group,left_doi,left_sample_label,left_matrix,left_filler,left_surface_treatment,left_process_family,left_sequence,left_authors,left_location,right_sample_id,right_paper_group,right_doi,right_sample_label,right_matrix,right_filler,right_surface_treatment,right_process_family,right_sequence,right_authors,right_location
18,34,1.8823529411764706,0.23618531402419596,False,False,l132-s1-holt-2014,article:l132,10.1021/ma5000317, in poly(2-vinylpyridine),Poly(2-vinyl pyridine),,,Solution Processing,solvent > mixing > drying evaporation > drying evaporation,"Holt, Adam P. | Griffin, Philip J. | Bocharova, Vera | Agapov, Alexander L. | Imel, Adam E. | Dadmun, Mark D. | Sangoro, Joshua R. | Sokolov, Alexei P.","Department of Physics and Astronomy, University of Tennessee , Knoxville, Tennessee 37996, United States, Chemical Sciences Division, Oak Ridge National Laboratory , Oak Ridge, Tennessee 37831, USA",l171-s10-rittigstein-2006,article:l171,10.1002/polb.20925,alumina in poly(2-vinyl pyridine),Poly(2-vinyl pyridine),Aluminium oxide,,Solution Processing,solvent > mixing > drying evaporation > cooling > cooling,"Rittigstein, Perla | Torkelson, John M.","Department of Chemical and Biological Engineering, Northwestern University, Evanston, Illinois 60208"
18,33,1.3333333333333333,0.16623020081809073,False,False,e139-s6-hassinger-2016,article:e139,unpublished/doi-nnzNriDmKkz2NFA7BCR2dG,silica in polypropylene,Poly(propylene),Silicon dioxide,chloropropyldimethylethoxysilane,Solution Processing,mixing > drying evaporation > extrusion|output,,,e410-s2-prasad-2021,article:e410,unpublished-,Silica in Polypropylene,Poly(propylene),Silicon dioxide,n-octyldimethylmethoxysilane,Melt Mixing,mixing > drying evaporation > extrusion|output,,
18,32,2.34375,0.23605953948572278,False,False,l132-s1-holt-2014,article:l132,10.1021/ma5000317, in poly(2-vinylpyridine),Poly(2-vinyl pyridine),,,Solution Processing,solvent > mixing > drying evaporation > drying evaporation,"Holt, Adam P. | Griffin, Philip J. | Bocharova, Vera | Agapov, Alexander L. | Imel, Adam E. | Dadmun, Mark D. | Sangoro, Joshua R. | Sokolov, Alexei P.","Department of Physics and Astronomy, University of Tennessee , Knoxville, Tennessee 37996, United States, Chemical Sciences Division, Oak Ridge National Laboratory , Oak Ridge, Tennessee 37831, USA",l171-s7-rittigstein-2006,article:l171,10.1002/polb.20925,alumina in poly(2-vinyl pyridine),Poly(2-vinyl pyridine),Aluminium oxide,,Solution Processing,solvent > mixing > drying evaporation > cooling > cooling,"Rittigstein, Perla | Torkelson, John M.","Department of Chemical and Biological Engineering, Northwestern University, Evanston, Illinois 60208"
18,32,2.8125,0.23605953948572278,False,False,l132-s1-holt-2014,article:l132,10.1021/ma5000317, in poly(2-vinylpyridine),Poly(2-vinyl pyridine),,,Solution Processing,solvent > mixing > drying evaporation > drying evaporation,"Holt, Adam P. | Griffin, Philip J. | Bocharova, Vera | Agapov, Alexander L. | Imel, Adam E. | Dadmun, Mark D. | Sangoro, Joshua R. | Sokolov, Alexei P.","Department of Physics and Astronomy, University of Tennessee , Knoxville, Tennessee 37996, United States, Chemical Sciences Division, Oak Ridge National Laboratory , Oak Ridge, Tennessee 37831, USA",l171-s8-rittigstein-2006,article:l171,10.1002/polb.20925,alumina in poly(2-vinyl pyridine),Poly(2-vinyl pyridine),Aluminium oxide,,Solution Processing,solvent > mixing > drying evaporation > cooling > cooling,"Rittigstein, Perla | Torkelson, John M.","Department of Chemical and Biological Engineering, Northwestern University, Evanston, Illinois 60208"
18,32,3.28125,0.23605953948572278,False,False,l132-s1-holt-2014,article:l132,10.1021/ma5000317, in poly(2-vinylpyridine),Poly(2-vinyl pyridine),,,Solution Processing,solvent > mixing > drying evaporation > drying evaporation,"Holt, Adam P. | Griffin, Philip J. | Bocharova, Vera | Agapov, Alexander L. | Imel, Adam E. | Dadmun, Mark D. | Sangoro, Joshua R. | Sokolov, Alexei P.","Department of Physics and Astronomy, University of Tennessee , Knoxville, Tennessee 37996, United States, Chemical Sciences Division, Oak Ridge National Laboratory , Oak Ridge, Tennessee 37831, USA",l171-s9-rittigstein-2006,article:l171,10.1002/polb.20925,alumina in poly(2-vinyl pyridine),Poly(2-vinyl pyridine),Aluminium oxide,,Solution Processing,solvent > mixing > drying evaporation > cooling > cooling,"Rittigstein, Perla | Torkelson, John M.","Department of Chemical and Biological Engineering, Northwestern University, Evanston, Illinois 60208"
18,31,1.6129032258064515,0.20649719839134523,False,False,e408-s24-prasad-2021,article:e408,unpublished-,Silica in Polystyrene,Polystyrene,Silicon dioxide,n-octyldimethylmethoxysilane,Melt Mixing,mixing > drying evaporation > extrusion|output,,,e410-s2-prasad-2021,article:e410,unpublished-,Silica in Polypropylene,Poly(propylene),Silicon dioxide,n-octyldimethylmethoxysilane,Melt Mixing,mixing > drying evaporation > extrusion|output,,
18,28,3.5,0.25570431458098547,False,False,l132-s2-holt-2014,article:l132,10.1021/ma5000317,silica in poly(2-vinylpyridine),Poly(2-vinyl pyridine),Silicon dioxide,,Solution Processing,solvent > mixing > drying evaporation > drying evaporation,"Holt, Adam P. | Griffin, Philip J. | Bocharova, Vera | Agapov, Alexander L. | Imel, Adam E. | Dadmun, Mark D. | Sangoro, Joshua R. | Sokolov, Alexei P.","Department of Physics and Astronomy, University of Tennessee , Knoxville, Tennessee 37996, United States, Chemical Sciences Division, Oak Ridge National Laboratory , Oak Ridge, Tennessee 37831, USA",l171-s6-rittigstein-2006,article:l171,10.1002/polb.20925, in poly(2-vinyl pyridine),Poly(2-vinyl pyridine),,,Solution Processing,solvent > drying evaporation > cooling > cooling,"Rittigstein, Perla | Torkelson, John M.","Department of Chemical and Biological Engineering, Northwestern University, Evanston, Illinois 60208"
18,28,4.142857142857143,0.25570431458098547,False,False,l132-s3-holt-2014,article:l132,10.1021/ma5000317,silica in poly(2-vinylpyridine),Poly(2-vinyl pyridine),Silicon dioxide,,Solution Processing,solvent > mixing > drying evaporation > drying evaporation,"Holt, Adam P. | Griffin, Philip J. | Bocharova, Vera | Agapov, Alexander L. | Imel, Adam E. | Dadmun, Mark D. | Sangoro, Joshua R. | Sokolov, Alexei P.","Department of Physics and Astronomy, University of Tennessee , Knoxville, Tennessee 37996, United States, Chemical Sciences Division, Oak Ridge National Laboratory , Oak Ridge, Tennessee 37831, USA",l171-s6-rittigstein-2006,article:l171,10.1002/polb.20925, in poly(2-vinyl pyridine),Poly(2-vinyl pyridine),,,Solution Processing,solvent > drying evaporation > cooling > cooling,"Rittigstein, Perla | Torkelson, John M.","Department of Chemical and Biological Engineering, Northwestern University, Evanston, Illinois 60208"
18,28,4.785714285714286,0.25570431458098547,False,False,l132-s4-holt-2014,article:l132,10.1021/ma5000317,silica in poly(2-vinylpyridine),Poly(2-vinyl pyridine),Silicon dioxide,,Solution Processing,solvent > mixing > drying evaporation > drying evaporation,"Holt, Adam P. | Griffin, Philip J. | Bocharova, Vera | Agapov, Alexander L. | Imel, Adam E. | Dadmun, Mark D. | Sangoro, Joshua R. | Sokolov, Alexei P.","Department of Physics and Astronomy, University of Tennessee , Knoxville, Tennessee 37996, United States, Chemical Sciences Division, Oak Ridge National Laboratory , Oak Ridge, Tennessee 37831, USA",l171-s6-rittigstein-2006,article:l171,10.1002/polb.20925, in poly(2-vinyl pyridine),Poly(2-vinyl pyridine),,,Solution Processing,solvent > drying evaporation > cooling > cooling,"Rittigstein, Perla | Torkelson, John M.","Department of Chemical and Biological Engineering, Northwestern University, Evanston, Illinois 60208"
18,28,5.428571428571429,0.25570431458098547,False,False,l132-s5-holt-2014,article:l132,10.1021/ma5000317,silica in poly(2-vinylpyridine),Poly(2-vinyl pyridine),Silicon dioxide,,Solution Processing,solvent > mixing > drying evaporation > drying evaporation,"Holt, Adam P. | Griffin, Philip J. | Bocharova, Vera | Agapov, Alexander L. | Imel, Adam E. | Dadmun, Mark D. | Sangoro, Joshua R. | Sokolov, Alexei P.","Department of Physics and Astronomy, University of Tennessee , Knoxville, Tennessee 37996, United States, Chemical Sciences Division, Oak Ridge National Laboratory , Oak Ridge, Tennessee 37831, USA",l171-s6-rittigstein-2006,article:l171,10.1002/polb.20925, in poly(2-vinyl pyridine),Poly(2-vinyl pyridine),,,Solution Processing,solvent > drying evaporation > cooling > cooling,"Rittigstein, Perla | Torkelson, John M.","Department of Chemical and Biological Engineering, Northwestern University, Evanston, Illinois 60208"
18,28,5.928571428571429,0.25570431458098547,False,False,l132-s6-holt-2014,article:l132,10.1021/ma5000317,silica in poly(2-vinylpyridine),Poly(2-vinyl pyridine),Silicon dioxide,,Solution Processing,solvent > mixing > drying evaporation > drying evaporation,"Holt, Adam P. | Griffin, Philip J. | Bocharova, Vera | Agapov, Alexander L. | Imel, Adam E. | Dadmun, Mark D. | Sangoro, Joshua R. | Sokolov, Alexei P.","Department of Physics and Astronomy, University of Tennessee , Knoxville, Tennessee 37996, United States, Chemical Sciences Division, Oak Ridge National Laboratory , Oak Ridge, Tennessee 37831, USA",l171-s6-rittigstein-2006,article:l171,10.1002/polb.20925, in poly(2-vinyl pyridine),Poly(2-vinyl pyridine),,,Solution Processing,solvent > drying evaporation > cooling > cooling,"Rittigstein, Perla | Torkelson, John M.","Department of Chemical and Biological Engineering, Northwestern University, Evanston, Illinois 60208"
18,24,2.0833333333333335,0.2801970820873976,False,False,l132-s1-holt-2014,article:l132,10.1021/ma5000317, in poly(2-vinylpyridine),Poly(2-vinyl pyridine),,,Solution Processing,solvent > mixing > drying evaporation > drying evaporation,"Holt, Adam P. | Griffin, Philip J. | Bocharova, Vera | Agapov, Alexander L. | Imel, Adam E. | Dadmun, Mark D. | Sangoro, Joshua R. | Sokolov, Alexei P.","Department of Physics and Astronomy, University of Tennessee , Knoxville, Tennessee 37996, United States, Chemical Sciences Division, Oak Ridge National Laboratory , Oak Ridge, Tennessee 37831, USA",l171-s6-rittigstein-2006,article:l171,10.1002/polb.20925, in poly(2-vinyl pyridine),Poly(2-vinyl pyridine),,,Solution Processing,solvent > drying evaporation > cooling > cooling,"Rittigstein, Perla | Torkelson, John M.","Department of Chemical and Biological Engineering, Northwestern University, Evanston, Illinois 60208"
18,22,2.409090909090909,0.28187741745602,False,False,e116-s10-prasad-2018,article:e116,unpublished/doi-tW6qZKdpLFShLQazV6U2Fw,silica in poly(methyl methacrylate),Poly(methyl methacrylate),Silicon dioxide,chloropropyldimethylethoxysilane,Solution Processing,mixing > drying evaporation > extrusion,,,e139-s6-hassinger-2016,article:e139,unpublished/doi-nnzNriDmKkz2NFA7BCR2dG,silica in polypropylene,Poly(propylene),Silicon dioxide,chloropropyldimethylethoxysilane,Solution Processing,mixing > drying evaporation > extrusion|output,,
18,22,3.227272727272727,0.28187741745602,False,False,e116-s11-prasad-2018,article:e116,unpublished/doi-tW6qZKdpLFShLQazV6U2Fw,silica in poly(methyl methacrylate),Poly(methyl methacrylate),Silicon dioxide,chloropropyldimethylethoxysilane,Solution Processing,mixing > drying evaporation > extrusion,,,e139-s6-hassinger-2016,article:e139,unpublished/doi-nnzNriDmKkz2NFA7BCR2dG,silica in polypropylene,Poly(propylene),Silicon dioxide,chloropropyldimethylethoxysilane,Solution Processing,mixing > drying evaporation > extrusion|output,,
18,22,4.045454545454546,0.28187741745602,False,False,e116-s12-prasad-2018,article:e116,unpublished/doi-tW6qZKdpLFShLQazV6U2Fw,silica in poly(methyl methacrylate),Poly(methyl methacrylate),Silicon dioxide,chloropropyldimethylethoxysilane,Solution Processing,mixing > drying evaporation > extrusion,,,e139-s6-hassinger-2016,article:e139,unpublished/doi-nnzNriDmKkz2NFA7BCR2dG,silica in polypropylene,Poly(propylene),Silicon dioxide,chloropropyldimethylethoxysilane,Solution Processing,mixing > drying evaporation > extrusion|output,,
18,22,4.863636363636363,0.28187741745602,False,False,e116-s13-prasad-2018,article:e116,unpublished/doi-tW6qZKdpLFShLQazV6U2Fw,silica in poly(methyl methacrylate),Poly(methyl methacrylate),Silicon dioxide,chloropropyldimethylethoxysilane,Solution Processing,mixing > drying evaporation > extrusion,,,e139-s6-hassinger-2016,article:e139,unpublished/doi-nnzNriDmKkz2NFA7BCR2dG,silica in polypropylene,Poly(propylene),Silicon dioxide,chloropropyldimethylethoxysilane,Solution Processing,mixing > drying evaporation > extrusion|output,,
18,22,5.681818181818182,0.28187741745602,False,False,e116-s14-prasad-2018,article:e116,unpublished/doi-tW6qZKdpLFShLQazV6U2Fw,silica in poly(methyl methacrylate),Poly(methyl methacrylate),Silicon dioxide,chloropropyldimethylethoxysilane,Solution Processing,mixing > drying evaporation > extrusion,,,e139-s6-hassinger-2016,article:e139,unpublished/doi-nnzNriDmKkz2NFA7BCR2dG,silica in polypropylene,Poly(propylene),Silicon dioxide,chloropropyldimethylethoxysilane,Solution Processing,mixing > drying evaporation > extrusion|output,,
18,22,6.5,0.28187741745602,False,False,e116-s15-prasad-2018,article:e116,unpublished/doi-tW6qZKdpLFShLQazV6U2Fw,silica in poly(methyl methacrylate),Poly(methyl methacrylate),Silicon dioxide,chloropropyldimethylethoxysilane,Solution Processing,mixing > drying evaporation > extrusion,,,e139-s6-hassinger-2016,article:e139,unpublished/doi-nnzNriDmKkz2NFA7BCR2dG,silica in polypropylene,Poly(propylene),Silicon dioxide,chloropropyldimethylethoxysilane,Solution Processing,mixing > drying evaporation > extrusion|output,,
18,22,7.318181818181818,0.28187741745602,False,False,e116-s16-prasad-2018,article:e116,unpublished/doi-tW6qZKdpLFShLQazV6U2Fw,silica in poly(methyl methacrylate),Poly(methyl methacrylate),Silicon dioxide,chloropropyldimethylethoxysilane,Solution Processing,mixing > drying evaporation > extrusion,,,e139-s6-hassinger-2016,article:e139,unpublished/doi-nnzNriDmKkz2NFA7BCR2dG,silica in polypropylene,Poly(propylene),Silicon dioxide,chloropropyldimethylethoxysilane,Solution Processing,mixing > drying evaporation > extrusion|output,,
17,32,3.09375,0.22855708841234446,False,False,l290-s1-si-2006,article:l290,10.1021/ma060125+, in polystyrene,Polystyrene,,,Melt Mixing,mixing > mixing,"Si, Mayu | Araki, Tohru | Ade, Harald | Kilcoyne, A. L. D. | Fisher, Robert | Sokolov, Jonathan C. | Rafailovich, Miriam H.","Department of Materials Science and Engineering, State University of New York at Stony Brook, Stony Brook, New York 11794-2275; Department of Physics, North Carolina State University, Raleigh, North Carolina 27695; Advanced Light Source, Lawrence Berkeley Laboratory, Berkeley, California 94720-8225; and Hebrew Academy of Nassau County High School, Uniondale, New York 11553",l380-s2-zhao-2017,article:l380,10.1021/acs.macromol.6b02158,triphenyl phosphate in polystyrene,Polystyrene,Triphenyl phosphate,,Melt Mixing,mixing,"Zhao, Yue | Liu, Jianning | Li, Xiaoxiao | Lu, Yue | Wang, Shi-Qing","Department of Polymer Science and Institute of Polymer Science and Engineering, University of Akron, Akron, Ohio 44325-3909, United States"
17,32,3.5625,0.22855708841234446,False,False,l290-s1-si-2006,article:l290,10.1021/ma060125+, in polystyrene,Polystyrene,,,Melt Mixing,mixing > mixing,"Si, Mayu | Araki, Tohru | Ade, Harald | Kilcoyne, A. L. D. | Fisher, Robert | Sokolov, Jonathan C. | Rafailovich, Miriam H.","Department of Materials Science and Engineering, State University of New York at Stony Brook, Stony Brook, New York 11794-2275; Department of Physics, North Carolina State University, Raleigh, North Carolina 27695; Advanced Light Source, Lawrence Berkeley Laboratory, Berkeley, California 94720-8225; and Hebrew Academy of Nassau County High School, Uniondale, New York 11553",l380-s3-zhao-2017,article:l380,10.1021/acs.macromol.6b02158,triphenyl phosphate in polystyrene,Polystyrene,Triphenyl phosphate,,Melt Mixing,mixing,"Zhao, Yue | Liu, Jianning | Li, Xiaoxiao | Lu, Yue | Wang, Shi-Qing","Department of Polymer Science and Institute of Polymer Science and Engineering, University of Akron, Akron, Ohio 44325-3909, United States"
17,32,4.03125,0.22855708841234446,False,False,l290-s1-si-2006,article:l290,10.1021/ma060125+, in polystyrene,Polystyrene,,,Melt Mixing,mixing > mixing,"Si, Mayu | Araki, Tohru | Ade, Harald | Kilcoyne, A. L. D. | Fisher, Robert | Sokolov, Jonathan C. | Rafailovich, Miriam H.","Department of Materials Science and Engineering, State University of New York at Stony Brook, Stony Brook, New York 11794-2275; Department of Physics, North Carolina State University, Raleigh, North Carolina 27695; Advanced Light Source, Lawrence Berkeley Laboratory, Berkeley, California 94720-8225; and Hebrew Academy of Nassau County High School, Uniondale, New York 11553",l380-s4-zhao-2017,article:l380,10.1021/acs.macromol.6b02158,mineral oil in polystyrene,Polystyrene,Mineral oil,,Melt Mixing,mixing,"Zhao, Yue | Liu, Jianning | Li, Xiaoxiao | Lu, Yue | Wang, Shi-Qing","Department of Polymer Science and Institute of Polymer Science and Engineering, University of Akron, Akron, Ohio 44325-3909, United States"
17,32,4.65625,0.29196346178650856,True,False,l132-s1-holt-2014,article:l132,10.1021/ma5000317, in poly(2-vinylpyridine),Poly(2-vinyl pyridine),,,Solution Processing,solvent > mixing > drying evaporation > drying evaporation,"Holt, Adam P. | Griffin, Philip J. | Bocharova, Vera | Agapov, Alexander L. | Imel, Adam E. | Dadmun, Mark D. | Sangoro, Joshua R. | Sokolov, Alexei P.","Department of Physics and Astronomy, University of Tennessee , Knoxville, Tennessee 37996, United States, Chemical Sciences Division, Oak Ridge National Laboratory , Oak Ridge, Tennessee 37831, USA",l385-s1-bailey-2019,article:l385,unpublished-initial-create, in poly(2-vinylpyridine),Poly(2-vinyl pyridine),,,Solution Processing,additive > solvent > additive > solvent > mixing > additive > solvent > mixing > drying evaporation,"Bailey, Eric J. | Griffin, Philip J. | Composto, Russell J. | Winey, Karen I.","Department of Materials Science and Engineering, University of Pennsylvania, Philadelphia, Pennsylvania 19104, United States"
17,29,2.6551724137931036,0.2269358984355269,False,False,l290-s2-si-2006,article:l290,10.1021/ma060125+,montmorillonite in polystyrene,Polystyrene,Montmorillonite,,Melt Mixing,mixing > mixing,"Si, Mayu | Araki, Tohru | Ade, Harald | Kilcoyne, A. L. D. | Fisher, Robert | Sokolov, Jonathan C. | Rafailovich, Miriam H.","Department of Materials Science and Engineering, State University of New York at Stony Brook, Stony Brook, New York 11794-2275; Department of Physics, North Carolina State University, Raleigh, North Carolina 27695; Advanced Light Source, Lawrence Berkeley Laboratory, Berkeley, California 94720-8225; and Hebrew Academy of Nassau County High School, Uniondale, New York 11553",l380-s1-zhao-2017,article:l380,unpublished-initial-create, in polystyrene,Polystyrene,,,Melt Mixing,mixing,"Zhao, Yue | Liu, Jianning | Li, Xiaoxiao | Lu, Yue | Wang, Shi-Qing","Department of Polymer Science and Institute of Polymer Science and Engineering, University of Akron, Akron, Ohio 44325-3909, United States"
17,27,3.111111111111111,0.24195718544500847,True,False,l132-s2-holt-2014,article:l132,10.1021/ma5000317,silica in poly(2-vinylpyridine),Poly(2-vinyl pyridine),Silicon dioxide,,Solution Processing,solvent > mixing > drying evaporation > drying evaporation,"Holt, Adam P. | Griffin, Philip J. | Bocharova, Vera | Agapov, Alexander L. | Imel, Adam E. | Dadmun, Mark D. | Sangoro, Joshua R. | Sokolov, Alexei P.","Department of Physics and Astronomy, University of Tennessee , Knoxville, Tennessee 37996, United States, Chemical Sciences Division, Oak Ridge National Laboratory , Oak Ridge, Tennessee 37831, USA",l385-s1-bailey-2019,article:l385,unpublished-initial-create, in poly(2-vinylpyridine),Poly(2-vinyl pyridine),,,Solution Processing,additive > solvent > additive > solvent > mixing > additive > solvent > mixing > drying evaporation,"Bailey, Eric J. | Griffin, Philip J. | Composto, Russell J. | Winey, Karen I.","Department of Materials Science and Engineering, University of Pennsylvania, Philadelphia, Pennsylvania 19104, United States"
17,27,3.4814814814814814,0.24195718544500847,True,False,l132-s2-holt-2014,article:l132,10.1021/ma5000317,silica in poly(2-vinylpyridine),Poly(2-vinyl pyridine),Silicon dioxide,,Solution Processing,solvent > mixing > drying evaporation > drying evaporation,"Holt, Adam P. | Griffin, Philip J. | Bocharova, Vera | Agapov, Alexander L. | Imel, Adam E. | Dadmun, Mark D. | Sangoro, Joshua R. | Sokolov, Alexei P.","Department of Physics and Astronomy, University of Tennessee , Knoxville, Tennessee 37996, United States, Chemical Sciences Division, Oak Ridge National Laboratory , Oak Ridge, Tennessee 37831, USA",l385-s12-bailey-2019,article:l385,10.1021/acs.macromol.8b02646, in poly(2-vinylpyridine),Poly(2-vinyl pyridine),,,Solution Processing,additive > solvent > additive > solvent > mixing > additive > solvent > mixing > drying evaporation,"Bailey, Eric J. | Griffin, Philip J. | Composto, Russell J. | Winey, Karen I.","Department of Materials Science and Engineering, University of Pennsylvania, Philadelphia, Pennsylvania 19104, United States"
17,27,3.8518518518518516,0.24195718544500847,True,False,l132-s2-holt-2014,article:l132,10.1021/ma5000317,silica in poly(2-vinylpyridine),Poly(2-vinyl pyridine),Silicon dioxide,,Solution Processing,solvent > mixing > drying evaporation > drying evaporation,"Holt, Adam P. | Griffin, Philip J. | Bocharova, Vera | Agapov, Alexander L. | Imel, Adam E. | Dadmun, Mark D. | Sangoro, Joshua R. | Sokolov, Alexei P.","Department of Physics and Astronomy, University of Tennessee , Knoxville, Tennessee 37996, United States, Chemical Sciences Division, Oak Ridge National Laboratory , Oak Ridge, Tennessee 37831, USA",l385-s14-bailey-2019,article:l385,10.1021/acs.macromol.8b02646, in poly(2-vinylpyridine),Poly(2-vinyl pyridine),,,Solution Processing,additive > solvent > additive > solvent > mixing > additive > solvent > mixing > drying evaporation,"Bailey, Eric J. | Griffin, Philip J. | Composto, Russell J. | Winey, Karen I.","Department of Materials Science and Engineering, University of Pennsylvania, Philadelphia, Pennsylvania 19104, United States"
17,27,4.222222222222222,0.24195718544500847,True,False,l132-s2-holt-2014,article:l132,10.1021/ma5000317,silica in poly(2-vinylpyridine),Poly(2-vinyl pyridine),Silicon dioxide,,Solution Processing,solvent > mixing > drying evaporation > drying evaporation,"Holt, Adam P. | Griffin, Philip J. | Bocharova, Vera | Agapov, Alexander L. | Imel, Adam E. | Dadmun, Mark D. | Sangoro, Joshua R. | Sokolov, Alexei P.","Department of Physics and Astronomy, University of Tennessee , Knoxville, Tennessee 37996, United States, Chemical Sciences Division, Oak Ridge National Laboratory , Oak Ridge, Tennessee 37831, USA",l385-s16-bailey-2019,article:l385,10.1021/acs.macromol.8b02646, in poly(2-vinylpyridine),Poly(2-vinyl pyridine),,,Solution Processing,additive > solvent > additive > solvent > mixing > additive > solvent > mixing > drying evaporation,"Bailey, Eric J. | Griffin, Philip J. | Composto, Russell J. | Winey, Karen I.","Department of Materials Science and Engineering, University of Pennsylvania, Philadelphia, Pennsylvania 19104, United States"
17,27,4.592592592592593,0.24195718544500847,True,False,l132-s2-holt-2014,article:l132,10.1021/ma5000317,silica in poly(2-vinylpyridine),Poly(2-vinyl pyridine),Silicon dioxide,,Solution Processing,solvent > mixing > drying evaporation > drying evaporation,"Holt, Adam P. | Griffin, Philip J. | Bocharova, Vera | Agapov, Alexander L. | Imel, Adam E. | Dadmun, Mark D. | Sangoro, Joshua R. | Sokolov, Alexei P.","Department of Physics and Astronomy, University of Tennessee , Knoxville, Tennessee 37996, United States, Chemical Sciences Division, Oak Ridge National Laboratory , Oak Ridge, Tennessee 37831, USA",l385-s17-bailey-2019,article:l385,10.1021/acs.macromol.8b02646, in poly(2-vinylpyridine),Poly(2-vinyl pyridine),,,Solution Processing,additive > solvent > additive > solvent > mixing > additive > solvent > mixing > drying evaporation,"Bailey, Eric J. | Griffin, Philip J. | Composto, Russell J. | Winey, Karen I.","Department of Materials Science and Engineering, University of Pennsylvania, Philadelphia, Pennsylvania 19104, United States"
17,26,2.3076923076923075,0.19355767564131662,False,False,l110-s1-singha-2008,article:l110,10.1109/T-DEI.2008.4446732, in bisphenol-A diglycidyl ether,DGEBA Epoxy Resin,,,Melt Mixing,mixing > mixing > mixing > mixing > molding > drying evaporation,"Singha, Santanu | Thomas, M.",,l140-s10-gao-2012,article:l140,10.3390/polym4010187,silicon dioxide in bisphenol-A epoxy,DGEBA Epoxy Resin,Silicon dioxide,poly(glycidyl methacrylate) | poly(n-hexyl methacrylate),Melt Mixing,mixing > drying evaporation > mixing > molding > molding,"Gao, Jianing | Li, Junting | Benicewicz, Brian C. | Zhao, Su | Hillborg, Henrik | Schadler, Linda S.","Department of Materials Science & Engineering, Rensselaer Polytechnic Institute, 110 8th Street, Troy, NY 12180, USA"
17,26,2.8846153846153846,0.19355767564131662,False,False,l110-s1-singha-2008,article:l110,10.1109/T-DEI.2008.4446732, in bisphenol-A diglycidyl ether,DGEBA Epoxy Resin,,,Melt Mixing,mixing > mixing > mixing > mixing > molding > drying evaporation,"Singha, Santanu | Thomas, M.",,l140-s11-gao-2012,article:l140,10.3390/polym4010187,silicon dioxide in bisphenol-A epoxy,DGEBA Epoxy Resin,Silicon dioxide,4-Cyanopentanoic acid dithiobenzoate | poly(glycidyl methacrylate) | poly(n-hexyl methacrylate),Melt Mixing,mixing > drying evaporation > mixing > molding > molding,"Gao, Jianing | Li, Junting | Benicewicz, Brian C. | Zhao, Su | Hillborg, Henrik | Schadler, Linda S.","Department of Materials Science & Engineering, Rensselaer Polytechnic Institute, 110 8th Street, Troy, NY 12180, USA"
17,26,3.4615384615384617,0.19355767564131662,False,False,l110-s1-singha-2008,article:l110,10.1109/T-DEI.2008.4446732, in bisphenol-A diglycidyl ether,DGEBA Epoxy Resin,,,Melt Mixing,mixing > mixing > mixing > mixing > molding > drying evaporation,"Singha, Santanu | Thomas, M.",,l140-s2-gao-2012,article:l140,10.3390/polym4010187,silicon dioxide in bisphenol-A epoxy,DGEBA Epoxy Resin,Silicon dioxide,,Melt Mixing,mixing > drying evaporation > mixing > molding > molding,"Gao, Jianing | Li, Junting | Benicewicz, Brian C. | Zhao, Su | Hillborg, Henrik | Schadler, Linda S.","Department of Materials Science & Engineering, Rensselaer Polytechnic Institute, 110 8th Street, Troy, NY 12180, USA"
17,26,4.038461538461538,0.19355767564131662,False,False,l110-s1-singha-2008,article:l110,10.1109/T-DEI.2008.4446732, in bisphenol-A diglycidyl ether,DGEBA Epoxy Resin,,,Melt Mixing,mixing > mixing > mixing > mixing > molding > drying evaporation,"Singha, Santanu | Thomas, M.",,l140-s3-gao-2012,article:l140,10.3390/polym4010187,silicon dioxide in bisphenol-A epoxy,DGEBA Epoxy Resin,Silicon dioxide,,Melt Mixing,mixing > drying evaporation > mixing > molding > molding,"Gao, Jianing | Li, Junting | Benicewicz, Brian C. | Zhao, Su | Hillborg, Henrik | Schadler, Linda S.","Department of Materials Science & Engineering, Rensselaer Polytechnic Institute, 110 8th Street, Troy, NY 12180, USA"
17,26,4.615384615384615,0.19355767564131662,False,False,l110-s1-singha-2008,article:l110,10.1109/T-DEI.2008.4446732, in bisphenol-A diglycidyl ether,DGEBA Epoxy Resin,,,Melt Mixing,mixing > mixing > mixing > mixing > molding > drying evaporation,"Singha, Santanu | Thomas, M.",,l140-s4-gao-2012,article:l140,10.3390/polym4010187,silicon dioxide in bisphenol-A epoxy,DGEBA Epoxy Resin,Silicon dioxide,,Melt Mixing,mixing > drying evaporation > mixing > molding > molding,"Gao, Jianing | Li, Junting | Benicewicz, Brian C. | Zhao, Su | Hillborg, Henrik | Schadler, Linda S.","Department of Materials Science & Engineering, Rensselaer Polytechnic Institute, 110 8th Street, Troy, NY 12180, USA"
17,26,5.1923076923076925,0.19355767564131662,False,False,l110-s1-singha-2008,article:l110,10.1109/T-DEI.2008.4446732, in bisphenol-A diglycidyl ether,DGEBA Epoxy Resin,,,Melt Mixing,mixing > mixing > mixing > mixing > molding > drying evaporation,"Singha, Santanu | Thomas, M.",,l140-s5-gao-2012,article:l140,10.3390/polym4010187,silicon dioxide in bisphenol-A epoxy,DGEBA Epoxy Resin,Silicon dioxide,4-Cyanopentanoic acid dithiobenzoate | poly(glycidyl methacrylate) | poly(n-hexyl methacrylate),Melt Mixing,mixing > drying evaporation > mixing > molding > molding,"Gao, Jianing | Li, Junting | Benicewicz, Brian C. | Zhao, Su | Hillborg, Henrik | Schadler, Linda S.","Department of Materials Science & Engineering, Rensselaer Polytechnic Institute, 110 8th Street, Troy, NY 12180, USA"
17,25,4.28,0.26903994917869567,True,False,l132-s1-holt-2014,article:l132,10.1021/ma5000317, in poly(2-vinylpyridine),Poly(2-vinyl pyridine),,,Solution Processing,solvent > mixing > drying evaporation > drying evaporation,"Holt, Adam P. | Griffin, Philip J. | Bocharova, Vera | Agapov, Alexander L. | Imel, Adam E. | Dadmun, Mark D. | Sangoro, Joshua R. | Sokolov, Alexei P.","Department of Physics and Astronomy, University of Tennessee , Knoxville, Tennessee 37996, United States, Chemical Sciences Division, Oak Ridge National Laboratory , Oak Ridge, Tennessee 37831, USA",l385-s12-bailey-2019,article:l385,10.1021/acs.macromol.8b02646, in poly(2-vinylpyridine),Poly(2-vinyl pyridine),,,Solution Processing,additive > solvent > additive > solvent > mixing > additive > solvent > mixing > drying evaporation,"Bailey, Eric J. | Griffin, Philip J. | Composto, Russell J. | Winey, Karen I.","Department of Materials Science and Engineering, University of Pennsylvania, Philadelphia, Pennsylvania 19104, United States"
17,25,5.56,0.19499349653720854,False,False,l110-s1-singha-2008,article:l110,10.1109/T-DEI.2008.4446732, in bisphenol-A diglycidyl ether,DGEBA Epoxy Resin,,,Melt Mixing,mixing > mixing > mixing > mixing > molding > drying evaporation,"Singha, Santanu | Thomas, M.",,l140-s6-gao-2012,article:l140,10.3390/polym4010187,silicon dioxide in bisphenol-A epoxy,DGEBA Epoxy Resin,Silicon dioxide,4-Cyanopentanoic acid dithiobenzoate | poly(glycidyl methacrylate) | poly(n-hexyl methacrylate),Melt Mixing,mixing > drying evaporation > mixing > molding > molding,"Gao, Jianing | Li, Junting | Benicewicz, Brian C. | Zhao, Su | Hillborg, Henrik | Schadler, Linda S.","Department of Materials Science & Engineering, Rensselaer Polytechnic Institute, 110 8th Street, Troy, NY 12180, USA"
17,20,3.35,0.2884427927434444,True,False,l132-s1-holt-2014,article:l132,10.1021/ma5000317, in poly(2-vinylpyridine),Poly(2-vinyl pyridine),,,Solution Processing,solvent > mixing > drying evaporation > drying evaporation,"Holt, Adam P. | Griffin, Philip J. | Bocharova, Vera | Agapov, Alexander L. | Imel, Adam E. | Dadmun, Mark D. | Sangoro, Joshua R. | Sokolov, Alexei P.","Department of Physics and Astronomy, University of Tennessee , Knoxville, Tennessee 37996, United States, Chemical Sciences Division, Oak Ridge National Laboratory , Oak Ridge, Tennessee 37831, USA",l385-s14-bailey-2019,article:l385,10.1021/acs.macromol.8b02646, in poly(2-vinylpyridine),Poly(2-vinyl pyridine),,,Solution Processing,additive > solvent > additive > solvent > mixing > additive > solvent > mixing > drying evaporation,"Bailey, Eric J. | Griffin, Philip J. | Composto, Russell J. | Winey, Karen I.","Department of Materials Science and Engineering, University of Pennsylvania, Philadelphia, Pennsylvania 19104, United States"
17,18,2.6666666666666665,0.30768702427546185,True,False,l132-s1-holt-2014,article:l132,10.1021/ma5000317, in poly(2-vinylpyridine),Poly(2-vinyl pyridine),,,Solution Processing,solvent > mixing > drying evaporation > drying evaporation,"Holt, Adam P. | Griffin, Philip J. | Bocharova, Vera | Agapov, Alexander L. | Imel, Adam E. | Dadmun, Mark D. | Sangoro, Joshua R. | Sokolov, Alexei P.","Department of Physics and Astronomy, University of Tennessee , Knoxville, Tennessee 37996, United States, Chemical Sciences Division, Oak Ridge National Laboratory , Oak Ridge, Tennessee 37831, USA",l385-s16-bailey-2019,article:l385,10.1021/acs.macromol.8b02646, in poly(2-vinylpyridine),Poly(2-vinyl pyridine),,,Solution Processing,additive > solvent > additive > solvent > mixing > additive > solvent > mixing > drying evaporation,"Bailey, Eric J. | Griffin, Philip J. | Composto, Russell J. | Winey, Karen I.","Department of Materials Science and Engineering, University of Pennsylvania, Philadelphia, Pennsylvania 19104, United States"
17,18,2.7222222222222223,0.30768702427546185,True,False,l132-s1-holt-2014,article:l132,10.1021/ma5000317, in poly(2-vinylpyridine),Poly(2-vinyl pyridine),,,Solution Processing,solvent > mixing > drying evaporation > drying evaporation,"Holt, Adam P. | Griffin, Philip J. | Bocharova, Vera | Agapov, Alexander L. | Imel, Adam E. | Dadmun, Mark D. | Sangoro, Joshua R. | Sokolov, Alexei P.","Department of Physics and Astronomy, University of Tennessee , Knoxville, Tennessee 37996, United States, Chemical Sciences Division, Oak Ridge National Laboratory , Oak Ridge, Tennessee 37831, USA",l385-s17-bailey-2019,article:l385,10.1021/acs.macromol.8b02646, in poly(2-vinylpyridine),Poly(2-vinyl pyridine),,,Solution Processing,additive > solvent > additive > solvent > mixing > additive > solvent > mixing > drying evaporation,"Bailey, Eric J. | Griffin, Philip J. | Composto, Russell J. | Winey, Karen I.","Department of Materials Science and Engineering, University of Pennsylvania, Philadelphia, Pennsylvania 19104, United States"
16,32,1.25,0.06955700740218163,True,True,l157-s2-zhao-2008,article:l157,10.1016/j.compscitech.2008.01.009,alumina in epoxy,DGEBA Epoxy Resin,Aluminium oxide,,Solution Processing,drying evaporation > mixing > additive > additive > heating > heating,"Zhao, Su | Schadler, Linda S. | Duncan, Renee | Hillborg, Henrik | Auletta, Tommaso","Department of Materials Science and Engineering and Rensselaer Nanotechnology Center, Rensselaer Polytechnic Institute, 110 8th Street, Troy, NY 12180, USA",l238-s2-zhao-2008,article:l238,10.1016/j.compscitech.2008.07.010,alumina in epoxy,DGEBA Epoxy Resin,Aluminium oxide,,Solution Processing,drying evaporation > solvent > mixing > additive > additive > heating > heating,"Zhao, Su | Schadler, Linda S. | Hillborg, Henrik | Auletta, Tommaso","Department of Materials Science and Engineering and Rensselaer Nanotechnology Center, Rensselaer Polytechnic Institute, 110 8th Street, Troy, NY 12180, USA"
16,32,2.0625,0.06955700740218163,True,True,l157-s3-zhao-2008,article:l157,10.1016/j.compscitech.2008.01.009,alumina in epoxy,DGEBA Epoxy Resin,Aluminium oxide,,Solution Processing,drying evaporation > mixing > additive > additive > heating > heating,"Zhao, Su | Schadler, Linda S. | Duncan, Renee | Hillborg, Henrik | Auletta, Tommaso","Department of Materials Science and Engineering and Rensselaer Nanotechnology Center, Rensselaer Polytechnic Institute, 110 8th Street, Troy, NY 12180, USA",l238-s3-zhao-2008,article:l238,10.1016/j.compscitech.2008.07.010,alumina in epoxy,DGEBA Epoxy Resin,Aluminium oxide,,Solution Processing,drying evaporation > solvent > mixing > additive > additive > heating > heating,"Zhao, Su | Schadler, Linda S. | Hillborg, Henrik | Auletta, Tommaso","Department of Materials Science and Engineering and Rensselaer Nanotechnology Center, Rensselaer Polytechnic Institute, 110 8th Street, Troy, NY 12180, USA"
16,32,2.21875,0.07015317468903959,True,True,l157-s2-zhao-2008,article:l157,10.1016/j.compscitech.2008.01.009,alumina in epoxy,DGEBA Epoxy Resin,Aluminium oxide,,Solution Processing,drying evaporation > mixing > additive > additive > heating > heating,"Zhao, Su | Schadler, Linda S. | Duncan, Renee | Hillborg, Henrik | Auletta, Tommaso","Department of Materials Science and Engineering and Rensselaer Nanotechnology Center, Rensselaer Polytechnic Institute, 110 8th Street, Troy, NY 12180, USA",l238-s3-zhao-2008,article:l238,10.1016/j.compscitech.2008.07.010,alumina in epoxy,DGEBA Epoxy Resin,Aluminium oxide,,Solution Processing,drying evaporation > solvent > mixing > additive > additive > heating > heating,"Zhao, Su | Schadler, Linda S. | Hillborg, Henrik | Auletta, Tommaso","Department of Materials Science and Engineering and Rensselaer Nanotechnology Center, Rensselaer Polytechnic Institute, 110 8th Street, Troy, NY 12180, USA"
16,32,2.21875,0.07015317468903959,True,True,l157-s3-zhao-2008,article:l157,10.1016/j.compscitech.2008.01.009,alumina in epoxy,DGEBA Epoxy Resin,Aluminium oxide,,Solution Processing,drying evaporation > mixing > additive > additive > heating > heating,"Zhao, Su | Schadler, Linda S. | Duncan, Renee | Hillborg, Henrik | Auletta, Tommaso","Department of Materials Science and Engineering and Rensselaer Nanotechnology Center, Rensselaer Polytechnic Institute, 110 8th Street, Troy, NY 12180, USA",l238-s2-zhao-2008,article:l238,10.1016/j.compscitech.2008.07.010,alumina in epoxy,DGEBA Epoxy Resin,Aluminium oxide,,Solution Processing,drying evaporation > solvent > mixing > additive > additive > heating > heating,"Zhao, Su | Schadler, Linda S. | Hillborg, Henrik | Auletta, Tommaso","Department of Materials Science and Engineering and Rensselaer Nanotechnology Center, Rensselaer Polytechnic Institute, 110 8th Street, Troy, NY 12180, USA"
16,32,2.875,0.06955700740218163,True,True,l157-s4-zhao-2008,article:l157,10.1016/j.compscitech.2008.01.009,alumina in epoxy,DGEBA Epoxy Resin,Aluminium oxide,,Solution Processing,drying evaporation > mixing > additive > additive > heating > heating,"Zhao, Su | Schadler, Linda S. | Duncan, Renee | Hillborg, Henrik | Auletta, Tommaso","Department of Materials Science and Engineering and Rensselaer Nanotechnology Center, Rensselaer Polytechnic Institute, 110 8th Street, Troy, NY 12180, USA",l238-s4-zhao-2008,article:l238,10.1016/j.compscitech.2008.07.010,alumina in epoxy,DGEBA Epoxy Resin,Aluminium oxide,,Solution Processing,drying evaporation > solvent > mixing > additive > additive > heating > heating,"Zhao, Su | Schadler, Linda S. | Hillborg, Henrik | Auletta, Tommaso","Department of Materials Science and Engineering and Rensselaer Nanotechnology Center, Rensselaer Polytechnic Institute, 110 8th Street, Troy, NY 12180, USA"
16,32,3.0,0.0707190209068358,True,True,l157-s2-zhao-2008,article:l157,10.1016/j.compscitech.2008.01.009,alumina in epoxy,DGEBA Epoxy Resin,Aluminium oxide,,Solution Processing,drying evaporation > mixing > additive > additive > heating > heating,"Zhao, Su | Schadler, Linda S. | Duncan, Renee | Hillborg, Henrik | Auletta, Tommaso","Department of Materials Science and Engineering and Rensselaer Nanotechnology Center, Rensselaer Polytechnic Institute, 110 8th Street, Troy, NY 12180, USA",l238-s4-zhao-2008,article:l238,10.1016/j.compscitech.2008.07.010,alumina in epoxy,DGEBA Epoxy Resin,Aluminium oxide,,Solution Processing,drying evaporation > solvent > mixing > additive > additive > heating > heating,"Zhao, Su | Schadler, Linda S. | Hillborg, Henrik | Auletta, Tommaso","Department of Materials Science and Engineering and Rensselaer Nanotechnology Center, Rensselaer Polytechnic Institute, 110 8th Street, Troy, NY 12180, USA"
16,32,3.0,0.0707190209068358,True,True,l157-s4-zhao-2008,article:l157,10.1016/j.compscitech.2008.01.009,alumina in epoxy,DGEBA Epoxy Resin,Aluminium oxide,,Solution Processing,drying evaporation > mixing > additive > additive > heating > heating,"Zhao, Su | Schadler, Linda S. | Duncan, Renee | Hillborg, Henrik | Auletta, Tommaso","Department of Materials Science and Engineering and Rensselaer Nanotechnology Center, Rensselaer Polytechnic Institute, 110 8th Street, Troy, NY 12180, USA",l238-s2-zhao-2008,article:l238,10.1016/j.compscitech.2008.07.010,alumina in epoxy,DGEBA Epoxy Resin,Aluminium oxide,,Solution Processing,drying evaporation > solvent > mixing > additive > additive > heating > heating,"Zhao, Su | Schadler, Linda S. | Hillborg, Henrik | Auletta, Tommaso","Department of Materials Science and Engineering and Rensselaer Nanotechnology Center, Rensselaer Polytechnic Institute, 110 8th Street, Troy, NY 12180, USA"
16,32,3.03125,0.07012285361997783,True,True,l157-s3-zhao-2008,article:l157,10.1016/j.compscitech.2008.01.009,alumina in epoxy,DGEBA Epoxy Resin,Aluminium oxide,,Solution Processing,drying evaporation > mixing > additive > additive > heating > heating,"Zhao, Su | Schadler, Linda S. | Duncan, Renee | Hillborg, Henrik | Auletta, Tommaso","Department of Materials Science and Engineering and Rensselaer Nanotechnology Center, Rensselaer Polytechnic Institute, 110 8th Street, Troy, NY 12180, USA",l238-s4-zhao-2008,article:l238,10.1016/j.compscitech.2008.07.010,alumina in epoxy,DGEBA Epoxy Resin,Aluminium oxide,,Solution Processing,drying evaporation > solvent > mixing > additive > additive > heating > heating,"Zhao, Su | Schadler, Linda S. | Hillborg, Henrik | Auletta, Tommaso","Department of Materials Science and Engineering and Rensselaer Nanotechnology Center, Rensselaer Polytechnic Institute, 110 8th Street, Troy, NY 12180, USA"
16,32,3.03125,0.07012285361997783,True,True,l157-s4-zhao-2008,article:l157,10.1016/j.compscitech.2008.01.009,alumina in epoxy,DGEBA Epoxy Resin,Aluminium oxide,,Solution Processing,drying evaporation > mixing > additive > additive > heating > heating,"Zhao, Su | Schadler, Linda S. | Duncan, Renee | Hillborg, Henrik | Auletta, Tommaso","Department of Materials Science and Engineering and Rensselaer Nanotechnology Center, Rensselaer Polytechnic Institute, 110 8th Street, Troy, NY 12180, USA",l238-s3-zhao-2008,article:l238,10.1016/j.compscitech.2008.07.010,alumina in epoxy,DGEBA Epoxy Resin,Aluminium oxide,,Solution Processing,drying evaporation > solvent > mixing > additive > additive > heating > heating,"Zhao, Su | Schadler, Linda S. | Hillborg, Henrik | Auletta, Tommaso","Department of Materials Science and Engineering and Rensselaer Nanotechnology Center, Rensselaer Polytechnic Institute, 110 8th Street, Troy, NY 12180, USA"
16,32,3.375,0.051432007108815014,True,True,l157-s6-zhao-2008,article:l157,10.1016/j.compscitech.2008.01.009,alumina in epoxy,DGEBA Epoxy Resin,Aluminium oxide,3-Aminopropyltriethoxysilane,Solution Processing,drying evaporation > mixing > additive > additive > heating > heating,"Zhao, Su | Schadler, Linda S. | Duncan, Renee | Hillborg, Henrik | Auletta, Tommaso","Department of Materials Science and Engineering and Rensselaer Nanotechnology Center, Rensselaer Polytechnic Institute, 110 8th Street, Troy, NY 12180, USA",l238-s6-zhao-2008,article:l238,10.1016/j.compscitech.2008.07.010,alumina in epoxy,DGEBA Epoxy Resin,Aluminium oxide,3-Aminopropyltriethoxysilane,Solution Processing,drying evaporation > solvent > mixing > additive > additive > heating > heating,"Zhao, Su | Schadler, Linda S. | Hillborg, Henrik | Auletta, Tommaso","Department of Materials Science and Engineering and Rensselaer Nanotechnology Center, Rensselaer Polytechnic Institute, 110 8th Street, Troy, NY 12180, USA"
16,32,3.59375,0.06955700740218163,True,True,l157-s2-zhao-2008,article:l157,10.1016/j.compscitech.2008.01.009,alumina in epoxy,DGEBA Epoxy Resin,Aluminium oxide,,Solution Processing,drying evaporation > mixing > additive > additive > heating > heating,"Zhao, Su | Schadler, Linda S. | Duncan, Renee | Hillborg, Henrik | Auletta, Tommaso","Department of Materials Science and Engineering and Rensselaer Nanotechnology Center, Rensselaer Polytechnic Institute, 110 8th Street, Troy, NY 12180, USA",l238-s6-zhao-2008,article:l238,10.1016/j.compscitech.2008.07.010,alumina in epoxy,DGEBA Epoxy Resin,Aluminium oxide,3-Aminopropyltriethoxysilane,Solution Processing,drying evaporation > solvent > mixing > additive > additive > heating > heating,"Zhao, Su | Schadler, Linda S. | Hillborg, Henrik | Auletta, Tommaso","Department of Materials Science and Engineering and Rensselaer Nanotechnology Center, Rensselaer Polytechnic Institute, 110 8th Street, Troy, NY 12180, USA"
16,32,3.59375,0.06955700740218163,True,True,l157-s6-zhao-2008,article:l157,10.1016/j.compscitech.2008.01.009,alumina in epoxy,DGEBA Epoxy Resin,Aluminium oxide,3-Aminopropyltriethoxysilane,Solution Processing,drying evaporation > mixing > additive > additive > heating > heating,"Zhao, Su | Schadler, Linda S. | Duncan, Renee | Hillborg, Henrik | Auletta, Tommaso","Department of Materials Science and Engineering and Rensselaer Nanotechnology Center, Rensselaer Polytechnic Institute, 110 8th Street, Troy, NY 12180, USA",l238-s2-zhao-2008,article:l238,10.1016/j.compscitech.2008.07.010,alumina in epoxy,DGEBA Epoxy Resin,Aluminium oxide,,Solution Processing,drying evaporation > solvent > mixing > additive > additive > heating > heating,"Zhao, Su | Schadler, Linda S. | Hillborg, Henrik | Auletta, Tommaso","Department of Materials Science and Engineering and Rensselaer Nanotechnology Center, Rensselaer Polytechnic Institute, 110 8th Street, Troy, NY 12180, USA"
16,32,3.59375,0.07125750440172851,True,True,l157-s2-zhao-2008,article:l157,10.1016/j.compscitech.2008.01.009,alumina in epoxy,DGEBA Epoxy Resin,Aluminium oxide,,Solution Processing,drying evaporation > mixing > additive > additive > heating > heating,"Zhao, Su | Schadler, Linda S. | Duncan, Renee | Hillborg, Henrik | Auletta, Tommaso","Department of Materials Science and Engineering and Rensselaer Nanotechnology Center, Rensselaer Polytechnic Institute, 110 8th Street, Troy, NY 12180, USA",l238-s5-zhao-2008,article:l238,10.1016/j.compscitech.2008.07.010,alumina in epoxy,DGEBA Epoxy Resin,Aluminium oxide,,Solution Processing,drying evaporation > solvent > mixing > additive > additive > heating > heating,"Zhao, Su | Schadler, Linda S. | Hillborg, Henrik | Auletta, Tommaso","Department of Materials Science and Engineering and Rensselaer Nanotechnology Center, Rensselaer Polytechnic Institute, 110 8th Street, Troy, NY 12180, USA"
16,32,3.59375,0.07125750440172851,True,True,l157-s5-zhao-2008,article:l157,10.1016/j.compscitech.2008.01.009,alumina in epoxy,DGEBA Epoxy Resin,Aluminium oxide,,Solution Processing,drying evaporation > mixing > additive > additive > heating > heating,"Zhao, Su | Schadler, Linda S. | Duncan, Renee | Hillborg, Henrik | Auletta, Tommaso","Department of Materials Science and Engineering and Rensselaer Nanotechnology Center, Rensselaer Polytechnic Institute, 110 8th Street, Troy, NY 12180, USA",l238-s2-zhao-2008,article:l238,10.1016/j.compscitech.2008.07.010,alumina in epoxy,DGEBA Epoxy Resin,Aluminium oxide,,Solution Processing,drying evaporation > solvent > mixing > additive > additive > heating > heating,"Zhao, Su | Schadler, Linda S. | Hillborg, Henrik | Auletta, Tommaso","Department of Materials Science and Engineering and Rensselaer Nanotechnology Center, Rensselaer Polytechnic Institute, 110 8th Street, Troy, NY 12180, USA"
16,32,3.65625,0.07009548973292112,True,True,l157-s4-zhao-2008,article:l157,10.1016/j.compscitech.2008.01.009,alumina in epoxy,DGEBA Epoxy Resin,Aluminium oxide,,Solution Processing,drying evaporation > mixing > additive > additive > heating > heating,"Zhao, Su | Schadler, Linda S. | Duncan, Renee | Hillborg, Henrik | Auletta, Tommaso","Department of Materials Science and Engineering and Rensselaer Nanotechnology Center, Rensselaer Polytechnic Institute, 110 8th Street, Troy, NY 12180, USA",l238-s5-zhao-2008,article:l238,10.1016/j.compscitech.2008.07.010,alumina in epoxy,DGEBA Epoxy Resin,Aluminium oxide,,Solution Processing,drying evaporation > solvent > mixing > additive > additive > heating > heating,"Zhao, Su | Schadler, Linda S. | Hillborg, Henrik | Auletta, Tommaso","Department of Materials Science and Engineering and Rensselaer Nanotechnology Center, Rensselaer Polytechnic Institute, 110 8th Street, Troy, NY 12180, USA"
16,32,3.65625,0.07009548973292112,True,True,l157-s5-zhao-2008,article:l157,10.1016/j.compscitech.2008.01.009,alumina in epoxy,DGEBA Epoxy Resin,Aluminium oxide,,Solution Processing,drying evaporation > mixing > additive > additive > heating > heating,"Zhao, Su | Schadler, Linda S. | Duncan, Renee | Hillborg, Henrik | Auletta, Tommaso","Department of Materials Science and Engineering and Rensselaer Nanotechnology Center, Rensselaer Polytechnic Institute, 110 8th Street, Troy, NY 12180, USA",l238-s4-zhao-2008,article:l238,10.1016/j.compscitech.2008.07.010,alumina in epoxy,DGEBA Epoxy Resin,Aluminium oxide,,Solution Processing,drying evaporation > solvent > mixing > additive > additive > heating > heating,"Zhao, Su | Schadler, Linda S. | Hillborg, Henrik | Auletta, Tommaso","Department of Materials Science and Engineering and Rensselaer Nanotechnology Center, Rensselaer Polytechnic Institute, 110 8th Street, Troy, NY 12180, USA"
16,32,3.6875,0.06955700740218163,True,True,l157-s5-zhao-2008,article:l157,10.1016/j.compscitech.2008.01.009,alumina in epoxy,DGEBA Epoxy Resin,Aluminium oxide,,Solution Processing,drying evaporation > mixing > additive > additive > heating > heating,"Zhao, Su | Schadler, Linda S. | Duncan, Renee | Hillborg, Henrik | Auletta, Tommaso","Department of Materials Science and Engineering and Rensselaer Nanotechnology Center, Rensselaer Polytechnic Institute, 110 8th Street, Troy, NY 12180, USA",l238-s5-zhao-2008,article:l238,10.1016/j.compscitech.2008.07.010,alumina in epoxy,DGEBA Epoxy Resin,Aluminium oxide,,Solution Processing,drying evaporation > solvent > mixing > additive > additive > heating > heating,"Zhao, Su | Schadler, Linda S. | Hillborg, Henrik | Auletta, Tommaso","Department of Materials Science and Engineering and Rensselaer Nanotechnology Center, Rensselaer Polytechnic Institute, 110 8th Street, Troy, NY 12180, USA"
16,32,3.8125,0.07066133711487055,True,True,l157-s3-zhao-2008,article:l157,10.1016/j.compscitech.2008.01.009,alumina in epoxy,DGEBA Epoxy Resin,Aluminium oxide,,Solution Processing,drying evaporation > mixing > additive > additive > heating > heating,"Zhao, Su | Schadler, Linda S. | Duncan, Renee | Hillborg, Henrik | Auletta, Tommaso","Department of Materials Science and Engineering and Rensselaer Nanotechnology Center, Rensselaer Polytechnic Institute, 110 8th Street, Troy, NY 12180, USA",l238-s5-zhao-2008,article:l238,10.1016/j.compscitech.2008.07.010,alumina in epoxy,DGEBA Epoxy Resin,Aluminium oxide,,Solution Processing,drying evaporation > solvent > mixing > additive > additive > heating > heating,"Zhao, Su | Schadler, Linda S. | Hillborg, Henrik | Auletta, Tommaso","Department of Materials Science and Engineering and Rensselaer Nanotechnology Center, Rensselaer Polytechnic Institute, 110 8th Street, Troy, NY 12180, USA"
16,32,3.8125,0.07066133711487055,True,True,l157-s5-zhao-2008,article:l157,10.1016/j.compscitech.2008.01.009,alumina in epoxy,DGEBA Epoxy Resin,Aluminium oxide,,Solution Processing,drying evaporation > mixing > additive > additive > heating > heating,"Zhao, Su | Schadler, Linda S. | Duncan, Renee | Hillborg, Henrik | Auletta, Tommaso","Department of Materials Science and Engineering and Rensselaer Nanotechnology Center, Rensselaer Polytechnic Institute, 110 8th Street, Troy, NY 12180, USA",l238-s3-zhao-2008,article:l238,10.1016/j.compscitech.2008.07.010,alumina in epoxy,DGEBA Epoxy Resin,Aluminium oxide,,Solution Processing,drying evaporation > solvent > mixing > additive > additive > heating > heating,"Zhao, Su | Schadler, Linda S. | Hillborg, Henrik | Auletta, Tommaso","Department of Materials Science and Engineering and Rensselaer Nanotechnology Center, Rensselaer Polytechnic Institute, 110 8th Street, Troy, NY 12180, USA"
16,32,4.15625,0.052011381019838154,True,True,l157-s6-zhao-2008,article:l157,10.1016/j.compscitech.2008.01.009,alumina in epoxy,DGEBA Epoxy Resin,Aluminium oxide,3-Aminopropyltriethoxysilane,Solution Processing,drying evaporation > mixing > additive > additive > heating > heating,"Zhao, Su | Schadler, Linda S. | Duncan, Renee | Hillborg, Henrik | Auletta, Tommaso","Department of Materials Science and Engineering and Rensselaer Nanotechnology Center, Rensselaer Polytechnic Institute, 110 8th Street, Troy, NY 12180, USA",l238-s7-zhao-2008,article:l238,10.1016/j.compscitech.2008.07.010,alumina in epoxy,DGEBA Epoxy Resin,Aluminium oxide,3-Aminopropyltriethoxysilane,Solution Processing,drying evaporation > solvent > mixing > additive > additive > heating > heating,"Zhao, Su | Schadler, Linda S. | Hillborg, Henrik | Auletta, Tommaso","Department of Materials Science and Engineering and Rensselaer Nanotechnology Center, Rensselaer Polytechnic Institute, 110 8th Street, Troy, NY 12180, USA"
16,32,4.15625,0.052011381019838154,True,True,l157-s7-zhao-2008,article:l157,10.1016/j.compscitech.2008.01.009,alumina in epoxy,DGEBA Epoxy Resin,Aluminium oxide,3-Aminopropyltriethoxysilane,Solution Processing,drying evaporation > mixing > additive > additive > heating > heating,"Zhao, Su | Schadler, Linda S. | Duncan, Renee | Hillborg, Henrik | Auletta, Tommaso","Department of Materials Science and Engineering and Rensselaer Nanotechnology Center, Rensselaer Polytechnic Institute, 110 8th Street, Troy, NY 12180, USA",l238-s6-zhao-2008,article:l238,10.1016/j.compscitech.2008.07.010,alumina in epoxy,DGEBA Epoxy Resin,Aluminium oxide,3-Aminopropyltriethoxysilane,Solution Processing,drying evaporation > solvent > mixing > additive > additive > heating > heating,"Zhao, Su | Schadler, Linda S. | Hillborg, Henrik | Auletta, Tommaso","Department of Materials Science and Engineering and Rensselaer Nanotechnology Center, Rensselaer Polytechnic Institute, 110 8th Street, Troy, NY 12180, USA"
16,32,4.1875,0.051432007108815014,True,True,l157-s7-zhao-2008,article:l157,10.1016/j.compscitech.2008.01.009,alumina in epoxy,DGEBA Epoxy Resin,Aluminium oxide,3-Aminopropyltriethoxysilane,Solution Processing,drying evaporation > mixing > additive > additive > heating > heating,"Zhao, Su | Schadler, Linda S. | Duncan, Renee | Hillborg, Henrik | Auletta, Tommaso","Department of Materials Science and Engineering and Rensselaer Nanotechnology Center, Rensselaer Polytechnic Institute, 110 8th Street, Troy, NY 12180, USA",l238-s7-zhao-2008,article:l238,10.1016/j.compscitech.2008.07.010,alumina in epoxy,DGEBA Epoxy Resin,Aluminium oxide,3-Aminopropyltriethoxysilane,Solution Processing,drying evaporation > solvent > mixing > additive > additive > heating > heating,"Zhao, Su | Schadler, Linda S. | Hillborg, Henrik | Auletta, Tommaso","Department of Materials Science and Engineering and Rensselaer Nanotechnology Center, Rensselaer Polytechnic Institute, 110 8th Street, Troy, NY 12180, USA"
16,32,4.40625,0.06955700740218163,True,True,l157-s3-zhao-2008,article:l157,10.1016/j.compscitech.2008.01.009,alumina in epoxy,DGEBA Epoxy Resin,Aluminium oxide,,Solution Processing,drying evaporation > mixing > additive > additive > heating > heating,"Zhao, Su | Schadler, Linda S. | Duncan, Renee | Hillborg, Henrik | Auletta, Tommaso","Department of Materials Science and Engineering and Rensselaer Nanotechnology Center, Rensselaer Polytechnic Institute, 110 8th Street, Troy, NY 12180, USA",l238-s7-zhao-2008,article:l238,10.1016/j.compscitech.2008.07.010,alumina in epoxy,DGEBA Epoxy Resin,Aluminium oxide,3-Aminopropyltriethoxysilane,Solution Processing,drying evaporation > solvent > mixing > additive > additive > heating > heating,"Zhao, Su | Schadler, Linda S. | Hillborg, Henrik | Auletta, Tommaso","Department of Materials Science and Engineering and Rensselaer Nanotechnology Center, Rensselaer Polytechnic Institute, 110 8th Street, Troy, NY 12180, USA"
16,32,4.40625,0.06955700740218163,True,True,l157-s7-zhao-2008,article:l157,10.1016/j.compscitech.2008.01.009,alumina in epoxy,DGEBA Epoxy Resin,Aluminium oxide,3-Aminopropyltriethoxysilane,Solution Processing,drying evaporation > mixing > additive > additive > heating > heating,"Zhao, Su | Schadler, Linda S. | Duncan, Renee | Hillborg, Henrik | Auletta, Tommaso","Department of Materials Science and Engineering and Rensselaer Nanotechnology Center, Rensselaer Polytechnic Institute, 110 8th Street, Troy, NY 12180, USA",l238-s3-zhao-2008,article:l238,10.1016/j.compscitech.2008.07.010,alumina in epoxy,DGEBA Epoxy Resin,Aluminium oxide,,Solution Processing,drying evaporation > solvent > mixing > additive > additive > heating > heating,"Zhao, Su | Schadler, Linda S. | Hillborg, Henrik | Auletta, Tommaso","Department of Materials Science and Engineering and Rensselaer Nanotechnology Center, Rensselaer Polytechnic Institute, 110 8th Street, Troy, NY 12180, USA"
16,32,4.53125,0.07015317468903959,True,True,l157-s2-zhao-2008,article:l157,10.1016/j.compscitech.2008.01.009,alumina in epoxy,DGEBA Epoxy Resin,Aluminium oxide,,Solution Processing,drying evaporation > mixing > additive > additive > heating > heating,"Zhao, Su | Schadler, Linda S. | Duncan, Renee | Hillborg, Henrik | Auletta, Tommaso","Department of Materials Science and Engineering and Rensselaer Nanotechnology Center, Rensselaer Polytechnic Institute, 110 8th Street, Troy, NY 12180, USA",l238-s7-zhao-2008,article:l238,10.1016/j.compscitech.2008.07.010,alumina in epoxy,DGEBA Epoxy Resin,Aluminium oxide,3-Aminopropyltriethoxysilane,Solution Processing,drying evaporation > solvent > mixing > additive > additive > heating > heating,"Zhao, Su | Schadler, Linda S. | Hillborg, Henrik | Auletta, Tommaso","Department of Materials Science and Engineering and Rensselaer Nanotechnology Center, Rensselaer Polytechnic Institute, 110 8th Street, Troy, NY 12180, USA"
16,32,4.53125,0.07015317468903959,True,True,l157-s7-zhao-2008,article:l157,10.1016/j.compscitech.2008.01.009,alumina in epoxy,DGEBA Epoxy Resin,Aluminium oxide,3-Aminopropyltriethoxysilane,Solution Processing,drying evaporation > mixing > additive > additive > heating > heating,"Zhao, Su | Schadler, Linda S. | Duncan, Renee | Hillborg, Henrik | Auletta, Tommaso","Department of Materials Science and Engineering and Rensselaer Nanotechnology Center, Rensselaer Polytechnic Institute, 110 8th Street, Troy, NY 12180, USA",l238-s2-zhao-2008,article:l238,10.1016/j.compscitech.2008.07.010,alumina in epoxy,DGEBA Epoxy Resin,Aluminium oxide,,Solution Processing,drying evaporation > solvent > mixing > additive > additive > heating > heating,"Zhao, Su | Schadler, Linda S. | Hillborg, Henrik | Auletta, Tommaso","Department of Materials Science and Engineering and Rensselaer Nanotechnology Center, Rensselaer Polytechnic Institute, 110 8th Street, Troy, NY 12180, USA"
16,32,4.5625,0.07015317468903959,True,True,l157-s3-zhao-2008,article:l157,10.1016/j.compscitech.2008.01.009,alumina in epoxy,DGEBA Epoxy Resin,Aluminium oxide,,Solution Processing,drying evaporation > mixing > additive > additive > heating > heating,"Zhao, Su | Schadler, Linda S. | Duncan, Renee | Hillborg, Henrik | Auletta, Tommaso","Department of Materials Science and Engineering and Rensselaer Nanotechnology Center, Rensselaer Polytechnic Institute, 110 8th Street, Troy, NY 12180, USA",l238-s6-zhao-2008,article:l238,10.1016/j.compscitech.2008.07.010,alumina in epoxy,DGEBA Epoxy Resin,Aluminium oxide,3-Aminopropyltriethoxysilane,Solution Processing,drying evaporation > solvent > mixing > additive > additive > heating > heating,"Zhao, Su | Schadler, Linda S. | Hillborg, Henrik | Auletta, Tommaso","Department of Materials Science and Engineering and Rensselaer Nanotechnology Center, Rensselaer Polytechnic Institute, 110 8th Street, Troy, NY 12180, USA"
16,32,4.5625,0.07015317468903959,True,True,l157-s6-zhao-2008,article:l157,10.1016/j.compscitech.2008.01.009,alumina in epoxy,DGEBA Epoxy Resin,Aluminium oxide,3-Aminopropyltriethoxysilane,Solution Processing,drying evaporation > mixing > additive > additive > heating > heating,"Zhao, Su | Schadler, Linda S. | Duncan, Renee | Hillborg, Henrik | Auletta, Tommaso","Department of Materials Science and Engineering and Rensselaer Nanotechnology Center, Rensselaer Polytechnic Institute, 110 8th Street, Troy, NY 12180, USA",l238-s3-zhao-2008,article:l238,10.1016/j.compscitech.2008.07.010,alumina in epoxy,DGEBA Epoxy Resin,Aluminium oxide,,Solution Processing,drying evaporation > solvent > mixing > additive > additive > heating > heating,"Zhao, Su | Schadler, Linda S. | Hillborg, Henrik | Auletta, Tommaso","Department of Materials Science and Engineering and Rensselaer Nanotechnology Center, Rensselaer Polytechnic Institute, 110 8th Street, Troy, NY 12180, USA"
16,32,4.90625,0.05256128835026175,True,True,l157-s6-zhao-2008,article:l157,10.1016/j.compscitech.2008.01.009,alumina in epoxy,DGEBA Epoxy Resin,Aluminium oxide,3-Aminopropyltriethoxysilane,Solution Processing,drying evaporation > mixing > additive > additive > heating > heating,"Zhao, Su | Schadler, Linda S. | Duncan, Renee | Hillborg, Henrik | Auletta, Tommaso","Department of Materials Science and Engineering and Rensselaer Nanotechnology Center, Rensselaer Polytechnic Institute, 110 8th Street, Troy, NY 12180, USA",l238-s8-zhao-2008,article:l238,10.1016/j.compscitech.2008.07.010,alumina in epoxy,DGEBA Epoxy Resin,Aluminium oxide,3-Aminopropyltriethoxysilane,Solution Processing,drying evaporation > solvent > mixing > additive > additive > heating > heating,"Zhao, Su | Schadler, Linda S. | Hillborg, Henrik | Auletta, Tommaso","Department of Materials Science and Engineering and Rensselaer Nanotechnology Center, Rensselaer Polytechnic Institute, 110 8th Street, Troy, NY 12180, USA"
16,32,4.90625,0.05256128835026175,True,True,l157-s8-zhao-2008,article:l157,10.1016/j.compscitech.2008.01.009,alumina in epoxy,DGEBA Epoxy Resin,Aluminium oxide,3-Aminopropyltriethoxysilane,Solution Processing,drying evaporation > mixing > additive > additive > heating > heating,"Zhao, Su | Schadler, Linda S. | Duncan, Renee | Hillborg, Henrik | Auletta, Tommaso","Department of Materials Science and Engineering and Rensselaer Nanotechnology Center, Rensselaer Polytechnic Institute, 110 8th Street, Troy, NY 12180, USA",l238-s6-zhao-2008,article:l238,10.1016/j.compscitech.2008.07.010,alumina in epoxy,DGEBA Epoxy Resin,Aluminium oxide,3-Aminopropyltriethoxysilane,Solution Processing,drying evaporation > solvent > mixing > additive > additive > heating > heating,"Zhao, Su | Schadler, Linda S. | Hillborg, Henrik | Auletta, Tommaso","Department of Materials Science and Engineering and Rensselaer Nanotechnology Center, Rensselaer Polytechnic Institute, 110 8th Street, Troy, NY 12180, USA"
16,32,4.96875,0.05198191443923861,True,True,l157-s7-zhao-2008,article:l157,10.1016/j.compscitech.2008.01.009,alumina in epoxy,DGEBA Epoxy Resin,Aluminium oxide,3-Aminopropyltriethoxysilane,Solution Processing,drying evaporation > mixing > additive > additive > heating > heating,"Zhao, Su | Schadler, Linda S. | Duncan, Renee | Hillborg, Henrik | Auletta, Tommaso","Department of Materials Science and Engineering and Rensselaer Nanotechnology Center, Rensselaer Polytechnic Institute, 110 8th Street, Troy, NY 12180, USA",l238-s8-zhao-2008,article:l238,10.1016/j.compscitech.2008.07.010,alumina in epoxy,DGEBA Epoxy Resin,Aluminium oxide,3-Aminopropyltriethoxysilane,Solution Processing,drying evaporation > solvent > mixing > additive > additive > heating > heating,"Zhao, Su | Schadler, Linda S. | Hillborg, Henrik | Auletta, Tommaso","Department of Materials Science and Engineering and Rensselaer Nanotechnology Center, Rensselaer Polytechnic Institute, 110 8th Street, Troy, NY 12180, USA"
16,32,4.96875,0.05198191443923861,True,True,l157-s8-zhao-2008,article:l157,10.1016/j.compscitech.2008.01.009,alumina in epoxy,DGEBA Epoxy Resin,Aluminium oxide,3-Aminopropyltriethoxysilane,Solution Processing,drying evaporation > mixing > additive > additive > heating > heating,"Zhao, Su | Schadler, Linda S. | Duncan, Renee | Hillborg, Henrik | Auletta, Tommaso","Department of Materials Science and Engineering and Rensselaer Nanotechnology Center, Rensselaer Polytechnic Institute, 110 8th Street, Troy, NY 12180, USA",l238-s7-zhao-2008,article:l238,10.1016/j.compscitech.2008.07.010,alumina in epoxy,DGEBA Epoxy Resin,Aluminium oxide,3-Aminopropyltriethoxysilane,Solution Processing,drying evaporation > solvent > mixing > additive > additive > heating > heating,"Zhao, Su | Schadler, Linda S. | Hillborg, Henrik | Auletta, Tommaso","Department of Materials Science and Engineering and Rensselaer Nanotechnology Center, Rensselaer Polytechnic Institute, 110 8th Street, Troy, NY 12180, USA"
16,32,5.0,0.051432007108815014,True,True,l157-s8-zhao-2008,article:l157,10.1016/j.compscitech.2008.01.009,alumina in epoxy,DGEBA Epoxy Resin,Aluminium oxide,3-Aminopropyltriethoxysilane,Solution Processing,drying evaporation > mixing > additive > additive > heating > heating,"Zhao, Su | Schadler, Linda S. | Duncan, Renee | Hillborg, Henrik | Auletta, Tommaso","Department of Materials Science and Engineering and Rensselaer Nanotechnology Center, Rensselaer Polytechnic Institute, 110 8th Street, Troy, NY 12180, USA",l238-s8-zhao-2008,article:l238,10.1016/j.compscitech.2008.07.010,alumina in epoxy,DGEBA Epoxy Resin,Aluminium oxide,3-Aminopropyltriethoxysilane,Solution Processing,drying evaporation > solvent > mixing > additive > additive > heating > heating,"Zhao, Su | Schadler, Linda S. | Hillborg, Henrik | Auletta, Tommaso","Department of Materials Science and Engineering and Rensselaer Nanotechnology Center, Rensselaer Polytechnic Institute, 110 8th Street, Troy, NY 12180, USA"
16,32,5.46875,0.05308460246305913,True,True,l157-s6-zhao-2008,article:l157,10.1016/j.compscitech.2008.01.009,alumina in epoxy,DGEBA Epoxy Resin,Aluminium oxide,3-Aminopropyltriethoxysilane,Solution Processing,drying evaporation > mixing > additive > additive > heating > heating,"Zhao, Su | Schadler, Linda S. | Duncan, Renee | Hillborg, Henrik | Auletta, Tommaso","Department of Materials Science and Engineering and Rensselaer Nanotechnology Center, Rensselaer Polytechnic Institute, 110 8th Street, Troy, NY 12180, USA",l238-s9-zhao-2008,article:l238,10.1016/j.compscitech.2008.07.010,alumina in epoxy,DGEBA Epoxy Resin,Aluminium oxide,3-Aminopropyltriethoxysilane,Solution Processing,drying evaporation > solvent > mixing > additive > additive > heating > heating,"Zhao, Su | Schadler, Linda S. | Hillborg, Henrik | Auletta, Tommaso","Department of Materials Science and Engineering and Rensselaer Nanotechnology Center, Rensselaer Polytechnic Institute, 110 8th Street, Troy, NY 12180, USA"
16,32,5.46875,0.05308460246305913,True,True,l157-s9-zhao-2008,article:l157,10.1016/j.compscitech.2008.01.009,alumina in epoxy,DGEBA Epoxy Resin,Aluminium oxide,3-Aminopropyltriethoxysilane,Solution Processing,drying evaporation > mixing > additive > additive > heating > heating,"Zhao, Su | Schadler, Linda S. | Duncan, Renee | Hillborg, Henrik | Auletta, Tommaso","Department of Materials Science and Engineering and Rensselaer Nanotechnology Center, Rensselaer Polytechnic Institute, 110 8th Street, Troy, NY 12180, USA",l238-s6-zhao-2008,article:l238,10.1016/j.compscitech.2008.07.010,alumina in epoxy,DGEBA Epoxy Resin,Aluminium oxide,3-Aminopropyltriethoxysilane,Solution Processing,drying evaporation > solvent > mixing > additive > additive > heating > heating,"Zhao, Su | Schadler, Linda S. | Hillborg, Henrik | Auletta, Tommaso","Department of Materials Science and Engineering and Rensselaer Nanotechnology Center, Rensselaer Polytechnic Institute, 110 8th Street, Troy, NY 12180, USA"
16,32,5.65625,0.05195532145444304,True,True,l157-s8-zhao-2008,article:l157,10.1016/j.compscitech.2008.01.009,alumina in epoxy,DGEBA Epoxy Resin,Aluminium oxide,3-Aminopropyltriethoxysilane,Solution Processing,drying evaporation > mixing > additive > additive > heating > heating,"Zhao, Su | Schadler, Linda S. | Duncan, Renee | Hillborg, Henrik | Auletta, Tommaso","Department of Materials Science and Engineering and Rensselaer Nanotechnology Center, Rensselaer Polytechnic Institute, 110 8th Street, Troy, NY 12180, USA",l238-s9-zhao-2008,article:l238,10.1016/j.compscitech.2008.07.010,alumina in epoxy,DGEBA Epoxy Resin,Aluminium oxide,3-Aminopropyltriethoxysilane,Solution Processing,drying evaporation > solvent > mixing > additive > additive > heating > heating,"Zhao, Su | Schadler, Linda S. | Hillborg, Henrik | Auletta, Tommaso","Department of Materials Science and Engineering and Rensselaer Nanotechnology Center, Rensselaer Polytechnic Institute, 110 8th Street, Troy, NY 12180, USA"
16,32,5.65625,0.05195532145444304,True,True,l157-s9-zhao-2008,article:l157,10.1016/j.compscitech.2008.01.009,alumina in epoxy,DGEBA Epoxy Resin,Aluminium oxide,3-Aminopropyltriethoxysilane,Solution Processing,drying evaporation > mixing > additive > additive > heating > heating,"Zhao, Su | Schadler, Linda S. | Duncan, Renee | Hillborg, Henrik | Auletta, Tommaso","Department of Materials Science and Engineering and Rensselaer Nanotechnology Center, Rensselaer Polytechnic Institute, 110 8th Street, Troy, NY 12180, USA",l238-s8-zhao-2008,article:l238,10.1016/j.compscitech.2008.07.010,alumina in epoxy,DGEBA Epoxy Resin,Aluminium oxide,3-Aminopropyltriethoxysilane,Solution Processing,drying evaporation > solvent > mixing > additive > additive > heating > heating,"Zhao, Su | Schadler, Linda S. | Hillborg, Henrik | Auletta, Tommaso","Department of Materials Science and Engineering and Rensselaer Nanotechnology Center, Rensselaer Polytechnic Institute, 110 8th Street, Troy, NY 12180, USA"
16,32,5.71875,0.05250522878486663,True,True,l157-s7-zhao-2008,article:l157,10.1016/j.compscitech.2008.01.009,alumina in epoxy,DGEBA Epoxy Resin,Aluminium oxide,3-Aminopropyltriethoxysilane,Solution Processing,drying evaporation > mixing > additive > additive > heating > heating,"Zhao, Su | Schadler, Linda S. | Duncan, Renee | Hillborg, Henrik | Auletta, Tommaso","Department of Materials Science and Engineering and Rensselaer Nanotechnology Center, Rensselaer Polytechnic Institute, 110 8th Street, Troy, NY 12180, USA",l238-s9-zhao-2008,article:l238,10.1016/j.compscitech.2008.07.010,alumina in epoxy,DGEBA Epoxy Resin,Aluminium oxide,3-Aminopropyltriethoxysilane,Solution Processing,drying evaporation > solvent > mixing > additive > additive > heating > heating,"Zhao, Su | Schadler, Linda S. | Hillborg, Henrik | Auletta, Tommaso","Department of Materials Science and Engineering and Rensselaer Nanotechnology Center, Rensselaer Polytechnic Institute, 110 8th Street, Troy, NY 12180, USA"
16,32,5.71875,0.05250522878486663,True,True,l157-s9-zhao-2008,article:l157,10.1016/j.compscitech.2008.01.009,alumina in epoxy,DGEBA Epoxy Resin,Aluminium oxide,3-Aminopropyltriethoxysilane,Solution Processing,drying evaporation > mixing > additive > additive > heating > heating,"Zhao, Su | Schadler, Linda S. | Duncan, Renee | Hillborg, Henrik | Auletta, Tommaso","Department of Materials Science and Engineering and Rensselaer Nanotechnology Center, Rensselaer Polytechnic Institute, 110 8th Street, Troy, NY 12180, USA",l238-s7-zhao-2008,article:l238,10.1016/j.compscitech.2008.07.010,alumina in epoxy,DGEBA Epoxy Resin,Aluminium oxide,3-Aminopropyltriethoxysilane,Solution Processing,drying evaporation > solvent > mixing > additive > additive > heating > heating,"Zhao, Su | Schadler, Linda S. | Hillborg, Henrik | Auletta, Tommaso","Department of Materials Science and Engineering and Rensselaer Nanotechnology Center, Rensselaer Polytechnic Institute, 110 8th Street, Troy, NY 12180, USA"
16,32,5.8125,0.051432007108815014,True,True,l157-s9-zhao-2008,article:l157,10.1016/j.compscitech.2008.01.009,alumina in epoxy,DGEBA Epoxy Resin,Aluminium oxide,3-Aminopropyltriethoxysilane,Solution Processing,drying evaporation > mixing > additive > additive > heating > heating,"Zhao, Su | Schadler, Linda S. | Duncan, Renee | Hillborg, Henrik | Auletta, Tommaso","Department of Materials Science and Engineering and Rensselaer Nanotechnology Center, Rensselaer Polytechnic Institute, 110 8th Street, Troy, NY 12180, USA",l238-s9-zhao-2008,article:l238,10.1016/j.compscitech.2008.07.010,alumina in epoxy,DGEBA Epoxy Resin,Aluminium oxide,3-Aminopropyltriethoxysilane,Solution Processing,drying evaporation > solvent > mixing > additive > additive > heating > heating,"Zhao, Su | Schadler, Linda S. | Hillborg, Henrik | Auletta, Tommaso","Department of Materials Science and Engineering and Rensselaer Nanotechnology Center, Rensselaer Polytechnic Institute, 110 8th Street, Troy, NY 12180, USA"
16,31,1.3548387096774193,0.23628931564669456,False,False,l290-s25-si-2006,article:l290,10.1021/ma060125+, in styrene-acrylonitrile resin,Poly(styrene-co-acrylonitrile),,,Melt Mixing,mixing > mixing,"Si, Mayu | Araki, Tohru | Ade, Harald | Kilcoyne, A. L. D. | Fisher, Robert | Sokolov, Jonathan C. | Rafailovich, Miriam H.","Department of Materials Science and Engineering, State University of New York at Stony Brook, Stony Brook, New York 11794-2275; Department of Physics, North Carolina State University, Raleigh, North Carolina 27695; Advanced Light Source, Lawrence Berkeley Laboratory, Berkeley, California 94720-8225; and Hebrew Academy of Nassau County High School, Uniondale, New York 11553",l380-s7-zhao-2017,article:l380,10.1021/acs.macromol.6b02158, in Styrene acrylonitrile resin,Poly(styrene-co-acrylonitrile),,,Melt Mixing,mixing,"Zhao, Yue | Liu, Jianning | Li, Xiaoxiao | Lu, Yue | Wang, Shi-Qing","Department of Polymer Science and Institute of Polymer Science and Engineering, University of Akron, Akron, Ohio 44325-3909, United States"
16,31,2.5806451612903225,0.18322388347118132,True,False,l110-s11-singha-2008,article:l110,10.1109/T-DEI.2008.4446732,ZnO in bisphenol-A diglycidyl ether,DGEBA Epoxy Resin,Zinc oxide,,Melt Mixing,mixing > mixing > mixing > mixing > molding > drying evaporation,"Singha, Santanu | Thomas, M.",,l111-s2-singha-2009,article:l111,10.1109/TDEI.2009.4815189,Zinc Oxide in Bisphenol-A epoxy resin,DGEBA Epoxy Resin,Zinc oxide,,Melt Mixing,drying evaporation > drying evaporation > additive > additive > mixing > mixing > drying evaporation > mixing > molding > drying evaporation > molding > drying evaporation,"Singha, Santanu | Thomas, M. Joy","Nanodielectrics Laboratory, Department of Electrical Engineering, Indian Institute of Science, Bangalore, Indea"
16,31,2.967741935483871,0.19021195702014432,False,False,l132-s2-holt-2014,article:l132,10.1021/ma5000317,silica in poly(2-vinylpyridine),Poly(2-vinyl pyridine),Silicon dioxide,,Solution Processing,solvent > mixing > drying evaporation > drying evaporation,"Holt, Adam P. | Griffin, Philip J. | Bocharova, Vera | Agapov, Alexander L. | Imel, Adam E. | Dadmun, Mark D. | Sangoro, Joshua R. | Sokolov, Alexei P.","Department of Physics and Astronomy, University of Tennessee , Knoxville, Tennessee 37996, United States, Chemical Sciences Division, Oak Ridge National Laboratory , Oak Ridge, Tennessee 37831, USA",l389-s13-natarajan-2013,article:l389,10.1021/ma302281b,Silica in poly(2-vinylpyridine),Poly(2-vinyl pyridine),Silicon dioxide,octyldimethylmethoxysilane,Solution Processing,solvent > mixing > drying evaporation > drying evaporation > molding > heating,"Natarajan, Bharath | Li, Yang | Deng, Hua | Brinson, L. Catherine | Schadler, Linda S.","Department
of Materials Science
and Engineering, Rensselaer Polytechnic Institute, Troy, New York 12180, United States"
16,31,3.161290322580645,0.18327177868735406,True,False,l110-s11-singha-2008,article:l110,10.1109/T-DEI.2008.4446732,ZnO in bisphenol-A diglycidyl ether,DGEBA Epoxy Resin,Zinc oxide,,Melt Mixing,mixing > mixing > mixing > mixing > molding > drying evaporation,"Singha, Santanu | Thomas, M.",,l111-s3-singha-2009,article:l111,10.1109/TDEI.2009.4815189,Zinc Oxide in Bisphenol-A epoxy resin,DGEBA Epoxy Resin,Zinc oxide,,Melt Mixing,drying evaporation > drying evaporation > additive > additive > mixing > mixing > drying evaporation > mixing > molding > drying evaporation > molding > drying evaporation,"Singha, Santanu | Thomas, M. Joy","Nanodielectrics Laboratory, Department of Electrical Engineering, Indian Institute of Science, Bangalore, Indea"
16,31,3.193548387096774,0.18327177868735406,True,False,l110-s12-singha-2008,article:l110,10.1109/T-DEI.2008.4446732,ZnO in bisphenol-A diglycidyl ether,DGEBA Epoxy Resin,Zinc oxide,,Melt Mixing,mixing > mixing > mixing > mixing > molding > drying evaporation,"Singha, Santanu | Thomas, M.",,l111-s2-singha-2009,article:l111,10.1109/TDEI.2009.4815189,Zinc Oxide in Bisphenol-A epoxy resin,DGEBA Epoxy Resin,Zinc oxide,,Melt Mixing,drying evaporation > drying evaporation > additive > additive > mixing > mixing > drying evaporation > mixing > molding > drying evaporation > molding > drying evaporation,"Singha, Santanu | Thomas, M. Joy","Nanodielectrics Laboratory, Department of Electrical Engineering, Indian Institute of Science, Bangalore, Indea"
16,31,3.3870967741935485,0.18322388347118132,True,False,l110-s12-singha-2008,article:l110,10.1109/T-DEI.2008.4446732,ZnO in bisphenol-A diglycidyl ether,DGEBA Epoxy Resin,Zinc oxide,,Melt Mixing,mixing > mixing > mixing > mixing > molding > drying evaporation,"Singha, Santanu | Thomas, M.",,l111-s3-singha-2009,article:l111,10.1109/TDEI.2009.4815189,Zinc Oxide in Bisphenol-A epoxy resin,DGEBA Epoxy Resin,Zinc oxide,,Melt Mixing,drying evaporation > drying evaporation > additive > additive > mixing > mixing > drying evaporation > mixing > molding > drying evaporation > molding > drying evaporation,"Singha, Santanu | Thomas, M. Joy","Nanodielectrics Laboratory, Department of Electrical Engineering, Indian Institute of Science, Bangalore, Indea"
16,31,3.5483870967741935,0.19027994669252826,False,False,l132-s2-holt-2014,article:l132,10.1021/ma5000317,silica in poly(2-vinylpyridine),Poly(2-vinyl pyridine),Silicon dioxide,,Solution Processing,solvent > mixing > drying evaporation > drying evaporation,"Holt, Adam P. | Griffin, Philip J. | Bocharova, Vera | Agapov, Alexander L. | Imel, Adam E. | Dadmun, Mark D. | Sangoro, Joshua R. | Sokolov, Alexei P.","Department of Physics and Astronomy, University of Tennessee , Knoxville, Tennessee 37996, United States, Chemical Sciences Division, Oak Ridge National Laboratory , Oak Ridge, Tennessee 37831, USA",l389-s14-natarajan-2013,article:l389,10.1021/ma302281b,Silica in poly(2-vinylpyridine),Poly(2-vinyl pyridine),Silicon dioxide,octyldimethylmethoxysilane,Solution Processing,solvent > mixing > drying evaporation > drying evaporation > molding > heating,"Natarajan, Bharath | Li, Yang | Deng, Hua | Brinson, L. Catherine | Schadler, Linda S.","Department
of Materials Science
and Engineering, Rensselaer Polytechnic Institute, Troy, New York 12180, United States"
16,31,3.6774193548387095,0.19221341465750047,False,False,l132-s3-holt-2014,article:l132,10.1021/ma5000317,silica in poly(2-vinylpyridine),Poly(2-vinyl pyridine),Silicon dioxide,,Solution Processing,solvent > mixing > drying evaporation > drying evaporation,"Holt, Adam P. | Griffin, Philip J. | Bocharova, Vera | Agapov, Alexander L. | Imel, Adam E. | Dadmun, Mark D. | Sangoro, Joshua R. | Sokolov, Alexei P.","Department of Physics and Astronomy, University of Tennessee , Knoxville, Tennessee 37996, United States, Chemical Sciences Division, Oak Ridge National Laboratory , Oak Ridge, Tennessee 37831, USA",l389-s13-natarajan-2013,article:l389,10.1021/ma302281b,Silica in poly(2-vinylpyridine),Poly(2-vinyl pyridine),Silicon dioxide,octyldimethylmethoxysilane,Solution Processing,solvent > mixing > drying evaporation > drying evaporation > molding > heating,"Natarajan, Bharath | Li, Yang | Deng, Hua | Brinson, L. Catherine | Schadler, Linda S.","Department
of Materials Science
and Engineering, Rensselaer Polytechnic Institute, Troy, New York 12180, United States"
16,31,3.7419354838709675,0.18333171692586714,True,False,l110-s11-singha-2008,article:l110,10.1109/T-DEI.2008.4446732,ZnO in bisphenol-A diglycidyl ether,DGEBA Epoxy Resin,Zinc oxide,,Melt Mixing,mixing > mixing > mixing > mixing > molding > drying evaporation,"Singha, Santanu | Thomas, M.",,l111-s4-singha-2009,article:l111,10.1109/TDEI.2009.4815189,Zinc Oxide in Bisphenol-A epoxy resin,DGEBA Epoxy Resin,Zinc oxide,,Melt Mixing,drying evaporation > drying evaporation > additive > additive > mixing > mixing > drying evaporation > mixing > molding > drying evaporation > molding > drying evaporation,"Singha, Santanu | Thomas, M. Joy","Nanodielectrics Laboratory, Department of Electrical Engineering, Indian Institute of Science, Bangalore, Indea"
16,31,3.806451612903226,0.18333171692586714,True,False,l110-s13-singha-2008,article:l110,10.1109/T-DEI.2008.4446732,ZnO in bisphenol-A diglycidyl ether,DGEBA Epoxy Resin,Zinc oxide,,Melt Mixing,mixing > mixing > mixing > mixing > molding > drying evaporation,"Singha, Santanu | Thomas, M.",,l111-s2-singha-2009,article:l111,10.1109/TDEI.2009.4815189,Zinc Oxide in Bisphenol-A epoxy resin,DGEBA Epoxy Resin,Zinc oxide,,Melt Mixing,drying evaporation > drying evaporation > additive > additive > mixing > mixing > drying evaporation > mixing > molding > drying evaporation > molding > drying evaporation,"Singha, Santanu | Thomas, M. Joy","Nanodielectrics Laboratory, Department of Electrical Engineering, Indian Institute of Science, Bangalore, Indea"
16,31,3.838709677419355,0.19021195702014432,False,False,l132-s2-holt-2014,article:l132,10.1021/ma5000317,silica in poly(2-vinylpyridine),Poly(2-vinyl pyridine),Silicon dioxide,,Solution Processing,solvent > mixing > drying evaporation > drying evaporation,"Holt, Adam P. | Griffin, Philip J. | Bocharova, Vera | Agapov, Alexander L. | Imel, Adam E. | Dadmun, Mark D. | Sangoro, Joshua R. | Sokolov, Alexei P.","Department of Physics and Astronomy, University of Tennessee , Knoxville, Tennessee 37996, United States, Chemical Sciences Division, Oak Ridge National Laboratory , Oak Ridge, Tennessee 37831, USA",l389-s15-natarajan-2013,article:l389,10.1021/ma302281b,Silica in poly(2-vinylpyridine),Poly(2-vinyl pyridine),Silicon dioxide,aminopropyldimethylethoxysilane,Solution Processing,solvent > mixing > drying evaporation > drying evaporation > molding > heating,"Natarajan, Bharath | Li, Yang | Deng, Hua | Brinson, L. Catherine | Schadler, Linda S.","Department
of Materials Science
and Engineering, Rensselaer Polytechnic Institute, Troy, New York 12180, United States"
16,31,3.870967741935484,0.19149100732418797,False,False,l132-s3-holt-2014,article:l132,10.1021/ma5000317,silica in poly(2-vinylpyridine),Poly(2-vinyl pyridine),Silicon dioxide,,Solution Processing,solvent > mixing > drying evaporation > drying evaporation,"Holt, Adam P. | Griffin, Philip J. | Bocharova, Vera | Agapov, Alexander L. | Imel, Adam E. | Dadmun, Mark D. | Sangoro, Joshua R. | Sokolov, Alexei P.","Department of Physics and Astronomy, University of Tennessee , Knoxville, Tennessee 37996, United States, Chemical Sciences Division, Oak Ridge National Laboratory , Oak Ridge, Tennessee 37831, USA",l389-s14-natarajan-2013,article:l389,10.1021/ma302281b,Silica in poly(2-vinylpyridine),Poly(2-vinyl pyridine),Silicon dioxide,octyldimethylmethoxysilane,Solution Processing,solvent > mixing > drying evaporation > drying evaporation > molding > heating,"Natarajan, Bharath | Li, Yang | Deng, Hua | Brinson, L. Catherine | Schadler, Linda S.","Department
of Materials Science
and Engineering, Rensselaer Polytechnic Institute, Troy, New York 12180, United States"
16,31,4.064516129032258,0.18328382363242487,True,False,l110-s12-singha-2008,article:l110,10.1109/T-DEI.2008.4446732,ZnO in bisphenol-A diglycidyl ether,DGEBA Epoxy Resin,Zinc oxide,,Melt Mixing,mixing > mixing > mixing > mixing > molding > drying evaporation,"Singha, Santanu | Thomas, M.",,l111-s4-singha-2009,article:l111,10.1109/TDEI.2009.4815189,Zinc Oxide in Bisphenol-A epoxy resin,DGEBA Epoxy Resin,Zinc oxide,,Melt Mixing,drying evaporation > drying evaporation > additive > additive > mixing > mixing > drying evaporation > mixing > molding > drying evaporation > molding > drying evaporation,"Singha, Santanu | Thomas, M. Joy","Nanodielectrics Laboratory, Department of Electrical Engineering, Indian Institute of Science, Bangalore, Indea"
16,31,4.096774193548387,0.18328382363242487,True,False,l110-s13-singha-2008,article:l110,10.1109/T-DEI.2008.4446732,ZnO in bisphenol-A diglycidyl ether,DGEBA Epoxy Resin,Zinc oxide,,Melt Mixing,mixing > mixing > mixing > mixing > molding > drying evaporation,"Singha, Santanu | Thomas, M.",,l111-s3-singha-2009,article:l111,10.1109/TDEI.2009.4815189,Zinc Oxide in Bisphenol-A epoxy resin,DGEBA Epoxy Resin,Zinc oxide,,Melt Mixing,drying evaporation > drying evaporation > additive > additive > mixing > mixing > drying evaporation > mixing > molding > drying evaporation > molding > drying evaporation,"Singha, Santanu | Thomas, M. Joy","Nanodielectrics Laboratory, Department of Electrical Engineering, Indian Institute of Science, Bangalore, Indea"
16,31,4.193548387096774,0.18322388347118132,True,False,l110-s13-singha-2008,article:l110,10.1109/T-DEI.2008.4446732,ZnO in bisphenol-A diglycidyl ether,DGEBA Epoxy Resin,Zinc oxide,,Melt Mixing,mixing > mixing > mixing > mixing > molding > drying evaporation,"Singha, Santanu | Thomas, M.",,l111-s4-singha-2009,article:l111,10.1109/TDEI.2009.4815189,Zinc Oxide in Bisphenol-A epoxy resin,DGEBA Epoxy Resin,Zinc oxide,,Melt Mixing,drying evaporation > drying evaporation > additive > additive > mixing > mixing > drying evaporation > mixing > molding > drying evaporation > molding > drying evaporation,"Singha, Santanu | Thomas, M. Joy","Nanodielectrics Laboratory, Department of Electrical Engineering, Indian Institute of Science, Bangalore, Indea"
16,31,4.193548387096774,0.19383191149080953,False,False,l132-s4-holt-2014,article:l132,10.1021/ma5000317,silica in poly(2-vinylpyridine),Poly(2-vinyl pyridine),Silicon dioxide,,Solution Processing,solvent > mixing > drying evaporation > drying evaporation,"Holt, Adam P. | Griffin, Philip J. | Bocharova, Vera | Agapov, Alexander L. | Imel, Adam E. | Dadmun, Mark D. | Sangoro, Joshua R. | Sokolov, Alexei P.","Department of Physics and Astronomy, University of Tennessee , Knoxville, Tennessee 37996, United States, Chemical Sciences Division, Oak Ridge National Laboratory , Oak Ridge, Tennessee 37831, USA",l389-s13-natarajan-2013,article:l389,10.1021/ma302281b,Silica in poly(2-vinylpyridine),Poly(2-vinyl pyridine),Silicon dioxide,octyldimethylmethoxysilane,Solution Processing,solvent > mixing > drying evaporation > drying evaporation > molding > heating,"Natarajan, Bharath | Li, Yang | Deng, Hua | Brinson, L. Catherine | Schadler, Linda S.","Department
of Materials Science
and Engineering, Rensselaer Polytechnic Institute, Troy, New York 12180, United States"
16,31,4.354838709677419,0.18381427516860346,True,False,l110-s11-singha-2008,article:l110,10.1109/T-DEI.2008.4446732,ZnO in bisphenol-A diglycidyl ether,DGEBA Epoxy Resin,Zinc oxide,,Melt Mixing,mixing > mixing > mixing > mixing > molding > drying evaporation,"Singha, Santanu | Thomas, M.",,l111-s5-singha-2009,article:l111,10.1109/TDEI.2009.4815189,Zinc Oxide in Bisphenol-A epoxy resin,DGEBA Epoxy Resin,Zinc oxide,,Melt Mixing,drying evaporation > drying evaporation > additive > additive > mixing > mixing > drying evaporation > mixing > molding > drying evaporation > molding > drying evaporation,"Singha, Santanu | Thomas, M. Joy","Nanodielectrics Laboratory, Department of Electrical Engineering, Indian Institute of Science, Bangalore, Indea"
16,31,4.387096774193548,0.19310950415749703,False,False,l132-s4-holt-2014,article:l132,10.1021/ma5000317,silica in poly(2-vinylpyridine),Poly(2-vinyl pyridine),Silicon dioxide,,Solution Processing,solvent > mixing > drying evaporation > drying evaporation,"Holt, Adam P. | Griffin, Philip J. | Bocharova, Vera | Agapov, Alexander L. | Imel, Adam E. | Dadmun, Mark D. | Sangoro, Joshua R. | Sokolov, Alexei P.","Department of Physics and Astronomy, University of Tennessee , Knoxville, Tennessee 37996, United States, Chemical Sciences Division, Oak Ridge National Laboratory , Oak Ridge, Tennessee 37831, USA",l389-s14-natarajan-2013,article:l389,10.1021/ma302281b,Silica in poly(2-vinylpyridine),Poly(2-vinyl pyridine),Silicon dioxide,octyldimethylmethoxysilane,Solution Processing,solvent > mixing > drying evaporation > drying evaporation > molding > heating,"Natarajan, Bharath | Li, Yang | Deng, Hua | Brinson, L. Catherine | Schadler, Linda S.","Department
of Materials Science
and Engineering, Rensselaer Polytechnic Institute, Troy, New York 12180, United States"
16,31,4.419354838709677,0.19027994669252826,False,False,l132-s2-holt-2014,article:l132,10.1021/ma5000317,silica in poly(2-vinylpyridine),Poly(2-vinyl pyridine),Silicon dioxide,,Solution Processing,solvent > mixing > drying evaporation > drying evaporation,"Holt, Adam P. | Griffin, Philip J. | Bocharova, Vera | Agapov, Alexander L. | Imel, Adam E. | Dadmun, Mark D. | Sangoro, Joshua R. | Sokolov, Alexei P.","Department of Physics and Astronomy, University of Tennessee , Knoxville, Tennessee 37996, United States, Chemical Sciences Division, Oak Ridge National Laboratory , Oak Ridge, Tennessee 37831, USA",l389-s16-natarajan-2013,article:l389,10.1021/ma302281b,Silica in poly(2-vinylpyridine),Poly(2-vinyl pyridine),Silicon dioxide,aminopropyldimethylethoxysilane,Solution Processing,solvent > mixing > drying evaporation > drying evaporation > molding > heating,"Natarajan, Bharath | Li, Yang | Deng, Hua | Brinson, L. Catherine | Schadler, Linda S.","Department
of Materials Science
and Engineering, Rensselaer Polytechnic Institute, Troy, New York 12180, United States"
16,31,4.548387096774194,0.19221341465750047,False,False,l132-s3-holt-2014,article:l132,10.1021/ma5000317,silica in poly(2-vinylpyridine),Poly(2-vinyl pyridine),Silicon dioxide,,Solution Processing,solvent > mixing > drying evaporation > drying evaporation,"Holt, Adam P. | Griffin, Philip J. | Bocharova, Vera | Agapov, Alexander L. | Imel, Adam E. | Dadmun, Mark D. | Sangoro, Joshua R. | Sokolov, Alexei P.","Department of Physics and Astronomy, University of Tennessee , Knoxville, Tennessee 37996, United States, Chemical Sciences Division, Oak Ridge National Laboratory , Oak Ridge, Tennessee 37831, USA",l389-s15-natarajan-2013,article:l389,10.1021/ma302281b,Silica in poly(2-vinylpyridine),Poly(2-vinyl pyridine),Silicon dioxide,aminopropyldimethylethoxysilane,Solution Processing,solvent > mixing > drying evaporation > drying evaporation > molding > heating,"Natarajan, Bharath | Li, Yang | Deng, Hua | Brinson, L. Catherine | Schadler, Linda S.","Department
of Materials Science
and Engineering, Rensselaer Polytechnic Institute, Troy, New York 12180, United States"
16,31,4.67741935483871,0.1837663818751612,True,False,l110-s12-singha-2008,article:l110,10.1109/T-DEI.2008.4446732,ZnO in bisphenol-A diglycidyl ether,DGEBA Epoxy Resin,Zinc oxide,,Melt Mixing,mixing > mixing > mixing > mixing > molding > drying evaporation,"Singha, Santanu | Thomas, M.",,l111-s5-singha-2009,article:l111,10.1109/TDEI.2009.4815189,Zinc Oxide in Bisphenol-A epoxy resin,DGEBA Epoxy Resin,Zinc oxide,,Melt Mixing,drying evaporation > drying evaporation > additive > additive > mixing > mixing > drying evaporation > mixing > molding > drying evaporation > molding > drying evaporation,"Singha, Santanu | Thomas, M. Joy","Nanodielectrics Laboratory, Department of Electrical Engineering, Indian Institute of Science, Bangalore, Indea"
16,31,4.741935483870968,0.19149100732418797,False,False,l132-s3-holt-2014,article:l132,10.1021/ma5000317,silica in poly(2-vinylpyridine),Poly(2-vinyl pyridine),Silicon dioxide,,Solution Processing,solvent > mixing > drying evaporation > drying evaporation,"Holt, Adam P. | Griffin, Philip J. | Bocharova, Vera | Agapov, Alexander L. | Imel, Adam E. | Dadmun, Mark D. | Sangoro, Joshua R. | Sokolov, Alexei P.","Department of Physics and Astronomy, University of Tennessee , Knoxville, Tennessee 37996, United States, Chemical Sciences Division, Oak Ridge National Laboratory , Oak Ridge, Tennessee 37831, USA",l389-s16-natarajan-2013,article:l389,10.1021/ma302281b,Silica in poly(2-vinylpyridine),Poly(2-vinyl pyridine),Silicon dioxide,aminopropyldimethylethoxysilane,Solution Processing,solvent > mixing > drying evaporation > drying evaporation > molding > heating,"Natarajan, Bharath | Li, Yang | Deng, Hua | Brinson, L. Catherine | Schadler, Linda S.","Department
of Materials Science
and Engineering, Rensselaer Polytechnic Institute, Troy, New York 12180, United States"
16,31,4.838709677419355,0.18442569769197895,True,False,l110-s11-singha-2008,article:l110,10.1109/T-DEI.2008.4446732,ZnO in bisphenol-A diglycidyl ether,DGEBA Epoxy Resin,Zinc oxide,,Melt Mixing,mixing > mixing > mixing > mixing > molding > drying evaporation,"Singha, Santanu | Thomas, M.",,l111-s6-singha-2009,article:l111,10.1109/TDEI.2009.4815189,Zinc Oxide in Bisphenol-A epoxy resin,DGEBA Epoxy Resin,Zinc oxide,,Melt Mixing,drying evaporation > drying evaporation > additive > additive > mixing > mixing > drying evaporation > mixing > molding > drying evaporation > molding > drying evaporation,"Singha, Santanu | Thomas, M. Joy","Nanodielectrics Laboratory, Department of Electrical Engineering, Indian Institute of Science, Bangalore, Indea"
16,31,4.967741935483871,0.18370644171391765,True,False,l110-s13-singha-2008,article:l110,10.1109/T-DEI.2008.4446732,ZnO in bisphenol-A diglycidyl ether,DGEBA Epoxy Resin,Zinc oxide,,Melt Mixing,mixing > mixing > mixing > mixing > molding > drying evaporation,"Singha, Santanu | Thomas, M.",,l111-s5-singha-2009,article:l111,10.1109/TDEI.2009.4815189,Zinc Oxide in Bisphenol-A epoxy resin,DGEBA Epoxy Resin,Zinc oxide,,Melt Mixing,drying evaporation > drying evaporation > additive > additive > mixing > mixing > drying evaporation > mixing > molding > drying evaporation > molding > drying evaporation,"Singha, Santanu | Thomas, M. Joy","Nanodielectrics Laboratory, Department of Electrical Engineering, Indian Institute of Science, Bangalore, Indea"
16,31,5.064516129032258,0.19383191149080953,False,False,l132-s4-holt-2014,article:l132,10.1021/ma5000317,silica in poly(2-vinylpyridine),Poly(2-vinyl pyridine),Silicon dioxide,,Solution Processing,solvent > mixing > drying evaporation > drying evaporation,"Holt, Adam P. | Griffin, Philip J. | Bocharova, Vera | Agapov, Alexander L. | Imel, Adam E. | Dadmun, Mark D. | Sangoro, Joshua R. | Sokolov, Alexei P.","Department of Physics and Astronomy, University of Tennessee , Knoxville, Tennessee 37996, United States, Chemical Sciences Division, Oak Ridge National Laboratory , Oak Ridge, Tennessee 37831, USA",l389-s15-natarajan-2013,article:l389,10.1021/ma302281b,Silica in poly(2-vinylpyridine),Poly(2-vinyl pyridine),Silicon dioxide,aminopropyldimethylethoxysilane,Solution Processing,solvent > mixing > drying evaporation > drying evaporation > molding > heating,"Natarajan, Bharath | Li, Yang | Deng, Hua | Brinson, L. Catherine | Schadler, Linda S.","Department
of Materials Science
and Engineering, Rensselaer Polytechnic Institute, Troy, New York 12180, United States"
16,31,5.096774193548387,0.06977447314608481,True,True,l157-s8-zhao-2008,article:l157,10.1016/j.compscitech.2008.01.009,alumina in epoxy,DGEBA Epoxy Resin,Aluminium oxide,3-Aminopropyltriethoxysilane,Solution Processing,drying evaporation > mixing > additive > additive > heating > heating,"Zhao, Su | Schadler, Linda S. | Duncan, Renee | Hillborg, Henrik | Auletta, Tommaso","Department of Materials Science and Engineering and Rensselaer Nanotechnology Center, Rensselaer Polytechnic Institute, 110 8th Street, Troy, NY 12180, USA",l238-s2-zhao-2008,article:l238,10.1016/j.compscitech.2008.07.010,alumina in epoxy,DGEBA Epoxy Resin,Aluminium oxide,,Solution Processing,drying evaporation > solvent > mixing > additive > additive > heating > heating,"Zhao, Su | Schadler, Linda S. | Hillborg, Henrik | Auletta, Tommaso","Department of Materials Science and Engineering and Rensselaer Nanotechnology Center, Rensselaer Polytechnic Institute, 110 8th Street, Troy, NY 12180, USA"
16,31,5.096774193548387,0.06977447314608481,True,True,l157-s2-zhao-2008,article:l157,10.1016/j.compscitech.2008.01.009,alumina in epoxy,DGEBA Epoxy Resin,Aluminium oxide,,Solution Processing,drying evaporation > mixing > additive > additive > heating > heating,"Zhao, Su | Schadler, Linda S. | Duncan, Renee | Hillborg, Henrik | Auletta, Tommaso","Department of Materials Science and Engineering and Rensselaer Nanotechnology Center, Rensselaer Polytechnic Institute, 110 8th Street, Troy, NY 12180, USA",l238-s8-zhao-2008,article:l238,10.1016/j.compscitech.2008.07.010,alumina in epoxy,DGEBA Epoxy Resin,Aluminium oxide,3-Aminopropyltriethoxysilane,Solution Processing,drying evaporation > solvent > mixing > additive > additive > heating > heating,"Zhao, Su | Schadler, Linda S. | Hillborg, Henrik | Auletta, Tommaso","Department of Materials Science and Engineering and Rensselaer Nanotechnology Center, Rensselaer Polytechnic Institute, 110 8th Street, Troy, NY 12180, USA"
16,31,5.129032258064516,0.06977447314608481,True,True,l157-s4-zhao-2008,article:l157,10.1016/j.compscitech.2008.01.009,alumina in epoxy,DGEBA Epoxy Resin,Aluminium oxide,,Solution Processing,drying evaporation > mixing > additive > additive > heating > heating,"Zhao, Su | Schadler, Linda S. | Duncan, Renee | Hillborg, Henrik | Auletta, Tommaso","Department of Materials Science and Engineering and Rensselaer Nanotechnology Center, Rensselaer Polytechnic Institute, 110 8th Street, Troy, NY 12180, USA",l238-s6-zhao-2008,article:l238,10.1016/j.compscitech.2008.07.010,alumina in epoxy,DGEBA Epoxy Resin,Aluminium oxide,3-Aminopropyltriethoxysilane,Solution Processing,drying evaporation > solvent > mixing > additive > additive > heating > heating,"Zhao, Su | Schadler, Linda S. | Hillborg, Henrik | Auletta, Tommaso","Department of Materials Science and Engineering and Rensselaer Nanotechnology Center, Rensselaer Polytechnic Institute, 110 8th Street, Troy, NY 12180, USA"
16,31,5.129032258064516,0.06977447314608481,True,True,l157-s6-zhao-2008,article:l157,10.1016/j.compscitech.2008.01.009,alumina in epoxy,DGEBA Epoxy Resin,Aluminium oxide,3-Aminopropyltriethoxysilane,Solution Processing,drying evaporation > mixing > additive > additive > heating > heating,"Zhao, Su | Schadler, Linda S. | Duncan, Renee | Hillborg, Henrik | Auletta, Tommaso","Department of Materials Science and Engineering and Rensselaer Nanotechnology Center, Rensselaer Polytechnic Institute, 110 8th Street, Troy, NY 12180, USA",l238-s4-zhao-2008,article:l238,10.1016/j.compscitech.2008.07.010,alumina in epoxy,DGEBA Epoxy Resin,Aluminium oxide,,Solution Processing,drying evaporation > solvent > mixing > additive > additive > heating > heating,"Zhao, Su | Schadler, Linda S. | Hillborg, Henrik | Auletta, Tommaso","Department of Materials Science and Engineering and Rensselaer Nanotechnology Center, Rensselaer Polytechnic Institute, 110 8th Street, Troy, NY 12180, USA"
16,31,5.161290322580645,0.06915907465642498,True,True,l157-s8-zhao-2008,article:l157,10.1016/j.compscitech.2008.01.009,alumina in epoxy,DGEBA Epoxy Resin,Aluminium oxide,3-Aminopropyltriethoxysilane,Solution Processing,drying evaporation > mixing > additive > additive > heating > heating,"Zhao, Su | Schadler, Linda S. | Duncan, Renee | Hillborg, Henrik | Auletta, Tommaso","Department of Materials Science and Engineering and Rensselaer Nanotechnology Center, Rensselaer Polytechnic Institute, 110 8th Street, Troy, NY 12180, USA",l238-s3-zhao-2008,article:l238,10.1016/j.compscitech.2008.07.010,alumina in epoxy,DGEBA Epoxy Resin,Aluminium oxide,,Solution Processing,drying evaporation > solvent > mixing > additive > additive > heating > heating,"Zhao, Su | Schadler, Linda S. | Hillborg, Henrik | Auletta, Tommaso","Department of Materials Science and Engineering and Rensselaer Nanotechnology Center, Rensselaer Polytechnic Institute, 110 8th Street, Troy, NY 12180, USA"
16,31,5.161290322580645,0.06915907465642498,True,True,l157-s3-zhao-2008,article:l157,10.1016/j.compscitech.2008.01.009,alumina in epoxy,DGEBA Epoxy Resin,Aluminium oxide,,Solution Processing,drying evaporation > mixing > additive > additive > heating > heating,"Zhao, Su | Schadler, Linda S. | Duncan, Renee | Hillborg, Henrik | Auletta, Tommaso","Department of Materials Science and Engineering and Rensselaer Nanotechnology Center, Rensselaer Polytechnic Institute, 110 8th Street, Troy, NY 12180, USA",l238-s8-zhao-2008,article:l238,10.1016/j.compscitech.2008.07.010,alumina in epoxy,DGEBA Epoxy Resin,Aluminium oxide,3-Aminopropyltriethoxysilane,Solution Processing,drying evaporation > solvent > mixing > additive > additive > heating > heating,"Zhao, Su | Schadler, Linda S. | Hillborg, Henrik | Auletta, Tommaso","Department of Materials Science and Engineering and Rensselaer Nanotechnology Center, Rensselaer Polytechnic Institute, 110 8th Street, Troy, NY 12180, USA"
16,31,5.161290322580645,0.18437780343717144,True,False,l110-s12-singha-2008,article:l110,10.1109/T-DEI.2008.4446732,ZnO in bisphenol-A diglycidyl ether,DGEBA Epoxy Resin,Zinc oxide,,Melt Mixing,mixing > mixing > mixing > mixing > molding > drying evaporation,"Singha, Santanu | Thomas, M.",,l111-s6-singha-2009,article:l111,10.1109/TDEI.2009.4815189,Zinc Oxide in Bisphenol-A epoxy resin,DGEBA Epoxy Resin,Zinc oxide,,Melt Mixing,drying evaporation > drying evaporation > additive > additive > mixing > mixing > drying evaporation > mixing > molding > drying evaporation > molding > drying evaporation,"Singha, Santanu | Thomas, M. Joy","Nanodielectrics Laboratory, Department of Electrical Engineering, Indian Institute of Science, Bangalore, Indea"
16,31,5.225806451612903,0.06915907465642498,True,True,l157-s4-zhao-2008,article:l157,10.1016/j.compscitech.2008.01.009,alumina in epoxy,DGEBA Epoxy Resin,Aluminium oxide,,Solution Processing,drying evaporation > mixing > additive > additive > heating > heating,"Zhao, Su | Schadler, Linda S. | Duncan, Renee | Hillborg, Henrik | Auletta, Tommaso","Department of Materials Science and Engineering and Rensselaer Nanotechnology Center, Rensselaer Polytechnic Institute, 110 8th Street, Troy, NY 12180, USA",l238-s7-zhao-2008,article:l238,10.1016/j.compscitech.2008.07.010,alumina in epoxy,DGEBA Epoxy Resin,Aluminium oxide,3-Aminopropyltriethoxysilane,Solution Processing,drying evaporation > solvent > mixing > additive > additive > heating > heating,"Zhao, Su | Schadler, Linda S. | Hillborg, Henrik | Auletta, Tommaso","Department of Materials Science and Engineering and Rensselaer Nanotechnology Center, Rensselaer Polytechnic Institute, 110 8th Street, Troy, NY 12180, USA"
16,31,5.225806451612903,0.06915907465642498,True,True,l157-s7-zhao-2008,article:l157,10.1016/j.compscitech.2008.01.009,alumina in epoxy,DGEBA Epoxy Resin,Aluminium oxide,3-Aminopropyltriethoxysilane,Solution Processing,drying evaporation > mixing > additive > additive > heating > heating,"Zhao, Su | Schadler, Linda S. | Duncan, Renee | Hillborg, Henrik | Auletta, Tommaso","Department of Materials Science and Engineering and Rensselaer Nanotechnology Center, Rensselaer Polytechnic Institute, 110 8th Street, Troy, NY 12180, USA",l238-s4-zhao-2008,article:l238,10.1016/j.compscitech.2008.07.010,alumina in epoxy,DGEBA Epoxy Resin,Aluminium oxide,,Solution Processing,drying evaporation > solvent > mixing > additive > additive > heating > heating,"Zhao, Su | Schadler, Linda S. | Hillborg, Henrik | Auletta, Tommaso","Department of Materials Science and Engineering and Rensselaer Nanotechnology Center, Rensselaer Polytechnic Institute, 110 8th Street, Troy, NY 12180, USA"
16,31,5.258064516129032,0.19310950415749703,False,False,l132-s4-holt-2014,article:l132,10.1021/ma5000317,silica in poly(2-vinylpyridine),Poly(2-vinyl pyridine),Silicon dioxide,,Solution Processing,solvent > mixing > drying evaporation > drying evaporation,"Holt, Adam P. | Griffin, Philip J. | Bocharova, Vera | Agapov, Alexander L. | Imel, Adam E. | Dadmun, Mark D. | Sangoro, Joshua R. | Sokolov, Alexei P.","Department of Physics and Astronomy, University of Tennessee , Knoxville, Tennessee 37996, United States, Chemical Sciences Division, Oak Ridge National Laboratory , Oak Ridge, Tennessee 37831, USA",l389-s16-natarajan-2013,article:l389,10.1021/ma302281b,Silica in poly(2-vinylpyridine),Poly(2-vinyl pyridine),Silicon dioxide,aminopropyldimethylethoxysilane,Solution Processing,solvent > mixing > drying evaporation > drying evaporation > molding > heating,"Natarajan, Bharath | Li, Yang | Deng, Hua | Brinson, L. Catherine | Schadler, Linda S.","Department
of Materials Science
and Engineering, Rensselaer Polytechnic Institute, Troy, New York 12180, United States"
16,31,5.32258064516129,0.18568090998357342,True,False,l110-s11-singha-2008,article:l110,10.1109/T-DEI.2008.4446732,ZnO in bisphenol-A diglycidyl ether,DGEBA Epoxy Resin,Zinc oxide,,Melt Mixing,mixing > mixing > mixing > mixing > molding > drying evaporation,"Singha, Santanu | Thomas, M.",,l111-s7-singha-2009,article:l111,10.1109/TDEI.2009.4815189,Zinc Oxide in Bisphenol-A epoxy resin,DGEBA Epoxy Resin,Zinc oxide,,Melt Mixing,drying evaporation > drying evaporation > additive > additive > mixing > mixing > drying evaporation > mixing > molding > drying evaporation > molding > drying evaporation,"Singha, Santanu | Thomas, M. Joy","Nanodielectrics Laboratory, Department of Electrical Engineering, Indian Institute of Science, Bangalore, Indea"
16,31,5.483870967741935,0.1843178661600236,True,False,l110-s13-singha-2008,article:l110,10.1109/T-DEI.2008.4446732,ZnO in bisphenol-A diglycidyl ether,DGEBA Epoxy Resin,Zinc oxide,,Melt Mixing,mixing > mixing > mixing > mixing > molding > drying evaporation,"Singha, Santanu | Thomas, M.",,l111-s6-singha-2009,article:l111,10.1109/TDEI.2009.4815189,Zinc Oxide in Bisphenol-A epoxy resin,DGEBA Epoxy Resin,Zinc oxide,,Melt Mixing,drying evaporation > drying evaporation > additive > additive > mixing > mixing > drying evaporation > mixing > molding > drying evaporation > molding > drying evaporation,"Singha, Santanu | Thomas, M. Joy","Nanodielectrics Laboratory, Department of Electrical Engineering, Indian Institute of Science, Bangalore, Indea"
16,31,5.645161290322581,0.18563301669013116,True,False,l110-s12-singha-2008,article:l110,10.1109/T-DEI.2008.4446732,ZnO in bisphenol-A diglycidyl ether,DGEBA Epoxy Resin,Zinc oxide,,Melt Mixing,mixing > mixing > mixing > mixing > molding > drying evaporation,"Singha, Santanu | Thomas, M.",,l111-s7-singha-2009,article:l111,10.1109/TDEI.2009.4815189,Zinc Oxide in Bisphenol-A epoxy resin,DGEBA Epoxy Resin,Zinc oxide,,Melt Mixing,drying evaporation > drying evaporation > additive > additive > mixing > mixing > drying evaporation > mixing > molding > drying evaporation > molding > drying evaporation,"Singha, Santanu | Thomas, M. Joy","Nanodielectrics Laboratory, Department of Electrical Engineering, Indian Institute of Science, Bangalore, Indea"
16,31,5.67741935483871,0.07033032707629665,True,True,l157-s5-zhao-2008,article:l157,10.1016/j.compscitech.2008.01.009,alumina in epoxy,DGEBA Epoxy Resin,Aluminium oxide,,Solution Processing,drying evaporation > mixing > additive > additive > heating > heating,"Zhao, Su | Schadler, Linda S. | Duncan, Renee | Hillborg, Henrik | Auletta, Tommaso","Department of Materials Science and Engineering and Rensselaer Nanotechnology Center, Rensselaer Polytechnic Institute, 110 8th Street, Troy, NY 12180, USA",l238-s6-zhao-2008,article:l238,10.1016/j.compscitech.2008.07.010,alumina in epoxy,DGEBA Epoxy Resin,Aluminium oxide,3-Aminopropyltriethoxysilane,Solution Processing,drying evaporation > solvent > mixing > additive > additive > heating > heating,"Zhao, Su | Schadler, Linda S. | Hillborg, Henrik | Auletta, Tommaso","Department of Materials Science and Engineering and Rensselaer Nanotechnology Center, Rensselaer Polytechnic Institute, 110 8th Street, Troy, NY 12180, USA"
16,31,5.67741935483871,0.07033032707629665,True,True,l157-s9-zhao-2008,article:l157,10.1016/j.compscitech.2008.01.009,alumina in epoxy,DGEBA Epoxy Resin,Aluminium oxide,3-Aminopropyltriethoxysilane,Solution Processing,drying evaporation > mixing > additive > additive > heating > heating,"Zhao, Su | Schadler, Linda S. | Duncan, Renee | Hillborg, Henrik | Auletta, Tommaso","Department of Materials Science and Engineering and Rensselaer Nanotechnology Center, Rensselaer Polytechnic Institute, 110 8th Street, Troy, NY 12180, USA",l238-s2-zhao-2008,article:l238,10.1016/j.compscitech.2008.07.010,alumina in epoxy,DGEBA Epoxy Resin,Aluminium oxide,,Solution Processing,drying evaporation > solvent > mixing > additive > additive > heating > heating,"Zhao, Su | Schadler, Linda S. | Hillborg, Henrik | Auletta, Tommaso","Department of Materials Science and Engineering and Rensselaer Nanotechnology Center, Rensselaer Polytechnic Institute, 110 8th Street, Troy, NY 12180, USA"
16,31,5.67741935483871,0.07033032707629665,True,True,l157-s6-zhao-2008,article:l157,10.1016/j.compscitech.2008.01.009,alumina in epoxy,DGEBA Epoxy Resin,Aluminium oxide,3-Aminopropyltriethoxysilane,Solution Processing,drying evaporation > mixing > additive > additive > heating > heating,"Zhao, Su | Schadler, Linda S. | Duncan, Renee | Hillborg, Henrik | Auletta, Tommaso","Department of Materials Science and Engineering and Rensselaer Nanotechnology Center, Rensselaer Polytechnic Institute, 110 8th Street, Troy, NY 12180, USA",l238-s5-zhao-2008,article:l238,10.1016/j.compscitech.2008.07.010,alumina in epoxy,DGEBA Epoxy Resin,Aluminium oxide,,Solution Processing,drying evaporation > solvent > mixing > additive > additive > heating > heating,"Zhao, Su | Schadler, Linda S. | Hillborg, Henrik | Auletta, Tommaso","Department of Materials Science and Engineering and Rensselaer Nanotechnology Center, Rensselaer Polytechnic Institute, 110 8th Street, Troy, NY 12180, USA"
16,31,5.67741935483871,0.07033032707629665,True,True,l157-s2-zhao-2008,article:l157,10.1016/j.compscitech.2008.01.009,alumina in epoxy,DGEBA Epoxy Resin,Aluminium oxide,,Solution Processing,drying evaporation > mixing > additive > additive > heating > heating,"Zhao, Su | Schadler, Linda S. | Duncan, Renee | Hillborg, Henrik | Auletta, Tommaso","Department of Materials Science and Engineering and Rensselaer Nanotechnology Center, Rensselaer Polytechnic Institute, 110 8th Street, Troy, NY 12180, USA",l238-s9-zhao-2008,article:l238,10.1016/j.compscitech.2008.07.010,alumina in epoxy,DGEBA Epoxy Resin,Aluminium oxide,3-Aminopropyltriethoxysilane,Solution Processing,drying evaporation > solvent > mixing > additive > additive > heating > heating,"Zhao, Su | Schadler, Linda S. | Hillborg, Henrik | Auletta, Tommaso","Department of Materials Science and Engineering and Rensselaer Nanotechnology Center, Rensselaer Polytechnic Institute, 110 8th Street, Troy, NY 12180, USA"
16,31,5.903225806451613,0.06971492858663682,True,True,l157-s5-zhao-2008,article:l157,10.1016/j.compscitech.2008.01.009,alumina in epoxy,DGEBA Epoxy Resin,Aluminium oxide,,Solution Processing,drying evaporation > mixing > additive > additive > heating > heating,"Zhao, Su | Schadler, Linda S. | Duncan, Renee | Hillborg, Henrik | Auletta, Tommaso","Department of Materials Science and Engineering and Rensselaer Nanotechnology Center, Rensselaer Polytechnic Institute, 110 8th Street, Troy, NY 12180, USA",l238-s7-zhao-2008,article:l238,10.1016/j.compscitech.2008.07.010,alumina in epoxy,DGEBA Epoxy Resin,Aluminium oxide,3-Aminopropyltriethoxysilane,Solution Processing,drying evaporation > solvent > mixing > additive > additive > heating > heating,"Zhao, Su | Schadler, Linda S. | Hillborg, Henrik | Auletta, Tommaso","Department of Materials Science and Engineering and Rensselaer Nanotechnology Center, Rensselaer Polytechnic Institute, 110 8th Street, Troy, NY 12180, USA"
16,31,5.903225806451613,0.06971492858663682,True,True,l157-s7-zhao-2008,article:l157,10.1016/j.compscitech.2008.01.009,alumina in epoxy,DGEBA Epoxy Resin,Aluminium oxide,3-Aminopropyltriethoxysilane,Solution Processing,drying evaporation > mixing > additive > additive > heating > heating,"Zhao, Su | Schadler, Linda S. | Duncan, Renee | Hillborg, Henrik | Auletta, Tommaso","Department of Materials Science and Engineering and Rensselaer Nanotechnology Center, Rensselaer Polytechnic Institute, 110 8th Street, Troy, NY 12180, USA",l238-s5-zhao-2008,article:l238,10.1016/j.compscitech.2008.07.010,alumina in epoxy,DGEBA Epoxy Resin,Aluminium oxide,,Solution Processing,drying evaporation > solvent > mixing > additive > additive > heating > heating,"Zhao, Su | Schadler, Linda S. | Hillborg, Henrik | Auletta, Tommaso","Department of Materials Science and Engineering and Rensselaer Nanotechnology Center, Rensselaer Polytechnic Institute, 110 8th Street, Troy, NY 12180, USA"
16,31,5.935483870967742,0.06971492858663682,True,True,l157-s9-zhao-2008,article:l157,10.1016/j.compscitech.2008.01.009,alumina in epoxy,DGEBA Epoxy Resin,Aluminium oxide,3-Aminopropyltriethoxysilane,Solution Processing,drying evaporation > mixing > additive > additive > heating > heating,"Zhao, Su | Schadler, Linda S. | Duncan, Renee | Hillborg, Henrik | Auletta, Tommaso","Department of Materials Science and Engineering and Rensselaer Nanotechnology Center, Rensselaer Polytechnic Institute, 110 8th Street, Troy, NY 12180, USA",l238-s3-zhao-2008,article:l238,10.1016/j.compscitech.2008.07.010,alumina in epoxy,DGEBA Epoxy Resin,Aluminium oxide,,Solution Processing,drying evaporation > solvent > mixing > additive > additive > heating > heating,"Zhao, Su | Schadler, Linda S. | Hillborg, Henrik | Auletta, Tommaso","Department of Materials Science and Engineering and Rensselaer Nanotechnology Center, Rensselaer Polytechnic Institute, 110 8th Street, Troy, NY 12180, USA"
16,31,5.935483870967742,0.06971492858663682,True,True,l157-s3-zhao-2008,article:l157,10.1016/j.compscitech.2008.01.009,alumina in epoxy,DGEBA Epoxy Resin,Aluminium oxide,,Solution Processing,drying evaporation > mixing > additive > additive > heating > heating,"Zhao, Su | Schadler, Linda S. | Duncan, Renee | Hillborg, Henrik | Auletta, Tommaso","Department of Materials Science and Engineering and Rensselaer Nanotechnology Center, Rensselaer Polytechnic Institute, 110 8th Street, Troy, NY 12180, USA",l238-s9-zhao-2008,article:l238,10.1016/j.compscitech.2008.07.010,alumina in epoxy,DGEBA Epoxy Resin,Aluminium oxide,3-Aminopropyltriethoxysilane,Solution Processing,drying evaporation > solvent > mixing > additive > additive > heating > heating,"Zhao, Su | Schadler, Linda S. | Hillborg, Henrik | Auletta, Tommaso","Department of Materials Science and Engineering and Rensselaer Nanotechnology Center, Rensselaer Polytechnic Institute, 110 8th Street, Troy, NY 12180, USA"
16,31,5.967741935483871,0.18557307749025284,True,False,l110-s13-singha-2008,article:l110,10.1109/T-DEI.2008.4446732,ZnO in bisphenol-A diglycidyl ether,DGEBA Epoxy Resin,Zinc oxide,,Melt Mixing,mixing > mixing > mixing > mixing > molding > drying evaporation,"Singha, Santanu | Thomas, M.",,l111-s7-singha-2009,article:l111,10.1109/TDEI.2009.4815189,Zinc Oxide in Bisphenol-A epoxy resin,DGEBA Epoxy Resin,Zinc oxide,,Melt Mixing,drying evaporation > drying evaporation > additive > additive > mixing > mixing > drying evaporation > mixing > molding > drying evaporation > molding > drying evaporation,"Singha, Santanu | Thomas, M. Joy","Nanodielectrics Laboratory, Department of Electrical Engineering, Indian Institute of Science, Bangalore, Indea"
16,30,2.0,0.22783229251702627,False,False,l290-s26-si-2006,article:l290,10.1021/ma060125+,montmorillonite in styrene-acrylonitrile resin,Poly(styrene-co-acrylonitrile),Montmorillonite,,Melt Mixing,mixing > mixing,"Si, Mayu | Araki, Tohru | Ade, Harald | Kilcoyne, A. L. D. | Fisher, Robert | Sokolov, Jonathan C. | Rafailovich, Miriam H.","Department of Materials Science and Engineering, State University of New York at Stony Brook, Stony Brook, New York 11794-2275; Department of Physics, North Carolina State University, Raleigh, North Carolina 27695; Advanced Light Source, Lawrence Berkeley Laboratory, Berkeley, California 94720-8225; and Hebrew Academy of Nassau County High School, Uniondale, New York 11553",l380-s7-zhao-2017,article:l380,10.1021/acs.macromol.6b02158, in Styrene acrylonitrile resin,Poly(styrene-co-acrylonitrile),,,Melt Mixing,mixing,"Zhao, Yue | Liu, Jianning | Li, Xiaoxiao | Lu, Yue | Wang, Shi-Qing","Department of Polymer Science and Institute of Polymer Science and Engineering, University of Akron, Akron, Ohio 44325-3909, United States"
16,29,2.0344827586206895,0.17789175541236482,False,False,l261-s2-wang-2016,article:l261,10.1177/0954008315588983,graphene nanoplatelets in diglycidyl ether of bisphenol A epoxy resin,DGEBA Epoxy Resin,Graphene,,Solution Processing,solvent > mixing > mixing > heating > mixing > heating > mixing > mixing > heating > molding > heating,"O'Reilly, Michael V. | Masser, Hanqing | King, Daniel R. | Painter, Paul C. | Colby, Ralph H. | Winey, Karen I. | Runt, James",,l320-s2-wang-2014,article:l320,10.1007/s10853-014-8665-6,graphene nanoplatelets in epoxy resin,DGEBA Epoxy Resin,Graphene,,Solution Processing,mixing > mixing > mixing > heating > mixing > mixing > heating > heating > heating,"Wang, Fuzhong | Drzal, Lawrence T. | Qin, Yan | Huang, Zhixiong","School of Material Science and Engineering, Wuhan University of Technology, Wuhan, China"
16,29,2.1724137931034484,0.1775705788669915,False,False,l261-s3-wang-2016,article:l261,10.1177/0954008315588983,graphene nanoplatelets in diglycidyl ether of bisphenol A epoxy resin,DGEBA Epoxy Resin,Graphene,,Solution Processing,solvent > mixing > mixing > heating > mixing > heating > mixing > mixing > heating > molding > heating,"O'Reilly, Michael V. | Masser, Hanqing | King, Daniel R. | Painter, Paul C. | Colby, Ralph H. | Winey, Karen I. | Runt, James",,l320-s2-wang-2014,article:l320,10.1007/s10853-014-8665-6,graphene nanoplatelets in epoxy resin,DGEBA Epoxy Resin,Graphene,,Solution Processing,mixing > mixing > mixing > heating > mixing > mixing > heating > heating > heating,"Wang, Fuzhong | Drzal, Lawrence T. | Qin, Yan | Huang, Zhixiong","School of Material Science and Engineering, Wuhan University of Technology, Wuhan, China"
16,29,2.793103448275862,0.17821515891058692,False,False,l261-s2-wang-2016,article:l261,10.1177/0954008315588983,graphene nanoplatelets in diglycidyl ether of bisphenol A epoxy resin,DGEBA Epoxy Resin,Graphene,,Solution Processing,solvent > mixing > mixing > heating > mixing > heating > mixing > mixing > heating > molding > heating,"O'Reilly, Michael V. | Masser, Hanqing | King, Daniel R. | Painter, Paul C. | Colby, Ralph H. | Winey, Karen I. | Runt, James",,l320-s3-wang-2014,article:l320,10.1007/s10853-014-8665-6,graphene nanoplatelets in epoxy resin,DGEBA Epoxy Resin,Graphene,,Solution Processing,mixing > mixing > mixing > heating > mixing > mixing > heating > heating > heating,"Wang, Fuzhong | Drzal, Lawrence T. | Qin, Yan | Huang, Zhixiong","School of Material Science and Engineering, Wuhan University of Technology, Wuhan, China"
16,29,2.9310344827586206,0.17789398287904673,False,False,l261-s3-wang-2016,article:l261,10.1177/0954008315588983,graphene nanoplatelets in diglycidyl ether of bisphenol A epoxy resin,DGEBA Epoxy Resin,Graphene,,Solution Processing,solvent > mixing > mixing > heating > mixing > heating > mixing > mixing > heating > molding > heating,"O'Reilly, Michael V. | Masser, Hanqing | King, Daniel R. | Painter, Paul C. | Colby, Ralph H. | Winey, Karen I. | Runt, James",,l320-s3-wang-2014,article:l320,10.1007/s10853-014-8665-6,graphene nanoplatelets in epoxy resin,DGEBA Epoxy Resin,Graphene,,Solution Processing,mixing > mixing > mixing > heating > mixing > mixing > heating > heating > heating,"Wang, Fuzhong | Drzal, Lawrence T. | Qin, Yan | Huang, Zhixiong","School of Material Science and Engineering, Wuhan University of Technology, Wuhan, China"
16,29,2.9655172413793105,0.1775705788669915,False,False,l261-s4-wang-2016,article:l261,10.1177/0954008315588983,graphene nanoplatelets in diglycidyl ether of bisphenol A epoxy resin,DGEBA Epoxy Resin,Graphene,,Solution Processing,solvent > mixing > mixing > heating > mixing > heating > mixing > mixing > heating > molding > heating,"O'Reilly, Michael V. | Masser, Hanqing | King, Daniel R. | Painter, Paul C. | Colby, Ralph H. | Winey, Karen I. | Runt, James",,l320-s3-wang-2014,article:l320,10.1007/s10853-014-8665-6,graphene nanoplatelets in epoxy resin,DGEBA Epoxy Resin,Graphene,,Solution Processing,mixing > mixing > mixing > heating > mixing > mixing > heating > heating > heating,"Wang, Fuzhong | Drzal, Lawrence T. | Qin, Yan | Huang, Zhixiong","School of Material Science and Engineering, Wuhan University of Technology, Wuhan, China"
16,29,3.0344827586206895,0.17789398287904673,False,False,l261-s4-wang-2016,article:l261,10.1177/0954008315588983,graphene nanoplatelets in diglycidyl ether of bisphenol A epoxy resin,DGEBA Epoxy Resin,Graphene,,Solution Processing,solvent > mixing > mixing > heating > mixing > heating > mixing > mixing > heating > molding > heating,"O'Reilly, Michael V. | Masser, Hanqing | King, Daniel R. | Painter, Paul C. | Colby, Ralph H. | Winey, Karen I. | Runt, James",,l320-s2-wang-2014,article:l320,10.1007/s10853-014-8665-6,graphene nanoplatelets in epoxy resin,DGEBA Epoxy Resin,Graphene,,Solution Processing,mixing > mixing > mixing > heating > mixing > mixing > heating > heating > heating,"Wang, Fuzhong | Drzal, Lawrence T. | Qin, Yan | Huang, Zhixiong","School of Material Science and Engineering, Wuhan University of Technology, Wuhan, China"
16,29,3.1379310344827585,0.18025156906966505,False,False,l261-s2-wang-2016,article:l261,10.1177/0954008315588983,graphene nanoplatelets in diglycidyl ether of bisphenol A epoxy resin,DGEBA Epoxy Resin,Graphene,,Solution Processing,solvent > mixing > mixing > heating > mixing > heating > mixing > mixing > heating > molding > heating,"O'Reilly, Michael V. | Masser, Hanqing | King, Daniel R. | Painter, Paul C. | Colby, Ralph H. | Winey, Karen I. | Runt, James",,l320-s4-wang-2014,article:l320,10.1007/s10853-014-8665-6,graphene nanoplatelets in epoxy resin,DGEBA Epoxy Resin,Graphene,,Solution Processing,mixing > mixing > mixing > heating > mixing > mixing > heating > heating > heating,"Wang, Fuzhong | Drzal, Lawrence T. | Qin, Yan | Huang, Zhixiong","School of Material Science and Engineering, Wuhan University of Technology, Wuhan, China"
16,29,3.1724137931034484,0.17789175541236482,False,False,l261-s5-wang-2016,article:l261,10.1177/0954008315588983,graphene nanoplatelets in diglycidyl ether of bisphenol A epoxy resin,DGEBA Epoxy Resin,Graphene,ATBN,Solution Processing,solvent > mixing > mixing > heating > mixing > heating > mixing > mixing > heating > molding > heating,"O'Reilly, Michael V. | Masser, Hanqing | King, Daniel R. | Painter, Paul C. | Colby, Ralph H. | Winey, Karen I. | Runt, James",,l320-s2-wang-2014,article:l320,10.1007/s10853-014-8665-6,graphene nanoplatelets in epoxy resin,DGEBA Epoxy Resin,Graphene,,Solution Processing,mixing > mixing > mixing > heating > mixing > mixing > heating > heating > heating,"Wang, Fuzhong | Drzal, Lawrence T. | Qin, Yan | Huang, Zhixiong","School of Material Science and Engineering, Wuhan University of Technology, Wuhan, China"
16,29,3.2758620689655173,0.17993039046895914,False,False,l261-s3-wang-2016,article:l261,10.1177/0954008315588983,graphene nanoplatelets in diglycidyl ether of bisphenol A epoxy resin,DGEBA Epoxy Resin,Graphene,,Solution Processing,solvent > mixing > mixing > heating > mixing > heating > mixing > mixing > heating > molding > heating,"O'Reilly, Michael V. | Masser, Hanqing | King, Daniel R. | Painter, Paul C. | Colby, Ralph H. | Winey, Karen I. | Runt, James",,l320-s4-wang-2014,article:l320,10.1007/s10853-014-8665-6,graphene nanoplatelets in epoxy resin,DGEBA Epoxy Resin,Graphene,,Solution Processing,mixing > mixing > mixing > heating > mixing > mixing > heating > heating > heating,"Wang, Fuzhong | Drzal, Lawrence T. | Qin, Yan | Huang, Zhixiong","School of Material Science and Engineering, Wuhan University of Technology, Wuhan, China"
16,29,3.310344827586207,0.1775705788669915,False,False,l261-s6-wang-2016,article:l261,10.1177/0954008315588983,graphene nanoplatelets in diglycidyl ether of bisphenol A epoxy resin,DGEBA Epoxy Resin,Graphene,ATBN,Solution Processing,solvent > mixing > mixing > heating > mixing > heating > mixing > mixing > heating > molding > heating,"O'Reilly, Michael V. | Masser, Hanqing | King, Daniel R. | Painter, Paul C. | Colby, Ralph H. | Winey, Karen I. | Runt, James",,l320-s2-wang-2014,article:l320,10.1007/s10853-014-8665-6,graphene nanoplatelets in epoxy resin,DGEBA Epoxy Resin,Graphene,,Solution Processing,mixing > mixing > mixing > heating > mixing > mixing > heating > heating > heating,"Wang, Fuzhong | Drzal, Lawrence T. | Qin, Yan | Huang, Zhixiong","School of Material Science and Engineering, Wuhan University of Technology, Wuhan, China"
16,29,3.896551724137931,0.18057497359555344,False,False,l261-s2-wang-2016,article:l261,10.1177/0954008315588983,graphene nanoplatelets in diglycidyl ether of bisphenol A epoxy resin,DGEBA Epoxy Resin,Graphene,,Solution Processing,solvent > mixing > mixing > heating > mixing > heating > mixing > mixing > heating > molding > heating,"O'Reilly, Michael V. | Masser, Hanqing | King, Daniel R. | Painter, Paul C. | Colby, Ralph H. | Winey, Karen I. | Runt, James",,l320-s5-wang-2014,article:l320,10.1007/s10853-014-8665-6,graphene nanoplatelets in epoxy resin,DGEBA Epoxy Resin,Graphene,,Solution Processing,mixing > mixing > mixing > heating > mixing > mixing > heating > heating > heating,"Wang, Fuzhong | Drzal, Lawrence T. | Qin, Yan | Huang, Zhixiong","School of Material Science and Engineering, Wuhan University of Technology, Wuhan, China"
16,29,3.9310344827586206,0.17821515891058692,False,False,l261-s5-wang-2016,article:l261,10.1177/0954008315588983,graphene nanoplatelets in diglycidyl ether of bisphenol A epoxy resin,DGEBA Epoxy Resin,Graphene,ATBN,Solution Processing,solvent > mixing > mixing > heating > mixing > heating > mixing > mixing > heating > molding > heating,"O'Reilly, Michael V. | Masser, Hanqing | King, Daniel R. | Painter, Paul C. | Colby, Ralph H. | Winey, Karen I. | Runt, James",,l320-s3-wang-2014,article:l320,10.1007/s10853-014-8665-6,graphene nanoplatelets in epoxy resin,DGEBA Epoxy Resin,Graphene,,Solution Processing,mixing > mixing > mixing > heating > mixing > mixing > heating > heating > heating,"Wang, Fuzhong | Drzal, Lawrence T. | Qin, Yan | Huang, Zhixiong","School of Material Science and Engineering, Wuhan University of Technology, Wuhan, China"
16,29,4.0344827586206895,0.1802537970501801,False,False,l261-s3-wang-2016,article:l261,10.1177/0954008315588983,graphene nanoplatelets in diglycidyl ether of bisphenol A epoxy resin,DGEBA Epoxy Resin,Graphene,,Solution Processing,solvent > mixing > mixing > heating > mixing > heating > mixing > mixing > heating > molding > heating,"O'Reilly, Michael V. | Masser, Hanqing | King, Daniel R. | Painter, Paul C. | Colby, Ralph H. | Winey, Karen I. | Runt, James",,l320-s5-wang-2014,article:l320,10.1007/s10853-014-8665-6,graphene nanoplatelets in epoxy resin,DGEBA Epoxy Resin,Graphene,,Solution Processing,mixing > mixing > mixing > heating > mixing > mixing > heating > heating > heating,"Wang, Fuzhong | Drzal, Lawrence T. | Qin, Yan | Huang, Zhixiong","School of Material Science and Engineering, Wuhan University of Technology, Wuhan, China"
16,29,4.068965517241379,0.17789398287904673,False,False,l261-s6-wang-2016,article:l261,10.1177/0954008315588983,graphene nanoplatelets in diglycidyl ether of bisphenol A epoxy resin,DGEBA Epoxy Resin,Graphene,ATBN,Solution Processing,solvent > mixing > mixing > heating > mixing > heating > mixing > mixing > heating > molding > heating,"O'Reilly, Michael V. | Masser, Hanqing | King, Daniel R. | Painter, Paul C. | Colby, Ralph H. | Winey, Karen I. | Runt, James",,l320-s3-wang-2014,article:l320,10.1007/s10853-014-8665-6,graphene nanoplatelets in epoxy resin,DGEBA Epoxy Resin,Graphene,,Solution Processing,mixing > mixing > mixing > heating > mixing > mixing > heating > heating > heating,"Wang, Fuzhong | Drzal, Lawrence T. | Qin, Yan | Huang, Zhixiong","School of Material Science and Engineering, Wuhan University of Technology, Wuhan, China"
16,29,4.068965517241379,0.17993039046895914,False,False,l261-s4-wang-2016,article:l261,10.1177/0954008315588983,graphene nanoplatelets in diglycidyl ether of bisphenol A epoxy resin,DGEBA Epoxy Resin,Graphene,,Solution Processing,solvent > mixing > mixing > heating > mixing > heating > mixing > mixing > heating > molding > heating,"O'Reilly, Michael V. | Masser, Hanqing | King, Daniel R. | Painter, Paul C. | Colby, Ralph H. | Winey, Karen I. | Runt, James",,l320-s5-wang-2014,article:l320,10.1007/s10853-014-8665-6,graphene nanoplatelets in epoxy resin,DGEBA Epoxy Resin,Graphene,,Solution Processing,mixing > mixing > mixing > heating > mixing > mixing > heating > heating > heating,"Wang, Fuzhong | Drzal, Lawrence T. | Qin, Yan | Huang, Zhixiong","School of Material Science and Engineering, Wuhan University of Technology, Wuhan, China"
16,29,4.103448275862069,0.1775705788669915,False,False,l261-s7-wang-2016,article:l261,10.1177/0954008315588983,graphene nanoplatelets in diglycidyl ether of bisphenol A epoxy resin,DGEBA Epoxy Resin,Graphene,ATBN,Solution Processing,solvent > mixing > mixing > heating > mixing > heating > mixing > mixing > heating > molding > heating,"O'Reilly, Michael V. | Masser, Hanqing | King, Daniel R. | Painter, Paul C. | Colby, Ralph H. | Winey, Karen I. | Runt, James",,l320-s3-wang-2014,article:l320,10.1007/s10853-014-8665-6,graphene nanoplatelets in epoxy resin,DGEBA Epoxy Resin,Graphene,,Solution Processing,mixing > mixing > mixing > heating > mixing > mixing > heating > heating > heating,"Wang, Fuzhong | Drzal, Lawrence T. | Qin, Yan | Huang, Zhixiong","School of Material Science and Engineering, Wuhan University of Technology, Wuhan, China"
16,29,4.137931034482759,0.1802537970501801,False,False,l261-s4-wang-2016,article:l261,10.1177/0954008315588983,graphene nanoplatelets in diglycidyl ether of bisphenol A epoxy resin,DGEBA Epoxy Resin,Graphene,,Solution Processing,solvent > mixing > mixing > heating > mixing > heating > mixing > mixing > heating > molding > heating,"O'Reilly, Michael V. | Masser, Hanqing | King, Daniel R. | Painter, Paul C. | Colby, Ralph H. | Winey, Karen I. | Runt, James",,l320-s4-wang-2014,article:l320,10.1007/s10853-014-8665-6,graphene nanoplatelets in epoxy resin,DGEBA Epoxy Resin,Graphene,,Solution Processing,mixing > mixing > mixing > heating > mixing > mixing > heating > heating > heating,"Wang, Fuzhong | Drzal, Lawrence T. | Qin, Yan | Huang, Zhixiong","School of Material Science and Engineering, Wuhan University of Technology, Wuhan, China"
16,29,4.172413793103448,0.17789398287904673,False,False,l261-s7-wang-2016,article:l261,10.1177/0954008315588983,graphene nanoplatelets in diglycidyl ether of bisphenol A epoxy resin,DGEBA Epoxy Resin,Graphene,ATBN,Solution Processing,solvent > mixing > mixing > heating > mixing > heating > mixing > mixing > heating > molding > heating,"O'Reilly, Michael V. | Masser, Hanqing | King, Daniel R. | Painter, Paul C. | Colby, Ralph H. | Winey, Karen I. | Runt, James",,l320-s2-wang-2014,article:l320,10.1007/s10853-014-8665-6,graphene nanoplatelets in epoxy resin,DGEBA Epoxy Resin,Graphene,,Solution Processing,mixing > mixing > mixing > heating > mixing > mixing > heating > heating > heating,"Wang, Fuzhong | Drzal, Lawrence T. | Qin, Yan | Huang, Zhixiong","School of Material Science and Engineering, Wuhan University of Technology, Wuhan, China"
16,29,4.275862068965517,0.18025156906966505,False,False,l261-s5-wang-2016,article:l261,10.1177/0954008315588983,graphene nanoplatelets in diglycidyl ether of bisphenol A epoxy resin,DGEBA Epoxy Resin,Graphene,ATBN,Solution Processing,solvent > mixing > mixing > heating > mixing > heating > mixing > mixing > heating > molding > heating,"O'Reilly, Michael V. | Masser, Hanqing | King, Daniel R. | Painter, Paul C. | Colby, Ralph H. | Winey, Karen I. | Runt, James",,l320-s4-wang-2014,article:l320,10.1007/s10853-014-8665-6,graphene nanoplatelets in epoxy resin,DGEBA Epoxy Resin,Graphene,,Solution Processing,mixing > mixing > mixing > heating > mixing > mixing > heating > heating > heating,"Wang, Fuzhong | Drzal, Lawrence T. | Qin, Yan | Huang, Zhixiong","School of Material Science and Engineering, Wuhan University of Technology, Wuhan, China"
16,29,4.413793103448276,0.17993039046895914,False,False,l261-s6-wang-2016,article:l261,10.1177/0954008315588983,graphene nanoplatelets in diglycidyl ether of bisphenol A epoxy resin,DGEBA Epoxy Resin,Graphene,ATBN,Solution Processing,solvent > mixing > mixing > heating > mixing > heating > mixing > mixing > heating > molding > heating,"O'Reilly, Michael V. | Masser, Hanqing | King, Daniel R. | Painter, Paul C. | Colby, Ralph H. | Winey, Karen I. | Runt, James",,l320-s4-wang-2014,article:l320,10.1007/s10853-014-8665-6,graphene nanoplatelets in epoxy resin,DGEBA Epoxy Resin,Graphene,,Solution Processing,mixing > mixing > mixing > heating > mixing > mixing > heating > heating > heating,"Wang, Fuzhong | Drzal, Lawrence T. | Qin, Yan | Huang, Zhixiong","School of Material Science and Engineering, Wuhan University of Technology, Wuhan, China"
16,29,5.0344827586206895,0.18057497359555344,False,False,l261-s5-wang-2016,article:l261,10.1177/0954008315588983,graphene nanoplatelets in diglycidyl ether of bisphenol A epoxy resin,DGEBA Epoxy Resin,Graphene,ATBN,Solution Processing,solvent > mixing > mixing > heating > mixing > heating > mixing > mixing > heating > molding > heating,"O'Reilly, Michael V. | Masser, Hanqing | King, Daniel R. | Painter, Paul C. | Colby, Ralph H. | Winey, Karen I. | Runt, James",,l320-s5-wang-2014,article:l320,10.1007/s10853-014-8665-6,graphene nanoplatelets in epoxy resin,DGEBA Epoxy Resin,Graphene,,Solution Processing,mixing > mixing > mixing > heating > mixing > mixing > heating > heating > heating,"Wang, Fuzhong | Drzal, Lawrence T. | Qin, Yan | Huang, Zhixiong","School of Material Science and Engineering, Wuhan University of Technology, Wuhan, China"
16,29,5.172413793103448,0.1802537970501801,False,False,l261-s6-wang-2016,article:l261,10.1177/0954008315588983,graphene nanoplatelets in diglycidyl ether of bisphenol A epoxy resin,DGEBA Epoxy Resin,Graphene,ATBN,Solution Processing,solvent > mixing > mixing > heating > mixing > heating > mixing > mixing > heating > molding > heating,"O'Reilly, Michael V. | Masser, Hanqing | King, Daniel R. | Painter, Paul C. | Colby, Ralph H. | Winey, Karen I. | Runt, James",,l320-s5-wang-2014,article:l320,10.1007/s10853-014-8665-6,graphene nanoplatelets in epoxy resin,DGEBA Epoxy Resin,Graphene,,Solution Processing,mixing > mixing > mixing > heating > mixing > mixing > heating > heating > heating,"Wang, Fuzhong | Drzal, Lawrence T. | Qin, Yan | Huang, Zhixiong","School of Material Science and Engineering, Wuhan University of Technology, Wuhan, China"
16,29,5.206896551724138,0.17993039046895914,False,False,l261-s7-wang-2016,article:l261,10.1177/0954008315588983,graphene nanoplatelets in diglycidyl ether of bisphenol A epoxy resin,DGEBA Epoxy Resin,Graphene,ATBN,Solution Processing,solvent > mixing > mixing > heating > mixing > heating > mixing > mixing > heating > molding > heating,"O'Reilly, Michael V. | Masser, Hanqing | King, Daniel R. | Painter, Paul C. | Colby, Ralph H. | Winey, Karen I. | Runt, James",,l320-s5-wang-2014,article:l320,10.1007/s10853-014-8665-6,graphene nanoplatelets in epoxy resin,DGEBA Epoxy Resin,Graphene,,Solution Processing,mixing > mixing > mixing > heating > mixing > mixing > heating > heating > heating,"Wang, Fuzhong | Drzal, Lawrence T. | Qin, Yan | Huang, Zhixiong","School of Material Science and Engineering, Wuhan University of Technology, Wuhan, China"
16,29,5.275862068965517,0.1802537970501801,False,False,l261-s7-wang-2016,article:l261,10.1177/0954008315588983,graphene nanoplatelets in diglycidyl ether of bisphenol A epoxy resin,DGEBA Epoxy Resin,Graphene,ATBN,Solution Processing,solvent > mixing > mixing > heating > mixing > heating > mixing > mixing > heating > molding > heating,"O'Reilly, Michael V. | Masser, Hanqing | King, Daniel R. | Painter, Paul C. | Colby, Ralph H. | Winey, Karen I. | Runt, James",,l320-s4-wang-2014,article:l320,10.1007/s10853-014-8665-6,graphene nanoplatelets in epoxy resin,DGEBA Epoxy Resin,Graphene,,Solution Processing,mixing > mixing > mixing > heating > mixing > mixing > heating > heating > heating,"Wang, Fuzhong | Drzal, Lawrence T. | Qin, Yan | Huang, Zhixiong","School of Material Science and Engineering, Wuhan University of Technology, Wuhan, China"
16,29,5.275862068965517,0.277810851047779,True,False,l132-s1-holt-2014,article:l132,10.1021/ma5000317, in poly(2-vinylpyridine),Poly(2-vinyl pyridine),,,Solution Processing,solvent > mixing > drying evaporation > drying evaporation,"Holt, Adam P. | Griffin, Philip J. | Bocharova, Vera | Agapov, Alexander L. | Imel, Adam E. | Dadmun, Mark D. | Sangoro, Joshua R. | Sokolov, Alexei P.","Department of Physics and Astronomy, University of Tennessee , Knoxville, Tennessee 37996, United States, Chemical Sciences Division, Oak Ridge National Laboratory , Oak Ridge, Tennessee 37831, USA",l385-s10-bailey-2019,article:l385,10.1021/acs.macromol.8b02646,octa(aminophenyl) polyhedral oligomeric silsesquioxane in poly(2-vinylpyridine),Poly(2-vinyl pyridine),Octa(aminophenyl) polyhedral oligomeric silsesquioxane,,Solution Processing,additive > solvent > additive > solvent > mixing > additive > solvent > mixing > drying evaporation,"Bailey, Eric J. | Griffin, Philip J. | Composto, Russell J. | Winey, Karen I.","Department of Materials Science and Engineering, University of Pennsylvania, Philadelphia, Pennsylvania 19104, United States"
16,26,3.4615384615384617,0.2401495759303753,True,False,l132-s3-holt-2014,article:l132,10.1021/ma5000317,silica in poly(2-vinylpyridine),Poly(2-vinyl pyridine),Silicon dioxide,,Solution Processing,solvent > mixing > drying evaporation > drying evaporation,"Holt, Adam P. | Griffin, Philip J. | Bocharova, Vera | Agapov, Alexander L. | Imel, Adam E. | Dadmun, Mark D. | Sangoro, Joshua R. | Sokolov, Alexei P.","Department of Physics and Astronomy, University of Tennessee , Knoxville, Tennessee 37996, United States, Chemical Sciences Division, Oak Ridge National Laboratory , Oak Ridge, Tennessee 37831, USA",l385-s1-bailey-2019,article:l385,unpublished-initial-create, in poly(2-vinylpyridine),Poly(2-vinyl pyridine),,,Solution Processing,additive > solvent > additive > solvent > mixing > additive > solvent > mixing > drying evaporation,"Bailey, Eric J. | Griffin, Philip J. | Composto, Russell J. | Winey, Karen I.","Department of Materials Science and Engineering, University of Pennsylvania, Philadelphia, Pennsylvania 19104, United States"
16,26,3.8461538461538463,0.2401495759303753,True,False,l132-s3-holt-2014,article:l132,10.1021/ma5000317,silica in poly(2-vinylpyridine),Poly(2-vinyl pyridine),Silicon dioxide,,Solution Processing,solvent > mixing > drying evaporation > drying evaporation,"Holt, Adam P. | Griffin, Philip J. | Bocharova, Vera | Agapov, Alexander L. | Imel, Adam E. | Dadmun, Mark D. | Sangoro, Joshua R. | Sokolov, Alexei P.","Department of Physics and Astronomy, University of Tennessee , Knoxville, Tennessee 37996, United States, Chemical Sciences Division, Oak Ridge National Laboratory , Oak Ridge, Tennessee 37831, USA",l385-s12-bailey-2019,article:l385,10.1021/acs.macromol.8b02646, in poly(2-vinylpyridine),Poly(2-vinyl pyridine),,,Solution Processing,additive > solvent > additive > solvent > mixing > additive > solvent > mixing > drying evaporation,"Bailey, Eric J. | Griffin, Philip J. | Composto, Russell J. | Winey, Karen I.","Department of Materials Science and Engineering, University of Pennsylvania, Philadelphia, Pennsylvania 19104, United States"
16,26,4.076923076923077,0.2401495759303753,True,False,l132-s4-holt-2014,article:l132,10.1021/ma5000317,silica in poly(2-vinylpyridine),Poly(2-vinyl pyridine),Silicon dioxide,,Solution Processing,solvent > mixing > drying evaporation > drying evaporation,"Holt, Adam P. | Griffin, Philip J. | Bocharova, Vera | Agapov, Alexander L. | Imel, Adam E. | Dadmun, Mark D. | Sangoro, Joshua R. | Sokolov, Alexei P.","Department of Physics and Astronomy, University of Tennessee , Knoxville, Tennessee 37996, United States, Chemical Sciences Division, Oak Ridge National Laboratory , Oak Ridge, Tennessee 37831, USA",l385-s1-bailey-2019,article:l385,unpublished-initial-create, in poly(2-vinylpyridine),Poly(2-vinyl pyridine),,,Solution Processing,additive > solvent > additive > solvent > mixing > additive > solvent > mixing > drying evaporation,"Bailey, Eric J. | Griffin, Philip J. | Composto, Russell J. | Winey, Karen I.","Department of Materials Science and Engineering, University of Pennsylvania, Philadelphia, Pennsylvania 19104, United States"
16,26,4.115384615384615,0.3299866525026468,False,False,l290-s11-si-2006,article:l290,10.1021/ma060125+, in polystyrene,Poly(vinyl chloride) | Polystyrene,,,Melt Mixing,mixing > mixing,"Si, Mayu | Araki, Tohru | Ade, Harald | Kilcoyne, A. L. D. | Fisher, Robert | Sokolov, Jonathan C. | Rafailovich, Miriam H.","Department of Materials Science and Engineering, State University of New York at Stony Brook, Stony Brook, New York 11794-2275; Department of Physics, North Carolina State University, Raleigh, North Carolina 27695; Advanced Light Source, Lawrence Berkeley Laboratory, Berkeley, California 94720-8225; and Hebrew Academy of Nassau County High School, Uniondale, New York 11553",l380-s2-zhao-2017,article:l380,10.1021/acs.macromol.6b02158,triphenyl phosphate in polystyrene,Polystyrene,Triphenyl phosphate,,Melt Mixing,mixing,"Zhao, Yue | Liu, Jianning | Li, Xiaoxiao | Lu, Yue | Wang, Shi-Qing","Department of Polymer Science and Institute of Polymer Science and Engineering, University of Akron, Akron, Ohio 44325-3909, United States"
16,26,4.230769230769231,0.2401495759303753,True,False,l132-s3-holt-2014,article:l132,10.1021/ma5000317,silica in poly(2-vinylpyridine),Poly(2-vinyl pyridine),Silicon dioxide,,Solution Processing,solvent > mixing > drying evaporation > drying evaporation,"Holt, Adam P. | Griffin, Philip J. | Bocharova, Vera | Agapov, Alexander L. | Imel, Adam E. | Dadmun, Mark D. | Sangoro, Joshua R. | Sokolov, Alexei P.","Department of Physics and Astronomy, University of Tennessee , Knoxville, Tennessee 37996, United States, Chemical Sciences Division, Oak Ridge National Laboratory , Oak Ridge, Tennessee 37831, USA",l385-s14-bailey-2019,article:l385,10.1021/acs.macromol.8b02646, in poly(2-vinylpyridine),Poly(2-vinyl pyridine),,,Solution Processing,additive > solvent > additive > solvent > mixing > additive > solvent > mixing > drying evaporation,"Bailey, Eric J. | Griffin, Philip J. | Composto, Russell J. | Winey, Karen I.","Department of Materials Science and Engineering, University of Pennsylvania, Philadelphia, Pennsylvania 19104, United States"
16,26,4.461538461538462,0.2401495759303753,True,False,l132-s4-holt-2014,article:l132,10.1021/ma5000317,silica in poly(2-vinylpyridine),Poly(2-vinyl pyridine),Silicon dioxide,,Solution Processing,solvent > mixing > drying evaporation > drying evaporation,"Holt, Adam P. | Griffin, Philip J. | Bocharova, Vera | Agapov, Alexander L. | Imel, Adam E. | Dadmun, Mark D. | Sangoro, Joshua R. | Sokolov, Alexei P.","Department of Physics and Astronomy, University of Tennessee , Knoxville, Tennessee 37996, United States, Chemical Sciences Division, Oak Ridge National Laboratory , Oak Ridge, Tennessee 37831, USA",l385-s12-bailey-2019,article:l385,10.1021/acs.macromol.8b02646, in poly(2-vinylpyridine),Poly(2-vinyl pyridine),,,Solution Processing,additive > solvent > additive > solvent > mixing > additive > solvent > mixing > drying evaporation,"Bailey, Eric J. | Griffin, Philip J. | Composto, Russell J. | Winey, Karen I.","Department of Materials Science and Engineering, University of Pennsylvania, Philadelphia, Pennsylvania 19104, United States"
16,26,4.615384615384615,0.2401495759303753,True,False,l132-s3-holt-2014,article:l132,10.1021/ma5000317,silica in poly(2-vinylpyridine),Poly(2-vinyl pyridine),Silicon dioxide,,Solution Processing,solvent > mixing > drying evaporation > drying evaporation,"Holt, Adam P. | Griffin, Philip J. | Bocharova, Vera | Agapov, Alexander L. | Imel, Adam E. | Dadmun, Mark D. | Sangoro, Joshua R. | Sokolov, Alexei P.","Department of Physics and Astronomy, University of Tennessee , Knoxville, Tennessee 37996, United States, Chemical Sciences Division, Oak Ridge National Laboratory , Oak Ridge, Tennessee 37831, USA",l385-s16-bailey-2019,article:l385,10.1021/acs.macromol.8b02646, in poly(2-vinylpyridine),Poly(2-vinyl pyridine),,,Solution Processing,additive > solvent > additive > solvent > mixing > additive > solvent > mixing > drying evaporation,"Bailey, Eric J. | Griffin, Philip J. | Composto, Russell J. | Winey, Karen I.","Department of Materials Science and Engineering, University of Pennsylvania, Philadelphia, Pennsylvania 19104, United States"
16,26,4.653846153846154,0.3299866525026468,False,False,l290-s11-si-2006,article:l290,10.1021/ma060125+, in polystyrene,Poly(vinyl chloride) | Polystyrene,,,Melt Mixing,mixing > mixing,"Si, Mayu | Araki, Tohru | Ade, Harald | Kilcoyne, A. L. D. | Fisher, Robert | Sokolov, Jonathan C. | Rafailovich, Miriam H.","Department of Materials Science and Engineering, State University of New York at Stony Brook, Stony Brook, New York 11794-2275; Department of Physics, North Carolina State University, Raleigh, North Carolina 27695; Advanced Light Source, Lawrence Berkeley Laboratory, Berkeley, California 94720-8225; and Hebrew Academy of Nassau County High School, Uniondale, New York 11553",l380-s3-zhao-2017,article:l380,10.1021/acs.macromol.6b02158,triphenyl phosphate in polystyrene,Polystyrene,Triphenyl phosphate,,Melt Mixing,mixing,"Zhao, Yue | Liu, Jianning | Li, Xiaoxiao | Lu, Yue | Wang, Shi-Qing","Department of Polymer Science and Institute of Polymer Science and Engineering, University of Akron, Akron, Ohio 44325-3909, United States"
16,26,4.846153846153846,0.2401495759303753,True,False,l132-s4-holt-2014,article:l132,10.1021/ma5000317,silica in poly(2-vinylpyridine),Poly(2-vinyl pyridine),Silicon dioxide,,Solution Processing,solvent > mixing > drying evaporation > drying evaporation,"Holt, Adam P. | Griffin, Philip J. | Bocharova, Vera | Agapov, Alexander L. | Imel, Adam E. | Dadmun, Mark D. | Sangoro, Joshua R. | Sokolov, Alexei P.","Department of Physics and Astronomy, University of Tennessee , Knoxville, Tennessee 37996, United States, Chemical Sciences Division, Oak Ridge National Laboratory , Oak Ridge, Tennessee 37831, USA",l385-s14-bailey-2019,article:l385,10.1021/acs.macromol.8b02646, in poly(2-vinylpyridine),Poly(2-vinyl pyridine),,,Solution Processing,additive > solvent > additive > solvent > mixing > additive > solvent > mixing > drying evaporation,"Bailey, Eric J. | Griffin, Philip J. | Composto, Russell J. | Winey, Karen I.","Department of Materials Science and Engineering, University of Pennsylvania, Philadelphia, Pennsylvania 19104, United States"
16,26,5.0,0.2401495759303753,True,False,l132-s3-holt-2014,article:l132,10.1021/ma5000317,silica in poly(2-vinylpyridine),Poly(2-vinyl pyridine),Silicon dioxide,,Solution Processing,solvent > mixing > drying evaporation > drying evaporation,"Holt, Adam P. | Griffin, Philip J. | Bocharova, Vera | Agapov, Alexander L. | Imel, Adam E. | Dadmun, Mark D. | Sangoro, Joshua R. | Sokolov, Alexei P.","Department of Physics and Astronomy, University of Tennessee , Knoxville, Tennessee 37996, United States, Chemical Sciences Division, Oak Ridge National Laboratory , Oak Ridge, Tennessee 37831, USA",l385-s17-bailey-2019,article:l385,10.1021/acs.macromol.8b02646, in poly(2-vinylpyridine),Poly(2-vinyl pyridine),,,Solution Processing,additive > solvent > additive > solvent > mixing > additive > solvent > mixing > drying evaporation,"Bailey, Eric J. | Griffin, Philip J. | Composto, Russell J. | Winey, Karen I.","Department of Materials Science and Engineering, University of Pennsylvania, Philadelphia, Pennsylvania 19104, United States"
16,26,5.1923076923076925,0.3299866525026468,False,False,l290-s11-si-2006,article:l290,10.1021/ma060125+, in polystyrene,Poly(vinyl chloride) | Polystyrene,,,Melt Mixing,mixing > mixing,"Si, Mayu | Araki, Tohru | Ade, Harald | Kilcoyne, A. L. D. | Fisher, Robert | Sokolov, Jonathan C. | Rafailovich, Miriam H.","Department of Materials Science and Engineering, State University of New York at Stony Brook, Stony Brook, New York 11794-2275; Department of Physics, North Carolina State University, Raleigh, North Carolina 27695; Advanced Light Source, Lawrence Berkeley Laboratory, Berkeley, California 94720-8225; and Hebrew Academy of Nassau County High School, Uniondale, New York 11553",l380-s4-zhao-2017,article:l380,10.1021/acs.macromol.6b02158,mineral oil in polystyrene,Polystyrene,Mineral oil,,Melt Mixing,mixing,"Zhao, Yue | Liu, Jianning | Li, Xiaoxiao | Lu, Yue | Wang, Shi-Qing","Department of Polymer Science and Institute of Polymer Science and Engineering, University of Akron, Akron, Ohio 44325-3909, United States"
16,26,5.230769230769231,0.2401495759303753,True,False,l132-s4-holt-2014,article:l132,10.1021/ma5000317,silica in poly(2-vinylpyridine),Poly(2-vinyl pyridine),Silicon dioxide,,Solution Processing,solvent > mixing > drying evaporation > drying evaporation,"Holt, Adam P. | Griffin, Philip J. | Bocharova, Vera | Agapov, Alexander L. | Imel, Adam E. | Dadmun, Mark D. | Sangoro, Joshua R. | Sokolov, Alexei P.","Department of Physics and Astronomy, University of Tennessee , Knoxville, Tennessee 37996, United States, Chemical Sciences Division, Oak Ridge National Laboratory , Oak Ridge, Tennessee 37831, USA",l385-s16-bailey-2019,article:l385,10.1021/acs.macromol.8b02646, in poly(2-vinylpyridine),Poly(2-vinyl pyridine),,,Solution Processing,additive > solvent > additive > solvent > mixing > additive > solvent > mixing > drying evaporation,"Bailey, Eric J. | Griffin, Philip J. | Composto, Russell J. | Winey, Karen I.","Department of Materials Science and Engineering, University of Pennsylvania, Philadelphia, Pennsylvania 19104, United States"
16,26,5.615384615384615,0.2401495759303753,True,False,l132-s4-holt-2014,article:l132,10.1021/ma5000317,silica in poly(2-vinylpyridine),Poly(2-vinyl pyridine),Silicon dioxide,,Solution Processing,solvent > mixing > drying evaporation > drying evaporation,"Holt, Adam P. | Griffin, Philip J. | Bocharova, Vera | Agapov, Alexander L. | Imel, Adam E. | Dadmun, Mark D. | Sangoro, Joshua R. | Sokolov, Alexei P.","Department of Physics and Astronomy, University of Tennessee , Knoxville, Tennessee 37996, United States, Chemical Sciences Division, Oak Ridge National Laboratory , Oak Ridge, Tennessee 37831, USA",l385-s17-bailey-2019,article:l385,10.1021/acs.macromol.8b02646, in poly(2-vinylpyridine),Poly(2-vinyl pyridine),,,Solution Processing,additive > solvent > additive > solvent > mixing > additive > solvent > mixing > drying evaporation,"Bailey, Eric J. | Griffin, Philip J. | Composto, Russell J. | Winey, Karen I.","Department of Materials Science and Engineering, University of Pennsylvania, Philadelphia, Pennsylvania 19104, United States"
16,24,2.625,0.17656125438710055,False,False,l110-s10-singha-2008,article:l110,10.1109/T-DEI.2008.4446732,Al2O3 in bisphenol-A diglycidyl ether,DGEBA Epoxy Resin,Aluminium oxide,,Melt Mixing,mixing > mixing > mixing > mixing > molding > drying evaporation,"Singha, Santanu | Thomas, M.",,l140-s1-gao-2012,article:l140,10.3390/polym4010187, in bisphenol-A epoxy,DGEBA Epoxy Resin,,,Melt Mixing,mixing > drying evaporation > mixing > molding > molding,"Gao, Jianing | Li, Junting | Benicewicz, Brian C. | Zhao, Su | Hillborg, Henrik | Schadler, Linda S.","Department of Materials Science & Engineering, Rensselaer Polytechnic Institute, 110 8th Street, Troy, NY 12180, USA"
16,24,5.916666666666667,0.18780982059737047,False,False,l110-s1-singha-2008,article:l110,10.1109/T-DEI.2008.4446732, in bisphenol-A diglycidyl ether,DGEBA Epoxy Resin,,,Melt Mixing,mixing > mixing > mixing > mixing > molding > drying evaporation,"Singha, Santanu | Thomas, M.",,l140-s7-gao-2012,article:l140,10.3390/polym4010187,silicon dioxide in bisphenol-A epoxy,DGEBA Epoxy Resin,Silicon dioxide,4-Cyanopentanoic acid dithiobenzoate | poly(glycidyl methacrylate) | poly(n-hexyl methacrylate),Melt Mixing,mixing > drying evaporation > mixing > molding > molding,"Gao, Jianing | Li, Junting | Benicewicz, Brian C. | Zhao, Su | Hillborg, Henrik | Schadler, Linda S.","Department of Materials Science & Engineering, Rensselaer Polytechnic Institute, 110 8th Street, Troy, NY 12180, USA"
16,24,6.458333333333333,0.18780982059737047,False,False,l110-s1-singha-2008,article:l110,10.1109/T-DEI.2008.4446732, in bisphenol-A diglycidyl ether,DGEBA Epoxy Resin,,,Melt Mixing,mixing > mixing > mixing > mixing > molding > drying evaporation,"Singha, Santanu | Thomas, M.",,l140-s8-gao-2012,article:l140,10.3390/polym4010187,silicon dioxide in bisphenol-A epoxy,DGEBA Epoxy Resin,Silicon dioxide,4-Cyanopentanoic acid dithiobenzoate | poly(glycidyl methacrylate) | poly(n-hexyl methacrylate),Melt Mixing,mixing > drying evaporation > mixing > molding > molding,"Gao, Jianing | Li, Junting | Benicewicz, Brian C. | Zhao, Su | Hillborg, Henrik | Schadler, Linda S.","Department of Materials Science & Engineering, Rensselaer Polytechnic Institute, 110 8th Street, Troy, NY 12180, USA"
16,23,4.3478260869565215,0.24619996936424918,True,False,l132-s1-holt-2014,article:l132,10.1021/ma5000317, in poly(2-vinylpyridine),Poly(2-vinyl pyridine),,,Solution Processing,solvent > mixing > drying evaporation > drying evaporation,"Holt, Adam P. | Griffin, Philip J. | Bocharova, Vera | Agapov, Alexander L. | Imel, Adam E. | Dadmun, Mark D. | Sangoro, Joshua R. | Sokolov, Alexei P.","Department of Physics and Astronomy, University of Tennessee , Knoxville, Tennessee 37996, United States, Chemical Sciences Division, Oak Ridge National Laboratory , Oak Ridge, Tennessee 37831, USA",l385-s11-bailey-2019,article:l385,10.1021/acs.macromol.8b02646,octa(aminophenyl) polyhedral oligomeric silsesquioxane in poly(2-vinylpyridine),Poly(2-vinyl pyridine),Octa(aminophenyl) polyhedral oligomeric silsesquioxane,,Solution Processing,additive > solvent > additive > solvent > mixing > additive > solvent > mixing > drying evaporation,"Bailey, Eric J. | Griffin, Philip J. | Composto, Russell J. | Winey, Karen I.","Department of Materials Science and Engineering, University of Pennsylvania, Philadelphia, Pennsylvania 19104, United States"
16,23,4.956521739130435,0.24619996936424918,True,False,l132-s1-holt-2014,article:l132,10.1021/ma5000317, in poly(2-vinylpyridine),Poly(2-vinyl pyridine),,,Solution Processing,solvent > mixing > drying evaporation > drying evaporation,"Holt, Adam P. | Griffin, Philip J. | Bocharova, Vera | Agapov, Alexander L. | Imel, Adam E. | Dadmun, Mark D. | Sangoro, Joshua R. | Sokolov, Alexei P.","Department of Physics and Astronomy, University of Tennessee , Knoxville, Tennessee 37996, United States, Chemical Sciences Division, Oak Ridge National Laboratory , Oak Ridge, Tennessee 37831, USA",l385-s13-bailey-2019,article:l385,10.1021/acs.macromol.8b02646,octa(aminophenyl) polyhedral oligomeric silsesquioxane in poly(2-vinylpyridine),Poly(2-vinyl pyridine),Octa(aminophenyl) polyhedral oligomeric silsesquioxane,,Solution Processing,additive > solvent > additive > solvent > mixing > additive > solvent > mixing > drying evaporation,"Bailey, Eric J. | Griffin, Philip J. | Composto, Russell J. | Winey, Karen I.","Department of Materials Science and Engineering, University of Pennsylvania, Philadelphia, Pennsylvania 19104, United States"
16,22,3.6363636363636362,0.2547938529063355,False,False,l111-s2-singha-2009,article:l111,10.1109/TDEI.2009.4815189,Zinc Oxide in Bisphenol-A epoxy resin,DGEBA Epoxy Resin,Zinc oxide,,Melt Mixing,drying evaporation > drying evaporation > additive > additive > mixing > mixing > drying evaporation > mixing > molding > drying evaporation > molding > drying evaporation,"Singha, Santanu | Thomas, M. Joy","Nanodielectrics Laboratory, Department of Electrical Engineering, Indian Institute of Science, Bangalore, Indea",l118-s1-fidelus-2005,article:l118,10.1016/j.compositesa.2005.02.006, in epoxy resin,DGEBA Epoxy Resin,,,Melt Mixing,additive > mixing > drying evaporation > drying evaporation > mixing > drying evaporation > molding > heating,"Fidelus, J.D. | Wiesel, E. | Gojny, F.H. | Schulte, K. | Wagner, H.D.","Department of Materials and Interfaces, Weizmann Institute of Science, 76100 Rehovot, Israel"
16,22,4.090909090909091,0.2547938529063355,False,False,l111-s3-singha-2009,article:l111,10.1109/TDEI.2009.4815189,Zinc Oxide in Bisphenol-A epoxy resin,DGEBA Epoxy Resin,Zinc oxide,,Melt Mixing,drying evaporation > drying evaporation > additive > additive > mixing > mixing > drying evaporation > mixing > molding > drying evaporation > molding > drying evaporation,"Singha, Santanu | Thomas, M. Joy","Nanodielectrics Laboratory, Department of Electrical Engineering, Indian Institute of Science, Bangalore, Indea",l118-s1-fidelus-2005,article:l118,10.1016/j.compositesa.2005.02.006, in epoxy resin,DGEBA Epoxy Resin,,,Melt Mixing,additive > mixing > drying evaporation > drying evaporation > mixing > drying evaporation > molding > heating,"Fidelus, J.D. | Wiesel, E. | Gojny, F.H. | Schulte, K. | Wagner, H.D.","Department of Materials and Interfaces, Weizmann Institute of Science, 76100 Rehovot, Israel"
16,22,4.545454545454546,0.2547938529063355,False,False,l111-s4-singha-2009,article:l111,10.1109/TDEI.2009.4815189,Zinc Oxide in Bisphenol-A epoxy resin,DGEBA Epoxy Resin,Zinc oxide,,Melt Mixing,drying evaporation > drying evaporation > additive > additive > mixing > mixing > drying evaporation > mixing > molding > drying evaporation > molding > drying evaporation,"Singha, Santanu | Thomas, M. Joy","Nanodielectrics Laboratory, Department of Electrical Engineering, Indian Institute of Science, Bangalore, Indea",l118-s1-fidelus-2005,article:l118,10.1016/j.compositesa.2005.02.006, in epoxy resin,DGEBA Epoxy Resin,,,Melt Mixing,additive > mixing > drying evaporation > drying evaporation > mixing > drying evaporation > molding > heating,"Fidelus, J.D. | Wiesel, E. | Gojny, F.H. | Schulte, K. | Wagner, H.D.","Department of Materials and Interfaces, Weizmann Institute of Science, 76100 Rehovot, Israel"
16,22,5.0,0.2547938529063355,False,False,l111-s5-singha-2009,article:l111,10.1109/TDEI.2009.4815189,Zinc Oxide in Bisphenol-A epoxy resin,DGEBA Epoxy Resin,Zinc oxide,,Melt Mixing,drying evaporation > drying evaporation > additive > additive > mixing > mixing > drying evaporation > mixing > molding > drying evaporation > molding > drying evaporation,"Singha, Santanu | Thomas, M. Joy","Nanodielectrics Laboratory, Department of Electrical Engineering, Indian Institute of Science, Bangalore, Indea",l118-s1-fidelus-2005,article:l118,10.1016/j.compositesa.2005.02.006, in epoxy resin,DGEBA Epoxy Resin,,,Melt Mixing,additive > mixing > drying evaporation > drying evaporation > mixing > drying evaporation > molding > heating,"Fidelus, J.D. | Wiesel, E. | Gojny, F.H. | Schulte, K. | Wagner, H.D.","Department of Materials and Interfaces, Weizmann Institute of Science, 76100 Rehovot, Israel"
16,21,5.190476190476191,0.24649929326205028,False,False,l111-s6-singha-2009,article:l111,10.1109/TDEI.2009.4815189,Zinc Oxide in Bisphenol-A epoxy resin,DGEBA Epoxy Resin,Zinc oxide,,Melt Mixing,drying evaporation > drying evaporation > additive > additive > mixing > mixing > drying evaporation > mixing > molding > drying evaporation > molding > drying evaporation,"Singha, Santanu | Thomas, M. Joy","Nanodielectrics Laboratory, Department of Electrical Engineering, Indian Institute of Science, Bangalore, Indea",l118-s1-fidelus-2005,article:l118,10.1016/j.compositesa.2005.02.006, in epoxy resin,DGEBA Epoxy Resin,,,Melt Mixing,additive > mixing > drying evaporation > drying evaporation > mixing > drying evaporation > molding > heating,"Fidelus, J.D. | Wiesel, E. | Gojny, F.H. | Schulte, K. | Wagner, H.D.","Department of Materials and Interfaces, Weizmann Institute of Science, 76100 Rehovot, Israel"
16,21,5.619047619047619,0.24649929326205028,False,False,l111-s7-singha-2009,article:l111,10.1109/TDEI.2009.4815189,Zinc Oxide in Bisphenol-A epoxy resin,DGEBA Epoxy Resin,Zinc oxide,,Melt Mixing,drying evaporation > drying evaporation > additive > additive > mixing > mixing > drying evaporation > mixing > molding > drying evaporation > molding > drying evaporation,"Singha, Santanu | Thomas, M. Joy","Nanodielectrics Laboratory, Department of Electrical Engineering, Indian Institute of Science, Bangalore, Indea",l118-s1-fidelus-2005,article:l118,10.1016/j.compositesa.2005.02.006, in epoxy resin,DGEBA Epoxy Resin,,,Melt Mixing,additive > mixing > drying evaporation > drying evaporation > mixing > drying evaporation > molding > heating,"Fidelus, J.D. | Wiesel, E. | Gojny, F.H. | Schulte, K. | Wagner, H.D.","Department of Materials and Interfaces, Weizmann Institute of Science, 76100 Rehovot, Israel"
16,18,4.444444444444445,0.3457308957974116,False,False,l132-s2-holt-2014,article:l132,10.1021/ma5000317,silica in poly(2-vinylpyridine),Poly(2-vinyl pyridine),Silicon dioxide,,Solution Processing,solvent > mixing > drying evaporation > drying evaporation,"Holt, Adam P. | Griffin, Philip J. | Bocharova, Vera | Agapov, Alexander L. | Imel, Adam E. | Dadmun, Mark D. | Sangoro, Joshua R. | Sokolov, Alexei P.","Department of Physics and Astronomy, University of Tennessee , Knoxville, Tennessee 37996, United States, Chemical Sciences Division, Oak Ridge National Laboratory , Oak Ridge, Tennessee 37831, USA",l171-s10-rittigstein-2006,article:l171,10.1002/polb.20925,alumina in poly(2-vinyl pyridine),Poly(2-vinyl pyridine),Aluminium oxide,,Solution Processing,solvent > mixing > drying evaporation > cooling > cooling,"Rittigstein, Perla | Torkelson, John M.","Department of Chemical and Biological Engineering, Northwestern University, Evanston, Illinois 60208"
16,18,5.333333333333333,0.3458704203367233,False,False,l132-s3-holt-2014,article:l132,10.1021/ma5000317,silica in poly(2-vinylpyridine),Poly(2-vinyl pyridine),Silicon dioxide,,Solution Processing,solvent > mixing > drying evaporation > drying evaporation,"Holt, Adam P. | Griffin, Philip J. | Bocharova, Vera | Agapov, Alexander L. | Imel, Adam E. | Dadmun, Mark D. | Sangoro, Joshua R. | Sokolov, Alexei P.","Department of Physics and Astronomy, University of Tennessee , Knoxville, Tennessee 37996, United States, Chemical Sciences Division, Oak Ridge National Laboratory , Oak Ridge, Tennessee 37831, USA",l171-s10-rittigstein-2006,article:l171,10.1002/polb.20925,alumina in poly(2-vinyl pyridine),Poly(2-vinyl pyridine),Aluminium oxide,,Solution Processing,solvent > mixing > drying evaporation > cooling > cooling,"Rittigstein, Perla | Torkelson, John M.","Department of Chemical and Biological Engineering, Northwestern University, Evanston, Illinois 60208"
16,18,6.222222222222222,0.3472641259431839,False,False,l132-s4-holt-2014,article:l132,10.1021/ma5000317,silica in poly(2-vinylpyridine),Poly(2-vinyl pyridine),Silicon dioxide,,Solution Processing,solvent > mixing > drying evaporation > drying evaporation,"Holt, Adam P. | Griffin, Philip J. | Bocharova, Vera | Agapov, Alexander L. | Imel, Adam E. | Dadmun, Mark D. | Sangoro, Joshua R. | Sokolov, Alexei P.","Department of Physics and Astronomy, University of Tennessee , Knoxville, Tennessee 37996, United States, Chemical Sciences Division, Oak Ridge National Laboratory , Oak Ridge, Tennessee 37831, USA",l171-s10-rittigstein-2006,article:l171,10.1002/polb.20925,alumina in poly(2-vinyl pyridine),Poly(2-vinyl pyridine),Aluminium oxide,,Solution Processing,solvent > mixing > drying evaporation > cooling > cooling,"Rittigstein, Perla | Torkelson, John M.","Department of Chemical and Biological Engineering, Northwestern University, Evanston, Illinois 60208"
16,16,2.875,0.27968543767929077,True,False,l132-s1-holt-2014,article:l132,10.1021/ma5000317, in poly(2-vinylpyridine),Poly(2-vinyl pyridine),,,Solution Processing,solvent > mixing > drying evaporation > drying evaporation,"Holt, Adam P. | Griffin, Philip J. | Bocharova, Vera | Agapov, Alexander L. | Imel, Adam E. | Dadmun, Mark D. | Sangoro, Joshua R. | Sokolov, Alexei P.","Department of Physics and Astronomy, University of Tennessee , Knoxville, Tennessee 37996, United States, Chemical Sciences Division, Oak Ridge National Laboratory , Oak Ridge, Tennessee 37831, USA",l385-s15-bailey-2019,article:l385,10.1021/acs.macromol.8b02646,octa(aminophenyl) polyhedral oligomeric silsesquioxane in poly(2-vinylpyridine),Poly(2-vinyl pyridine),Octa(aminophenyl) polyhedral oligomeric silsesquioxane,,Solution Processing,additive > solvent > additive > solvent > mixing > additive > solvent > mixing > drying evaporation,"Bailey, Eric J. | Griffin, Philip J. | Composto, Russell J. | Winey, Karen I.","Department of Materials Science and Engineering, University of Pennsylvania, Philadelphia, Pennsylvania 19104, United States"
16,16,2.875,0.27968543767929077,True,False,l132-s1-holt-2014,article:l132,10.1021/ma5000317, in poly(2-vinylpyridine),Poly(2-vinyl pyridine),,,Solution Processing,solvent > mixing > drying evaporation > drying evaporation,"Holt, Adam P. | Griffin, Philip J. | Bocharova, Vera | Agapov, Alexander L. | Imel, Adam E. | Dadmun, Mark D. | Sangoro, Joshua R. | Sokolov, Alexei P.","Department of Physics and Astronomy, University of Tennessee , Knoxville, Tennessee 37996, United States, Chemical Sciences Division, Oak Ridge National Laboratory , Oak Ridge, Tennessee 37831, USA",l385-s2-bailey-2019,article:l385,10.1021/acs.macromol.8b02646,octa(aminophenyl) polyhedral oligomeric silsesquioxane in poly(2-vinylpyridine),Poly(2-vinyl pyridine),Octa(aminophenyl) polyhedral oligomeric silsesquioxane,,Solution Processing,additive > solvent > additive > solvent > mixing > additive > solvent > mixing > drying evaporation,"Bailey, Eric J. | Griffin, Philip J. | Composto, Russell J. | Winey, Karen I.","Department of Materials Science and Engineering, University of Pennsylvania, Philadelphia, Pennsylvania 19104, United States"
16,16,2.875,0.27968543767929077,True,False,l132-s1-holt-2014,article:l132,10.1021/ma5000317, in poly(2-vinylpyridine),Poly(2-vinyl pyridine),,,Solution Processing,solvent > mixing > drying evaporation > drying evaporation,"Holt, Adam P. | Griffin, Philip J. | Bocharova, Vera | Agapov, Alexander L. | Imel, Adam E. | Dadmun, Mark D. | Sangoro, Joshua R. | Sokolov, Alexei P.","Department of Physics and Astronomy, University of Tennessee , Knoxville, Tennessee 37996, United States, Chemical Sciences Division, Oak Ridge National Laboratory , Oak Ridge, Tennessee 37831, USA",l385-s3-bailey-2019,article:l385,10.1021/acs.macromol.8b02646,octa(aminophenyl) polyhedral oligomeric silsesquioxane in poly(2-vinylpyridine),Poly(2-vinyl pyridine),Octa(aminophenyl) polyhedral oligomeric silsesquioxane,,Solution Processing,additive > solvent > additive > solvent > mixing > additive > solvent > mixing > drying evaporation,"Bailey, Eric J. | Griffin, Philip J. | Composto, Russell J. | Winey, Karen I.","Department of Materials Science and Engineering, University of Pennsylvania, Philadelphia, Pennsylvania 19104, United States"
16,16,2.875,0.27968543767929077,True,False,l132-s1-holt-2014,article:l132,10.1021/ma5000317, in poly(2-vinylpyridine),Poly(2-vinyl pyridine),,,Solution Processing,solvent > mixing > drying evaporation > drying evaporation,"Holt, Adam P. | Griffin, Philip J. | Bocharova, Vera | Agapov, Alexander L. | Imel, Adam E. | Dadmun, Mark D. | Sangoro, Joshua R. | Sokolov, Alexei P.","Department of Physics and Astronomy, University of Tennessee , Knoxville, Tennessee 37996, United States, Chemical Sciences Division, Oak Ridge National Laboratory , Oak Ridge, Tennessee 37831, USA",l385-s4-bailey-2019,article:l385,10.1021/acs.macromol.8b02646,octa(aminophenyl) polyhedral oligomeric silsesquioxane in poly(2-vinylpyridine),Poly(2-vinyl pyridine),Octa(aminophenyl) polyhedral oligomeric silsesquioxane,,Solution Processing,additive > solvent > additive > solvent > mixing > additive > solvent > mixing > drying evaporation,"Bailey, Eric J. | Griffin, Philip J. | Composto, Russell J. | Winey, Karen I.","Department of Materials Science and Engineering, University of Pennsylvania, Philadelphia, Pennsylvania 19104, United States"
16,16,2.875,0.27968543767929077,True,False,l132-s1-holt-2014,article:l132,10.1021/ma5000317, in poly(2-vinylpyridine),Poly(2-vinyl pyridine),,,Solution Processing,solvent > mixing > drying evaporation > drying evaporation,"Holt, Adam P. | Griffin, Philip J. | Bocharova, Vera | Agapov, Alexander L. | Imel, Adam E. | Dadmun, Mark D. | Sangoro, Joshua R. | Sokolov, Alexei P.","Department of Physics and Astronomy, University of Tennessee , Knoxville, Tennessee 37996, United States, Chemical Sciences Division, Oak Ridge National Laboratory , Oak Ridge, Tennessee 37831, USA",l385-s5-bailey-2019,article:l385,10.1021/acs.macromol.8b02646,octa(aminophenyl) polyhedral oligomeric silsesquioxane in poly(2-vinylpyridine),Poly(2-vinyl pyridine),Octa(aminophenyl) polyhedral oligomeric silsesquioxane,,Solution Processing,additive > solvent > additive > solvent > mixing > additive > solvent > mixing > drying evaporation,"Bailey, Eric J. | Griffin, Philip J. | Composto, Russell J. | Winey, Karen I.","Department of Materials Science and Engineering, University of Pennsylvania, Philadelphia, Pennsylvania 19104, United States"
16,16,2.875,0.27968543767929077,True,False,l132-s1-holt-2014,article:l132,10.1021/ma5000317, in poly(2-vinylpyridine),Poly(2-vinyl pyridine),,,Solution Processing,solvent > mixing > drying evaporation > drying evaporation,"Holt, Adam P. | Griffin, Philip J. | Bocharova, Vera | Agapov, Alexander L. | Imel, Adam E. | Dadmun, Mark D. | Sangoro, Joshua R. | Sokolov, Alexei P.","Department of Physics and Astronomy, University of Tennessee , Knoxville, Tennessee 37996, United States, Chemical Sciences Division, Oak Ridge National Laboratory , Oak Ridge, Tennessee 37831, USA",l385-s6-bailey-2019,article:l385,10.1021/acs.macromol.8b02646,octa(aminophenyl) polyhedral oligomeric silsesquioxane in poly(2-vinylpyridine),Poly(2-vinyl pyridine),Octa(aminophenyl) polyhedral oligomeric silsesquioxane,,Solution Processing,additive > solvent > additive > solvent > mixing > additive > solvent > mixing > drying evaporation,"Bailey, Eric J. | Griffin, Philip J. | Composto, Russell J. | Winey, Karen I.","Department of Materials Science and Engineering, University of Pennsylvania, Philadelphia, Pennsylvania 19104, United States"
16,16,2.875,0.27968543767929077,True,False,l132-s1-holt-2014,article:l132,10.1021/ma5000317, in poly(2-vinylpyridine),Poly(2-vinyl pyridine),,,Solution Processing,solvent > mixing > drying evaporation > drying evaporation,"Holt, Adam P. | Griffin, Philip J. | Bocharova, Vera | Agapov, Alexander L. | Imel, Adam E. | Dadmun, Mark D. | Sangoro, Joshua R. | Sokolov, Alexei P.","Department of Physics and Astronomy, University of Tennessee , Knoxville, Tennessee 37996, United States, Chemical Sciences Division, Oak Ridge National Laboratory , Oak Ridge, Tennessee 37831, USA",l385-s7-bailey-2019,article:l385,10.1021/acs.macromol.8b02646,octa(aminophenyl) polyhedral oligomeric silsesquioxane in poly(2-vinylpyridine),Poly(2-vinyl pyridine),Octa(aminophenyl) polyhedral oligomeric silsesquioxane,,Solution Processing,additive > solvent > additive > solvent > mixing > additive > solvent > mixing > drying evaporation,"Bailey, Eric J. | Griffin, Philip J. | Composto, Russell J. | Winey, Karen I.","Department of Materials Science and Engineering, University of Pennsylvania, Philadelphia, Pennsylvania 19104, United States"
16,16,2.875,0.27968543767929077,True,False,l132-s1-holt-2014,article:l132,10.1021/ma5000317, in poly(2-vinylpyridine),Poly(2-vinyl pyridine),,,Solution Processing,solvent > mixing > drying evaporation > drying evaporation,"Holt, Adam P. | Griffin, Philip J. | Bocharova, Vera | Agapov, Alexander L. | Imel, Adam E. | Dadmun, Mark D. | Sangoro, Joshua R. | Sokolov, Alexei P.","Department of Physics and Astronomy, University of Tennessee , Knoxville, Tennessee 37996, United States, Chemical Sciences Division, Oak Ridge National Laboratory , Oak Ridge, Tennessee 37831, USA",l385-s8-bailey-2019,article:l385,10.1021/acs.macromol.8b02646,octa(aminophenyl) polyhedral oligomeric silsesquioxane in poly(2-vinylpyridine),Poly(2-vinyl pyridine),Octa(aminophenyl) polyhedral oligomeric silsesquioxane,,Solution Processing,additive > solvent > additive > solvent > mixing > additive > solvent > mixing > drying evaporation,"Bailey, Eric J. | Griffin, Philip J. | Composto, Russell J. | Winey, Karen I.","Department of Materials Science and Engineering, University of Pennsylvania, Philadelphia, Pennsylvania 19104, United States"
16,16,2.875,0.27968543767929077,True,False,l132-s1-holt-2014,article:l132,10.1021/ma5000317, in poly(2-vinylpyridine),Poly(2-vinyl pyridine),,,Solution Processing,solvent > mixing > drying evaporation > drying evaporation,"Holt, Adam P. | Griffin, Philip J. | Bocharova, Vera | Agapov, Alexander L. | Imel, Adam E. | Dadmun, Mark D. | Sangoro, Joshua R. | Sokolov, Alexei P.","Department of Physics and Astronomy, University of Tennessee , Knoxville, Tennessee 37996, United States, Chemical Sciences Division, Oak Ridge National Laboratory , Oak Ridge, Tennessee 37831, USA",l385-s9-bailey-2019,article:l385,10.1021/acs.macromol.8b02646,octa(aminophenyl) polyhedral oligomeric silsesquioxane in poly(2-vinylpyridine),Poly(2-vinyl pyridine),Octa(aminophenyl) polyhedral oligomeric silsesquioxane,,Solution Processing,additive > solvent > additive > solvent > mixing > additive > solvent > mixing > drying evaporation,"Bailey, Eric J. | Griffin, Philip J. | Composto, Russell J. | Winey, Karen I.","Department of Materials Science and Engineering, University of Pennsylvania, Philadelphia, Pennsylvania 19104, United States"
16,16,4.5625,0.3583760326728225,False,False,l132-s2-holt-2014,article:l132,10.1021/ma5000317,silica in poly(2-vinylpyridine),Poly(2-vinyl pyridine),Silicon dioxide,,Solution Processing,solvent > mixing > drying evaporation > drying evaporation,"Holt, Adam P. | Griffin, Philip J. | Bocharova, Vera | Agapov, Alexander L. | Imel, Adam E. | Dadmun, Mark D. | Sangoro, Joshua R. | Sokolov, Alexei P.","Department of Physics and Astronomy, University of Tennessee , Knoxville, Tennessee 37996, United States, Chemical Sciences Division, Oak Ridge National Laboratory , Oak Ridge, Tennessee 37831, USA",l171-s7-rittigstein-2006,article:l171,10.1002/polb.20925,alumina in poly(2-vinyl pyridine),Poly(2-vinyl pyridine),Aluminium oxide,,Solution Processing,solvent > mixing > drying evaporation > cooling > cooling,"Rittigstein, Perla | Torkelson, John M.","Department of Chemical and Biological Engineering, Northwestern University, Evanston, Illinois 60208"
16,16,4.5625,0.3589823702350259,False,False,l132-s2-holt-2014,article:l132,10.1021/ma5000317,silica in poly(2-vinylpyridine),Poly(2-vinyl pyridine),Silicon dioxide,,Solution Processing,solvent > mixing > drying evaporation > drying evaporation,"Holt, Adam P. | Griffin, Philip J. | Bocharova, Vera | Agapov, Alexander L. | Imel, Adam E. | Dadmun, Mark D. | Sangoro, Joshua R. | Sokolov, Alexei P.","Department of Physics and Astronomy, University of Tennessee , Knoxville, Tennessee 37996, United States, Chemical Sciences Division, Oak Ridge National Laboratory , Oak Ridge, Tennessee 37831, USA",l171-s8-rittigstein-2006,article:l171,10.1002/polb.20925,alumina in poly(2-vinyl pyridine),Poly(2-vinyl pyridine),Aluminium oxide,,Solution Processing,solvent > mixing > drying evaporation > cooling > cooling,"Rittigstein, Perla | Torkelson, John M.","Department of Chemical and Biological Engineering, Northwestern University, Evanston, Illinois 60208"
16,16,4.5625,0.3591725444421172,False,False,l132-s2-holt-2014,article:l132,10.1021/ma5000317,silica in poly(2-vinylpyridine),Poly(2-vinyl pyridine),Silicon dioxide,,Solution Processing,solvent > mixing > drying evaporation > drying evaporation,"Holt, Adam P. | Griffin, Philip J. | Bocharova, Vera | Agapov, Alexander L. | Imel, Adam E. | Dadmun, Mark D. | Sangoro, Joshua R. | Sokolov, Alexei P.","Department of Physics and Astronomy, University of Tennessee , Knoxville, Tennessee 37996, United States, Chemical Sciences Division, Oak Ridge National Laboratory , Oak Ridge, Tennessee 37831, USA",l171-s9-rittigstein-2006,article:l171,10.1002/polb.20925,alumina in poly(2-vinyl pyridine),Poly(2-vinyl pyridine),Aluminium oxide,,Solution Processing,solvent > mixing > drying evaporation > cooling > cooling,"Rittigstein, Perla | Torkelson, John M.","Department of Chemical and Biological Engineering, Northwestern University, Evanston, Illinois 60208"
16,16,5.5625,0.3593295095488429,False,False,l132-s3-holt-2014,article:l132,10.1021/ma5000317,silica in poly(2-vinylpyridine),Poly(2-vinyl pyridine),Silicon dioxide,,Solution Processing,solvent > mixing > drying evaporation > drying evaporation,"Holt, Adam P. | Griffin, Philip J. | Bocharova, Vera | Agapov, Alexander L. | Imel, Adam E. | Dadmun, Mark D. | Sangoro, Joshua R. | Sokolov, Alexei P.","Department of Physics and Astronomy, University of Tennessee , Knoxville, Tennessee 37996, United States, Chemical Sciences Division, Oak Ridge National Laboratory , Oak Ridge, Tennessee 37831, USA",l171-s9-rittigstein-2006,article:l171,10.1002/polb.20925,alumina in poly(2-vinyl pyridine),Poly(2-vinyl pyridine),Aluminium oxide,,Solution Processing,solvent > mixing > drying evaporation > cooling > cooling,"Rittigstein, Perla | Torkelson, John M.","Department of Chemical and Biological Engineering, Northwestern University, Evanston, Illinois 60208"
16,16,5.5625,0.35951968375593424,False,False,l132-s3-holt-2014,article:l132,10.1021/ma5000317,silica in poly(2-vinylpyridine),Poly(2-vinyl pyridine),Silicon dioxide,,Solution Processing,solvent > mixing > drying evaporation > drying evaporation,"Holt, Adam P. | Griffin, Philip J. | Bocharova, Vera | Agapov, Alexander L. | Imel, Adam E. | Dadmun, Mark D. | Sangoro, Joshua R. | Sokolov, Alexei P.","Department of Physics and Astronomy, University of Tennessee , Knoxville, Tennessee 37996, United States, Chemical Sciences Division, Oak Ridge National Laboratory , Oak Ridge, Tennessee 37831, USA",l171-s8-rittigstein-2006,article:l171,10.1002/polb.20925,alumina in poly(2-vinyl pyridine),Poly(2-vinyl pyridine),Aluminium oxide,,Solution Processing,solvent > mixing > drying evaporation > cooling > cooling,"Rittigstein, Perla | Torkelson, John M.","Department of Chemical and Biological Engineering, Northwestern University, Evanston, Illinois 60208"
16,16,5.5625,0.36031494569033384,False,False,l132-s3-holt-2014,article:l132,10.1021/ma5000317,silica in poly(2-vinylpyridine),Poly(2-vinyl pyridine),Silicon dioxide,,Solution Processing,solvent > mixing > drying evaporation > drying evaporation,"Holt, Adam P. | Griffin, Philip J. | Bocharova, Vera | Agapov, Alexander L. | Imel, Adam E. | Dadmun, Mark D. | Sangoro, Joshua R. | Sokolov, Alexei P.","Department of Physics and Astronomy, University of Tennessee , Knoxville, Tennessee 37996, United States, Chemical Sciences Division, Oak Ridge National Laboratory , Oak Ridge, Tennessee 37831, USA",l171-s7-rittigstein-2006,article:l171,10.1002/polb.20925,alumina in poly(2-vinyl pyridine),Poly(2-vinyl pyridine),Aluminium oxide,,Solution Processing,solvent > mixing > drying evaporation > cooling > cooling,"Rittigstein, Perla | Torkelson, John M.","Department of Chemical and Biological Engineering, Northwestern University, Evanston, Illinois 60208"
16,16,6.5625,0.36089742835611105,False,False,l132-s4-holt-2014,article:l132,10.1021/ma5000317,silica in poly(2-vinylpyridine),Poly(2-vinyl pyridine),Silicon dioxide,,Solution Processing,solvent > mixing > drying evaporation > drying evaporation,"Holt, Adam P. | Griffin, Philip J. | Bocharova, Vera | Agapov, Alexander L. | Imel, Adam E. | Dadmun, Mark D. | Sangoro, Joshua R. | Sokolov, Alexei P.","Department of Physics and Astronomy, University of Tennessee , Knoxville, Tennessee 37996, United States, Chemical Sciences Division, Oak Ridge National Laboratory , Oak Ridge, Tennessee 37831, USA",l171-s9-rittigstein-2006,article:l171,10.1002/polb.20925,alumina in poly(2-vinyl pyridine),Poly(2-vinyl pyridine),Aluminium oxide,,Solution Processing,solvent > mixing > drying evaporation > cooling > cooling,"Rittigstein, Perla | Torkelson, John M.","Department of Chemical and Biological Engineering, Northwestern University, Evanston, Illinois 60208"
16,16,6.5625,0.3610876025632024,False,False,l132-s4-holt-2014,article:l132,10.1021/ma5000317,silica in poly(2-vinylpyridine),Poly(2-vinyl pyridine),Silicon dioxide,,Solution Processing,solvent > mixing > drying evaporation > drying evaporation,"Holt, Adam P. | Griffin, Philip J. | Bocharova, Vera | Agapov, Alexander L. | Imel, Adam E. | Dadmun, Mark D. | Sangoro, Joshua R. | Sokolov, Alexei P.","Department of Physics and Astronomy, University of Tennessee , Knoxville, Tennessee 37996, United States, Chemical Sciences Division, Oak Ridge National Laboratory , Oak Ridge, Tennessee 37831, USA",l171-s8-rittigstein-2006,article:l171,10.1002/polb.20925,alumina in poly(2-vinyl pyridine),Poly(2-vinyl pyridine),Aluminium oxide,,Solution Processing,solvent > mixing > drying evaporation > cooling > cooling,"Rittigstein, Perla | Torkelson, John M.","Department of Chemical and Biological Engineering, Northwestern University, Evanston, Illinois 60208"
16,16,6.625,0.36188286263495684,False,False,l132-s4-holt-2014,article:l132,10.1021/ma5000317,silica in poly(2-vinylpyridine),Poly(2-vinyl pyridine),Silicon dioxide,,Solution Processing,solvent > mixing > drying evaporation > drying evaporation,"Holt, Adam P. | Griffin, Philip J. | Bocharova, Vera | Agapov, Alexander L. | Imel, Adam E. | Dadmun, Mark D. | Sangoro, Joshua R. | Sokolov, Alexei P.","Department of Physics and Astronomy, University of Tennessee , Knoxville, Tennessee 37996, United States, Chemical Sciences Division, Oak Ridge National Laboratory , Oak Ridge, Tennessee 37831, USA",l171-s7-rittigstein-2006,article:l171,10.1002/polb.20925,alumina in poly(2-vinyl pyridine),Poly(2-vinyl pyridine),Aluminium oxide,,Solution Processing,solvent > mixing > drying evaporation > cooling > cooling,"Rittigstein, Perla | Torkelson, John M.","Department of Chemical and Biological Engineering, Northwestern University, Evanston, Illinois 60208"
15,30,1.0,0.08613565980146329,False,False,l279-s1-motaung-2012,article:l279,10.1016/j.polymdegradstab.2012.05.022, in Poly(methyl methacrylate),Poly(methyl methacrylate),,,Melt Mixing,mixing > molding,"Motaung, Tshwafo Elias | Luyt, Adriaan Stephanus | Bondioli, Federica | Messori, Massimo | Saladino, Maria Luisa | Spinella, Alberto | Nasillo, Giorgio | Caponetti, Eugenio","Department of Chemistry, University of the Free State (Qwaqwa Campus), Private Bag X13, Phuthaditjhaba 9866, South Africa",l289-s1-motaung-2012,article:l289,10.3144/expresspolymlett.2012.93, in poly(methyl methacrylate),Poly(methyl methacrylate),,,Melt Mixing,mixing > molding,"Motaung, T. E. | Luyt, A. S. | Saladino, M. L. | Martino, D. C. | Caponetti, E.",
15,30,1.4333333333333333,0.2531438906987508,False,False,l252-s3-ameli-2014,article:l252,10.1016/j.carbon.2014.01.031,multi-walled carbon nanotubes in polypropylene,Poly(propylene),Multi-wall carbon nanotubes,,Melt Mixing,extrusion > mixing,"Ameli, A. | Nofar, M. | Park, C.B. | Pötschke, P. | Rizvi, G.","Microcellular Plastics Manufacturing Laboratory, Department of Mechanical and Industrial Engineering, University of Toronto, 5 King’s College Road, Toronto M5S 3G8, Canada",l266-s12-kalaitzidou-2007,article:l266,10.1016/j.carbon.2007.03.029,graphite nanoplatelets in polypropylene,Poly(propylene),Graphite,,Melt Mixing,extrusion > mixing,"Kalaitzidou, Kyriaki | Fukushima, Hiroyuki | Drzal, Lawrence T.","Department of Chemical Engineering and Materials Science, Composite Materials and Structures Center, Michigan State University, East Lansing, MI 48823, USA"
