dataset,view,metric,optimistic,reported,pessimistic,range,all_positive,sign_change
HTEM,ATMOS55__L0.10__K25,source-adjusted excess gain vs composition,0.0198642252612758,0.0074659645567634,-0.0401164032873137,0.0599806285485895,False,True
HTEM,ATMOS55__L0.10__K50,source-adjusted excess gain vs composition,0.0150083622419621,0.0122651182734462,0.0199029006356558,0.0076377823622096,True,False
HTEM,ATMOS55__L0.10__K75,source-adjusted excess gain vs composition,7.280149085325816e-05,-0.0003811656950222,-0.0130240915334098,0.013096893024263059,False,True
HTEM,ATMOS55__L0.10__K100,source-adjusted excess gain vs composition,0.0047959126774915,0.0185310190632809,-0.0420288032674817,0.0605598223307626,False,True
HTEM,ATMOS55__L0.10__K125,source-adjusted excess gain vs composition,-0.0005990620440898,0.0329288348113601,-0.0355057765728774,0.06843461138423751,False,True
HTEM,ATMOS55__L0.10__K150,source-adjusted excess gain vs composition,-0.0169943053507204,-0.0103582284233526,0.0040590993162748,0.0210534046669952,False,True
HTEM,ATMOS55__L0.10__K200,source-adjusted excess gain vs composition,0.0067423608846046,0.0060973454867646,0.0187858867573996,0.012688541270635,True,False
HTEM,ATMOS55__L0.10__K250,source-adjusted excess gain vs composition,0.0116887738196412,-0.0158175384255713,0.0263917955372058,0.042209333962777096,False,True
HTEM,ATMOS55__L0.10__K300,source-adjusted excess gain vs composition,-0.0047997542950645,-0.0074247435856108,0.0150096509860622,0.022434394571673,False,True
HTEM,ATMOS55__L0.10__K400,source-adjusted excess gain vs composition,-0.0264854231967626,0.0153420234532978,-0.092793462760126,0.1081354862134238,False,True
HTEM,ATMOS55__L0.25__K25,source-adjusted excess gain vs composition,0.0131951825664317,0.0016702847147196,-0.0055965728774749,0.0187917554439066,False,True
HTEM,ATMOS55__L0.25__K50,source-adjusted excess gain vs composition,0.0492700105275438,0.0853380466663607,0.0258444969486969,0.0594935497176638,True,False
HTEM,ATMOS55__L0.25__K75,source-adjusted excess gain vs composition,0.0514369727551068,0.0226165782626826,0.0221656704274767,0.029271302327630103,True,False
HTEM,ATMOS55__L0.25__K100,source-adjusted excess gain vs composition,0.0268065539659272,0.0363769598582382,-0.0087025179312187,0.0450794777894569,False,True
HTEM,ATMOS55__L0.25__K125,source-adjusted excess gain vs composition,-0.0001811501457493,0.01921114555708,-0.0547714322135596,0.0739825777706396,False,True
HTEM,ATMOS55__L0.25__K150,source-adjusted excess gain vs composition,0.0043212128206025,0.0201903860749319,-0.0055592612767079,0.025749647351639798,False,True
HTEM,ATMOS55__L0.25__K200,source-adjusted excess gain vs composition,0.0070139449126506,0.0152953338187323,0.0335731891696048,0.026559244256954197,True,False
HTEM,ATMOS55__L0.25__K250,source-adjusted excess gain vs composition,0.0154266873405722,0.0068513228356082,0.0228932760194943,0.0160419531838861,True,False
HTEM,ATMOS55__L0.25__K300,source-adjusted excess gain vs composition,-0.0037519910453618,0.0118131941390587,-0.0247056832777873,0.036518877416846,False,True
HTEM,ATMOS55__L0.25__K400,source-adjusted excess gain vs composition,0.0153401676710809,0.0167139009201771,-0.007561803214017,0.024275704134194102,False,True
HTEM,ATMOS55__L0.50__K25,source-adjusted excess gain vs composition,0.0439191387317705,0.0434991381312596,-0.029453607652405,0.0733727463841755,False,True
HTEM,ATMOS55__L0.50__K50,source-adjusted excess gain vs composition,0.0619399040331759,0.1240500816398096,0.0028297111440046,0.121220370495805,True,False
HTEM,ATMOS55__L0.50__K75,source-adjusted excess gain vs composition,0.0181319342807261,0.063115570254656,-0.0054606264761324,0.0685761967307884,False,True
HTEM,ATMOS55__L0.50__K100,source-adjusted excess gain vs composition,0.0191323586574977,0.0462702347451193,-0.067379787460006,0.1136500222051253,False,True
HTEM,ATMOS55__L0.50__K125,source-adjusted excess gain vs composition,0.0224878703258524,0.0718607134265409,-0.0547415862394957,0.12660229966603662,False,True
HTEM,ATMOS55__L0.50__K150,source-adjusted excess gain vs composition,0.0008580689498209,0.0459255030829581,-0.0091305682186177,0.0550560713015758,False,True
HTEM,ATMOS55__L0.50__K200,source-adjusted excess gain vs composition,0.0085897304195711,0.088222816050985,-0.0083230601541924,0.0965458762051774,False,True
HTEM,ATMOS55__L0.50__K250,source-adjusted excess gain vs composition,-0.0224543789681992,0.0314253733136255,-0.0034650136963101,0.0538797522818247,False,True
HTEM,ATMOS55__L0.50__K300,source-adjusted excess gain vs composition,-0.0023508041716514,0.0145220151467064,-0.0234267742150952,0.0379487893618016,False,True
HTEM,ATMOS55__L0.50__K400,source-adjusted excess gain vs composition,0.025053985121873,0.0429674680443613,0.0023423419420447,0.040625126102316604,True,False
HTEM,ATMOS55__L0.75__K25,source-adjusted excess gain vs composition,0.045835403532953,0.0310590231668586,-0.0192985814687662,0.0651339850017192,False,True
HTEM,ATMOS55__L0.75__K50,source-adjusted excess gain vs composition,0.1276155290320553,0.0987725930498619,0.0710830019309095,0.05653252710114581,True,False
HTEM,ATMOS55__L0.75__K75,source-adjusted excess gain vs composition,0.068197039232175,0.090910268097585,-0.0565650443286584,0.1474753124262434,False,True
HTEM,ATMOS55__L0.75__K100,source-adjusted excess gain vs composition,0.029252799471772,0.0632495826676781,-0.0940703128483308,0.1573198955160089,False,True
HTEM,ATMOS55__L0.75__K125,source-adjusted excess gain vs composition,0.0320527694249277,0.1098353436334209,-0.0754982604789142,0.1853336041123351,False,True
HTEM,ATMOS55__L0.75__K150,source-adjusted excess gain vs composition,0.0513811378827421,0.1235828122122901,-0.0716750946086148,0.1952579068209049,False,True
HTEM,ATMOS55__L0.75__K200,source-adjusted excess gain vs composition,0.0292982985063165,0.1280512743106351,-0.0496761386025545,0.1777274129131896,False,True
HTEM,ATMOS55__L0.75__K250,source-adjusted excess gain vs composition,-0.0006696977929362,0.0892334705751706,-0.059422103980305,0.1486555745554756,False,True
HTEM,ATMOS55__L0.75__K300,source-adjusted excess gain vs composition,0.0090410050628829,0.0398849794113863,0.0205066362006025,0.030843974348503403,True,False
HTEM,ATMOS55__L0.75__K400,source-adjusted excess gain vs composition,0.0211720299641907,0.0512236865001188,-0.0326384569037806,0.0838621434038994,False,True
HTEM,ATMOS55__L1.00__K25,source-adjusted excess gain vs composition,0.0460423004976982,0.0201515996463382,-0.0426011401979316,0.0886434406956298,False,True
HTEM,ATMOS55__L1.00__K50,source-adjusted excess gain vs composition,0.1388350460789272,0.1067907789803656,-0.0711440511232062,0.20997909720213337,False,True
HTEM,ATMOS55__L1.00__K75,source-adjusted excess gain vs composition,0.0679113631108302,0.0848468146634467,-0.193104492675475,0.2779513073389217,False,True
HTEM,ATMOS55__L1.00__K100,source-adjusted excess gain vs composition,0.0318125891668294,0.0889871337921454,-0.256771700946521,0.3457588347386664,False,True
HTEM,ATMOS55__L1.00__K125,source-adjusted excess gain vs composition,0.0299019882576259,0.1330441966173683,-0.2637275571117674,0.39677175372913565,False,True
HTEM,ATMOS55__L1.00__K150,source-adjusted excess gain vs composition,0.0267139013717542,0.1549813011022215,-0.2640982876890171,0.41907958879123863,False,True
HTEM,ATMOS55__L1.00__K200,source-adjusted excess gain vs composition,0.0436004962484727,0.1361991558426479,-0.1347350103570044,0.27093416619965227,False,True
HTEM,ATMOS55__L1.00__K250,source-adjusted excess gain vs composition,0.0224087414120247,0.072403886393124,-0.1669830994622071,0.2393869858553311,False,True
HTEM,ATMOS55__L1.00__K300,source-adjusted excess gain vs composition,0.0024751821486495,0.0579557066307235,-0.1900362411643621,0.2479919477950856,False,True
HTEM,ATMOS55__L1.00__K400,source-adjusted excess gain vs composition,-0.0309891614926363,0.038561461633556,-0.1598684243727009,0.1984298860062569,False,True
HTEM,ATMOS_ONLY__L0.10__K25,source-adjusted excess gain vs composition,-0.0013857183226989,0.000118268815411,-0.0019641964560533,0.0020824652714642997,False,True
HTEM,ATMOS_ONLY__L0.10__K50,source-adjusted excess gain vs composition,0.0412741705622534,0.0555458870811776,0.0581839445248742,0.0169097739626208,True,False
HTEM,ATMOS_ONLY__L0.10__K75,source-adjusted excess gain vs composition,0.0403425343672443,0.0438830292725442,-0.003666942380421,0.0475499716529652,False,True
HTEM,ATMOS_ONLY__L0.10__K100,source-adjusted excess gain vs composition,0.0354804660728194,0.0270354770875462,-0.0221748933097699,0.0576553593825893,False,True
HTEM,ATMOS_ONLY__L0.10__K125,source-adjusted excess gain vs composition,-0.0019250120720939,0.0141926394764853,-0.0097715060830297,0.023964145559515003,False,True
HTEM,ATMOS_ONLY__L0.10__K150,source-adjusted excess gain vs composition,0.0041119702778653,0.0075923926707699,0.0252806227993512,0.0211686525214859,True,False
HTEM,ATMOS_ONLY__L0.10__K200,source-adjusted excess gain vs composition,0.0152953514805717,0.0179335152618822,0.0153463348960294,0.0026381637813105013,True,False
HTEM,ATMOS_ONLY__L0.10__K250,source-adjusted excess gain vs composition,-0.0010519459644119,-0.000955427214698,0.0368639432824943,0.037915889246906205,False,True
HTEM,ATMOS_ONLY__L0.10__K300,source-adjusted excess gain vs composition,-0.0066170611410104,-0.0025171022557788,0.0200024689352945,0.026619530076304902,False,True
HTEM,ATMOS_ONLY__L0.10__K400,source-adjusted excess gain vs composition,0.0044085910584644,-0.0635128670729437,-0.0787356280757199,0.08314421913418431,False,True
HTEM,ATMOS_ONLY__L0.25__K25,source-adjusted excess gain vs composition,-0.0018615503192622,0.000328009512645,-0.0491521901029418,0.0494801996155868,False,True
HTEM,ATMOS_ONLY__L0.25__K50,source-adjusted excess gain vs composition,0.0404675327947071,0.0611524549151509,-0.0035975233977235,0.0647499783128744,False,True
HTEM,ATMOS_ONLY__L0.25__K75,source-adjusted excess gain vs composition,0.0457880393445835,0.0271140331686988,-0.0667772182998917,0.1125652576444752,False,True
HTEM,ATMOS_ONLY__L0.25__K100,source-adjusted excess gain vs composition,0.0282335102814793,0.0272645692631815,-0.0629065778514514,0.0911400881329307,False,True
HTEM,ATMOS_ONLY__L0.25__K125,source-adjusted excess gain vs composition,0.0129877877524044,0.0453476458135111,-0.0466287735612966,0.09197641937480769,False,True
HTEM,ATMOS_ONLY__L0.25__K150,source-adjusted excess gain vs composition,0.0006524701813863,0.0127161805871588,-0.0334768416104446,0.0461930221976034,False,True
HTEM,ATMOS_ONLY__L0.25__K200,source-adjusted excess gain vs composition,0.0165009368178326,0.0125491706080785,0.0515223590056144,0.0389731883975359,True,False
HTEM,ATMOS_ONLY__L0.25__K250,source-adjusted excess gain vs composition,-0.002090424328047,-0.003624453340403,-0.0570763584102931,0.0549859340822461,False,False
HTEM,ATMOS_ONLY__L0.25__K300,source-adjusted excess gain vs composition,-0.0095008566529715,-0.0587405209734686,-0.040837087393652,0.049239664320497104,False,False
HTEM,ATMOS_ONLY__L0.25__K400,source-adjusted excess gain vs composition,0.0167857231536532,-0.0362300483366394,-0.0698314823079804,0.08661720546163361,False,True
HTEM,ATMOS_ONLY__L0.50__K25,source-adjusted excess gain vs composition,0.0007169949222496,0.037111011266505,-0.0008063783736696,0.0379173896401746,False,True
HTEM,ATMOS_ONLY__L0.50__K50,source-adjusted excess gain vs composition,0.0913058821519063,0.1217890659574328,0.0299080433628022,0.0918810225946306,True,False
HTEM,ATMOS_ONLY__L0.50__K75,source-adjusted excess gain vs composition,0.0393552809047096,0.0485553560898701,-0.0224378920079418,0.0709932480978119,False,True
HTEM,ATMOS_ONLY__L0.50__K100,source-adjusted excess gain vs composition,0.068570588825262,0.0614142858714248,-0.0733457549525836,0.1419163437778456,False,True
HTEM,ATMOS_ONLY__L0.50__K125,source-adjusted excess gain vs composition,0.0459527607412015,0.0607601620832278,-0.0188358706453566,0.0795960327285844,False,True
HTEM,ATMOS_ONLY__L0.50__K150,source-adjusted excess gain vs composition,0.0422510594679025,0.077261768765203,-0.000499186845232,0.077760955610435,False,True
HTEM,ATMOS_ONLY__L0.50__K200,source-adjusted excess gain vs composition,0.065433361280628,0.077177217869929,-0.0195739258722079,0.09675114374213689,False,True
HTEM,ATMOS_ONLY__L0.50__K250,source-adjusted excess gain vs composition,0.0430641792006631,0.0417028051259548,-0.0220619275464593,0.0651261067471224,False,True
HTEM,ATMOS_ONLY__L0.50__K300,source-adjusted excess gain vs composition,0.0100218231799629,-0.0493493414173373,-0.0685845891532968,0.0786064123332597,False,True
HTEM,ATMOS_ONLY__L0.50__K400,source-adjusted excess gain vs composition,0.0189404834136495,-0.0513236968748561,-0.0699887500821264,0.0889292334957759,False,True
HTEM,ATMOS_ONLY__L0.75__K25,source-adjusted excess gain vs composition,0.029003600612981,0.0631298280875415,-0.0087303462259686,0.0718601743135101,False,True
HTEM,ATMOS_ONLY__L0.75__K50,source-adjusted excess gain vs composition,0.0823538006346168,0.1599083899875932,0.0550792471783175,0.10482914280927572,True,False
HTEM,ATMOS_ONLY__L0.75__K75,source-adjusted excess gain vs composition,0.0393552809047096,0.0796165626999346,-0.0597211808665099,0.1393377435664445,False,True
HTEM,ATMOS_ONLY__L0.75__K100,source-adjusted excess gain vs composition,0.0587203662150738,0.0730042350471124,-0.1166545535128333,0.1896587885599457,False,True
HTEM,ATMOS_ONLY__L0.75__K125,source-adjusted excess gain vs composition,0.0498686408240309,0.1157648480014321,-0.1013482123501543,0.2171130603515864,False,True
HTEM,ATMOS_ONLY__L0.75__K150,source-adjusted excess gain vs composition,0.0379066548175625,0.1004513270769195,-0.1445398029430872,0.2449911300200067,False,True
HTEM,ATMOS_ONLY__L0.75__K200,source-adjusted excess gain vs composition,0.0478230837874398,0.1016047493404304,-0.1299497695577682,0.2315545188981986,False,True
HTEM,ATMOS_ONLY__L0.75__K250,source-adjusted excess gain vs composition,0.0397782269213608,0.0539877186515509,-0.1756611016493843,0.2296488203009352,False,True
HTEM,ATMOS_ONLY__L0.75__K300,source-adjusted excess gain vs composition,0.0104147492638667,0.0570871773064126,-0.1833039193803655,0.2403910966867781,False,True
HTEM,ATMOS_ONLY__L0.75__K400,source-adjusted excess gain vs composition,0.0024269629382482,-0.0149045834440341,-0.2089207776488856,0.21134774058713382,False,True
HTEM,ATMOS_ONLY__L1.00__K25,source-adjusted excess gain vs composition,0.0271673231860598,0.0325588547929611,-0.0246517771222681,0.057210631915229196,False,True
HTEM,ATMOS_ONLY__L1.00__K50,source-adjusted excess gain vs composition,0.1233367185073491,0.1284539191142526,-0.0339578442075466,0.1624117633217992,False,True
HTEM,ATMOS_ONLY__L1.00__K75,source-adjusted excess gain vs composition,0.0404284251590463,0.1198147200433146,-0.193387755146959,0.3132024751902736,False,True
HTEM,ATMOS_ONLY__L1.00__K100,source-adjusted excess gain vs composition,0.0599130588133716,0.0897043004999283,-0.2578392882845156,0.34754358878444386,False,True
HTEM,ATMOS_ONLY__L1.00__K125,source-adjusted excess gain vs composition,0.0578525491936209,0.1023607114527241,-0.2768787215715377,0.3792394330242618,False,True
HTEM,ATMOS_ONLY__L1.00__K150,source-adjusted excess gain vs composition,0.0397439448840273,0.1186283789964108,-0.2817036086400944,0.40033198763650524,False,True
HTEM,ATMOS_ONLY__L1.00__K200,source-adjusted excess gain vs composition,0.0385153153848136,0.0657733288056866,-0.274345922835175,0.3401192516408616,False,True
HTEM,ATMOS_ONLY__L1.00__K250,source-adjusted excess gain vs composition,0.0555913428255536,0.0793668478864311,-0.2942518479765188,0.37361869586294993,False,True
HTEM,ATMOS_ONLY__L1.00__K300,source-adjusted excess gain vs composition,0.0222082053051101,0.0765831402537126,-0.2859517679058205,0.3625349081595331,False,True
HTEM,ATMOS_ONLY__L1.00__K400,source-adjusted excess gain vs composition,0.014264738871998,-0.0200851279475193,-0.2997947427829107,0.3140594816549087,False,True
HTEM,ATMOS_THERM__L0.10__K25,source-adjusted excess gain vs composition,0.020404789091937,0.0074811174494507,-0.0525807150784397,0.07298550417037669,False,True
HTEM,ATMOS_THERM__L0.10__K50,source-adjusted excess gain vs composition,0.0155734154687149,0.0122651182734462,0.0053398716903548,0.0102335437783601,True,False
HTEM,ATMOS_THERM__L0.10__K75,source-adjusted excess gain vs composition,-2.4488927023558205e-05,-0.0002750954462117,-0.0095077920357642,0.009483303108740642,False,False
HTEM,ATMOS_THERM__L0.10__K100,source-adjusted excess gain vs composition,0.004417193070993,0.0220316872028301,-0.0438701474988392,0.0659018347016693,False,True
HTEM,ATMOS_THERM__L0.10__K125,source-adjusted excess gain vs composition,0.0051613403388612,0.0129335130357154,-0.0373154585960968,0.0502489716318122,False,True
HTEM,ATMOS_THERM__L0.10__K150,source-adjusted excess gain vs composition,-0.009523597649122,-0.0213306314155682,0.004672639149529,0.0260032705650972,False,True
HTEM,ATMOS_THERM__L0.10__K200,source-adjusted excess gain vs composition,0.0115466311281605,0.0034623255077778,0.0131975176982096,0.0097351921904318,True,False
HTEM,ATMOS_THERM__L0.10__K250,source-adjusted excess gain vs composition,0.0044069634577013,0.0079857024625986,0.0029703848727735,0.0050153175898251,True,False
HTEM,ATMOS_THERM__L0.10__K300,source-adjusted excess gain vs composition,-0.0052857771896268,-0.0089585835852988,0.0065211342573169,0.0154797178426157,False,True
HTEM,ATMOS_THERM__L0.10__K400,source-adjusted excess gain vs composition,0.001505688595296,0.0092387366316368,-0.0554146412469909,0.0646533778786277,False,True
HTEM,ATMOS_THERM__L0.25__K25,source-adjusted excess gain vs composition,0.0133147898026131,0.0226624902072811,0.0082968255254392,0.014365664681841899,True,False
HTEM,ATMOS_THERM__L0.25__K50,source-adjusted excess gain vs composition,0.0494141071598167,0.1072921305298965,0.0370237045168615,0.070268426013035,True,False
HTEM,ATMOS_THERM__L0.25__K75,source-adjusted excess gain vs composition,0.0508438996077417,0.0457095416841687,0.0334954034226325,0.017348496185109204,True,False
HTEM,ATMOS_THERM__L0.25__K100,source-adjusted excess gain vs composition,0.0121844114735512,0.0379421312831216,-0.0152232915294094,0.053165422812531,False,True
HTEM,ATMOS_THERM__L0.25__K125,source-adjusted excess gain vs composition,0.0094368086187379,0.0034002356641339,-0.0678213842505301,0.077258192869268,False,True
HTEM,ATMOS_THERM__L0.25__K150,source-adjusted excess gain vs composition,-0.0068933715913515,0.0007553706162484,-0.0174537157343596,0.018209086350608,False,True
HTEM,ATMOS_THERM__L0.25__K200,source-adjusted excess gain vs composition,0.0157436129596753,0.0107208841370765,0.053353381163567,0.042632497026490496,True,False
HTEM,ATMOS_THERM__L0.25__K250,source-adjusted excess gain vs composition,0.016035545603438,0.0112999030993079,-0.0020553189855823,0.0180908645890203,False,True
HTEM,ATMOS_THERM__L0.25__K300,source-adjusted excess gain vs composition,-0.0119247194509519,0.0291202268722657,0.017953199690123,0.0410449463232176,False,True
HTEM,ATMOS_THERM__L0.25__K400,source-adjusted excess gain vs composition,0.0170127084692066,-0.0055277564543226,0.0494994683063994,0.055027224760722,False,True
HTEM,ATMOS_THERM__L0.50__K25,source-adjusted excess gain vs composition,0.0132699168668738,0.0657651841134371,0.0049043121878503,0.0608608719255868,True,False
HTEM,ATMOS_THERM__L0.50__K50,source-adjusted excess gain vs composition,0.0623387431435333,0.1300065953519908,0.0679276145660013,0.0676678522084575,True,False
HTEM,ATMOS_THERM__L0.50__K75,source-adjusted excess gain vs composition,0.0351890288379988,0.0483346079436185,-0.0281558230057035,0.076490430949322,False,True
HTEM,ATMOS_THERM__L0.50__K100,source-adjusted excess gain vs composition,0.0147984969810533,0.0410902621140971,-0.0466848206049399,0.087775082719037,False,True
HTEM,ATMOS_THERM__L0.50__K125,source-adjusted excess gain vs composition,-0.0007325232192531,0.0256325520644265,-0.0357577765386765,0.06139032860310299,False,True
HTEM,ATMOS_THERM__L0.50__K150,source-adjusted excess gain vs composition,-0.0618311199857289,0.0402028371945541,-0.0004437725779228,0.10203395718028299,False,True
HTEM,ATMOS_THERM__L0.50__K200,source-adjusted excess gain vs composition,-0.0008676859055106,0.0709202563014129,0.0055315823475472,0.0717879422069235,False,True
HTEM,ATMOS_THERM__L0.50__K250,source-adjusted excess gain vs composition,0.0164890876248892,0.0287380723978767,0.005324480939061,0.023413591458815698,True,False
HTEM,ATMOS_THERM__L0.50__K300,source-adjusted excess gain vs composition,0.0308529649800904,0.0180143248207242,0.011357175673979,0.0194957893061114,True,False
HTEM,ATMOS_THERM__L0.50__K400,source-adjusted excess gain vs composition,-0.0061696420200189,0.0189133895295932,0.0191693419405276,0.0253389839605465,False,True
HTEM,ATMOS_THERM__L0.75__K25,source-adjusted excess gain vs composition,0.0403785598930625,0.0475324572246964,-0.0450967582232407,0.09262921544793709,False,True
HTEM,ATMOS_THERM__L0.75__K50,source-adjusted excess gain vs composition,0.1201102216797154,0.1200701567712999,0.0445375134466074,0.075572708233108,True,False
HTEM,ATMOS_THERM__L0.75__K75,source-adjusted excess gain vs composition,0.0516004700768662,0.0979833024732969,-0.0494179322111506,0.1474012346844475,False,True
HTEM,ATMOS_THERM__L0.75__K100,source-adjusted excess gain vs composition,0.0369268171108759,0.0582916656615294,-0.0940422818788805,0.1523339475404099,False,True
HTEM,ATMOS_THERM__L0.75__K125,source-adjusted excess gain vs composition,0.0291725135142879,0.0293195982685171,-0.0999260143906056,0.1292456126591227,False,True
HTEM,ATMOS_THERM__L0.75__K150,source-adjusted excess gain vs composition,0.0693998405389891,0.047678191917289,-0.0899884999005278,0.15938834043951688,False,True
HTEM,ATMOS_THERM__L0.75__K200,source-adjusted excess gain vs composition,0.0579375902875156,0.0773434278867409,-0.0786461725409218,0.1559896004276627,False,True
HTEM,ATMOS_THERM__L0.75__K250,source-adjusted excess gain vs composition,0.0164183605657279,0.0798546295253219,-0.043096714327374,0.12295134385269589,False,True
HTEM,ATMOS_THERM__L0.75__K300,source-adjusted excess gain vs composition,0.0274024982963314,0.0389150511299022,0.0137143831192459,0.025200668010656298,True,False
HTEM,ATMOS_THERM__L0.75__K400,source-adjusted excess gain vs composition,0.0327262208434743,-0.0069548398752554,-0.006440835652007,0.0396810607187297,False,True
HTEM,ATMOS_THERM__L1.00__K25,source-adjusted excess gain vs composition,0.0365954954327213,0.0490566040792344,-0.0426011401979316,0.091657744277166,False,True
HTEM,ATMOS_THERM__L1.00__K50,source-adjusted excess gain vs composition,0.1172719102750495,0.142956248831559,-0.0711440511232062,0.2141002999547652,False,True
HTEM,ATMOS_THERM__L1.00__K75,source-adjusted excess gain vs composition,0.0708153798307434,0.0951173133493797,-0.193104492675475,0.2882218060248547,False,True
HTEM,ATMOS_THERM__L1.00__K100,source-adjusted excess gain vs composition,0.0381291896906398,0.0786712662921065,-0.256771700946521,0.33544296723862754,False,True
HTEM,ATMOS_THERM__L1.00__K125,source-adjusted excess gain vs composition,0.0494161476959876,0.0206298778494021,-0.2637275571117674,0.313143704807755,False,True
HTEM,ATMOS_THERM__L1.00__K150,source-adjusted excess gain vs composition,0.0741729351741511,0.084043637651131,-0.2640982876890171,0.3481419253401481,False,True
HTEM,ATMOS_THERM__L1.00__K200,source-adjusted excess gain vs composition,0.0679093632246649,0.1197500461624,-0.1269761663847755,0.24672621254717547,False,True
HTEM,ATMOS_THERM__L1.00__K250,source-adjusted excess gain vs composition,0.0567206488597236,0.1019941555924739,-0.0598457819570496,0.1618399375495235,False,True
HTEM,ATMOS_THERM__L1.00__K300,source-adjusted excess gain vs composition,0.027279458322619,0.1249188761888664,0.017057879132719,0.1078609970561474,True,False
HTEM,ATMOS_THERM__L1.00__K400,source-adjusted excess gain vs composition,0.025622154265306,0.0010487851162634,-0.0280002770451736,0.0536224313104796,False,True
HTEM,EQ__L0.10__K25,source-adjusted excess gain vs composition,0.020404789091937,0.0128400417381708,-0.0096483000839492,0.0300530891758862,False,True
HTEM,EQ__L0.10__K50,source-adjusted excess gain vs composition,0.0155734154687149,0.06843476087079,0.0110885680139564,0.05734619285683361,True,False
HTEM,EQ__L0.10__K75,source-adjusted excess gain vs composition,-9.56135737502084e-05,0.0042332134002307,-0.0067844077560232,0.0110176211562539,False,True
HTEM,EQ__L0.10__K100,source-adjusted excess gain vs composition,-1.810613804031913e-05,0.0207582777114195,-0.0195960178181541,0.0403542955295736,False,True
HTEM,EQ__L0.10__K125,source-adjusted excess gain vs composition,-0.0012707943196467,0.0337070589407947,-0.0217533568612937,0.055460415802088395,False,True
HTEM,EQ__L0.10__K150,source-adjusted excess gain vs composition,-0.0164942803971567,-0.0206736304276314,0.003513915097411,0.0241875455250424,False,True
HTEM,EQ__L0.10__K200,source-adjusted excess gain vs composition,0.0107589606620305,0.0051491269787923,0.0208789650226,0.0157298380438077,True,False
HTEM,EQ__L0.10__K250,source-adjusted excess gain vs composition,0.0195722197534731,0.0071580358195998,0.0018841816637133,0.0176880380897598,True,False
HTEM,EQ__L0.10__K300,source-adjusted excess gain vs composition,-0.0068985563162703,0.0025013296661619,0.0063589026770798,0.0132574589933501,False,True
HTEM,EQ__L0.10__K400,source-adjusted excess gain vs composition,0.0110076025118955,0.0059907491890646,-0.0580854489434918,0.0690930514553873,False,True
HTEM,EQ__L0.25__K25,source-adjusted excess gain vs composition,0.022631690384287,0.002281475169187,-0.0119396102417356,0.0345713006260226,False,True
HTEM,EQ__L0.25__K50,source-adjusted excess gain vs composition,0.0721450416741785,0.0854910038880467,0.0211366501170518,0.06435435377099491,True,False
HTEM,EQ__L0.25__K75,source-adjusted excess gain vs composition,0.052310504140369,0.050367894294616,0.0242078265130841,0.0281026776272849,True,False
HTEM,EQ__L0.25__K100,source-adjusted excess gain vs composition,0.0267657124026868,0.0392129486335665,-6.995567390954971e-05,0.03928290430747605,False,True
HTEM,EQ__L0.25__K125,source-adjusted excess gain vs composition,-0.001079511359282,0.0016411328356678,-0.0597296817359104,0.061370814571578204,False,True
HTEM,EQ__L0.25__K150,source-adjusted excess gain vs composition,-0.0156440132761515,0.0071405148545483,-0.0070548446457384,0.0227845281306998,False,True
HTEM,EQ__L0.25__K200,source-adjusted excess gain vs composition,0.0082951691432142,0.0106512515877555,0.0182496326506519,0.009954463507437698,True,False
HTEM,EQ__L0.25__K250,source-adjusted excess gain vs composition,0.0213415278909075,-0.0009499130960864,0.0009208577184664,0.0222914409869939,False,True
HTEM,EQ__L0.25__K300,source-adjusted excess gain vs composition,-0.0092123437068988,0.0262803314803752,0.0256983496813987,0.035492675187273996,False,True
HTEM,EQ__L0.25__K400,source-adjusted excess gain vs composition,0.015604936988539,0.0212938256424857,-0.01423763389886,0.0355314595413457,False,True
HTEM,EQ__L0.50__K25,source-adjusted excess gain vs composition,0.0194063533298451,0.0658166728494675,0.0009327189589208,0.0648839538905467,True,False
HTEM,EQ__L0.50__K50,source-adjusted excess gain vs composition,0.067877582831283,0.1329562230942522,0.022722150708514,0.11023407238573821,True,False
HTEM,EQ__L0.50__K75,source-adjusted excess gain vs composition,0.0363571185463089,0.0650219464078162,0.0234704457013911,0.04155150070642509,True,False
HTEM,EQ__L0.50__K100,source-adjusted excess gain vs composition,-0.0057242751403127,0.0270396577446256,-0.0601015073850305,0.0871411651296561,False,True
HTEM,EQ__L0.50__K125,source-adjusted excess gain vs composition,0.0060405322920475,0.0221076342823732,-0.0203460221019457,0.0424536563843189,False,True
HTEM,EQ__L0.50__K150,source-adjusted excess gain vs composition,-0.0051188280207198,0.045777259366244,-0.023921626432526,0.06969888579877,False,True
HTEM,EQ__L0.50__K200,source-adjusted excess gain vs composition,0.0094577783003794,0.0745714394009924,0.032797740321349,0.065113661100613,True,False
HTEM,EQ__L0.50__K250,source-adjusted excess gain vs composition,-0.0056547194467805,0.0372950676810979,0.0472162348141828,0.0528709542609633,False,True
HTEM,EQ__L0.50__K300,source-adjusted excess gain vs composition,0.0018013056717586,0.047252635221883,0.0272385846036409,0.045451329550124396,True,False
HTEM,EQ__L0.50__K400,source-adjusted excess gain vs composition,0.024493091504991,0.04100613586638,-0.010851319435107,0.051857455301487,False,True
HTEM,EQ__L0.75__K25,source-adjusted excess gain vs composition,0.0444645483869999,0.0719112726678288,0.0178323998153209,0.054078872852507905,True,False
HTEM,EQ__L0.75__K50,source-adjusted excess gain vs composition,0.0918487206479431,0.0914233218901392,0.0731818311135881,0.018666889534354997,True,False
HTEM,EQ__L0.75__K75,source-adjusted excess gain vs composition,0.0719012315733694,0.1024644315187253,-0.0417627902069449,0.1442272217256702,False,True
HTEM,EQ__L0.75__K100,source-adjusted excess gain vs composition,-0.0212747401589751,0.0500901497056169,-0.090954664760305,0.1410448144659219,False,True
HTEM,EQ__L0.75__K125,source-adjusted excess gain vs composition,0.0273495761663787,0.0522392877785338,-0.0758272669750204,0.12806655475355422,False,True
HTEM,EQ__L0.75__K150,source-adjusted excess gain vs composition,0.0003526308603569,0.0429040411421682,-0.0628599140193343,0.1057639551615025,False,True
HTEM,EQ__L0.75__K200,source-adjusted excess gain vs composition,0.0353525070139335,0.0905099112809669,-0.0381854164250705,0.1286953277060374,False,True
HTEM,EQ__L0.75__K250,source-adjusted excess gain vs composition,0.0171945133711758,0.0847911276459507,-0.0104387847439343,0.095229912389885,False,True
HTEM,EQ__L0.75__K300,source-adjusted excess gain vs composition,0.0322181210356523,0.0610142483375055,0.0324115973245344,0.0287961273018532,True,False
HTEM,EQ__L0.75__K400,source-adjusted excess gain vs composition,0.0323481124039635,0.0665826953016884,-0.0119699810131288,0.07855267631481719,False,True
HTEM,EQ__L1.00__K25,source-adjusted excess gain vs composition,0.0747764090771632,0.0399561546526288,-0.0426011401979316,0.11737754927509479,False,True
HTEM,EQ__L1.00__K50,source-adjusted excess gain vs composition,0.1295722842233553,0.1099772640820356,-0.0711440511232062,0.20071633534656147,False,True
HTEM,EQ__L1.00__K75,source-adjusted excess gain vs composition,0.0950300317985233,0.0564429348168677,-0.193104492675475,0.2881345244739983,False,True
HTEM,EQ__L1.00__K100,source-adjusted excess gain vs composition,0.0044245060772161,0.0363507567685758,-0.256771700946521,0.2931224577150968,False,True
HTEM,EQ__L1.00__K125,source-adjusted excess gain vs composition,0.0229315137873507,0.0798796693610204,-0.2637275571117674,0.34360722647278774,False,True
HTEM,EQ__L1.00__K150,source-adjusted excess gain vs composition,0.0551442272666313,0.0639146256594874,-0.2640982876890171,0.3280129133485045,False,True
HTEM,EQ__L1.00__K200,source-adjusted excess gain vs composition,0.0729678733545374,0.0937136777241791,-0.0913738691530372,0.1850875468772163,False,True
HTEM,EQ__L1.00__K250,source-adjusted excess gain vs composition,0.0356375641861353,0.0679368612376946,-0.0687685595189213,0.1367054207566159,False,True
HTEM,EQ__L1.00__K300,source-adjusted excess gain vs composition,0.0447331129519338,0.0709912103615184,-0.0416911761844539,0.11268238654597229,False,True
HTEM,EQ__L1.00__K400,source-adjusted excess gain vs composition,0.0464341824876372,0.0404970753930213,-0.113739950199584,0.1601741326872212,False,True
HTEM,SOURCE55__L0.10__K25,source-adjusted excess gain vs composition,0.020404789091937,0.0131073781158705,-0.0050974693449007,0.025502258436837698,False,True
HTEM,SOURCE55__L0.10__K50,source-adjusted excess gain vs composition,0.0155734154687149,0.0471977281129252,0.0291570644341866,0.0316243126442103,True,False
HTEM,SOURCE55__L0.10__K75,source-adjusted excess gain vs composition,-9.56135737502084e-05,0.0361374815926514,0.0281870085510979,0.03623309516640161,False,True
HTEM,SOURCE55__L0.10__K100,source-adjusted excess gain vs composition,0.004417193070993,0.0391926119405711,0.0039655269992626,0.0352270849413085,True,False
HTEM,SOURCE55__L0.10__K125,source-adjusted excess gain vs composition,0.0057314137259133,0.0343339267883054,-0.0148966332881004,0.049230560076405805,False,True
HTEM,SOURCE55__L0.10__K150,source-adjusted excess gain vs composition,-0.0164942803971567,-0.0204166909349375,-9.52756444024816e-05,0.02032141529053502,False,False
HTEM,SOURCE55__L0.10__K200,source-adjusted excess gain vs composition,0.0106889122285422,0.0093520329880902,0.0265212558483383,0.0171692228602481,True,False
HTEM,SOURCE55__L0.10__K250,source-adjusted excess gain vs composition,0.0216209053762365,-0.012743296030143,0.0034588566272648,0.034364201406379496,False,True
HTEM,SOURCE55__L0.10__K300,source-adjusted excess gain vs composition,-0.0153255455028148,-0.0083065586756003,-0.0572561329749173,0.048949574299317,False,False
HTEM,SOURCE55__L0.10__K400,source-adjusted excess gain vs composition,0.0035369100918589,0.001428778187488,-0.0653821891051715,0.0689190991970304,False,True
HTEM,SOURCE55__L0.25__K25,source-adjusted excess gain vs composition,0.0177050949778888,0.021446827605403,-0.0060051026754947,0.0274519302808977,False,True
HTEM,SOURCE55__L0.25__K50,source-adjusted excess gain vs composition,0.0500545270867553,0.0860265094043277,0.0622892052333522,0.0359719823175724,True,False
HTEM,SOURCE55__L0.25__K75,source-adjusted excess gain vs composition,0.0514751854462622,0.0372880666725016,0.0298893296181165,0.0215858558281457,True,False
HTEM,SOURCE55__L0.25__K100,source-adjusted excess gain vs composition,0.0224432658032708,0.0429847253128498,0.0008688226145487,0.0421159026983011,True,False
HTEM,SOURCE55__L0.25__K125,source-adjusted excess gain vs composition,0.0030346385348706,0.0187722062606476,-0.0582210987128034,0.076993304973451,False,True
HTEM,SOURCE55__L0.25__K150,source-adjusted excess gain vs composition,-0.0164684512794351,0.0224927805138779,-0.0048514149250938,0.038961231793313,False,True
HTEM,SOURCE55__L0.25__K200,source-adjusted excess gain vs composition,0.0156677320724034,0.0244772732270268,0.0439005350119207,0.0282328029395173,True,False
HTEM,SOURCE55__L0.25__K250,source-adjusted excess gain vs composition,0.0058940716589375,0.002360684480179,0.0116258579493254,0.0092651734691464,True,False
HTEM,SOURCE55__L0.25__K300,source-adjusted excess gain vs composition,-0.0095506293508725,0.0150498493669399,-0.0418470590810233,0.0568969084479632,False,True
HTEM,SOURCE55__L0.25__K400,source-adjusted excess gain vs composition,0.002058925224646,0.0141210622730879,-0.02461159778078,0.0387326600538679,False,True
HTEM,SOURCE55__L0.50__K25,source-adjusted excess gain vs composition,0.0456393627035851,0.0653638432228997,-0.0256586651657997,0.09102250838869941,False,True
HTEM,SOURCE55__L0.50__K50,source-adjusted excess gain vs composition,0.0927494049561809,0.1292576359472877,0.0018266550903505,0.12743098085693721,True,False
HTEM,SOURCE55__L0.50__K75,source-adjusted excess gain vs composition,0.0493700162745651,0.0701911671072375,0.0076728056939011,0.0625183614133364,True,False
HTEM,SOURCE55__L0.50__K100,source-adjusted excess gain vs composition,0.0248183823437171,0.0377346635171491,-0.033803790483551,0.07153845400070011,False,True
HTEM,SOURCE55__L0.50__K125,source-adjusted excess gain vs composition,0.0232652241821385,0.0909112004070548,-0.0353350411960868,0.1262462416031416,False,True
HTEM,SOURCE55__L0.50__K150,source-adjusted excess gain vs composition,-0.0075784764603606,0.0763669878142034,0.0027061403333147,0.083945464274564,False,True
HTEM,SOURCE55__L0.50__K200,source-adjusted excess gain vs composition,0.0065741313357753,0.0983881914167315,0.0493981228960833,0.09181406008095619,True,False
HTEM,SOURCE55__L0.50__K250,source-adjusted excess gain vs composition,0.0124001631698144,0.0255782038283711,0.0258618665648299,0.0134617033950155,True,False
HTEM,SOURCE55__L0.50__K300,source-adjusted excess gain vs composition,0.0103085157195659,0.0506476081851623,0.049813292395386,0.0403390924655964,True,False
HTEM,SOURCE55__L0.50__K400,source-adjusted excess gain vs composition,0.0061225830090877,0.0502118021057947,0.0094496488845745,0.044089219096707,True,False
HTEM,SOURCE55__L0.75__K25,source-adjusted excess gain vs composition,0.0460627225601671,0.0316234669940444,0.0282041835574549,0.0178585390027122,True,False
HTEM,SOURCE55__L0.75__K50,source-adjusted excess gain vs composition,0.0720705240748663,0.111178677432207,0.0988384290126279,0.03910815335734069,True,False
HTEM,SOURCE55__L0.75__K75,source-adjusted excess gain vs composition,0.0414011631697525,0.083818495761673,-0.0049385052661003,0.0887570010277733,False,True
HTEM,SOURCE55__L0.75__K100,source-adjusted excess gain vs composition,0.0260271240460925,0.0591368582022037,-0.0741725985177335,0.1333094567199372,False,True
HTEM,SOURCE55__L0.75__K125,source-adjusted excess gain vs composition,0.0010606297575903,0.06466435601909,-0.0478546842885231,0.1125190403076131,False,True
HTEM,SOURCE55__L0.75__K150,source-adjusted excess gain vs composition,0.0498127840907902,0.06084135318537,-0.0415203208438125,0.1023616740291825,False,True
HTEM,SOURCE55__L0.75__K200,source-adjusted excess gain vs composition,0.0106344468065376,0.0990866810731471,-0.0129890552899687,0.1120757363631158,False,True
HTEM,SOURCE55__L0.75__K250,source-adjusted excess gain vs composition,0.019903785150912,0.0638664819502507,-0.0037433194958306,0.0676098014460813,False,True
HTEM,SOURCE55__L0.75__K300,source-adjusted excess gain vs composition,-0.00361970440875,0.0709648005503448,-0.0046953828912902,0.07566018344163501,False,True
HTEM,SOURCE55__L0.75__K400,source-adjusted excess gain vs composition,-0.0116332681008901,0.0766963752792593,0.0410720219414836,0.0883296433801494,False,True
HTEM,SOURCE55__L1.00__K25,source-adjusted excess gain vs composition,0.0469173819410338,0.0738007352064429,-0.0426011401979316,0.1164018754043745,False,True
HTEM,SOURCE55__L1.00__K50,source-adjusted excess gain vs composition,0.125724638929712,0.117272180218214,-0.0711440511232062,0.19686869005291818,False,True
HTEM,SOURCE55__L1.00__K75,source-adjusted excess gain vs composition,0.0731729454272902,0.0819978160984806,-0.193104492675475,0.2751023087739556,False,True
HTEM,SOURCE55__L1.00__K100,source-adjusted excess gain vs composition,0.0491269774648981,0.0674589450388964,-0.256771700946521,0.3242306459854174,False,True
HTEM,SOURCE55__L1.00__K125,source-adjusted excess gain vs composition,0.0028325348345423,0.1017013251710033,-0.2637275571117674,0.3654288822827707,False,True
HTEM,SOURCE55__L1.00__K150,source-adjusted excess gain vs composition,0.0240575223112094,0.109290017688173,-0.2640982876890171,0.3733883053771901,False,True
HTEM,SOURCE55__L1.00__K200,source-adjusted excess gain vs composition,0.022137136973397,0.0927631551233245,-0.0690799523360178,0.1618431074593423,False,True
HTEM,SOURCE55__L1.00__K250,source-adjusted excess gain vs composition,0.0190502943206343,0.0754603512661046,-0.1186985486315567,0.1941588998976613,False,True
HTEM,SOURCE55__L1.00__K300,source-adjusted excess gain vs composition,0.0178279539206548,0.0712698421931183,-0.1005919254546085,0.17186176764772682,False,True
HTEM,SOURCE55__L1.00__K400,source-adjusted excess gain vs composition,0.0147716466747856,0.1021450719939163,-0.0533097822354605,0.1554548542293768,False,True
HTEM,SOURCE_ATMOS__L0.10__K25,source-adjusted excess gain vs composition,0.0212255825255895,0.0131073781158705,-0.0173374591529369,0.038563041678526394,False,True
HTEM,SOURCE_ATMOS__L0.10__K50,source-adjusted excess gain vs composition,0.0155192447849966,0.0471977281129252,0.0401190665063216,0.031678483327928594,True,False
HTEM,SOURCE_ATMOS__L0.10__K75,source-adjusted excess gain vs composition,0.0073055560704223,0.034960156700338,-0.0110886908797175,0.0460488475800555,False,True
HTEM,SOURCE_ATMOS__L0.10__K100,source-adjusted excess gain vs composition,0.0137590639624942,0.0391926119405711,-0.0340948104107132,0.0732874223512843,False,True
HTEM,SOURCE_ATMOS__L0.10__K125,source-adjusted excess gain vs composition,0.0148552836781737,0.0336370105073063,-0.0366437451893562,0.0702807556966625,False,True
HTEM,SOURCE_ATMOS__L0.10__K150,source-adjusted excess gain vs composition,-0.0131721859038603,-0.0207436788611197,0.0009870902028649,0.021730769063984603,False,True
HTEM,SOURCE_ATMOS__L0.10__K200,source-adjusted excess gain vs composition,0.0081418804307662,0.0062804901115688,0.0243655278808353,0.0180850377692665,True,False
HTEM,SOURCE_ATMOS__L0.10__K250,source-adjusted excess gain vs composition,-0.0064711058993512,0.0068241313264606,-0.0318115188425655,0.0386356501690261,False,True
HTEM,SOURCE_ATMOS__L0.10__K300,source-adjusted excess gain vs composition,-0.0090372452524289,-0.0052114551475266,-0.0374565669463091,0.0322451117987825,False,False
HTEM,SOURCE_ATMOS__L0.10__K400,source-adjusted excess gain vs composition,0.0033046140364135,0.0021263204006943,-0.0603779531406407,0.0636825671770542,False,True
HTEM,SOURCE_ATMOS__L0.25__K25,source-adjusted excess gain vs composition,0.0131951825664317,0.0145885623700399,-0.006556779701161,0.0211453420712009,False,True
HTEM,SOURCE_ATMOS__L0.25__K50,source-adjusted excess gain vs composition,0.0492700105275438,0.0867171535049974,0.0270301369005075,0.0596870166044899,True,False
HTEM,SOURCE_ATMOS__L0.25__K75,source-adjusted excess gain vs composition,0.0514302265706858,0.0379761469861502,0.0271659070641212,0.0242643195065646,True,False
HTEM,SOURCE_ATMOS__L0.25__K100,source-adjusted excess gain vs composition,0.0249171733610467,0.0438620299876961,0.0024068263878735,0.041455203599822604,True,False
HTEM,SOURCE_ATMOS__L0.25__K125,source-adjusted excess gain vs composition,0.020524926584819,0.0195476845971641,-0.0315001404365024,0.0520250670213214,False,True
HTEM,SOURCE_ATMOS__L0.25__K150,source-adjusted excess gain vs composition,-0.0163541835301801,0.020371702178788,0.0165493606089596,0.0367258857089681,False,True
HTEM,SOURCE_ATMOS__L0.25__K200,source-adjusted excess gain vs composition,0.0083576840840337,0.0172201998950867,0.0397349938101349,0.0313773097261012,True,False
HTEM,SOURCE_ATMOS__L0.25__K250,source-adjusted excess gain vs composition,0.0157068810745254,0.0137337863360532,0.0073993342798755,0.008307546794649899,True,False
HTEM,SOURCE_ATMOS__L0.25__K300,source-adjusted excess gain vs composition,0.0016632619981207,0.026313624874368,-0.0336484676667033,0.059962092541071293,False,True
HTEM,SOURCE_ATMOS__L0.25__K400,source-adjusted excess gain vs composition,0.0037475489711876,-0.0091496404271539,-0.0245273195899984,0.028274868561186,False,True
HTEM,SOURCE_ATMOS__L0.50__K25,source-adjusted excess gain vs composition,0.0370420300981525,0.0648222271563884,0.0060759219405693,0.0587463052158191,True,False
HTEM,SOURCE_ATMOS__L0.50__K50,source-adjusted excess gain vs composition,0.0857657052338768,0.1140175245903455,0.0455116398623542,0.0685058847279913,True,False
HTEM,SOURCE_ATMOS__L0.50__K75,source-adjusted excess gain vs composition,0.0378263794241555,0.0773255490735699,0.0269964720137458,0.05032907705982409,True,False
HTEM,SOURCE_ATMOS__L0.50__K100,source-adjusted excess gain vs composition,0.0233736904498733,0.0842529022613254,-0.0338915020837208,0.1181444043450462,False,True
HTEM,SOURCE_ATMOS__L0.50__K125,source-adjusted excess gain vs composition,0.0170110872063177,0.0793478300404245,-0.0105420550620807,0.0898898851025052,False,True
HTEM,SOURCE_ATMOS__L0.50__K150,source-adjusted excess gain vs composition,0.0028978297347388,0.0566966720718791,-0.0044220767112124,0.0611187487830915,False,True
HTEM,SOURCE_ATMOS__L0.50__K200,source-adjusted excess gain vs composition,0.0122273400276943,0.1335221954624578,0.0587081560491578,0.12129485543476351,True,False
HTEM,SOURCE_ATMOS__L0.50__K250,source-adjusted excess gain vs composition,-0.0149075397496789,0.0522869655026963,-0.0422763950234242,0.0945633605261205,False,True
HTEM,SOURCE_ATMOS__L0.50__K300,source-adjusted excess gain vs composition,-0.0077903406775743,0.0202407701989644,-0.0315371344163248,0.0517779046152892,False,True
HTEM,SOURCE_ATMOS__L0.50__K400,source-adjusted excess gain vs composition,0.012402409262295,0.0484951997640988,0.0028257357743333,0.0456694639897655,True,False
HTEM,SOURCE_ATMOS__L0.75__K25,source-adjusted excess gain vs composition,0.0398767795554607,0.029429983941988,-0.0210357815120912,0.0609125610675519,False,True
HTEM,SOURCE_ATMOS__L0.75__K50,source-adjusted excess gain vs composition,0.1207854710811496,0.1109164739650227,0.0730015004644035,0.04778397061674611,True,False
HTEM,SOURCE_ATMOS__L0.75__K75,source-adjusted excess gain vs composition,0.0738930829820396,0.0841047052817555,-0.0609033114424489,0.14500801672420438,False,True
HTEM,SOURCE_ATMOS__L0.75__K100,source-adjusted excess gain vs composition,0.0280594025456979,0.0767532790712159,-0.107609162435636,0.18436244150685188,False,True
HTEM,SOURCE_ATMOS__L0.75__K125,source-adjusted excess gain vs composition,0.0478253287543695,0.0893621796329259,-0.0606375114140361,0.149999691046962,False,True
HTEM,SOURCE_ATMOS__L0.75__K150,source-adjusted excess gain vs composition,0.044230683980134,0.1069901062008746,-0.0461203060501339,0.1531104122510085,False,True
HTEM,SOURCE_ATMOS__L0.75__K200,source-adjusted excess gain vs composition,0.0318631163007475,0.1142609166539805,-0.0312222997225104,0.1454832163764909,False,True
HTEM,SOURCE_ATMOS__L0.75__K250,source-adjusted excess gain vs composition,-0.0039321813800281,0.0722573696295755,-0.0288293802296522,0.1010867498592277,False,True
HTEM,SOURCE_ATMOS__L0.75__K300,source-adjusted excess gain vs composition,-0.0106166838478831,0.0411038000577179,-0.0293534041547099,0.07045720421242781,False,True
HTEM,SOURCE_ATMOS__L0.75__K400,source-adjusted excess gain vs composition,0.0180556281920417,0.0463452606373234,-0.0219874223242872,0.0683326829616106,False,True
HTEM,SOURCE_ATMOS__L1.00__K25,source-adjusted excess gain vs composition,0.0379800097310976,0.0320159709935742,-0.0426011401979316,0.0805811499290292,False,True
HTEM,SOURCE_ATMOS__L1.00__K50,source-adjusted excess gain vs composition,0.0915153643696789,0.0972325698672995,-0.0711440511232062,0.1683766209905057,False,True
HTEM,SOURCE_ATMOS__L1.00__K75,source-adjusted excess gain vs composition,0.0658910597282972,0.0554120056471319,-0.193104492675475,0.2589955524037722,False,True
HTEM,SOURCE_ATMOS__L1.00__K100,source-adjusted excess gain vs composition,0.0694663820310679,0.0589772045853499,-0.256771700946521,0.32623808297758894,False,True
HTEM,SOURCE_ATMOS__L1.00__K125,source-adjusted excess gain vs composition,0.0710798909522718,0.0819846863428315,-0.2637275571117674,0.3457122434545989,False,True
HTEM,SOURCE_ATMOS__L1.00__K150,source-adjusted excess gain vs composition,0.0722456234449016,0.1273903294120529,-0.2640982876890171,0.39148861710106997,False,True
HTEM,SOURCE_ATMOS__L1.00__K200,source-adjusted excess gain vs composition,0.1091330209762845,0.1170195087995757,-0.097692253677007,0.2147117624765827,False,True
HTEM,SOURCE_ATMOS__L1.00__K250,source-adjusted excess gain vs composition,0.0172757209897117,0.1258262780827144,-0.1373805983271171,0.26320687640983154,False,True
HTEM,SOURCE_ATMOS__L1.00__K300,source-adjusted excess gain vs composition,0.029068690282057,0.0922753234142699,-0.1115228681751782,0.20379819158944812,False,True
HTEM,SOURCE_ATMOS__L1.00__K400,source-adjusted excess gain vs composition,0.0417333261166323,0.0907659211301118,-0.0872172153345596,0.1779831364646714,False,True
HTEM,SOURCE_ONLY__L0.10__K25,source-adjusted excess gain vs composition,0.0054017285948376,0.0173680937536869,-0.0072511685542812,0.0246192623079681,False,True
HTEM,SOURCE_ONLY__L0.10__K50,source-adjusted excess gain vs composition,0.0707269004001363,0.033462745909222,0.027390893676992,0.04333600672314429,True,False
HTEM,SOURCE_ONLY__L0.10__K75,source-adjusted excess gain vs composition,0.0529386382742665,0.0192723528228729,0.0383933593316075,0.0336662854513936,True,False
HTEM,SOURCE_ONLY__L0.10__K100,source-adjusted excess gain vs composition,0.0261925086368908,0.0087047556547054,0.0061133777859737,0.0200791308509171,True,False
HTEM,SOURCE_ONLY__L0.10__K125,source-adjusted excess gain vs composition,0.0104408968646738,0.0080570086115895,-0.0298157439690262,0.040256640833699994,False,True
HTEM,SOURCE_ONLY__L0.10__K150,source-adjusted excess gain vs composition,-0.008309465995231,-0.0112595633071072,0.0063728559446855,0.0176324192517927,False,True
HTEM,SOURCE_ONLY__L0.10__K200,source-adjusted excess gain vs composition,0.0193042021303835,0.0117536863671018,0.0221608148307304,0.010407128463628599,True,False
HTEM,SOURCE_ONLY__L0.10__K250,source-adjusted excess gain vs composition,0.0173177023230075,0.0124439832073724,0.0001055379273247,0.0172121643956828,True,False
HTEM,SOURCE_ONLY__L0.10__K300,source-adjusted excess gain vs composition,0.0077588124256,0.0175529721845084,-0.0655490368860691,0.08310200907057749,False,True
HTEM,SOURCE_ONLY__L0.10__K400,source-adjusted excess gain vs composition,-0.061342471990656,-0.0210418952299949,-0.0633845317150511,0.04234263648505619,False,False
HTEM,SOURCE_ONLY__L0.25__K25,source-adjusted excess gain vs composition,0.0104433678845587,0.0180741405475205,-0.0036969432364649,0.0217710837839854,False,True
HTEM,SOURCE_ONLY__L0.25__K50,source-adjusted excess gain vs composition,0.0455112279316805,0.0565886582301603,0.0302597585626172,0.0263288996675431,True,False
HTEM,SOURCE_ONLY__L0.25__K75,source-adjusted excess gain vs composition,0.0524848805431085,0.0556164104526235,0.0387144824931078,0.0169019279595157,True,False
HTEM,SOURCE_ONLY__L0.25__K100,source-adjusted excess gain vs composition,0.0262650274790244,0.0155367452305691,0.0266361086051476,0.011099363374578501,True,False
HTEM,SOURCE_ONLY__L0.25__K125,source-adjusted excess gain vs composition,0.0056652575673644,0.0527786331836681,-0.0249708089985767,0.0777494421822448,False,True
HTEM,SOURCE_ONLY__L0.25__K150,source-adjusted excess gain vs composition,-0.0041782504680089,0.0917607253233521,0.0068146635882114,0.095938975791361,False,True
HTEM,SOURCE_ONLY__L0.25__K200,source-adjusted excess gain vs composition,0.0060440542325612,0.1278333472580964,0.0786278686847236,0.12178929302553519,True,False
HTEM,SOURCE_ONLY__L0.25__K250,source-adjusted excess gain vs composition,0.0169073239173359,0.0469199145065932,-0.0503129395776664,0.0972328540842596,False,True
HTEM,SOURCE_ONLY__L0.25__K300,source-adjusted excess gain vs composition,0.0143379627498453,0.0330808044590454,-0.0358971016337938,0.0689779060928392,False,True
HTEM,SOURCE_ONLY__L0.25__K400,source-adjusted excess gain vs composition,-0.060828266637742,0.018868732113518,-0.0266100073739105,0.07969699875125999,False,True
HTEM,SOURCE_ONLY__L0.50__K25,source-adjusted excess gain vs composition,0.0414929408714477,0.0126294452778519,0.01813897416791,0.028863495593595797,True,False
HTEM,SOURCE_ONLY__L0.50__K50,source-adjusted excess gain vs composition,0.09057267328007,0.0601977048261733,0.0690412584726631,0.0303749684538967,True,False
HTEM,SOURCE_ONLY__L0.50__K75,source-adjusted excess gain vs composition,0.0468694426399148,0.0549203360381749,0.0825372976660265,0.035667855026111694,True,False
HTEM,SOURCE_ONLY__L0.50__K100,source-adjusted excess gain vs composition,0.0287406400722045,0.0545959259555395,0.0250282822955756,0.029567643659963897,True,False
HTEM,SOURCE_ONLY__L0.50__K125,source-adjusted excess gain vs composition,0.0070551050809222,0.0669791645806555,-0.0330729880261103,0.10005215260676581,False,True
HTEM,SOURCE_ONLY__L0.50__K150,source-adjusted excess gain vs composition,0.0121214373741248,0.0983338972927142,-0.010720815036475,0.1090547123291892,False,True
HTEM,SOURCE_ONLY__L0.50__K200,source-adjusted excess gain vs composition,0.0670304716641272,0.1709282738684542,0.0854629435870839,0.10389780220432698,True,False
HTEM,SOURCE_ONLY__L0.50__K250,source-adjusted excess gain vs composition,0.012724489139457,0.1123893782111745,0.074838547532215,0.0996648890717175,True,False
HTEM,SOURCE_ONLY__L0.50__K300,source-adjusted excess gain vs composition,0.0136477607644147,0.0833118720883733,0.0523279529231597,0.06966411132395861,True,False
HTEM,SOURCE_ONLY__L0.50__K400,source-adjusted excess gain vs composition,0.0058382051677516,0.0580947696108302,0.0517721305085884,0.05225656444307861,True,False
HTEM,SOURCE_ONLY__L0.75__K25,source-adjusted excess gain vs composition,0.0195071910390799,0.007148226295846,0.0522793375127204,0.0451311112168744,True,False
HTEM,SOURCE_ONLY__L0.75__K50,source-adjusted excess gain vs composition,0.0673804881353168,0.0804720445616808,0.0400886638013484,0.040383380760332405,True,False
HTEM,SOURCE_ONLY__L0.75__K75,source-adjusted excess gain vs composition,0.0613101365200658,0.0604506538751087,-0.0002688776834866,0.0615790142035524,False,True
HTEM,SOURCE_ONLY__L0.75__K100,source-adjusted excess gain vs composition,0.0424101085568262,0.0627974650992446,-0.0522396256313442,0.11503709073058879,False,True
HTEM,SOURCE_ONLY__L0.75__K125,source-adjusted excess gain vs composition,0.0219830899428567,0.0900294448818186,-0.0465583716410727,0.13658781652289131,False,True
HTEM,SOURCE_ONLY__L0.75__K150,source-adjusted excess gain vs composition,0.0554786476416878,0.0884756431188642,-0.0271862465263661,0.1156618896452303,False,True
HTEM,SOURCE_ONLY__L0.75__K200,source-adjusted excess gain vs composition,0.0844236188065029,0.1962657859333846,-0.0036248800655851,0.19989066599896968,False,True
HTEM,SOURCE_ONLY__L0.75__K250,source-adjusted excess gain vs composition,0.0158612894776307,0.145287844388312,-0.007344271416529,0.15263211580484098,False,True
HTEM,SOURCE_ONLY__L0.75__K300,source-adjusted excess gain vs composition,0.0109160251399338,0.1562537657970241,-0.000334232067406,0.1565879978644301,False,True
HTEM,SOURCE_ONLY__L0.75__K400,source-adjusted excess gain vs composition,0.0182271524482967,0.0598401032034673,0.0932327818964038,0.0750056294481071,True,False
HTEM,SOURCE_ONLY__L1.00__K25,source-adjusted excess gain vs composition,0.0247101598206314,-0.0191254834993928,-0.0705020104835159,0.0952121703041473,False,True
HTEM,SOURCE_ONLY__L1.00__K50,source-adjusted excess gain vs composition,0.0721191325917698,0.0291182861961165,-0.0990151612411114,0.1711342938328812,False,True
HTEM,SOURCE_ONLY__L1.00__K75,source-adjusted excess gain vs composition,0.0680052947004147,0.0196774768970675,-0.2096341203318392,0.2776394150322539,False,True
HTEM,SOURCE_ONLY__L1.00__K100,source-adjusted excess gain vs composition,0.0553738172910081,0.0101115981979068,-0.2854871720627868,0.3408609893537949,False,True
HTEM,SOURCE_ONLY__L1.00__K125,source-adjusted excess gain vs composition,0.0777480313147378,0.0226168153661114,-0.2866687808363171,0.36441681215105487,False,True
HTEM,SOURCE_ONLY__L1.00__K150,source-adjusted excess gain vs composition,0.0454330233492789,0.0648105018288862,-0.2916869728742716,0.3564974747031578,False,True
HTEM,SOURCE_ONLY__L1.00__K200,source-adjusted excess gain vs composition,0.0880277428320048,0.1426334570987508,-0.234247234341029,0.3768806914397798,False,True
HTEM,SOURCE_ONLY__L1.00__K250,source-adjusted excess gain vs composition,0.0125330682727679,0.1409876282602262,-0.1156993313486381,0.2566869596088643,False,True
HTEM,SOURCE_ONLY__L1.00__K300,source-adjusted excess gain vs composition,0.0238664453625436,0.1040812853835597,-0.0286518035704744,0.1327330889540341,False,True
HTEM,SOURCE_ONLY__L1.00__K400,source-adjusted excess gain vs composition,0.0258249708044509,-0.0006410419032822,-0.0622423849991597,0.0880673558036106,False,True
HTEM,SOURCE_THERM__L0.10__K25,source-adjusted excess gain vs composition,0.020404789091937,0.0080725291621475,0.0124683488940644,0.012332259929789499,True,False
HTEM,SOURCE_THERM__L0.10__K50,source-adjusted excess gain vs composition,0.0155734154687149,0.0128471934827387,0.0124024911625412,0.0031709243061736996,True,False
HTEM,SOURCE_THERM__L0.10__K75,source-adjusted excess gain vs composition,-9.56135737502084e-05,0.0008571637666211,0.0121688403249002,0.012264453898650409,False,True
HTEM,SOURCE_THERM__L0.10__K100,source-adjusted excess gain vs composition,0.004417193070993,0.0195498604903196,0.0006453832481734,0.0189044772421462,True,False
HTEM,SOURCE_THERM__L0.10__K125,source-adjusted excess gain vs composition,0.0055340873605539,0.0163758004450592,-0.0113358739554079,0.027711674400467103,False,True
HTEM,SOURCE_THERM__L0.10__K150,source-adjusted excess gain vs composition,-0.0167744741311098,-0.020813727294608,0.0271510049510801,0.0479647322456881,False,True
HTEM,SOURCE_THERM__L0.10__K200,source-adjusted excess gain vs composition,0.0103386700611007,0.0047288363778625,0.0229919308617175,0.018263094483855,True,False
HTEM,SOURCE_THERM__L0.10__K250,source-adjusted excess gain vs composition,0.0153897805857012,0.0077830906548024,0.0173492048552664,0.009566114200464,True,False
HTEM,SOURCE_THERM__L0.10__K300,source-adjusted excess gain vs composition,-0.0063000800305662,0.0099827098566101,-0.0059198379470591,0.0162827898871763,False,True
HTEM,SOURCE_THERM__L0.10__K400,source-adjusted excess gain vs composition,-0.0016364871043882,0.0097797938105125,-0.068989522075946,0.0787693158864585,False,True
HTEM,SOURCE_THERM__L0.25__K25,source-adjusted excess gain vs composition,0.0170646750509502,-0.0048495240423312,0.0084767877780504,0.0219141990932814,False,True
HTEM,SOURCE_THERM__L0.25__K50,source-adjusted excess gain vs composition,0.0494141071598167,0.0783494421280348,0.0751851174283487,0.028935334968218096,True,False
HTEM,SOURCE_THERM__L0.25__K75,source-adjusted excess gain vs composition,0.0508438996077417,0.0715747415187432,0.0529947915035968,0.020730841911001496,True,False
HTEM,SOURCE_THERM__L0.25__K100,source-adjusted excess gain vs composition,-0.0057386917853545,0.014220084094131,-0.0023932982532999,0.0199587758794855,False,True
HTEM,SOURCE_THERM__L0.25__K125,source-adjusted excess gain vs composition,0.004333011693838,0.0026675681095463,-0.0492294954311418,0.0535625071249798,False,True
HTEM,SOURCE_THERM__L0.25__K150,source-adjusted excess gain vs composition,-0.0262023222809766,0.0210730832935076,-0.0223837963399193,0.0472754055744842,False,True
HTEM,SOURCE_THERM__L0.25__K200,source-adjusted excess gain vs composition,0.0079485930933798,0.0099798356229552,0.0428389202928113,0.0348903271994315,True,False
HTEM,SOURCE_THERM__L0.25__K250,source-adjusted excess gain vs composition,0.0111248752587383,-0.0018210951165288,0.0131406793819291,0.0149617744984579,False,True
HTEM,SOURCE_THERM__L0.25__K300,source-adjusted excess gain vs composition,0.0105706496834278,0.015946151941414,0.0150988691518118,0.005375502257986201,True,False
HTEM,SOURCE_THERM__L0.25__K400,source-adjusted excess gain vs composition,0.0155883578551052,0.0223023804198373,0.0256486838681452,0.01006032601304,True,False
HTEM,SOURCE_THERM__L0.50__K25,source-adjusted excess gain vs composition,0.0113813026087934,0.0586534967661017,0.0008019652288916,0.0578515315372101,True,False
HTEM,SOURCE_THERM__L0.50__K50,source-adjusted excess gain vs composition,0.0451119690276832,0.1303871545034308,0.0300811950295864,0.10030595947384441,True,False
HTEM,SOURCE_THERM__L0.50__K75,source-adjusted excess gain vs composition,0.0621487241602639,0.0780283947794243,0.0025156932793777,0.0755127015000466,True,False
HTEM,SOURCE_THERM__L0.50__K100,source-adjusted excess gain vs composition,0.0146737059889835,0.0367563413514621,-0.034993927428235,0.07175026877969709,False,True
HTEM,SOURCE_THERM__L0.50__K125,source-adjusted excess gain vs composition,-0.0032438799447676,0.0235361841498994,-0.0426733243385641,0.06620950848846349,False,True
HTEM,SOURCE_THERM__L0.50__K150,source-adjusted excess gain vs composition,-0.0057349751821704,0.0469948196336081,-0.0144192742897977,0.0614140939234058,False,True
HTEM,SOURCE_THERM__L0.50__K200,source-adjusted excess gain vs composition,0.0067545260748226,0.0830118948919863,0.0325192100773212,0.07625736881716369,True,False
HTEM,SOURCE_THERM__L0.50__K250,source-adjusted excess gain vs composition,0.007740375309481,0.0349900054206661,0.0269413141804105,0.027249630111185096,True,False
HTEM,SOURCE_THERM__L0.50__K300,source-adjusted excess gain vs composition,0.0356495772788237,0.0317742289429166,0.031195892747161,0.004453684531662703,True,False
HTEM,SOURCE_THERM__L0.50__K400,source-adjusted excess gain vs composition,0.0220536928906271,0.0415911054429514,0.0393732576834192,0.0195374125523243,True,False
HTEM,SOURCE_THERM__L0.75__K25,source-adjusted excess gain vs composition,0.0195841459171467,0.0559266769597779,0.0039360939450695,0.051990583014708394,True,False
HTEM,SOURCE_THERM__L0.75__K50,source-adjusted excess gain vs composition,0.0992279123347483,0.1100810596594917,0.0898370588531651,0.0202440008063266,True,False
HTEM,SOURCE_THERM__L0.75__K75,source-adjusted excess gain vs composition,0.0846264948106902,0.0883731699065818,-0.0626168673745043,0.1509900372810861,False,True
HTEM,SOURCE_THERM__L0.75__K100,source-adjusted excess gain vs composition,0.0185328710346349,0.0847537397464122,-0.1045074869928344,0.1892612267392466,False,True
HTEM,SOURCE_THERM__L0.75__K125,source-adjusted excess gain vs composition,0.0033364441507552,0.067508615243957,-0.0808928616634596,0.14840147690741662,False,True
HTEM,SOURCE_THERM__L0.75__K150,source-adjusted excess gain vs composition,-0.0213343383016096,0.0866239277715695,-0.0746186855253364,0.16124261329690592,False,True
HTEM,SOURCE_THERM__L0.75__K200,source-adjusted excess gain vs composition,0.0258564011932835,0.0915289068772221,-0.0648977880401943,0.1564266949174164,False,True
HTEM,SOURCE_THERM__L0.75__K250,source-adjusted excess gain vs composition,0.0171042503816784,0.0912958133873086,0.0065038966971946,0.084791916690114,True,False
HTEM,SOURCE_THERM__L0.75__K300,source-adjusted excess gain vs composition,0.0448717691041711,0.0587003375973952,0.0606548143104862,0.0157830452063151,True,False
HTEM,SOURCE_THERM__L0.75__K400,source-adjusted excess gain vs composition,0.0205615318234794,0.044623675029717,0.0114773750592374,0.033146299970479604,True,False
HTEM,SOURCE_THERM__L1.00__K25,source-adjusted excess gain vs composition,0.0376980806329113,0.060033552457627,-0.0426011401979316,0.10263469265555861,False,True
HTEM,SOURCE_THERM__L1.00__K50,source-adjusted excess gain vs composition,0.1179178940437613,0.0968402289575636,-0.0711440511232062,0.1890619451669675,False,True
HTEM,SOURCE_THERM__L1.00__K75,source-adjusted excess gain vs composition,0.0651731727278764,0.048405465453689,-0.193104492675475,0.2582776654033514,False,True
HTEM,SOURCE_THERM__L1.00__K100,source-adjusted excess gain vs composition,0.0187149626928254,0.0786646982439135,-0.256771700946521,0.33543639919043455,False,True
HTEM,SOURCE_THERM__L1.00__K125,source-adjusted excess gain vs composition,0.0133746969406967,0.113680015864433,-0.2637275571117674,0.37740757297620037,False,True
HTEM,SOURCE_THERM__L1.00__K150,source-adjusted excess gain vs composition,-0.0003764091400343,0.0650185821437788,-0.2640982876890171,0.3291168698327959,False,True
HTEM,SOURCE_THERM__L1.00__K200,source-adjusted excess gain vs composition,0.0259099655065997,0.1244955307549588,-0.0624991296292578,0.18699466038421658,False,True
HTEM,SOURCE_THERM__L1.00__K250,source-adjusted excess gain vs composition,0.0313351326602054,0.1159702185756593,-0.0346371992423751,0.15060741781803438,False,True
HTEM,SOURCE_THERM__L1.00__K300,source-adjusted excess gain vs composition,0.0372069116917336,0.085798626470427,0.0136137060060606,0.0721849204643664,True,False
HTEM,SOURCE_THERM__L1.00__K400,source-adjusted excess gain vs composition,0.0288941998975176,0.0472494692146966,0.0658503266844004,0.0369561267868828,True,False
HTEM,SUBSTR55__L0.10__K25,source-adjusted excess gain vs composition,0.020404789091937,0.0128400417381708,-0.0036925530015671,0.0240973420935041,False,True
HTEM,SUBSTR55__L0.10__K50,source-adjusted excess gain vs composition,0.0149660770670774,0.0355150682333548,0.0215677258045476,0.020548991166277397,True,False
HTEM,SUBSTR55__L0.10__K75,source-adjusted excess gain vs composition,-9.56135737502084e-05,0.0042332134002307,-0.0127214204359117,0.0169546338361424,False,True
HTEM,SUBSTR55__L0.10__K100,source-adjusted excess gain vs composition,0.0013427462610632,0.0008422026558961,-0.0324762498170598,0.033818996078123,False,True
HTEM,SUBSTR55__L0.10__K125,source-adjusted excess gain vs composition,-0.0012007458861584,0.0335558862584137,-0.0141035884951293,0.047659474753543,False,True
HTEM,SUBSTR55__L0.10__K150,source-adjusted excess gain vs composition,-0.0162841350966918,-0.0207436788611197,0.0056466610845389,0.026390339945658602,False,True
HTEM,SUBSTR55__L0.10__K200,source-adjusted excess gain vs composition,0.0142462294437581,0.0096218434822359,0.0225654220463358,0.012943578564099901,True,False
HTEM,SUBSTR55__L0.10__K250,source-adjusted excess gain vs composition,-0.0022784263925008,-0.015268414239686,0.0070653719562254,0.0223337861959114,False,True
HTEM,SUBSTR55__L0.10__K300,source-adjusted excess gain vs composition,-0.0119109989828793,-0.0057370830578937,-0.052931611339724,0.0471945282818303,False,False
HTEM,SUBSTR55__L0.10__K400,source-adjusted excess gain vs composition,0.0066288845109999,0.013588117652633,-0.0618685847426742,0.07545670239530719,False,True
HTEM,SUBSTR55__L0.25__K25,source-adjusted excess gain vs composition,0.0236017546660253,0.0265388026924031,-0.0085396897266664,0.035078492419069504,False,True
HTEM,SUBSTR55__L0.25__K50,source-adjusted excess gain vs composition,0.0728539965060072,0.0528168397231669,0.025843597072489,0.0470103994335182,True,False
HTEM,SUBSTR55__L0.25__K75,source-adjusted excess gain vs composition,0.042929654828968,0.0540338659510183,0.0196429238109292,0.0343909421400891,True,False
HTEM,SUBSTR55__L0.25__K100,source-adjusted excess gain vs composition,0.021969627956974,0.00554670570694,-0.0010373916115922,0.023007019568566198,False,True
HTEM,SUBSTR55__L0.25__K125,source-adjusted excess gain vs composition,-0.0003468387648938,0.0173128685510953,-0.0582562785857878,0.0755691471368831,False,True
HTEM,SUBSTR55__L0.25__K150,source-adjusted excess gain vs composition,0.0114949000770444,3.745760270812415e-05,-0.007026945383923,0.018521845460967398,False,True
HTEM,SUBSTR55__L0.25__K200,source-adjusted excess gain vs composition,0.0121802956692704,0.0091762639562297,0.0214365685158974,0.0122603045596677,True,False
HTEM,SUBSTR55__L0.25__K250,source-adjusted excess gain vs composition,0.0016891204910809,0.0245935197135994,0.0311621825733131,0.029473062082232198,True,False
HTEM,SUBSTR55__L0.25__K300,source-adjusted excess gain vs composition,0.0095479050752884,0.0545931889569429,-0.0352111530771427,0.0898043420340856,False,True
HTEM,SUBSTR55__L0.25__K400,source-adjusted excess gain vs composition,0.011846145556283,0.0310170537470356,-0.0254212307141433,0.0564382844611789,False,True
HTEM,SUBSTR55__L0.50__K25,source-adjusted excess gain vs composition,0.0214169280272681,-0.0241441934775954,0.0120054788256302,0.045561121504863494,False,True
HTEM,SUBSTR55__L0.50__K50,source-adjusted excess gain vs composition,0.073639864657607,0.049903364287286,0.045916143066539,0.027723721591067993,True,False
HTEM,SUBSTR55__L0.50__K75,source-adjusted excess gain vs composition,0.0531181930670268,-0.018775079529254,0.0276287805548228,0.0718932725962808,False,True
HTEM,SUBSTR55__L0.50__K100,source-adjusted excess gain vs composition,-0.0143101011366147,-0.0599165776010439,-0.0361492551802061,0.0456064764644292,False,False
HTEM,SUBSTR55__L0.50__K125,source-adjusted excess gain vs composition,0.014868432651811,-0.0027289530583377,-0.0676587261055203,0.0825271587573313,False,True
HTEM,SUBSTR55__L0.50__K150,source-adjusted excess gain vs composition,-0.0007431098083817,0.0124698462287458,-0.0103572402199889,0.0228270864487347,False,True
HTEM,SUBSTR55__L0.50__K200,source-adjusted excess gain vs composition,0.0082204471134323,0.0564625602624394,0.0171162996952488,0.0482421131490071,True,False
HTEM,SUBSTR55__L0.50__K250,source-adjusted excess gain vs composition,0.0255265245422199,0.0585552430641088,0.0065700593156547,0.0519851837484541,True,False
HTEM,SUBSTR55__L0.50__K300,source-adjusted excess gain vs composition,0.0446349623681116,0.0455218096718434,-0.0059080892552207,0.051429898927064094,False,True
HTEM,SUBSTR55__L0.50__K400,source-adjusted excess gain vs composition,0.0176367112109457,0.0744483405858334,-0.0318536578956814,0.1063019984815148,False,True
HTEM,SUBSTR55__L0.75__K25,source-adjusted excess gain vs composition,0.0418541631776171,0.0305171154421814,-0.0369259126136199,0.078780075791237,False,True
HTEM,SUBSTR55__L0.75__K50,source-adjusted excess gain vs composition,0.0914374996822007,0.0553410730678358,0.0398898542470592,0.0515476454351415,True,False
HTEM,SUBSTR55__L0.75__K75,source-adjusted excess gain vs composition,0.0594002169358045,0.0046296688292224,-0.0681294636588191,0.1275296805946236,False,True
HTEM,SUBSTR55__L0.75__K100,source-adjusted excess gain vs composition,0.0016386927748037,-0.0134951274922488,-0.1137740436554153,0.115412736430219,False,True
HTEM,SUBSTR55__L0.75__K125,source-adjusted excess gain vs composition,-0.0021221215495574,0.0215324176434041,-0.1195448879159368,0.1410773055593409,False,True
HTEM,SUBSTR55__L0.75__K150,source-adjusted excess gain vs composition,-0.0005712036383519,0.042685008637357,-0.0809096694921328,0.1235946781294898,False,True
HTEM,SUBSTR55__L0.75__K200,source-adjusted excess gain vs composition,0.0055666783195725,0.0492863146397307,-0.0556565006051377,0.1049428152448684,False,True
HTEM,SUBSTR55__L0.75__K250,source-adjusted excess gain vs composition,0.0164198598112071,0.064681755173133,-0.0677301917249224,0.1324119468980554,False,True
HTEM,SUBSTR55__L0.75__K300,source-adjusted excess gain vs composition,0.0210959728227186,0.0696076033868045,-0.0169080676214707,0.0865156710082752,False,True
HTEM,SUBSTR55__L0.75__K400,source-adjusted excess gain vs composition,0.0332518388777901,0.0379734573552665,-0.053584138314005,0.09155759566927149,False,True
HTEM,SUBSTR55__L1.00__K25,source-adjusted excess gain vs composition,0.0011162426348686,-0.0138259497549591,-0.0426011401979316,0.043717382832800196,False,True
HTEM,SUBSTR55__L1.00__K50,source-adjusted excess gain vs composition,0.0472637033921707,0.0559021255198213,-0.0711440511232062,0.1270461766430275,False,True
HTEM,SUBSTR55__L1.00__K75,source-adjusted excess gain vs composition,-0.0238131304159807,-0.0279616933223652,-0.193104492675475,0.1692913622594943,False,False
HTEM,SUBSTR55__L1.00__K100,source-adjusted excess gain vs composition,-0.027793427061127,-0.0395758242551744,-0.256771700946521,0.22897827388539402,False,False
HTEM,SUBSTR55__L1.00__K125,source-adjusted excess gain vs composition,0.0004326730140105,-0.0083004833593501,-0.2637275571117674,0.2641602301257779,False,True
HTEM,SUBSTR55__L1.00__K150,source-adjusted excess gain vs composition,-0.0030599428525948,0.0298278502669157,-0.2640982876890171,0.2939261379559328,False,True
HTEM,SUBSTR55__L1.00__K200,source-adjusted excess gain vs composition,0.0146980055708428,0.0337855856347381,-0.1341319584600934,0.1679175440948315,False,True
HTEM,SUBSTR55__L1.00__K250,source-adjusted excess gain vs composition,0.0341859486154619,0.0502885634304697,-0.0775251936033992,0.1278137570338689,False,True
HTEM,SUBSTR55__L1.00__K300,source-adjusted excess gain vs composition,0.0417446782852498,0.078165427521272,-0.0431376112853494,0.1213030388066214,False,True
HTEM,SUBSTR55__L1.00__K400,source-adjusted excess gain vs composition,0.0218773391040121,0.0427528267984717,-0.1481137375186198,0.1908665643170915,False,True
HTEM,SUBSTR_ONLY__L0.10__K25,source-adjusted excess gain vs composition,0.0022679788407402,0.0155370629582858,-0.0223633290012648,0.0379003919595506,False,True
HTEM,SUBSTR_ONLY__L0.10__K50,source-adjusted excess gain vs composition,0.0570064158740386,0.059938169801307,0.034138141695091,0.025800028106215997,True,False
HTEM,SUBSTR_ONLY__L0.10__K75,source-adjusted excess gain vs composition,0.0447234297255775,0.0463851027906124,0.0305981434618603,0.015786959328752098,True,False
HTEM,SUBSTR_ONLY__L0.10__K100,source-adjusted excess gain vs composition,0.0255631206661718,0.0216430156512407,-0.0363689698497315,0.0619320905159033,False,True
HTEM,SUBSTR_ONLY__L0.10__K125,source-adjusted excess gain vs composition,0.0185592681402824,0.0111427960646376,-0.0100075807325093,0.0285668488727917,False,True
HTEM,SUBSTR_ONLY__L0.10__K150,source-adjusted excess gain vs composition,0.0295354072922154,0.0242049954662903,-0.011561914569763,0.0410973218619784,False,True
HTEM,SUBSTR_ONLY__L0.10__K200,source-adjusted excess gain vs composition,-0.0020397421741742,0.0078236724743233,0.0380379261121794,0.0400776682863536,False,True
HTEM,SUBSTR_ONLY__L0.10__K250,source-adjusted excess gain vs composition,-0.002946263810712,0.0200005600092402,-0.0438166240430752,0.0638171840523154,False,True
HTEM,SUBSTR_ONLY__L0.10__K300,source-adjusted excess gain vs composition,0.0074544561813615,0.0233406115231225,-0.0385772002859488,0.0619178118090713,False,True
HTEM,SUBSTR_ONLY__L0.10__K400,source-adjusted excess gain vs composition,0.0176149788088403,0.0285499794501996,-0.0837941138119611,0.1123440932621607,False,True
HTEM,SUBSTR_ONLY__L0.25__K25,source-adjusted excess gain vs composition,0.0192254825780955,0.0011114763595762,-0.008074156630915,0.0272996392090105,False,True
HTEM,SUBSTR_ONLY__L0.25__K50,source-adjusted excess gain vs composition,0.0593864677657087,0.0433070845047267,0.0402355008059041,0.019150966959804602,True,False
HTEM,SUBSTR_ONLY__L0.25__K75,source-adjusted excess gain vs composition,0.0341672685471478,-0.0085241161142192,0.0074189082040377,0.042691384661367,False,True
HTEM,SUBSTR_ONLY__L0.25__K100,source-adjusted excess gain vs composition,0.0152535251687164,-0.0334605726330042,0.0075650503754011,0.0487140978017206,False,True
HTEM,SUBSTR_ONLY__L0.25__K125,source-adjusted excess gain vs composition,0.0027139099628521,0.0119572813764851,-0.029962450024345,0.0419197314008301,False,True
HTEM,SUBSTR_ONLY__L0.25__K150,source-adjusted excess gain vs composition,-0.0088758219406038,-0.0114205956890082,0.000661236688785,0.0120818323777932,False,True
HTEM,SUBSTR_ONLY__L0.25__K200,source-adjusted excess gain vs composition,0.0075583627122874,0.0200642403066054,0.0599411366736537,0.0523827739613663,True,False
HTEM,SUBSTR_ONLY__L0.25__K250,source-adjusted excess gain vs composition,0.0196805577419601,0.0100687708864109,0.0539471859164595,0.0438784150300486,True,False
HTEM,SUBSTR_ONLY__L0.25__K300,source-adjusted excess gain vs composition,0.033666289250423,0.0449488921850141,-0.018015777683935,0.0629646698689491,False,True
HTEM,SUBSTR_ONLY__L0.25__K400,source-adjusted excess gain vs composition,0.0286879238906994,0.0246652440182528,-0.0579025809585128,0.0865905048492122,False,True
HTEM,SUBSTR_ONLY__L0.50__K25,source-adjusted excess gain vs composition,0.0011114763595762,-0.0321275910555169,-0.0558244558749426,0.0569359322345188,False,True
HTEM,SUBSTR_ONLY__L0.50__K50,source-adjusted excess gain vs composition,0.0433070845047267,0.0263395329301021,-0.0273132997123944,0.07062038421712111,False,True
HTEM,SUBSTR_ONLY__L0.50__K75,source-adjusted excess gain vs composition,-0.0085241161142192,-0.0571556204959832,-0.0509228935215117,0.048631504381764,False,False
HTEM,SUBSTR_ONLY__L0.50__K100,source-adjusted excess gain vs composition,-0.0334605726330042,-0.0900536931917841,-0.0549933572494958,0.05659312055877991,False,False
HTEM,SUBSTR_ONLY__L0.50__K125,source-adjusted excess gain vs composition,0.0119572813764851,-0.0404682689563054,-0.0519571457309988,0.0639144271074839,False,True
HTEM,SUBSTR_ONLY__L0.50__K150,source-adjusted excess gain vs composition,-0.0114205956890082,-0.0125521651771725,-0.0544363829673765,0.0430157872783683,False,False
HTEM,SUBSTR_ONLY__L0.50__K200,source-adjusted excess gain vs composition,0.0200642403066054,0.0167180344462172,-0.057310668088879,0.0773749083954844,False,True
HTEM,SUBSTR_ONLY__L0.50__K250,source-adjusted excess gain vs composition,0.0100687708864109,0.0064273285582579,-0.0454602248754746,0.055528995761885504,False,True
HTEM,SUBSTR_ONLY__L0.50__K300,source-adjusted excess gain vs composition,0.0449488921850141,0.0423750123617423,-0.0687085124587578,0.11365740464377189,False,True
HTEM,SUBSTR_ONLY__L0.50__K400,source-adjusted excess gain vs composition,0.0246652440182528,0.0244497176515959,-0.0727617183652717,0.09742696238352451,False,True
HTEM,SUBSTR_ONLY__L0.75__K25,source-adjusted excess gain vs composition,0.0355591086635821,-0.0200717247984742,-0.1215601878542315,0.1571192965178136,False,True
HTEM,SUBSTR_ONLY__L0.75__K50,source-adjusted excess gain vs composition,0.087058022029353,0.0314077807167356,-0.0186508910640994,0.1057089130934524,False,True
HTEM,SUBSTR_ONLY__L0.75__K75,source-adjusted excess gain vs composition,-0.0278730028834884,-0.0755205942876328,-0.0104135733416759,0.0651070209459569,False,False
HTEM,SUBSTR_ONLY__L0.75__K100,source-adjusted excess gain vs composition,-0.0562792527168509,-0.0849920626966027,-0.0713205242709336,0.0287128099797518,False,False
HTEM,SUBSTR_ONLY__L0.75__K125,source-adjusted excess gain vs composition,-0.0399919844606464,-0.0614115649139105,-0.0559215431353874,0.0214195804532641,False,False
HTEM,SUBSTR_ONLY__L0.75__K150,source-adjusted excess gain vs composition,-0.0117743832908144,-0.0381166215132984,-0.0312509871785214,0.026342238222484,False,False
HTEM,SUBSTR_ONLY__L0.75__K200,source-adjusted excess gain vs composition,0.0172952922100327,0.0344310207938571,-0.0781621805923997,0.1125932013862568,False,True
HTEM,SUBSTR_ONLY__L0.75__K250,source-adjusted excess gain vs composition,0.0100687708864109,0.0049882148554436,-0.0897884744784003,0.09985724536481119,False,True
HTEM,SUBSTR_ONLY__L0.75__K300,source-adjusted excess gain vs composition,0.0448777675382874,0.0439698654259693,-0.1201254686381438,0.1650032361764312,False,True
HTEM,SUBSTR_ONLY__L0.75__K400,source-adjusted excess gain vs composition,0.024239572351131,0.0284033215573388,-0.1264265524620816,0.1548298740194204,False,True
HTEM,SUBSTR_ONLY__L1.00__K25,source-adjusted excess gain vs composition,-0.0321275910555169,0.0234058526422918,0.0518231875818125,0.0839507786373294,False,True
HTEM,SUBSTR_ONLY__L1.00__K50,source-adjusted excess gain vs composition,0.0263395329301021,0.0098064744065677,0.0446720095997323,0.0348655351931646,True,False
HTEM,SUBSTR_ONLY__L1.00__K75,source-adjusted excess gain vs composition,-0.0571556204959832,-0.0832270144612062,-0.1368221356394761,0.07966651514349289,False,False
HTEM,SUBSTR_ONLY__L1.00__K100,source-adjusted excess gain vs composition,-0.0900536931917841,-0.1166259126407427,-0.24081114647449,0.1507574532827059,False,False
HTEM,SUBSTR_ONLY__L1.00__K125,source-adjusted excess gain vs composition,-0.0404682689563054,-0.0580681745863087,-0.2377394869587733,0.1972712180024679,False,False
HTEM,SUBSTR_ONLY__L1.00__K150,source-adjusted excess gain vs composition,-0.0125521651771725,-0.0400952290909428,-0.2437878541882951,0.2312356890111226,False,False
HTEM,SUBSTR_ONLY__L1.00__K200,source-adjusted excess gain vs composition,0.0167180344462172,0.0128054747913887,-0.2313100434732288,0.248028077919446,False,True
HTEM,SUBSTR_ONLY__L1.00__K250,source-adjusted excess gain vs composition,0.0064273285582579,0.004541527280889,-0.2451651047630158,0.25159243332127373,False,True
HTEM,SUBSTR_ONLY__L1.00__K300,source-adjusted excess gain vs composition,0.0423750123617423,0.0443211838066492,-0.2277743503583441,0.27209553416499327,False,True
HTEM,SUBSTR_ONLY__L1.00__K400,source-adjusted excess gain vs composition,0.0244497176515959,0.029608985635865,-0.2134428643098307,0.2430518499456957,False,True
HTEM,THERM55__L0.10__K25,source-adjusted excess gain vs composition,0.0198642252612758,0.007654617263807,0.0124683488940644,0.0122096079974688,True,False
HTEM,THERM55__L0.10__K50,source-adjusted excess gain vs composition,0.0150083622419621,0.0121338232947024,0.0124024911625412,0.0028745389472597006,True,False
HTEM,THERM55__L0.10__K75,source-adjusted excess gain vs composition,7.280149085325816e-05,0.0002965912142828,0.0124716070886429,0.012398805597789641,True,False
HTEM,THERM55__L0.10__K100,source-adjusted excess gain vs composition,-0.006667329717049,0.0224962406973433,0.002226746244441,0.029163570414392298,False,True
HTEM,THERM55__L0.10__K125,source-adjusted excess gain vs composition,0.0049640139735018,0.0151796644172841,0.0007308728303095,0.0144487915869746,True,False
HTEM,THERM55__L0.10__K150,source-adjusted excess gain vs composition,-0.016068292993246,-0.0215919514240425,0.0227866690575485,0.044378620481591,False,True
HTEM,THERM55__L0.10__K200,source-adjusted excess gain vs composition,0.0112782757398297,0.0028072998509564,0.0273099663129013,0.0245026664619449,True,False
HTEM,THERM55__L0.10__K250,source-adjusted excess gain vs composition,0.0025900090399592,0.0077065849418838,0.0252933015783012,0.022703292538342,True,False
HTEM,THERM55__L0.10__K300,source-adjusted excess gain vs composition,-0.0144743836836302,0.0090202694420944,0.0033038045173328,0.0234946531257246,False,True
HTEM,THERM55__L0.10__K400,source-adjusted excess gain vs composition,-0.0003003559768002,0.0077078790521428,-0.0062392113649746,0.013947090417117398,False,True
HTEM,THERM55__L0.25__K25,source-adjusted excess gain vs composition,0.0145460701613804,0.0130766295850854,0.0071469188566747,0.0073991513047056996,True,False
HTEM,THERM55__L0.25__K50,source-adjusted excess gain vs composition,0.0469420743859903,0.0995992415322825,0.0952671247933721,0.0526571671462922,True,False
HTEM,THERM55__L0.25__K75,source-adjusted excess gain vs composition,0.0490568890330112,0.0641334496630261,0.0515877283386084,0.015076560630014904,True,False
HTEM,THERM55__L0.25__K100,source-adjusted excess gain vs composition,-0.007897238321114,0.0125502870867232,0.0118681744001341,0.020447525407837203,False,True
HTEM,THERM55__L0.25__K125,source-adjusted excess gain vs composition,-0.003706528913685,0.0053680465775866,-0.0492131957372068,0.054581242314793395,False,True
HTEM,THERM55__L0.25__K150,source-adjusted excess gain vs composition,-0.0347814463278969,0.0210162133433106,-0.0292090973048582,0.0557976596712075,False,True
HTEM,THERM55__L0.25__K200,source-adjusted excess gain vs composition,0.0079149410798209,0.0108143663969749,0.035484936023903,0.027569994944082098,True,False
HTEM,THERM55__L0.25__K250,source-adjusted excess gain vs composition,-0.0100051642930034,0.0178774409284908,-0.0020146395724233,0.0278826052214942,False,True
HTEM,THERM55__L0.25__K300,source-adjusted excess gain vs composition,-0.0020889380845078,0.0300892195028241,0.0196485821106052,0.0321781575873319,False,True
HTEM,THERM55__L0.25__K400,source-adjusted excess gain vs composition,0.0125361773803095,0.0273194537160842,0.0444166699031735,0.031880492522864,True,False
HTEM,THERM55__L0.50__K25,source-adjusted excess gain vs composition,0.0113813026087934,0.0598544291396506,0.0179749045263422,0.0484731265308572,True,False
HTEM,THERM55__L0.50__K50,source-adjusted excess gain vs composition,0.0964532111220759,0.1222863626373763,0.0374446878946352,0.0848416747427411,True,False
HTEM,THERM55__L0.50__K75,source-adjusted excess gain vs composition,0.0671461266113264,0.0452409907034562,0.0088216543032694,0.058324472308057006,True,False
HTEM,THERM55__L0.50__K100,source-adjusted excess gain vs composition,0.0181654331535897,0.0165873666672586,-0.0178733028222363,0.036038735975826006,False,True
HTEM,THERM55__L0.50__K125,source-adjusted excess gain vs composition,0.0046243227068243,0.0240523060825758,0.0033482594117926,0.0207040466707832,True,False
HTEM,THERM55__L0.50__K150,source-adjusted excess gain vs composition,-0.0394892700156226,0.0437522371234599,0.0223915180240573,0.0832415071390825,False,True
HTEM,THERM55__L0.50__K200,source-adjusted excess gain vs composition,0.0135107332181748,0.0381130122011018,0.0224291314833662,0.024602278982926995,True,False
HTEM,THERM55__L0.50__K250,source-adjusted excess gain vs composition,0.0176678664893,0.0535527148969424,0.0219964550469541,0.035884848407642396,True,False
HTEM,THERM55__L0.50__K300,source-adjusted excess gain vs composition,0.0313742836761391,0.0450995825763583,0.0375981177073211,0.013725298900219202,True,False
HTEM,THERM55__L0.50__K400,source-adjusted excess gain vs composition,0.023030841173438,0.0377298330175177,0.0874743900860098,0.0644435489125718,True,False
HTEM,THERM55__L0.75__K25,source-adjusted excess gain vs composition,0.0399792603730499,0.038268142623166,-0.0245752167748464,0.0645544771478963,False,True
HTEM,THERM55__L0.75__K50,source-adjusted excess gain vs composition,0.1202804897927826,0.1249382161905674,0.0498477049143658,0.0750905112762016,True,False
HTEM,THERM55__L0.75__K75,source-adjusted excess gain vs composition,0.058753441176229,0.0944277432187487,-0.0396263710128702,0.1340541142316189,False,True
HTEM,THERM55__L0.75__K100,source-adjusted excess gain vs composition,0.0089328157373007,0.0464858114248309,-0.1097742810727331,0.156260092497564,False,True
HTEM,THERM55__L0.75__K125,source-adjusted excess gain vs composition,0.0210649622392156,0.0273380748152047,-0.1120902818330037,0.1394283566482084,False,True
HTEM,THERM55__L0.75__K150,source-adjusted excess gain vs composition,0.0268887952489395,0.0546126420284673,-0.1129636530861413,0.1675762951146086,False,True
HTEM,THERM55__L0.75__K200,source-adjusted excess gain vs composition,0.0411512209533221,0.0967999150044661,-0.1031182202922127,0.1999181352966788,False,True
HTEM,THERM55__L0.75__K250,source-adjusted excess gain vs composition,0.0458360065542202,0.0856824984686464,-0.006127968160951,0.0918104666295974,False,True
HTEM,THERM55__L0.75__K300,source-adjusted excess gain vs composition,0.0394331467377917,0.0572705721500694,0.0589398286110175,0.019506681873225802,True,False
HTEM,THERM55__L0.75__K400,source-adjusted excess gain vs composition,0.024071923392143,-0.004573849156269,0.0377308390047074,0.042304688160976406,False,True
HTEM,THERM55__L1.00__K25,source-adjusted excess gain vs composition,0.066437789652398,0.0400358629413055,-0.0426011401979316,0.10903892985032959,False,True
HTEM,THERM55__L1.00__K50,source-adjusted excess gain vs composition,0.1291824269354402,0.1377317470963035,-0.0711440511232062,0.2088757982195097,False,True
HTEM,THERM55__L1.00__K75,source-adjusted excess gain vs composition,0.088700226900019,0.1167112446233173,-0.193104492675475,0.3098157372987923,False,True
HTEM,THERM55__L1.00__K100,source-adjusted excess gain vs composition,0.0418539171936448,0.0561595529320167,-0.256771700946521,0.3129312538785377,False,True
HTEM,THERM55__L1.00__K125,source-adjusted excess gain vs composition,0.0408091684808046,0.0362392535247007,-0.2637275571117674,0.30453672559257194,False,True
HTEM,THERM55__L1.00__K150,source-adjusted excess gain vs composition,0.0479266356736739,0.0850120855576641,-0.2640982876890171,0.3491103732466812,False,True
HTEM,THERM55__L1.00__K200,source-adjusted excess gain vs composition,0.0766403915077633,0.1173355173094772,-0.0757802292324046,0.1931157465418818,False,True
HTEM,THERM55__L1.00__K250,source-adjusted excess gain vs composition,0.0488267376702523,0.1156948094417602,-0.0319839948686492,0.1476788043104094,False,True
HTEM,THERM55__L1.00__K300,source-adjusted excess gain vs composition,0.025273302436707,0.0780642583317025,0.0192705826407654,0.058793675690937096,True,False
HTEM,THERM55__L1.00__K400,source-adjusted excess gain vs composition,0.0304975188435249,0.0231013491869326,0.0525679944230788,0.0294666452361462,True,False
HTEM,THERM_ONLY__L0.10__K25,source-adjusted excess gain vs composition,0.0035513048447538,0.0022809215672658,-0.0212765509049936,0.0248278557497474,False,True
HTEM,THERM_ONLY__L0.10__K50,source-adjusted excess gain vs composition,0.0089886910656509,0.0081124004649611,0.035902227401812,0.027789826936850903,True,False
HTEM,THERM_ONLY__L0.10__K75,source-adjusted excess gain vs composition,0.0107844795378871,0.0190683977215052,0.0277407574632256,0.0169562779253385,True,False
HTEM,THERM_ONLY__L0.10__K100,source-adjusted excess gain vs composition,-0.019763019689273,0.0005836258174105,-0.0313586564624896,0.0319422822799001,False,True
HTEM,THERM_ONLY__L0.10__K125,source-adjusted excess gain vs composition,-0.0202439580517523,-0.0024721650944863,-0.0481821333922187,0.0457099682977324,False,False
HTEM,THERM_ONLY__L0.10__K150,source-adjusted excess gain vs composition,-0.0154375285154909,0.0121894546090384,-0.0003523928017456,0.0276269831245293,False,True
HTEM,THERM_ONLY__L0.10__K200,source-adjusted excess gain vs composition,0.0128966338087698,0.004316521173065,0.0376974471319153,0.0333809259588503,True,False
HTEM,THERM_ONLY__L0.10__K250,source-adjusted excess gain vs composition,0.0050705711898864,0.0091777403623807,0.0158044695912055,0.010733898401319098,True,False
HTEM,THERM_ONLY__L0.10__K300,source-adjusted excess gain vs composition,0.0060474636426153,-0.0053436686673485,-0.0078741195990856,0.0139215832417009,False,True
HTEM,THERM_ONLY__L0.10__K400,source-adjusted excess gain vs composition,0.0047949546130668,0.0077454206511866,-0.0049685193488872,0.012713940000073799,False,True
HTEM,THERM_ONLY__L0.25__K25,source-adjusted excess gain vs composition,0.0023055736424973,0.0248124826521909,-0.0174650727208093,0.042277555373000195,False,True
HTEM,THERM_ONLY__L0.25__K50,source-adjusted excess gain vs composition,0.059284955767102,0.0989715122736742,0.0571969298792367,0.04177458239443751,True,False
HTEM,THERM_ONLY__L0.25__K75,source-adjusted excess gain vs composition,0.0533245672672786,0.0540316556768162,0.0325748700795896,0.0214567855972266,True,False
HTEM,THERM_ONLY__L0.25__K100,source-adjusted excess gain vs composition,0.0102883131598095,0.0120941445702706,-0.0247165477521974,0.036810692322468,False,True
HTEM,THERM_ONLY__L0.25__K125,source-adjusted excess gain vs composition,-0.0030266161095527,0.0001417701765357,-0.0347654326952217,0.0349072028717574,False,True
HTEM,THERM_ONLY__L0.25__K150,source-adjusted excess gain vs composition,-0.0167470508801201,0.0150396700993977,0.0031269513900037,0.031786720979517805,False,True
HTEM,THERM_ONLY__L0.25__K200,source-adjusted excess gain vs composition,0.0093452836164618,0.0157119220735691,0.0610756431017413,0.0517303594852795,True,False
HTEM,THERM_ONLY__L0.25__K250,source-adjusted excess gain vs composition,0.0121694695965796,0.0269101893039367,0.0630628252461666,0.050893355649587003,True,False
HTEM,THERM_ONLY__L0.25__K300,source-adjusted excess gain vs composition,0.0242480599774672,0.0435077149200732,0.0546990142302052,0.030450954252738,True,False
HTEM,THERM_ONLY__L0.25__K400,source-adjusted excess gain vs composition,0.01464998075386,0.0118708887728916,0.0507776062142974,0.0389067174414058,True,False
HTEM,THERM_ONLY__L0.50__K25,source-adjusted excess gain vs composition,0.0502987020888878,0.0491535282973246,0.0017484746848107,0.0485502274040771,True,False
HTEM,THERM_ONLY__L0.50__K50,source-adjusted excess gain vs composition,0.1236867178938605,0.1294765841034471,0.0807926557389005,0.04868392836454659,True,False
HTEM,THERM_ONLY__L0.50__K75,source-adjusted excess gain vs composition,0.0489471128643468,0.0797968551928158,-0.0080474077664512,0.087844262959267,False,True
HTEM,THERM_ONLY__L0.50__K100,source-adjusted excess gain vs composition,0.0126138939104798,0.0310326093333641,-0.0346166982059015,0.0656493075392656,False,True
HTEM,THERM_ONLY__L0.50__K125,source-adjusted excess gain vs composition,-0.004424604293011,0.0196074483656943,-0.0184205922738248,0.0380280406395191,False,True
HTEM,THERM_ONLY__L0.50__K150,source-adjusted excess gain vs composition,-0.0249146164996894,0.0565753376708499,0.0042550501988325,0.08148995417053931,False,True
HTEM,THERM_ONLY__L0.50__K200,source-adjusted excess gain vs composition,0.0216156853278087,0.0909404496606511,0.0476305728892043,0.0693247643328424,True,False
HTEM,THERM_ONLY__L0.50__K250,source-adjusted excess gain vs composition,0.0251596203275683,0.0620862220042278,0.0197938672449022,0.04229235475932561,True,False
HTEM,THERM_ONLY__L0.50__K300,source-adjusted excess gain vs composition,0.0313994181400933,0.033854169941379,0.0772417641030686,0.045842345962975296,True,False
HTEM,THERM_ONLY__L0.50__K400,source-adjusted excess gain vs composition,0.0024577709360661,0.0528050886207207,0.0978430177191443,0.0953852467830782,True,False
HTEM,THERM_ONLY__L0.75__K25,source-adjusted excess gain vs composition,0.0515911055335311,0.0510856668207457,-0.0401681105110441,0.09175921604457521,False,True
HTEM,THERM_ONLY__L0.75__K50,source-adjusted excess gain vs composition,0.1151263870306272,0.1079658786698967,0.0046098445395695,0.1105165424910577,True,False
HTEM,THERM_ONLY__L0.75__K75,source-adjusted excess gain vs composition,0.0166784427058611,0.0783247742394918,-0.067918116523591,0.1462428907630828,False,True
HTEM,THERM_ONLY__L0.75__K100,source-adjusted excess gain vs composition,-0.0008851626575725,0.0001821540762671,-0.1231926196922613,0.12337477376852839,False,True
HTEM,THERM_ONLY__L0.75__K125,source-adjusted excess gain vs composition,-0.0091573515112812,0.0627281146040089,-0.1172982156739126,0.1800263302779215,False,True
HTEM,THERM_ONLY__L0.75__K150,source-adjusted excess gain vs composition,0.0573379623611656,0.0534660336065179,-0.1184863265430558,0.1758242889042214,False,True
HTEM,THERM_ONLY__L0.75__K200,source-adjusted excess gain vs composition,0.0883983786488214,0.0785779625535412,-0.1089900597033304,0.1973884383521518,False,True
HTEM,THERM_ONLY__L0.75__K250,source-adjusted excess gain vs composition,0.0433477356012326,0.0554968875445119,-0.000190626506806,0.0556875140513179,False,True
HTEM,THERM_ONLY__L0.75__K300,source-adjusted excess gain vs composition,0.0293517535271606,0.0590054510062714,0.0871951824017861,0.0578434288746255,True,False
HTEM,THERM_ONLY__L0.75__K400,source-adjusted excess gain vs composition,0.0492422858668991,0.0415243003459127,0.0825294389279072,0.041005138581994505,True,False
HTEM,THERM_ONLY__L1.00__K25,source-adjusted excess gain vs composition,0.0509714384962246,0.05171605110845,-0.0260688303865093,0.0777848814949593,False,True
HTEM,THERM_ONLY__L1.00__K50,source-adjusted excess gain vs composition,0.1108722792427922,0.0948736989240185,-0.0544551608072965,0.1653274400500887,False,True
HTEM,THERM_ONLY__L1.00__K75,source-adjusted excess gain vs composition,0.0382091945019755,0.0904156740751983,-0.1704409171314745,0.2608565912066728,False,True
HTEM,THERM_ONLY__L1.00__K100,source-adjusted excess gain vs composition,-0.000461535970394,0.0278163141928144,-0.2382851464689027,0.2661014606617171,False,True
HTEM,THERM_ONLY__L1.00__K125,source-adjusted excess gain vs composition,0.0316464380931353,0.0553033624198681,-0.2457918152449613,0.3010951776648294,False,True
HTEM,THERM_ONLY__L1.00__K150,source-adjusted excess gain vs composition,0.0635853405958328,0.0808267886908514,-0.2461119885243438,0.3269387772151952,False,True
HTEM,THERM_ONLY__L1.00__K200,source-adjusted excess gain vs composition,0.1005071581658095,0.0745974224274123,-0.1276413936892437,0.22814855185505323,False,True
HTEM,THERM_ONLY__L1.00__K250,source-adjusted excess gain vs composition,0.0501425963659867,0.0485541881202156,-0.0197335196251547,0.0698761159911414,False,True
HTEM,THERM_ONLY__L1.00__K300,source-adjusted excess gain vs composition,0.0376831343250507,0.0572505942997323,0.0819776884961828,0.044294554171132094,True,False
HTEM,THERM_ONLY__L1.00__K400,source-adjusted excess gain vs composition,0.023970930768913,0.0130106034529847,0.1054101586360864,0.0923995551831017,True,False
HTEM,THERM_SUBSTR__L0.10__K25,source-adjusted excess gain vs composition,0.0198642252612758,0.0134568613570237,-0.010815453995873,0.030679679257148797,False,True
HTEM,THERM_SUBSTR__L0.10__K50,source-adjusted excess gain vs composition,0.0144010238403246,0.0690168360800826,0.014835126077163,0.054615812239758005,True,False
HTEM,THERM_SUBSTR__L0.10__K75,source-adjusted excess gain vs composition,7.280149085325816e-05,0.0057804739748869,-0.0049392553195662,0.0107197292944531,False,True
HTEM,THERM_SUBSTR__L0.10__K100,source-adjusted excess gain vs composition,0.0005114381101541,0.021913495172643,-0.0152146931421387,0.0371281883147817,False,True
HTEM,THERM_SUBSTR__L0.10__K125,source-adjusted excess gain vs composition,-0.0008664368429376,0.0162204677990947,-0.0160090024694913,0.032229470268586,False,True
HTEM,THERM_SUBSTR__L0.10__K150,source-adjusted excess gain vs composition,-0.0174145959516502,-0.0198416678031664,0.0065741893998702,0.0264158572030366,False,True
HTEM,THERM_SUBSTR__L0.10__K200,source-adjusted excess gain vs composition,0.0078759547555228,0.0011744942736069,0.0184363814233288,0.0172618871497219,True,False
HTEM,THERM_SUBSTR__L0.10__K250,source-adjusted excess gain vs composition,0.0153876281592243,0.0015884556051046,0.0008260991624713,0.014561528996753,True,False
HTEM,THERM_SUBSTR__L0.10__K300,source-adjusted excess gain vs composition,-0.0033999408986483,-0.0032105974045806,-0.0045028549252423,0.0012922575206617002,False,False
HTEM,THERM_SUBSTR__L0.10__K400,source-adjusted excess gain vs composition,0.0068395480124436,0.0110706618495559,-0.0622302087929906,0.0733008706425465,False,True
HTEM,THERM_SUBSTR__L0.25__K25,source-adjusted excess gain vs composition,0.0222757983641697,0.022793722476436,0.0151173132684631,0.007676409207972901,True,False
HTEM,THERM_SUBSTR__L0.25__K50,source-adjusted excess gain vs composition,0.0719288573199767,0.1063136163868189,0.0781243283062466,0.0343847590668422,True,False
HTEM,THERM_SUBSTR__L0.25__K75,source-adjusted excess gain vs composition,0.0571676032464745,0.0455954443402853,0.0542752389234088,0.011572158906189199,True,False
HTEM,THERM_SUBSTR__L0.25__K100,source-adjusted excess gain vs composition,-0.0034028819460258,0.0382597520341522,-0.0089695605651769,0.0472293125993291,False,True
HTEM,THERM_SUBSTR__L0.25__K125,source-adjusted excess gain vs composition,0.003419378655452,0.0034296411878003,-0.0276749112959215,0.0311045524837218,False,True
HTEM,THERM_SUBSTR__L0.25__K150,source-adjusted excess gain vs composition,-0.0270600369873011,0.0020206110325153,-0.0144051591525669,0.029080648019816403,False,True
HTEM,THERM_SUBSTR__L0.25__K200,source-adjusted excess gain vs composition,0.0053304746686973,-0.0004104532351399,0.0293970769026531,0.029807530137792998,False,True
HTEM,THERM_SUBSTR__L0.25__K250,source-adjusted excess gain vs composition,0.0026199995567897,-0.0078869707244494,0.011249620081814,0.019136590806263398,False,True
HTEM,THERM_SUBSTR__L0.25__K300,source-adjusted excess gain vs composition,-0.0024939935321787,0.029252920551718,0.0214852341398725,0.031746914083896696,False,True
HTEM,THERM_SUBSTR__L0.25__K400,source-adjusted excess gain vs composition,0.0001656378361964,0.0126009676838825,0.0479268239972692,0.0477611861610728,True,False
HTEM,THERM_SUBSTR__L0.50__K25,source-adjusted excess gain vs composition,0.019786496573047,0.0720100856520535,0.0122935463433895,0.059716539308663996,True,False
HTEM,THERM_SUBSTR__L0.50__K50,source-adjusted excess gain vs composition,0.0702637033908012,0.1372325700280895,0.0531128153192739,0.08411975470881561,True,False
HTEM,THERM_SUBSTR__L0.50__K75,source-adjusted excess gain vs composition,0.0446261164926937,0.0668850788840613,-0.0121580872141813,0.07904316609824259,False,True
HTEM,THERM_SUBSTR__L0.50__K100,source-adjusted excess gain vs composition,-0.0061233863729325,-0.0141364706803217,-0.0601401390411753,0.0540167526682428,False,False
HTEM,THERM_SUBSTR__L0.50__K125,source-adjusted excess gain vs composition,-0.0042873740042646,0.0283317887264017,-0.0153937592771303,0.043725548003532,False,True
HTEM,THERM_SUBSTR__L0.50__K150,source-adjusted excess gain vs composition,-0.0104972769901544,0.0379853100635325,-0.0224959516159199,0.0604812616794524,False,True
HTEM,THERM_SUBSTR__L0.50__K200,source-adjusted excess gain vs composition,0.010332365453641,0.0836028578171452,0.0110163836891153,0.0732704923635042,True,False
HTEM,THERM_SUBSTR__L0.50__K250,source-adjusted excess gain vs composition,0.0108080823149475,0.0616950660178265,0.0274408385323912,0.050886983702878995,True,False
HTEM,THERM_SUBSTR__L0.50__K300,source-adjusted excess gain vs composition,0.0192272755498965,0.0526825286327519,0.0330873601330847,0.0334552530828554,True,False
HTEM,THERM_SUBSTR__L0.50__K400,source-adjusted excess gain vs composition,0.0196088163381935,0.0726974891528255,0.0782389123013704,0.05863009596317689,True,False
HTEM,THERM_SUBSTR__L0.75__K25,source-adjusted excess gain vs composition,0.067060948268752,-0.0033873928571568,-0.0118628217553124,0.07892377002406441,False,True
HTEM,THERM_SUBSTR__L0.75__K50,source-adjusted excess gain vs composition,0.1005476326537604,0.0699042030813138,0.0677647290584179,0.0327829035953425,True,False
HTEM,THERM_SUBSTR__L0.75__K75,source-adjusted excess gain vs composition,0.047081726809096,0.0109522931379271,-0.0710908467367227,0.1181725735458187,False,True
HTEM,THERM_SUBSTR__L0.75__K100,source-adjusted excess gain vs composition,-0.0537579709613041,0.0209034471405473,-0.106353829569841,0.1272572767103883,False,True
HTEM,THERM_SUBSTR__L0.75__K125,source-adjusted excess gain vs composition,0.0012160626024336,0.0161637252319165,-0.0907395890714583,0.1069033143033748,False,True
HTEM,THERM_SUBSTR__L0.75__K150,source-adjusted excess gain vs composition,-0.0023527343856624,0.0328796106478879,-0.0901562260825493,0.1230358367304372,False,True
HTEM,THERM_SUBSTR__L0.75__K200,source-adjusted excess gain vs composition,0.0138488999829088,0.0520300100908835,-0.0790029634387103,0.1310329735295938,False,True
HTEM,THERM_SUBSTR__L0.75__K250,source-adjusted excess gain vs composition,0.0354818654396338,0.0736533504522066,-0.0320922904091779,0.1057456408613845,False,True
HTEM,THERM_SUBSTR__L0.75__K300,source-adjusted excess gain vs composition,0.0372643654936896,0.0895408421062639,0.0375843879249756,0.0522764766125743,True,False
HTEM,THERM_SUBSTR__L0.75__K400,source-adjusted excess gain vs composition,0.0594010275926967,0.0374803027422839,0.0507543148338794,0.0219207248504128,True,False
HTEM,THERM_SUBSTR__L1.00__K25,source-adjusted excess gain vs composition,0.0661148728664817,0.0552384148924446,-0.0426011401979316,0.1087160130644133,False,True
HTEM,THERM_SUBSTR__L1.00__K50,source-adjusted excess gain vs composition,0.1091232329888237,0.1147812496889122,-0.0711440511232062,0.1859253008121184,False,True
HTEM,THERM_SUBSTR__L1.00__K75,source-adjusted excess gain vs composition,0.088195413792241,0.0321745628492357,-0.193104492675475,0.28129990646771597,False,True
HTEM,THERM_SUBSTR__L1.00__K100,source-adjusted excess gain vs composition,-0.0116640863358855,0.010487044373859,-0.256771700946521,0.26725874532038,False,True
HTEM,THERM_SUBSTR__L1.00__K125,source-adjusted excess gain vs composition,0.034552041668644,-0.0094714040255359,-0.2637275571117674,0.2982795987804114,False,True
HTEM,THERM_SUBSTR__L1.00__K150,source-adjusted excess gain vs composition,0.0167485405726209,0.0163627077668245,-0.2640982876890171,0.280846828261638,False,True
HTEM,THERM_SUBSTR__L1.00__K200,source-adjusted excess gain vs composition,0.080967405599978,0.0754186495997236,-0.1193635411614766,0.2003309467614546,False,True
HTEM,THERM_SUBSTR__L1.00__K250,source-adjusted excess gain vs composition,0.0570441665061098,0.0735429350461631,-0.076551879222746,0.1500948142689091,False,True
HTEM,THERM_SUBSTR__L1.00__K300,source-adjusted excess gain vs composition,0.0448401153150992,0.1067862858438919,-0.0508565274304138,0.15764281327430568,False,True
HTEM,THERM_SUBSTR__L1.00__K400,source-adjusted excess gain vs composition,0.0684270075846439,0.0328726782727763,-0.0384936339256813,0.10692064151032521,False,True
NanoMine,full_strict__equal__L0.25__K8,paper ARI gain vs material-only,-0.0006877522012151002,0.0007462137877569,0.0008008262129103,0.0014885784141254002,False,True
NanoMine,full_strict__equal__L0.25__K12,paper ARI gain vs material-only,0.0316833447071862,0.0366752417211039,0.0009976595110349998,0.035677582210068906,True,False
NanoMine,full_strict__equal__L0.25__K20,paper ARI gain vs material-only,0.009694067811032395,0.025113406166790295,0.0046142813761195,0.020499124790670793,True,False
NanoMine,full_strict__equal__L0.25__K30,paper ARI gain vs material-only,0.0288119254764862,0.013665167754592408,0.004035216434297,0.0247767090421892,True,False
NanoMine,full_strict__equal__L0.25__K50,paper ARI gain vs material-only,-0.0005151188373549997,0.009506374698341896,0.0832427666997074,0.0837578855370624,False,True
NanoMine,full_strict__equal__L0.25__K80,paper ARI gain vs material-only,0.2192583116747738,0.10386847709544861,0.08589667147494501,0.1333616401998288,True,False
NanoMine,full_strict__equal__L0.50__K8,paper ARI gain vs material-only,0.0567790813026458,0.0163608153042013,0.0223078144319254,0.0404182659984445,True,False
NanoMine,full_strict__equal__L0.50__K12,paper ARI gain vs material-only,0.04716465172642059,0.0590727114219222,0.0239779527493078,0.0350947586726144,True,False
NanoMine,full_strict__equal__L0.50__K20,paper ARI gain vs material-only,0.044173888901081496,0.04557142837941559,0.093117214762624,0.0489433258615425,True,False
NanoMine,full_strict__equal__L0.50__K30,paper ARI gain vs material-only,0.12597521882535223,0.03317972105031751,0.1597943962837465,0.126614675233429,True,False
NanoMine,full_strict__equal__L0.50__K50,paper ARI gain vs material-only,0.1615417285462898,0.06576067416325279,0.2108410815126215,0.1450804073493687,True,False
NanoMine,full_strict__equal__L0.50__K80,paper ARI gain vs material-only,0.38564778004854317,0.2867454155151543,0.30554837004058955,0.09890236453338885,True,False
NanoMine,full_strict__equal__L0.75__K8,paper ARI gain vs material-only,0.0422993675297481,0.0383525833875911,0.0406281887487801,0.003946784142156996,True,False
NanoMine,full_strict__equal__L0.75__K12,paper ARI gain vs material-only,0.038027629879696795,0.052513140289508,0.043159045388108004,0.014485510409811206,True,False
NanoMine,full_strict__equal__L0.75__K20,paper ARI gain vs material-only,0.08306549011494159,0.112814343853138,0.1820853697659415,0.09901987965099991,True,False
NanoMine,full_strict__equal__L0.75__K30,paper ARI gain vs material-only,0.1537808296153249,0.15903696417802676,0.2567679458963662,0.10298711628104129,True,False
NanoMine,full_strict__equal__L0.75__K50,paper ARI gain vs material-only,0.32161720259635324,0.2581057471421263,0.4541302844157725,0.19602453727364622,True,False
NanoMine,full_strict__equal__L0.75__K80,paper ARI gain vs material-only,0.5163397168965399,0.3948664435891459,0.5447103666471768,0.14984392305803085,True,False
NanoMine,full_strict__equal__L1.00__K8,paper ARI gain vs material-only,0.0372047329004947,0.0424798394582175,0.0368020493299486,0.0056777901282688975,True,False
NanoMine,full_strict__equal__L1.00__K12,paper ARI gain vs material-only,0.041685612622665305,0.08514461303373329,0.07004656298484879,0.04345900041106798,True,False
NanoMine,full_strict__equal__L1.00__K20,paper ARI gain vs material-only,0.0542893441616734,0.14446320276319152,0.168514757751659,0.1142254135899856,True,False
NanoMine,full_strict__equal__L1.00__K30,paper ARI gain vs material-only,0.11897387837573112,0.17164456282063678,0.3367943166794413,0.2178204383037102,True,False
NanoMine,full_strict__equal__L1.00__K50,paper ARI gain vs material-only,0.3083519609614879,0.34826310205872923,0.4704307424642,0.1620787815027121,True,False
NanoMine,full_strict__equal__L1.00__K80,paper ARI gain vs material-only,0.4114062669634163,0.42260934968126884,0.6153842626310624,0.20397799566764607,True,False
NanoMine,full_strict__method_type__L0.25__K8,paper ARI gain vs material-only,0.0184826623377722,0.0206570082059765,0.0018628413815792,0.0187941668243973,True,False
NanoMine,full_strict__method_type__L0.25__K12,paper ARI gain vs material-only,0.0296602425089526,0.0226225327332834,0.0027744806441134,0.026885761864839198,True,False
NanoMine,full_strict__method_type__L0.25__K20,paper ARI gain vs material-only,0.012476778631746108,0.030623011498761496,0.0077641285755126995,0.022858882923248797,True,False
NanoMine,full_strict__method_type__L0.25__K30,paper ARI gain vs material-only,0.03319462760924152,0.017904274949055596,0.0046753289642453,0.02851929864499622,True,False
NanoMine,full_strict__method_type__L0.25__K50,paper ARI gain vs material-only,0.09920678674924199,0.018914484735219977,0.0606013600165142,0.08029230201402202,True,False
NanoMine,full_strict__method_type__L0.25__K80,paper ARI gain vs material-only,0.26502530802812396,0.1378860256448715,0.0632301418074914,0.20179516622063257,True,False
NanoMine,full_strict__method_type__L0.50__K8,paper ARI gain vs material-only,0.0427230021639261,0.0450025122945495,0.0432759275165484,0.0022795101306233995,True,False
NanoMine,full_strict__method_type__L0.50__K12,paper ARI gain vs material-only,0.020571519529101495,0.046380612691775104,0.050088991469458805,0.02951747194035731,True,False
NanoMine,full_strict__method_type__L0.50__K20,paper ARI gain vs material-only,0.003644198643732402,0.030609115579240592,0.0602501646798165,0.056605966036084095,True,False
NanoMine,full_strict__method_type__L0.50__K30,paper ARI gain vs material-only,0.13507758518664353,0.0828516965375324,0.0840176821511211,0.05222588864911114,True,False
NanoMine,full_strict__method_type__L0.50__K50,paper ARI gain vs material-only,0.12136939228123939,0.1469267145168355,0.2484569207607564,0.12708752847951701,True,False
NanoMine,full_strict__method_type__L0.50__K80,paper ARI gain vs material-only,0.3752168507741044,0.09059920453049741,0.22201130626579083,0.28461764624360697,True,False
NanoMine,full_strict__method_type__L0.75__K8,paper ARI gain vs material-only,0.044374377165642194,0.0407391630941936,0.0428117155770569,0.0036352140714485948,True,False
NanoMine,full_strict__method_type__L0.75__K12,paper ARI gain vs material-only,0.036424128513599094,0.0452058056468152,0.046962189641769105,0.01053806112817001,True,False
NanoMine,full_strict__method_type__L0.75__K20,paper ARI gain vs material-only,0.07300669161725719,0.10179003844301261,0.1393002061259973,0.06629351450874012,True,False
NanoMine,full_strict__method_type__L0.75__K30,paper ARI gain vs material-only,0.19244762130813342,0.1753907688490457,0.2134986707655711,0.03810790191652541,True,False
NanoMine,full_strict__method_type__L0.75__K50,paper ARI gain vs material-only,0.3166313521557133,0.3357112230316499,0.4544222736745681,0.1377909215188548,True,False
NanoMine,full_strict__method_type__L0.75__K80,paper ARI gain vs material-only,0.4388313011007229,0.41301586534049606,0.5006490171736784,0.08763315183318232,True,False
NanoMine,full_strict__method_type__L1.00__K8,paper ARI gain vs material-only,0.0415615864319464,0.0405231053478056,0.042054667589327105,0.0015315622415215044,True,False
NanoMine,full_strict__method_type__L1.00__K12,paper ARI gain vs material-only,0.0166780901578158,0.0436188476294552,0.045651722865705305,0.028973632707889503,True,False
NanoMine,full_strict__method_type__L1.00__K20,paper ARI gain vs material-only,0.028475805983677008,0.1061547214498058,0.1426040630261183,0.1141282570424413,True,False
NanoMine,full_strict__method_type__L1.00__K30,paper ARI gain vs material-only,0.14844638163050589,0.15769804329234638,0.2699759758157958,0.12152959418528991,True,False
NanoMine,full_strict__method_type__L1.00__K50,paper ARI gain vs material-only,0.2793160724138597,0.3358739236802002,0.4479260831191608,0.16861001070530113,True,False
NanoMine,full_strict__method_type__L1.00__K80,paper ARI gain vs material-only,0.4229397919318978,0.4077853483186936,0.5144192697270518,0.10663392140835815,True,False
NanoMine,full_strict__no_settings__L0.25__K8,paper ARI gain vs material-only,0.0155085443266318,0.0021140925388933,0.0020537687137145997,0.013454775612917202,True,False
NanoMine,full_strict__no_settings__L0.25__K12,paper ARI gain vs material-only,0.0324678709212847,0.0475412359752249,0.0020043519317099,0.045536884043515004,True,False
NanoMine,full_strict__no_settings__L0.25__K20,paper ARI gain vs material-only,-0.004223969009470405,0.014913872232964295,0.0028720877767538996,0.0191378412424347,False,True
NanoMine,full_strict__no_settings__L0.25__K30,paper ARI gain vs material-only,0.01769590160495732,0.01364954578896281,0.006392545925369901,0.011303355679587419,True,False
NanoMine,full_strict__no_settings__L0.25__K50,paper ARI gain vs material-only,-0.00693089572425909,0.009473546194325,0.08902217271007559,0.09595306843433468,False,True
NanoMine,full_strict__no_settings__L0.25__K80,paper ARI gain vs material-only,0.29876574461664607,0.16800167248037357,0.08418119145450362,0.21458455316214245,True,False
NanoMine,full_strict__no_settings__L0.50__K8,paper ARI gain vs material-only,0.0774287966874989,0.0274391611925457,0.0378504782818722,0.049989635494953194,True,False
NanoMine,full_strict__no_settings__L0.50__K12,paper ARI gain vs material-only,0.056811585464757605,0.0848632372397366,0.0406284862908502,0.044234750948886396,True,False
NanoMine,full_strict__no_settings__L0.50__K20,paper ARI gain vs material-only,0.0595660214899086,0.1040260453896648,0.10619219749318749,0.046626176003278896,True,False
NanoMine,full_strict__no_settings__L0.50__K30,paper ARI gain vs material-only,0.12759377884436213,0.060574919918308615,0.12140165079453029,0.06701885892605351,True,False
NanoMine,full_strict__no_settings__L0.50__K50,paper ARI gain vs material-only,0.2645174474492729,0.17656384538644557,0.2594768768727761,0.08795360206282735,True,False
NanoMine,full_strict__no_settings__L0.50__K80,paper ARI gain vs material-only,0.43852537590375706,0.3464154468018019,0.2990095170832966,0.13951585882046047,True,False
NanoMine,full_strict__no_settings__L0.75__K8,paper ARI gain vs material-only,0.037412582067898895,0.0638992005417392,0.0386495911538443,0.026486618473840304,True,False
NanoMine,full_strict__no_settings__L0.75__K12,paper ARI gain vs material-only,0.042338989384797895,0.06917440611355709,0.07158592606984439,0.029246936685046493,True,False
NanoMine,full_strict__no_settings__L0.75__K20,paper ARI gain vs material-only,0.0775883114987694,0.1260373409596265,0.1680768722823758,0.09048856078360641,True,False
NanoMine,full_strict__no_settings__L0.75__K30,paper ARI gain vs material-only,0.1787135338534161,0.15504695190506707,0.2819375599021015,0.12689060799703444,True,False
NanoMine,full_strict__no_settings__L0.75__K50,paper ARI gain vs material-only,0.32734778119932345,0.33285562107681954,0.44100916059754275,0.1136613793982193,True,False
NanoMine,full_strict__no_settings__L0.75__K80,paper ARI gain vs material-only,0.5107583089064825,0.49431521224618,0.5022043784236087,0.016443096660302525,True,False
NanoMine,full_strict__no_settings__L1.00__K8,paper ARI gain vs material-only,0.0356831025542878,0.034644621470147,0.0361761837116685,0.0015315622415215044,True,False
NanoMine,full_strict__no_settings__L1.00__K12,paper ARI gain vs material-only,0.040581242058202,0.067747717423152,0.0695548747660915,0.028973632707889496,True,False
NanoMine,full_strict__no_settings__L1.00__K20,paper ARI gain vs material-only,0.06508438022401601,0.12985988342958432,0.1792126372664573,0.1141282570424413,True,False
NanoMine,full_strict__no_settings__L1.00__K30,paper ARI gain vs material-only,0.15164785231335692,0.1593252778643085,0.2724696893483333,0.1208218370349764,True,False
NanoMine,full_strict__no_settings__L1.00__K50,paper ARI gain vs material-only,0.33514805291986755,0.36879626195982895,0.49291295557292436,0.15776490265305682,True,False
NanoMine,full_strict__no_settings__L1.00__K80,paper ARI gain vs material-only,0.4315333082500443,0.41637886463684015,0.5230127860451983,0.10663392140835815,True,False
NanoMine,full_strict__sequence__L0.25__K8,paper ARI gain vs material-only,0.0247962976844368,0.0005251731426990001,0.0010904755436292,0.024271124541737802,True,False
NanoMine,full_strict__sequence__L0.25__K12,paper ARI gain vs material-only,0.0510736314340178,0.0046114908648467005,0.0021390472200613995,0.048934584213956404,True,False
NanoMine,full_strict__sequence__L0.25__K20,paper ARI gain vs material-only,0.016450736595739715,0.0309723175652747,0.0053442266856018,0.025628090879672903,True,False
NanoMine,full_strict__sequence__L0.25__K30,paper ARI gain vs material-only,0.0148820228720008,0.012246988777905712,0.0029791460454935996,0.0119028768265072,True,False
NanoMine,full_strict__sequence__L0.25__K50,paper ARI gain vs material-only,-0.008028524442429491,0.009306089951346602,0.1383298852599614,0.1463584097023909,False,True
NanoMine,full_strict__sequence__L0.25__K80,paper ARI gain vs material-only,0.27337930039419556,0.15541183816528897,0.0695506131253536,0.20382868726884196,True,False
NanoMine,full_strict__sequence__L0.50__K8,paper ARI gain vs material-only,0.07199811161371661,0.0032310633093414003,0.004611197807086,0.0687670483043752,True,False
NanoMine,full_strict__sequence__L0.50__K12,paper ARI gain vs material-only,0.0899925275435715,0.0461778249493393,0.004764723132999,0.0852278044105725,True,False
NanoMine,full_strict__sequence__L0.50__K20,paper ARI gain vs material-only,0.038535541227445694,0.0571334939725833,0.0934830434306199,0.05494750220317421,True,False
NanoMine,full_strict__sequence__L0.50__K30,paper ARI gain vs material-only,0.07243460438615021,0.03070316411582709,0.15724737489951962,0.12654421078369255,True,False
NanoMine,full_strict__sequence__L0.50__K50,paper ARI gain vs material-only,0.21230081767764303,0.11285765811475709,0.31932769771727293,0.20647003960251584,True,False
NanoMine,full_strict__sequence__L0.50__K80,paper ARI gain vs material-only,0.470162064963611,0.3387796711327816,0.2776186742713306,0.19254339069228044,True,False
NanoMine,full_strict__sequence__L0.75__K8,paper ARI gain vs material-only,0.0058124374343769,0.0292917396043063,0.050274146684630004,0.044461709250253105,True,False
NanoMine,full_strict__sequence__L0.75__K12,paper ARI gain vs material-only,0.0679080422662673,0.1288581553955064,0.1038623307766676,0.060950113129239106,True,False
NanoMine,full_strict__sequence__L0.75__K20,paper ARI gain vs material-only,0.06932518503349859,0.1206033129526337,0.1481477235299493,0.0788225384964507,True,False
NanoMine,full_strict__sequence__L0.75__K30,paper ARI gain vs material-only,0.16478348513317553,0.12257567791683889,0.2298530566121496,0.10727737869531072,True,False
NanoMine,full_strict__sequence__L0.75__K50,paper ARI gain vs material-only,0.2248199463509149,0.31297362708654497,0.4493184545486955,0.2244985081977806,True,False
NanoMine,full_strict__sequence__L0.75__K80,paper ARI gain vs material-only,0.46088833038339205,0.453068978539519,0.5532090021160034,0.10014002357648444,True,False
NanoMine,full_strict__sequence__L1.00__K8,paper ARI gain vs material-only,0.0328418431344781,0.029488197794075802,0.0254543428545565,0.007387500279921598,True,False
NanoMine,full_strict__sequence__L1.00__K12,paper ARI gain vs material-only,0.0776166874242055,0.11870599038442349,0.1108275260687681,0.041089302960218,True,False
NanoMine,full_strict__sequence__L1.00__K20,paper ARI gain vs material-only,0.0757562031514553,0.1502046020206937,0.2030421271476457,0.12728592399619038,True,False
NanoMine,full_strict__sequence__L1.00__K30,paper ARI gain vs material-only,0.1887089964725347,0.1873177913268454,0.3251103355945769,0.13779254426773152,True,False
NanoMine,full_strict__sequence__L1.00__K50,paper ARI gain vs material-only,0.22896691404358782,0.32669803532378694,0.48552099947067595,0.25655408542708813,True,False
NanoMine,full_strict__sequence__L1.00__K80,paper ARI gain vs material-only,0.44800028653484825,0.437335497229545,0.5598984478884179,0.1225629506588729,True,False
NanoMine,full_strict__settings_all__L0.25__K8,paper ARI gain vs material-only,0.0061132514522428,0.0013783967326263,-0.0001724984992045001,0.0062857499514473,False,True
NanoMine,full_strict__settings_all__L0.25__K12,paper ARI gain vs material-only,0.0228970497677716,0.0356564231530833,0.0006415273834017999,0.0350148957696815,True,False
NanoMine,full_strict__settings_all__L0.25__K20,paper ARI gain vs material-only,-0.0025002421183082935,0.031723546268617495,0.0019661990908296997,0.03422378838692579,False,True
NanoMine,full_strict__settings_all__L0.25__K30,paper ARI gain vs material-only,0.029036488216451523,0.013374885470014294,0.008209907071393099,0.020826581145058424,True,False
NanoMine,full_strict__settings_all__L0.25__K50,paper ARI gain vs material-only,-0.008283819393432285,0.0098607871680077,0.1353784007607174,0.14366222015414967,False,True
NanoMine,full_strict__settings_all__L0.25__K80,paper ARI gain vs material-only,0.1662292156925985,0.11298705937406678,0.029673021708220504,0.136556193984378,True,False
NanoMine,full_strict__settings_all__L0.50__K8,paper ARI gain vs material-only,0.0075699462649733,0.0004533164252514001,0.0031243700240252996,0.007116629839721901,True,False
NanoMine,full_strict__settings_all__L0.50__K12,paper ARI gain vs material-only,0.020321269097510898,0.019775230797999102,0.0085877582105764,0.011733510886934499,True,False
NanoMine,full_strict__settings_all__L0.50__K20,paper ARI gain vs material-only,0.025268738152672207,0.03790462113748409,0.0875025646813124,0.06223382652864019,True,False
NanoMine,full_strict__settings_all__L0.50__K30,paper ARI gain vs material-only,0.0249535469219071,0.039109679239371795,0.1385501817611125,0.1135966348392054,True,False
NanoMine,full_strict__settings_all__L0.50__K50,paper ARI gain vs material-only,0.010056725248650311,0.04335483708732468,0.2068777541302407,0.1968210288815904,True,False
NanoMine,full_strict__settings_all__L0.50__K80,paper ARI gain vs material-only,0.2933201214543204,0.215601547167025,0.3694564995432218,0.15385495237619679,True,False
NanoMine,full_strict__settings_all__L0.75__K8,paper ARI gain vs material-only,0.0330840117234743,0.019322934810116602,0.020664657886506,0.013761076913357696,True,False
NanoMine,full_strict__settings_all__L0.75__K12,paper ARI gain vs material-only,0.031658629731764,0.0403794442850885,0.0849567446588166,0.0532981149270526,True,False
NanoMine,full_strict__settings_all__L0.75__K20,paper ARI gain vs material-only,0.0312503275492307,0.09985042095649481,0.1686161129614805,0.1373657854122498,True,False
NanoMine,full_strict__settings_all__L0.75__K30,paper ARI gain vs material-only,0.06861424383374251,0.1780774991652721,0.2307231248581933,0.16210888102445078,True,False
NanoMine,full_strict__settings_all__L0.75__K50,paper ARI gain vs material-only,0.228217112217461,0.33375516175574504,0.5059820707909848,0.2777649585735238,True,False
NanoMine,full_strict__settings_all__L0.75__K80,paper ARI gain vs material-only,0.4089408082508913,0.43332499537674984,0.5478845425992641,0.13894373434837282,True,False
NanoMine,full_strict__settings_all__L1.00__K8,paper ARI gain vs material-only,0.035462086701676894,0.0203466320093953,0.0362523354495864,0.0159057034401911,True,False
NanoMine,full_strict__settings_all__L1.00__K12,paper ARI gain vs material-only,0.034885060512291094,0.0715205335043181,0.0939042812872465,0.0590192207749554,True,False
NanoMine,full_strict__settings_all__L1.00__K20,paper ARI gain vs material-only,0.035339148125878614,0.1354712259823106,0.2000031404060574,0.1646639922801788,True,False
NanoMine,full_strict__settings_all__L1.00__K30,paper ARI gain vs material-only,0.09024817660925541,0.15621594969985247,0.3208048703966833,0.2305566937874279,True,False
NanoMine,full_strict__settings_all__L1.00__K50,paper ARI gain vs material-only,0.2139482134628678,0.3592530743476492,0.5065582398204865,0.29261002635761874,True,False
NanoMine,full_strict__settings_all__L1.00__K80,paper ARI gain vs material-only,0.3983009542055653,0.4634782438038417,0.6044600771159075,0.20615912291034222,True,False
NanoMine,full_strict__settings_numeric__L0.25__K8,paper ARI gain vs material-only,-0.0006004186281805002,0.0005793030006376,0.0005702017816710001,0.0011797216288181001,False,True
NanoMine,full_strict__settings_numeric__L0.25__K12,paper ARI gain vs material-only,0.022245466867211697,0.0027575246651972,0.0007732989449366998,0.021472167922274996,True,False
NanoMine,full_strict__settings_numeric__L0.25__K20,paper ARI gain vs material-only,-0.0006502646359922981,0.031032528173969093,0.0023005606148197993,0.03168279280996139,False,True
NanoMine,full_strict__settings_numeric__L0.25__K30,paper ARI gain vs material-only,0.017924239873489012,0.012734123638274406,0.005424138165105699,0.012500101708383313,True,False
NanoMine,full_strict__settings_numeric__L0.25__K50,paper ARI gain vs material-only,-0.015394520127656103,0.008271154397035685,0.1515115744255492,0.1669060945532053,False,True
NanoMine,full_strict__settings_numeric__L0.25__K80,paper ARI gain vs material-only,0.16434378013843978,0.07808350251068158,0.06341448327503141,0.10092929686340837,True,False
NanoMine,full_strict__settings_numeric__L0.50__K8,paper ARI gain vs material-only,0.0001006545553326999,0.0161615339134878,0.0023189486654590996,0.016060879358155103,True,False
NanoMine,full_strict__settings_numeric__L0.50__K12,paper ARI gain vs material-only,0.029635041250793498,0.06221378750876381,0.006066637459318999,0.05614715004944481,True,False
NanoMine,full_strict__settings_numeric__L0.50__K20,paper ARI gain vs material-only,0.0012593317642168034,0.0534095302750494,0.086734530799225,0.08547519903500819,True,False
NanoMine,full_strict__settings_numeric__L0.50__K30,paper ARI gain vs material-only,0.034883629432227004,0.04191698396108971,0.14565369395324881,0.11077006452102181,True,False
NanoMine,full_strict__settings_numeric__L0.50__K50,paper ARI gain vs material-only,0.043497201710787,0.10167139623005439,0.2030019684979206,0.1595047667871336,True,False
NanoMine,full_strict__settings_numeric__L0.50__K80,paper ARI gain vs material-only,0.3179353924707513,0.30325610713578843,0.37632499015023246,0.07306888301444403,True,False
NanoMine,full_strict__settings_numeric__L0.75__K8,paper ARI gain vs material-only,0.0368463723277937,0.0358126607920162,0.0200244416028522,0.016821930724941498,True,False
NanoMine,full_strict__settings_numeric__L0.75__K12,paper ARI gain vs material-only,0.014760788384393299,0.10387625946899559,0.0955575667841225,0.0891154710846023,True,False
NanoMine,full_strict__settings_numeric__L0.75__K20,paper ARI gain vs material-only,0.040621354266346096,0.11179637986066569,0.1419347769641182,0.10131342269777209,True,False
NanoMine,full_strict__settings_numeric__L0.75__K30,paper ARI gain vs material-only,0.12278543377167342,0.16662018854640187,0.2340404248133221,0.11125499104164868,True,False
NanoMine,full_strict__settings_numeric__L0.75__K50,paper ARI gain vs material-only,0.20787783944695198,0.31481340555754533,0.4279422228880109,0.22006438344105894,True,False
NanoMine,full_strict__settings_numeric__L0.75__K80,paper ARI gain vs material-only,0.458933147796005,0.43575825940342394,0.5161890036671853,0.0804307442637614,True,False
NanoMine,full_strict__settings_numeric__L1.00__K8,paper ARI gain vs material-only,0.036806980640458495,0.0585363004080072,0.0030757223996234,0.0554605780083838,True,False
NanoMine,full_strict__settings_numeric__L1.00__K12,paper ARI gain vs material-only,0.045387826304742904,0.1066327803709046,0.1224647614613125,0.07707693515656959,True,False
NanoMine,full_strict__settings_numeric__L1.00__K20,paper ARI gain vs material-only,-0.0098415672476668,0.19662530116306087,0.1877616853487713,0.20646686841072767,False,True
NanoMine,full_strict__settings_numeric__L1.00__K30,paper ARI gain vs material-only,0.10759206404844801,0.23902988289138,0.30786438043821773,0.20027231638976972,True,False
NanoMine,full_strict__settings_numeric__L1.00__K50,paper ARI gain vs material-only,0.2949721104998703,0.4084576618832211,0.49716913633259086,0.20219702583272053,True,False
NanoMine,full_strict__settings_numeric__L1.00__K80,paper ARI gain vs material-only,0.38342393821109755,0.46977124220197,0.5759991532536112,0.19257521504251363,True,False
NanoMine,identity_soft__equal__L0.25__K8,paper ARI gain vs material-only,0.0010475548773360988,0.014143158199332703,0.018540740482495797,0.017493185605159698,True,False
NanoMine,identity_soft__equal__L0.25__K12,paper ARI gain vs material-only,-0.03534546687055239,0.007251774348555305,0.0480802477766237,0.0834257146471761,False,True
NanoMine,identity_soft__equal__L0.25__K20,paper ARI gain vs material-only,0.023167547430557184,-0.0008564282735238071,0.025892857805529794,0.0267492860790536,False,True
NanoMine,identity_soft__equal__L0.25__K30,paper ARI gain vs material-only,0.004947779159216209,0.004742800787742613,0.05197772534602889,0.047234924558286276,True,False
NanoMine,identity_soft__equal__L0.25__K50,paper ARI gain vs material-only,0.0958527690519381,0.0032469805457964185,0.02999606041991429,0.09260578850614168,True,False
NanoMine,identity_soft__equal__L0.25__K80,paper ARI gain vs material-only,0.10218304311927051,0.12828728010492157,0.0918767851944885,0.03641049491043308,True,False
NanoMine,identity_soft__equal__L0.50__K8,paper ARI gain vs material-only,0.022444059014959897,0.029951376120139202,0.0460384323492829,0.023594373334323,True,False
NanoMine,identity_soft__equal__L0.50__K12,paper ARI gain vs material-only,0.004762410950359702,0.038028247448591006,0.0515581853027058,0.046795774352346095,True,False
NanoMine,identity_soft__equal__L0.50__K20,paper ARI gain vs material-only,0.028345932706938998,-0.016477220813134713,0.08666617237688218,0.10314339319001689,False,True
NanoMine,identity_soft__equal__L0.50__K30,paper ARI gain vs material-only,0.03496840757079031,0.0287765558608388,0.0948348640648491,0.0660583082040103,True,False
NanoMine,identity_soft__equal__L0.50__K50,paper ARI gain vs material-only,0.19094057162528652,0.1229134835687331,0.20916521954159947,0.08625173597286637,True,False
NanoMine,identity_soft__equal__L0.50__K80,paper ARI gain vs material-only,0.21672709110230293,0.23753333412402894,0.2893877597051588,0.07266066860285586,True,False
NanoMine,identity_soft__equal__L0.75__K8,paper ARI gain vs material-only,0.033150506630915795,0.005182198856917602,0.014524552333241899,0.027968307773998193,True,False
NanoMine,identity_soft__equal__L0.75__K12,paper ARI gain vs material-only,-0.0186084352970511,0.03227582880661601,0.0135036756582494,0.05088426410366711,False,True
NanoMine,identity_soft__equal__L0.75__K20,paper ARI gain vs material-only,0.07966299636424579,0.031162708455556784,0.1454488160179151,0.11428610756235831,True,False
NanoMine,identity_soft__equal__L0.75__K30,paper ARI gain vs material-only,0.1260476167249386,0.1317916452783061,0.22587159370123716,0.09982397697629855,True,False
NanoMine,identity_soft__equal__L0.75__K50,paper ARI gain vs material-only,0.2619436357321875,0.2165710812012392,0.3359225891863764,0.11935150798513722,True,False
NanoMine,identity_soft__equal__L0.75__K80,paper ARI gain vs material-only,0.3383273651591472,0.3470551498205879,0.4867695705517727,0.14844220539262554,True,False
NanoMine,identity_soft__equal__L1.00__K8,paper ARI gain vs material-only,0.002742215566167397,0.0178364314931066,0.010527647567736696,0.015094215926939204,True,False
NanoMine,identity_soft__equal__L1.00__K12,paper ARI gain vs material-only,-0.022447758697512588,0.0409381037572553,0.0423779295580842,0.06482568825559679,False,True
NanoMine,identity_soft__equal__L1.00__K20,paper ARI gain vs material-only,0.05846322920680069,0.0804476697213982,0.11547950230780049,0.0570162731009998,True,False
NanoMine,identity_soft__equal__L1.00__K30,paper ARI gain vs material-only,0.09883248209208562,0.1618523601421692,0.2676682863712171,0.16883580427913147,True,False
NanoMine,identity_soft__equal__L1.00__K50,paper ARI gain vs material-only,0.27974267102501005,0.33746264201203663,0.3620926239047013,0.08234995287969127,True,False
NanoMine,identity_soft__equal__L1.00__K80,paper ARI gain vs material-only,0.24942496570307227,0.33077236449716935,0.5636432440830454,0.3142182783799732,True,False
NanoMine,identity_soft__method_type__L0.25__K8,paper ARI gain vs material-only,0.021574974298302595,0.0312895676468497,0.009982138196514997,0.021307429450334706,True,False
NanoMine,identity_soft__method_type__L0.25__K12,paper ARI gain vs material-only,-0.0207539009500705,0.0182781641096599,0.042628913018645506,0.063382813968716,False,True
NanoMine,identity_soft__method_type__L0.25__K20,paper ARI gain vs material-only,0.009239247309850693,0.004097282447680095,0.037043286735788904,0.03294600428810881,True,False
NanoMine,identity_soft__method_type__L0.25__K30,paper ARI gain vs material-only,-0.006773716847970679,0.00638201019247811,0.0213361235883075,0.028109840436278177,False,True
NanoMine,identity_soft__method_type__L0.25__K50,paper ARI gain vs material-only,0.11146695510259988,0.0063434467445509235,0.0185351777154458,0.10512350835804896,True,False
NanoMine,identity_soft__method_type__L0.25__K80,paper ARI gain vs material-only,0.10508718610616818,0.1404231714562142,0.11176535940390869,0.035335985350046006,True,False
NanoMine,identity_soft__method_type__L0.50__K8,paper ARI gain vs material-only,0.0090065529640087,0.05172295326106481,0.0224468309908594,0.04271640029705611,True,False
NanoMine,identity_soft__method_type__L0.50__K12,paper ARI gain vs material-only,-0.007835726436527496,0.054531172800378704,0.029013174764320998,0.0623668992369062,False,True
NanoMine,identity_soft__method_type__L0.50__K20,paper ARI gain vs material-only,0.037726163548527286,0.0032208413194812907,0.10798265233667409,0.1047618110171928,True,False
NanoMine,identity_soft__method_type__L0.50__K30,paper ARI gain vs material-only,0.0847881631571992,0.09094254021042511,0.11605210607710499,0.03126394291990579,True,False
NanoMine,identity_soft__method_type__L0.50__K50,paper ARI gain vs material-only,0.1281080843070135,0.11422979690359653,0.14256873564294428,0.028338938739347758,True,False
NanoMine,identity_soft__method_type__L0.50__K80,paper ARI gain vs material-only,0.2048712858098768,0.13677128433701569,0.2703332503908416,0.13356196605382592,True,False
NanoMine,identity_soft__method_type__L0.75__K8,paper ARI gain vs material-only,0.009490399193154996,0.0180819408620146,0.015570019388340895,0.008591541668859604,True,False
NanoMine,identity_soft__method_type__L0.75__K12,paper ARI gain vs material-only,0.0018137108296642085,0.004559223809809103,0.0179430344190646,0.01612932358940039,True,False
NanoMine,identity_soft__method_type__L0.75__K20,paper ARI gain vs material-only,0.0732686956220471,0.05090248450285949,0.0799984825583569,0.02909599805549741,True,False
NanoMine,identity_soft__method_type__L0.75__K30,paper ARI gain vs material-only,0.21079966616956722,0.1678612574796089,0.16127864397832248,0.04952102219124474,True,False
NanoMine,identity_soft__method_type__L0.75__K50,paper ARI gain vs material-only,0.2896617561159279,0.2580998329575963,0.3514089714107097,0.0933091384531134,True,False
NanoMine,identity_soft__method_type__L0.75__K80,paper ARI gain vs material-only,0.34264822291820496,0.2748111719824597,0.4509755982894541,0.17616442630699441,True,False
NanoMine,identity_soft__method_type__L1.00__K8,paper ARI gain vs material-only,0.0070990690976191,0.015879697382694704,0.0157802658271152,0.008780628285075604,True,False
NanoMine,identity_soft__method_type__L1.00__K12,paper ARI gain vs material-only,-0.04745528116236209,-0.0005876616470227997,0.017983089438940704,0.0654383706013028,False,True
NanoMine,identity_soft__method_type__L1.00__K20,paper ARI gain vs material-only,0.0326496910288043,0.04213918840801249,0.0895688075822598,0.056919116553455495,True,False
NanoMine,identity_soft__method_type__L1.00__K30,paper ARI gain vs material-only,0.12830498534686038,0.1479058406138788,0.20084994550757157,0.07254496016071119,True,False
NanoMine,identity_soft__method_type__L1.00__K50,paper ARI gain vs material-only,0.25070678247738176,0.3250734636335076,0.3395879645596621,0.08888118208228035,True,False
NanoMine,identity_soft__method_type__L1.00__K80,paper ARI gain vs material-only,0.26095849067155374,0.3159483631345941,0.4626782511790348,0.20171976050748108,True,False
NanoMine,identity_soft__no_settings__L0.25__K8,paper ARI gain vs material-only,0.0002630263149582951,0.010903996017003401,0.0240929601553924,0.023829933840434105,True,False
NanoMine,identity_soft__no_settings__L0.25__K12,paper ARI gain vs material-only,-0.01956809764180839,0.007011792656096506,0.0379545930332775,0.05752269067508589,False,True
NanoMine,identity_soft__no_settings__L0.25__K20,paper ARI gain vs material-only,0.018284835320385995,-0.0013788059979751993,0.029650402094679,0.0310292080926542,False,True
NanoMine,identity_soft__no_settings__L0.25__K30,paper ARI gain vs material-only,0.010336209720657519,0.005638005392438,0.052864352672234785,0.047226347279796785,True,False
NanoMine,identity_soft__no_settings__L0.25__K50,paper ARI gain vs material-only,0.025958268369693394,0.005580039097167699,0.01418142871589978,0.020378229272525694,True,False
NanoMine,identity_soft__no_settings__L0.25__K80,paper ARI gain vs material-only,0.1230415413743271,0.12942263570543677,0.0870360284799695,0.04238660722546728,True,False
NanoMine,identity_soft__no_settings__L0.50__K8,paper ARI gain vs material-only,0.030209369074362703,0.0285507486187449,0.024976955664670297,0.005232413409692407,True,False
NanoMine,identity_soft__no_settings__L0.50__K12,paper ARI gain vs material-only,0.03440098534674681,0.02950685708963561,0.06110162674180811,0.0315947696521725,True,False
NanoMine,identity_soft__no_settings__L0.50__K20,paper ARI gain vs material-only,0.07494565564989558,-0.026076228867230503,0.08094042005811178,0.10701664892534228,False,True
NanoMine,identity_soft__no_settings__L0.50__K30,paper ARI gain vs material-only,0.0956473879018305,0.0352499681793291,0.12891708194314028,0.09366711376381118,True,False
NanoMine,identity_soft__no_settings__L0.50__K50,paper ARI gain vs material-only,0.1963805353331374,0.1296610851210252,0.246130307866365,0.1164692227453398,True,False
NanoMine,identity_soft__no_settings__L0.50__K80,paper ARI gain vs material-only,0.28852635719502007,0.23801376547413827,0.2905045964743555,0.05249083100021723,True,False
NanoMine,identity_soft__no_settings__L0.75__K8,paper ARI gain vs material-only,0.030920232160912296,0.03896972912118091,0.04012182987852629,0.009201597717613995,True,False
NanoMine,identity_soft__no_settings__L0.75__K12,paper ARI gain vs material-only,-0.02268756823535699,0.024482937663758607,0.043878915613171296,0.06656648384852829,False,True
NanoMine,identity_soft__no_settings__L0.75__K20,paper ARI gain vs material-only,0.08268169904129538,0.0428465209275805,0.10907845910289168,0.06623193817531119,True,False
NanoMine,identity_soft__no_settings__L0.75__K30,paper ARI gain vs material-only,0.16908069078550989,0.1584657339596291,0.18094971445141828,0.02248398049178918,True,False
NanoMine,identity_soft__no_settings__L0.75__K50,paper ARI gain vs material-only,0.30132343698865716,0.323010291925034,0.3457176064116667,0.044394169423009555,True,False
NanoMine,identity_soft__no_settings__L0.75__K80,paper ARI gain vs material-only,0.3607107364687848,0.3713216397217534,0.516534890321713,0.15582415385292814,True,False
NanoMine,identity_soft__no_settings__L1.00__K8,paper ARI gain vs material-only,0.0012205852199604975,0.010001213505036102,0.009901781949456599,0.008780628285075604,True,False
NanoMine,identity_soft__no_settings__L1.00__K12,paper ARI gain vs material-only,-0.02355212926197589,0.023541208146674007,0.041886241339326905,0.0654383706013028,False,True
NanoMine,identity_soft__no_settings__L1.00__K20,paper ARI gain vs material-only,0.0692582652691433,0.065844350387791,0.1261773818225988,0.060333031434807796,True,False
NanoMine,identity_soft__no_settings__L1.00__K30,paper ARI gain vs material-only,0.13150645602971142,0.1495330751858409,0.2033436590401091,0.07183720301039767,True,False
NanoMine,identity_soft__no_settings__L1.00__K50,paper ARI gain vs material-only,0.30653876298338967,0.35799580191313635,0.38457483701342565,0.07803607403003598,True,False
NanoMine,identity_soft__no_settings__L1.00__K80,paper ARI gain vs material-only,0.2695520069897003,0.32454187945274066,0.47127176749718136,0.20171976050748108,True,False
NanoMine,identity_soft__sequence__L0.25__K8,paper ARI gain vs material-only,0.012346787753383395,0.0055170367847121,0.012997640841150498,0.007480604056438397,True,False
NanoMine,identity_soft__sequence__L0.25__K12,paper ARI gain vs material-only,-0.043094263298253194,0.011746650873335006,0.0252138823261763,0.0683081456244295,False,True
NanoMine,identity_soft__sequence__L0.25__K20,paper ARI gain vs material-only,0.0186002483847367,-0.002328161103826512,0.02948232679963509,0.0318104879034616,False,True
NanoMine,identity_soft__sequence__L0.25__K30,paper ARI gain vs material-only,0.007349370755858398,0.005660797072300189,0.05476996457481069,0.0491091675025105,True,False
NanoMine,identity_soft__sequence__L0.25__K50,paper ARI gain vs material-only,0.07781163768775698,0.005219182111299708,0.03298419758244489,0.07259245557645727,True,False
NanoMine,identity_soft__sequence__L0.25__K80,paper ARI gain vs material-only,0.12289844049959608,0.11652327086336439,0.0858008591143673,0.037097581385228784,True,False
NanoMine,identity_soft__sequence__L0.50__K8,paper ARI gain vs material-only,0.025385110628200598,0.013120234209909303,0.0087299433123182,0.0166551673158824,True,False
NanoMine,identity_soft__sequence__L0.50__K12,paper ARI gain vs material-only,0.014064780102164401,0.034040014990269506,0.04649488482644851,0.032430104724284106,True,False
NanoMine,identity_soft__sequence__L0.50__K20,paper ARI gain vs material-only,0.030122800209291395,-0.020650377395057803,0.07276192053893249,0.0934122979339903,False,True
NanoMine,identity_soft__sequence__L0.50__K30,paper ARI gain vs material-only,0.057924451488492706,0.0391851347004315,0.11247571582832629,0.07329058112789479,True,False
NanoMine,identity_soft__sequence__L0.50__K50,paper ARI gain vs material-only,0.1808954731038007,0.10152049386948953,0.23137762646350338,0.12985713259401385,True,False
NanoMine,identity_soft__sequence__L0.50__K80,paper ARI gain vs material-only,0.2403010127447266,0.2837902898074171,0.3420798218450145,0.10177880910028791,True,False
NanoMine,identity_soft__sequence__L0.75__K8,paper ARI gain vs material-only,-0.001527994801987606,0.0510554969439147,0.0201957185878326,0.05258349174590231,False,True
NanoMine,identity_soft__sequence__L0.75__K12,paper ARI gain vs material-only,0.009637792385163907,0.0593964215657339,0.092699886210631,0.08306209382546709,True,False
NanoMine,identity_soft__sequence__L0.75__K20,paper ARI gain vs material-only,0.06883345240489419,0.0728071066460763,0.11218414316095429,0.0433506907560601,True,False
NanoMine,identity_soft__sequence__L0.75__K30,paper ARI gain vs material-only,0.1259883768088583,0.1390913212590299,0.1741335381369128,0.04814516132805449,True,False
NanoMine,identity_soft__sequence__L0.75__K50,paper ARI gain vs material-only,0.2748572855699798,0.3277196953336409,0.350158375787301,0.07530109021732123,True,False
NanoMine,identity_soft__sequence__L0.75__K80,paper ARI gain vs material-only,0.3023904823165884,0.35453095494823444,0.48953206275573613,0.18714158043914775,True,False
NanoMine,identity_soft__sequence__L1.00__K8,paper ARI gain vs material-only,-0.0016206741998492022,0.004844789828964902,-0.0008200589076554007,0.0064654640288141045,False,True
NanoMine,identity_soft__sequence__L1.00__K12,paper ARI gain vs material-only,0.013483316104027601,0.07449948110794549,0.0831588926420035,0.0696755765379759,True,False
NanoMine,identity_soft__sequence__L1.00__K20,paper ARI gain vs material-only,0.0799300881965826,0.0861890689789004,0.15000687170378718,0.07007678350720459,True,False
NanoMine,identity_soft__sequence__L1.00__K30,paper ARI gain vs material-only,0.1685676001888892,0.1775255886483778,0.2559843052863527,0.08741670509746349,True,False
NanoMine,identity_soft__sequence__L1.00__K50,paper ARI gain vs material-only,0.20035762410710992,0.31589757527709433,0.37718288091117724,0.17682525680406733,True,False
NanoMine,identity_soft__sequence__L1.00__K80,paper ARI gain vs material-only,0.2860189852745042,0.3454985120454455,0.508157429340401,0.22213844406589678,True,False
NanoMine,identity_soft__settings_all__L0.25__K8,paper ARI gain vs material-only,0.009793543693862594,0.0077488120379904,0.011454600847962699,0.003705788809972299,True,False
NanoMine,identity_soft__settings_all__L0.25__K12,paper ARI gain vs material-only,-0.02460562618324899,0.009915963496958204,0.0361047065460247,0.06071033272927369,False,True
NanoMine,identity_soft__settings_all__L0.25__K20,paper ARI gain vs material-only,0.01502720397402299,0.00598685211900829,0.0301653095243948,0.02417845740538651,True,False
NanoMine,identity_soft__settings_all__L0.25__K30,paper ARI gain vs material-only,-0.0029040858137659997,0.006392849346174706,0.056903162552797884,0.059807248366563884,False,True
NanoMine,identity_soft__settings_all__L0.25__K50,paper ARI gain vs material-only,0.060632639017168005,0.0041330223740913,0.04403021484769559,0.056499616643076706,True,False
NanoMine,identity_soft__settings_all__L0.25__K80,paper ARI gain vs material-only,0.08236029081923801,0.11852501744110111,0.10929950777547798,0.0361647266218631,True,False
NanoMine,identity_soft__settings_all__L0.50__K8,paper ARI gain vs material-only,-0.004844335323876604,0.03577970861567201,0.0244769701529098,0.04062404393954861,False,True
NanoMine,identity_soft__settings_all__L0.50__K12,paper ARI gain vs material-only,-0.029324661802685295,0.025774234527280303,0.057685371036020505,0.0870100328387058,False,True
NanoMine,identity_soft__settings_all__L0.50__K20,paper ARI gain vs material-only,0.028217889230546994,-0.015814711648112406,0.03998834059807659,0.055803052246189,False,True
NanoMine,identity_soft__settings_all__L0.50__K30,paper ARI gain vs material-only,0.006554019492738705,0.01565396551691131,0.08973120387480309,0.08317718438206438,True,False
NanoMine,identity_soft__settings_all__L0.50__K50,paper ARI gain vs material-only,0.08505283669415778,0.1269522199363622,0.12972555426303548,0.044672717568877696,True,False
NanoMine,identity_soft__settings_all__L0.50__K80,paper ARI gain vs material-only,0.16968116294205215,0.18485384638509655,0.4241744687144001,0.25449330577234797,True,False
NanoMine,identity_soft__settings_all__L0.75__K8,paper ARI gain vs material-only,0.016238323058646698,0.0330990158446622,0.04797526889414609,0.031736945835499394,True,False
NanoMine,identity_soft__settings_all__L0.75__K12,paper ARI gain vs material-only,-0.023120716648084197,0.0347565826709642,0.05787389300248311,0.0809946096505673,False,True
NanoMine,identity_soft__settings_all__L0.75__K20,paper ARI gain vs material-only,0.050510508234729884,0.09510906637935888,0.08100895868188349,0.044598558144629,True,False
NanoMine,identity_soft__settings_all__L0.75__K30,paper ARI gain vs material-only,0.09645458649147201,0.1610806992612535,0.17059729426483078,0.07414270777335877,True,False
NanoMine,identity_soft__settings_all__L0.75__K50,paper ARI gain vs material-only,0.20179391086645618,0.2980520812403765,0.28630385189490803,0.09625817037392034,True,False
NanoMine,identity_soft__settings_all__L0.75__K80,paper ARI gain vs material-only,0.3077661611725314,0.36940797700932787,0.48161219587273707,0.17384603470020565,True,False
NanoMine,identity_soft__settings_all__L1.00__K8,paper ARI gain vs material-only,0.000999569367349594,-0.0042967759557156,0.009977933687374495,0.014274709643090095,False,True
NanoMine,identity_soft__settings_all__L1.00__K12,paper ARI gain vs material-only,-0.0292483108078868,0.027314024227840107,0.0662356478604819,0.0954839586683687,False,True
NanoMine,identity_soft__settings_all__L1.00__K20,paper ARI gain vs material-only,0.03951303317100591,0.0714556929405173,0.1469678849621989,0.10745485179119299,True,False
NanoMine,identity_soft__settings_all__L1.00__K30,paper ARI gain vs material-only,0.07010678032560991,0.1464237470213849,0.2516788400884591,0.18157205976284918,True,False
NanoMine,identity_soft__settings_all__L1.00__K50,paper ARI gain vs material-only,0.1853389235263899,0.3484526143009566,0.3982201212609878,0.21288119773459793,True,False
NanoMine,identity_soft__settings_all__L1.00__K80,paper ARI gain vs material-only,0.23631965294522128,0.37164125861974223,0.5527190585678906,0.3163994056226693,True,False
NanoMine,identity_soft__settings_numeric__L0.25__K8,paper ARI gain vs material-only,0.009010519062254196,0.012717188804829204,0.0124723204886675,0.0037066697425750077,True,False
NanoMine,identity_soft__settings_numeric__L0.25__K12,paper ARI gain vs material-only,-0.0014921714115808948,0.0082861239452083,0.024768598245123598,0.026260769656704493,False,True
NanoMine,identity_soft__settings_numeric__L0.25__K20,paper ARI gain vs material-only,0.0020622083146450976,-0.003759547931073401,0.0359810637510443,0.0397406116821177,False,True
NanoMine,identity_soft__settings_numeric__L0.25__K30,paper ARI gain vs material-only,-0.008405400411747893,0.003954963679830115,0.06146320036291959,0.06986860077466749,False,True
NanoMine,identity_soft__settings_numeric__L0.25__K50,paper ARI gain vs material-only,-0.048217865663154696,0.02528467149934241,0.01684719994464498,0.0735025371624971,False,True
NanoMine,identity_soft__settings_numeric__L0.25__K80,paper ARI gain vs material-only,0.06803967018240292,0.12337005336923018,0.09361486232688371,0.05533038318682726,True,False
NanoMine,identity_soft__settings_numeric__L0.50__K8,paper ARI gain vs material-only,0.001931711585109297,0.033236023230039005,0.029662729098929,0.03130431164492971,True,False
NanoMine,identity_soft__settings_numeric__L0.50__K12,paper ARI gain vs material-only,-0.0219450597856663,0.03240578246370781,0.053618618736379506,0.0755636785220458,False,True
NanoMine,identity_soft__settings_numeric__L0.50__K20,paper ARI gain vs material-only,0.02379612525256458,-0.010123185013141911,0.0934989135787894,0.1036220985919313,False,True
NanoMine,identity_soft__settings_numeric__L0.50__K30,paper ARI gain vs material-only,0.0198207314598543,0.0405480172640284,0.0817032092492073,0.061882477789353005,True,False
NanoMine,identity_soft__settings_numeric__L0.50__K50,paper ARI gain vs material-only,0.030330436943486,0.07532879608697382,0.12642964309714008,0.09609920615365408,True,False
NanoMine,identity_soft__settings_numeric__L0.50__K80,paper ARI gain vs material-only,0.12597235896243686,0.21792820101020932,0.41260358975079126,0.2866312307883544,True,False
NanoMine,identity_soft__settings_numeric__L0.75__K8,paper ARI gain vs material-only,0.036557190422573695,0.0474704325759754,0.04431162919330919,0.010913242153401705,True,False
NanoMine,identity_soft__settings_numeric__L0.75__K12,paper ARI gain vs material-only,0.03380579487621531,0.0713109221567007,0.053306156984221406,0.0375051272804854,True,False
NanoMine,identity_soft__settings_numeric__L0.75__K20,paper ARI gain vs material-only,0.03593598744903678,0.0515587772361643,0.11530518647789609,0.0793691990288593,True,False
NanoMine,identity_soft__settings_numeric__L0.75__K30,paper ARI gain vs material-only,0.12602805268972658,0.1467237066344314,0.2130741158431217,0.08704606315339511,True,False
NanoMine,identity_soft__settings_numeric__L0.75__K50,paper ARI gain vs material-only,0.185487934739843,0.2905716313871982,0.34580395542043285,0.16031602068058984,True,False
NanoMine,identity_soft__settings_numeric__L0.75__K80,paper ARI gain vs material-only,0.2979763448676035,0.3766272197879978,0.46770168455758565,0.16972533968998216,True,False
NanoMine,identity_soft__settings_numeric__L1.00__K8,paper ARI gain vs material-only,0.002344463306131195,0.0338928924428963,-0.0231986793625885,0.0570915718054848,False,True
NanoMine,identity_soft__settings_numeric__L1.00__K12,paper ARI gain vs material-only,-0.01874554501543499,0.062426271094426604,0.0947961280345479,0.11354167304998289,False,True
NanoMine,identity_soft__settings_numeric__L1.00__K20,paper ARI gain vs material-only,-0.005667682202539506,0.13260976812126757,0.1347264299049128,0.14039411210745228,False,True
NanoMine,identity_soft__settings_numeric__L1.00__K30,paper ARI gain vs material-only,0.08745066776480251,0.2292376802129124,0.2387383501299935,0.151287682365191,True,False
NanoMine,identity_soft__settings_numeric__L1.00__K50,paper ARI gain vs material-only,0.26636282056339244,0.3976572018365285,0.38883101777309215,0.13129438127313603,True,False
NanoMine,identity_soft__settings_numeric__L1.00__K80,paper ARI gain vs material-only,0.2214426369507535,0.3779342570178705,0.5242581347055942,0.30281549775484073,True,False
NanoMine,identity_strict__equal__L0.25__K8,paper ARI gain vs material-only,0.005894981878945701,0.050316184379928304,0.012031474425000601,0.0444212025009826,True,False
NanoMine,identity_strict__equal__L0.25__K12,paper ARI gain vs material-only,0.0530920302081492,0.0496983888442435,0.0566440946356003,0.006945705791356803,True,False
NanoMine,identity_strict__equal__L0.25__K20,paper ARI gain vs material-only,0.011509596250654508,0.029936973789543603,0.0557052696282884,0.044195673377633894,True,False
NanoMine,identity_strict__equal__L0.25__K30,paper ARI gain vs material-only,-0.009768245482586896,0.006929120144901393,0.126204220449766,0.1359724659323529,False,True
NanoMine,identity_strict__equal__L0.25__K50,paper ARI gain vs material-only,-0.0032956858817003998,0.006696338703712307,0.015597802301121677,0.018893488182822077,False,True
NanoMine,identity_strict__equal__L0.25__K80,paper ARI gain vs material-only,0.23364648112720393,0.1879244621358749,0.107495594379313,0.12615088674789093,True,False
NanoMine,identity_strict__equal__L0.50__K8,paper ARI gain vs material-only,0.057402165875952295,0.0559773510273624,0.0590471003625075,0.0030697493351451027,True,False
NanoMine,identity_strict__equal__L0.50__K12,paper ARI gain vs material-only,0.059189935500181194,0.0731964547365654,0.0741063230859877,0.01491638758580651,True,False
NanoMine,identity_strict__equal__L0.50__K20,paper ARI gain vs material-only,0.017910260704774084,0.05431911466860741,0.139660194438279,0.12174993373350493,True,False
NanoMine,identity_strict__equal__L0.50__K30,paper ARI gain vs material-only,0.0023136200327560086,0.0177325598368593,0.13553413432892192,0.1332205142961659,True,False
NanoMine,identity_strict__equal__L0.50__K50,paper ARI gain vs material-only,0.13374723563800228,0.020706884212579713,0.0689229253966899,0.11304035142542257,True,False
NanoMine,identity_strict__equal__L0.50__K80,paper ARI gain vs material-only,0.36636887648103356,0.2476320108778772,0.3160398798138877,0.11873686560315636,True,False
NanoMine,identity_strict__equal__L0.75__K8,paper ARI gain vs material-only,0.058581469559777895,0.0417258187544356,0.0409408267376141,0.017640642822163793,True,False
NanoMine,identity_strict__equal__L0.75__K12,paper ARI gain vs material-only,0.019555649978426203,0.0431897122651128,0.0877425356943396,0.06818688571591339,True,False
NanoMine,identity_strict__equal__L0.75__K20,paper ARI gain vs material-only,0.055336521902554586,0.0584255284886243,0.220476900105183,0.16514037820262842,True,False
NanoMine,identity_strict__equal__L0.75__K30,paper ARI gain vs material-only,0.0953351672876589,0.13069605107418586,0.25557961503231136,0.16024444774465246,True,False
NanoMine,identity_strict__equal__L0.75__K50,paper ARI gain vs material-only,0.2891583776762375,0.24641583112400703,0.32435816076784757,0.07794232964384054,True,False
NanoMine,identity_strict__equal__L0.75__K80,paper ARI gain vs material-only,0.5145019669109682,0.4703579115595182,0.5258121125921285,0.05545420103261023,True,False
NanoMine,identity_strict__equal__L1.00__K8,paper ARI gain vs material-only,0.0378415850701059,0.0436528572171688,0.0364435048473784,0.007209352369790402,True,False
NanoMine,identity_strict__equal__L1.00__K12,paper ARI gain vs material-only,0.028289474696278606,0.085855400532573,0.0693497184419903,0.05756592583629439,True,False
NanoMine,identity_strict__equal__L1.00__K20,paper ARI gain vs material-only,0.053057808025233494,0.11954120964378641,0.1663790975856042,0.11332128956037071,True,False
NanoMine,identity_strict__equal__L1.00__K30,paper ARI gain vs material-only,0.08956675830398922,0.16604312450937647,0.3277595082508541,0.23819274994686487,True,False
NanoMine,identity_strict__equal__L1.00__K50,paper ARI gain vs material-only,0.3283134930481008,0.3506204775378392,0.3432224863941445,0.02230698448973839,True,False
NanoMine,identity_strict__equal__L1.00__K80,paper ARI gain vs material-only,0.44007144418147226,0.4624436346957508,0.5948774907642318,0.15480604658275954,True,False
NanoMine,identity_strict__method_type__L0.25__K8,paper ARI gain vs material-only,0.0554477522151227,0.0708522015706375,0.0695653625913303,0.015404449355514799,True,False
NanoMine,identity_strict__method_type__L0.25__K12,paper ARI gain vs material-only,0.017909063770779998,0.07681861710337351,0.0789748305500413,0.0610657667792613,True,False
NanoMine,identity_strict__method_type__L0.25__K20,paper ARI gain vs material-only,0.012100679517262708,0.005398381654328696,0.0791755669227642,0.0737771852684355,True,False
NanoMine,identity_strict__method_type__L0.25__K30,paper ARI gain vs material-only,-0.010243547716842383,0.008413101029887196,0.0875397793891204,0.09778332710596278,False,True
NanoMine,identity_strict__method_type__L0.25__K50,paper ARI gain vs material-only,0.049083374069625485,0.006932319616673399,0.021612980464366188,0.042151054452952086,True,False
NanoMine,identity_strict__method_type__L0.25__K80,paper ARI gain vs material-only,0.2570656164277578,0.2415052596404553,0.11370511014622442,0.1433605062815334,True,False
NanoMine,identity_strict__method_type__L0.50__K8,paper ARI gain vs material-only,0.043235266027419096,0.06965609524446999,0.0441124721053179,0.02642082921705089,True,False
NanoMine,identity_strict__method_type__L0.50__K12,paper ARI gain vs material-only,0.0035756843684979014,0.07621919185729631,0.056158936326809995,0.07264350748879841,True,False
NanoMine,identity_strict__method_type__L0.50__K20,paper ARI gain vs material-only,0.03743924655929928,0.0484262865119469,0.1727735446320355,0.13533429807273623,True,False
NanoMine,identity_strict__method_type__L0.50__K30,paper ARI gain vs material-only,0.0963186417476321,0.02208203841793009,0.1692232057037978,0.14714116728586774,True,False
NanoMine,identity_strict__method_type__L0.50__K50,paper ARI gain vs material-only,0.13226425051743468,0.1326332581824561,0.13579875340078507,0.0035345028833503878,True,False
NanoMine,identity_strict__method_type__L0.50__K80,paper ARI gain vs material-only,0.33835440457867194,0.1416483483805331,0.2200651141293914,0.19670605619813883,True,False
NanoMine,identity_strict__method_type__L0.75__K8,paper ARI gain vs material-only,0.044589768697093496,0.044185414282455704,0.0428534196038926,0.0017363490932008965,True,False
NanoMine,identity_strict__method_type__L0.75__K12,paper ARI gain vs material-only,0.023256045119318704,0.0447773053482345,0.0446482726748098,0.021521260228915796,True,False
NanoMine,identity_strict__method_type__L0.75__K20,paper ARI gain vs material-only,0.07034900710619948,0.1045587196110921,0.1279293140922868,0.05758030698608732,True,False
NanoMine,identity_strict__method_type__L0.75__K30,paper ARI gain vs material-only,0.1538096656141721,0.13548333013400277,0.25367400040888466,0.11819067027488189,True,False
NanoMine,identity_strict__method_type__L0.75__K50,paper ARI gain vs material-only,0.3379361369295827,0.2681220649515468,0.3217155486407795,0.06981407197803591,True,False
NanoMine,identity_strict__method_type__L0.75__K80,paper ARI gain vs material-only,0.502397412857396,0.4362637222695771,0.5437837446075078,0.10752002233793068,True,False
NanoMine,identity_strict__method_type__L1.00__K8,paper ARI gain vs material-only,0.0421984386015576,0.041696123106756904,0.041696123106756904,0.0005023154948006966,True,False
NanoMine,identity_strict__method_type__L1.00__K12,paper ARI gain vs material-only,0.0032819522314291028,0.044329635128294895,0.0449548783228468,0.0416729260914177,True,False
NanoMine,identity_strict__method_type__L1.00__K20,paper ARI gain vs material-only,0.0272442698472371,0.0812327283304007,0.1404684028600635,0.11322413301282641,True,False
NanoMine,identity_strict__method_type__L1.00__K30,paper ARI gain vs material-only,0.11903926155876399,0.15209660498108607,0.2609411673872086,0.14190190582844459,True,False
NanoMine,identity_strict__method_type__L1.00__K50,paper ARI gain vs material-only,0.2992776045004726,0.33823129915931016,0.3207178270491053,0.03895369465883758,True,False
NanoMine,identity_strict__method_type__L1.00__K80,paper ARI gain vs material-only,0.45160496914995374,0.44761963333317556,0.49391249786022123,0.046292864527045674,True,False
NanoMine,identity_strict__no_settings__L0.25__K8,paper ARI gain vs material-only,0.0252192811300696,0.0502489191117542,0.0551267165605215,0.029907435430451903,True,False
NanoMine,identity_strict__no_settings__L0.25__K12,paper ARI gain vs material-only,0.0523482210409277,0.0504097192337794,0.0548766923285092,0.0044669730947297995,True,False
NanoMine,identity_strict__no_settings__L0.25__K20,paper ARI gain vs material-only,0.010050952327194801,0.03131910778680019,0.0744361354953361,0.0643851831681413,True,False
NanoMine,identity_strict__no_settings__L0.25__K30,paper ARI gain vs material-only,-0.010552044014516787,0.008017266286096794,0.1250963380907333,0.1356483821052501,False,True
NanoMine,identity_strict__no_settings__L0.25__K50,paper ARI gain vs material-only,-0.0029348640298182127,0.0071265046157863166,0.0197386040643244,0.022673468094142613,False,True
NanoMine,identity_strict__no_settings__L0.25__K80,paper ARI gain vs material-only,0.2902535751789617,0.2373641902672017,0.11454784496526571,0.175705730213696,True,False
NanoMine,identity_strict__no_settings__L0.50__K8,paper ARI gain vs material-only,0.06096038216151639,0.06889070163268249,0.0518558235824825,0.017034878050199986,True,False
NanoMine,identity_strict__no_settings__L0.50__K12,paper ARI gain vs material-only,0.0675941624503574,0.08964318511679481,0.092031971120141,0.024437808669783595,True,False
NanoMine,identity_strict__no_settings__L0.50__K20,paper ARI gain vs material-only,0.0430982338659201,0.061340921076860996,0.1499583369103406,0.1068601030444205,True,False
NanoMine,identity_strict__no_settings__L0.50__K30,paper ARI gain vs material-only,0.04709320745886811,0.024177283573791106,0.1684623041122023,0.1442850205384112,True,False
NanoMine,identity_strict__no_settings__L0.50__K50,paper ARI gain vs material-only,0.18544246189622388,0.0633459560227009,0.15938926963146877,0.12209650587352297,True,False
NanoMine,identity_strict__no_settings__L0.50__K80,paper ARI gain vs material-only,0.3803880045589296,0.26425214980194933,0.3150701238391393,0.1161358547569803,True,False
NanoMine,identity_strict__no_settings__L0.75__K8,paper ARI gain vs material-only,0.038331591268703495,0.0667244772418639,0.06470529894556479,0.0283928859731604,True,False
NanoMine,identity_strict__no_settings__L0.75__K12,paper ARI gain vs material-only,0.026970784830888293,0.0719670635033592,0.0700270213108205,0.044996278672470906,True,False
NanoMine,identity_strict__no_settings__L0.75__K20,paper ARI gain vs material-only,0.09905282192138198,0.10097927493895749,0.146597801373481,0.04754497945209901,True,False
NanoMine,identity_strict__no_settings__L0.75__K30,paper ARI gain vs material-only,0.1300391038465401,0.14365101808000347,0.26646539370243266,0.13642628985589256,True,False
NanoMine,identity_strict__no_settings__L0.75__K50,paper ARI gain vs material-only,0.3343952898006975,0.30388002389651947,0.31861029501610316,0.030515265904178024,True,False
NanoMine,identity_strict__no_settings__L0.75__K80,paper ARI gain vs material-only,0.5521116854279359,0.503451896402664,0.5588036370775522,0.05535174067488824,True,False
NanoMine,identity_strict__no_settings__L1.00__K8,paper ARI gain vs material-only,0.036319954723899,0.0358176392290983,0.0358176392290983,0.0005023154948006966,True,False
NanoMine,identity_strict__no_settings__L1.00__K12,paper ARI gain vs material-only,0.027185104131815303,0.06845850492199171,0.068858030223233,0.0416729260914177,True,False
NanoMine,identity_strict__no_settings__L1.00__K20,paper ARI gain vs material-only,0.0638528440875761,0.10493789031017921,0.17707697710040252,0.11322413301282641,True,False
NanoMine,identity_strict__no_settings__L1.00__K30,paper ARI gain vs material-only,0.12224073224161502,0.1537238395530482,0.2634348809197461,0.14119414867813107,True,False
NanoMine,identity_strict__no_settings__L1.00__K50,paper ARI gain vs material-only,0.35510958500648043,0.3711536374389389,0.3657046995028688,0.01604405243245849,True,False
NanoMine,identity_strict__no_settings__L1.00__K80,paper ARI gain vs material-only,0.46019848546810027,0.4562131496513221,0.5025060141783677,0.04629286452704562,True,False
NanoMine,identity_strict__sequence__L0.25__K8,paper ARI gain vs material-only,0.0295786627806955,0.0489263798802497,0.0055686876905084,0.043357692189741295,True,False
NanoMine,identity_strict__sequence__L0.25__K12,paper ARI gain vs material-only,0.060275331644212705,0.0498385924995291,0.0404910706565808,0.019784260987631905,True,False
NanoMine,identity_strict__sequence__L0.25__K20,paper ARI gain vs material-only,0.015000459954354783,-0.0006478378409753988,0.0706342090018288,0.0712820468428042,False,True
NanoMine,identity_strict__sequence__L0.25__K30,paper ARI gain vs material-only,-0.007954831585412686,0.007060123366497986,0.1258880289229741,0.13384286050838679,False,True
NanoMine,identity_strict__sequence__L0.25__K50,paper ARI gain vs material-only,-0.0007154923184509165,0.006650623909667225,0.016139958586270875,0.01685545090472179,False,True
NanoMine,identity_strict__sequence__L0.25__K80,paper ARI gain vs material-only,0.2794269535200332,0.1798387487052319,0.08817695041969559,0.19125000310033763,True,False
NanoMine,identity_strict__sequence__L0.50__K8,paper ARI gain vs material-only,0.049228832562208696,0.0515542798250583,0.0332659041908892,0.0182883756341691,True,False
NanoMine,identity_strict__sequence__L0.50__K12,paper ARI gain vs material-only,0.025204410007104598,0.07495704355307141,0.086998244962517,0.0617938349554124,True,False
NanoMine,identity_strict__sequence__L0.50__K20,paper ARI gain vs material-only,0.03627515740041529,0.0569841646878816,0.1379029431218842,0.10162778572146891,True,False
NanoMine,identity_strict__sequence__L0.50__K30,paper ARI gain vs material-only,0.021617048397018612,0.027009744545801198,0.15116785068448801,0.1295508022874694,True,False
NanoMine,identity_strict__sequence__L0.50__K50,paper ARI gain vs material-only,0.15136548421496482,0.057572331813432104,0.09846161315027968,0.09379315240153271,True,False
NanoMine,identity_strict__sequence__L0.50__K80,paper ARI gain vs material-only,0.40323638538944295,0.34087732107534807,0.34162504262925014,0.06235906431409488,True,False
NanoMine,identity_strict__sequence__L0.75__K8,paper ARI gain vs material-only,0.0072862597034307,0.0434133866162738,0.0276884608762093,0.0361271269128431,True,False
NanoMine,identity_strict__sequence__L0.75__K12,paper ARI gain vs material-only,0.025322688284012594,0.09986788678650821,0.08934801443772619,0.07454519850249561,True,False
NanoMine,identity_strict__sequence__L0.75__K20,paper ARI gain vs material-only,0.07339175444095289,0.05965306706322969,0.2108876940426094,0.15123462697937973,True,False
NanoMine,identity_strict__sequence__L0.75__K30,paper ARI gain vs material-only,0.10307110891401883,0.102275858131382,0.2432877157434459,0.14101185761206392,True,False
NanoMine,identity_strict__sequence__L0.75__K50,paper ARI gain vs material-only,0.3297042206719123,0.29271571117559514,0.2697384686406965,0.05996575203121579,True,False
NanoMine,identity_strict__sequence__L0.75__K80,paper ARI gain vs material-only,0.5127829302065525,0.4669448945974456,0.5254292348304235,0.05848434023297788,True,False
NanoMine,identity_strict__sequence__L1.00__K8,paper ARI gain vs material-only,0.0334786953040893,0.030661215553027102,0.025095798371986302,0.008382896932102996,True,False
NanoMine,identity_strict__sequence__L1.00__K12,paper ARI gain vs material-only,0.0642205494978188,0.1194167778832632,0.1101306815259096,0.0551962283854444,True,False
NanoMine,identity_strict__sequence__L1.00__K20,paper ARI gain vs material-only,0.0745246670150154,0.12528260890128862,0.2009064669815909,0.1263817999665755,True,False
NanoMine,identity_strict__sequence__L1.00__K30,paper ARI gain vs material-only,0.1593018764007928,0.18171635301558509,0.3160755271659897,0.1567736507651969,True,False
NanoMine,identity_strict__sequence__L1.00__K50,paper ARI gain vs material-only,0.2489284461302007,0.3290554108028969,0.3583127434006204,0.1093842972704197,True,False
NanoMine,identity_strict__sequence__L1.00__K80,paper ARI gain vs material-only,0.4766654637529042,0.47716978224402695,0.5393916760215873,0.06272621226868313,True,False
NanoMine,identity_strict__settings_all__L0.25__K8,paper ARI gain vs material-only,0.0171862795127493,0.0364595859156261,0.0054177224324149,0.0310418634832112,True,False
NanoMine,identity_strict__settings_all__L0.25__K12,paper ARI gain vs material-only,0.011315093244028303,0.050481011527694596,0.0089087909845801,0.0415722205431145,True,False
NanoMine,identity_strict__settings_all__L0.25__K20,paper ARI gain vs material-only,0.008574761509902495,0.03698007808724829,0.054706167593564496,0.046131406083662,True,False
NanoMine,identity_strict__settings_all__L0.25__K30,paper ARI gain vs material-only,-0.009556271255284299,0.010424493929463888,0.1300520637612775,0.1396083350165618,False,True
NanoMine,identity_strict__settings_all__L0.25__K50,paper ARI gain vs material-only,-0.0032956858817003998,0.007830529766338912,0.04461984739697558,0.04791553327867598,False,True
NanoMine,identity_strict__settings_all__L0.25__K80,paper ARI gain vs material-only,0.1804682167855302,0.19978695044268638,0.09963386385359468,0.1001530865890917,True,False
NanoMine,identity_strict__settings_all__L0.50__K8,paper ARI gain vs material-only,0.007040616831585001,0.021436860389439302,0.0645905648021556,0.05754994797057059,True,False
NanoMine,identity_strict__settings_all__L0.50__K12,paper ARI gain vs material-only,0.006272493032624296,0.06228807661017379,0.07308692276252529,0.066814429729901,True,False
NanoMine,identity_strict__settings_all__L0.50__K20,paper ARI gain vs material-only,0.021865653440655386,0.060307454409564684,0.09309359651271,0.07122794307205461,True,False
NanoMine,identity_strict__settings_all__L0.50__K30,paper ARI gain vs material-only,-0.008842096635209795,0.030224295268292803,0.1426602713208716,0.1515023679560814,False,True
NanoMine,identity_strict__settings_all__L0.50__K50,paper ARI gain vs material-only,0.0027180286803537013,0.033888830255051516,0.0807660048244766,0.0780479761441229,True,False
NanoMine,identity_strict__settings_all__L0.50__K80,paper ARI gain vs material-only,0.3281429924975734,0.28182423501581944,0.3722157085040167,0.09039147348819726,True,False
NanoMine,identity_strict__settings_all__L0.75__K8,paper ARI gain vs material-only,0.0280634318999163,0.0199362370055731,0.08308374592148239,0.06314750891590928,True,False
NanoMine,identity_strict__settings_all__L0.75__K12,paper ARI gain vs material-only,0.030187583710949893,0.0359761451025521,0.09409845407950809,0.06391087036855819,True,False
NanoMine,identity_strict__settings_all__L0.75__K20,paper ARI gain vs material-only,0.0204505478340834,0.0895313269378384,0.1388275835439094,0.118377035709826,True,False
NanoMine,identity_strict__settings_all__L0.75__K30,paper ARI gain vs material-only,0.05593769500606641,0.17375840416443966,0.230420536516874,0.1744828415108076,True,False
NanoMine,identity_strict__settings_all__L0.75__K50,paper ARI gain vs material-only,0.1547679087028525,0.24048469586521962,0.3159465527991724,0.16117864409631988,True,False
NanoMine,identity_strict__settings_all__L0.75__K80,paper ARI gain vs material-only,0.4643786623073508,0.46735178760912466,0.5316508554467501,0.06727219313939925,True,False
NanoMine,identity_strict__settings_all__L1.00__K8,paper ARI gain vs material-only,0.036098938871288094,0.0215196497683466,0.0358937909670162,0.014579289102941494,True,False
NanoMine,identity_strict__settings_all__L1.00__K12,paper ARI gain vs material-only,0.021488922585904395,0.07223132100315781,0.093207436744388,0.0717185141584836,True,False
NanoMine,identity_strict__settings_all__L1.00__K20,paper ARI gain vs material-only,0.03410761198943871,0.11054923286290551,0.1978674802400026,0.1637598682505639,True,False
NanoMine,identity_strict__settings_all__L1.00__K30,paper ARI gain vs material-only,0.06084105653751351,0.15061451138859216,0.3117700619680961,0.2509290054305826,True,False
NanoMine,identity_strict__settings_all__L1.00__K50,paper ARI gain vs material-only,0.23390974554948069,0.36161044982675916,0.379349983750431,0.1454402382009503,True,False
NanoMine,identity_strict__settings_all__L1.00__K80,paper ARI gain vs material-only,0.4269661314236213,0.5033125288183237,0.5839533052490771,0.1569871738254558,True,False
NanoMine,identity_strict__settings_numeric__L0.25__K8,paper ARI gain vs material-only,0.005867665120486401,0.0354362420829043,0.0040533454003047,0.0313828966825996,True,False
NanoMine,identity_strict__settings_numeric__L0.25__K12,paper ARI gain vs material-only,0.009752916098000698,0.050222843252501495,0.0442368416118724,0.0404699271545008,True,False
NanoMine,identity_strict__settings_numeric__L0.25__K20,paper ARI gain vs material-only,0.005916864102733191,-0.0005679116429753023,0.0546112838327591,0.055179195475734404,False,True
NanoMine,identity_strict__settings_numeric__L0.25__K30,paper ARI gain vs material-only,-0.011522143731239193,0.008338129519667906,0.13016912062443892,0.1416912643556781,False,True
NanoMine,identity_strict__settings_numeric__L0.25__K50,paper ARI gain vs material-only,-0.005740716352058195,0.005317742314553703,0.016630959325395683,0.02237167567745388,False,True
NanoMine,identity_strict__settings_numeric__L0.25__K80,paper ARI gain vs material-only,0.17640888090111428,0.20584640199616142,0.12087717874695003,0.08496922324921138,True,False
NanoMine,identity_strict__settings_numeric__L0.50__K8,paper ARI gain vs material-only,0.0078601792929949,0.0166297852291475,0.057109527280340903,0.049249347987346,True,False
NanoMine,identity_strict__settings_numeric__L0.50__K12,paper ARI gain vs material-only,0.0248461670283023,0.061096814190721195,0.0735612986540204,0.048715131625718104,True,False
NanoMine,identity_strict__settings_numeric__L0.50__K20,paper ARI gain vs material-only,0.01642480414985839,0.05603747149367659,0.09607734315709081,0.07965253900723242,True,False
NanoMine,identity_strict__settings_numeric__L0.50__K30,paper ARI gain vs material-only,-0.009883033493745974,0.016870917602483784,0.145658780995403,0.15554181448914897,False,True
NanoMine,identity_strict__settings_numeric__L0.50__K50,paper ARI gain vs material-only,0.029234798671232104,0.0574429140813662,0.08982035184312748,0.06058555317189537,True,False
NanoMine,identity_strict__settings_numeric__L0.50__K80,paper ARI gain vs material-only,0.3149206886281454,0.2642158930890659,0.3496859199022348,0.0854700268131689,True,False
NanoMine,identity_strict__settings_numeric__L0.75__K8,paper ARI gain vs material-only,0.0750721368404615,0.0357763902219296,0.0311002855008567,0.0439718513396048,True,False
NanoMine,identity_strict__settings_numeric__L0.75__K12,paper ARI gain vs material-only,0.0444944795292905,0.1047861855345049,0.1147845528537112,0.0702900733244207,True,False
NanoMine,identity_strict__settings_numeric__L0.75__K20,paper ARI gain vs material-only,0.02846340424350491,0.0931319669652511,0.1276251203630195,0.0991617161195146,True,False
NanoMine,identity_strict__settings_numeric__L0.75__K30,paper ARI gain vs material-only,0.030793998039834514,0.09129608886935119,0.2246995001738539,0.1939055021340194,True,False
NanoMine,identity_strict__settings_numeric__L0.75__K50,paper ARI gain vs material-only,0.15919534568140442,0.25333341671027854,0.29747629958267857,0.13828095390127415,True,False
NanoMine,identity_strict__settings_numeric__L0.75__K80,paper ARI gain vs material-only,0.47463454690322904,0.47189764194804307,0.4995903602678264,0.027692718319783316,True,False
NanoMine,identity_strict__settings_numeric__L1.00__K8,paper ARI gain vs material-only,0.037443832810069695,0.0597093181669585,0.0027171779170532,0.0569921402499053,True,False
NanoMine,identity_strict__settings_numeric__L1.00__K12,paper ARI gain vs material-only,0.031991688378356205,0.1073435678697443,0.121767916918454,0.08977622854009779,True,False
NanoMine,identity_strict__settings_numeric__L1.00__K20,paper ARI gain vs material-only,-0.011073103384106706,0.1717033080436558,0.1856260251827165,0.1966991285668232,False,True
NanoMine,identity_strict__settings_numeric__L1.00__K30,paper ARI gain vs material-only,0.07818494397670611,0.2334284445801197,0.2988295720096305,0.2206446280329244,True,False
NanoMine,identity_strict__settings_numeric__L1.00__K50,paper ARI gain vs material-only,0.3149336425864832,0.41081503736233105,0.3699608802625353,0.09588139477584784,True,False
NanoMine,identity_strict__settings_numeric__L1.00__K80,paper ARI gain vs material-only,0.4120891154291535,0.5096055272164519,0.5554923813867807,0.1434032659576272,True,False
NanoMine,loading_focus_soft__equal__L0.25__K8,paper ARI gain vs material-only,0.0010144383693045998,0.002402829667863,0.0002676591093515998,0.0021351705585114004,True,False
NanoMine,loading_focus_soft__equal__L0.25__K12,paper ARI gain vs material-only,-0.0262359648156441,0.0274420266785062,0.00028473756455439994,0.0536779914941503,False,True
NanoMine,loading_focus_soft__equal__L0.25__K20,paper ARI gain vs material-only,-0.0290427549096339,0.016429270037563608,0.00025237776610430003,0.04547202494719751,False,True
NanoMine,loading_focus_soft__equal__L0.25__K30,paper ARI gain vs material-only,0.019781174427056403,0.0369328110165249,0.00018660885468370011,0.0367462021618412,True,False
NanoMine,loading_focus_soft__equal__L0.25__K50,paper ARI gain vs material-only,0.1371614251235525,0.046057244101561284,0.0005407377798544999,0.136620687343698,True,False
NanoMine,loading_focus_soft__equal__L0.25__K80,paper ARI gain vs material-only,0.1026159982260838,0.16737742434444358,0.0035324959129713995,0.1638449284314722,True,False
NanoMine,loading_focus_soft__equal__L0.50__K8,paper ARI gain vs material-only,0.0407447124392819,0.0295029337670787,-0.0011454370008354001,0.0418901494401173,False,True
NanoMine,loading_focus_soft__equal__L0.50__K12,paper ARI gain vs material-only,0.053870629871318895,0.0779807374188345,-3.0713041196399945e-05,0.0780114504600309,False,True
NanoMine,loading_focus_soft__equal__L0.50__K20,paper ARI gain vs material-only,0.04130344241627561,0.08381722917816739,0.0003301783564574998,0.08348705082170989,True,False
NanoMine,loading_focus_soft__equal__L0.50__K30,paper ARI gain vs material-only,0.10608835421645949,0.0791149969017941,0.0049484970597427,0.10113985715671678,True,False
NanoMine,loading_focus_soft__equal__L0.50__K50,paper ARI gain vs material-only,0.25514937416150557,0.17580263259016737,0.0643579288996485,0.19079144526185707,True,False
NanoMine,loading_focus_soft__equal__L0.50__K80,paper ARI gain vs material-only,0.325792774569869,0.28149977145345584,0.2737834293935753,0.052009345176293686,True,False
NanoMine,loading_focus_soft__equal__L0.75__K8,paper ARI gain vs material-only,0.0425340889102256,0.0388273364344438,0.0415549818788103,0.0037067524757818035,True,False
NanoMine,loading_focus_soft__equal__L0.75__K12,paper ARI gain vs material-only,0.0220962741603615,0.052253831036579004,0.0473284493292732,0.030157556876217503,True,False
NanoMine,loading_focus_soft__equal__L0.75__K20,paper ARI gain vs material-only,0.0803480854834628,0.07614666305068649,0.0988906788544885,0.022744015803802017,True,False
NanoMine,loading_focus_soft__equal__L0.75__K30,paper ARI gain vs material-only,0.19945145458440738,0.1513446195404923,0.2531418434685317,0.10179722392803939,True,False
NanoMine,loading_focus_soft__equal__L0.75__K50,paper ARI gain vs material-only,0.2894532774204126,0.24649535265910322,0.4048679063511225,0.1583725536920193,True,False
NanoMine,loading_focus_soft__equal__L0.75__K80,paper ARI gain vs material-only,0.24189661868381618,0.34242309187532705,0.6744341203344303,0.4325375016506141,True,False
NanoMine,loading_focus_soft__equal__L1.00__K8,paper ARI gain vs material-only,0.0374394542809722,0.0425532048206057,0.0358617783169359,0.006691426503669801,True,False
NanoMine,loading_focus_soft__equal__L1.00__K12,paper ARI gain vs material-only,0.04280175056899051,0.0836355362350143,0.069123667350586,0.04083378566602379,True,False
NanoMine,loading_focus_soft__equal__L1.00__K20,paper ARI gain vs material-only,0.065114087464037,0.1434816755592701,0.16708917636475681,0.10197508890071981,True,False
NanoMine,loading_focus_soft__equal__L1.00__K30,paper ARI gain vs material-only,0.1156830000111019,0.2074403809952784,0.3383729018246403,0.2226899018135384,True,False
NanoMine,loading_focus_soft__equal__L1.00__K50,paper ARI gain vs material-only,0.2758916771562394,0.3433038435288741,0.4867614980734524,0.210869820917213,True,False
NanoMine,loading_focus_soft__equal__L1.00__K80,paper ARI gain vs material-only,0.23163439057116664,0.35740968416194974,0.755984327126208,0.5243499365550414,True,False
NanoMine,loading_focus_soft__method_type__L0.25__K8,paper ARI gain vs material-only,0.0010965344687412998,-0.00010055219617239979,0.0002927449422308998,0.0011970866649136996,False,True
NanoMine,loading_focus_soft__method_type__L0.25__K12,paper ARI gain vs material-only,0.008639593179491797,0.0657218349003167,0.0007906657812958,0.0649311691190209,True,False
NanoMine,loading_focus_soft__method_type__L0.25__K20,paper ARI gain vs material-only,-0.013811732984529798,0.0371314052719653,0.0003221508056969998,0.050943138256495095,False,True
NanoMine,loading_focus_soft__method_type__L0.25__K30,paper ARI gain vs material-only,0.011953403539327612,0.055059465256138,0.00034537463256699994,0.054714090623571,True,False
NanoMine,loading_focus_soft__method_type__L0.25__K50,paper ARI gain vs material-only,0.08810367006576242,0.011592537869164393,0.0030032823931938997,0.08510038767256851,True,False
NanoMine,loading_focus_soft__method_type__L0.25__K80,paper ARI gain vs material-only,0.14233167329305207,0.14380043506161327,0.0030833832266240996,0.14071705183498917,True,False
NanoMine,loading_focus_soft__method_type__L0.50__K8,paper ARI gain vs material-only,0.0456638693330009,0.0420191944247364,0.0435580724075314,0.003644674908264499,True,False
NanoMine,loading_focus_soft__method_type__L0.50__K12,paper ARI gain vs material-only,0.0425286839417094,0.048728554842581304,0.0435864021296372,0.006199870900871901,True,False
NanoMine,loading_focus_soft__method_type__L0.50__K20,paper ARI gain vs material-only,0.04469853307963602,0.0624736435920595,0.0476094640851301,0.017775110512423482,True,False
NanoMine,loading_focus_soft__method_type__L0.50__K30,paper ARI gain vs material-only,0.1258264900080423,0.09597885099747,0.0478079348168816,0.0780185551911607,True,False
NanoMine,loading_focus_soft__method_type__L0.50__K50,paper ARI gain vs material-only,0.2628569334503678,0.15131965717091367,0.054552382081816196,0.2083045513685516,True,False
NanoMine,loading_focus_soft__method_type__L0.50__K80,paper ARI gain vs material-only,0.30085866970076713,0.2446118329366157,0.06190896672380831,0.23894970297695883,True,False
NanoMine,loading_focus_soft__method_type__L0.75__K8,paper ARI gain vs material-only,0.0441515229283682,0.0401215606031702,0.0404327424871476,0.0040299623251979985,True,False
NanoMine,loading_focus_soft__method_type__L0.75__K12,paper ARI gain vs material-only,0.0826119439440665,0.0427844788044405,0.0431935270840985,0.039827465139626,True,False
NanoMine,loading_focus_soft__method_type__L0.75__K20,paper ARI gain vs material-only,0.07702039706817991,0.1368226833480879,0.07742123985076439,0.05980228627990798,True,False
NanoMine,loading_focus_soft__method_type__L0.75__K30,paper ARI gain vs material-only,0.1682618351299257,0.22073573426337711,0.21909045980240768,0.05247389913345141,True,False
NanoMine,loading_focus_soft__method_type__L0.75__K50,paper ARI gain vs material-only,0.29844472358578567,0.3458718572799861,0.40780586853947703,0.10936114495369137,True,False
NanoMine,loading_focus_soft__method_type__L0.75__K80,paper ARI gain vs material-only,0.27529925441780745,0.34678215747333063,0.6152984765308726,0.3399992221130651,True,False
NanoMine,loading_focus_soft__method_type__L1.00__K8,paper ARI gain vs material-only,0.041796307812423904,0.0405964707101938,0.0411143965763144,0.0011998371022301016,True,False
NanoMine,loading_focus_soft__method_type__L1.00__K12,paper ARI gain vs material-only,0.017794228104141004,0.0421097708307362,0.0447288272314425,0.0269345991273015,True,False
NanoMine,loading_focus_soft__method_type__L1.00__K20,paper ARI gain vs material-only,0.03930054928604061,0.1051731942458844,0.14117848163921612,0.10187793235317551,True,False
NanoMine,loading_focus_soft__method_type__L1.00__K30,paper ARI gain vs material-only,0.14515550326587667,0.193493861466988,0.2715545609609948,0.1263990576951181,True,False
NanoMine,loading_focus_soft__method_type__L1.00__K50,paper ARI gain vs material-only,0.24685578860861118,0.33091466515034507,0.4642568387284132,0.21740105011980204,True,False
NanoMine,loading_focus_soft__method_type__L1.00__K80,paper ARI gain vs material-only,0.24316791553964812,0.3425856827993745,0.6550193342221974,0.41185141868254926,True,False
NanoMine,loading_focus_soft__no_settings__L0.25__K8,paper ARI gain vs material-only,0.0017555184317149999,0.0020061097221195,0.00027262507700159984,0.0017334846451179,True,False
NanoMine,loading_focus_soft__no_settings__L0.25__K12,paper ARI gain vs material-only,-0.022601421661969698,0.0380191632022342,0.0002045755026202998,0.0606205848642039,False,True
NanoMine,loading_focus_soft__no_settings__L0.25__K20,paper ARI gain vs material-only,-0.02467604008400799,0.03408159925646961,0.00015760727400249966,0.0587576393404776,False,True
NanoMine,loading_focus_soft__no_settings__L0.25__K30,paper ARI gain vs material-only,0.01437253668323571,0.046894158119722,0.00011434665687459983,0.046779811462847404,True,False
NanoMine,loading_focus_soft__no_settings__L0.25__K50,paper ARI gain vs material-only,0.10515841546172872,0.05007469997704689,0.0026325432444649,0.10252587221726382,True,False
NanoMine,loading_focus_soft__no_settings__L0.25__K80,paper ARI gain vs material-only,0.1436642526731372,0.188690892975374,0.0029808446111191,0.1857100483642549,True,False
NanoMine,loading_focus_soft__no_settings__L0.50__K8,paper ARI gain vs material-only,0.0661570105916688,0.029131345879524102,-0.0008988893390511001,0.0670558999307199,False,True
NanoMine,loading_focus_soft__no_settings__L0.50__K12,paper ARI gain vs material-only,0.046981781234975706,0.0817666129261365,0.00012583358855079978,0.0816407793375857,True,False
NanoMine,loading_focus_soft__no_settings__L0.50__K20,paper ARI gain vs material-only,0.04408982801936491,0.0739801244216356,0.0017939437837264996,0.0721861806379091,True,False
NanoMine,loading_focus_soft__no_settings__L0.50__K30,paper ARI gain vs material-only,0.12968208558105992,0.17653550729020928,0.0138320268046244,0.1627034804855849,True,False
NanoMine,loading_focus_soft__no_settings__L0.50__K50,paper ARI gain vs material-only,0.30645120612362675,0.1845797043702267,0.06084368521831669,0.24560752090531007,True,False
NanoMine,loading_focus_soft__no_settings__L0.50__K80,paper ARI gain vs material-only,0.3601746440400637,0.3544945092063687,0.2838607492843931,0.07631389475567063,True,False
NanoMine,loading_focus_soft__no_settings__L0.75__K8,paper ARI gain vs material-only,0.0650515681169734,0.0639789421150367,0.0384934614456467,0.026558106671326694,True,False
NanoMine,loading_focus_soft__no_settings__L0.75__K12,paper ARI gain vs material-only,0.0434551273311231,0.0679054453557749,0.06853376845182911,0.025078641120706013,True,False
NanoMine,loading_focus_soft__no_settings__L0.75__K20,paper ARI gain vs material-only,0.0768375865367439,0.1121987065540696,0.12534681122085,0.04850922468410611,True,False
NanoMine,loading_focus_soft__no_settings__L0.75__K30,paper ARI gain vs material-only,0.1944371436352087,0.21297783464075548,0.2316592608731837,0.037222117237975,True,False
NanoMine,loading_focus_soft__no_settings__L0.75__K50,paper ARI gain vs material-only,0.3000358163585751,0.3249284378497464,0.40018127091794714,0.10014545455937202,True,False
NanoMine,loading_focus_soft__no_settings__L0.75__K80,paper ARI gain vs material-only,0.34834961204527937,0.3705883903534194,0.6242966689229753,0.27594705687769594,True,False
NanoMine,loading_focus_soft__no_settings__L1.00__K8,paper ARI gain vs material-only,0.0359178239347653,0.0347179868325352,0.0352359126986558,0.0011998371022301016,True,False
NanoMine,loading_focus_soft__no_settings__L1.00__K12,paper ARI gain vs material-only,0.041697380004527204,0.066238640624433,0.06863197913182871,0.026934599127301506,True,False
NanoMine,loading_focus_soft__no_settings__L1.00__K20,paper ARI gain vs material-only,0.07590912352637962,0.1288783562256629,0.17778705587955512,0.10187793235317551,True,False
NanoMine,loading_focus_soft__no_settings__L1.00__K30,paper ARI gain vs material-only,0.1483569739487277,0.19512109603895011,0.2740482744935323,0.1256913005448046,True,False
NanoMine,loading_focus_soft__no_settings__L1.00__K50,paper ARI gain vs material-only,0.30268776911461903,0.3638370034299738,0.5092437111821767,0.20655594206755767,True,False
NanoMine,loading_focus_soft__no_settings__L1.00__K80,paper ARI gain vs material-only,0.25176143185779465,0.35117919911752105,0.6636128505403439,0.41185141868254926,True,False
NanoMine,loading_focus_soft__sequence__L0.25__K8,paper ARI gain vs material-only,0.0010102133454077998,0.0034216674348517997,0.0009115762405652,0.0025100911942865997,True,False
NanoMine,loading_focus_soft__sequence__L0.25__K12,paper ARI gain vs material-only,0.0064828773945214,0.006624220645257401,0.0009991694497969998,0.0056250511954604,True,False
NanoMine,loading_focus_soft__sequence__L0.25__K20,paper ARI gain vs material-only,-0.043054093077595994,0.012501008563946904,0.00045316134735279984,0.0555551016415429,False,True
NanoMine,loading_focus_soft__sequence__L0.25__K30,paper ARI gain vs material-only,0.03365180275913571,0.045210739275379996,0.00041426924216859994,0.0447964700332114,True,False
NanoMine,loading_focus_soft__sequence__L0.25__K50,paper ARI gain vs material-only,0.053412202071301984,0.045246177389005576,0.0005567188437409997,0.052855483227560986,True,False
NanoMine,loading_focus_soft__sequence__L0.25__K80,paper ARI gain vs material-only,0.12176943616237412,0.16610161384143007,0.0036365360438574,0.16246507779757266,True,False
NanoMine,loading_focus_soft__sequence__L0.50__K8,paper ARI gain vs material-only,0.008024403557329399,0.0025303946902199997,-0.0004974848211930002,0.0085218883785224,False,True
NanoMine,loading_focus_soft__sequence__L0.50__K12,paper ARI gain vs material-only,0.061469222085858005,0.0759530595937738,0.0007848808782549999,0.0751681787155188,True,False
NanoMine,loading_focus_soft__sequence__L0.50__K20,paper ARI gain vs material-only,0.04781394313641861,0.08180076490730259,0.0028096036471265,0.0789911612601761,True,False
NanoMine,loading_focus_soft__sequence__L0.50__K30,paper ARI gain vs material-only,0.1294455375107506,0.10504104355687871,0.0081048744942386,0.121340663016512,True,False
NanoMine,loading_focus_soft__sequence__L0.50__K50,paper ARI gain vs material-only,0.2269353419735931,0.20243701349079202,0.1066851368363282,0.1202502051372649,True,False
NanoMine,loading_focus_soft__sequence__L0.50__K80,paper ARI gain vs material-only,0.2899349847611572,0.3683912851665705,0.2752924576416863,0.09309882752488419,True,False
NanoMine,loading_focus_soft__sequence__L0.75__K8,paper ARI gain vs material-only,0.0455070031925772,0.0279119619660022,0.0157950360313651,0.0297119671612121,True,False
NanoMine,loading_focus_soft__sequence__L0.75__K12,paper ARI gain vs material-only,0.0924764152598353,0.128219164796247,0.0975230883136325,0.03574274953641171,True,False
NanoMine,loading_focus_soft__sequence__L0.75__K20,paper ARI gain vs material-only,0.0753814634081423,0.1087910458328128,0.17607772377815992,0.10069626037001762,True,False
NanoMine,loading_focus_soft__sequence__L0.75__K30,paper ARI gain vs material-only,0.1418395489755363,0.17929023779146958,0.2126265275128332,0.0707869785372969,True,False
NanoMine,loading_focus_soft__sequence__L0.75__K50,paper ARI gain vs material-only,0.30906609046655065,0.342094600973133,0.4705865394570418,0.16152044899049117,True,False
NanoMine,loading_focus_soft__sequence__L0.75__K80,paper ARI gain vs material-only,0.2764402296791437,0.38548371543449556,0.6747198437440464,0.39827961406490264,True,False
NanoMine,loading_focus_soft__sequence__L1.00__K8,paper ARI gain vs material-only,0.0330765645149556,0.029561563156464,0.024514071841543802,0.0085624926734118,True,False
NanoMine,loading_focus_soft__sequence__L1.00__K12,paper ARI gain vs material-only,0.0787328253705307,0.1171969135857045,0.10990463043450531,0.0384640882151738,True,False
NanoMine,loading_focus_soft__sequence__L1.00__K20,paper ARI gain vs material-only,0.0865809464538189,0.1492230748167723,0.2016165457607435,0.1150355993069246,True,False
NanoMine,loading_focus_soft__sequence__L1.00__K30,paper ARI gain vs material-only,0.18541811810790548,0.223113609501487,0.3266889207397759,0.14127080263187042,True,False
NanoMine,loading_focus_soft__sequence__L1.00__K50,paper ARI gain vs material-only,0.1965066302383393,0.3217387767939318,0.5018517550799283,0.305345124841589,True,False
NanoMine,loading_focus_soft__sequence__L1.00__K80,paper ARI gain vs material-only,0.2682284101425986,0.3721358317102259,0.7004985123835635,0.43227010224096496,True,False
NanoMine,loading_focus_soft__settings_all__L0.25__K8,paper ARI gain vs material-only,0.0010004829988940998,0.0017446363566202996,0.0001163066437864001,0.0016283297128338995,True,False
NanoMine,loading_focus_soft__settings_all__L0.25__K12,paper ARI gain vs material-only,-0.0262370669858839,0.0016776130089981005,0.00012243285550180005,0.027914679994882,False,True
NanoMine,loading_focus_soft__settings_all__L0.25__K20,paper ARI gain vs material-only,-0.03043676482996889,0.017569170795890703,1.1264457926199976e-05,0.04800593562585959,False,True
NanoMine,loading_focus_soft__settings_all__L0.25__K30,paper ARI gain vs material-only,0.0259979566333938,0.0343632931641545,0.00039628607348939993,0.0339670070906651,True,False
NanoMine,loading_focus_soft__settings_all__L0.25__K50,paper ARI gain vs material-only,-0.009958247115625207,0.023719175085331584,0.0008804007946244001,0.03367742220095679,False,True
NanoMine,loading_focus_soft__settings_all__L0.25__K80,paper ARI gain vs material-only,0.08520512191593299,0.1648115818521464,0.0035327130035812,0.16127886884856518,True,False
NanoMine,loading_focus_soft__settings_all__L0.50__K8,paper ARI gain vs material-only,0.0020451289481491996,0.0012949074657301004,-0.0004701958442793002,0.0025153247924284998,False,True
NanoMine,loading_focus_soft__settings_all__L0.50__K12,paper ARI gain vs material-only,-0.0060366755020296,0.0188845776408587,0.0013333543902731997,0.0249212531428883,False,True
NanoMine,loading_focus_soft__settings_all__L0.50__K20,paper ARI gain vs material-only,-0.025015789781277692,0.061072678155329206,0.0020237754355712997,0.0860884679366069,False,True
NanoMine,loading_focus_soft__settings_all__L0.50__K30,paper ARI gain vs material-only,0.024292726991463592,0.05209393054532441,0.0079649544738738,0.04412897607145061,True,False
NanoMine,loading_focus_soft__settings_all__L0.50__K50,paper ARI gain vs material-only,0.1813679403736122,0.13619985237128357,0.0942868697317274,0.0870810706418848,True,False
NanoMine,loading_focus_soft__settings_all__L0.50__K80,paper ARI gain vs material-only,0.2167015537749003,0.31862675506962457,0.354099642528028,0.1373980887531277,True,False
NanoMine,loading_focus_soft__settings_all__L0.75__K8,paper ARI gain vs material-only,0.0369603321248792,0.0207488293974963,0.013341366338476001,0.0236189657864032,True,False
NanoMine,loading_focus_soft__settings_all__L0.75__K12,paper ARI gain vs material-only,0.044346735494586106,0.039178759016413704,0.031542086774323,0.012804648720263108,True,False
NanoMine,loading_focus_soft__settings_all__L0.75__K20,paper ARI gain vs material-only,0.057198787009514904,0.09310600781444409,0.1314254121701743,0.0742266251606594,True,False
NanoMine,loading_focus_soft__settings_all__L0.75__K30,paper ARI gain vs material-only,0.0965627711015263,0.17020508460816752,0.2153299802096349,0.11876720910810859,True,False
NanoMine,loading_focus_soft__settings_all__L0.75__K50,paper ARI gain vs material-only,0.1742217821817199,0.2865590611186683,0.4492039234313867,0.2749821412496668,True,False
NanoMine,loading_focus_soft__settings_all__L0.75__K80,paper ARI gain vs material-only,0.22697697229949443,0.35286922439222124,0.6634190399760073,0.43644206767651283,True,False
NanoMine,loading_focus_soft__settings_all__L1.00__K8,paper ARI gain vs material-only,0.0356968080821544,0.0204199973717835,0.0353120644365737,0.0152768107103709,True,False
NanoMine,loading_focus_soft__settings_all__L1.00__K12,paper ARI gain vs material-only,0.036001198458616296,0.0700114567055991,0.09298138565298371,0.05698018719436741,True,False
NanoMine,loading_focus_soft__settings_all__L1.00__K20,paper ARI gain vs material-only,0.04616389142824222,0.1344896987783892,0.19857755901915522,0.15241366759091302,True,False
NanoMine,loading_focus_soft__settings_all__L1.00__K30,paper ARI gain vs material-only,0.0869572982446262,0.1920117678744941,0.3223834555418823,0.2354261572972561,True,False
NanoMine,loading_focus_soft__settings_all__L1.00__K50,paper ARI gain vs material-only,0.18148792965761928,0.35429381581779407,0.5228889954297389,0.3414010657721196,True,False
NanoMine,loading_focus_soft__settings_all__L1.00__K80,paper ARI gain vs material-only,0.21852907781331565,0.3982785782845226,0.7450601416110532,0.5265310637977375,True,False
NanoMine,loading_focus_soft__settings_numeric__L0.25__K8,paper ARI gain vs material-only,0.0006116961469567,0.0019513871015508998,0.00033502783867569996,0.0016163592628751998,True,False
NanoMine,loading_focus_soft__settings_numeric__L0.25__K12,paper ARI gain vs material-only,-0.0008862277331747014,0.0021623566480785004,0.0003134757977949999,0.0030485843812532018,False,True
NanoMine,loading_focus_soft__settings_numeric__L0.25__K20,paper ARI gain vs material-only,-0.021050375669465396,0.0244485091914041,0.0003055558261896999,0.0454988848608695,False,True
NanoMine,loading_focus_soft__settings_numeric__L0.25__K30,paper ARI gain vs material-only,0.027768807883025798,0.0421651591845149,0.0003361887406898999,0.041828970443825,True,False
NanoMine,loading_focus_soft__settings_numeric__L0.25__K50,paper ARI gain vs material-only,-0.005570573018872094,0.042261872413541984,0.0005461502981428,0.04783244543241408,False,True
NanoMine,loading_focus_soft__settings_numeric__L0.25__K80,paper ARI gain vs material-only,0.0714088939524557,0.1023095562709262,0.0032365047845331995,0.09907305148639299,True,False
NanoMine,loading_focus_soft__settings_numeric__L0.50__K8,paper ARI gain vs material-only,0.0008331978532471998,0.0200104441035442,0.00048250632903519986,0.019527937774509,True,False
NanoMine,loading_focus_soft__settings_numeric__L0.50__K12,paper ARI gain vs material-only,0.0352871197297321,0.06184763874339791,0.00044681603113070007,0.06140082271226721,True,False
NanoMine,loading_focus_soft__settings_numeric__L0.50__K20,paper ARI gain vs material-only,-0.014572098429940492,0.08614231311843021,0.002350249992433,0.1007144115483707,False,True
NanoMine,loading_focus_soft__settings_numeric__L0.50__K30,paper ARI gain vs material-only,0.0638664886204347,0.1262553046838286,0.0087402719937084,0.11751503269012019,True,False
NanoMine,loading_focus_soft__settings_numeric__L0.50__K50,paper ARI gain vs material-only,0.214698177750631,0.19643676742143518,0.0930381253928074,0.1216600523578236,True,False
NanoMine,loading_focus_soft__settings_numeric__L0.50__K80,paper ARI gain vs material-only,0.2611561118861355,0.3008670151073939,0.3283067956624134,0.06715068377627786,True,False
NanoMine,loading_focus_soft__settings_numeric__L0.75__K8,paper ARI gain vs material-only,0.0371631098119062,0.0944217682439149,0.0023175931033819,0.09210417514053301,True,False
NanoMine,loading_focus_soft__settings_numeric__L0.75__K12,paper ARI gain vs material-only,0.0404625283436479,0.1126632662478203,0.029300934948920797,0.0833623312988995,True,False
NanoMine,loading_focus_soft__settings_numeric__L0.75__K20,paper ARI gain vs material-only,0.0691533485067116,0.1118395826213601,0.1455655483151752,0.0764121998084636,True,False
NanoMine,loading_focus_soft__settings_numeric__L0.75__K30,paper ARI gain vs material-only,0.11241243086007591,0.1931347678622144,0.23258995036508978,0.12017751950501387,True,False
NanoMine,loading_focus_soft__settings_numeric__L0.75__K50,paper ARI gain vs material-only,0.1693388415468028,0.3621237867941547,0.4319377825197681,0.2625989409729653,True,False
NanoMine,loading_focus_soft__settings_numeric__L0.75__K80,paper ARI gain vs material-only,0.2723133605066702,0.385379399434172,0.6622821667091364,0.3899688062024662,True,False
NanoMine,loading_focus_soft__settings_numeric__L1.00__K8,paper ARI gain vs material-only,0.037041702020936,0.0586096657703954,0.0021354513866107,0.0564742143837847,True,False
NanoMine,loading_focus_soft__settings_numeric__L1.00__K12,paper ARI gain vs material-only,0.046503964251068106,0.1051237035721856,0.1215418658270497,0.0750379015759816,True,False
NanoMine,loading_focus_soft__settings_numeric__L1.00__K20,paper ARI gain vs material-only,0.000983176054696805,0.19564377395913948,0.18633610396186912,0.19466059790444268,True,False
NanoMine,loading_focus_soft__settings_numeric__L1.00__K30,paper ARI gain vs material-only,0.1043011856838188,0.2748257010660216,0.3094429655834167,0.20514177989959792,True,False
NanoMine,loading_focus_soft__settings_numeric__L1.00__K50,paper ARI gain vs material-only,0.2625118266946218,0.40349840335336595,0.5134998919418432,0.2509880652472214,True,False
NanoMine,loading_focus_soft__settings_numeric__L1.00__K80,paper ARI gain vs material-only,0.20365206181884787,0.40457157668265087,0.7165992177487568,0.5129471559299089,True,False
PNCExtract,filler_focus__K8,same-paper co-assignment lift,1.0100929035854926,1.0100929035854926,1.0100929035854926,0.0,True,False
PNCExtract,filler_focus__K12,same-paper co-assignment lift,1.1848844583048972,1.1848844583048972,1.1848844583048972,0.0,True,False
PNCExtract,filler_focus__K20,same-paper co-assignment lift,1.3625632742439402,1.3625632742439402,1.3625632742439402,0.0,True,False
PNCExtract,filler_focus__K30,same-paper co-assignment lift,6.597782929472031,6.597782929472031,6.597782929472031,0.0,True,False
PNCExtract,filler_focus__K50,same-paper co-assignment lift,11.004481211434191,11.004481211434191,11.004481211434191,0.0,True,False
PNCExtract,filler_focus__K80,same-paper co-assignment lift,10.988371632479431,10.988371632479431,10.988371632479431,0.0,True,False
PNCExtract,loading_focus__K8,same-paper co-assignment lift,2.9583331970976383,1.011406441238821,1.0482812595155546,1.9469267558588172,True,False
PNCExtract,loading_focus__K12,same-paper co-assignment lift,4.4692261885641855,1.049860486586716,1.078391535673603,3.4193657019774695,True,False
PNCExtract,loading_focus__K20,same-paper co-assignment lift,4.6011886460662,1.8319551332514727,2.1106739110206734,2.7692335128147274,True,False
PNCExtract,loading_focus__K30,same-paper co-assignment lift,7.641750025576218,3.248636062919432,2.130554010316489,5.511196015259729,True,False
PNCExtract,loading_focus__K50,same-paper co-assignment lift,10.200388411941832,3.23029893398956,2.115806206790267,8.084582205151564,True,False
PNCExtract,loading_focus__K80,same-paper co-assignment lift,19.858437356312518,8.41426053039338,2.2169516123653694,17.641485743947147,True,False
PNCExtract,matrix_focus__K8,same-paper co-assignment lift,1.0456940765006253,1.0456940765006253,1.0456940765006253,0.0,True,False
PNCExtract,matrix_focus__K12,same-paper co-assignment lift,1.3627491633463935,1.3627491633463935,1.3627491633463935,0.0,True,False
PNCExtract,matrix_focus__K20,same-paper co-assignment lift,6.152232304274613,6.152232304274613,6.152232304274613,0.0,True,False
PNCExtract,matrix_focus__K30,same-paper co-assignment lift,7.541785094657896,7.541785094657896,7.541785094657896,0.0,True,False
PNCExtract,matrix_focus__K50,same-paper co-assignment lift,11.86554079984163,11.86554079984163,11.86554079984163,0.0,True,False
PNCExtract,matrix_focus__K80,same-paper co-assignment lift,14.501740971387544,14.501740971387544,14.501740971387544,0.0,True,False
PNCExtract,soft_equal__K8,same-paper co-assignment lift,1.6188675414043114,1.6188675414043114,1.6188675414043114,0.0,True,False
PNCExtract,soft_equal__K12,same-paper co-assignment lift,2.9691142062366813,2.9691142062366813,2.9691142062366813,0.0,True,False
PNCExtract,soft_equal__K20,same-paper co-assignment lift,5.800463755292431,5.800463755292431,5.800463755292431,0.0,True,False
PNCExtract,soft_equal__K30,same-paper co-assignment lift,8.406901561979046,8.406901561979046,8.406901561979046,0.0,True,False
PNCExtract,soft_equal__K50,same-paper co-assignment lift,13.069628536510663,13.069628536510663,13.069628536510663,0.0,True,False
PNCExtract,soft_equal__K80,same-paper co-assignment lift,17.612660241117798,17.612660241117798,17.612660241117798,0.0,True,False
PNCExtract,soft_loading__K8,same-paper co-assignment lift,2.1309871249590606,1.0269300003771036,1.0424527862369577,1.104057124581957,True,False
PNCExtract,soft_loading__K12,same-paper co-assignment lift,3.0389332501638533,1.7704596825976509,2.00779648928025,1.2684735675662024,True,False
PNCExtract,soft_loading__K20,same-paper co-assignment lift,5.885931123438309,5.875369171345084,2.1633246756043283,3.7226064478339804,True,False
PNCExtract,soft_loading__K30,same-paper co-assignment lift,8.45545591305765,9.880565712550498,4.348764735014225,5.531800977536273,True,False
PNCExtract,soft_loading__K50,same-paper co-assignment lift,10.668773341467777,10.84087500149044,10.862965607934475,0.19419226646669863,True,False
PNCExtract,soft_loading__K80,same-paper co-assignment lift,15.649733778722068,15.938808331985308,15.104787370486278,0.8340209614990304,True,False
PNCExtract,strict_equal__K8,same-paper co-assignment lift,1.018036378984287,1.018036378984287,1.018036378984287,0.0,True,False
PNCExtract,strict_equal__K12,same-paper co-assignment lift,1.2692612598826765,1.2692612598826765,1.2692612598826765,0.0,True,False
PNCExtract,strict_equal__K20,same-paper co-assignment lift,2.9367150001779656,2.9367150001779656,2.9367150001779656,0.0,True,False
PNCExtract,strict_equal__K30,same-paper co-assignment lift,7.09541441095055,7.09541441095055,7.09541441095055,0.0,True,False
PNCExtract,strict_equal__K50,same-paper co-assignment lift,15.647984697751369,15.647984697751369,15.647984697751369,0.0,True,False
PNCExtract,strict_equal__K80,same-paper co-assignment lift,16.21291428345349,16.21291428345349,16.21291428345349,0.0,True,False
PNCExtract,strict_loading__K8,same-paper co-assignment lift,1.5189652589208689,1.0084462023045575,1.0411642015434408,0.5105190566163114,True,False
PNCExtract,strict_loading__K12,same-paper co-assignment lift,1.522743472129214,1.037603248494745,1.0536973242184564,0.48514022363446885,True,False
PNCExtract,strict_loading__K20,same-paper co-assignment lift,2.960295144600629,1.5742915476742063,1.8327477367697,1.3860035969264228,True,False
PNCExtract,strict_loading__K30,same-paper co-assignment lift,6.70062678943897,7.151013114839668,4.449778764234975,2.701234350604693,True,False
PNCExtract,strict_loading__K50,same-paper co-assignment lift,12.07255272296868,11.27886143144424,9.394176427137824,2.678376295830857,True,False
PNCExtract,strict_loading__K80,same-paper co-assignment lift,22.66392821091705,11.576162388031614,9.3554207575421,13.308507453374949,True,False
