dataset,view,global_metric,global_value,global_gain,local_metric,local_value,local_gain,improves_global,improves_local
HTEM,EQ__reported__L010__K25,source-adjusted excess gain vs composition,0.0128400417381708,0.0128400417381708,MRR gain vs composition,0.0379165779982524,-0.0049049683650158,True,False
HTEM,EQ__reported__L010__K50,source-adjusted excess gain vs composition,0.06843476087079,0.06843476087079,MRR gain vs composition,0.0379165779982524,-0.0049049683650158,True,False
HTEM,EQ__reported__L010__K75,source-adjusted excess gain vs composition,0.0042332134002307,0.0042332134002307,MRR gain vs composition,0.0379165779982524,-0.0049049683650158,True,False
HTEM,EQ__reported__L010__K100,source-adjusted excess gain vs composition,0.0207582777114195,0.0207582777114195,MRR gain vs composition,0.0379165779982524,-0.0049049683650158,True,False
HTEM,EQ__reported__L010__K125,source-adjusted excess gain vs composition,0.0337070589407947,0.0337070589407947,MRR gain vs composition,0.0379165779982524,-0.0049049683650158,True,False
HTEM,EQ__reported__L010__K150,source-adjusted excess gain vs composition,-0.0206736304276314,-0.0206736304276314,MRR gain vs composition,0.0379165779982524,-0.0049049683650158,False,False
HTEM,EQ__reported__L010__K200,source-adjusted excess gain vs composition,0.0051491269787923,0.0051491269787923,MRR gain vs composition,0.0379165779982524,-0.0049049683650158,True,False
HTEM,EQ__reported__L010__K250,source-adjusted excess gain vs composition,0.0071580358195998,0.0071580358195998,MRR gain vs composition,0.0379165779982524,-0.0049049683650158,True,False
HTEM,EQ__reported__L010__K300,source-adjusted excess gain vs composition,0.0025013296661619,0.0025013296661619,MRR gain vs composition,0.0379165779982524,-0.0049049683650158,True,False
HTEM,EQ__reported__L010__K400,source-adjusted excess gain vs composition,0.0059907491890646,0.0059907491890646,MRR gain vs composition,0.0379165779982524,-0.0049049683650158,True,False
HTEM,EQ__reported__L025__K25,source-adjusted excess gain vs composition,0.002281475169187,0.002281475169187,MRR gain vs composition,0.0393962669826179,-0.0034252793806503,True,False
HTEM,EQ__reported__L025__K50,source-adjusted excess gain vs composition,0.0854910038880467,0.0854910038880467,MRR gain vs composition,0.0393962669826179,-0.0034252793806503,True,False
HTEM,EQ__reported__L025__K75,source-adjusted excess gain vs composition,0.050367894294616,0.050367894294616,MRR gain vs composition,0.0393962669826179,-0.0034252793806503,True,False
HTEM,EQ__reported__L025__K100,source-adjusted excess gain vs composition,0.0392129486335665,0.0392129486335665,MRR gain vs composition,0.0393962669826179,-0.0034252793806503,True,False
HTEM,EQ__reported__L025__K125,source-adjusted excess gain vs composition,0.0016411328356678,0.0016411328356678,MRR gain vs composition,0.0393962669826179,-0.0034252793806503,True,False
HTEM,EQ__reported__L025__K150,source-adjusted excess gain vs composition,0.0071405148545483,0.0071405148545483,MRR gain vs composition,0.0393962669826179,-0.0034252793806503,True,False
HTEM,EQ__reported__L025__K200,source-adjusted excess gain vs composition,0.0106512515877555,0.0106512515877555,MRR gain vs composition,0.0393962669826179,-0.0034252793806503,True,False
HTEM,EQ__reported__L025__K250,source-adjusted excess gain vs composition,-0.0009499130960864,-0.0009499130960864,MRR gain vs composition,0.0393962669826179,-0.0034252793806503,False,False
HTEM,EQ__reported__L025__K300,source-adjusted excess gain vs composition,0.0262803314803752,0.0262803314803752,MRR gain vs composition,0.0393962669826179,-0.0034252793806503,True,False
HTEM,EQ__reported__L025__K400,source-adjusted excess gain vs composition,0.0212938256424857,0.0212938256424857,MRR gain vs composition,0.0393962669826179,-0.0034252793806503,True,False
HTEM,EQ__reported__L050__K25,source-adjusted excess gain vs composition,0.0658166728494675,0.0658166728494675,MRR gain vs composition,0.0402833697960645,-0.0025381765672036,True,False
HTEM,EQ__reported__L050__K50,source-adjusted excess gain vs composition,0.1329562230942522,0.1329562230942522,MRR gain vs composition,0.0402833697960645,-0.0025381765672036,True,False
HTEM,EQ__reported__L050__K75,source-adjusted excess gain vs composition,0.0650219464078162,0.0650219464078162,MRR gain vs composition,0.0402833697960645,-0.0025381765672036,True,False
HTEM,EQ__reported__L050__K100,source-adjusted excess gain vs composition,0.0270396577446256,0.0270396577446256,MRR gain vs composition,0.0402833697960645,-0.0025381765672036,True,False
HTEM,EQ__reported__L050__K125,source-adjusted excess gain vs composition,0.0221076342823732,0.0221076342823732,MRR gain vs composition,0.0402833697960645,-0.0025381765672036,True,False
HTEM,EQ__reported__L050__K150,source-adjusted excess gain vs composition,0.045777259366244,0.045777259366244,MRR gain vs composition,0.0402833697960645,-0.0025381765672036,True,False
HTEM,EQ__reported__L050__K200,source-adjusted excess gain vs composition,0.0745714394009924,0.0745714394009924,MRR gain vs composition,0.0402833697960645,-0.0025381765672036,True,False
HTEM,EQ__reported__L050__K250,source-adjusted excess gain vs composition,0.0372950676810979,0.0372950676810979,MRR gain vs composition,0.0402833697960645,-0.0025381765672036,True,False
HTEM,EQ__reported__L050__K300,source-adjusted excess gain vs composition,0.047252635221883,0.047252635221883,MRR gain vs composition,0.0402833697960645,-0.0025381765672036,True,False
HTEM,EQ__reported__L050__K400,source-adjusted excess gain vs composition,0.04100613586638,0.04100613586638,MRR gain vs composition,0.0402833697960645,-0.0025381765672036,True,False
HTEM,EQ__reported__L075__K25,source-adjusted excess gain vs composition,0.0719112726678288,0.0719112726678288,MRR gain vs composition,0.0406708500354411,-0.002150696327827,True,False
HTEM,EQ__reported__L075__K50,source-adjusted excess gain vs composition,0.0914233218901392,0.0914233218901392,MRR gain vs composition,0.0406708500354411,-0.002150696327827,True,False
HTEM,EQ__reported__L075__K75,source-adjusted excess gain vs composition,0.1024644315187253,0.1024644315187253,MRR gain vs composition,0.0406708500354411,-0.002150696327827,True,False
HTEM,EQ__reported__L075__K100,source-adjusted excess gain vs composition,0.0500901497056169,0.0500901497056169,MRR gain vs composition,0.0406708500354411,-0.002150696327827,True,False
HTEM,EQ__reported__L075__K125,source-adjusted excess gain vs composition,0.0522392877785338,0.0522392877785338,MRR gain vs composition,0.0406708500354411,-0.002150696327827,True,False
HTEM,EQ__reported__L075__K150,source-adjusted excess gain vs composition,0.0429040411421682,0.0429040411421682,MRR gain vs composition,0.0406708500354411,-0.002150696327827,True,False
HTEM,EQ__reported__L075__K200,source-adjusted excess gain vs composition,0.0905099112809669,0.0905099112809669,MRR gain vs composition,0.0406708500354411,-0.002150696327827,True,False
HTEM,EQ__reported__L075__K250,source-adjusted excess gain vs composition,0.0847911276459507,0.0847911276459507,MRR gain vs composition,0.0406708500354411,-0.002150696327827,True,False
HTEM,EQ__reported__L075__K300,source-adjusted excess gain vs composition,0.0610142483375055,0.0610142483375055,MRR gain vs composition,0.0406708500354411,-0.002150696327827,True,False
HTEM,EQ__reported__L075__K400,source-adjusted excess gain vs composition,0.0665826953016884,0.0665826953016884,MRR gain vs composition,0.0406708500354411,-0.002150696327827,True,False
HTEM,EQ__reported__L100__K25,source-adjusted excess gain vs composition,0.0399561546526288,0.0399561546526288,MRR gain vs composition,0.0407872329464813,-0.0020343134167868,True,False
HTEM,EQ__reported__L100__K50,source-adjusted excess gain vs composition,0.1099772640820356,0.1099772640820356,MRR gain vs composition,0.0407872329464813,-0.0020343134167868,True,False
HTEM,EQ__reported__L100__K75,source-adjusted excess gain vs composition,0.0564429348168677,0.0564429348168677,MRR gain vs composition,0.0407872329464813,-0.0020343134167868,True,False
HTEM,EQ__reported__L100__K100,source-adjusted excess gain vs composition,0.0363507567685758,0.0363507567685758,MRR gain vs composition,0.0407872329464813,-0.0020343134167868,True,False
HTEM,EQ__reported__L100__K125,source-adjusted excess gain vs composition,0.0798796693610204,0.0798796693610204,MRR gain vs composition,0.0407872329464813,-0.0020343134167868,True,False
HTEM,EQ__reported__L100__K150,source-adjusted excess gain vs composition,0.0639146256594874,0.0639146256594874,MRR gain vs composition,0.0407872329464813,-0.0020343134167868,True,False
HTEM,EQ__reported__L100__K200,source-adjusted excess gain vs composition,0.0937136777241791,0.0937136777241791,MRR gain vs composition,0.0407872329464813,-0.0020343134167868,True,False
HTEM,EQ__reported__L100__K250,source-adjusted excess gain vs composition,0.0679368612376946,0.0679368612376946,MRR gain vs composition,0.0407872329464813,-0.0020343134167868,True,False
HTEM,EQ__reported__L100__K300,source-adjusted excess gain vs composition,0.0709912103615184,0.0709912103615184,MRR gain vs composition,0.0407872329464813,-0.0020343134167868,True,False
HTEM,EQ__reported__L100__K400,source-adjusted excess gain vs composition,0.0404970753930213,0.0404970753930213,MRR gain vs composition,0.0407872329464813,-0.0020343134167868,True,False
HTEM,SOURCE55__reported__L010__K25,source-adjusted excess gain vs composition,0.0131073781158705,0.0131073781158705,MRR gain vs composition,0.0379842845003841,-0.004837261862884,True,False
HTEM,SOURCE55__reported__L010__K50,source-adjusted excess gain vs composition,0.0471977281129252,0.0471977281129252,MRR gain vs composition,0.0379842845003841,-0.004837261862884,True,False
HTEM,SOURCE55__reported__L010__K75,source-adjusted excess gain vs composition,0.0361374815926514,0.0361374815926514,MRR gain vs composition,0.0379842845003841,-0.004837261862884,True,False
HTEM,SOURCE55__reported__L010__K100,source-adjusted excess gain vs composition,0.0391926119405711,0.0391926119405711,MRR gain vs composition,0.0379842845003841,-0.004837261862884,True,False
HTEM,SOURCE55__reported__L010__K125,source-adjusted excess gain vs composition,0.0343339267883054,0.0343339267883054,MRR gain vs composition,0.0379842845003841,-0.004837261862884,True,False
HTEM,SOURCE55__reported__L010__K150,source-adjusted excess gain vs composition,-0.0204166909349375,-0.0204166909349375,MRR gain vs composition,0.0379842845003841,-0.004837261862884,False,False
HTEM,SOURCE55__reported__L010__K200,source-adjusted excess gain vs composition,0.0093520329880902,0.0093520329880902,MRR gain vs composition,0.0379842845003841,-0.004837261862884,True,False
HTEM,SOURCE55__reported__L010__K250,source-adjusted excess gain vs composition,-0.012743296030143,-0.012743296030143,MRR gain vs composition,0.0379842845003841,-0.004837261862884,False,False
HTEM,SOURCE55__reported__L010__K300,source-adjusted excess gain vs composition,-0.0083065586756003,-0.0083065586756003,MRR gain vs composition,0.0379842845003841,-0.004837261862884,False,False
HTEM,SOURCE55__reported__L010__K400,source-adjusted excess gain vs composition,0.001428778187488,0.001428778187488,MRR gain vs composition,0.0379842845003841,-0.004837261862884,True,False
HTEM,SOURCE55__reported__L025__K25,source-adjusted excess gain vs composition,0.021446827605403,0.021446827605403,MRR gain vs composition,0.0395275378359027,-0.0032940085273654,True,False
HTEM,SOURCE55__reported__L025__K50,source-adjusted excess gain vs composition,0.0860265094043277,0.0860265094043277,MRR gain vs composition,0.0395275378359027,-0.0032940085273654,True,False
HTEM,SOURCE55__reported__L025__K75,source-adjusted excess gain vs composition,0.0372880666725016,0.0372880666725016,MRR gain vs composition,0.0395275378359027,-0.0032940085273654,True,False
HTEM,SOURCE55__reported__L025__K100,source-adjusted excess gain vs composition,0.0429847253128498,0.0429847253128498,MRR gain vs composition,0.0395275378359027,-0.0032940085273654,True,False
HTEM,SOURCE55__reported__L025__K125,source-adjusted excess gain vs composition,0.0187722062606476,0.0187722062606476,MRR gain vs composition,0.0395275378359027,-0.0032940085273654,True,False
HTEM,SOURCE55__reported__L025__K150,source-adjusted excess gain vs composition,0.0224927805138779,0.0224927805138779,MRR gain vs composition,0.0395275378359027,-0.0032940085273654,True,False
HTEM,SOURCE55__reported__L025__K200,source-adjusted excess gain vs composition,0.0244772732270268,0.0244772732270268,MRR gain vs composition,0.0395275378359027,-0.0032940085273654,True,False
HTEM,SOURCE55__reported__L025__K250,source-adjusted excess gain vs composition,0.002360684480179,0.002360684480179,MRR gain vs composition,0.0395275378359027,-0.0032940085273654,True,False
HTEM,SOURCE55__reported__L025__K300,source-adjusted excess gain vs composition,0.0150498493669399,0.0150498493669399,MRR gain vs composition,0.0395275378359027,-0.0032940085273654,True,False
HTEM,SOURCE55__reported__L025__K400,source-adjusted excess gain vs composition,0.0141210622730879,0.0141210622730879,MRR gain vs composition,0.0395275378359027,-0.0032940085273654,True,False
HTEM,SOURCE55__reported__L050__K25,source-adjusted excess gain vs composition,0.0653638432228997,0.0653638432228997,MRR gain vs composition,0.0402943335795684,-0.0025272127836997,True,False
HTEM,SOURCE55__reported__L050__K50,source-adjusted excess gain vs composition,0.1292576359472877,0.1292576359472877,MRR gain vs composition,0.0402943335795684,-0.0025272127836997,True,False
HTEM,SOURCE55__reported__L050__K75,source-adjusted excess gain vs composition,0.0701911671072375,0.0701911671072375,MRR gain vs composition,0.0402943335795684,-0.0025272127836997,True,False
HTEM,SOURCE55__reported__L050__K100,source-adjusted excess gain vs composition,0.0377346635171491,0.0377346635171491,MRR gain vs composition,0.0402943335795684,-0.0025272127836997,True,False
HTEM,SOURCE55__reported__L050__K125,source-adjusted excess gain vs composition,0.0909112004070548,0.0909112004070548,MRR gain vs composition,0.0402943335795684,-0.0025272127836997,True,False
HTEM,SOURCE55__reported__L050__K150,source-adjusted excess gain vs composition,0.0763669878142034,0.0763669878142034,MRR gain vs composition,0.0402943335795684,-0.0025272127836997,True,False
HTEM,SOURCE55__reported__L050__K200,source-adjusted excess gain vs composition,0.0983881914167315,0.0983881914167315,MRR gain vs composition,0.0402943335795684,-0.0025272127836997,True,False
HTEM,SOURCE55__reported__L050__K250,source-adjusted excess gain vs composition,0.0255782038283711,0.0255782038283711,MRR gain vs composition,0.0402943335795684,-0.0025272127836997,True,False
HTEM,SOURCE55__reported__L050__K300,source-adjusted excess gain vs composition,0.0506476081851623,0.0506476081851623,MRR gain vs composition,0.0402943335795684,-0.0025272127836997,True,False
HTEM,SOURCE55__reported__L050__K400,source-adjusted excess gain vs composition,0.0502118021057947,0.0502118021057947,MRR gain vs composition,0.0402943335795684,-0.0025272127836997,True,False
HTEM,SOURCE55__reported__L075__K25,source-adjusted excess gain vs composition,0.0316234669940444,0.0316234669940444,MRR gain vs composition,0.040724738528893,-0.0020968078343751,True,False
HTEM,SOURCE55__reported__L075__K50,source-adjusted excess gain vs composition,0.111178677432207,0.111178677432207,MRR gain vs composition,0.040724738528893,-0.0020968078343751,True,False
HTEM,SOURCE55__reported__L075__K75,source-adjusted excess gain vs composition,0.083818495761673,0.083818495761673,MRR gain vs composition,0.040724738528893,-0.0020968078343751,True,False
HTEM,SOURCE55__reported__L075__K100,source-adjusted excess gain vs composition,0.0591368582022037,0.0591368582022037,MRR gain vs composition,0.040724738528893,-0.0020968078343751,True,False
HTEM,SOURCE55__reported__L075__K125,source-adjusted excess gain vs composition,0.06466435601909,0.06466435601909,MRR gain vs composition,0.040724738528893,-0.0020968078343751,True,False
HTEM,SOURCE55__reported__L075__K150,source-adjusted excess gain vs composition,0.06084135318537,0.06084135318537,MRR gain vs composition,0.040724738528893,-0.0020968078343751,True,False
HTEM,SOURCE55__reported__L075__K200,source-adjusted excess gain vs composition,0.0990866810731471,0.0990866810731471,MRR gain vs composition,0.040724738528893,-0.0020968078343751,True,False
HTEM,SOURCE55__reported__L075__K250,source-adjusted excess gain vs composition,0.0638664819502507,0.0638664819502507,MRR gain vs composition,0.040724738528893,-0.0020968078343751,True,False
HTEM,SOURCE55__reported__L075__K300,source-adjusted excess gain vs composition,0.0709648005503448,0.0709648005503448,MRR gain vs composition,0.040724738528893,-0.0020968078343751,True,False
HTEM,SOURCE55__reported__L075__K400,source-adjusted excess gain vs composition,0.0766963752792593,0.0766963752792593,MRR gain vs composition,0.040724738528893,-0.0020968078343751,True,False
HTEM,SOURCE55__reported__L100__K25,source-adjusted excess gain vs composition,0.0738007352064429,0.0738007352064429,MRR gain vs composition,0.0408898368476788,-0.0019317095155893,True,False
HTEM,SOURCE55__reported__L100__K50,source-adjusted excess gain vs composition,0.117272180218214,0.117272180218214,MRR gain vs composition,0.0408898368476788,-0.0019317095155893,True,False
HTEM,SOURCE55__reported__L100__K75,source-adjusted excess gain vs composition,0.0819978160984806,0.0819978160984806,MRR gain vs composition,0.0408898368476788,-0.0019317095155893,True,False
HTEM,SOURCE55__reported__L100__K100,source-adjusted excess gain vs composition,0.0674589450388964,0.0674589450388964,MRR gain vs composition,0.0408898368476788,-0.0019317095155893,True,False
HTEM,SOURCE55__reported__L100__K125,source-adjusted excess gain vs composition,0.1017013251710033,0.1017013251710033,MRR gain vs composition,0.0408898368476788,-0.0019317095155893,True,False
HTEM,SOURCE55__reported__L100__K150,source-adjusted excess gain vs composition,0.109290017688173,0.109290017688173,MRR gain vs composition,0.0408898368476788,-0.0019317095155893,True,False
HTEM,SOURCE55__reported__L100__K200,source-adjusted excess gain vs composition,0.0927631551233245,0.0927631551233245,MRR gain vs composition,0.0408898368476788,-0.0019317095155893,True,False
HTEM,SOURCE55__reported__L100__K250,source-adjusted excess gain vs composition,0.0754603512661046,0.0754603512661046,MRR gain vs composition,0.0408898368476788,-0.0019317095155893,True,False
HTEM,SOURCE55__reported__L100__K300,source-adjusted excess gain vs composition,0.0712698421931183,0.0712698421931183,MRR gain vs composition,0.0408898368476788,-0.0019317095155893,True,False
HTEM,SOURCE55__reported__L100__K400,source-adjusted excess gain vs composition,0.1021450719939163,0.1021450719939163,MRR gain vs composition,0.0408898368476788,-0.0019317095155893,True,False
HTEM,ATMOS55__reported__L010__K25,source-adjusted excess gain vs composition,0.0074659645567634,0.0074659645567634,MRR gain vs composition,0.0379177540128966,-0.0049037923503716,True,False
HTEM,ATMOS55__reported__L010__K50,source-adjusted excess gain vs composition,0.0122651182734462,0.0122651182734462,MRR gain vs composition,0.0379177540128966,-0.0049037923503716,True,False
HTEM,ATMOS55__reported__L010__K75,source-adjusted excess gain vs composition,-0.0003811656950222,-0.0003811656950222,MRR gain vs composition,0.0379177540128966,-0.0049037923503716,False,False
HTEM,ATMOS55__reported__L010__K100,source-adjusted excess gain vs composition,0.0185310190632809,0.0185310190632809,MRR gain vs composition,0.0379177540128966,-0.0049037923503716,True,False
HTEM,ATMOS55__reported__L010__K125,source-adjusted excess gain vs composition,0.0329288348113601,0.0329288348113601,MRR gain vs composition,0.0379177540128966,-0.0049037923503716,True,False
HTEM,ATMOS55__reported__L010__K150,source-adjusted excess gain vs composition,-0.0103582284233526,-0.0103582284233526,MRR gain vs composition,0.0379177540128966,-0.0049037923503716,False,False
HTEM,ATMOS55__reported__L010__K200,source-adjusted excess gain vs composition,0.0060973454867646,0.0060973454867646,MRR gain vs composition,0.0379177540128966,-0.0049037923503716,True,False
HTEM,ATMOS55__reported__L010__K250,source-adjusted excess gain vs composition,-0.0158175384255713,-0.0158175384255713,MRR gain vs composition,0.0379177540128966,-0.0049037923503716,False,False
HTEM,ATMOS55__reported__L010__K300,source-adjusted excess gain vs composition,-0.0074247435856108,-0.0074247435856108,MRR gain vs composition,0.0379177540128966,-0.0049037923503716,False,False
HTEM,ATMOS55__reported__L010__K400,source-adjusted excess gain vs composition,0.0153420234532978,0.0153420234532978,MRR gain vs composition,0.0379177540128966,-0.0049037923503716,True,False
HTEM,ATMOS55__reported__L025__K25,source-adjusted excess gain vs composition,0.0016702847147196,0.0016702847147196,MRR gain vs composition,0.03934968206373,-0.0034718642995381,True,False
HTEM,ATMOS55__reported__L025__K50,source-adjusted excess gain vs composition,0.0853380466663607,0.0853380466663607,MRR gain vs composition,0.03934968206373,-0.0034718642995381,True,False
HTEM,ATMOS55__reported__L025__K75,source-adjusted excess gain vs composition,0.0226165782626826,0.0226165782626826,MRR gain vs composition,0.03934968206373,-0.0034718642995381,True,False
HTEM,ATMOS55__reported__L025__K100,source-adjusted excess gain vs composition,0.0363769598582382,0.0363769598582382,MRR gain vs composition,0.03934968206373,-0.0034718642995381,True,False
HTEM,ATMOS55__reported__L025__K125,source-adjusted excess gain vs composition,0.01921114555708,0.01921114555708,MRR gain vs composition,0.03934968206373,-0.0034718642995381,True,False
HTEM,ATMOS55__reported__L025__K150,source-adjusted excess gain vs composition,0.0201903860749319,0.0201903860749319,MRR gain vs composition,0.03934968206373,-0.0034718642995381,True,False
HTEM,ATMOS55__reported__L025__K200,source-adjusted excess gain vs composition,0.0152953338187323,0.0152953338187323,MRR gain vs composition,0.03934968206373,-0.0034718642995381,True,False
HTEM,ATMOS55__reported__L025__K250,source-adjusted excess gain vs composition,0.0068513228356082,0.0068513228356082,MRR gain vs composition,0.03934968206373,-0.0034718642995381,True,False
HTEM,ATMOS55__reported__L025__K300,source-adjusted excess gain vs composition,0.0118131941390587,0.0118131941390587,MRR gain vs composition,0.03934968206373,-0.0034718642995381,True,False
HTEM,ATMOS55__reported__L025__K400,source-adjusted excess gain vs composition,0.0167139009201771,0.0167139009201771,MRR gain vs composition,0.03934968206373,-0.0034718642995381,True,False
HTEM,ATMOS55__reported__L050__K25,source-adjusted excess gain vs composition,0.0434991381312596,0.0434991381312596,MRR gain vs composition,0.0401921432447455,-0.0026294031185226,True,False
HTEM,ATMOS55__reported__L050__K50,source-adjusted excess gain vs composition,0.1240500816398096,0.1240500816398096,MRR gain vs composition,0.0401921432447455,-0.0026294031185226,True,False
HTEM,ATMOS55__reported__L050__K75,source-adjusted excess gain vs composition,0.063115570254656,0.063115570254656,MRR gain vs composition,0.0401921432447455,-0.0026294031185226,True,False
HTEM,ATMOS55__reported__L050__K100,source-adjusted excess gain vs composition,0.0462702347451193,0.0462702347451193,MRR gain vs composition,0.0401921432447455,-0.0026294031185226,True,False
HTEM,ATMOS55__reported__L050__K125,source-adjusted excess gain vs composition,0.0718607134265409,0.0718607134265409,MRR gain vs composition,0.0401921432447455,-0.0026294031185226,True,False
HTEM,ATMOS55__reported__L050__K150,source-adjusted excess gain vs composition,0.0459255030829581,0.0459255030829581,MRR gain vs composition,0.0401921432447455,-0.0026294031185226,True,False
HTEM,ATMOS55__reported__L050__K200,source-adjusted excess gain vs composition,0.088222816050985,0.088222816050985,MRR gain vs composition,0.0401921432447455,-0.0026294031185226,True,False
HTEM,ATMOS55__reported__L050__K250,source-adjusted excess gain vs composition,0.0314253733136255,0.0314253733136255,MRR gain vs composition,0.0401921432447455,-0.0026294031185226,True,False
HTEM,ATMOS55__reported__L050__K300,source-adjusted excess gain vs composition,0.0145220151467064,0.0145220151467064,MRR gain vs composition,0.0401921432447455,-0.0026294031185226,True,False
HTEM,ATMOS55__reported__L050__K400,source-adjusted excess gain vs composition,0.0429674680443613,0.0429674680443613,MRR gain vs composition,0.0401921432447455,-0.0026294031185226,True,False
HTEM,ATMOS55__reported__L075__K25,source-adjusted excess gain vs composition,0.0310590231668586,0.0310590231668586,MRR gain vs composition,0.0407674211762125,-0.0020541251870556,True,False
HTEM,ATMOS55__reported__L075__K50,source-adjusted excess gain vs composition,0.0987725930498619,0.0987725930498619,MRR gain vs composition,0.0407674211762125,-0.0020541251870556,True,False
HTEM,ATMOS55__reported__L075__K75,source-adjusted excess gain vs composition,0.090910268097585,0.090910268097585,MRR gain vs composition,0.0407674211762125,-0.0020541251870556,True,False
HTEM,ATMOS55__reported__L075__K100,source-adjusted excess gain vs composition,0.0632495826676781,0.0632495826676781,MRR gain vs composition,0.0407674211762125,-0.0020541251870556,True,False
HTEM,ATMOS55__reported__L075__K125,source-adjusted excess gain vs composition,0.1098353436334209,0.1098353436334209,MRR gain vs composition,0.0407674211762125,-0.0020541251870556,True,False
HTEM,ATMOS55__reported__L075__K150,source-adjusted excess gain vs composition,0.1235828122122901,0.1235828122122901,MRR gain vs composition,0.0407674211762125,-0.0020541251870556,True,False
HTEM,ATMOS55__reported__L075__K200,source-adjusted excess gain vs composition,0.1280512743106351,0.1280512743106351,MRR gain vs composition,0.0407674211762125,-0.0020541251870556,True,False
HTEM,ATMOS55__reported__L075__K250,source-adjusted excess gain vs composition,0.0892334705751706,0.0892334705751706,MRR gain vs composition,0.0407674211762125,-0.0020541251870556,True,False
HTEM,ATMOS55__reported__L075__K300,source-adjusted excess gain vs composition,0.0398849794113863,0.0398849794113863,MRR gain vs composition,0.0407674211762125,-0.0020541251870556,True,False
HTEM,ATMOS55__reported__L075__K400,source-adjusted excess gain vs composition,0.0512236865001188,0.0512236865001188,MRR gain vs composition,0.0407674211762125,-0.0020541251870556,True,False
HTEM,ATMOS55__reported__L100__K25,source-adjusted excess gain vs composition,0.0201515996463382,0.0201515996463382,MRR gain vs composition,0.0409025107894723,-0.0019190355737959,True,False
HTEM,ATMOS55__reported__L100__K50,source-adjusted excess gain vs composition,0.1067907789803656,0.1067907789803656,MRR gain vs composition,0.0409025107894723,-0.0019190355737959,True,False
HTEM,ATMOS55__reported__L100__K75,source-adjusted excess gain vs composition,0.0848468146634467,0.0848468146634467,MRR gain vs composition,0.0409025107894723,-0.0019190355737959,True,False
HTEM,ATMOS55__reported__L100__K100,source-adjusted excess gain vs composition,0.0889871337921454,0.0889871337921454,MRR gain vs composition,0.0409025107894723,-0.0019190355737959,True,False
HTEM,ATMOS55__reported__L100__K125,source-adjusted excess gain vs composition,0.1330441966173683,0.1330441966173683,MRR gain vs composition,0.0409025107894723,-0.0019190355737959,True,False
HTEM,ATMOS55__reported__L100__K150,source-adjusted excess gain vs composition,0.1549813011022215,0.1549813011022215,MRR gain vs composition,0.0409025107894723,-0.0019190355737959,True,False
HTEM,ATMOS55__reported__L100__K200,source-adjusted excess gain vs composition,0.1361991558426479,0.1361991558426479,MRR gain vs composition,0.0409025107894723,-0.0019190355737959,True,False
HTEM,ATMOS55__reported__L100__K250,source-adjusted excess gain vs composition,0.072403886393124,0.072403886393124,MRR gain vs composition,0.0409025107894723,-0.0019190355737959,True,False
HTEM,ATMOS55__reported__L100__K300,source-adjusted excess gain vs composition,0.0579557066307235,0.0579557066307235,MRR gain vs composition,0.0409025107894723,-0.0019190355737959,True,False
HTEM,ATMOS55__reported__L100__K400,source-adjusted excess gain vs composition,0.038561461633556,0.038561461633556,MRR gain vs composition,0.0409025107894723,-0.0019190355737959,True,False
HTEM,THERM55__reported__L010__K25,source-adjusted excess gain vs composition,0.007654617263807,0.007654617263807,MRR gain vs composition,0.037890576682018,-0.0049309696812502,True,False
HTEM,THERM55__reported__L010__K50,source-adjusted excess gain vs composition,0.0121338232947024,0.0121338232947024,MRR gain vs composition,0.037890576682018,-0.0049309696812502,True,False
HTEM,THERM55__reported__L010__K75,source-adjusted excess gain vs composition,0.0002965912142828,0.0002965912142828,MRR gain vs composition,0.037890576682018,-0.0049309696812502,True,False
HTEM,THERM55__reported__L010__K100,source-adjusted excess gain vs composition,0.0224962406973433,0.0224962406973433,MRR gain vs composition,0.037890576682018,-0.0049309696812502,True,False
HTEM,THERM55__reported__L010__K125,source-adjusted excess gain vs composition,0.0151796644172841,0.0151796644172841,MRR gain vs composition,0.037890576682018,-0.0049309696812502,True,False
HTEM,THERM55__reported__L010__K150,source-adjusted excess gain vs composition,-0.0215919514240425,-0.0215919514240425,MRR gain vs composition,0.037890576682018,-0.0049309696812502,False,False
HTEM,THERM55__reported__L010__K200,source-adjusted excess gain vs composition,0.0028072998509564,0.0028072998509564,MRR gain vs composition,0.037890576682018,-0.0049309696812502,True,False
HTEM,THERM55__reported__L010__K250,source-adjusted excess gain vs composition,0.0077065849418838,0.0077065849418838,MRR gain vs composition,0.037890576682018,-0.0049309696812502,True,False
HTEM,THERM55__reported__L010__K300,source-adjusted excess gain vs composition,0.0090202694420944,0.0090202694420944,MRR gain vs composition,0.037890576682018,-0.0049309696812502,True,False
HTEM,THERM55__reported__L010__K400,source-adjusted excess gain vs composition,0.0077078790521428,0.0077078790521428,MRR gain vs composition,0.037890576682018,-0.0049309696812502,True,False
HTEM,THERM55__reported__L025__K25,source-adjusted excess gain vs composition,0.0130766295850854,0.0130766295850854,MRR gain vs composition,0.0395577705021171,-0.003263775861151,True,False
HTEM,THERM55__reported__L025__K50,source-adjusted excess gain vs composition,0.0995992415322825,0.0995992415322825,MRR gain vs composition,0.0395577705021171,-0.003263775861151,True,False
HTEM,THERM55__reported__L025__K75,source-adjusted excess gain vs composition,0.0641334496630261,0.0641334496630261,MRR gain vs composition,0.0395577705021171,-0.003263775861151,True,False
HTEM,THERM55__reported__L025__K100,source-adjusted excess gain vs composition,0.0125502870867232,0.0125502870867232,MRR gain vs composition,0.0395577705021171,-0.003263775861151,True,False
HTEM,THERM55__reported__L025__K125,source-adjusted excess gain vs composition,0.0053680465775866,0.0053680465775866,MRR gain vs composition,0.0395577705021171,-0.003263775861151,True,False
HTEM,THERM55__reported__L025__K150,source-adjusted excess gain vs composition,0.0210162133433106,0.0210162133433106,MRR gain vs composition,0.0395577705021171,-0.003263775861151,True,False
HTEM,THERM55__reported__L025__K200,source-adjusted excess gain vs composition,0.0108143663969749,0.0108143663969749,MRR gain vs composition,0.0395577705021171,-0.003263775861151,True,False
HTEM,THERM55__reported__L025__K250,source-adjusted excess gain vs composition,0.0178774409284908,0.0178774409284908,MRR gain vs composition,0.0395577705021171,-0.003263775861151,True,False
HTEM,THERM55__reported__L025__K300,source-adjusted excess gain vs composition,0.0300892195028241,0.0300892195028241,MRR gain vs composition,0.0395577705021171,-0.003263775861151,True,False
HTEM,THERM55__reported__L025__K400,source-adjusted excess gain vs composition,0.0273194537160842,0.0273194537160842,MRR gain vs composition,0.0395577705021171,-0.003263775861151,True,False
HTEM,THERM55__reported__L050__K25,source-adjusted excess gain vs composition,0.0598544291396506,0.0598544291396506,MRR gain vs composition,0.0401461588286228,-0.0026753875346454,True,False
HTEM,THERM55__reported__L050__K50,source-adjusted excess gain vs composition,0.1222863626373763,0.1222863626373763,MRR gain vs composition,0.0401461588286228,-0.0026753875346454,True,False
HTEM,THERM55__reported__L050__K75,source-adjusted excess gain vs composition,0.0452409907034562,0.0452409907034562,MRR gain vs composition,0.0401461588286228,-0.0026753875346454,True,False
HTEM,THERM55__reported__L050__K100,source-adjusted excess gain vs composition,0.0165873666672586,0.0165873666672586,MRR gain vs composition,0.0401461588286228,-0.0026753875346454,True,False
HTEM,THERM55__reported__L050__K125,source-adjusted excess gain vs composition,0.0240523060825758,0.0240523060825758,MRR gain vs composition,0.0401461588286228,-0.0026753875346454,True,False
HTEM,THERM55__reported__L050__K150,source-adjusted excess gain vs composition,0.0437522371234599,0.0437522371234599,MRR gain vs composition,0.0401461588286228,-0.0026753875346454,True,False
HTEM,THERM55__reported__L050__K200,source-adjusted excess gain vs composition,0.0381130122011018,0.0381130122011018,MRR gain vs composition,0.0401461588286228,-0.0026753875346454,True,False
HTEM,THERM55__reported__L050__K250,source-adjusted excess gain vs composition,0.0535527148969424,0.0535527148969424,MRR gain vs composition,0.0401461588286228,-0.0026753875346454,True,False
HTEM,THERM55__reported__L050__K300,source-adjusted excess gain vs composition,0.0450995825763583,0.0450995825763583,MRR gain vs composition,0.0401461588286228,-0.0026753875346454,True,False
HTEM,THERM55__reported__L050__K400,source-adjusted excess gain vs composition,0.0377298330175177,0.0377298330175177,MRR gain vs composition,0.0401461588286228,-0.0026753875346454,True,False
HTEM,THERM55__reported__L075__K25,source-adjusted excess gain vs composition,0.038268142623166,0.038268142623166,MRR gain vs composition,0.0404977861367356,-0.0023237602265325,True,False
HTEM,THERM55__reported__L075__K50,source-adjusted excess gain vs composition,0.1249382161905674,0.1249382161905674,MRR gain vs composition,0.0404977861367356,-0.0023237602265325,True,False
HTEM,THERM55__reported__L075__K75,source-adjusted excess gain vs composition,0.0944277432187487,0.0944277432187487,MRR gain vs composition,0.0404977861367356,-0.0023237602265325,True,False
HTEM,THERM55__reported__L075__K100,source-adjusted excess gain vs composition,0.0464858114248309,0.0464858114248309,MRR gain vs composition,0.0404977861367356,-0.0023237602265325,True,False
HTEM,THERM55__reported__L075__K125,source-adjusted excess gain vs composition,0.0273380748152047,0.0273380748152047,MRR gain vs composition,0.0404977861367356,-0.0023237602265325,True,False
HTEM,THERM55__reported__L075__K150,source-adjusted excess gain vs composition,0.0546126420284673,0.0546126420284673,MRR gain vs composition,0.0404977861367356,-0.0023237602265325,True,False
HTEM,THERM55__reported__L075__K200,source-adjusted excess gain vs composition,0.0967999150044661,0.0967999150044661,MRR gain vs composition,0.0404977861367356,-0.0023237602265325,True,False
HTEM,THERM55__reported__L075__K250,source-adjusted excess gain vs composition,0.0856824984686464,0.0856824984686464,MRR gain vs composition,0.0404977861367356,-0.0023237602265325,True,False
HTEM,THERM55__reported__L075__K300,source-adjusted excess gain vs composition,0.0572705721500694,0.0572705721500694,MRR gain vs composition,0.0404977861367356,-0.0023237602265325,True,False
HTEM,THERM55__reported__L075__K400,source-adjusted excess gain vs composition,-0.004573849156269,-0.004573849156269,MRR gain vs composition,0.0404977861367356,-0.0023237602265325,False,False
HTEM,THERM55__reported__L100__K25,source-adjusted excess gain vs composition,0.0400358629413055,0.0400358629413055,MRR gain vs composition,0.0408053823024581,-0.0020161640608101,True,False
HTEM,THERM55__reported__L100__K50,source-adjusted excess gain vs composition,0.1377317470963035,0.1377317470963035,MRR gain vs composition,0.0408053823024581,-0.0020161640608101,True,False
HTEM,THERM55__reported__L100__K75,source-adjusted excess gain vs composition,0.1167112446233173,0.1167112446233173,MRR gain vs composition,0.0408053823024581,-0.0020161640608101,True,False
HTEM,THERM55__reported__L100__K100,source-adjusted excess gain vs composition,0.0561595529320167,0.0561595529320167,MRR gain vs composition,0.0408053823024581,-0.0020161640608101,True,False
HTEM,THERM55__reported__L100__K125,source-adjusted excess gain vs composition,0.0362392535247007,0.0362392535247007,MRR gain vs composition,0.0408053823024581,-0.0020161640608101,True,False
HTEM,THERM55__reported__L100__K150,source-adjusted excess gain vs composition,0.0850120855576641,0.0850120855576641,MRR gain vs composition,0.0408053823024581,-0.0020161640608101,True,False
HTEM,THERM55__reported__L100__K200,source-adjusted excess gain vs composition,0.1173355173094772,0.1173355173094772,MRR gain vs composition,0.0408053823024581,-0.0020161640608101,True,False
HTEM,THERM55__reported__L100__K250,source-adjusted excess gain vs composition,0.1156948094417602,0.1156948094417602,MRR gain vs composition,0.0408053823024581,-0.0020161640608101,True,False
HTEM,THERM55__reported__L100__K300,source-adjusted excess gain vs composition,0.0780642583317025,0.0780642583317025,MRR gain vs composition,0.0408053823024581,-0.0020161640608101,True,False
HTEM,THERM55__reported__L100__K400,source-adjusted excess gain vs composition,0.0231013491869326,0.0231013491869326,MRR gain vs composition,0.0408053823024581,-0.0020161640608101,True,False
HTEM,SUBSTR55__reported__L010__K25,source-adjusted excess gain vs composition,0.0128400417381708,0.0128400417381708,MRR gain vs composition,0.037628452614932,-0.0051930937483361,True,False
HTEM,SUBSTR55__reported__L010__K50,source-adjusted excess gain vs composition,0.0355150682333548,0.0355150682333548,MRR gain vs composition,0.037628452614932,-0.0051930937483361,True,False
HTEM,SUBSTR55__reported__L010__K75,source-adjusted excess gain vs composition,0.0042332134002307,0.0042332134002307,MRR gain vs composition,0.037628452614932,-0.0051930937483361,True,False
HTEM,SUBSTR55__reported__L010__K100,source-adjusted excess gain vs composition,0.0008422026558961,0.0008422026558961,MRR gain vs composition,0.037628452614932,-0.0051930937483361,True,False
HTEM,SUBSTR55__reported__L010__K125,source-adjusted excess gain vs composition,0.0335558862584137,0.0335558862584137,MRR gain vs composition,0.037628452614932,-0.0051930937483361,True,False
HTEM,SUBSTR55__reported__L010__K150,source-adjusted excess gain vs composition,-0.0207436788611197,-0.0207436788611197,MRR gain vs composition,0.037628452614932,-0.0051930937483361,False,False
HTEM,SUBSTR55__reported__L010__K200,source-adjusted excess gain vs composition,0.0096218434822359,0.0096218434822359,MRR gain vs composition,0.037628452614932,-0.0051930937483361,True,False
HTEM,SUBSTR55__reported__L010__K250,source-adjusted excess gain vs composition,-0.015268414239686,-0.015268414239686,MRR gain vs composition,0.037628452614932,-0.0051930937483361,False,False
HTEM,SUBSTR55__reported__L010__K300,source-adjusted excess gain vs composition,-0.0057370830578937,-0.0057370830578937,MRR gain vs composition,0.037628452614932,-0.0051930937483361,False,False
HTEM,SUBSTR55__reported__L010__K400,source-adjusted excess gain vs composition,0.013588117652633,0.013588117652633,MRR gain vs composition,0.037628452614932,-0.0051930937483361,True,False
HTEM,SUBSTR55__reported__L025__K25,source-adjusted excess gain vs composition,0.0265388026924031,0.0265388026924031,MRR gain vs composition,0.0393802086618908,-0.0034413377013773,True,False
HTEM,SUBSTR55__reported__L025__K50,source-adjusted excess gain vs composition,0.0528168397231669,0.0528168397231669,MRR gain vs composition,0.0393802086618908,-0.0034413377013773,True,False
HTEM,SUBSTR55__reported__L025__K75,source-adjusted excess gain vs composition,0.0540338659510183,0.0540338659510183,MRR gain vs composition,0.0393802086618908,-0.0034413377013773,True,False
HTEM,SUBSTR55__reported__L025__K100,source-adjusted excess gain vs composition,0.00554670570694,0.00554670570694,MRR gain vs composition,0.0393802086618908,-0.0034413377013773,True,False
HTEM,SUBSTR55__reported__L025__K125,source-adjusted excess gain vs composition,0.0173128685510953,0.0173128685510953,MRR gain vs composition,0.0393802086618908,-0.0034413377013773,True,False
HTEM,SUBSTR55__reported__L025__K150,source-adjusted excess gain vs composition,3.745760270812415e-05,3.745760270812415e-05,MRR gain vs composition,0.0393802086618908,-0.0034413377013773,True,False
HTEM,SUBSTR55__reported__L025__K200,source-adjusted excess gain vs composition,0.0091762639562297,0.0091762639562297,MRR gain vs composition,0.0393802086618908,-0.0034413377013773,True,False
HTEM,SUBSTR55__reported__L025__K250,source-adjusted excess gain vs composition,0.0245935197135994,0.0245935197135994,MRR gain vs composition,0.0393802086618908,-0.0034413377013773,True,False
HTEM,SUBSTR55__reported__L025__K300,source-adjusted excess gain vs composition,0.0545931889569429,0.0545931889569429,MRR gain vs composition,0.0393802086618908,-0.0034413377013773,True,False
HTEM,SUBSTR55__reported__L025__K400,source-adjusted excess gain vs composition,0.0310170537470356,0.0310170537470356,MRR gain vs composition,0.0393802086618908,-0.0034413377013773,True,False
HTEM,SUBSTR55__reported__L050__K25,source-adjusted excess gain vs composition,-0.0241441934775954,-0.0241441934775954,MRR gain vs composition,0.040188170888129,-0.0026333754751391,False,False
HTEM,SUBSTR55__reported__L050__K50,source-adjusted excess gain vs composition,0.049903364287286,0.049903364287286,MRR gain vs composition,0.040188170888129,-0.0026333754751391,True,False
HTEM,SUBSTR55__reported__L050__K75,source-adjusted excess gain vs composition,-0.018775079529254,-0.018775079529254,MRR gain vs composition,0.040188170888129,-0.0026333754751391,False,False
HTEM,SUBSTR55__reported__L050__K100,source-adjusted excess gain vs composition,-0.0599165776010439,-0.0599165776010439,MRR gain vs composition,0.040188170888129,-0.0026333754751391,False,False
HTEM,SUBSTR55__reported__L050__K125,source-adjusted excess gain vs composition,-0.0027289530583377,-0.0027289530583377,MRR gain vs composition,0.040188170888129,-0.0026333754751391,False,False
HTEM,SUBSTR55__reported__L050__K150,source-adjusted excess gain vs composition,0.0124698462287458,0.0124698462287458,MRR gain vs composition,0.040188170888129,-0.0026333754751391,True,False
HTEM,SUBSTR55__reported__L050__K200,source-adjusted excess gain vs composition,0.0564625602624394,0.0564625602624394,MRR gain vs composition,0.040188170888129,-0.0026333754751391,True,False
HTEM,SUBSTR55__reported__L050__K250,source-adjusted excess gain vs composition,0.0585552430641088,0.0585552430641088,MRR gain vs composition,0.040188170888129,-0.0026333754751391,True,False
HTEM,SUBSTR55__reported__L050__K300,source-adjusted excess gain vs composition,0.0455218096718434,0.0455218096718434,MRR gain vs composition,0.040188170888129,-0.0026333754751391,True,False
HTEM,SUBSTR55__reported__L050__K400,source-adjusted excess gain vs composition,0.0744483405858334,0.0744483405858334,MRR gain vs composition,0.040188170888129,-0.0026333754751391,True,False
HTEM,SUBSTR55__reported__L075__K25,source-adjusted excess gain vs composition,0.0305171154421814,0.0305171154421814,MRR gain vs composition,0.0406964566622594,-0.0021250897010087,True,False
HTEM,SUBSTR55__reported__L075__K50,source-adjusted excess gain vs composition,0.0553410730678358,0.0553410730678358,MRR gain vs composition,0.0406964566622594,-0.0021250897010087,True,False
HTEM,SUBSTR55__reported__L075__K75,source-adjusted excess gain vs composition,0.0046296688292224,0.0046296688292224,MRR gain vs composition,0.0406964566622594,-0.0021250897010087,True,False
HTEM,SUBSTR55__reported__L075__K100,source-adjusted excess gain vs composition,-0.0134951274922488,-0.0134951274922488,MRR gain vs composition,0.0406964566622594,-0.0021250897010087,False,False
HTEM,SUBSTR55__reported__L075__K125,source-adjusted excess gain vs composition,0.0215324176434041,0.0215324176434041,MRR gain vs composition,0.0406964566622594,-0.0021250897010087,True,False
HTEM,SUBSTR55__reported__L075__K150,source-adjusted excess gain vs composition,0.042685008637357,0.042685008637357,MRR gain vs composition,0.0406964566622594,-0.0021250897010087,True,False
HTEM,SUBSTR55__reported__L075__K200,source-adjusted excess gain vs composition,0.0492863146397307,0.0492863146397307,MRR gain vs composition,0.0406964566622594,-0.0021250897010087,True,False
HTEM,SUBSTR55__reported__L075__K250,source-adjusted excess gain vs composition,0.064681755173133,0.064681755173133,MRR gain vs composition,0.0406964566622594,-0.0021250897010087,True,False
HTEM,SUBSTR55__reported__L075__K300,source-adjusted excess gain vs composition,0.0696076033868045,0.0696076033868045,MRR gain vs composition,0.0406964566622594,-0.0021250897010087,True,False
HTEM,SUBSTR55__reported__L075__K400,source-adjusted excess gain vs composition,0.0379734573552665,0.0379734573552665,MRR gain vs composition,0.0406964566622594,-0.0021250897010087,True,False
HTEM,SUBSTR55__reported__L100__K25,source-adjusted excess gain vs composition,-0.0138259497549591,-0.0138259497549591,MRR gain vs composition,0.0407577055195459,-0.0020638408437223,False,False
HTEM,SUBSTR55__reported__L100__K50,source-adjusted excess gain vs composition,0.0559021255198213,0.0559021255198213,MRR gain vs composition,0.0407577055195459,-0.0020638408437223,True,False
HTEM,SUBSTR55__reported__L100__K75,source-adjusted excess gain vs composition,-0.0279616933223652,-0.0279616933223652,MRR gain vs composition,0.0407577055195459,-0.0020638408437223,False,False
HTEM,SUBSTR55__reported__L100__K100,source-adjusted excess gain vs composition,-0.0395758242551744,-0.0395758242551744,MRR gain vs composition,0.0407577055195459,-0.0020638408437223,False,False
HTEM,SUBSTR55__reported__L100__K125,source-adjusted excess gain vs composition,-0.0083004833593501,-0.0083004833593501,MRR gain vs composition,0.0407577055195459,-0.0020638408437223,False,False
HTEM,SUBSTR55__reported__L100__K150,source-adjusted excess gain vs composition,0.0298278502669157,0.0298278502669157,MRR gain vs composition,0.0407577055195459,-0.0020638408437223,True,False
HTEM,SUBSTR55__reported__L100__K200,source-adjusted excess gain vs composition,0.0337855856347381,0.0337855856347381,MRR gain vs composition,0.0407577055195459,-0.0020638408437223,True,False
HTEM,SUBSTR55__reported__L100__K250,source-adjusted excess gain vs composition,0.0502885634304697,0.0502885634304697,MRR gain vs composition,0.0407577055195459,-0.0020638408437223,True,False
HTEM,SUBSTR55__reported__L100__K300,source-adjusted excess gain vs composition,0.078165427521272,0.078165427521272,MRR gain vs composition,0.0407577055195459,-0.0020638408437223,True,False
HTEM,SUBSTR55__reported__L100__K400,source-adjusted excess gain vs composition,0.0427528267984717,0.0427528267984717,MRR gain vs composition,0.0407577055195459,-0.0020638408437223,True,False
HTEM,SOURCE_ATMOS__reported__L010__K25,source-adjusted excess gain vs composition,0.0131073781158705,0.0131073781158705,MRR gain vs composition,0.0380352792877478,-0.0047862670755203,True,False
HTEM,SOURCE_ATMOS__reported__L010__K50,source-adjusted excess gain vs composition,0.0471977281129252,0.0471977281129252,MRR gain vs composition,0.0380352792877478,-0.0047862670755203,True,False
HTEM,SOURCE_ATMOS__reported__L010__K75,source-adjusted excess gain vs composition,0.034960156700338,0.034960156700338,MRR gain vs composition,0.0380352792877478,-0.0047862670755203,True,False
HTEM,SOURCE_ATMOS__reported__L010__K100,source-adjusted excess gain vs composition,0.0391926119405711,0.0391926119405711,MRR gain vs composition,0.0380352792877478,-0.0047862670755203,True,False
HTEM,SOURCE_ATMOS__reported__L010__K125,source-adjusted excess gain vs composition,0.0336370105073063,0.0336370105073063,MRR gain vs composition,0.0380352792877478,-0.0047862670755203,True,False
HTEM,SOURCE_ATMOS__reported__L010__K150,source-adjusted excess gain vs composition,-0.0207436788611197,-0.0207436788611197,MRR gain vs composition,0.0380352792877478,-0.0047862670755203,False,False
HTEM,SOURCE_ATMOS__reported__L010__K200,source-adjusted excess gain vs composition,0.0062804901115688,0.0062804901115688,MRR gain vs composition,0.0380352792877478,-0.0047862670755203,True,False
HTEM,SOURCE_ATMOS__reported__L010__K250,source-adjusted excess gain vs composition,0.0068241313264606,0.0068241313264606,MRR gain vs composition,0.0380352792877478,-0.0047862670755203,True,False
HTEM,SOURCE_ATMOS__reported__L010__K300,source-adjusted excess gain vs composition,-0.0052114551475266,-0.0052114551475266,MRR gain vs composition,0.0380352792877478,-0.0047862670755203,False,False
HTEM,SOURCE_ATMOS__reported__L010__K400,source-adjusted excess gain vs composition,0.0021263204006943,0.0021263204006943,MRR gain vs composition,0.0380352792877478,-0.0047862670755203,True,False
HTEM,SOURCE_ATMOS__reported__L025__K25,source-adjusted excess gain vs composition,0.0145885623700399,0.0145885623700399,MRR gain vs composition,0.0393635041916282,-0.0034580421716399,True,False
HTEM,SOURCE_ATMOS__reported__L025__K50,source-adjusted excess gain vs composition,0.0867171535049974,0.0867171535049974,MRR gain vs composition,0.0393635041916282,-0.0034580421716399,True,False
HTEM,SOURCE_ATMOS__reported__L025__K75,source-adjusted excess gain vs composition,0.0379761469861502,0.0379761469861502,MRR gain vs composition,0.0393635041916282,-0.0034580421716399,True,False
HTEM,SOURCE_ATMOS__reported__L025__K100,source-adjusted excess gain vs composition,0.0438620299876961,0.0438620299876961,MRR gain vs composition,0.0393635041916282,-0.0034580421716399,True,False
HTEM,SOURCE_ATMOS__reported__L025__K125,source-adjusted excess gain vs composition,0.0195476845971641,0.0195476845971641,MRR gain vs composition,0.0393635041916282,-0.0034580421716399,True,False
HTEM,SOURCE_ATMOS__reported__L025__K150,source-adjusted excess gain vs composition,0.020371702178788,0.020371702178788,MRR gain vs composition,0.0393635041916282,-0.0034580421716399,True,False
HTEM,SOURCE_ATMOS__reported__L025__K200,source-adjusted excess gain vs composition,0.0172201998950867,0.0172201998950867,MRR gain vs composition,0.0393635041916282,-0.0034580421716399,True,False
HTEM,SOURCE_ATMOS__reported__L025__K250,source-adjusted excess gain vs composition,0.0137337863360532,0.0137337863360532,MRR gain vs composition,0.0393635041916282,-0.0034580421716399,True,False
HTEM,SOURCE_ATMOS__reported__L025__K300,source-adjusted excess gain vs composition,0.026313624874368,0.026313624874368,MRR gain vs composition,0.0393635041916282,-0.0034580421716399,True,False
HTEM,SOURCE_ATMOS__reported__L025__K400,source-adjusted excess gain vs composition,-0.0091496404271539,-0.0091496404271539,MRR gain vs composition,0.0393635041916282,-0.0034580421716399,False,False
HTEM,SOURCE_ATMOS__reported__L050__K25,source-adjusted excess gain vs composition,0.0648222271563884,0.0648222271563884,MRR gain vs composition,0.0403139723828201,-0.002507573980448,True,False
HTEM,SOURCE_ATMOS__reported__L050__K50,source-adjusted excess gain vs composition,0.1140175245903455,0.1140175245903455,MRR gain vs composition,0.0403139723828201,-0.002507573980448,True,False
HTEM,SOURCE_ATMOS__reported__L050__K75,source-adjusted excess gain vs composition,0.0773255490735699,0.0773255490735699,MRR gain vs composition,0.0403139723828201,-0.002507573980448,True,False
HTEM,SOURCE_ATMOS__reported__L050__K100,source-adjusted excess gain vs composition,0.0842529022613254,0.0842529022613254,MRR gain vs composition,0.0403139723828201,-0.002507573980448,True,False
HTEM,SOURCE_ATMOS__reported__L050__K125,source-adjusted excess gain vs composition,0.0793478300404245,0.0793478300404245,MRR gain vs composition,0.0403139723828201,-0.002507573980448,True,False
HTEM,SOURCE_ATMOS__reported__L050__K150,source-adjusted excess gain vs composition,0.0566966720718791,0.0566966720718791,MRR gain vs composition,0.0403139723828201,-0.002507573980448,True,False
HTEM,SOURCE_ATMOS__reported__L050__K200,source-adjusted excess gain vs composition,0.1335221954624578,0.1335221954624578,MRR gain vs composition,0.0403139723828201,-0.002507573980448,True,False
HTEM,SOURCE_ATMOS__reported__L050__K250,source-adjusted excess gain vs composition,0.0522869655026963,0.0522869655026963,MRR gain vs composition,0.0403139723828201,-0.002507573980448,True,False
HTEM,SOURCE_ATMOS__reported__L050__K300,source-adjusted excess gain vs composition,0.0202407701989644,0.0202407701989644,MRR gain vs composition,0.0403139723828201,-0.002507573980448,True,False
HTEM,SOURCE_ATMOS__reported__L050__K400,source-adjusted excess gain vs composition,0.0484951997640988,0.0484951997640988,MRR gain vs composition,0.0403139723828201,-0.002507573980448,True,False
HTEM,SOURCE_ATMOS__reported__L075__K25,source-adjusted excess gain vs composition,0.029429983941988,0.029429983941988,MRR gain vs composition,0.0407358662747186,-0.0020856800885496,True,False
HTEM,SOURCE_ATMOS__reported__L075__K50,source-adjusted excess gain vs composition,0.1109164739650227,0.1109164739650227,MRR gain vs composition,0.0407358662747186,-0.0020856800885496,True,False
HTEM,SOURCE_ATMOS__reported__L075__K75,source-adjusted excess gain vs composition,0.0841047052817555,0.0841047052817555,MRR gain vs composition,0.0407358662747186,-0.0020856800885496,True,False
HTEM,SOURCE_ATMOS__reported__L075__K100,source-adjusted excess gain vs composition,0.0767532790712159,0.0767532790712159,MRR gain vs composition,0.0407358662747186,-0.0020856800885496,True,False
HTEM,SOURCE_ATMOS__reported__L075__K125,source-adjusted excess gain vs composition,0.0893621796329259,0.0893621796329259,MRR gain vs composition,0.0407358662747186,-0.0020856800885496,True,False
HTEM,SOURCE_ATMOS__reported__L075__K150,source-adjusted excess gain vs composition,0.1069901062008746,0.1069901062008746,MRR gain vs composition,0.0407358662747186,-0.0020856800885496,True,False
HTEM,SOURCE_ATMOS__reported__L075__K200,source-adjusted excess gain vs composition,0.1142609166539805,0.1142609166539805,MRR gain vs composition,0.0407358662747186,-0.0020856800885496,True,False
HTEM,SOURCE_ATMOS__reported__L075__K250,source-adjusted excess gain vs composition,0.0722573696295755,0.0722573696295755,MRR gain vs composition,0.0407358662747186,-0.0020856800885496,True,False
HTEM,SOURCE_ATMOS__reported__L075__K300,source-adjusted excess gain vs composition,0.0411038000577179,0.0411038000577179,MRR gain vs composition,0.0407358662747186,-0.0020856800885496,True,False
HTEM,SOURCE_ATMOS__reported__L075__K400,source-adjusted excess gain vs composition,0.0463452606373234,0.0463452606373234,MRR gain vs composition,0.0407358662747186,-0.0020856800885496,True,False
HTEM,SOURCE_ATMOS__reported__L100__K25,source-adjusted excess gain vs composition,0.0320159709935742,0.0320159709935742,MRR gain vs composition,0.0409093606955514,-0.0019121856677168,True,False
HTEM,SOURCE_ATMOS__reported__L100__K50,source-adjusted excess gain vs composition,0.0972325698672995,0.0972325698672995,MRR gain vs composition,0.0409093606955514,-0.0019121856677168,True,False
HTEM,SOURCE_ATMOS__reported__L100__K75,source-adjusted excess gain vs composition,0.0554120056471319,0.0554120056471319,MRR gain vs composition,0.0409093606955514,-0.0019121856677168,True,False
HTEM,SOURCE_ATMOS__reported__L100__K100,source-adjusted excess gain vs composition,0.0589772045853499,0.0589772045853499,MRR gain vs composition,0.0409093606955514,-0.0019121856677168,True,False
HTEM,SOURCE_ATMOS__reported__L100__K125,source-adjusted excess gain vs composition,0.0819846863428315,0.0819846863428315,MRR gain vs composition,0.0409093606955514,-0.0019121856677168,True,False
HTEM,SOURCE_ATMOS__reported__L100__K150,source-adjusted excess gain vs composition,0.1273903294120529,0.1273903294120529,MRR gain vs composition,0.0409093606955514,-0.0019121856677168,True,False
HTEM,SOURCE_ATMOS__reported__L100__K200,source-adjusted excess gain vs composition,0.1170195087995757,0.1170195087995757,MRR gain vs composition,0.0409093606955514,-0.0019121856677168,True,False
HTEM,SOURCE_ATMOS__reported__L100__K250,source-adjusted excess gain vs composition,0.1258262780827144,0.1258262780827144,MRR gain vs composition,0.0409093606955514,-0.0019121856677168,True,False
HTEM,SOURCE_ATMOS__reported__L100__K300,source-adjusted excess gain vs composition,0.0922753234142699,0.0922753234142699,MRR gain vs composition,0.0409093606955514,-0.0019121856677168,True,False
HTEM,SOURCE_ATMOS__reported__L100__K400,source-adjusted excess gain vs composition,0.0907659211301118,0.0907659211301118,MRR gain vs composition,0.0409093606955514,-0.0019121856677168,True,False
HTEM,SOURCE_THERM__reported__L010__K25,source-adjusted excess gain vs composition,0.0080725291621475,0.0080725291621475,MRR gain vs composition,0.0379301965184512,-0.0048913498448169,True,False
HTEM,SOURCE_THERM__reported__L010__K50,source-adjusted excess gain vs composition,0.0128471934827387,0.0128471934827387,MRR gain vs composition,0.0379301965184512,-0.0048913498448169,True,False
HTEM,SOURCE_THERM__reported__L010__K75,source-adjusted excess gain vs composition,0.0008571637666211,0.0008571637666211,MRR gain vs composition,0.0379301965184512,-0.0048913498448169,True,False
HTEM,SOURCE_THERM__reported__L010__K100,source-adjusted excess gain vs composition,0.0195498604903196,0.0195498604903196,MRR gain vs composition,0.0379301965184512,-0.0048913498448169,True,False
HTEM,SOURCE_THERM__reported__L010__K125,source-adjusted excess gain vs composition,0.0163758004450592,0.0163758004450592,MRR gain vs composition,0.0379301965184512,-0.0048913498448169,True,False
HTEM,SOURCE_THERM__reported__L010__K150,source-adjusted excess gain vs composition,-0.020813727294608,-0.020813727294608,MRR gain vs composition,0.0379301965184512,-0.0048913498448169,False,False
HTEM,SOURCE_THERM__reported__L010__K200,source-adjusted excess gain vs composition,0.0047288363778625,0.0047288363778625,MRR gain vs composition,0.0379301965184512,-0.0048913498448169,True,False
HTEM,SOURCE_THERM__reported__L010__K250,source-adjusted excess gain vs composition,0.0077830906548024,0.0077830906548024,MRR gain vs composition,0.0379301965184512,-0.0048913498448169,True,False
HTEM,SOURCE_THERM__reported__L010__K300,source-adjusted excess gain vs composition,0.0099827098566101,0.0099827098566101,MRR gain vs composition,0.0379301965184512,-0.0048913498448169,True,False
HTEM,SOURCE_THERM__reported__L010__K400,source-adjusted excess gain vs composition,0.0097797938105125,0.0097797938105125,MRR gain vs composition,0.0379301965184512,-0.0048913498448169,True,False
HTEM,SOURCE_THERM__reported__L025__K25,source-adjusted excess gain vs composition,-0.0048495240423312,-0.0048495240423312,MRR gain vs composition,0.0395553104278234,-0.0032662359354447,False,False
HTEM,SOURCE_THERM__reported__L025__K50,source-adjusted excess gain vs composition,0.0783494421280348,0.0783494421280348,MRR gain vs composition,0.0395553104278234,-0.0032662359354447,True,False
HTEM,SOURCE_THERM__reported__L025__K75,source-adjusted excess gain vs composition,0.0715747415187432,0.0715747415187432,MRR gain vs composition,0.0395553104278234,-0.0032662359354447,True,False
HTEM,SOURCE_THERM__reported__L025__K100,source-adjusted excess gain vs composition,0.014220084094131,0.014220084094131,MRR gain vs composition,0.0395553104278234,-0.0032662359354447,True,False
HTEM,SOURCE_THERM__reported__L025__K125,source-adjusted excess gain vs composition,0.0026675681095463,0.0026675681095463,MRR gain vs composition,0.0395553104278234,-0.0032662359354447,True,False
HTEM,SOURCE_THERM__reported__L025__K150,source-adjusted excess gain vs composition,0.0210730832935076,0.0210730832935076,MRR gain vs composition,0.0395553104278234,-0.0032662359354447,True,False
HTEM,SOURCE_THERM__reported__L025__K200,source-adjusted excess gain vs composition,0.0099798356229552,0.0099798356229552,MRR gain vs composition,0.0395553104278234,-0.0032662359354447,True,False
HTEM,SOURCE_THERM__reported__L025__K250,source-adjusted excess gain vs composition,-0.0018210951165288,-0.0018210951165288,MRR gain vs composition,0.0395553104278234,-0.0032662359354447,False,False
HTEM,SOURCE_THERM__reported__L025__K300,source-adjusted excess gain vs composition,0.015946151941414,0.015946151941414,MRR gain vs composition,0.0395553104278234,-0.0032662359354447,True,False
HTEM,SOURCE_THERM__reported__L025__K400,source-adjusted excess gain vs composition,0.0223023804198373,0.0223023804198373,MRR gain vs composition,0.0395553104278234,-0.0032662359354447,True,False
HTEM,SOURCE_THERM__reported__L050__K25,source-adjusted excess gain vs composition,0.0586534967661017,0.0586534967661017,MRR gain vs composition,0.0402069325951344,-0.0026146137681338,True,False
HTEM,SOURCE_THERM__reported__L050__K50,source-adjusted excess gain vs composition,0.1303871545034308,0.1303871545034308,MRR gain vs composition,0.0402069325951344,-0.0026146137681338,True,False
HTEM,SOURCE_THERM__reported__L050__K75,source-adjusted excess gain vs composition,0.0780283947794243,0.0780283947794243,MRR gain vs composition,0.0402069325951344,-0.0026146137681338,True,False
HTEM,SOURCE_THERM__reported__L050__K100,source-adjusted excess gain vs composition,0.0367563413514621,0.0367563413514621,MRR gain vs composition,0.0402069325951344,-0.0026146137681338,True,False
HTEM,SOURCE_THERM__reported__L050__K125,source-adjusted excess gain vs composition,0.0235361841498994,0.0235361841498994,MRR gain vs composition,0.0402069325951344,-0.0026146137681338,True,False
HTEM,SOURCE_THERM__reported__L050__K150,source-adjusted excess gain vs composition,0.0469948196336081,0.0469948196336081,MRR gain vs composition,0.0402069325951344,-0.0026146137681338,True,False
HTEM,SOURCE_THERM__reported__L050__K200,source-adjusted excess gain vs composition,0.0830118948919863,0.0830118948919863,MRR gain vs composition,0.0402069325951344,-0.0026146137681338,True,False
HTEM,SOURCE_THERM__reported__L050__K250,source-adjusted excess gain vs composition,0.0349900054206661,0.0349900054206661,MRR gain vs composition,0.0402069325951344,-0.0026146137681338,True,False
HTEM,SOURCE_THERM__reported__L050__K300,source-adjusted excess gain vs composition,0.0317742289429166,0.0317742289429166,MRR gain vs composition,0.0402069325951344,-0.0026146137681338,True,False
HTEM,SOURCE_THERM__reported__L050__K400,source-adjusted excess gain vs composition,0.0415911054429514,0.0415911054429514,MRR gain vs composition,0.0402069325951344,-0.0026146137681338,True,False
HTEM,SOURCE_THERM__reported__L075__K25,source-adjusted excess gain vs composition,0.0559266769597779,0.0559266769597779,MRR gain vs composition,0.0406478502468325,-0.0021736961164357,True,False
HTEM,SOURCE_THERM__reported__L075__K50,source-adjusted excess gain vs composition,0.1100810596594917,0.1100810596594917,MRR gain vs composition,0.0406478502468325,-0.0021736961164357,True,False
HTEM,SOURCE_THERM__reported__L075__K75,source-adjusted excess gain vs composition,0.0883731699065818,0.0883731699065818,MRR gain vs composition,0.0406478502468325,-0.0021736961164357,True,False
HTEM,SOURCE_THERM__reported__L075__K100,source-adjusted excess gain vs composition,0.0847537397464122,0.0847537397464122,MRR gain vs composition,0.0406478502468325,-0.0021736961164357,True,False
HTEM,SOURCE_THERM__reported__L075__K125,source-adjusted excess gain vs composition,0.067508615243957,0.067508615243957,MRR gain vs composition,0.0406478502468325,-0.0021736961164357,True,False
HTEM,SOURCE_THERM__reported__L075__K150,source-adjusted excess gain vs composition,0.0866239277715695,0.0866239277715695,MRR gain vs composition,0.0406478502468325,-0.0021736961164357,True,False
HTEM,SOURCE_THERM__reported__L075__K200,source-adjusted excess gain vs composition,0.0915289068772221,0.0915289068772221,MRR gain vs composition,0.0406478502468325,-0.0021736961164357,True,False
HTEM,SOURCE_THERM__reported__L075__K250,source-adjusted excess gain vs composition,0.0912958133873086,0.0912958133873086,MRR gain vs composition,0.0406478502468325,-0.0021736961164357,True,False
HTEM,SOURCE_THERM__reported__L075__K300,source-adjusted excess gain vs composition,0.0587003375973952,0.0587003375973952,MRR gain vs composition,0.0406478502468325,-0.0021736961164357,True,False
HTEM,SOURCE_THERM__reported__L075__K400,source-adjusted excess gain vs composition,0.044623675029717,0.044623675029717,MRR gain vs composition,0.0406478502468325,-0.0021736961164357,True,False
HTEM,SOURCE_THERM__reported__L100__K25,source-adjusted excess gain vs composition,0.060033552457627,0.060033552457627,MRR gain vs composition,0.0408277146771688,-0.0019938316860993,True,False
HTEM,SOURCE_THERM__reported__L100__K50,source-adjusted excess gain vs composition,0.0968402289575636,0.0968402289575636,MRR gain vs composition,0.0408277146771688,-0.0019938316860993,True,False
HTEM,SOURCE_THERM__reported__L100__K75,source-adjusted excess gain vs composition,0.048405465453689,0.048405465453689,MRR gain vs composition,0.0408277146771688,-0.0019938316860993,True,False
HTEM,SOURCE_THERM__reported__L100__K100,source-adjusted excess gain vs composition,0.0786646982439135,0.0786646982439135,MRR gain vs composition,0.0408277146771688,-0.0019938316860993,True,False
HTEM,SOURCE_THERM__reported__L100__K125,source-adjusted excess gain vs composition,0.113680015864433,0.113680015864433,MRR gain vs composition,0.0408277146771688,-0.0019938316860993,True,False
HTEM,SOURCE_THERM__reported__L100__K150,source-adjusted excess gain vs composition,0.0650185821437788,0.0650185821437788,MRR gain vs composition,0.0408277146771688,-0.0019938316860993,True,False
HTEM,SOURCE_THERM__reported__L100__K200,source-adjusted excess gain vs composition,0.1244955307549588,0.1244955307549588,MRR gain vs composition,0.0408277146771688,-0.0019938316860993,True,False
HTEM,SOURCE_THERM__reported__L100__K250,source-adjusted excess gain vs composition,0.1159702185756593,0.1159702185756593,MRR gain vs composition,0.0408277146771688,-0.0019938316860993,True,False
HTEM,SOURCE_THERM__reported__L100__K300,source-adjusted excess gain vs composition,0.085798626470427,0.085798626470427,MRR gain vs composition,0.0408277146771688,-0.0019938316860993,True,False
HTEM,SOURCE_THERM__reported__L100__K400,source-adjusted excess gain vs composition,0.0472494692146966,0.0472494692146966,MRR gain vs composition,0.0408277146771688,-0.0019938316860993,True,False
HTEM,ATMOS_THERM__reported__L010__K25,source-adjusted excess gain vs composition,0.0074811174494507,0.0074811174494507,MRR gain vs composition,0.0379083647071959,-0.0049131816560722,True,False
HTEM,ATMOS_THERM__reported__L010__K50,source-adjusted excess gain vs composition,0.0122651182734462,0.0122651182734462,MRR gain vs composition,0.0379083647071959,-0.0049131816560722,True,False
HTEM,ATMOS_THERM__reported__L010__K75,source-adjusted excess gain vs composition,-0.0002750954462117,-0.0002750954462117,MRR gain vs composition,0.0379083647071959,-0.0049131816560722,False,False
HTEM,ATMOS_THERM__reported__L010__K100,source-adjusted excess gain vs composition,0.0220316872028301,0.0220316872028301,MRR gain vs composition,0.0379083647071959,-0.0049131816560722,True,False
HTEM,ATMOS_THERM__reported__L010__K125,source-adjusted excess gain vs composition,0.0129335130357154,0.0129335130357154,MRR gain vs composition,0.0379083647071959,-0.0049131816560722,True,False
HTEM,ATMOS_THERM__reported__L010__K150,source-adjusted excess gain vs composition,-0.0213306314155682,-0.0213306314155682,MRR gain vs composition,0.0379083647071959,-0.0049131816560722,False,False
HTEM,ATMOS_THERM__reported__L010__K200,source-adjusted excess gain vs composition,0.0034623255077778,0.0034623255077778,MRR gain vs composition,0.0379083647071959,-0.0049131816560722,True,False
HTEM,ATMOS_THERM__reported__L010__K250,source-adjusted excess gain vs composition,0.0079857024625986,0.0079857024625986,MRR gain vs composition,0.0379083647071959,-0.0049131816560722,True,False
HTEM,ATMOS_THERM__reported__L010__K300,source-adjusted excess gain vs composition,-0.0089585835852988,-0.0089585835852988,MRR gain vs composition,0.0379083647071959,-0.0049131816560722,False,False
HTEM,ATMOS_THERM__reported__L010__K400,source-adjusted excess gain vs composition,0.0092387366316368,0.0092387366316368,MRR gain vs composition,0.0379083647071959,-0.0049131816560722,True,False
HTEM,ATMOS_THERM__reported__L025__K25,source-adjusted excess gain vs composition,0.0226624902072811,0.0226624902072811,MRR gain vs composition,0.0393403561844617,-0.0034811901788064,True,False
HTEM,ATMOS_THERM__reported__L025__K50,source-adjusted excess gain vs composition,0.1072921305298965,0.1072921305298965,MRR gain vs composition,0.0393403561844617,-0.0034811901788064,True,False
HTEM,ATMOS_THERM__reported__L025__K75,source-adjusted excess gain vs composition,0.0457095416841687,0.0457095416841687,MRR gain vs composition,0.0393403561844617,-0.0034811901788064,True,False
HTEM,ATMOS_THERM__reported__L025__K100,source-adjusted excess gain vs composition,0.0379421312831216,0.0379421312831216,MRR gain vs composition,0.0393403561844617,-0.0034811901788064,True,False
HTEM,ATMOS_THERM__reported__L025__K125,source-adjusted excess gain vs composition,0.0034002356641339,0.0034002356641339,MRR gain vs composition,0.0393403561844617,-0.0034811901788064,True,False
HTEM,ATMOS_THERM__reported__L025__K150,source-adjusted excess gain vs composition,0.0007553706162484,0.0007553706162484,MRR gain vs composition,0.0393403561844617,-0.0034811901788064,True,False
HTEM,ATMOS_THERM__reported__L025__K200,source-adjusted excess gain vs composition,0.0107208841370765,0.0107208841370765,MRR gain vs composition,0.0393403561844617,-0.0034811901788064,True,False
HTEM,ATMOS_THERM__reported__L025__K250,source-adjusted excess gain vs composition,0.0112999030993079,0.0112999030993079,MRR gain vs composition,0.0393403561844617,-0.0034811901788064,True,False
HTEM,ATMOS_THERM__reported__L025__K300,source-adjusted excess gain vs composition,0.0291202268722657,0.0291202268722657,MRR gain vs composition,0.0393403561844617,-0.0034811901788064,True,False
HTEM,ATMOS_THERM__reported__L025__K400,source-adjusted excess gain vs composition,-0.0055277564543226,-0.0055277564543226,MRR gain vs composition,0.0393403561844617,-0.0034811901788064,False,False
HTEM,ATMOS_THERM__reported__L050__K25,source-adjusted excess gain vs composition,0.0657651841134371,0.0657651841134371,MRR gain vs composition,0.040175741889689,-0.0026458044735792,True,False
HTEM,ATMOS_THERM__reported__L050__K50,source-adjusted excess gain vs composition,0.1300065953519908,0.1300065953519908,MRR gain vs composition,0.040175741889689,-0.0026458044735792,True,False
HTEM,ATMOS_THERM__reported__L050__K75,source-adjusted excess gain vs composition,0.0483346079436185,0.0483346079436185,MRR gain vs composition,0.040175741889689,-0.0026458044735792,True,False
HTEM,ATMOS_THERM__reported__L050__K100,source-adjusted excess gain vs composition,0.0410902621140971,0.0410902621140971,MRR gain vs composition,0.040175741889689,-0.0026458044735792,True,False
HTEM,ATMOS_THERM__reported__L050__K125,source-adjusted excess gain vs composition,0.0256325520644265,0.0256325520644265,MRR gain vs composition,0.040175741889689,-0.0026458044735792,True,False
HTEM,ATMOS_THERM__reported__L050__K150,source-adjusted excess gain vs composition,0.0402028371945541,0.0402028371945541,MRR gain vs composition,0.040175741889689,-0.0026458044735792,True,False
HTEM,ATMOS_THERM__reported__L050__K200,source-adjusted excess gain vs composition,0.0709202563014129,0.0709202563014129,MRR gain vs composition,0.040175741889689,-0.0026458044735792,True,False
HTEM,ATMOS_THERM__reported__L050__K250,source-adjusted excess gain vs composition,0.0287380723978767,0.0287380723978767,MRR gain vs composition,0.040175741889689,-0.0026458044735792,True,False
HTEM,ATMOS_THERM__reported__L050__K300,source-adjusted excess gain vs composition,0.0180143248207242,0.0180143248207242,MRR gain vs composition,0.040175741889689,-0.0026458044735792,True,False
HTEM,ATMOS_THERM__reported__L050__K400,source-adjusted excess gain vs composition,0.0189133895295932,0.0189133895295932,MRR gain vs composition,0.040175741889689,-0.0026458044735792,True,False
HTEM,ATMOS_THERM__reported__L075__K25,source-adjusted excess gain vs composition,0.0475324572246964,0.0475324572246964,MRR gain vs composition,0.0406295975961623,-0.0021919487671058,True,False
HTEM,ATMOS_THERM__reported__L075__K50,source-adjusted excess gain vs composition,0.1200701567712999,0.1200701567712999,MRR gain vs composition,0.0406295975961623,-0.0021919487671058,True,False
HTEM,ATMOS_THERM__reported__L075__K75,source-adjusted excess gain vs composition,0.0979833024732969,0.0979833024732969,MRR gain vs composition,0.0406295975961623,-0.0021919487671058,True,False
HTEM,ATMOS_THERM__reported__L075__K100,source-adjusted excess gain vs composition,0.0582916656615294,0.0582916656615294,MRR gain vs composition,0.0406295975961623,-0.0021919487671058,True,False
HTEM,ATMOS_THERM__reported__L075__K125,source-adjusted excess gain vs composition,0.0293195982685171,0.0293195982685171,MRR gain vs composition,0.0406295975961623,-0.0021919487671058,True,False
HTEM,ATMOS_THERM__reported__L075__K150,source-adjusted excess gain vs composition,0.047678191917289,0.047678191917289,MRR gain vs composition,0.0406295975961623,-0.0021919487671058,True,False
HTEM,ATMOS_THERM__reported__L075__K200,source-adjusted excess gain vs composition,0.0773434278867409,0.0773434278867409,MRR gain vs composition,0.0406295975961623,-0.0021919487671058,True,False
HTEM,ATMOS_THERM__reported__L075__K250,source-adjusted excess gain vs composition,0.0798546295253219,0.0798546295253219,MRR gain vs composition,0.0406295975961623,-0.0021919487671058,True,False
HTEM,ATMOS_THERM__reported__L075__K300,source-adjusted excess gain vs composition,0.0389150511299022,0.0389150511299022,MRR gain vs composition,0.0406295975961623,-0.0021919487671058,True,False
HTEM,ATMOS_THERM__reported__L075__K400,source-adjusted excess gain vs composition,-0.0069548398752554,-0.0069548398752554,MRR gain vs composition,0.0406295975961623,-0.0021919487671058,False,False
HTEM,ATMOS_THERM__reported__L100__K25,source-adjusted excess gain vs composition,0.0490566040792344,0.0490566040792344,MRR gain vs composition,0.0408177244807264,-0.0020038218825417,True,False
HTEM,ATMOS_THERM__reported__L100__K50,source-adjusted excess gain vs composition,0.142956248831559,0.142956248831559,MRR gain vs composition,0.0408177244807264,-0.0020038218825417,True,False
HTEM,ATMOS_THERM__reported__L100__K75,source-adjusted excess gain vs composition,0.0951173133493797,0.0951173133493797,MRR gain vs composition,0.0408177244807264,-0.0020038218825417,True,False
HTEM,ATMOS_THERM__reported__L100__K100,source-adjusted excess gain vs composition,0.0786712662921065,0.0786712662921065,MRR gain vs composition,0.0408177244807264,-0.0020038218825417,True,False
HTEM,ATMOS_THERM__reported__L100__K125,source-adjusted excess gain vs composition,0.0206298778494021,0.0206298778494021,MRR gain vs composition,0.0408177244807264,-0.0020038218825417,True,False
HTEM,ATMOS_THERM__reported__L100__K150,source-adjusted excess gain vs composition,0.084043637651131,0.084043637651131,MRR gain vs composition,0.0408177244807264,-0.0020038218825417,True,False
HTEM,ATMOS_THERM__reported__L100__K200,source-adjusted excess gain vs composition,0.1197500461624,0.1197500461624,MRR gain vs composition,0.0408177244807264,-0.0020038218825417,True,False
HTEM,ATMOS_THERM__reported__L100__K250,source-adjusted excess gain vs composition,0.1019941555924739,0.1019941555924739,MRR gain vs composition,0.0408177244807264,-0.0020038218825417,True,False
HTEM,ATMOS_THERM__reported__L100__K300,source-adjusted excess gain vs composition,0.1249188761888664,0.1249188761888664,MRR gain vs composition,0.0408177244807264,-0.0020038218825417,True,False
HTEM,ATMOS_THERM__reported__L100__K400,source-adjusted excess gain vs composition,0.0010487851162634,0.0010487851162634,MRR gain vs composition,0.0408177244807264,-0.0020038218825417,True,False
HTEM,THERM_SUBSTR__reported__L010__K25,source-adjusted excess gain vs composition,0.0134568613570237,0.0134568613570237,MRR gain vs composition,0.0378169915322651,-0.005004554831003,True,False
HTEM,THERM_SUBSTR__reported__L010__K50,source-adjusted excess gain vs composition,0.0690168360800826,0.0690168360800826,MRR gain vs composition,0.0378169915322651,-0.005004554831003,True,False
HTEM,THERM_SUBSTR__reported__L010__K75,source-adjusted excess gain vs composition,0.0057804739748869,0.0057804739748869,MRR gain vs composition,0.0378169915322651,-0.005004554831003,True,False
HTEM,THERM_SUBSTR__reported__L010__K100,source-adjusted excess gain vs composition,0.021913495172643,0.021913495172643,MRR gain vs composition,0.0378169915322651,-0.005004554831003,True,False
HTEM,THERM_SUBSTR__reported__L010__K125,source-adjusted excess gain vs composition,0.0162204677990947,0.0162204677990947,MRR gain vs composition,0.0378169915322651,-0.005004554831003,True,False
HTEM,THERM_SUBSTR__reported__L010__K150,source-adjusted excess gain vs composition,-0.0198416678031664,-0.0198416678031664,MRR gain vs composition,0.0378169915322651,-0.005004554831003,False,False
HTEM,THERM_SUBSTR__reported__L010__K200,source-adjusted excess gain vs composition,0.0011744942736069,0.0011744942736069,MRR gain vs composition,0.0378169915322651,-0.005004554831003,True,False
HTEM,THERM_SUBSTR__reported__L010__K250,source-adjusted excess gain vs composition,0.0015884556051046,0.0015884556051046,MRR gain vs composition,0.0378169915322651,-0.005004554831003,True,False
HTEM,THERM_SUBSTR__reported__L010__K300,source-adjusted excess gain vs composition,-0.0032105974045806,-0.0032105974045806,MRR gain vs composition,0.0378169915322651,-0.005004554831003,False,False
HTEM,THERM_SUBSTR__reported__L010__K400,source-adjusted excess gain vs composition,0.0110706618495559,0.0110706618495559,MRR gain vs composition,0.0378169915322651,-0.005004554831003,True,False
HTEM,THERM_SUBSTR__reported__L025__K25,source-adjusted excess gain vs composition,0.022793722476436,0.022793722476436,MRR gain vs composition,0.0395160333372108,-0.0033055130260574,True,False
HTEM,THERM_SUBSTR__reported__L025__K50,source-adjusted excess gain vs composition,0.1063136163868189,0.1063136163868189,MRR gain vs composition,0.0395160333372108,-0.0033055130260574,True,False
HTEM,THERM_SUBSTR__reported__L025__K75,source-adjusted excess gain vs composition,0.0455954443402853,0.0455954443402853,MRR gain vs composition,0.0395160333372108,-0.0033055130260574,True,False
HTEM,THERM_SUBSTR__reported__L025__K100,source-adjusted excess gain vs composition,0.0382597520341522,0.0382597520341522,MRR gain vs composition,0.0395160333372108,-0.0033055130260574,True,False
HTEM,THERM_SUBSTR__reported__L025__K125,source-adjusted excess gain vs composition,0.0034296411878003,0.0034296411878003,MRR gain vs composition,0.0395160333372108,-0.0033055130260574,True,False
HTEM,THERM_SUBSTR__reported__L025__K150,source-adjusted excess gain vs composition,0.0020206110325153,0.0020206110325153,MRR gain vs composition,0.0395160333372108,-0.0033055130260574,True,False
HTEM,THERM_SUBSTR__reported__L025__K200,source-adjusted excess gain vs composition,-0.0004104532351399,-0.0004104532351399,MRR gain vs composition,0.0395160333372108,-0.0033055130260574,False,False
HTEM,THERM_SUBSTR__reported__L025__K250,source-adjusted excess gain vs composition,-0.0078869707244494,-0.0078869707244494,MRR gain vs composition,0.0395160333372108,-0.0033055130260574,False,False
HTEM,THERM_SUBSTR__reported__L025__K300,source-adjusted excess gain vs composition,0.029252920551718,0.029252920551718,MRR gain vs composition,0.0395160333372108,-0.0033055130260574,True,False
HTEM,THERM_SUBSTR__reported__L025__K400,source-adjusted excess gain vs composition,0.0126009676838825,0.0126009676838825,MRR gain vs composition,0.0395160333372108,-0.0033055130260574,True,False
HTEM,THERM_SUBSTR__reported__L050__K25,source-adjusted excess gain vs composition,0.0720100856520535,0.0720100856520535,MRR gain vs composition,0.0402245121257667,-0.0025970342375014,True,False
HTEM,THERM_SUBSTR__reported__L050__K50,source-adjusted excess gain vs composition,0.1372325700280895,0.1372325700280895,MRR gain vs composition,0.0402245121257667,-0.0025970342375014,True,False
HTEM,THERM_SUBSTR__reported__L050__K75,source-adjusted excess gain vs composition,0.0668850788840613,0.0668850788840613,MRR gain vs composition,0.0402245121257667,-0.0025970342375014,True,False
HTEM,THERM_SUBSTR__reported__L050__K100,source-adjusted excess gain vs composition,-0.0141364706803217,-0.0141364706803217,MRR gain vs composition,0.0402245121257667,-0.0025970342375014,False,False
HTEM,THERM_SUBSTR__reported__L050__K125,source-adjusted excess gain vs composition,0.0283317887264017,0.0283317887264017,MRR gain vs composition,0.0402245121257667,-0.0025970342375014,True,False
HTEM,THERM_SUBSTR__reported__L050__K150,source-adjusted excess gain vs composition,0.0379853100635325,0.0379853100635325,MRR gain vs composition,0.0402245121257667,-0.0025970342375014,True,False
HTEM,THERM_SUBSTR__reported__L050__K200,source-adjusted excess gain vs composition,0.0836028578171452,0.0836028578171452,MRR gain vs composition,0.0402245121257667,-0.0025970342375014,True,False
HTEM,THERM_SUBSTR__reported__L050__K250,source-adjusted excess gain vs composition,0.0616950660178265,0.0616950660178265,MRR gain vs composition,0.0402245121257667,-0.0025970342375014,True,False
HTEM,THERM_SUBSTR__reported__L050__K300,source-adjusted excess gain vs composition,0.0526825286327519,0.0526825286327519,MRR gain vs composition,0.0402245121257667,-0.0025970342375014,True,False
HTEM,THERM_SUBSTR__reported__L050__K400,source-adjusted excess gain vs composition,0.0726974891528255,0.0726974891528255,MRR gain vs composition,0.0402245121257667,-0.0025970342375014,True,False
HTEM,THERM_SUBSTR__reported__L075__K25,source-adjusted excess gain vs composition,-0.0033873928571568,-0.0033873928571568,MRR gain vs composition,0.0405100097799547,-0.0023115365833134,False,False
HTEM,THERM_SUBSTR__reported__L075__K50,source-adjusted excess gain vs composition,0.0699042030813138,0.0699042030813138,MRR gain vs composition,0.0405100097799547,-0.0023115365833134,True,False
HTEM,THERM_SUBSTR__reported__L075__K75,source-adjusted excess gain vs composition,0.0109522931379271,0.0109522931379271,MRR gain vs composition,0.0405100097799547,-0.0023115365833134,True,False
HTEM,THERM_SUBSTR__reported__L075__K100,source-adjusted excess gain vs composition,0.0209034471405473,0.0209034471405473,MRR gain vs composition,0.0405100097799547,-0.0023115365833134,True,False
HTEM,THERM_SUBSTR__reported__L075__K125,source-adjusted excess gain vs composition,0.0161637252319165,0.0161637252319165,MRR gain vs composition,0.0405100097799547,-0.0023115365833134,True,False
HTEM,THERM_SUBSTR__reported__L075__K150,source-adjusted excess gain vs composition,0.0328796106478879,0.0328796106478879,MRR gain vs composition,0.0405100097799547,-0.0023115365833134,True,False
HTEM,THERM_SUBSTR__reported__L075__K200,source-adjusted excess gain vs composition,0.0520300100908835,0.0520300100908835,MRR gain vs composition,0.0405100097799547,-0.0023115365833134,True,False
HTEM,THERM_SUBSTR__reported__L075__K250,source-adjusted excess gain vs composition,0.0736533504522066,0.0736533504522066,MRR gain vs composition,0.0405100097799547,-0.0023115365833134,True,False
HTEM,THERM_SUBSTR__reported__L075__K300,source-adjusted excess gain vs composition,0.0895408421062639,0.0895408421062639,MRR gain vs composition,0.0405100097799547,-0.0023115365833134,True,False
HTEM,THERM_SUBSTR__reported__L075__K400,source-adjusted excess gain vs composition,0.0374803027422839,0.0374803027422839,MRR gain vs composition,0.0405100097799547,-0.0023115365833134,True,False
HTEM,THERM_SUBSTR__reported__L100__K25,source-adjusted excess gain vs composition,0.0552384148924446,0.0552384148924446,MRR gain vs composition,0.0407113347779879,-0.0021102115852803,True,False
HTEM,THERM_SUBSTR__reported__L100__K50,source-adjusted excess gain vs composition,0.1147812496889122,0.1147812496889122,MRR gain vs composition,0.0407113347779879,-0.0021102115852803,True,False
HTEM,THERM_SUBSTR__reported__L100__K75,source-adjusted excess gain vs composition,0.0321745628492357,0.0321745628492357,MRR gain vs composition,0.0407113347779879,-0.0021102115852803,True,False
HTEM,THERM_SUBSTR__reported__L100__K100,source-adjusted excess gain vs composition,0.010487044373859,0.010487044373859,MRR gain vs composition,0.0407113347779879,-0.0021102115852803,True,False
HTEM,THERM_SUBSTR__reported__L100__K125,source-adjusted excess gain vs composition,-0.0094714040255359,-0.0094714040255359,MRR gain vs composition,0.0407113347779879,-0.0021102115852803,False,False
HTEM,THERM_SUBSTR__reported__L100__K150,source-adjusted excess gain vs composition,0.0163627077668245,0.0163627077668245,MRR gain vs composition,0.0407113347779879,-0.0021102115852803,True,False
HTEM,THERM_SUBSTR__reported__L100__K200,source-adjusted excess gain vs composition,0.0754186495997236,0.0754186495997236,MRR gain vs composition,0.0407113347779879,-0.0021102115852803,True,False
HTEM,THERM_SUBSTR__reported__L100__K250,source-adjusted excess gain vs composition,0.0735429350461631,0.0735429350461631,MRR gain vs composition,0.0407113347779879,-0.0021102115852803,True,False
HTEM,THERM_SUBSTR__reported__L100__K300,source-adjusted excess gain vs composition,0.1067862858438919,0.1067862858438919,MRR gain vs composition,0.0407113347779879,-0.0021102115852803,True,False
HTEM,THERM_SUBSTR__reported__L100__K400,source-adjusted excess gain vs composition,0.0328726782727763,0.0328726782727763,MRR gain vs composition,0.0407113347779879,-0.0021102115852803,True,False
HTEM,SOURCE_ONLY__reported__L010__K25,source-adjusted excess gain vs composition,0.0173680937536869,0.0173680937536869,MRR gain vs composition,0.0411067908575679,-0.0017147555057002,True,False
HTEM,SOURCE_ONLY__reported__L010__K50,source-adjusted excess gain vs composition,0.033462745909222,0.033462745909222,MRR gain vs composition,0.0411067908575679,-0.0017147555057002,True,False
HTEM,SOURCE_ONLY__reported__L010__K75,source-adjusted excess gain vs composition,0.0192723528228729,0.0192723528228729,MRR gain vs composition,0.0411067908575679,-0.0017147555057002,True,False
HTEM,SOURCE_ONLY__reported__L010__K100,source-adjusted excess gain vs composition,0.0087047556547054,0.0087047556547054,MRR gain vs composition,0.0411067908575679,-0.0017147555057002,True,False
HTEM,SOURCE_ONLY__reported__L010__K125,source-adjusted excess gain vs composition,0.0080570086115895,0.0080570086115895,MRR gain vs composition,0.0411067908575679,-0.0017147555057002,True,False
HTEM,SOURCE_ONLY__reported__L010__K150,source-adjusted excess gain vs composition,-0.0112595633071072,-0.0112595633071072,MRR gain vs composition,0.0411067908575679,-0.0017147555057002,False,False
HTEM,SOURCE_ONLY__reported__L010__K200,source-adjusted excess gain vs composition,0.0117536863671018,0.0117536863671018,MRR gain vs composition,0.0411067908575679,-0.0017147555057002,True,False
HTEM,SOURCE_ONLY__reported__L010__K250,source-adjusted excess gain vs composition,0.0124439832073724,0.0124439832073724,MRR gain vs composition,0.0411067908575679,-0.0017147555057002,True,False
HTEM,SOURCE_ONLY__reported__L010__K300,source-adjusted excess gain vs composition,0.0175529721845084,0.0175529721845084,MRR gain vs composition,0.0411067908575679,-0.0017147555057002,True,False
HTEM,SOURCE_ONLY__reported__L010__K400,source-adjusted excess gain vs composition,-0.0210418952299949,-0.0210418952299949,MRR gain vs composition,0.0411067908575679,-0.0017147555057002,False,False
HTEM,SOURCE_ONLY__reported__L025__K25,source-adjusted excess gain vs composition,0.0180741405475205,0.0180741405475205,MRR gain vs composition,0.0413962864753567,-0.0014252598879114,True,False
HTEM,SOURCE_ONLY__reported__L025__K50,source-adjusted excess gain vs composition,0.0565886582301603,0.0565886582301603,MRR gain vs composition,0.0413962864753567,-0.0014252598879114,True,False
HTEM,SOURCE_ONLY__reported__L025__K75,source-adjusted excess gain vs composition,0.0556164104526235,0.0556164104526235,MRR gain vs composition,0.0413962864753567,-0.0014252598879114,True,False
HTEM,SOURCE_ONLY__reported__L025__K100,source-adjusted excess gain vs composition,0.0155367452305691,0.0155367452305691,MRR gain vs composition,0.0413962864753567,-0.0014252598879114,True,False
HTEM,SOURCE_ONLY__reported__L025__K125,source-adjusted excess gain vs composition,0.0527786331836681,0.0527786331836681,MRR gain vs composition,0.0413962864753567,-0.0014252598879114,True,False
HTEM,SOURCE_ONLY__reported__L025__K150,source-adjusted excess gain vs composition,0.0917607253233521,0.0917607253233521,MRR gain vs composition,0.0413962864753567,-0.0014252598879114,True,False
HTEM,SOURCE_ONLY__reported__L025__K200,source-adjusted excess gain vs composition,0.1278333472580964,0.1278333472580964,MRR gain vs composition,0.0413962864753567,-0.0014252598879114,True,False
HTEM,SOURCE_ONLY__reported__L025__K250,source-adjusted excess gain vs composition,0.0469199145065932,0.0469199145065932,MRR gain vs composition,0.0413962864753567,-0.0014252598879114,True,False
HTEM,SOURCE_ONLY__reported__L025__K300,source-adjusted excess gain vs composition,0.0330808044590454,0.0330808044590454,MRR gain vs composition,0.0413962864753567,-0.0014252598879114,True,False
HTEM,SOURCE_ONLY__reported__L025__K400,source-adjusted excess gain vs composition,0.018868732113518,0.018868732113518,MRR gain vs composition,0.0413962864753567,-0.0014252598879114,True,False
HTEM,SOURCE_ONLY__reported__L050__K25,source-adjusted excess gain vs composition,0.0126294452778519,0.0126294452778519,MRR gain vs composition,0.0415133570045945,-0.0013081893586736,True,False
HTEM,SOURCE_ONLY__reported__L050__K50,source-adjusted excess gain vs composition,0.0601977048261733,0.0601977048261733,MRR gain vs composition,0.0415133570045945,-0.0013081893586736,True,False
HTEM,SOURCE_ONLY__reported__L050__K75,source-adjusted excess gain vs composition,0.0549203360381749,0.0549203360381749,MRR gain vs composition,0.0415133570045945,-0.0013081893586736,True,False
HTEM,SOURCE_ONLY__reported__L050__K100,source-adjusted excess gain vs composition,0.0545959259555395,0.0545959259555395,MRR gain vs composition,0.0415133570045945,-0.0013081893586736,True,False
HTEM,SOURCE_ONLY__reported__L050__K125,source-adjusted excess gain vs composition,0.0669791645806555,0.0669791645806555,MRR gain vs composition,0.0415133570045945,-0.0013081893586736,True,False
HTEM,SOURCE_ONLY__reported__L050__K150,source-adjusted excess gain vs composition,0.0983338972927142,0.0983338972927142,MRR gain vs composition,0.0415133570045945,-0.0013081893586736,True,False
HTEM,SOURCE_ONLY__reported__L050__K200,source-adjusted excess gain vs composition,0.1709282738684542,0.1709282738684542,MRR gain vs composition,0.0415133570045945,-0.0013081893586736,True,False
HTEM,SOURCE_ONLY__reported__L050__K250,source-adjusted excess gain vs composition,0.1123893782111745,0.1123893782111745,MRR gain vs composition,0.0415133570045945,-0.0013081893586736,True,False
HTEM,SOURCE_ONLY__reported__L050__K300,source-adjusted excess gain vs composition,0.0833118720883733,0.0833118720883733,MRR gain vs composition,0.0415133570045945,-0.0013081893586736,True,False
HTEM,SOURCE_ONLY__reported__L050__K400,source-adjusted excess gain vs composition,0.0580947696108302,0.0580947696108302,MRR gain vs composition,0.0415133570045945,-0.0013081893586736,True,False
HTEM,SOURCE_ONLY__reported__L075__K25,source-adjusted excess gain vs composition,0.007148226295846,0.007148226295846,MRR gain vs composition,0.0414925005192774,-0.0013290458439907,True,False
HTEM,SOURCE_ONLY__reported__L075__K50,source-adjusted excess gain vs composition,0.0804720445616808,0.0804720445616808,MRR gain vs composition,0.0414925005192774,-0.0013290458439907,True,False
HTEM,SOURCE_ONLY__reported__L075__K75,source-adjusted excess gain vs composition,0.0604506538751087,0.0604506538751087,MRR gain vs composition,0.0414925005192774,-0.0013290458439907,True,False
HTEM,SOURCE_ONLY__reported__L075__K100,source-adjusted excess gain vs composition,0.0627974650992446,0.0627974650992446,MRR gain vs composition,0.0414925005192774,-0.0013290458439907,True,False
HTEM,SOURCE_ONLY__reported__L075__K125,source-adjusted excess gain vs composition,0.0900294448818186,0.0900294448818186,MRR gain vs composition,0.0414925005192774,-0.0013290458439907,True,False
HTEM,SOURCE_ONLY__reported__L075__K150,source-adjusted excess gain vs composition,0.0884756431188642,0.0884756431188642,MRR gain vs composition,0.0414925005192774,-0.0013290458439907,True,False
HTEM,SOURCE_ONLY__reported__L075__K200,source-adjusted excess gain vs composition,0.1962657859333846,0.1962657859333846,MRR gain vs composition,0.0414925005192774,-0.0013290458439907,True,False
HTEM,SOURCE_ONLY__reported__L075__K250,source-adjusted excess gain vs composition,0.145287844388312,0.145287844388312,MRR gain vs composition,0.0414925005192774,-0.0013290458439907,True,False
HTEM,SOURCE_ONLY__reported__L075__K300,source-adjusted excess gain vs composition,0.1562537657970241,0.1562537657970241,MRR gain vs composition,0.0414925005192774,-0.0013290458439907,True,False
HTEM,SOURCE_ONLY__reported__L075__K400,source-adjusted excess gain vs composition,0.0598401032034673,0.0598401032034673,MRR gain vs composition,0.0414925005192774,-0.0013290458439907,True,False
HTEM,SOURCE_ONLY__reported__L100__K25,source-adjusted excess gain vs composition,-0.0191254834993928,-0.0191254834993928,MRR gain vs composition,0.0414120544244644,-0.0014094919388038,False,False
HTEM,SOURCE_ONLY__reported__L100__K50,source-adjusted excess gain vs composition,0.0291182861961165,0.0291182861961165,MRR gain vs composition,0.0414120544244644,-0.0014094919388038,True,False
HTEM,SOURCE_ONLY__reported__L100__K75,source-adjusted excess gain vs composition,0.0196774768970675,0.0196774768970675,MRR gain vs composition,0.0414120544244644,-0.0014094919388038,True,False
HTEM,SOURCE_ONLY__reported__L100__K100,source-adjusted excess gain vs composition,0.0101115981979068,0.0101115981979068,MRR gain vs composition,0.0414120544244644,-0.0014094919388038,True,False
HTEM,SOURCE_ONLY__reported__L100__K125,source-adjusted excess gain vs composition,0.0226168153661114,0.0226168153661114,MRR gain vs composition,0.0414120544244644,-0.0014094919388038,True,False
HTEM,SOURCE_ONLY__reported__L100__K150,source-adjusted excess gain vs composition,0.0648105018288862,0.0648105018288862,MRR gain vs composition,0.0414120544244644,-0.0014094919388038,True,False
HTEM,SOURCE_ONLY__reported__L100__K200,source-adjusted excess gain vs composition,0.1426334570987508,0.1426334570987508,MRR gain vs composition,0.0414120544244644,-0.0014094919388038,True,False
HTEM,SOURCE_ONLY__reported__L100__K250,source-adjusted excess gain vs composition,0.1409876282602262,0.1409876282602262,MRR gain vs composition,0.0414120544244644,-0.0014094919388038,True,False
HTEM,SOURCE_ONLY__reported__L100__K300,source-adjusted excess gain vs composition,0.1040812853835597,0.1040812853835597,MRR gain vs composition,0.0414120544244644,-0.0014094919388038,True,False
HTEM,SOURCE_ONLY__reported__L100__K400,source-adjusted excess gain vs composition,-0.0006410419032822,-0.0006410419032822,MRR gain vs composition,0.0414120544244644,-0.0014094919388038,False,False
HTEM,ATMOS_ONLY__reported__L010__K25,source-adjusted excess gain vs composition,0.000118268815411,0.000118268815411,MRR gain vs composition,0.0393945295179574,-0.0034270168453107,True,False
HTEM,ATMOS_ONLY__reported__L010__K50,source-adjusted excess gain vs composition,0.0555458870811776,0.0555458870811776,MRR gain vs composition,0.0393945295179574,-0.0034270168453107,True,False
HTEM,ATMOS_ONLY__reported__L010__K75,source-adjusted excess gain vs composition,0.0438830292725442,0.0438830292725442,MRR gain vs composition,0.0393945295179574,-0.0034270168453107,True,False
HTEM,ATMOS_ONLY__reported__L010__K100,source-adjusted excess gain vs composition,0.0270354770875462,0.0270354770875462,MRR gain vs composition,0.0393945295179574,-0.0034270168453107,True,False
HTEM,ATMOS_ONLY__reported__L010__K125,source-adjusted excess gain vs composition,0.0141926394764853,0.0141926394764853,MRR gain vs composition,0.0393945295179574,-0.0034270168453107,True,False
HTEM,ATMOS_ONLY__reported__L010__K150,source-adjusted excess gain vs composition,0.0075923926707699,0.0075923926707699,MRR gain vs composition,0.0393945295179574,-0.0034270168453107,True,False
HTEM,ATMOS_ONLY__reported__L010__K200,source-adjusted excess gain vs composition,0.0179335152618822,0.0179335152618822,MRR gain vs composition,0.0393945295179574,-0.0034270168453107,True,False
HTEM,ATMOS_ONLY__reported__L010__K250,source-adjusted excess gain vs composition,-0.000955427214698,-0.000955427214698,MRR gain vs composition,0.0393945295179574,-0.0034270168453107,False,False
HTEM,ATMOS_ONLY__reported__L010__K300,source-adjusted excess gain vs composition,-0.0025171022557788,-0.0025171022557788,MRR gain vs composition,0.0393945295179574,-0.0034270168453107,False,False
HTEM,ATMOS_ONLY__reported__L010__K400,source-adjusted excess gain vs composition,-0.0635128670729437,-0.0635128670729437,MRR gain vs composition,0.0393945295179574,-0.0034270168453107,False,False
HTEM,ATMOS_ONLY__reported__L025__K25,source-adjusted excess gain vs composition,0.000328009512645,0.000328009512645,MRR gain vs composition,0.0394516485549714,-0.0033698978082967,True,False
HTEM,ATMOS_ONLY__reported__L025__K50,source-adjusted excess gain vs composition,0.0611524549151509,0.0611524549151509,MRR gain vs composition,0.0394516485549714,-0.0033698978082967,True,False
HTEM,ATMOS_ONLY__reported__L025__K75,source-adjusted excess gain vs composition,0.0271140331686988,0.0271140331686988,MRR gain vs composition,0.0394516485549714,-0.0033698978082967,True,False
HTEM,ATMOS_ONLY__reported__L025__K100,source-adjusted excess gain vs composition,0.0272645692631815,0.0272645692631815,MRR gain vs composition,0.0394516485549714,-0.0033698978082967,True,False
HTEM,ATMOS_ONLY__reported__L025__K125,source-adjusted excess gain vs composition,0.0453476458135111,0.0453476458135111,MRR gain vs composition,0.0394516485549714,-0.0033698978082967,True,False
HTEM,ATMOS_ONLY__reported__L025__K150,source-adjusted excess gain vs composition,0.0127161805871588,0.0127161805871588,MRR gain vs composition,0.0394516485549714,-0.0033698978082967,True,False
HTEM,ATMOS_ONLY__reported__L025__K200,source-adjusted excess gain vs composition,0.0125491706080785,0.0125491706080785,MRR gain vs composition,0.0394516485549714,-0.0033698978082967,True,False
HTEM,ATMOS_ONLY__reported__L025__K250,source-adjusted excess gain vs composition,-0.003624453340403,-0.003624453340403,MRR gain vs composition,0.0394516485549714,-0.0033698978082967,False,False
HTEM,ATMOS_ONLY__reported__L025__K300,source-adjusted excess gain vs composition,-0.0587405209734686,-0.0587405209734686,MRR gain vs composition,0.0394516485549714,-0.0033698978082967,False,False
HTEM,ATMOS_ONLY__reported__L025__K400,source-adjusted excess gain vs composition,-0.0362300483366394,-0.0362300483366394,MRR gain vs composition,0.0394516485549714,-0.0033698978082967,False,False
HTEM,ATMOS_ONLY__reported__L050__K25,source-adjusted excess gain vs composition,0.037111011266505,0.037111011266505,MRR gain vs composition,0.0394761365186976,-0.0033454098445705,True,False
HTEM,ATMOS_ONLY__reported__L050__K50,source-adjusted excess gain vs composition,0.1217890659574328,0.1217890659574328,MRR gain vs composition,0.0394761365186976,-0.0033454098445705,True,False
HTEM,ATMOS_ONLY__reported__L050__K75,source-adjusted excess gain vs composition,0.0485553560898701,0.0485553560898701,MRR gain vs composition,0.0394761365186976,-0.0033454098445705,True,False
HTEM,ATMOS_ONLY__reported__L050__K100,source-adjusted excess gain vs composition,0.0614142858714248,0.0614142858714248,MRR gain vs composition,0.0394761365186976,-0.0033454098445705,True,False
HTEM,ATMOS_ONLY__reported__L050__K125,source-adjusted excess gain vs composition,0.0607601620832278,0.0607601620832278,MRR gain vs composition,0.0394761365186976,-0.0033454098445705,True,False
HTEM,ATMOS_ONLY__reported__L050__K150,source-adjusted excess gain vs composition,0.077261768765203,0.077261768765203,MRR gain vs composition,0.0394761365186976,-0.0033454098445705,True,False
HTEM,ATMOS_ONLY__reported__L050__K200,source-adjusted excess gain vs composition,0.077177217869929,0.077177217869929,MRR gain vs composition,0.0394761365186976,-0.0033454098445705,True,False
HTEM,ATMOS_ONLY__reported__L050__K250,source-adjusted excess gain vs composition,0.0417028051259548,0.0417028051259548,MRR gain vs composition,0.0394761365186976,-0.0033454098445705,True,False
HTEM,ATMOS_ONLY__reported__L050__K300,source-adjusted excess gain vs composition,-0.0493493414173373,-0.0493493414173373,MRR gain vs composition,0.0394761365186976,-0.0033454098445705,False,False
HTEM,ATMOS_ONLY__reported__L050__K400,source-adjusted excess gain vs composition,-0.0513236968748561,-0.0513236968748561,MRR gain vs composition,0.0394761365186976,-0.0033454098445705,False,False
HTEM,ATMOS_ONLY__reported__L075__K25,source-adjusted excess gain vs composition,0.0631298280875415,0.0631298280875415,MRR gain vs composition,0.0394766868497211,-0.003344859513547,True,False
HTEM,ATMOS_ONLY__reported__L075__K50,source-adjusted excess gain vs composition,0.1599083899875932,0.1599083899875932,MRR gain vs composition,0.0394766868497211,-0.003344859513547,True,False
HTEM,ATMOS_ONLY__reported__L075__K75,source-adjusted excess gain vs composition,0.0796165626999346,0.0796165626999346,MRR gain vs composition,0.0394766868497211,-0.003344859513547,True,False
HTEM,ATMOS_ONLY__reported__L075__K100,source-adjusted excess gain vs composition,0.0730042350471124,0.0730042350471124,MRR gain vs composition,0.0394766868497211,-0.003344859513547,True,False
HTEM,ATMOS_ONLY__reported__L075__K125,source-adjusted excess gain vs composition,0.1157648480014321,0.1157648480014321,MRR gain vs composition,0.0394766868497211,-0.003344859513547,True,False
HTEM,ATMOS_ONLY__reported__L075__K150,source-adjusted excess gain vs composition,0.1004513270769195,0.1004513270769195,MRR gain vs composition,0.0394766868497211,-0.003344859513547,True,False
HTEM,ATMOS_ONLY__reported__L075__K200,source-adjusted excess gain vs composition,0.1016047493404304,0.1016047493404304,MRR gain vs composition,0.0394766868497211,-0.003344859513547,True,False
HTEM,ATMOS_ONLY__reported__L075__K250,source-adjusted excess gain vs composition,0.0539877186515509,0.0539877186515509,MRR gain vs composition,0.0394766868497211,-0.003344859513547,True,False
HTEM,ATMOS_ONLY__reported__L075__K300,source-adjusted excess gain vs composition,0.0570871773064126,0.0570871773064126,MRR gain vs composition,0.0394766868497211,-0.003344859513547,True,False
HTEM,ATMOS_ONLY__reported__L075__K400,source-adjusted excess gain vs composition,-0.0149045834440341,-0.0149045834440341,MRR gain vs composition,0.0394766868497211,-0.003344859513547,False,False
HTEM,ATMOS_ONLY__reported__L100__K25,source-adjusted excess gain vs composition,0.0325588547929611,0.0325588547929611,MRR gain vs composition,0.0394536409286536,-0.0033679054346146,True,False
HTEM,ATMOS_ONLY__reported__L100__K50,source-adjusted excess gain vs composition,0.1284539191142526,0.1284539191142526,MRR gain vs composition,0.0394536409286536,-0.0033679054346146,True,False
HTEM,ATMOS_ONLY__reported__L100__K75,source-adjusted excess gain vs composition,0.1198147200433146,0.1198147200433146,MRR gain vs composition,0.0394536409286536,-0.0033679054346146,True,False
HTEM,ATMOS_ONLY__reported__L100__K100,source-adjusted excess gain vs composition,0.0897043004999283,0.0897043004999283,MRR gain vs composition,0.0394536409286536,-0.0033679054346146,True,False
HTEM,ATMOS_ONLY__reported__L100__K125,source-adjusted excess gain vs composition,0.1023607114527241,0.1023607114527241,MRR gain vs composition,0.0394536409286536,-0.0033679054346146,True,False
HTEM,ATMOS_ONLY__reported__L100__K150,source-adjusted excess gain vs composition,0.1186283789964108,0.1186283789964108,MRR gain vs composition,0.0394536409286536,-0.0033679054346146,True,False
HTEM,ATMOS_ONLY__reported__L100__K200,source-adjusted excess gain vs composition,0.0657733288056866,0.0657733288056866,MRR gain vs composition,0.0394536409286536,-0.0033679054346146,True,False
HTEM,ATMOS_ONLY__reported__L100__K250,source-adjusted excess gain vs composition,0.0793668478864311,0.0793668478864311,MRR gain vs composition,0.0394536409286536,-0.0033679054346146,True,False
HTEM,ATMOS_ONLY__reported__L100__K300,source-adjusted excess gain vs composition,0.0765831402537126,0.0765831402537126,MRR gain vs composition,0.0394536409286536,-0.0033679054346146,True,False
HTEM,ATMOS_ONLY__reported__L100__K400,source-adjusted excess gain vs composition,-0.0200851279475193,-0.0200851279475193,MRR gain vs composition,0.0394536409286536,-0.0033679054346146,False,False
HTEM,THERM_ONLY__reported__L010__K25,source-adjusted excess gain vs composition,0.0022809215672658,0.0022809215672658,MRR gain vs composition,0.0408373041517918,-0.0019842422114763,True,False
HTEM,THERM_ONLY__reported__L010__K50,source-adjusted excess gain vs composition,0.0081124004649611,0.0081124004649611,MRR gain vs composition,0.0408373041517918,-0.0019842422114763,True,False
HTEM,THERM_ONLY__reported__L010__K75,source-adjusted excess gain vs composition,0.0190683977215052,0.0190683977215052,MRR gain vs composition,0.0408373041517918,-0.0019842422114763,True,False
HTEM,THERM_ONLY__reported__L010__K100,source-adjusted excess gain vs composition,0.0005836258174105,0.0005836258174105,MRR gain vs composition,0.0408373041517918,-0.0019842422114763,True,False
HTEM,THERM_ONLY__reported__L010__K125,source-adjusted excess gain vs composition,-0.0024721650944863,-0.0024721650944863,MRR gain vs composition,0.0408373041517918,-0.0019842422114763,False,False
HTEM,THERM_ONLY__reported__L010__K150,source-adjusted excess gain vs composition,0.0121894546090384,0.0121894546090384,MRR gain vs composition,0.0408373041517918,-0.0019842422114763,True,False
HTEM,THERM_ONLY__reported__L010__K200,source-adjusted excess gain vs composition,0.004316521173065,0.004316521173065,MRR gain vs composition,0.0408373041517918,-0.0019842422114763,True,False
HTEM,THERM_ONLY__reported__L010__K250,source-adjusted excess gain vs composition,0.0091777403623807,0.0091777403623807,MRR gain vs composition,0.0408373041517918,-0.0019842422114763,True,False
HTEM,THERM_ONLY__reported__L010__K300,source-adjusted excess gain vs composition,-0.0053436686673485,-0.0053436686673485,MRR gain vs composition,0.0408373041517918,-0.0019842422114763,False,False
HTEM,THERM_ONLY__reported__L010__K400,source-adjusted excess gain vs composition,0.0077454206511866,0.0077454206511866,MRR gain vs composition,0.0408373041517918,-0.0019842422114763,True,False
HTEM,THERM_ONLY__reported__L025__K25,source-adjusted excess gain vs composition,0.0248124826521909,0.0248124826521909,MRR gain vs composition,0.0423950466025125,-0.0004264997607556,True,False
HTEM,THERM_ONLY__reported__L025__K50,source-adjusted excess gain vs composition,0.0989715122736742,0.0989715122736742,MRR gain vs composition,0.0423950466025125,-0.0004264997607556,True,False
HTEM,THERM_ONLY__reported__L025__K75,source-adjusted excess gain vs composition,0.0540316556768162,0.0540316556768162,MRR gain vs composition,0.0423950466025125,-0.0004264997607556,True,False
HTEM,THERM_ONLY__reported__L025__K100,source-adjusted excess gain vs composition,0.0120941445702706,0.0120941445702706,MRR gain vs composition,0.0423950466025125,-0.0004264997607556,True,False
HTEM,THERM_ONLY__reported__L025__K125,source-adjusted excess gain vs composition,0.0001417701765357,0.0001417701765357,MRR gain vs composition,0.0423950466025125,-0.0004264997607556,True,False
HTEM,THERM_ONLY__reported__L025__K150,source-adjusted excess gain vs composition,0.0150396700993977,0.0150396700993977,MRR gain vs composition,0.0423950466025125,-0.0004264997607556,True,False
HTEM,THERM_ONLY__reported__L025__K200,source-adjusted excess gain vs composition,0.0157119220735691,0.0157119220735691,MRR gain vs composition,0.0423950466025125,-0.0004264997607556,True,False
HTEM,THERM_ONLY__reported__L025__K250,source-adjusted excess gain vs composition,0.0269101893039367,0.0269101893039367,MRR gain vs composition,0.0423950466025125,-0.0004264997607556,True,False
HTEM,THERM_ONLY__reported__L025__K300,source-adjusted excess gain vs composition,0.0435077149200732,0.0435077149200732,MRR gain vs composition,0.0423950466025125,-0.0004264997607556,True,False
HTEM,THERM_ONLY__reported__L025__K400,source-adjusted excess gain vs composition,0.0118708887728916,0.0118708887728916,MRR gain vs composition,0.0423950466025125,-0.0004264997607556,True,False
HTEM,THERM_ONLY__reported__L050__K25,source-adjusted excess gain vs composition,0.0491535282973246,0.0491535282973246,MRR gain vs composition,0.0429611660573086,0.0001396196940404,True,True
HTEM,THERM_ONLY__reported__L050__K50,source-adjusted excess gain vs composition,0.1294765841034471,0.1294765841034471,MRR gain vs composition,0.0429611660573086,0.0001396196940404,True,True
HTEM,THERM_ONLY__reported__L050__K75,source-adjusted excess gain vs composition,0.0797968551928158,0.0797968551928158,MRR gain vs composition,0.0429611660573086,0.0001396196940404,True,True
HTEM,THERM_ONLY__reported__L050__K100,source-adjusted excess gain vs composition,0.0310326093333641,0.0310326093333641,MRR gain vs composition,0.0429611660573086,0.0001396196940404,True,True
HTEM,THERM_ONLY__reported__L050__K125,source-adjusted excess gain vs composition,0.0196074483656943,0.0196074483656943,MRR gain vs composition,0.0429611660573086,0.0001396196940404,True,True
HTEM,THERM_ONLY__reported__L050__K150,source-adjusted excess gain vs composition,0.0565753376708499,0.0565753376708499,MRR gain vs composition,0.0429611660573086,0.0001396196940404,True,True
HTEM,THERM_ONLY__reported__L050__K200,source-adjusted excess gain vs composition,0.0909404496606511,0.0909404496606511,MRR gain vs composition,0.0429611660573086,0.0001396196940404,True,True
HTEM,THERM_ONLY__reported__L050__K250,source-adjusted excess gain vs composition,0.0620862220042278,0.0620862220042278,MRR gain vs composition,0.0429611660573086,0.0001396196940404,True,True
HTEM,THERM_ONLY__reported__L050__K300,source-adjusted excess gain vs composition,0.033854169941379,0.033854169941379,MRR gain vs composition,0.0429611660573086,0.0001396196940404,True,True
HTEM,THERM_ONLY__reported__L050__K400,source-adjusted excess gain vs composition,0.0528050886207207,0.0528050886207207,MRR gain vs composition,0.0429611660573086,0.0001396196940404,True,True
HTEM,THERM_ONLY__reported__L075__K25,source-adjusted excess gain vs composition,0.0510856668207457,0.0510856668207457,MRR gain vs composition,0.0433225954957331,0.0005010491324649,True,True
HTEM,THERM_ONLY__reported__L075__K50,source-adjusted excess gain vs composition,0.1079658786698967,0.1079658786698967,MRR gain vs composition,0.0433225954957331,0.0005010491324649,True,True
HTEM,THERM_ONLY__reported__L075__K75,source-adjusted excess gain vs composition,0.0783247742394918,0.0783247742394918,MRR gain vs composition,0.0433225954957331,0.0005010491324649,True,True
HTEM,THERM_ONLY__reported__L075__K100,source-adjusted excess gain vs composition,0.0001821540762671,0.0001821540762671,MRR gain vs composition,0.0433225954957331,0.0005010491324649,True,True
HTEM,THERM_ONLY__reported__L075__K125,source-adjusted excess gain vs composition,0.0627281146040089,0.0627281146040089,MRR gain vs composition,0.0433225954957331,0.0005010491324649,True,True
HTEM,THERM_ONLY__reported__L075__K150,source-adjusted excess gain vs composition,0.0534660336065179,0.0534660336065179,MRR gain vs composition,0.0433225954957331,0.0005010491324649,True,True
HTEM,THERM_ONLY__reported__L075__K200,source-adjusted excess gain vs composition,0.0785779625535412,0.0785779625535412,MRR gain vs composition,0.0433225954957331,0.0005010491324649,True,True
HTEM,THERM_ONLY__reported__L075__K250,source-adjusted excess gain vs composition,0.0554968875445119,0.0554968875445119,MRR gain vs composition,0.0433225954957331,0.0005010491324649,True,True
HTEM,THERM_ONLY__reported__L075__K300,source-adjusted excess gain vs composition,0.0590054510062714,0.0590054510062714,MRR gain vs composition,0.0433225954957331,0.0005010491324649,True,True
HTEM,THERM_ONLY__reported__L075__K400,source-adjusted excess gain vs composition,0.0415243003459127,0.0415243003459127,MRR gain vs composition,0.0433225954957331,0.0005010491324649,True,True
HTEM,THERM_ONLY__reported__L100__K25,source-adjusted excess gain vs composition,0.05171605110845,0.05171605110845,MRR gain vs composition,0.0435731976383176,0.0007516512750493,True,True
HTEM,THERM_ONLY__reported__L100__K50,source-adjusted excess gain vs composition,0.0948736989240185,0.0948736989240185,MRR gain vs composition,0.0435731976383176,0.0007516512750493,True,True
HTEM,THERM_ONLY__reported__L100__K75,source-adjusted excess gain vs composition,0.0904156740751983,0.0904156740751983,MRR gain vs composition,0.0435731976383176,0.0007516512750493,True,True
HTEM,THERM_ONLY__reported__L100__K100,source-adjusted excess gain vs composition,0.0278163141928144,0.0278163141928144,MRR gain vs composition,0.0435731976383176,0.0007516512750493,True,True
HTEM,THERM_ONLY__reported__L100__K125,source-adjusted excess gain vs composition,0.0553033624198681,0.0553033624198681,MRR gain vs composition,0.0435731976383176,0.0007516512750493,True,True
HTEM,THERM_ONLY__reported__L100__K150,source-adjusted excess gain vs composition,0.0808267886908514,0.0808267886908514,MRR gain vs composition,0.0435731976383176,0.0007516512750493,True,True
HTEM,THERM_ONLY__reported__L100__K200,source-adjusted excess gain vs composition,0.0745974224274123,0.0745974224274123,MRR gain vs composition,0.0435731976383176,0.0007516512750493,True,True
HTEM,THERM_ONLY__reported__L100__K250,source-adjusted excess gain vs composition,0.0485541881202156,0.0485541881202156,MRR gain vs composition,0.0435731976383176,0.0007516512750493,True,True
HTEM,THERM_ONLY__reported__L100__K300,source-adjusted excess gain vs composition,0.0572505942997323,0.0572505942997323,MRR gain vs composition,0.0435731976383176,0.0007516512750493,True,True
HTEM,THERM_ONLY__reported__L100__K400,source-adjusted excess gain vs composition,0.0130106034529847,0.0130106034529847,MRR gain vs composition,0.0435731976383176,0.0007516512750493,True,True
HTEM,SUBSTR_ONLY__reported__L010__K25,source-adjusted excess gain vs composition,0.0155370629582858,0.0155370629582858,MRR gain vs composition,0.0404446760062937,-0.0023768703569744,True,False
HTEM,SUBSTR_ONLY__reported__L010__K50,source-adjusted excess gain vs composition,0.059938169801307,0.059938169801307,MRR gain vs composition,0.0404446760062937,-0.0023768703569744,True,False
HTEM,SUBSTR_ONLY__reported__L010__K75,source-adjusted excess gain vs composition,0.0463851027906124,0.0463851027906124,MRR gain vs composition,0.0404446760062937,-0.0023768703569744,True,False
HTEM,SUBSTR_ONLY__reported__L010__K100,source-adjusted excess gain vs composition,0.0216430156512407,0.0216430156512407,MRR gain vs composition,0.0404446760062937,-0.0023768703569744,True,False
HTEM,SUBSTR_ONLY__reported__L010__K125,source-adjusted excess gain vs composition,0.0111427960646376,0.0111427960646376,MRR gain vs composition,0.0404446760062937,-0.0023768703569744,True,False
HTEM,SUBSTR_ONLY__reported__L010__K150,source-adjusted excess gain vs composition,0.0242049954662903,0.0242049954662903,MRR gain vs composition,0.0404446760062937,-0.0023768703569744,True,False
HTEM,SUBSTR_ONLY__reported__L010__K200,source-adjusted excess gain vs composition,0.0078236724743233,0.0078236724743233,MRR gain vs composition,0.0404446760062937,-0.0023768703569744,True,False
HTEM,SUBSTR_ONLY__reported__L010__K250,source-adjusted excess gain vs composition,0.0200005600092402,0.0200005600092402,MRR gain vs composition,0.0404446760062937,-0.0023768703569744,True,False
HTEM,SUBSTR_ONLY__reported__L010__K300,source-adjusted excess gain vs composition,0.0233406115231225,0.0233406115231225,MRR gain vs composition,0.0404446760062937,-0.0023768703569744,True,False
HTEM,SUBSTR_ONLY__reported__L010__K400,source-adjusted excess gain vs composition,0.0285499794501996,0.0285499794501996,MRR gain vs composition,0.0404446760062937,-0.0023768703569744,True,False
HTEM,SUBSTR_ONLY__reported__L025__K25,source-adjusted excess gain vs composition,0.0011114763595762,0.0011114763595762,MRR gain vs composition,0.040449222138907,-0.0023723242243611,True,False
HTEM,SUBSTR_ONLY__reported__L025__K50,source-adjusted excess gain vs composition,0.0433070845047267,0.0433070845047267,MRR gain vs composition,0.040449222138907,-0.0023723242243611,True,False
HTEM,SUBSTR_ONLY__reported__L025__K75,source-adjusted excess gain vs composition,-0.0085241161142192,-0.0085241161142192,MRR gain vs composition,0.040449222138907,-0.0023723242243611,False,False
HTEM,SUBSTR_ONLY__reported__L025__K100,source-adjusted excess gain vs composition,-0.0334605726330042,-0.0334605726330042,MRR gain vs composition,0.040449222138907,-0.0023723242243611,False,False
HTEM,SUBSTR_ONLY__reported__L025__K125,source-adjusted excess gain vs composition,0.0119572813764851,0.0119572813764851,MRR gain vs composition,0.040449222138907,-0.0023723242243611,True,False
HTEM,SUBSTR_ONLY__reported__L025__K150,source-adjusted excess gain vs composition,-0.0114205956890082,-0.0114205956890082,MRR gain vs composition,0.040449222138907,-0.0023723242243611,False,False
HTEM,SUBSTR_ONLY__reported__L025__K200,source-adjusted excess gain vs composition,0.0200642403066054,0.0200642403066054,MRR gain vs composition,0.040449222138907,-0.0023723242243611,True,False
HTEM,SUBSTR_ONLY__reported__L025__K250,source-adjusted excess gain vs composition,0.0100687708864109,0.0100687708864109,MRR gain vs composition,0.040449222138907,-0.0023723242243611,True,False
HTEM,SUBSTR_ONLY__reported__L025__K300,source-adjusted excess gain vs composition,0.0449488921850141,0.0449488921850141,MRR gain vs composition,0.040449222138907,-0.0023723242243611,True,False
HTEM,SUBSTR_ONLY__reported__L025__K400,source-adjusted excess gain vs composition,0.0246652440182528,0.0246652440182528,MRR gain vs composition,0.040449222138907,-0.0023723242243611,True,False
HTEM,SUBSTR_ONLY__reported__L050__K25,source-adjusted excess gain vs composition,-0.0321275910555169,-0.0321275910555169,MRR gain vs composition,0.0404915237422787,-0.0023300226209895,False,False
HTEM,SUBSTR_ONLY__reported__L050__K50,source-adjusted excess gain vs composition,0.0263395329301021,0.0263395329301021,MRR gain vs composition,0.0404915237422787,-0.0023300226209895,True,False
HTEM,SUBSTR_ONLY__reported__L050__K75,source-adjusted excess gain vs composition,-0.0571556204959832,-0.0571556204959832,MRR gain vs composition,0.0404915237422787,-0.0023300226209895,False,False
HTEM,SUBSTR_ONLY__reported__L050__K100,source-adjusted excess gain vs composition,-0.0900536931917841,-0.0900536931917841,MRR gain vs composition,0.0404915237422787,-0.0023300226209895,False,False
HTEM,SUBSTR_ONLY__reported__L050__K125,source-adjusted excess gain vs composition,-0.0404682689563054,-0.0404682689563054,MRR gain vs composition,0.0404915237422787,-0.0023300226209895,False,False
HTEM,SUBSTR_ONLY__reported__L050__K150,source-adjusted excess gain vs composition,-0.0125521651771725,-0.0125521651771725,MRR gain vs composition,0.0404915237422787,-0.0023300226209895,False,False
HTEM,SUBSTR_ONLY__reported__L050__K200,source-adjusted excess gain vs composition,0.0167180344462172,0.0167180344462172,MRR gain vs composition,0.0404915237422787,-0.0023300226209895,True,False
HTEM,SUBSTR_ONLY__reported__L050__K250,source-adjusted excess gain vs composition,0.0064273285582579,0.0064273285582579,MRR gain vs composition,0.0404915237422787,-0.0023300226209895,True,False
HTEM,SUBSTR_ONLY__reported__L050__K300,source-adjusted excess gain vs composition,0.0423750123617423,0.0423750123617423,MRR gain vs composition,0.0404915237422787,-0.0023300226209895,True,False
HTEM,SUBSTR_ONLY__reported__L050__K400,source-adjusted excess gain vs composition,0.0244497176515959,0.0244497176515959,MRR gain vs composition,0.0404915237422787,-0.0023300226209895,True,False
HTEM,SUBSTR_ONLY__reported__L075__K25,source-adjusted excess gain vs composition,-0.0200717247984742,-0.0200717247984742,MRR gain vs composition,0.0404768813458949,-0.0023446650173732,False,False
HTEM,SUBSTR_ONLY__reported__L075__K50,source-adjusted excess gain vs composition,0.0314077807167356,0.0314077807167356,MRR gain vs composition,0.0404768813458949,-0.0023446650173732,True,False
HTEM,SUBSTR_ONLY__reported__L075__K75,source-adjusted excess gain vs composition,-0.0755205942876328,-0.0755205942876328,MRR gain vs composition,0.0404768813458949,-0.0023446650173732,False,False
HTEM,SUBSTR_ONLY__reported__L075__K100,source-adjusted excess gain vs composition,-0.0849920626966027,-0.0849920626966027,MRR gain vs composition,0.0404768813458949,-0.0023446650173732,False,False
HTEM,SUBSTR_ONLY__reported__L075__K125,source-adjusted excess gain vs composition,-0.0614115649139105,-0.0614115649139105,MRR gain vs composition,0.0404768813458949,-0.0023446650173732,False,False
HTEM,SUBSTR_ONLY__reported__L075__K150,source-adjusted excess gain vs composition,-0.0381166215132984,-0.0381166215132984,MRR gain vs composition,0.0404768813458949,-0.0023446650173732,False,False
HTEM,SUBSTR_ONLY__reported__L075__K200,source-adjusted excess gain vs composition,0.0344310207938571,0.0344310207938571,MRR gain vs composition,0.0404768813458949,-0.0023446650173732,True,False
HTEM,SUBSTR_ONLY__reported__L075__K250,source-adjusted excess gain vs composition,0.0049882148554436,0.0049882148554436,MRR gain vs composition,0.0404768813458949,-0.0023446650173732,True,False
HTEM,SUBSTR_ONLY__reported__L075__K300,source-adjusted excess gain vs composition,0.0439698654259693,0.0439698654259693,MRR gain vs composition,0.0404768813458949,-0.0023446650173732,True,False
HTEM,SUBSTR_ONLY__reported__L075__K400,source-adjusted excess gain vs composition,0.0284033215573388,0.0284033215573388,MRR gain vs composition,0.0404768813458949,-0.0023446650173732,True,False
HTEM,SUBSTR_ONLY__reported__L100__K25,source-adjusted excess gain vs composition,0.0234058526422918,0.0234058526422918,MRR gain vs composition,0.0404658508597322,-0.0023556955035359,True,False
HTEM,SUBSTR_ONLY__reported__L100__K50,source-adjusted excess gain vs composition,0.0098064744065677,0.0098064744065677,MRR gain vs composition,0.0404658508597322,-0.0023556955035359,True,False
HTEM,SUBSTR_ONLY__reported__L100__K75,source-adjusted excess gain vs composition,-0.0832270144612062,-0.0832270144612062,MRR gain vs composition,0.0404658508597322,-0.0023556955035359,False,False
HTEM,SUBSTR_ONLY__reported__L100__K100,source-adjusted excess gain vs composition,-0.1166259126407427,-0.1166259126407427,MRR gain vs composition,0.0404658508597322,-0.0023556955035359,False,False
HTEM,SUBSTR_ONLY__reported__L100__K125,source-adjusted excess gain vs composition,-0.0580681745863087,-0.0580681745863087,MRR gain vs composition,0.0404658508597322,-0.0023556955035359,False,False
HTEM,SUBSTR_ONLY__reported__L100__K150,source-adjusted excess gain vs composition,-0.0400952290909428,-0.0400952290909428,MRR gain vs composition,0.0404658508597322,-0.0023556955035359,False,False
HTEM,SUBSTR_ONLY__reported__L100__K200,source-adjusted excess gain vs composition,0.0128054747913887,0.0128054747913887,MRR gain vs composition,0.0404658508597322,-0.0023556955035359,True,False
HTEM,SUBSTR_ONLY__reported__L100__K250,source-adjusted excess gain vs composition,0.004541527280889,0.004541527280889,MRR gain vs composition,0.0404658508597322,-0.0023556955035359,True,False
HTEM,SUBSTR_ONLY__reported__L100__K300,source-adjusted excess gain vs composition,0.0443211838066492,0.0443211838066492,MRR gain vs composition,0.0404658508597322,-0.0023556955035359,True,False
HTEM,SUBSTR_ONLY__reported__L100__K400,source-adjusted excess gain vs composition,0.029608985635865,0.029608985635865,MRR gain vs composition,0.0404658508597322,-0.0023556955035359,True,False
NanoMine,material_only,paper ARI at k=50,0.1411597049225035,0.0,same-paper MRR,0.1822930552746532,0.0,False,False
NanoMine,balanced,paper ARI at k=50,0.2092777545648663,0.06811804964236282,same-paper MRR,0.8812237278482922,0.698930672573639,True,True
NanoMine,sequence_focus,paper ARI at k=50,0.2558380343177956,0.11467832939529213,same-paper MRR,0.4647506092043475,0.2824575539296943,True,True
NanoMine,settings_focus,paper ARI at k=50,0.2812697603846683,0.1401100554621648,same-paper MRR,0.4632877330802417,0.2809946778055885,True,True
NanoMine,numeric_settings_focus,paper ARI at k=50,0.2296463365352799,0.08848663161277642,same-paper MRR,0.4613100444555549,0.2790169891809017,True,True
NanoMine,process_only,paper ARI at k=50,0.4917801824603427,0.3506204775378392,same-paper MRR,0.3703592780366854,0.1880662227620322,True,True
PNCExtract,strict_equal,paper ARI at k=50,0.18452907538881,0.0,same-paper MRR,0.2761709495618428,0.0,False,False
PNCExtract,strict_loading,paper ARI at k=50,0.1376805903968178,-0.046848484991992206,same-paper MRR,0.5822152361408206,0.3060442865789778,False,True
PNCExtract,soft_loading,paper ARI at k=50,0.1332137668535775,-0.0513153085352325,same-paper MRR,0.5947956903864198,0.318624740824577,False,True
