config_id,profile,variant,process_lambda,clusters,process_positive_coverage_mean,positive_coassignment,composition_matched_expected,excess,component_equal_excess,source_matched_component_equal_excess,delta_vs_composition_same_k,mask_control_component_excess,delta_vs_mask_control,mrr,source_matched_delta_vs_composition_same_k,source_matched_mask_control_component_excess,source_matched_delta_vs_mask_control,mrr_delta_vs_composition,hit_at_10,recall_at_10,nonidentical_component_equal_excess,source_matched_nonidentical_component_equal_excess,largest_cluster_fraction,singleton_fraction
COMPOSITION_ONLY,COMPOSITION_ONLY,none,0.0,25,0.0,0.8596819457436857,0.5543067770013952,0.30537516874229054,0.3554718538851365,0.18213119866754213,0.0,nan,nan,0.04282154636326822,0.0,nan,nan,0.0,0.07971014492753623,0.0318840579710145,0.3656522394722385,0.2177269629107371,0.25806451612903225,0.0010576414595452142
COMPOSITION_ONLY,COMPOSITION_ONLY,none,0.0,50,0.0,0.8503274087932647,0.4991981888935831,0.35112921989968165,0.3725041170377852,0.1989829295891285,0.0,nan,nan,0.04282154636326822,0.0,nan,nan,0.0,0.07971014492753623,0.0318840579710145,0.37073467674608956,0.2217568537850613,0.2469592808038075,0.0026441036488630354
COMPOSITION_ONLY,COMPOSITION_ONLY,none,0.0,75,0.0,0.8054256314312441,0.3951127008718807,0.4103129305593634,0.45122501667362097,0.305150440215699,0.0,nan,nan,0.04282154636326822,0.0,nan,nan,0.0,0.07971014492753623,0.0318840579710145,0.45814766169883403,0.3267304814739467,0.10153358011634056,0.004759386567953464
COMPOSITION_ONLY,COMPOSITION_ONLY,none,0.0,100,0.0,0.7998129092609916,0.34718136826927143,0.45263154099172015,0.4964079492277039,0.3632273813963001,0.0,nan,nan,0.04282154636326822,0.0,nan,nan,0.0,0.07971014492753623,0.0318840579710145,0.5042297557608205,0.3840276266301461,0.08619777895293496,0.008989952406134321
COMPOSITION_ONLY,COMPOSITION_ONLY,none,0.0,125,0.0,0.7820392890551918,0.2732522180784699,0.5087870709767219,0.49722557839185105,0.36596445552120804,0.0,nan,nan,0.04282154636326822,0.0,nan,nan,0.0,0.07971014492753623,0.0318840579710145,0.4517658800322271,0.336045365861098,0.06451612903225806,0.01110523532522475
COMPOSITION_ONLY,COMPOSITION_ONLY,none,0.0,150,0.0,0.775491113189897,0.23890028182806208,0.5365908313618349,0.4869948593115056,0.3670442443372089,0.0,nan,nan,0.04282154636326822,0.0,nan,nan,0.0,0.07971014492753623,0.0318840579710145,0.4103017271829839,0.31032836043906664,0.06398730830248546,0.015864621893178214
COMPOSITION_ONLY,COMPOSITION_ONLY,none,0.0,200,0.0,0.598690364826941,0.16777263715990334,0.43091772766703773,0.45568328236779165,0.35367135836720776,0.0,nan,nan,0.04282154636326822,0.0,nan,nan,0.0,0.07971014492753623,0.0318840579710145,0.33345046106825676,0.2574524537771216,0.046007403490216814,0.022739291380222106
COMPOSITION_ONLY,COMPOSITION_ONLY,none,0.0,250,0.0,0.4106641721234799,0.13303126782774816,0.27763290429573173,0.4557089305066855,0.3634781220818793,0.0,nan,nan,0.04282154636326822,0.0,nan,nan,0.0,0.07971014492753623,0.0318840579710145,0.3185555459159662,0.25744958664796297,0.04019037546271814,0.033315705975674244
COMPOSITION_ONLY,COMPOSITION_ONLY,none,0.0,300,0.0,0.3105706267539757,0.11840704727009069,0.192163579483885,0.43586818791015847,0.3557464209024234,0.0,nan,nan,0.04282154636326822,0.0,nan,nan,0.0,0.07971014492753623,0.0318840579710145,0.2839168359529401,0.23885907584059116,0.04019037546271814,0.044420941300899
COMPOSITION_ONLY,COMPOSITION_ONLY,none,0.0,400,0.0,0.2076707202993452,0.10179598668184059,0.1058747336175046,0.41111263192342107,0.34204909883661083,0.0,nan,nan,0.04282154636326822,0.0,nan,nan,0.0,0.07971014492753623,0.0318840579710145,0.23978617533134353,0.21129034761139318,0.04019037546271814,0.07826546800634585
EQ__reported__L010,EQ,reported,0.1,25,0.45221778750419617,0.8241347053320861,0.5435791838321276,0.28055552149995855,0.3519194910492689,0.19497124040571295,-0.0035523628358676285,0.33653781410078343,0.015381676948485468,0.037916577998252404,0.012840041738170827,0.17630480120393544,0.018666439201777518,-0.004904968365015819,0.007246376811594203,0.0036231884057971015,0.37201177501725585,0.2433946218830293,0.2522474881015336,0.0010576414595452142
EQ__reported__L010,EQ,reported,0.1,50,0.45221778750419617,0.80355472404116,0.4624511458076852,0.3411035782334748,0.43106746607497637,0.2674176904599186,0.05856334903719118,0.39617312585854697,0.0348943402164294,0.037916577998252404,0.06843476087079009,0.2329076840078802,0.03451000645203839,-0.004904968365015819,0.007246376811594203,0.0036231884057971015,0.46070950071630296,0.3182106433523871,0.24114225277630882,0.0021152829190904283
EQ__reported__L010,EQ,reported,0.1,75,0.45221778750419617,0.7932647333956969,0.37940181409577206,0.41386291929992486,0.4621683945085505,0.30938365361592973,0.010943377834929546,0.4571706793971344,0.004997715111416112,0.037916577998252404,0.004233213400230751,0.30009471892332296,0.009288934692606776,-0.004904968365015819,0.007246376811594203,0.0036231884057971015,0.4725629089570091,0.33703435152716416,0.08302485457429931,0.004759386567953464
EQ__reported__L010,EQ,reported,0.1,100,0.45221778750419617,0.7932647333956969,0.30527935723215344,0.4879853761635435,0.5351198361675928,0.38398565910771965,0.03871188693988892,0.5189060086342396,0.01621382753335321,0.037916577998252404,0.020758277711419526,0.37327994112689433,0.010705717980825313,-0.004904968365015819,0.007246376811594203,0.0036231884057971015,0.5441298673743563,0.40609590649342553,0.07086197778952935,0.006874669487043892
EQ__reported__L010,EQ,reported,0.1,125,0.45221778750419617,0.7820392890551918,0.273060603007212,0.5089786860479798,0.5321602554098182,0.3996715144620028,0.0349346770179671,0.5143399186307513,0.017820336779066803,0.037916577998252404,0.03370705894079473,0.3751967394659054,0.024474774996097348,-0.004904968365015819,0.007246376811594203,0.0036231884057971015,0.5038068539455406,0.39191183745764163,0.06927551560021153,0.01110523532522475
EQ__reported__L010,EQ,reported,0.1,150,0.45221778750419617,0.7661365762394762,0.24423745010186848,0.5218991261376077,0.4758552445308163,0.34637061390957746,-0.011139614780689311,0.5096414009222813,-0.03378615639146498,0.037916577998252404,-0.02067363042763143,0.3627405822567549,-0.01636996834717741,-0.004904968365015819,0.007246376811594203,0.0036231884057971015,0.39990549549021664,0.2950748846256221,0.06927551560021153,0.015335801163405606
EQ__reported__L010,EQ,reported,0.1,200,0.45221778750419617,0.6258185219831618,0.1729272661805249,0.4528912558026369,0.46611395600814315,0.35882048534600014,0.010430673640351495,0.4510055247369096,0.015108431271233569,0.037916577998252404,0.005149126978792384,0.34201931967265153,0.016801165673348606,-0.004904968365015819,0.007246376811594203,0.0036231884057971015,0.3538858229510793,0.27264105016719137,0.048651507139079855,0.0222104706504495
EQ__reported__L010,EQ,reported,0.1,250,0.45221778750419617,0.5191768007483629,0.1335520920967853,0.3856247086515776,0.4623596941329549,0.3706361579014792,0.006650763626269429,0.4474091808841665,0.014950513248788433,0.037916577998252404,0.007158035819599895,0.35563703281196424,0.014999125089514953,-0.004904968365015819,0.007246376811594203,0.0036231884057971015,0.3300130051163767,0.27043640007729325,0.040719196192490745,0.03278688524590164
EQ__reported__L010,EQ,reported,0.1,300,0.45221778750419617,0.4078578110383536,0.1210099200118393,0.2868478910265143,0.4382773884804903,0.3582477505685854,0.0024092005703318375,0.436701016810275,0.001576371670215293,0.037916577998252404,0.0025013296661619555,0.3557085929644257,0.002539157604159681,-0.004904968365015819,0.007246376811594203,0.0036231884057971015,0.28914881000813325,0.2405433044509808,0.040719196192490745,0.044420941300899
EQ__reported__L010,EQ,reported,0.1,400,0.45221778750419617,0.21421889616463985,0.09905113906326932,0.11516775710137053,0.41572769520999386,0.34803984802567545,0.004615063286572796,0.36721526370687324,0.04851243150312062,0.037916577998252404,0.005990749189064615,0.2951514840946607,0.05288836393101476,-0.004904968365015819,0.007246376811594203,0.0036231884057971015,0.24663133255987682,0.216168296298945,0.03437334743521946,0.07562136435748282
EQ__reported__L025,EQ,reported,0.25,25,0.45221778750419617,0.8147801683816651,0.5321004637555055,0.28267970462615966,0.3428260348706068,0.1844126738367292,-0.012645819014529713,0.34106124008860617,0.0017647947820006449,0.0393962669826179,0.002281475169187086,0.18013524538247452,0.004277428454254689,-0.00342527938065032,0.007246376811594203,0.0036231884057971015,0.357140111151463,0.22727114403174645,0.254362771020624,0.0005288207297726071
EQ__reported__L025,EQ,reported,0.25,50,0.45221778750419617,0.7970065481758652,0.435647459507987,0.36135908866787825,0.44351027308803426,0.2844739334771752,0.07100615605024907,0.39881375163567473,0.04469652145235953,0.0393962669826179,0.0854910038880467,0.23302270237408204,0.05145123110309316,-0.00342527938065032,0.007246376811594203,0.0036231884057971015,0.46894172727940675,0.3391240439015561,0.15864621893178213,0.0015864621893178213
EQ__reported__L025,EQ,reported,0.25,75,0.45221778750419617,0.7913938260056127,0.35818229578405236,0.43321153022156034,0.4988332284719386,0.355518334510315,0.047608211798317646,0.5032501244211884,-0.004416895949249822,0.0393962669826179,0.05036789429461602,0.316551989128076,0.03896634538223903,-0.00342527938065032,0.007246376811594203,0.0036231884057971015,0.4931964994034321,0.36420026375020526,0.08302485457429931,0.0037017451084082496
EQ__reported__L025,EQ,reported,0.25,100,0.45221778750419617,0.7913938260056127,0.2981306951151655,0.4932631308904472,0.5576264739369757,0.4024403300298667,0.061218524709271804,0.5480691378340267,0.009557336102949066,0.0393962669826179,0.03921294863356656,0.3681285656628289,0.034311764367037756,-0.00342527938065032,0.007246376811594203,0.0036231884057971015,0.5506967783340181,0.4111315451685782,0.07086197778952935,0.006874669487043892
EQ__reported__L025,EQ,reported,0.25,125,0.45221778750419617,0.7829747427502338,0.26415086791679715,0.5188238748334366,0.5247071675212412,0.3676055883568759,0.027481589129390194,0.5555872921357254,-0.030880124614484195,0.0393962669826179,0.0016411328356678578,0.3957695484318247,-0.028163960074948813,-0.00342527938065032,0.007246376811594203,0.0036231884057971015,0.4898364202748258,0.34705389344621534,0.06927551560021153,0.011634056054997356
EQ__reported__L025,EQ,reported,0.25,150,0.45221778750419617,0.7782974742750234,0.23960456860840845,0.538692905666615,0.512935566917765,0.3741847591917572,0.025940707606259383,0.5397899985260752,-0.026854431608310247,0.0393962669826179,0.007140514854548308,0.3845288229596849,-0.01034406376792768,-0.00342527938065032,0.007246376811594203,0.0036231884057971015,0.46254917411739926,0.34608973138870053,0.06927551560021153,0.015335801163405606
EQ__reported__L025,EQ,reported,0.25,200,0.45221778750419617,0.6267539756782039,0.16758237467744055,0.4591716010007634,0.47209161507623504,0.36432260995496335,0.016408332708443385,0.49075697061767004,-0.018665355541435003,0.0393962669826179,0.010651251587755595,0.3726507366368551,-0.008328126681891757,-0.00342527938065032,0.007246376811594203,0.0036231884057971015,0.3739283483784858,0.29538165662864224,0.047593865679534636,0.0222104706504495
EQ__reported__L025,EQ,reported,0.25,250,0.45221778750419617,0.4256314312441534,0.13222699324644055,0.2934044379977129,0.45644289311233904,0.36252820898579285,0.0007339626056535598,0.46830960016992373,-0.011866707057584691,0.0393962669826179,-0.000949913096086441,0.37125280775144925,-0.0087245987656564,-0.00342527938065032,0.007246376811594203,0.0036231884057971015,0.3369001547013199,0.27588521203086114,0.041248016922263354,0.03225806451612903
EQ__reported__L025,EQ,reported,0.25,300,0.45221778750419617,0.4031805425631431,0.11092970375743112,0.292250838805712,0.4640899056024546,0.38202675238279865,0.028221717692296144,0.470568768835291,-0.006478863232836363,0.0393962669826179,0.02628033148037523,0.38643557905169357,-0.004408826668894916,-0.00342527938065032,0.007246376811594203,0.0036231884057971015,0.3378179243119582,0.2881998811278526,0.033844526705446853,0.04283447911158118
EQ__reported__L025,EQ,reported,0.25,400,0.45221778750419617,0.2441534144059869,0.0856108507240584,0.15854256368192848,0.43507574161872725,0.36334292447909655,0.023963109695306184,0.37826524217302004,0.05681049944570721,0.0393962669826179,0.02129382564248572,0.30483733988950973,0.05850558458958682,-0.00342527938065032,0.007246376811594203,0.0036231884057971015,0.2796697518063635,0.2384117420724384,0.03120042305658382,0.06768905341089371
EQ__reported__L050,EQ,reported,0.5,25,0.45221778750419617,0.8400374181478016,0.5276164379659343,0.31242098018186737,0.40395128374263267,0.2479478715170097,0.04847942985749615,0.3063182435181182,0.09763304022451447,0.04028336979606454,0.06581667284946757,0.13580108348525863,0.11214678803175107,-0.002538176567203683,0.007246376811594203,0.0036231884057971015,0.44311139012375,0.3151493972477885,0.24484399788471709,0.0010576414595452142
EQ__reported__L050,EQ,reported,0.5,50,0.45221778750419617,0.8175865294667914,0.4228633040387526,0.39472322542803884,0.4937210314589902,0.3319391526833807,0.12121691442120502,0.42351875376741094,0.07020227769157927,0.04028336979606454,0.1329562230942522,0.2013976314308119,0.1305415212525688,-0.002538176567203683,0.007246376811594203,0.0036231884057971015,0.5359542688334192,0.39960113978400164,0.14754098360655737,0.0021152829190904283
EQ__reported__L050,EQ,reported,0.5,75,0.45221778750419617,0.8091674462114126,0.3200417317490841,0.48912571446232844,0.5532209093241789,0.3701723866235152,0.10199589265055792,0.4627505564593728,0.09047035286480609,0.04028336979606454,0.06502194640781622,0.23785175167974007,0.13232063494377513,-0.002538176567203683,0.007246376811594203,0.0036231884057971015,0.5546263484409955,0.3840577946683055,0.07086197778952935,0.0031729243786356425
EQ__reported__L050,EQ,reported,0.5,100,0.45221778750419617,0.7904583723105706,0.28415284502125626,0.5063055272893143,0.570534915200195,0.3902670391409258,0.07412696597249102,0.5214362268418059,0.04909868835838904,0.04028336979606454,0.02703965774462569,0.33069398435404196,0.05957305478688385,-0.002538176567203683,0.007246376811594203,0.0036231884057971015,0.563361180799772,0.3958611680307756,0.07086197778952935,0.006874669487043892
EQ__reported__L050,EQ,reported,0.5,125,0.45221778750419617,0.7829747427502338,0.24300799129594752,0.5399667514542863,0.5448251052490162,0.3880720898035813,0.04759952685716512,0.5624710898750349,-0.01764598462601874,0.04028336979606454,0.02210763428237328,0.3871791096021482,0.0008929802014331356,-0.002538176567203683,0.007246376811594203,0.0036231884057971015,0.509180937084797,0.37719739817020687,0.06927551560021153,0.010047593865679535
EQ__reported__L050,EQ,reported,0.5,150,0.45221778750419617,0.7820392890551918,0.22739183023372073,0.5546474588214712,0.5595756634784034,0.41282150370345294,0.07258080416689777,0.5743183702323399,-0.014742706753936519,0.04028336979606454,0.04577725936624405,0.4143965861601747,-0.001575082456721777,-0.002538176567203683,0.007246376811594203,0.0036231884057971015,0.5237768582403923,0.4024837913276181,0.06927551560021153,0.01639344262295082
EQ__reported__L050,EQ,reported,0.5,200,0.45221778750419617,0.7296538821328344,0.17042591343851574,0.5592279686943187,0.5392827107111873,0.4282427977682002,0.08359942834339562,0.52484020972591,0.014442500985277329,0.04028336979606454,0.07457143940099242,0.3931133642200594,0.0351294335481408,-0.002538176567203683,0.007246376811594203,0.0036231884057971015,0.4706637647071228,0.3875473396510336,0.048122686409307246,0.024854574299312534
EQ__reported__L050,EQ,reported,0.5,250,0.45221778750419617,0.5556594948550047,0.12091551981464495,0.4347439750403597,0.5009347827163407,0.40077318976297727,0.04522585220965525,0.4996396980638161,0.0012950846525246473,0.04028336979606454,0.03729506768109797,0.3977036456489505,0.0030695441140267676,-0.002538176567203683,0.007246376811594203,0.0036231884057971015,0.3955643754031659,0.32868038071093736,0.035430988894764676,0.030142781597038603
EQ__reported__L050,EQ,reported,0.5,300,0.45221778750419617,0.5369504209541628,0.10624478254297107,0.4307056384111917,0.48969225455154536,0.4029990561243065,0.05382406664138689,0.4816318823929386,0.008060372158606777,0.04028336979606454,0.047252635221883055,0.39707921969816723,0.005919836426139247,-0.002538176567203683,0.007246376811594203,0.0036231884057971015,0.37276403531707897,0.312946590310594,0.030671602326811213,0.04019037546271814
EQ__reported__L050,EQ,reported,0.5,400,0.45221778750419617,0.4845650140318054,0.08414377699689102,0.4004212370349144,0.4505231988259702,0.38305523470299085,0.03941056690254913,0.39840224980115974,0.05212094902481046,0.04028336979606454,0.04100613586638002,0.3312481143512457,0.05180712035174517,-0.002538176567203683,0.007246376811594203,0.0036231884057971015,0.3124730269770721,0.2690157566490045,0.030671602326811213,0.0671602326811211
EQ__reported__L075,EQ,reported,0.75,25,0.45221778750419617,0.8400374181478016,0.5237407276487543,0.3162966904990473,0.4085595476268452,0.25404247133537095,0.053087693741708686,0.30960209164118396,0.09895745598566125,0.040670850035441186,0.07191127266782882,0.15666362511112245,0.0973788462242485,-0.002150696327827037,0.007246376811594203,0.0036231884057971015,0.4480522809785865,0.32303547189758575,0.2464304600740349,0.0010576414595452142
EQ__reported__L075,EQ,reported,0.75,50,0.45221778750419617,0.8110383536014967,0.3910717082984398,0.4199666453030569,0.48580103311589534,0.29040625147926774,0.11329691607811015,0.45731691307849043,0.028484120037404914,0.040670850035441186,0.09142332189013924,0.22481916052286646,0.06558709095640128,-0.002150696327827037,0.007246376811594203,0.0036231884057971015,0.4886997370355248,0.32735585888717794,0.14331041776837652,0.0031729243786356425
EQ__reported__L075,EQ,reported,0.75,75,0.45221778750419617,0.8101028999064547,0.298121064361154,0.5119818355453007,0.5790626995835051,0.40761487173442434,0.12783768290988412,0.500071408008762,0.07899129157474305,0.040670850035441186,0.10246443151872536,0.28217404955770403,0.1254408221767203,-0.002150696327827037,0.007246376811594203,0.0036231884057971015,0.5817484746088462,0.435950795310665,0.07086197778952935,0.0031729243786356425
EQ__reported__L075,EQ,reported,0.75,100,0.45221778750419617,0.7913938260056127,0.2752330167192825,0.5161608092863301,0.5836783267682734,0.41331753110191705,0.08727037754056943,0.5244365593053806,0.05924176746289278,0.040670850035441186,0.050090149705616926,0.32048197652520444,0.09283555457671261,-0.002150696327827037,0.007246376811594203,0.0036231884057971015,0.5780895450217219,0.43259335367669777,0.07086197778952935,0.006874669487043892
EQ__reported__L075,EQ,reported,0.75,125,0.45221778750419617,0.7895229186155285,0.24373038514271775,0.5457925334728108,0.57513585372706,0.4182037432997419,0.07791027533520894,0.555860228976623,0.01927562475043698,0.040670850035441186,0.05223928777853387,0.3728644783895839,0.045339264910157995,-0.002150696327827037,0.007246376811594203,0.0036231884057971015,0.5524282510450861,0.421105574208152,0.07086197778952935,0.01110523532522475
EQ__reported__L075,EQ,reported,0.75,150,0.45221778750419617,0.7839101964452759,0.2342341495511346,0.5496760468941413,0.5581617963310931,0.4099482854793771,0.07116693701958748,0.5720432793893331,-0.013881483058239996,0.040670850035441186,0.042904041142168226,0.3965164508018963,0.013431834677480825,-0.002150696327827037,0.007246376811594203,0.0036231884057971015,0.5242850070811317,0.40462315459999226,0.06768905341089371,0.017979904812268643
EQ__reported__L075,EQ,reported,0.75,200,0.45221778750419617,0.774555659494855,0.18241448470412358,0.5921411747907315,0.5770257676104817,0.44418126964817467,0.12134248524269009,0.5421954319724499,0.03483033563803184,0.040670850035441186,0.09050991128096691,0.41672508120412116,0.02745618844405351,-0.002150696327827037,0.007246376811594203,0.0036231884057971015,0.5285992592618026,0.42552665339718815,0.053410893707033315,0.026441036488630356
EQ__reported__L075,EQ,reported,0.75,250,0.45221778750419617,0.6884939195509823,0.1293450202205933,0.559148899330389,0.5491060182810704,0.44826924972783005,0.09339708777438493,0.4949667868557442,0.05413923142532623,0.040670850035441186,0.08479112764595076,0.3938918660331871,0.054377383694642956,-0.002150696327827037,0.007246376811594203,0.0036231884057971015,0.4709475973218364,0.3921334278587043,0.035430988894764676,0.033315705975674244
EQ__reported__L075,EQ,reported,0.75,300,0.45221778750419617,0.5285313376987839,0.11339206371043113,0.41513927398835276,0.5047411745748854,0.41676066923992894,0.06887298666472697,0.48268677757743483,0.022054396997450598,0.040670850035441186,0.06101424833750552,0.4030230979504572,0.013737571289471728,-0.002150696327827037,0.007246376811594203,0.0036231884057971015,0.3966801715483829,0.33203526471029704,0.035430988894764676,0.04336329984135378
EQ__reported__L075,EQ,reported,0.75,400,0.45221778750419617,0.490177736202058,0.08315060670228211,0.40702712949977593,0.4773615836151373,0.4086317941382993,0.06624895169171624,0.4238035911343687,0.05355799248076859,0.040670850035441186,0.06658269530168848,0.3574525936310444,0.051179200507254885,-0.002150696327827037,0.007246376811594203,0.0036231884057971015,0.34500468074041474,0.3016365893938727,0.028027498677948175,0.06927551560021153
EQ__reported__L100,EQ,reported,1.0,25,0.45221778750419617,0.8316183348924229,0.43817843173444426,0.3934399031579786,0.45809452209767365,0.222087353320171,0.10262266821253713,0.3783981928389957,0.07969632925867798,0.04078723294648133,0.03995615465262886,0.13808489850176722,0.08400245481840377,-0.0020343134167868926,0.007246376811594203,0.0036231884057971015,0.48194219776515707,0.27873606666131856,0.23003701745108407,0.0015864621893178213
EQ__reported__L100,EQ,reported,1.0,50,0.45221778750419617,0.8175865294667914,0.3718309282450732,0.44575560122171826,0.5241252203985738,0.3089601936711641,0.1516211033607886,0.4383543494562461,0.08577087094232771,0.04078723294648133,0.10997726408203562,0.1931941498024025,0.11576604386876163,-0.0020343134167868926,0.007246376811594203,0.0036231884057971015,0.5549469060052183,0.3781160714106781,0.19143310417768378,0.004230565838180857
EQ__reported__L100,EQ,reported,1.0,75,0.45221778750419617,0.8119738072965388,0.31073579162069054,0.5012380156758482,0.5493644595057754,0.3615933750325668,0.09813944283215442,0.45564985997327934,0.09371459953249606,0.04078723294648133,0.056442934816867796,0.22617888021161103,0.13541449482095574,-0.0020343134167868926,0.007246376811594203,0.0036231884057971015,0.567123124129911,0.4070985352779028,0.12480169222633528,0.004759386567953464
EQ__reported__L100,EQ,reported,1.0,100,0.45221778750419617,0.8119738072965388,0.2845102246771666,0.5274635826193722,0.5766308934211305,0.399578138164876,0.08022294419342657,0.5081097020656945,0.068521191355436,0.04078723294648133,0.036350756768575854,0.3029578290929555,0.09662030907192048,-0.0020343134167868926,0.007246376811594203,0.0036231884057971015,0.594672915214235,0.4441923837326891,0.07033315705975675,0.007932310946589107
EQ__reported__L100,EQ,reported,1.0,125,0.45221778750419617,0.8119738072965388,0.25098853057231285,0.5609852767242259,0.6091602931200385,0.4458441248822285,0.11193471472818745,0.5438740587792048,0.0652862343408337,0.04078723294648133,0.07987966936102048,0.3525713320018364,0.09327279288039214,-0.0020343134167868926,0.007246376811594203,0.0036231884057971015,0.6263333759374531,0.49085110042724517,0.06874669487043893,0.010576414595452142
EQ__reported__L100,EQ,reported,1.0,150,0.45221778750419617,0.7876520112254444,0.23043373913471155,0.5572182720907328,0.5853684583462895,0.4309588699966963,0.09837359903478388,0.5582951860097414,0.027073272336548104,0.04078723294648133,0.06391462565948741,0.3924622473397753,0.038496622656921,-0.0020343134167868926,0.007246376811594203,0.0036231884057971015,0.583411265052295,0.4565426290709392,0.0671602326811211,0.014806980433632998
EQ__reported__L100,EQ,reported,1.0,200,0.45221778750419617,0.7811038353601497,0.17895464381691767,0.602149191543232,0.5816513776094899,0.4473850360913869,0.12596809524169827,0.5312656241115343,0.0503857534979556,0.04078723294648133,0.09371367772417916,0.4012104298006792,0.04617460629070769,-0.0020343134167868926,0.007246376811594203,0.0036231884057971015,0.5336568606720786,0.4232879952596193,0.053939714436805924,0.023796932839767318
EQ__reported__L100,EQ,reported,1.0,250,0.45221778750419617,0.6931711880261927,0.14444464568745813,0.5487265423387346,0.5398193732281994,0.4314149833195739,0.08411044272151391,0.5221594795716555,0.017659893656543857,0.04078723294648133,0.0679368612376946,0.4152973625398076,0.016117620779766306,-0.0020343134167868926,0.007246376811594203,0.0036231884057971015,0.4626247516404393,0.3777992706822893,0.04177683765203596,0.033315705975674244
EQ__reported__L100,EQ,reported,1.0,300,0.45221778750419617,0.5650140318054256,0.11145416512862821,0.45355986667679743,0.5151323500557075,0.4267376312639418,0.07926416214554899,0.4586242477666093,0.05650810228909814,0.04078723294648133,0.0709912103615184,0.3728189826918394,0.053918648572102434,-0.0020343134167868926,0.007246376811594203,0.0036231884057971015,0.4111449176111373,0.3450469557581542,0.035430988894764676,0.0449497620306716
EQ__reported__L100,EQ,reported,1.0,400,0.45221778750419617,0.49859681945743684,0.08679462854073013,0.4118021909167067,0.4531952956360431,0.3825461742296322,0.04208266371262204,0.438964533345597,0.01423076229044612,0.04078723294648133,0.04049707539302139,0.3717768289362879,0.010769345293344335,-0.0020343134167868926,0.007246376811594203,0.0036231884057971015,0.3681112746627426,0.3213319368936001,0.028027498677948175,0.06927551560021153
EQ__optimistic__L010,EQ,optimistic,0.1,25,0.45221778750419617,0.8185219831618334,0.5345052363211246,0.2840167468407089,0.3600393669897429,0.2025359877594792,0.004567513104606402,0.33653781410078343,0.023501552888959498,0.03370485706414505,0.020404789091937076,0.17630480120393544,0.026231186555543767,-0.009116689299123175,0.007246376811594203,0.0036231884057971015,0.3825803273290735,0.2525840984216388,0.25383395029085143,0.0010576414595452142
EQ__optimistic__L010,EQ,optimistic,0.1,50,0.45221778750419617,0.8016838166510758,0.47318380191098336,0.32850001474009244,0.3814840618670157,0.2145563450578434,0.008979944829230535,0.39617312585854697,-0.014689063991531248,0.03370485706414505,0.015573415468714907,0.2329076840078802,-0.018351338950036794,-0.009116689299123175,0.007246376811594203,0.0036231884057971015,0.3950990883683571,0.25565634786124963,0.24272871496562665,0.0026441036488630354
EQ__optimistic__L010,EQ,optimistic,0.1,75,0.45221778750419617,0.7932647333956969,0.38393735759178893,0.409327375803908,0.4582227852354337,0.3050548266419488,0.006997768561812723,0.4571706793971344,0.0010521058382992887,0.03370485706414505,-9.56135737502084e-05,0.30009471892332296,0.004960107718625817,-0.009116689299123175,0.007246376811594203,0.0036231884057971015,0.46898126310819155,0.33564827150059395,0.08355367530407191,0.005288207297726071
EQ__optimistic__L010,EQ,optimistic,0.1,100,0.45221778750419617,0.7932647333956969,0.33340040085006406,0.45986433254563286,0.5079231295668674,0.3632092752582598,0.011515180339163433,0.5189060086342396,-0.010982879067372275,0.03370485706414505,-1.810613804031913e-05,0.37327994112689433,-0.010070665868634532,-0.009116689299123175,0.007246376811594203,0.0036231884057971015,0.5177267748092861,0.3866891920558661,0.08355367530407191,0.008461131676361713
EQ__optimistic__L010,EQ,optimistic,0.1,125,0.45221778750419617,0.7801683816651076,0.2846305238466718,0.4955378578184358,0.5001294636127694,0.36469366120156127,0.0029038852209183896,0.5143399186307513,-0.014210455017981904,0.03370485706414505,-0.001270794319646773,0.3751967394659054,-0.010503078264344157,-0.009116689299123175,0.007246376811594203,0.0036231884057971015,0.4634280419894456,0.3422301293340801,0.06927551560021153,0.010576414595452142
EQ__optimistic__L010,EQ,optimistic,0.1,150,0.45221778750419617,0.7652011225444341,0.24851441319810236,0.5166867093463317,0.47140399158748447,0.35054996394005217,-0.015590867724021129,0.5096414009222813,-0.0382374093347968,0.03370485706414505,-0.016494280397156724,0.3627405822567549,-0.012190618316702706,-0.009116689299123175,0.007246376811594203,0.0036231884057971015,0.39588118838509767,0.2912869515091605,0.06927551560021153,0.015864621893178214
EQ__optimistic__L010,EQ,optimistic,0.1,200,0.45221778750419617,0.6304957904583723,0.17254907063146005,0.45794671982691226,0.4680211006690663,0.36443031902923834,0.012337818301274672,0.4510055247369096,0.017015575932156746,0.03370485706414505,0.010758960662030581,0.34201931967265153,0.022410999356586803,-0.009116689299123175,0.007246376811594203,0.0036231884057971015,0.356598179463079,0.2792552510752068,0.048651507139079855,0.0222104706504495
EQ__optimistic__L010,EQ,optimistic,0.1,250,0.45221778750419617,0.5565949485500468,0.1360603149206521,0.4205346336293947,0.4723518127752513,0.3830503418353524,0.016642882268565806,0.4474091808841665,0.02494263189108481,0.03370485706414505,0.01957221975347312,0.35563703281196424,0.027413309023388177,-0.009116689299123175,0.007246376811594203,0.0036231884057971015,0.34664970304507325,0.2895467611671771,0.04019037546271814,0.03225806451612903
EQ__optimistic__L010,EQ,optimistic,0.1,300,0.45221778750419617,0.29279700654817586,0.11831239735220894,0.17448460919596692,0.4268621737585158,0.3488478645861531,-0.00900601415164265,0.436701016810275,-0.009838843051759194,0.03370485706414505,-0.006898556316270343,0.3557085929644257,-0.006860728378272618,-0.009116689299123175,0.007246376811594203,0.0036231884057971015,0.2717608984398305,0.2255794634904494,0.04019037546271814,0.04389212057112639
EQ__optimistic__L010,EQ,optimistic,0.1,400,0.45221778750419617,0.21515434985968196,0.09734744054139755,0.11780690931828441,0.4177094784094728,0.3530567013485064,0.006596846486051744,0.36721526370687324,0.05049421470259957,0.03370485706414505,0.011007602511895587,0.2951514840946607,0.05790521725384573,-0.009116689299123175,0.007246376811594203,0.0036231884057971015,0.2486280216355562,0.22043742798107938,0.03120042305658382,0.07826546800634585
EQ__optimistic__L025,EQ,optimistic,0.25,25,0.45221778750419617,0.8185219831618334,0.5364704018985403,0.2820515812632931,0.3576459181965225,0.2047628890518292,0.0021740643113860036,0.34106124008860617,0.016584678107916362,0.03471925060455421,0.022631690384287084,0.18013524538247452,0.024627643669354687,-0.00810229575871401,0.007246376811594203,0.0036231884057971015,0.3797545643927475,0.25621514817045443,0.2522474881015336,0.0015864621893178213
EQ__optimistic__L025,EQ,optimistic,0.25,50,0.45221778750419617,0.8026192703461179,0.4622120388014322,0.3404072315446857,0.4308115343352325,0.27112797126330707,0.05830741729744732,0.39881375163567473,0.031997782699557775,0.03471925060455421,0.07214504167417857,0.23302270237408204,0.038105268889225025,-0.00810229575871401,0.007246376811594203,0.0036231884057971015,0.4606559631299782,0.3221867325164459,0.24114225277630882,0.0026441036488630354
EQ__optimistic__L025,EQ,optimistic,0.25,75,0.45221778750419617,0.7951356407857811,0.375763947526426,0.41937169325935514,0.5051741251039994,0.35746094435606807,0.05394910843037842,0.5032501244211884,0.0019240006828109557,0.03471925060455421,0.052310504140369085,0.316551989128076,0.040908955227992094,-0.00810229575871401,0.007246376811594203,0.0036231884057971015,0.5319608650304197,0.40156713077232187,0.08355367530407191,0.005288207297726071
EQ__optimistic__L025,EQ,optimistic,0.25,100,0.45221778750419617,0.7913938260056127,0.3233537297951133,0.4680400962104994,0.5332335314961926,0.38999309379898695,0.036825582268488644,0.5480691378340267,-0.014835606337834095,0.03471925060455421,0.026765712402686825,0.3681285656628289,0.021864528136158023,-0.00810229575871401,0.007246376811594203,0.0036231884057971015,0.5270182949458643,0.3957526187967984,0.08355367530407191,0.006874669487043892
EQ__optimistic__L025,EQ,optimistic,0.25,125,0.45221778750419617,0.7801683816651076,0.28534327199051635,0.49482510967459126,0.49943941447588475,0.36488494416192596,0.0022138360840336935,0.5555872921357254,-0.056147877659840695,0.03471925060455421,-0.0010795113592820815,0.3957695484318247,-0.030884604269898752,-0.00810229575871401,0.007246376811594203,0.0036231884057971015,0.4627577352737191,0.3426885545314415,0.06927551560021153,0.01110523532522475
EQ__optimistic__L025,EQ,optimistic,0.25,150,0.45221778750419617,0.7652011225444341,0.24846753726411955,0.5167335852803145,0.4714471901125184,0.35140023106105733,-0.015547669198987202,0.5397899985260752,-0.06834280841355683,0.03471925060455421,-0.015644013276151558,0.3845288229596849,-0.033128591898627546,-0.00810229575871401,0.007246376811594203,0.0036231884057971015,0.39592190210257167,0.29193525137512316,0.06927551560021153,0.015864621893178214
EQ__optimistic__L025,EQ,optimistic,0.25,200,0.45221778750419617,0.5612722170252572,0.16753262498372642,0.39373959204153075,0.46292434947939,0.36196652751042196,0.007241067111598332,0.49075697061767004,-0.027832621138280056,0.03471925060455421,0.00829516914321421,0.3726507366368551,-0.010684209126433142,-0.00810229575871401,0.007246376811594203,0.0036231884057971015,0.3469161183814007,0.27298002608776345,0.04177683765203596,0.0222104706504495
EQ__optimistic__L025,EQ,optimistic,0.25,250,0.45221778750419617,0.5565949485500468,0.13416650831809238,0.42242844023195436,0.4741606648751085,0.38481964997278684,0.01845173436842301,0.46830960016992373,0.005851064705184761,0.03471925060455421,0.02134152789090754,0.37125280775144925,0.013566842221337583,-0.00810229575871401,0.007246376811594203,0.0036231884057971015,0.3483928758002441,0.2906165568139818,0.041248016922263354,0.03278688524590164
EQ__optimistic__L025,EQ,optimistic,0.25,300,0.45221778750419617,0.2862488306828812,0.11731857321445044,0.16893025746843077,0.42406587544704977,0.34653407719552454,-0.0118023124631087,0.470568768835291,-0.04650289338824121,0.03471925060455421,-0.009212343706898884,0.38643557905169357,-0.03990150185616903,-0.00810229575871401,0.007246376811594203,0.0036231884057971015,0.26684631983712864,0.22129056082189716,0.041248016922263354,0.04336329984135378
EQ__optimistic__L025,EQ,optimistic,0.25,400,0.45221778750419617,0.23854069223573432,0.09313551919565888,0.14540517304007544,0.4244928116302932,0.35765403582514993,0.013380179706872108,0.37826524217302004,0.04622756945727313,0.03471925060455421,0.015604936988539098,0.30483733988950973,0.0528166959356402,-0.00810229575871401,0.007246376811594203,0.0036231884057971015,0.25652808583489833,0.22766066543903027,0.03120042305658382,0.07297726070861978
EQ__optimistic__L050,EQ,optimistic,0.5,25,0.45221778750419617,0.8185219831618334,0.5377506760822016,0.2807713070796318,0.356569745167012,0.20153755199738732,0.001097891281875485,0.3063182435181182,0.050251501648893804,0.03600626492442402,0.019406353329845194,0.13580108348525863,0.06573646851212869,-0.0068152814388442035,0.007246376811594203,0.0036231884057971015,0.3788275210994425,0.2526665573702241,0.2527763088313062,0.0015864621893178213
EQ__optimistic__L050,EQ,optimistic,0.5,50,0.45221778750419617,0.8026192703461179,0.4655508433561817,0.3370684269899362,0.42770808798940907,0.2668605124204116,0.05520397095162388,0.42351875376741094,0.004189334221998131,0.03600626492442402,0.06787758283128309,0.2013976314308119,0.06546288098959968,-0.0068152814388442035,0.007246376811594203,0.0036231884057971015,0.4577162779950407,0.31753620872017707,0.24272871496562665,0.0026441036488630354
EQ__optimistic__L050,EQ,optimistic,0.5,75,0.45221778750419617,0.7913938260056127,0.36904130719406225,0.42235251881155045,0.48822561880360194,0.34150755876200795,0.037000602129980964,0.4627505564593728,0.025475062344229138,0.03600626492442402,0.036357118546308964,0.23785175167974007,0.10365580708226788,-0.0068152814388442035,0.007246376811594203,0.0036231884057971015,0.48283984610697944,0.354536493459938,0.08355367530407191,0.004230565838180857
EQ__optimistic__L050,EQ,optimistic,0.5,100,0.45221778750419617,0.7857811038353602,0.32758181603934056,0.4581992877960196,0.5029986836625602,0.35750310625598736,0.006590734434856249,0.5214362268418059,-0.01843754317924573,0.03600626492442402,-0.005724275140312762,0.33069398435404196,0.0268091219019454,-0.0068152814388442035,0.007246376811594203,0.0036231884057971015,0.48600868702438804,0.35195846922019397,0.08355367530407191,0.007403490216816499
EQ__optimistic__L050,EQ,optimistic,0.5,125,0.45221778750419617,0.7839101964452759,0.2808790099765427,0.5030311864687332,0.5089829400254916,0.37200498781325564,0.01175736163364055,0.5624710898750349,-0.05348814984954331,0.03600626492442402,0.006040532292047596,0.3871791096021482,-0.015174121788892547,-0.0068152814388442035,0.007246376811594203,0.0036231884057971015,0.4743522156612056,0.3513494696102211,0.06927551560021153,0.011634056054997356
EQ__optimistic__L050,EQ,optimistic,0.5,150,0.45221778750419617,0.7287184284377923,0.2414022687189335,0.48731615971885883,0.474377351885678,0.361925416316489,-0.012617507425827623,0.5743183702323399,-0.09994101834666191,0.03600626492442402,-0.00511882802071989,0.4143965861601747,-0.05247116984368572,-0.0068152814388442035,0.007246376811594203,0.0036231884057971015,0.3964208279687598,0.30797079423977625,0.05499735589635114,0.015335801163405606
EQ__optimistic__L050,EQ,optimistic,0.5,200,0.45221778750419617,0.5537885874649204,0.168106182205488,0.3856824052594324,0.46046156800404947,0.3631291366675872,0.0047782856362578174,0.52484020972591,-0.06437864172186047,0.03600626492442402,0.009457778300379471,0.3931133642200594,-0.029984227552472154,-0.0068152814388442035,0.007246376811594203,0.0036231884057971015,0.34209636679595223,0.2732826302014715,0.04336329984135378,0.023796932839767318
EQ__optimistic__L050,EQ,optimistic,0.5,250,0.45221778750419617,0.3872778297474275,0.12933936250612224,0.2579384672413053,0.4465059340812485,0.35782340263509876,-0.009202996425436982,0.4996396980638161,-0.05313376398256758,0.03600626492442402,-0.005654719446780532,0.3977036456489505,-0.039880243013851735,-0.0068152814388442035,0.007246376811594203,0.0036231884057971015,0.30499132250246747,0.2488244868850699,0.03966155473294553,0.03120042305658382
EQ__optimistic__L050,EQ,optimistic,0.5,300,0.45221778750419617,0.2628624883068288,0.10662313249381074,0.15623935581301807,0.4415095122086567,0.35754772657418205,0.005641324298498229,0.4816318823929386,-0.040122370184281886,0.03600626492442402,0.001801305671758624,0.39707921969816723,-0.039531493123985184,-0.0068152814388442035,0.007246376811594203,0.0036231884057971015,0.287047924265886,0.23499086345519274,0.03120042305658382,0.041248016922263354
EQ__optimistic__L050,EQ,optimistic,0.5,400,0.45221778750419617,0.23386342376052385,0.08731454924593021,0.14654887451459364,0.4349709771693321,0.36654219034160185,0.023858345245911017,0.39840224980115974,0.03656872736817235,0.03600626492442402,0.024493091504991016,0.3312481143512457,0.035294075990356166,-0.0068152814388442035,0.007246376811594203,0.0036231884057971015,0.2688253533725679,0.23283411059253536,0.03120042305658382,0.06821787414066631
EQ__optimistic__L075,EQ,optimistic,0.75,25,0.45221778750419617,0.8391019644527596,0.5333238478530714,0.30577811659968823,0.3804365859492782,0.22659574705454208,0.02496473206414168,0.30960209164118396,0.07083449430809424,0.036758825961843454,0.04446454838699995,0.15666362511112245,0.06993212194341963,-0.006062720401424769,0.007246376811594203,0.0036231884057971015,0.41050102525569415,0.285528934004821,0.24431517715494447,0.0015864621893178213
EQ__optimistic__L075,EQ,optimistic,0.75,50,0.45221778750419617,0.8213283442469598,0.46237345983739736,0.3589548844095624,0.449603861412312,0.29083165023707164,0.07709974437452682,0.45731691307849043,-0.0077130516661784165,0.036758825961843454,0.09184872064794314,0.22481916052286646,0.06601248971420517,-0.006062720401424769,0.007246376811594203,0.0036231884057971015,0.4878744423657437,0.35034935035786147,0.23426758328926495,0.0031729243786356425
EQ__optimistic__L075,EQ,optimistic,0.75,75,0.45221778750419617,0.7951356407857811,0.3619342842201216,0.43320135656565956,0.5187372188340847,0.3770516717890684,0.06751220216046377,0.500071408008762,0.018665810825322704,0.036758825961843454,0.07190123157336942,0.28217404955770403,0.09487762223136437,-0.006062720401424769,0.007246376811594203,0.0036231884057971015,0.5452362737896418,0.41878456183553575,0.08355367530407191,0.004230565838180857
EQ__optimistic__L075,EQ,optimistic,0.75,100,0.45221778750419617,0.7876520112254444,0.32862150304796606,0.4590305081774783,0.4863262408219168,0.341952641237325,-0.010081708405787149,0.5244365593053806,-0.0381103184834638,0.036758825961843454,-0.021274740158975125,0.32048197652520444,0.021470664712120557,-0.006062720401424769,0.007246376811594203,0.0036231884057971015,0.485062806763948,0.35220156502700456,0.08355367530407191,0.007403490216816499
EQ__optimistic__L075,EQ,optimistic,0.75,125,0.45221778750419617,0.7876520112254444,0.2830049511242267,0.5046470601012176,0.5304984562599654,0.3933140316875868,0.03327287786811434,0.555860228976623,-0.025361772716657627,0.036758825961843454,0.02734957616637873,0.3728644783895839,0.020449553298002854,-0.006062720401424769,0.007246376811594203,0.0036231884057971015,0.5279765412335127,0.40446609500896297,0.06927551560021153,0.012162876784769964
EQ__optimistic__L075,EQ,optimistic,0.75,150,0.45221778750419617,0.774555659494855,0.2609615761452001,0.513594083349655,0.48729293769479026,0.3673968751975658,0.0002980783832846612,0.5720432793893331,-0.08475034169454282,0.036758825961843454,0.00035263086035691726,0.3965164508018963,-0.029119575604330483,-0.006062720401424769,0.007246376811594203,0.0036231884057971015,0.4576821700167464,0.35945205258494334,0.06768905341089371,0.01639344262295082
EQ__optimistic__L075,EQ,optimistic,0.75,200,0.45221778750419617,0.5575304022450889,0.16564690083041095,0.3918835014146779,0.4863301673014467,0.3890238653811413,0.030646884933655028,0.5421954319724499,-0.05586526467100322,0.036758825961843454,0.035352507013933554,0.41672508120412116,-0.027701215822979852,-0.006062720401424769,0.007246376811594203,0.0036231884057971015,0.41505210847215396,0.3461389343901336,0.04230565838180857,0.024325753569539928
EQ__optimistic__L075,EQ,optimistic,0.75,250,0.45221778750419617,0.5247895229186156,0.12688169762089405,0.3979078252977215,0.47056912253450434,0.38067263545305513,0.014860192027818853,0.4949667868557442,-0.024397664321239854,0.036758825961843454,0.017194513371175835,0.3938918660331871,-0.013219230580131969,-0.006062720401424769,0.007246376811594203,0.0036231884057971015,0.35411560276860937,0.29738387475321565,0.03860391327340032,0.03120042305658382
EQ__optimistic__L075,EQ,optimistic,0.75,300,0.45221778750419617,0.510757717492984,0.10790196435082643,0.4028557531421576,0.4787976622356227,0.3879645419380758,0.042929474325464234,0.48268677757743483,-0.0038891153418121327,0.036758825961843454,0.03221812103565236,0.4030230979504572,-0.01505855601238143,-0.006062720401424769,0.007246376811594203,0.0036231884057971015,0.35717438397090134,0.3010008476124097,0.03120042305658382,0.03913273400317292
EQ__optimistic__L075,EQ,optimistic,0.75,400,0.45221778750419617,0.41814780168381666,0.08878162297309761,0.32936617871071905,0.4415257179704791,0.3743972112405744,0.030413086047058058,0.4238035911343687,0.017722126836110408,0.036758825961843454,0.03234811240396357,0.3574525936310444,0.016944617609529977,-0.006062720401424769,0.007246376811594203,0.0036231884057971015,0.3008307323309019,0.2586075587132201,0.03120042305658382,0.06874669487043893
EQ__optimistic__L100,EQ,optimistic,1.0,25,0.45221778750419617,0.8362956033676333,0.5168143888537353,0.319481214513898,0.41471634336997615,0.2569076077447054,0.059244489484839624,0.3783981928389957,0.036318150530980475,0.03719975474515871,0.07477640907716326,0.13808489850176722,0.11882270924293817,-0.005621791618109516,0.007246376811594203,0.0036231884057971015,0.45584842959235244,0.3260644346939798,0.24325753569539926,0.0010576414595452142
EQ__optimistic__L100,EQ,optimistic,1.0,50,0.45221778750419617,0.8194574368568756,0.43206801857095356,0.387389418285922,0.48448636264668465,0.3285552138124838,0.11198224560889947,0.4383543494562461,0.04613201319043858,0.03719975474515871,0.12957228422335532,0.1931941498024025,0.13536106401008133,-0.005621791618109516,0.007246376811594203,0.0036231884057971015,0.5257823446763521,0.39923339775222627,0.1496562665256478,0.0021152829190904283
EQ__optimistic__L100,EQ,optimistic,1.0,75,0.45221778750419617,0.813844714686623,0.35814305621968695,0.45570165846693605,0.5401954985714243,0.40018047201422235,0.08897048189780338,0.45564985997327934,0.08454563859814501,0.03719975474515871,0.09503003179852337,0.22617888021161103,0.17400159180261132,-0.005621791618109516,0.007246376811594203,0.0036231884057971015,0.5743881293304695,0.4514757601653898,0.08355367530407191,0.0031729243786356425
EQ__optimistic__L100,EQ,optimistic,1.0,100,0.45221778750419617,0.7876520112254444,0.30314968017809873,0.48450233104734564,0.5110014297379005,0.36765188747351624,0.0145934805101966,0.5081097020656945,0.0028917276722060237,0.03719975474515871,0.004424506077216117,0.3029578290929555,0.06469405838056075,-0.005621791618109516,0.007246376811594203,0.0036231884057971015,0.5090351192349697,0.3812019248617157,0.06927551560021153,0.005817028027498678
EQ__optimistic__L100,EQ,optimistic,1.0,125,0.45221778750419617,0.7876520112254444,0.2869553038535167,0.5006967073719277,0.526649346805777,0.3888959693085588,0.029423768413925966,0.5438740587792048,-0.017224711973427786,0.03719975474515871,0.022931513787350755,0.3525713320018364,0.03632463730672242,-0.005621791618109516,0.007246376811594203,0.0036231884057971015,0.5242243634874258,0.39917239335215937,0.06768905341089371,0.012162876784769964
EQ__optimistic__L100,EQ,optimistic,1.0,150,0.45221778750419617,0.7839101964452759,0.26096738826144594,0.52294280818383,0.5463991110500611,0.4221884716038402,0.059404251738555514,0.5582951860097414,-0.011896074959680258,0.03719975474515871,0.05514422726663132,0.3924622473397753,0.029726224264064904,-0.005621791618109516,0.007246376811594203,0.0036231884057971015,0.5409778584079395,0.4387459224867105,0.06557377049180328,0.017451084082496033
EQ__optimistic__L100,EQ,optimistic,1.0,200,0.45221778750419617,0.6435921421889617,0.16413371451168937,0.4794584276772723,0.531408510461088,0.4266392317217452,0.07572522809329629,0.5312656241115343,0.000142886349553617,0.03719975474515871,0.07296787335453747,0.4012104298006792,0.025428801921066002,-0.005621791618109516,0.007246376811594203,0.0036231884057971015,0.4770819964675364,0.4012609207916273,0.046007403490216814,0.026441036488630356
EQ__optimistic__L100,EQ,optimistic,1.0,250,0.45221778750419617,0.5771749298409729,0.1338865997890692,0.44328833005190366,0.49374920842684455,0.39911568626801464,0.03804027792015907,0.5221594795716555,-0.028410271144810983,0.03719975474515871,0.03563756418613534,0.4152973625398076,-0.016181676271792955,-0.005621791618109516,0.007246376811594203,0.0036231884057971015,0.39061932489995194,0.3286235831050502,0.03860391327340032,0.03172924378635643
EQ__optimistic__L100,EQ,optimistic,1.0,300,0.45221778750419617,0.5360149672591207,0.11093076172304298,0.42508420553607773,0.48985543346434274,0.40047953385435725,0.05398724555418427,0.4586242477666093,0.03123118569773342,0.03719975474515871,0.04473311295193383,0.3728189826918394,0.027660551162517866,-0.005621791618109516,0.007246376811594203,0.0036231884057971015,0.37501529727452726,0.31353674720615504,0.03172924378635643,0.041248016922263354
EQ__optimistic__L100,EQ,optimistic,1.0,400,0.45221778750419617,0.4883068288119738,0.08901824776780203,0.39928858104417175,0.4569689294046969,0.38848328132424803,0.04585629748127584,0.438964533345597,0.018004396059099925,0.03719975474515871,0.0464341824876372,0.3717768289362879,0.016706452387960147,-0.005621791618109516,0.007246376811594203,0.0036231884057971015,0.3232757540170795,0.2771050481521232,0.03172924378635643,0.06980433632998413
EQ__pessimistic__L010,EQ,pessimistic,0.1,25,0.45221778750419617,0.8260056127221702,0.5397117118222389,0.28629390089993134,0.3413099515761524,0.1724828985835929,-0.01416190230898412,0.33653781410078343,0.004772137475368976,0.44799163114558854,-0.009648300083949235,0.17630480120393544,-0.0038219026203425432,0.4051700847823203,0.6014492753623188,0.2171082032638097,0.3519822647578983,0.21422064245217678,0.254362771020624,0.0010576414595452142
EQ__pessimistic__L010,EQ,pessimistic,0.1,50,0.45221778750419617,0.8091674462114126,0.46375828901344185,0.3454091571979707,0.37702708365958876,0.21007149760308494,0.00452296662180357,0.39617312585854697,-0.019146042198958213,0.44799163114558854,0.01108856801395644,0.2329076840078802,-0.02283618640479526,0.4051700847823203,0.6014492753623188,0.2171082032638097,0.37848838233190646,0.23278052995129128,0.24325753569539926,0.0026441036488630354
EQ__pessimistic__L010,EQ,pessimistic,0.1,75,0.45221778750419617,0.7923292797006548,0.3686362640813901,0.4236930156192647,0.4565880829780275,0.2983660324596757,0.005363066304406527,0.4571706793971344,-0.0005825964191069066,0.44799163114558854,-0.006784407756023292,0.30009471892332296,-0.0017286864636472665,0.4051700847823203,0.6014492753623188,0.2171082032638097,0.4578465357859655,0.3238028820667959,0.08461131676361713,0.004759386567953464
EQ__pessimistic__L010,EQ,pessimistic,0.1,100,0.45221778750419617,0.7904583723105706,0.3289052983998365,0.4615530739107341,0.49548832734802195,0.343631363578146,-0.0009196218796819755,0.5189060086342396,-0.023417681286217684,0.44799163114558854,-0.01959601781815412,0.37327994112689433,-0.029648577548748334,0.4051700847823203,0.6014492753623188,0.2171082032638097,0.4968490057310692,0.3556479213943347,0.08249603384452671,0.007403490216816499
EQ__pessimistic__L010,EQ,pessimistic,0.1,125,0.45221778750419617,0.7773620205799813,0.2748803053406799,0.5024817152393013,0.4848707158696018,0.3442110986599143,-0.012354862522249266,0.5143399186307513,-0.02946920276114956,0.44799163114558854,-0.02175335686129376,0.3751967394659054,-0.030985640805991144,0.4051700847823203,0.6014492753623188,0.2171082032638097,0.4241541980398625,0.3011037851209792,0.06927551560021153,0.010047593865679535
EQ__pessimistic__L010,EQ,pessimistic,0.1,150,0.45221778750419617,0.7680074836295603,0.23117060316108834,0.536836880468472,0.4964529386758706,0.37055815943461995,0.00945807936436499,0.5096414009222813,-0.013188462246410682,0.44799163114558854,0.003513915097411058,0.3627405822567549,0.007817577177865076,0.4051700847823203,0.6014492753623188,0.2171082032638097,0.4221150568650252,0.3161974421962311,0.0671602326811211,0.013220518244315178
EQ__pessimistic__L010,EQ,pessimistic,0.1,200,0.45221778750419617,0.637043966323667,0.16053176404017333,0.47651220228349367,0.4852102976791683,0.3745503233898078,0.029527015311376636,0.4510055247369096,0.03420477294225871,0.44799163114558854,0.02087896502260006,0.34201931967265153,0.03253100371715628,0.4051700847823203,0.6014492753623188,0.2171082032638097,0.3731681411381154,0.2890092017957178,0.046007403490216814,0.02168164992067689
EQ__pessimistic__L010,EQ,pessimistic,0.1,250,0.45221778750419617,0.4106641721234799,0.13165884401846253,0.2790053281050173,0.4581975074548561,0.36536230374559264,0.0024885769481706177,0.4474091808841665,0.010788326570689621,0.44799163114558854,0.0018841816637133468,0.35563703281196424,0.009725270933628405,0.4051700847823203,0.6014492753623188,0.2171082032638097,0.32148299772780947,0.2574710588639764,0.041248016922263354,0.03278688524590164
EQ__pessimistic__L010,EQ,pessimistic,0.1,300,0.45221778750419617,0.30121608980355474,0.11343792658129796,0.18777816322225677,0.4389500767289024,0.36210532357950326,0.0030818888187439386,0.436701016810275,0.002249059918627394,0.44799163114558854,0.006358902677079836,0.3557085929644257,0.006396730615077562,0.4051700847823203,0.6014492753623188,0.2171082032638097,0.28521030815195975,0.24399126032847926,0.04019037546271814,0.0449497620306716
EQ__pessimistic__L010,EQ,pessimistic,0.1,400,0.45221778750419617,0.2469597754911132,0.10222191131230854,0.14473786417880466,0.3555746667234468,0.28396364989311895,-0.05553796519997428,0.36721526370687324,-0.011640596983426454,0.44799163114558854,-0.05808544894349188,0.2951514840946607,-0.011187834201541735,0.4051700847823203,0.6014492753623188,0.2171082032638097,0.16225949835353792,0.1280403758215044,0.04019037546271814,0.07667900581702802
EQ__pessimistic__L025,EQ,pessimistic,0.25,25,0.45221778750419617,0.8147801683816651,0.5273111310314058,0.2874690373502593,0.35013993453236975,0.1701915884258065,-0.0053319193527667785,0.34106124008860617,0.00907869444376358,0.524487792186791,-0.011939610241735621,0.18013524538247452,-0.009943656956668018,0.48166624582352274,0.6376811594202898,0.31215198480644707,0.3646923951526482,0.21502181485641578,0.25753569539925963,0.0010576414595452142
EQ__pessimistic__L025,EQ,pessimistic,0.25,50,0.45221778750419617,0.8091674462114126,0.46639068334302053,0.34277676286839204,0.39511947859008467,0.22011957970618032,0.022615361552299484,0.39881375163567473,-0.0036942730455900574,0.524487792186791,0.02113665011705182,0.23302270237408204,-0.012903122667901723,0.48166624582352274,0.6376811594202898,0.31215198480644707,0.4044846038938091,0.2511075008969995,0.24325753569539926,0.0026441036488630354
EQ__pessimistic__L025,EQ,pessimistic,0.25,75,0.45221778750419617,0.7960710944808232,0.3732295654783351,0.42284152900248817,0.4918638610677712,0.3293582667287831,0.04063884439415022,0.5032501244211884,-0.011386263353417247,0.524487792186791,0.02420782651308412,0.316551989128076,0.012806277600707128,0.48166624582352274,0.6376811594202898,0.31215198480644707,0.5089084023488549,0.36944821081221885,0.08355367530407191,0.004230565838180857
EQ__pessimistic__L025,EQ,pessimistic,0.25,100,0.45221778750419617,0.7923292797006548,0.3230247703180214,0.4693045093826334,0.5180591080118255,0.36315742572239057,0.021651158784121605,0.5480691378340267,-0.030010029822201134,0.524487792186791,-6.995567390954971e-05,0.3681285656628289,-0.004971139940438352,0.48166624582352274,0.6376811594202898,0.31215198480644707,0.5023070909243589,0.35859512137060817,0.08355367530407191,0.006874669487043892
EQ__pessimistic__L025,EQ,pessimistic,0.25,125,0.45221778750419617,0.775491113189897,0.2665826767499988,0.5089084364398982,0.4679355106198311,0.3062347737852976,-0.02929006777201998,0.5555872921357254,-0.08765178151589437,0.524487792186791,-0.05972968173591042,0.3957695484318247,-0.0895347746465271,0.48166624582352274,0.6376811594202898,0.31215198480644707,0.39482353753107396,0.24390467993512213,0.06874669487043893,0.010047593865679535
EQ__pessimistic__L025,EQ,pessimistic,0.25,150,0.45221778750419617,0.7726847521047708,0.23061870863659067,0.5420660434681801,0.5014614914765353,0.3599893996914705,0.014466632165029691,0.5397899985260752,-0.03832850704953994,0.524487792186791,-0.007054844645738412,0.3845288229596849,-0.0245394232682144,0.48166624582352274,0.6376811594202898,0.31215198480644707,0.42808804266341,0.308478298976168,0.0671602326811211,0.01269169751454257
EQ__pessimistic__L025,EQ,pessimistic,0.25,200,0.45221778750419617,0.637043966323667,0.16512920004179257,0.47191476628187445,0.4873714356652471,0.3719209910178597,0.031688153297455446,0.49075697061767004,-0.0033855349524229417,0.524487792186791,0.018249632650651937,0.3726507366368551,-0.0007297456189954143,0.48166624582352274,0.6376811594202898,0.31215198480644707,0.3767264887451877,0.28548444444589793,0.04547858276044421,0.0222104706504495
EQ__pessimistic__L025,EQ,pessimistic,0.25,250,0.45221778750419617,0.5537885874649204,0.1404142111432134,0.41337437632170704,0.46358734937843094,0.36439897980034575,0.007878418871745452,0.46830960016992373,-0.004722250791492799,0.524487792186791,0.0009208577184664501,0.37125280775144925,-0.006853827951103508,0.48166624582352274,0.6376811594202898,0.31215198480644707,0.3338036646233533,0.26598275216322304,0.041248016922263354,0.033844526705446853
EQ__pessimistic__L025,EQ,pessimistic,0.25,300,0.45221778750419617,0.54911131898971,0.12489137488991622,0.4242199440997938,0.4679672530273321,0.3814447705838222,0.03209906511717364,0.470568768835291,-0.002601515807958865,0.524487792186791,0.02569834968139878,0.38643557905169357,-0.004990808467871366,0.48166624582352274,0.6376811594202898,0.31215198480644707,0.3341674451032665,0.2800980346771879,0.041248016922263354,0.047593865679534636
EQ__pessimistic__L025,EQ,pessimistic,0.25,400,0.45221778750419617,0.5444340505144996,0.11443255896398094,0.4300014915505186,0.41065467216923845,0.3278114649377508,-0.00045795975418261303,0.37826524217302004,0.03238942999621841,0.524487792186791,-0.014237633898860014,0.30483733988950973,0.02297412504824109,0.48166624582352274,0.6376811594202898,0.31215198480644707,0.25488036410804016,0.2049763765560324,0.041248016922263354,0.09783183500793231
EQ__pessimistic__L050,EQ,pessimistic,0.5,25,0.45221778750419617,0.823199251637044,0.5238841352440375,0.29931511639300645,0.3562482906923853,0.18306391762646296,0.0007764368072487593,0.3063182435181182,0.04993004717426708,0.5603302243648303,0.0009327189589208307,0.13580108348525863,0.04726283414120433,0.5175086780015621,0.6956521739130435,0.35238887098154836,0.36782693799347116,0.22062741674787725,0.257006874669487,0.0010576414595452142
EQ__pessimistic__L050,EQ,pessimistic,0.5,50,0.45221778750419617,0.8147801683816651,0.4659417519120992,0.3488384164695659,0.3971610378762192,0.22170508029764258,0.024656920838434015,0.42351875376741094,-0.026357715891191735,0.5603302243648303,0.022722150708514077,0.2013976314308119,0.02030744886683067,0.5175086780015621,0.6956521739130435,0.35238887098154836,0.4045097717568306,0.24956368086411737,0.2459016393442623,0.0026441036488630354
EQ__pessimistic__L050,EQ,pessimistic,0.5,75,0.45221778750419617,0.7998129092609916,0.367532445657042,0.43228046360394956,0.4982589788212544,0.32862088591709016,0.047033962147633446,0.4627505564593728,0.03550842236188162,0.5603302243648303,0.023470445701391174,0.23785175167974007,0.09076913423735009,0.5175086780015621,0.6956521739130435,0.35238887098154836,0.5137068158793315,0.36287277447779337,0.1110523532522475,0.006345848757271285
EQ__pessimistic__L050,EQ,pessimistic,0.5,100,0.45221778750419617,0.7867165575304023,0.30361126837981334,0.4831052891505889,0.4981235761840339,0.3031258740112696,0.0017156269563299853,0.5214362268418059,-0.023312650657771994,0.5603302243648303,-0.060101507385030506,0.33069398435404196,-0.027568110342772345,0.5175086780015621,0.6956521739130435,0.35238887098154836,0.45171495672411743,0.2779853765081692,0.08143839238498149,0.007932310946589107
EQ__pessimistic__L050,EQ,pessimistic,0.5,125,0.45221778750419617,0.7857811038353602,0.2745854853926476,0.5111956184427126,0.5262291000604706,0.3456184334192623,0.02900352166861958,0.5624710898750349,-0.03624198981456428,0.5603302243648303,-0.02034602210194575,0.3871791096021482,-0.04156067618288589,0.5175086780015621,0.6956521739130435,0.35238887098154836,0.4795110173826047,0.3154037765841342,0.07086197778952935,0.010576414595452142
EQ__pessimistic__L050,EQ,pessimistic,0.5,150,0.45221778750419617,0.7764265668849392,0.2395848997964786,0.5368416670884606,0.5071759605798775,0.34312261790468285,0.02018110126837186,0.5743183702323399,-0.06714240965246243,0.5603302243648303,-0.023921626432526044,0.4143965861601747,-0.07127396825549187,0.5175086780015621,0.6956521739130435,0.35238887098154836,0.43957531221270596,0.2959153700260127,0.07086197778952935,0.014806980433632998
EQ__pessimistic__L050,EQ,pessimistic,0.5,200,0.45221778750419617,0.7698783910196445,0.2057018159331777,0.5641765750864668,0.5323945838083286,0.3864690986885568,0.07671130144053695,0.52484020972591,0.007554374082418658,0.5603302243648303,0.03279774032134902,0.3931133642200594,-0.006644265531502602,0.5175086780015621,0.6956521739130435,0.35238887098154836,0.4628695030762661,0.33878040879047894,0.0671602326811211,0.028027498677948175
EQ__pessimistic__L050,EQ,pessimistic,0.5,250,0.45221778750419617,0.7661365762394762,0.18896441259868135,0.5771721636407948,0.5446008567178934,0.4106943568960621,0.0888919262112079,0.4996396980638161,0.04496115865407729,0.5603302243648303,0.0472162348141828,0.3977036456489505,0.012990711247111597,0.5175086780015621,0.6956521739130435,0.35238887098154836,0.4742467683245928,0.3670516353248263,0.06557377049180328,0.046536224219989424
EQ__pessimistic__L050,EQ,pessimistic,0.5,300,0.45221778750419617,0.7586529466791394,0.18612289444991728,0.5725300522292222,0.5169429112604028,0.38298500550606435,0.08107472335024435,0.4816318823929386,0.035311028867464234,0.5603302243648303,0.027238584603640925,0.39707921969816723,-0.014094214192102883,0.5175086780015621,0.6956521739130435,0.35238887098154836,0.43982977939382445,0.3330674459714943,0.06557377049180328,0.08143839238498149
EQ__pessimistic__L050,EQ,pessimistic,0.5,400,0.45221778750419617,0.7521047708138447,0.16031336965876453,0.5917914011550802,0.4471907397554239,0.33119777940150374,0.036078107832002826,0.39840224980115974,0.04878848995426416,0.5603302243648303,-0.010851319435107087,0.3312481143512457,-5.0334949741936974e-05,0.5175086780015621,0.6956521739130435,0.35238887098154836,0.33028891440641567,0.23925815836907793,0.06451612903225806,0.1274457958751983
EQ__pessimistic__L075,EQ,pessimistic,0.75,25,0.45221778750419617,0.8503274087932647,0.5286080742236248,0.32171933456963997,0.37413203520955146,0.19996359848286305,0.018660181324414937,0.30960209164118396,0.0645299435683675,0.5980539727975718,0.01783239981532092,0.15666362511112245,0.0432999733717406,0.5552324264343036,0.7463768115942029,0.3980141584832661,0.3919289128715089,0.23855141618441655,0.34743521946060285,0.0005288207297726071
EQ__pessimistic__L075,EQ,pessimistic,0.75,50,0.45221778750419617,0.8260056127221702,0.36426811741681475,0.46173749530535546,0.5039690115275913,0.27216476070271667,0.13146489448980614,0.45731691307849043,0.0466520984491009,0.5980539727975718,0.07318183111358817,0.22481916052286646,0.047345600179850206,0.5552324264343036,0.7463768115942029,0.3980141584832661,0.5150317258662925,0.30556504307414983,0.19196192490745637,0.0037017451084082496
EQ__pessimistic__L075,EQ,pessimistic,0.75,75,0.45221778750419617,0.8119738072965388,0.3291281674335681,0.4828456398629707,0.48305474257535486,0.2633876500087541,0.031829725901733885,0.500071408008762,-0.017016665433407185,0.5980539727975718,-0.0417627902069449,0.28217404955770403,-0.01878639954894995,0.5552324264343036,0.7463768115942029,0.3980141584832661,0.4370895992243064,0.24348049887038123,0.17345319936541512,0.007932310946589107
EQ__pessimistic__L075,EQ,pessimistic,0.75,100,0.45221778750419617,0.8016838166510758,0.30850892110094547,0.49317489555013033,0.5000023197915248,0.27227271663599506,0.0035943705638208368,0.5244365593053806,-0.024434239513855815,0.5980539727975718,-0.09095466476030506,0.32048197652520444,-0.04820925988920938,0.5552324264343036,0.7463768115942029,0.3980141584832661,0.4571117298746182,0.25483738685535834,0.1634056054997356,0.015864621893178214
EQ__pessimistic__L075,EQ,pessimistic,0.75,125,0.45221778750419617,0.7951356407857811,0.2894989910225748,0.5056366497632063,0.517241538772157,0.29013718854618764,0.020015960380305897,0.555860228976623,-0.038618690204466066,0.5980539727975718,-0.0758272669750204,0.3728644783895839,-0.08272728984339628,0.5552324264343036,0.7463768115942029,0.3980141584832661,0.47667349750373295,0.27645599424464956,0.1634056054997356,0.02168164992067689
EQ__pessimistic__L075,EQ,pessimistic,0.75,150,0.45221778750419617,0.794200187090739,0.280230965401551,0.513969221689188,0.5262499214391855,0.3041843303178745,0.039255062127679874,0.5720432793893331,-0.045793357950147606,0.5980539727975718,-0.06285991401933438,0.3965164508018963,-0.09233212048402178,0.5552324264343036,0.7463768115942029,0.3980141584832661,0.48593565889525037,0.2870613665817066,0.1634056054997356,0.03120042305658382
EQ__pessimistic__L075,EQ,pessimistic,0.75,200,0.45221778750419617,0.7904583723105706,0.2760115171038611,0.5144468552067094,0.5290623295798313,0.3154859419421372,0.0733790472120397,0.5421954319724499,-0.013133102392618556,0.5980539727975718,-0.03818541642507056,0.41672508120412116,-0.10123913926198397,0.5552324264343036,0.7463768115942029,0.3980141584832661,0.48985154844017414,0.3013884819995913,0.1634056054997356,0.059227921734531994
EQ__pessimistic__L075,EQ,pessimistic,0.75,250,0.45221778750419617,0.7885874649204865,0.25864140924083606,0.5299460556796505,0.545349631103491,0.35303933733794496,0.08964070059680551,0.4949667868557442,0.050382844247746805,0.5980539727975718,-0.010438784743934337,0.3938918660331871,-0.04085252869524214,0.5552324264343036,0.7463768115942029,0.3980141584832661,0.5118937601486143,0.3493255781041047,0.10682178741406663,0.09465891062929667
EQ__pessimistic__L075,EQ,pessimistic,0.75,300,0.45221778750419617,0.7839101964452759,0.23197893067364575,0.5519312657716302,0.5548965719556892,0.38815801822695783,0.11902838404553073,0.48268677757743483,0.07220979437825437,0.5980539727975718,0.032411597324534414,0.4030230979504572,-0.014865079723499375,0.5552324264343036,0.7463768115942029,0.3980141584832661,0.5141102374866838,0.36852313073695014,0.07932310946589106,0.10629296668429403
EQ__pessimistic__L075,EQ,pessimistic,0.75,400,0.45221778750419617,0.7764265668849392,0.19901254725803094,0.5774140196269082,0.4684920451180548,0.330079117823482,0.057379413194633744,0.4238035911343687,0.044688453983686094,0.5980539727975718,-0.01196998101312885,0.3574525936310444,-0.027373475807562442,0.5552324264343036,0.7463768115942029,0.3980141584832661,0.3775481661051207,0.2615673639423765,0.06610259122157588,0.14013749338974088
EQ__pessimistic__L100,EQ,pessimistic,1.0,25,0.45221778750419617,0.9438727782974743,0.6422112132584572,0.3016615650390171,0.24440793922460427,0.1395300584696105,-0.11106391466053225,0.3783981928389957,-0.1339902536143914,0.610391806227745,-0.042601140197931625,0.13808489850176722,0.0014451599678432792,0.5675702598644768,0.7536231884057971,0.4091004406221797,0.1717658314918409,0.08598513956959526,0.9196192490745637,0.012162876784769964
EQ__pessimistic__L100,EQ,pessimistic,1.0,50,0.45221778750419617,0.8980355472404116,0.6337237033856733,0.26431184385473827,0.2347495479451993,0.12783887846592226,-0.13775456909258588,0.4383543494562461,-0.20360480151104676,0.610391806227745,-0.07114405112320624,0.1931941498024025,-0.06535527133648023,0.5675702598644768,0.7536231884057971,0.4091004406221797,0.17549001239891374,0.08794401135234059,0.9196192490745637,0.02538339502908514
EQ__pessimistic__L100,EQ,pessimistic,1.0,75,0.45221778750419617,0.833489242282507,0.6273727707430289,0.2061164715394781,0.21947305444569906,0.1120459475402239,-0.2317519622279219,0.45564985997327934,-0.23617680552758027,0.610391806227745,-0.19310449267547508,0.22617888021161103,-0.11413293267138713,0.5675702598644768,0.7536231884057971,0.4091004406221797,0.1813731909616414,0.09364576737296572,0.9196192490745637,0.03860391327340032
EQ__pessimistic__L100,EQ,pessimistic,1.0,100,0.45221778750419617,0.8054256314312441,0.6237638483208553,0.18166178311038883,0.21366637235552843,0.1064556804497791,-0.2827415768721755,0.5081097020656945,-0.29444332971016607,0.610391806227745,-0.256771700946521,0.3029578290929555,-0.1965021486431764,0.5675702598644768,0.7536231884057971,0.4091004406221797,0.18475564690920443,0.09761322994765671,0.9196192490745637,0.05182443151771549
EQ__pessimistic__L100,EQ,pessimistic,1.0,125,0.45221778750419617,0.7988774555659495,0.6220084379542405,0.17686901761170892,0.20957452820663425,0.10223689840944061,-0.2876510501852168,0.5438740587792048,-0.33429953057257056,0.610391806227745,-0.26372755711176743,0.3525713320018364,-0.25033443359239577,0.5675702598644768,0.7536231884057971,0.4091004406221797,0.18639290634146496,0.09918150862377388,0.9196192490745637,0.06504494976203067
EQ__pessimistic__L100,EQ,pessimistic,1.0,150,0.45221778750419617,0.7988774555659495,0.621012295679624,0.17786515988632545,0.21053185508840896,0.10294595664819178,-0.27646300422309666,0.5582951860097414,-0.3477633309213324,0.610391806227745,-0.2640982876890171,0.3924622473397753,-0.2895162906915835,0.5675702598644768,0.7536231884057971,0.4091004406221797,0.1873228909264333,0.09987626014357352,0.9196192490745637,0.07826546800634585
EQ__pessimistic__L100,EQ,pessimistic,1.0,200,0.45221778750419617,0.7923292797006548,0.32814362024962407,0.46418565945103074,0.4855049926023334,0.2622974892141705,0.02982171023454172,0.5312656241115343,-0.045760631509200955,0.610391806227745,-0.09137386915303725,0.4012104298006792,-0.13891294058650872,0.5675702598644768,0.7536231884057971,0.4091004406221797,0.454307339424542,0.28004095298515697,0.2178741406663141,0.0898995240613432
EQ__pessimistic__L100,EQ,pessimistic,1.0,250,0.45221778750419617,0.7829747427502338,0.2762793286663616,0.5066954140838722,0.498687930078272,0.29470956256295794,0.04297899957158652,0.5221594795716555,-0.023471549493383537,0.610391806227745,-0.06876855951892136,0.4152973625398076,-0.12058779997684965,0.5675702598644768,0.7536231884057971,0.4091004406221797,0.45227748601425494,0.2846097768548899,0.19143310417768378,0.10100475938656796
EQ__pessimistic__L100,EQ,pessimistic,1.0,300,0.45221778750419617,0.7829747427502338,0.2652249370453546,0.5177498057048793,0.5099888056613914,0.3140552447179695,0.07412061775123291,0.4586242477666093,0.05136455789478206,0.610391806227745,-0.04169117618445395,0.3728189826918394,-0.05876373797386991,0.5675702598644768,0.7536231884057971,0.4091004406221797,0.4636500140760435,0.30109323835973617,0.19143310417768378,0.11686938127974617
EQ__pessimistic__L100,EQ,pessimistic,1.0,400,0.45221778750419617,0.7764265668849392,0.2382580777117401,0.538168489173199,0.4099830518398034,0.22830914863702678,-0.0011295800836176872,0.438964533345597,-0.028981481505793605,0.610391806227745,-0.11373995019958405,0.3717768289362879,-0.1434676802992611,0.5675702598644768,0.7536231884057971,0.4091004406221797,0.3941101107350942,0.24253888997779946,0.16287678476996298,0.15970386039132733
SOURCE55__reported__L010,SOURCE55,reported,0.1,25,0.3768249452114105,0.8203928905519177,0.5410021897496365,0.2793907008022811,0.35351893517671173,0.19523857678341272,-0.001952918708424789,0.33653781410078343,0.016981121075928307,0.03798428450038418,0.013107378115870594,0.17630480120393544,0.018933775579477286,-0.004837261862884044,0.007246376811594203,0.0036231884057971015,0.37510635702753475,0.24390450026688612,0.2522474881015336,0.0010576414595452142
SOURCE55__reported__L010,SOURCE55,reported,0.1,50,0.3768249452114105,0.80355472404116,0.478368561875028,0.325186162166132,0.4156537215134368,0.24618065770205372,0.04314960447565164,0.39617312585854697,0.019480595654889854,0.03798428450038418,0.04719772811292522,0.2329076840078802,0.013272973694173518,-0.004837261862884044,0.007246376811594203,0.0036231884057971015,0.4457355288188504,0.3036201217502784,0.24114225277630882,0.0021152829190904283
SOURCE55__reported__L010,SOURCE55,reported,0.1,75,0.3768249452114105,0.7951356407857811,0.38440817597000043,0.4107274648157807,0.49683020422010443,0.34128792180835044,0.04560518754648346,0.4571706793971344,0.03965952482297003,0.03798428450038418,0.036137481592651455,0.30009471892332296,0.04119320288502748,-0.004837261862884044,0.007246376811594203,0.0036231884057971015,0.5238614227239661,0.3878417518732225,0.08302485457429931,0.004230565838180857
SOURCE55__reported__L010,SOURCE55,reported,0.1,100,0.3768249452114105,0.7913938260056127,0.30145634343768885,0.48993748256792385,0.5544073146150289,0.40241999333687123,0.057999365387324975,0.5189060086342396,0.035501305980789266,0.03798428450038418,0.03919261194057111,0.37327994112689433,0.029140052209976897,-0.004837261862884044,0.007246376811594203,0.0036231884057971015,0.5475718140246364,0.41157189576358677,0.07086197778952935,0.007403490216816499
SOURCE55__reported__L010,SOURCE55,reported,0.1,125,0.3768249452114105,0.7820392890551918,0.2729186281303894,0.5091206609248025,0.5322956393128273,0.40029838230951353,0.035070060920976254,0.5143399186307513,0.01795572068207596,0.03798428450038418,0.03433392678830549,0.3751967394659054,0.025101642843608107,-0.004837261862884044,0.007246376811594203,0.0036231884057971015,0.5039371952291649,0.3927999002416152,0.06927551560021153,0.010576414595452142
SOURCE55__reported__L010,SOURCE55,reported,0.1,150,0.3768249452114105,0.7661365762394762,0.24585094405294292,0.5202856321865332,0.47430035996817327,0.3466275534022713,-0.012694499343332333,0.5096414009222813,-0.035341040954108005,0.03798428450038418,-0.020416690934937587,0.3627405822567549,-0.01611302885448357,-0.004837261862884044,0.007246376811594203,0.0036231884057971015,0.39839920492148845,0.2950892451927813,0.06927551560021153,0.015335801163405606
SOURCE55__reported__L010,SOURCE55,reported,0.1,200,0.3768249452114105,0.6258185219831618,0.17008776864407185,0.45573075333908997,0.46882163406832755,0.36302339135529804,0.0131383517005359,0.4510055247369096,0.017816109331417973,0.03798428450038418,0.009352032988090286,0.34201931967265153,0.021004071682646508,-0.004837261862884044,0.007246376811594203,0.0036231884057971015,0.35649264862356683,0.27705799027966965,0.046536224219989424,0.02168164992067689
SOURCE55__reported__L010,SOURCE55,reported,0.1,250,0.3768249452114105,0.36202057998129095,0.13109119423185941,0.23092938574943153,0.4422973848663473,0.3507348260517363,-0.013411545640338196,0.4474091808841665,-0.005111796017819192,0.03798428450038418,-0.012743296030143014,0.35563703281196424,-0.004902206760227956,-0.004837261862884044,0.007246376811594203,0.0036231884057971015,0.2998668354685093,0.24008851660670086,0.040719196192490745,0.03225806451612903
SOURCE55__reported__L010,SOURCE55,reported,0.1,300,0.3768249452114105,0.29186155285313375,0.1204893454634896,0.17137220738964415,0.4280276794963879,0.34743986222682305,-0.007840508413770542,0.436701016810275,-0.008673337313887086,0.03798428450038418,-0.008306558675600373,0.3557085929644257,-0.008268730737602648,-0.004837261862884044,0.007246376811594203,0.0036231884057971015,0.27413781771640894,0.2264879751327488,0.040719196192490745,0.04389212057112639
SOURCE55__reported__L010,SOURCE55,reported,0.1,400,0.3768249452114105,0.21608980355472404,0.09886183922750581,0.11722796432721823,0.41140094963223883,0.3434778770240989,0.00028831770881776464,0.36721526370687324,0.04418568592536559,0.03798428450038418,0.0014287781874880445,0.2951514840946607,0.04832639292943819,-0.004837261862884044,0.007246376811594203,0.0036231884057971015,0.24043167342918836,0.21137313203198946,0.03437334743521946,0.07667900581702802
SOURCE55__reported__L025,SOURCE55,reported,0.25,25,0.3768249452114105,0.8185219831618334,0.5320249907363971,0.28649699242543636,0.36259990906635237,0.20357802627294522,0.007128055181215842,0.34106124008860617,0.0215386689777462,0.03952753783590279,0.02144682760540309,0.18013524538247452,0.023442780890470694,-0.00329400852736543,0.007246376811594203,0.0036231884057971015,0.38516043361496033,0.25463686015277603,0.254362771020624,0.0005288207297726071
SOURCE55__reported__L025,SOURCE55,reported,0.25,50,0.3768249452114105,0.7970065481758652,0.4349833893702325,0.36202315880563274,0.4441467926159214,0.2850094389934562,0.0716426755781362,0.39881375163567473,0.04533304098024665,0.03952753783590279,0.08602650940432771,0.23302270237408204,0.05198673661937417,-0.00329400852736543,0.007246376811594203,0.0036231884057971015,0.46956171418259857,0.3394565554847972,0.15864621893178213,0.0015864621893178213
SOURCE55__reported__L025,SOURCE55,reported,0.25,75,0.3768249452114105,0.7913938260056127,0.36691950810383406,0.42447431790177864,0.4902205187805933,0.34243850688820066,0.038995502106972335,0.5032501244211884,-0.013029605640595132,0.03952753783590279,0.037288066672501674,0.316551989128076,0.025886517760124683,-0.00329400852736543,0.007246376811594203,0.0036231884057971015,0.4847420085399868,0.3549985149981301,0.08302485457429931,0.0037017451084082496
SOURCE55__reported__L025,SOURCE55,reported,0.25,100,0.3768249452114105,0.7913938260056127,0.293432241707706,0.4979615842979067,0.562153950499942,0.4062121067091499,0.06574600127223806,0.5480691378340267,0.014084812665915325,0.03952753783590279,0.0429847253128498,0.3681285656628289,0.038083541046321,-0.00329400852736543,0.007246376811594203,0.0036231884057971015,0.555085464837748,0.41344921666912643,0.07086197778952935,0.006874669487043892
SOURCE55__reported__L025,SOURCE55,reported,0.25,125,0.3768249452114105,0.7811038353601497,0.2615442879621844,0.5195595473979653,0.5428917744239548,0.3847366617818557,0.0456661960321037,0.5555872921357254,-0.012695517711770687,0.03952753783590279,0.018772206260647684,0.3957695484318247,-0.011032886649968987,-0.00329400852736543,0.007246376811594203,0.0036231884057971015,0.5144718554016371,0.36980212884727987,0.06927551560021153,0.012162876784769964
SOURCE55__reported__L025,SOURCE55,reported,0.25,150,0.3768249452114105,0.775491113189897,0.23699879689872014,0.5384923162911769,0.5298092508849273,0.3895370248510869,0.04281439157342165,0.5397899985260752,-0.00998074764114798,0.03952753783590279,0.022492780513877986,0.3845288229596849,0.005008201891401998,-0.00329400852736543,0.007246376811594203,0.0036231884057971015,0.4853274684188464,0.36643869577077276,0.06927551560021153,0.015335801163405606
SOURCE55__reported__L025,SOURCE55,reported,0.25,200,0.3768249452114105,0.6314312441534145,0.16994902674694692,0.46148221740646755,0.4825784480354299,0.3781486315942346,0.02689516566763822,0.49075697061767004,-0.008178522582240166,0.03952753783590279,0.024477273227026863,0.3726507366368551,0.005497894957379512,-0.00329400852736543,0.007246376811594203,0.0036231884057971015,0.38980890472021207,0.31432690635366073,0.048651507139079855,0.0222104706504495
SOURCE55__reported__L025,SOURCE55,reported,0.25,250,0.3768249452114105,0.4639850327408793,0.13080643623328964,0.3331785965075897,0.45850074564754373,0.3658388065620583,0.0027918151408582448,0.46830960016992373,-0.009808854522380006,0.03952753783590279,0.0023606844801790094,0.37125280775144925,-0.005414001189390949,-0.00329400852736543,0.007246376811594203,0.0036231884057971015,0.3393657667076375,0.28011342035068004,0.040719196192490745,0.03225806451612903
SOURCE55__reported__L025,SOURCE55,reported,0.25,300,0.3768249452114105,0.362956033676333,0.11111900359319464,0.25183703008313835,0.4534561215137975,0.37079627026936335,0.017587933603639028,0.470568768835291,-0.01711264732149348,0.03952753783590279,0.015049849366939927,0.38643557905169357,-0.01563930878233022,-0.00329400852736543,0.007246376811594203,0.0036231884057971015,0.3226699352101717,0.2742397444041214,0.03437334743521946,0.04547858276044421
SOURCE55__reported__L025,SOURCE55,reported,0.25,400,0.3768249452114105,0.27128157156220767,0.08972812215191528,0.1815534494102924,0.4302710751999855,0.3561701611096988,0.019158443276564407,0.37826524217302004,0.05200583302696543,0.03952753783590279,0.014121062273087959,0.30483733988950973,0.05133282122018906,-0.00329400852736543,0.007246376811594203,0.0036231884057971015,0.27476277703545754,0.23787590211712664,0.03120042305658382,0.07244843997884717
SOURCE55__reported__L050,SOURCE55,reported,0.5,25,0.3768249452114105,0.8372310570626754,0.5160111446802829,0.32121991238239256,0.41533501172919834,0.24749504189044186,0.05986315784406182,0.3063182435181182,0.10901676821108014,0.04029433357956846,0.06536384322289973,0.13580108348525863,0.11169395840518323,-0.0025272127836997657,0.007246376811594203,0.0036231884057971015,0.45580005112043526,0.318279201120888,0.2459016393442623,0.0010576414595452142
SOURCE55__reported__L050,SOURCE55,reported,0.5,50,0.3768249452114105,0.8194574368568756,0.4174907595198762,0.40196667733699937,0.4995606323201975,0.32824056553641623,0.1270565152824123,0.42351875376741094,0.07604187855278655,0.04029433357956846,0.12925763594728773,0.2013976314308119,0.12684293410560432,-0.0025272127836997657,0.007246376811594203,0.0036231884057971015,0.5410414181129742,0.39564004427363136,0.14859862506610258,0.0021152829190904283
SOURCE55__reported__L050,SOURCE55,reported,0.5,75,0.3768249452114105,0.8101028999064547,0.32271083891442726,0.4873920609920274,0.5555092951078687,0.3753416073229365,0.10428427843424776,0.4627505564593728,0.09275873864849593,0.04029433357956846,0.0701911671072375,0.23785175167974007,0.1374898556431964,-0.0025272127836997657,0.007246376811594203,0.0036231884057971015,0.5590142645171252,0.3905562039618729,0.07086197778952935,0.0031729243786356425
SOURCE55__reported__L050,SOURCE55,reported,0.5,100,0.3768249452114105,0.7913938260056127,0.2825081629817706,0.5088856630238421,0.5769600322318226,0.4009620449134492,0.08055208300411865,0.5214362268418059,0.05552380539001667,0.04029433357956846,0.0377346635171491,0.33069398435404196,0.07026806055940726,-0.0025272127836997657,0.007246376811594203,0.0036231884057971015,0.5717457679323167,0.41051912588523803,0.07086197778952935,0.006874669487043892
SOURCE55__reported__L050,SOURCE55,reported,0.5,125,0.3768249452114105,0.7913938260056127,0.24480665405317165,0.5465871719524411,0.6133699391817329,0.4568756559282629,0.11614436078988183,0.5624710898750349,0.05089884930669797,0.04029433357956846,0.09091120040705486,0.3871791096021482,0.06969654632611472,-0.0025272127836997657,0.007246376811594203,0.0036231884057971015,0.6070645178231245,0.47479481432583776,0.06927551560021153,0.011634056054997356
SOURCE55__reported__L050,SOURCE55,reported,0.5,150,0.3768249452114105,0.7839101964452759,0.2306653348498861,0.5532448615953898,0.5910478227919309,0.4434112321514123,0.10405296348042531,0.5743183702323399,0.016729452559591018,0.04029433357956846,0.07636698781420342,0.4143965861601747,0.029014645991237598,-0.0025272127836997657,0.007246376811594203,0.0036231884057971015,0.5693372300930181,0.4464783295866812,0.06927551560021153,0.01639344262295082
SOURCE55__reported__L050,SOURCE55,reported,0.5,200,0.3768249452114105,0.7305893358278766,0.16971805966671355,0.560871276161163,0.5595581398808194,0.45205954978393925,0.10387485751302772,0.52484020972591,0.03471793015490943,0.04029433357956846,0.0983881914167315,0.3931133642200594,0.05894618556387987,-0.0025272127836997657,0.007246376811594203,0.0036231884057971015,0.4990800264692412,0.4213975131840098,0.0449497620306716,0.023796932839767318
SOURCE55__reported__L050,SOURCE55,reported,0.5,250,0.3768249452114105,0.558465855940131,0.14069896914178318,0.41776688679834784,0.4888374439825784,0.3890563259102504,0.03312851347589291,0.4996396980638161,-0.010802254081237694,0.04029433357956846,0.025578203828371116,0.3977036456489505,-0.008647319738700088,-0.0025272127836997657,0.007246376811594203,0.0036231884057971015,0.38572624527114424,0.3178794934981788,0.040719196192490745,0.034902168164992066
SOURCE55__reported__L050,SOURCE55,reported,0.5,300,0.3768249452114105,0.538821328344247,0.10889513464543533,0.4299261936988117,0.49304662147497613,0.4063940290875858,0.057178433564817666,0.4816318823929386,0.01141473908203755,0.04029433357956846,0.050647608185162396,0.39707921969816723,0.009314809389418588,-0.0025272127836997657,0.007246376811594203,0.0036231884057971015,0.3786637092285377,0.3247739891050769,0.03120042305658382,0.04389212057112639
SOURCE55__reported__L050,SOURCE55,reported,0.5,400,0.3768249452114105,0.43872778297474274,0.08068945911666874,0.358038323858074,0.4607380599486795,0.3922609009424056,0.04962542802525843,0.39840224980115974,0.062335810147519766,0.04029433357956846,0.05021180210579479,0.3312481143512457,0.06101278659115994,-0.0025272127836997657,0.007246376811594203,0.0036231884057971015,0.32597801498120926,0.28293174634524926,0.028027498677948175,0.0671602326811211
SOURCE55__reported__L075,SOURCE55,reported,0.75,25,0.3768249452114105,0.8325537885874649,0.5198111418247376,0.3127426467627272,0.38133497073637024,0.21375466566158657,0.025863116851233714,0.30960209164118396,0.07173287909518627,0.04072473852889306,0.03162346699404445,0.15666362511112245,0.05709104055046413,-0.0020968078343751653,0.007246376811594203,0.0036231884057971015,0.40742254846564285,0.27194776405566595,0.2459016393442623,0.0010576414595452142
SOURCE55__reported__L075,SOURCE55,reported,0.75,50,0.3768249452114105,0.8119738072965388,0.36980758427214205,0.44216622302439673,0.5188762830858723,0.3101616070213355,0.14637216604808712,0.45731691307849043,0.061559370007381875,0.04072473852889306,0.111178677432207,0.22481916052286646,0.08534244649846903,-0.0020968078343751653,0.007246376811594203,0.0036231884057971015,0.5482600601506193,0.373131039094043,0.13537810682178741,0.0026441036488630354
SOURCE55__reported__L075,SOURCE55,reported,0.75,75,0.3768249452114105,0.8063610851262862,0.3010101346755082,0.505350950450778,0.5645377252793038,0.38896893597737203,0.11331270860568282,0.500071408008762,0.06446631727054175,0.04072473852889306,0.08381849576167305,0.28217404955770403,0.106794886419668,-0.0020968078343751653,0.007246376811594203,0.0036231884057971015,0.5624186303220418,0.4143578336363341,0.07033315705975675,0.0031729243786356425
SOURCE55__reported__L075,SOURCE55,reported,0.75,100,0.3768249452114105,0.804490177736202,0.26789277340569045,0.5365974043305115,0.5869516777636353,0.42236423959850383,0.0905437285359314,0.5244365593053806,0.06251511845825475,0.04072473852889306,0.05913685820220371,0.32048197652520444,0.1018822630732994,-0.0020968078343751653,0.007246376811594203,0.0036231884057971015,0.5799407820358847,0.4440321017592163,0.07033315705975675,0.005288207297726071
SOURCE55__reported__L075,SOURCE55,reported,0.75,125,0.3768249452114105,0.7857811038353602,0.24732466562112332,0.5384564382142368,0.5893646032352409,0.4306288115402981,0.09213902484338982,0.555860228976623,0.03350437425861785,0.04072473852889306,0.06466435601909004,0.3728644783895839,0.057764333150714164,-0.0020968078343751653,0.007246376811594203,0.0036231884057971015,0.5741426207941,0.44280540110652455,0.06874669487043893,0.009518773135906928
SOURCE55__reported__L075,SOURCE55,reported,0.75,150,0.3768249452114105,0.7801683816651076,0.23233064400948164,0.5478377376556259,0.5776625079712912,0.427885597522579,0.09066764865978555,0.5720432793893331,0.005619228581958069,0.04072473852889306,0.060841353185370095,0.3965164508018963,0.031369146720682695,-0.0020968078343751653,0.007246376811594203,0.0036231884057971015,0.5510916475184521,0.4302185797597388,0.06768905341089371,0.014278159703860392
SOURCE55__reported__L075,SOURCE55,reported,0.75,200,0.3768249452114105,0.7315247895229187,0.17081219143682497,0.5607125980860936,0.5705683662785146,0.45275803944035486,0.11488508391072294,0.5421954319724499,0.02837293430606469,0.04072473852889306,0.09908668107314711,0.41672508120412116,0.0360329582362337,-0.0020968078343751653,0.007246376811594203,0.0036231884057971015,0.514710387146867,0.4225454238525878,0.0449497620306716,0.024854574299312534
SOURCE55__reported__L075,SOURCE55,reported,0.75,250,0.3768249452114105,0.6510757717492984,0.13251538834717028,0.5185603834021282,0.5302707129771924,0.42734460403213004,0.07456178247050693,0.4949667868557442,0.035303926121448226,0.04072473852889306,0.06386648195025074,0.3938918660331871,0.03345273799894294,-0.0020968078343751653,0.007246376811594203,0.0036231884057971015,0.44422889325611165,0.3718875348098858,0.03807509254362771,0.033315705975674244
SOURCE55__reported__L075,SOURCE55,reported,0.75,300,0.3768249452114105,0.5285313376987839,0.10582047440235197,0.4227108632964319,0.5125414507794382,0.42671122145276824,0.07667326286927978,0.48268677757743483,0.029854673202003412,0.04072473852889306,0.07096480055034482,0.4030230979504572,0.02368812350231103,-0.0020968078343751653,0.007246376811594203,0.0036231884057971015,0.40362906218826017,0.34475662832915416,0.035430988894764676,0.04230565838180857
SOURCE55__reported__L075,SOURCE55,reported,0.75,400,0.3768249452114105,0.4714686623012161,0.08173060821336817,0.3897380540878479,0.4874126752685523,0.4187454741158702,0.07630004334513124,0.4238035911343687,0.06360908413418359,0.04072473852889306,0.07669637527925938,0.3574525936310444,0.061292880484825785,-0.0020968078343751653,0.007246376811594203,0.0036231884057971015,0.3595570520767322,0.31212154400328856,0.028027498677948175,0.0671602326811211
SOURCE55__reported__L100,SOURCE55,reported,1.0,25,0.3768249452114105,0.8353601496725912,0.46707320762263643,0.36828694204995477,0.43393531292685966,0.25593193387398505,0.07846345904172314,0.3783981928389957,0.05553712008786399,0.04088983684767883,0.07380073520644292,0.13808489850176722,0.11784703537221783,-0.0019317095155893943,0.007246376811594203,0.0036231884057971015,0.45778024106050097,0.3309555834149279,0.22104706504494975,0.0010576414595452142
SOURCE55__reported__L100,SOURCE55,reported,1.0,50,0.3768249452114105,0.8129092609915809,0.3584315174214881,0.4544777435700928,0.5299573352909797,0.31625510980734256,0.15745321825319447,0.4383543494562461,0.09160298583473359,0.04088983684767883,0.11727218021821406,0.1931941498024025,0.12306096000494007,-0.0019317095155893943,0.007246376811594203,0.0036231884057971015,0.558503668800578,0.38508384451274985,0.1327340031729244,0.0031729243786356425
SOURCE55__reported__L100,SOURCE55,reported,1.0,75,0.3768249452114105,0.8101028999064547,0.3125158892873137,0.49758701061914096,0.5751813539652454,0.38714825631417965,0.12395633729162442,0.45564985997327934,0.11953149399196605,0.04088983684767883,0.08199781609848067,0.22617888021161103,0.16096937610256862,-0.0019317095155893943,0.007246376811594203,0.0036231884057971015,0.6044698769177425,0.4463203824340806,0.12321523003701745,0.0037017451084082496
SOURCE55__reported__L100,SOURCE55,reported,1.0,100,0.3768249452114105,0.8082319925163705,0.2763954557191783,0.5318365367971922,0.6022678217936156,0.4306863264351966,0.10585987256591167,0.5081097020656945,0.0941581197279211,0.04088983684767883,0.06745894503889649,0.3029578290929555,0.12772849734224112,-0.0019317095155893943,0.007246376811594203,0.0036231884057971015,0.6275102995077622,0.4867491006286568,0.07086197778952935,0.007932310946589107
SOURCE55__reported__L100,SOURCE55,reported,1.0,125,0.3768249452114105,0.8082319925163705,0.25179443094779325,0.5564375615685773,0.6263805476216164,0.46766578069221143,0.12915496922976538,0.5438740587792048,0.08250648884241163,0.04088983684767883,0.10170132517100339,0.3525713320018364,0.11509444869037505,-0.0019317095155893943,0.007246376811594203,0.0036231884057971015,0.6511175727975237,0.5219384632114513,0.06927551560021153,0.010047593865679535
SOURCE55__reported__L100,SOURCE55,reported,1.0,150,0.3768249452114105,0.7895229186155285,0.23020223322452846,0.559320685391,0.6293608690412072,0.476334262025382,0.14236600972970165,0.5582951860097414,0.07106568303146588,0.04088983684767883,0.10929001768817309,0.3924622473397753,0.08387201468560668,-0.0019317095155893943,0.007246376811594203,0.0036231884057971015,0.6456314259051417,0.5230022269506452,0.06663141195134849,0.014806980433632998
SOURCE55__reported__L100,SOURCE55,reported,1.0,200,0.3768249452114105,0.735266604303087,0.17323065871485244,0.5620359455882346,0.5734731349927846,0.44643451349053226,0.11778985262499297,0.5312656241115343,0.0422075108812503,0.04088983684767883,0.0927631551233245,0.4012104298006792,0.045224083689853034,-0.0019317095155893943,0.007246376811594203,0.0036231884057971015,0.5198701700012741,0.4257149885953422,0.04706504494976203,0.02538339502908514
SOURCE55__reported__L100,SOURCE55,reported,1.0,250,0.3768249452114105,0.6520112254443405,0.13659099253055734,0.5154202329137831,0.549316008568463,0.43893847334798397,0.09360707806177748,0.5221594795716555,0.027156528996807427,0.04088983684767883,0.07546035126610467,0.4152973625398076,0.02364111080817638,-0.0019317095155893943,0.007246376811594203,0.0036231884057971015,0.473402122490413,0.38859837125358737,0.03966155473294553,0.035430988894764676
SOURCE55__reported__L100,SOURCE55,reported,1.0,300,0.3768249452114105,0.5304022450888681,0.10705456043697494,0.4233476846518932,0.5149632944554519,0.4270162630955418,0.07909510654529339,0.4586242477666093,0.05633904668884254,0.04088983684767883,0.07126984219311838,0.3728189826918394,0.05419728040370242,-0.0019317095155893943,0.007246376811594203,0.0036231884057971015,0.4080311929049316,0.3414052479997614,0.035430988894764676,0.0449497620306716
SOURCE55__reported__L100,SOURCE55,reported,1.0,400,0.3768249452114105,0.490177736202058,0.08272443235112674,0.40745330385093126,0.5130106301278048,0.4441941708305272,0.10189799820438372,0.438964533345597,0.0740460967822078,0.04088983684767883,0.10214507199391637,0.3717768289362879,0.07241734189423932,-0.0019317095155893943,0.007246376811594203,0.0036231884057971015,0.39663514483184326,0.3485539303222449,0.028027498677948175,0.06821787414066631
SOURCE55__optimistic__L010,SOURCE55,optimistic,0.1,25,0.3768249452114105,0.8185219831618334,0.5345052363211246,0.2840167468407089,0.3600393669897429,0.2025359877594792,0.004567513104606402,0.33653781410078343,0.023501552888959498,0.033491831430459,0.020404789091937076,0.17630480120393544,0.026231186555543767,-0.009329714932809222,0.007246376811594203,0.0036231884057971015,0.3825803273290735,0.2525840984216388,0.25383395029085143,0.0010576414595452142
SOURCE55__optimistic__L010,SOURCE55,optimistic,0.1,50,0.3768249452114105,0.8016838166510758,0.47318380191098336,0.32850001474009244,0.3814840618670157,0.2145563450578434,0.008979944829230535,0.39617312585854697,-0.014689063991531248,0.033491831430459,0.015573415468714907,0.2329076840078802,-0.018351338950036794,-0.009329714932809222,0.007246376811594203,0.0036231884057971015,0.3950990883683571,0.25565634786124963,0.24272871496562665,0.0026441036488630354
SOURCE55__optimistic__L010,SOURCE55,optimistic,0.1,75,0.3768249452114105,0.7932647333956969,0.38393735759178893,0.409327375803908,0.4582227852354337,0.3050548266419488,0.006997768561812723,0.4571706793971344,0.0010521058382992887,0.033491831430459,-9.56135737502084e-05,0.30009471892332296,0.004960107718625817,-0.009329714932809222,0.007246376811594203,0.0036231884057971015,0.46898126310819155,0.33564827150059395,0.08355367530407191,0.005288207297726071
SOURCE55__optimistic__L010,SOURCE55,optimistic,0.1,100,0.3768249452114105,0.7932647333956969,0.3300253762341593,0.46323935716153763,0.5111962830431699,0.3676445744672932,0.01478833381546596,0.5189060086342396,-0.007709725591069749,0.033491831430459,0.004417193070993086,0.37327994112689433,-0.0056353666596011265,-0.009329714932809222,0.007246376811594203,0.0036231884057971015,0.5209093645317102,0.39138411664350214,0.08355367530407191,0.008461131676361713
SOURCE55__optimistic__L010,SOURCE55,optimistic,0.1,125,0.3768249452114105,0.7801683816651076,0.27528159819524,0.5048867834698676,0.5091392045679742,0.3716958692471214,0.011913626176123182,0.5143399186307513,-0.005200714062777112,0.033491831430459,0.005731413725913348,0.3751967394659054,-0.0035008702187840357,-0.009329714932809222,0.007246376811594203,0.0036231884057971015,0.4721564556568232,0.3493008504588804,0.06927551560021153,0.010047593865679535
SOURCE55__optimistic__L010,SOURCE55,optimistic,0.1,150,0.3768249452114105,0.7652011225444341,0.24837243832127978,0.5168286842231543,0.47153937549049374,0.35054996394005217,-0.015455483821011862,0.5096414009222813,-0.038102025431787534,0.033491831430459,-0.016494280397156724,0.3627405822567549,-0.012190618316702706,-0.009329714932809222,0.007246376811594203,0.0036231884057971015,0.39601152966872205,0.2912869515091605,0.06927551560021153,0.015335801163405606
SOURCE55__optimistic__L010,SOURCE55,optimistic,0.1,200,0.3768249452114105,0.6304957904583723,0.17231204171429337,0.45818374874407897,0.4682486072039489,0.36436027059575005,0.012565324836157243,0.4510055247369096,0.017243082467039317,0.033491831430459,0.010688912228542291,0.34201931967265153,0.022340950923098513,-0.009329714932809222,0.007246376811594203,0.0036231884057971015,0.3568180594225425,0.27918163540666546,0.048651507139079855,0.02168164992067689
SOURCE55__optimistic__L010,SOURCE55,optimistic,0.1,250,0.3768249452114105,0.5565949485500468,0.13639133991255092,0.42020360863749584,0.47203696386985655,0.38509902745811586,0.01632803336317107,0.4474091808841665,0.024627782985690072,0.033491831430459,0.021620905376236565,0.35563703281196424,0.029461994646151624,-0.009329714932809222,0.007246376811594203,0.0036231884057971015,0.34634759574248647,0.28939952983009454,0.04019037546271814,0.03172924378635643
SOURCE55__optimistic__L010,SOURCE55,optimistic,0.1,300,0.3768249452114105,0.2853133769878391,0.11921157157208574,0.16610180541575337,0.4188746175956071,0.3404208753996086,-0.016993570314551343,0.436701016810275,-0.017826399214667887,0.033491831430459,-0.015325545502814841,0.3557085929644257,-0.015287717564817116,-0.009329714932809222,0.007246376811594203,0.0036231884057971015,0.2606789933871325,0.21537054799629904,0.04019037546271814,0.04336329984135378
SOURCE55__optimistic__L010,SOURCE55,optimistic,0.1,400,0.3768249452114105,0.20860617399438727,0.09933508881691465,0.10927108517747262,0.4113202488090925,0.3455860089284698,0.00020761688567144665,0.36721526370687324,0.044104985102219274,0.033491831430459,0.003536910091858969,0.2951514840946607,0.05043452483380911,-0.009329714932809222,0.007246376811594203,0.0036231884057971015,0.24025458399115526,0.21209431310232107,0.033315705975674244,0.07615018508725542
SOURCE55__optimistic__L025,SOURCE55,optimistic,0.25,25,0.3768249452114105,0.8241347053320861,0.546467686415874,0.27766701891621215,0.34778351985528555,0.19983629364543098,-0.007688334029850974,0.34106124008860617,0.006722279766679384,0.03449064970494455,0.017705094977888858,0.18013524538247452,0.01970104826295646,-0.00833089665832367,0.007246376811594203,0.0036231884057971015,0.36738663012937406,0.24747670537453745,0.3331570597567425,0.0010576414595452142
SOURCE55__optimistic__L025,SOURCE55,optimistic,0.25,50,0.3768249452114105,0.80355472404116,0.47968019464730866,0.32387452939385136,0.4142894657612505,0.24903745667588387,0.04178534872346529,0.39881375163567473,0.015475714125575746,0.03449064970494455,0.05005452708675537,0.23302270237408204,0.016014754301801826,-0.00833089665832367,0.007246376811594203,0.0036231884057971015,0.4443381554612295,0.3061978288879836,0.24114225277630882,0.0026441036488630354
SOURCE55__optimistic__L025,SOURCE55,optimistic,0.25,75,0.3768249452114105,0.7951356407857811,0.3757581215625875,0.41937751922319366,0.5052009641832136,0.35662562566196127,0.053975947509592614,0.5032501244211884,0.0019508397620251472,0.03449064970494455,0.051475185446262284,0.316551989128076,0.04007363653388529,-0.00833089665832367,0.007246376811594203,0.0036231884057971015,0.5319992504099608,0.4037942405221331,0.08355367530407191,0.004759386567953464
SOURCE55__optimistic__L025,SOURCE55,optimistic,0.25,100,0.3768249452114105,0.7913938260056127,0.326728754411018,0.4646650715945947,0.52996037801989,0.385670647199571,0.03355242879218612,0.5480691378340267,-0.01810875981413662,0.03449064970494455,0.022443265803270884,0.3681285656628289,0.017542081536742082,-0.00833089665832367,0.007246376811594203,0.0036231884057971015,0.52383570522344,0.39281972320385056,0.08355367530407191,0.007403490216816499
SOURCE55__optimistic__L025,SOURCE55,optimistic,0.25,125,0.3768249452114105,0.7801683816651076,0.2802115661793279,0.4999568154857797,0.5044084365074409,0.3689990940560787,0.007182858115589885,0.5555872921357254,-0.0511788556282845,0.03449064970494455,0.0030346385348706817,0.3957695484318247,-0.02677045437574599,-0.00833089665832367,0.007246376811594203,0.0036231884057971015,0.46758489030876454,0.3467044253552103,0.06927551560021153,0.010576414595452142
SOURCE55__optimistic__L025,SOURCE55,optimistic,0.25,150,0.3768249452114105,0.7652011225444341,0.24927251059107255,0.5159286119533615,0.47067808521949706,0.35057579305777375,-0.016316774092008546,0.5397899985260752,-0.06911191330657818,0.03449064970494455,-0.016468451279435137,0.3845288229596849,-0.033953029901911125,-0.00833089665832367,0.007246376811594203,0.0036231884057971015,0.3951805681182996,0.2906600497584059,0.06927551560021153,0.015864621893178214
SOURCE55__optimistic__L025,SOURCE55,optimistic,0.25,200,0.3768249452114105,0.6304957904583723,0.1693787025048831,0.46111708795348927,0.47104280780640506,0.36933909043961116,0.015359525438613408,0.49075697061767004,-0.01971416281126498,0.03449064970494455,0.015667732072403406,0.3726507366368551,-0.003311646197243945,-0.00833089665832367,0.007246376811594203,0.0036231884057971015,0.3595064903106005,0.28427774334169076,0.046536224219989424,0.021152829190904283
SOURCE55__optimistic__L025,SOURCE55,optimistic,0.25,250,0.3768249452114105,0.4059869036482694,0.1315160608967155,0.27447084275155387,0.4552093770416419,0.36937219374081687,-0.0004995534650436007,0.46830960016992373,-0.013100223128281852,0.03449064970494455,0.005894071658937572,0.37125280775144925,-0.0018806140106323865,-0.00833089665832367,0.007246376811594203,0.0036231884057971015,0.3197667761330944,0.2641565976259312,0.040719196192490745,0.03172924378635643
SOURCE55__optimistic__L025,SOURCE55,optimistic,0.25,300,0.3768249452114105,0.2768942937324602,0.11873832198267689,0.15815597174978333,0.42590786020101673,0.34619579155155084,-0.009960327709141736,0.470568768835291,-0.04466090863427424,0.03449064970494455,-0.009550629350872586,0.38643557905169357,-0.04023978750014273,-0.00833089665832367,0.007246376811594203,0.0036231884057971015,0.2701242658717015,0.22345922943652627,0.040719196192490745,0.04389212057112639
SOURCE55__optimistic__L025,SOURCE55,optimistic,0.25,400,0.3768249452114105,0.1992516370439663,0.0988145142685649,0.10043712277540141,0.4108175008103412,0.34410802406125685,-0.0002951311130798828,0.37826524217302004,0.03255225863732114,0.03449064970494455,0.0020589252246460132,0.30483733988950973,0.03927068417174712,-0.00833089665832367,0.007246376811594203,0.0036231884057971015,0.23993066108702235,0.21190277192443308,0.03437334743521946,0.07562136435748282
SOURCE55__optimistic__L050,SOURCE55,optimistic,0.5,25,0.3768249452114105,0.8372310570626754,0.5304773816986673,0.3067536753640081,0.3828802024155683,0.22777056137112725,0.02740834853043178,0.3063182435181182,0.0765619588974501,0.035374721166748856,0.045639362703585123,0.13580108348525863,0.09196947788586862,-0.007446825196519367,0.007246376811594203,0.0036231884057971015,0.4136650252011784,0.28728692764178304,0.24219989423585406,0.0010576414595452142
SOURCE55__optimistic__L050,SOURCE55,optimistic,0.5,50,0.3768249452114105,0.8213283442469598,0.46144793150915786,0.3598804127378019,0.4507376039449252,0.29173233454530945,0.07823348690713999,0.42351875376741094,0.027218850177514242,0.035374721166748856,0.09274940495618095,0.2013976314308119,0.09033470311449754,-0.007446825196519367,0.007246376811594203,0.0036231884057971015,0.4891086492924968,0.35111772855201284,0.2310946589106293,0.0021152829190904283
SOURCE55__optimistic__L050,SOURCE55,optimistic,0.5,75,0.3768249452114105,0.7913938260056127,0.36011999257460753,0.43127383343100517,0.4969954043938575,0.35452045649026415,0.045770387720236505,0.4627505564593728,0.03424484793448468,0.035374721166748856,0.049370016274565165,0.23785175167974007,0.11666870481052408,-0.007446825196519367,0.007246376811594203,0.0036231884057971015,0.49143349390674346,0.3634431354193215,0.08355367530407191,0.0037017451084082496
SOURCE55__optimistic__L050,SOURCE55,optimistic,0.5,100,0.3768249452114105,0.7913938260056127,0.32435375047729254,0.46704007552832016,0.5322576554888151,0.3880457637400173,0.03584970626111117,0.5214362268418059,0.01082142864700919,0.035374721166748856,0.024818382343717194,0.33069398435404196,0.057351779385975354,-0.007446825196519367,0.007246376811594203,0.0036231884057971015,0.5260659719882168,0.3937807229454902,0.08355367530407191,0.006874669487043892
SOURCE55__optimistic__L050,SOURCE55,optimistic,0.5,125,0.3768249452114105,0.7811038353601497,0.27950003040286997,0.5016038049572797,0.525698320711243,0.3892296797033466,0.028472742319391953,0.5624710898750349,-0.03677276916379191,0.035374721166748856,0.023265224182138555,0.3871791096021482,0.0020505701011984123,-0.007446825196519367,0.007246376811594203,0.0036231884057971015,0.4978768931938522,0.37469993991229583,0.06927551560021153,0.011634056054997356
SOURCE55__optimistic__L050,SOURCE55,optimistic,0.5,150,0.3768249452114105,0.7305893358278766,0.24183077248594947,0.4887585633419271,0.4765735592541746,0.35946576787684825,-0.010421300057330996,0.5743183702323399,-0.09774481097816529,0.035374721166748856,-0.007578476460360639,0.4143965861601747,-0.054930818283326466,-0.007446825196519367,0.007246376811594203,0.0036231884057971015,0.39971701877350013,0.30347316223526766,0.05446853516657853,0.016922263352723427
SOURCE55__optimistic__L050,SOURCE55,optimistic,0.5,200,0.3768249452114105,0.5537885874649204,0.16800749106298404,0.38578109640193636,0.460570490904727,0.36024548970298315,0.004887208536935361,0.52484020972591,-0.06426971882118293,0.035374721166748856,0.0065741313357753905,0.3931133642200594,-0.032867874517076234,-0.007446825196519367,0.007246376811594203,0.0036231884057971015,0.3422097058525975,0.2689348469393802,0.04177683765203596,0.023796932839767318
SOURCE55__optimistic__L050,SOURCE55,optimistic,0.5,250,0.3768249452114105,0.5285313376987839,0.13378790864656528,0.3947434290522186,0.465233762919872,0.37587828525169376,0.009524832413186524,0.4996396980638161,-0.03440593514394408,0.035374721166748856,0.01240016316981446,0.3977036456489505,-0.021825360397256743,-0.007446825196519367,0.007246376811594203,0.0036231884057971015,0.3345359071020304,0.27705466448533056,0.040719196192490745,0.03225806451612903
SOURCE55__optimistic__L050,SOURCE55,optimistic,0.5,300,0.3768249452114105,0.39476145930776424,0.1156621996515195,0.2790992596562447,0.44698479918434736,0.3660549366219894,0.011116611274188892,0.4816318823929386,-0.03464708320859122,0.035374721166748856,0.01030851571956598,0.39707921969816723,-0.031024283076177828,-0.007446825196519367,0.007246376811594203,0.0036231884057971015,0.2992737962799033,0.2517160643020601,0.03437334743521946,0.0449497620306716
SOURCE55__optimistic__L050,SOURCE55,optimistic,0.5,400,0.3768249452114105,0.2291861552853134,0.09261494464730917,0.1365712106380042,0.41887768375136014,0.3481716818456986,0.0077650518279390734,0.39840224980115974,0.020475433950200406,0.035374721166748856,0.006122583009087745,0.3312481143512457,0.016923567494452896,-0.007446825196519367,0.007246376811594203,0.0036231884057971015,0.24831276944272487,0.2158783197461117,0.03120042305658382,0.0745637228979376
SOURCE55__optimistic__L075,SOURCE55,optimistic,0.75,25,0.3768249452114105,0.8372310570626754,0.5301882822479513,0.3070427748147241,0.38301603007846674,0.2281939212277093,0.027544176193330216,0.30960209164118396,0.07341393843728278,0.03618569303409407,0.04606272256016716,0.15666362511112245,0.07153029611658684,-0.00663585332917415,0.007246376811594203,0.0036231884057971015,0.4137089903449817,0.2874407434542851,0.24431517715494447,0.0010576414595452142
SOURCE55__optimistic__L075,SOURCE55,optimistic,0.75,50,0.3768249452114105,0.8175865294667914,0.4626370311411824,0.35494949832560907,0.42965416733296224,0.27105345366399486,0.05715005029517706,0.45731691307849043,-0.027662745745528183,0.03618569303409407,0.07207052407486636,0.22481916052286646,0.046234293141128396,-0.00663585332917415,0.007246376811594203,0.0036231884057971015,0.45969936746674206,0.3223454139802982,0.23426758328926495,0.0021152829190904283
SOURCE55__optimistic__L075,SOURCE55,optimistic,0.75,75,0.3768249452114105,0.7913938260056127,0.36482237575225074,0.42657145025336196,0.4922739522522246,0.3465516033854515,0.04104893557860362,0.500071408008762,-0.0077974557565374525,0.03618569303409407,0.04140116316975251,0.28217404955770403,0.06437755382774746,-0.00663585332917415,0.007246376811594203,0.0036231884057971015,0.48675190344341285,0.35992026151193435,0.08355367530407191,0.004230565838180857
SOURCE55__optimistic__L075,SOURCE55,optimistic,0.75,100,0.3768249452114105,0.7913938260056127,0.3221239993025832,0.4692698267030295,0.5344032507547422,0.3892545054423927,0.03799530152703823,0.5244365593053806,0.009966691449361575,0.03618569303409407,0.026027124046092587,0.32048197652520444,0.06877252891718827,-0.00663585332917415,0.007246376811594203,0.0036231884057971015,0.5281428082110521,0.39461199883777415,0.08355367530407191,0.006345848757271285
SOURCE55__optimistic__L075,SOURCE55,optimistic,0.75,125,0.3768249452114105,0.7839101964452759,0.2856717627483628,0.4982384336969131,0.5043652810017658,0.3670250852787984,0.007139702609914755,0.555860228976623,-0.05149494797485721,0.03618569303409407,0.001060629757590359,0.3728644783895839,-0.005839393110785518,-0.00663585332917415,0.007246376811594203,0.0036231884057971015,0.4698794355363187,0.3450235794354101,0.06927551560021153,0.012162876784769964
SOURCE55__optimistic__L075,SOURCE55,optimistic,0.75,150,0.3768249452114105,0.7418147801683816,0.23696483318924086,0.5048499469791408,0.529858087145961,0.41685702842799915,0.04286322783445545,0.5720432793893331,-0.04218519224337203,0.03618569303409407,0.04981278409079026,0.3965164508018963,0.020340577626102863,-0.00663585332917415,0.007246376811594203,0.0036231884057971015,0.48477617703880904,0.3935111913219454,0.05658381808566896,0.015864621893178214
SOURCE55__optimistic__L075,SOURCE55,optimistic,0.75,200,0.3768249452114105,0.5575304022450889,0.16677946686529443,0.39075093537979444,0.46297100797781665,0.36430580517374545,0.007287725610024998,0.5421954319724499,-0.07922442399463325,0.03618569303409407,0.01063444680653769,0.41672508120412116,-0.05241927603037572,-0.00663585332917415,0.007246376811594203,0.0036231884057971015,0.36036891793559267,0.28913993631225926,0.040719196192490745,0.024854574299312534
SOURCE55__optimistic__L075,SOURCE55,optimistic,0.75,250,0.3768249452114105,0.5519176800748363,0.1343092914398394,0.41760838863499694,0.47247355996293255,0.3833819072327913,0.01676462945624707,0.4949667868557442,-0.022493226892811635,0.03618569303409407,0.019903785150912012,0.3938918660331871,-0.010509958800395791,-0.00663585332917415,0.007246376811594203,0.0036231884057971015,0.36104133645219827,0.3037284043501391,0.040719196192490745,0.03225806451612903
SOURCE55__optimistic__L075,SOURCE55,optimistic,0.75,300,0.3768249452114105,0.44434050514499535,0.11301281019575445,0.3313276949492409,0.43668271900047345,0.3521267164936734,0.0008145310903149849,0.48268677757743483,-0.04600405857696138,0.03618569303409407,-0.003619704408750035,0.4030230979504572,-0.050896381456783824,-0.00663585332917415,0.007246376811594203,0.0036231884057971015,0.30502096940984863,0.2530482915435944,0.03120042305658382,0.04547858276044421
SOURCE55__optimistic__L075,SOURCE55,optimistic,0.75,400,0.3768249452114105,0.2488306828811974,0.0893495224803882,0.15948116040080917,0.4044288903851937,0.3304158307357207,-0.006683741538227372,0.4238035911343687,-0.019374700749175022,0.03618569303409407,-0.01163326810089016,0.3574525936310444,-0.02703676289532375,-0.00663585332917415,0.007246376811594203,0.0036231884057971015,0.24346626447521935,0.2063972791933589,0.03120042305658382,0.074034902168165
SOURCE55__optimistic__L100,SOURCE55,optimistic,1.0,25,0.3768249452114105,0.8372310570626754,0.5296972664871953,0.30753379057548014,0.3835478276446167,0.22904858060857594,0.028075973759480177,0.3783981928389957,0.005149634805621028,0.03677016261266258,0.046917381941033814,0.13808489850176722,0.09096368210680872,-0.006051383750605641,0.007246376811594203,0.0036231884057971015,0.4142653501090323,0.2886515109105128,0.24378635642517188,0.0010576414595452142
SOURCE55__optimistic__L100,SOURCE55,optimistic,1.0,50,0.3768249452114105,0.8194574368568756,0.4335964164672402,0.3858610203896354,0.4834826412207432,0.32470756851884053,0.110978524182958,0.4383543494562461,0.04512829176449712,0.03677016261266258,0.12572463892971203,0.1931941498024025,0.13151341871643804,-0.006051383750605641,0.007246376811594203,0.0036231884057971015,0.5251295309503324,0.39550250981368945,0.1501850872554204,0.0026441036488630354
SOURCE55__optimistic__L100,SOURCE55,optimistic,1.0,75,0.3768249452114105,0.8101028999064547,0.3562063899067513,0.4538965099997034,0.518498822321225,0.37832338564298923,0.06727380564760405,0.45564985997327934,0.06284896234794568,0.03677016261266258,0.07317294542729025,0.22617888021161103,0.1521445054313782,-0.006051383750605641,0.007246376811594203,0.0036231884057971015,0.520588569339114,0.39605288501846214,0.08355367530407191,0.0037017451084082496
SOURCE55__optimistic__L100,SOURCE55,optimistic,1.0,100,0.3768249452114105,0.7913938260056127,0.29818863360487863,0.49320519240073407,0.5575323817236754,0.4123543588611983,0.06112443249597144,0.5081097020656945,0.04942267965798086,0.03677016261266258,0.04912697746489819,0.3029578290929555,0.10939652976824282,-0.006051383750605641,0.007246376811594203,0.0036231884057971015,0.5505807294501076,0.4182924707034508,0.06980433632998413,0.006874669487043892
SOURCE55__optimistic__L100,SOURCE55,optimistic,1.0,125,0.3768249452114105,0.7839101964452759,0.28382029141378895,0.500089905031487,0.5061516952785141,0.3687969903557504,0.00892611688666306,0.5438740587792048,-0.03772236350069069,0.03677016261266258,0.0028325348345423773,0.3525713320018364,0.01622565835391404,-0.006051383750605641,0.007246376811594203,0.0036231884057971015,0.47161238415998447,0.3468103513634732,0.06821787414066631,0.012162876784769964
SOURCE55__optimistic__L100,SOURCE55,optimistic,1.0,150,0.3768249452114105,0.7764265668849392,0.2543841197784292,0.5220424471065099,0.5134796595083443,0.39110176664841834,0.026484800196838687,0.5582951860097414,-0.044815526501397085,0.03677016261266258,0.024057522311209445,0.3924622473397753,-0.001360480691356969,-0.006051383750605641,0.007246376811594203,0.0036231884057971015,0.46927298297170267,0.36720341242497107,0.06663141195134849,0.01639344262295082
SOURCE55__optimistic__L100,SOURCE55,optimistic,1.0,200,0.3768249452114105,0.5622076707202993,0.16734655812766056,0.3948611125926388,0.4751783037980632,0.37580849534060484,0.019495021430271542,0.5312656241115343,-0.056087320313471134,0.03677016261266258,0.022137136973397087,0.4012104298006792,-0.025401934460074382,-0.006051383750605641,0.007246376811594203,0.0036231884057971015,0.3779083973301631,0.3049128921566241,0.040719196192490745,0.024854574299312534
SOURCE55__optimistic__L100,SOURCE55,optimistic,1.0,250,0.3768249452114105,0.5191768007483629,0.13076153600912208,0.3884152647392408,0.47117791254983793,0.38252841640251367,0.015468982043152446,0.5221594795716555,-0.05098156702181761,0.03677016261266258,0.019050294320634376,0.4152973625398076,-0.03276894613729392,-0.006051383750605641,0.007246376811594203,0.0036231884057971015,0.35753219519812546,0.30182715578228225,0.0375462718138551,0.033844526705446853
SOURCE55__optimistic__L100,SOURCE55,optimistic,1.0,300,0.3768249452114105,0.41721234798877455,0.11007866274141964,0.3071336852473549,0.4586046662376577,0.3735743748230783,0.022736478327499254,0.4586242477666093,-1.9581528951595484e-05,0.03677016261266258,0.017827953920654893,0.3728189826918394,0.00075539213123893,-0.006051383750605641,0.007246376811594203,0.0036231884057971015,0.32912200280541887,0.2758188317887494,0.03120042305658382,0.04336329984135378
SOURCE55__optimistic__L100,SOURCE55,optimistic,1.0,400,0.3768249452114105,0.3498596819457437,0.0882618566696723,0.2615978252760714,0.42652779406864183,0.3568207455113965,0.015415162145220762,0.438964533345597,-0.012436739276955155,0.03677016261266258,0.014771646674785643,0.3717768289362879,-0.014956083424891409,-0.006051383750605641,0.007246376811594203,0.0036231884057971015,0.2803241628827596,0.24138912835631132,0.03120042305658382,0.07086197778952935
SOURCE55__pessimistic__L010,SOURCE55,pessimistic,0.1,25,0.3768249452114105,0.8185219831618334,0.5348866161015499,0.2836353670602836,0.34342653173169047,0.17703372932264141,-0.012045322153446059,0.33653781410078343,0.0068887176309070375,0.4370354072510963,-0.0050974693449007125,0.17630480120393544,0.0007289281187059793,0.39421386088782806,0.572463768115942,0.21108422469978533,0.3564049224561148,0.22134255486508503,0.25383395029085143,0.0010576414595452142
SOURCE55__pessimistic__L010,SOURCE55,pessimistic,0.1,50,0.3768249452114105,0.80355472404116,0.4629133249992374,0.34064139904192264,0.3960125768444799,0.22813999402331517,0.023508459806694693,0.39617312585854697,-0.00016054901406709066,0.4370354072510963,0.02915706443418667,0.2329076840078802,-0.004767689984565032,0.39421386088782806,0.572463768115942,0.21108422469978533,0.40674946218857394,0.26080469489249075,0.24272871496562665,0.0026441036488630354
SOURCE55__pessimistic__L010,SOURCE55,pessimistic,0.1,75,0.3768249452114105,0.7951356407857811,0.37082026415614605,0.4243153766296351,0.4938373650910423,0.33333744876679694,0.04261234841742134,0.4571706793971344,0.03666668569390791,0.4370354072510963,0.02818700855109796,0.30009471892332296,0.033242729843473984,0.39421386088782806,0.572463768115942,0.21108422469978533,0.5110995443060886,0.37369485974135747,0.08355367530407191,0.005288207297726071
SOURCE55__pessimistic__L010,SOURCE55,pessimistic,0.1,100,0.3768249452114105,0.7913938260056127,0.32204791932367605,0.46934590668193665,0.5186187965552502,0.36719290839556273,0.0222108473275463,0.5189060086342396,-0.00028721207898940726,0.4370354072510963,0.003965526999262614,0.37327994112689433,-0.006087032731331599,0.39421386088782806,0.572463768115942,0.21108422469978533,0.5031084114659677,0.36107721262724746,0.08196721311475409,0.007403490216816499
SOURCE55__pessimistic__L010,SOURCE55,pessimistic,0.1,125,0.3768249452114105,0.7782974742750234,0.27307441328163157,0.5052230609933919,0.48693045516010824,0.3510678222331076,-0.010295123231742809,0.5143399186307513,-0.027409463470643103,0.4370354072510963,-0.014896633288100425,0.3751967394659054,-0.02412891723279781,0.39421386088782806,0.572463768115942,0.21108422469978533,0.42585516620987307,0.3074459625038675,0.06927551560021153,0.010047593865679535
SOURCE55__pessimistic__L010,SOURCE55,pessimistic,0.1,150,0.3768249452114105,0.7680074836295603,0.24159920197898338,0.5264082816505768,0.48644749827741773,0.3669489686928064,-0.0005473610340878676,0.5096414009222813,-0.02319390264486354,0.4370354072510963,-9.52756444024816e-05,0.3627405822567549,0.004208386436051537,0.39421386088782806,0.572463768115942,0.21108422469978533,0.41244720542516494,0.30911838061281605,0.0671602326811211,0.013220518244315178
SOURCE55__pessimistic__L010,SOURCE55,pessimistic,0.1,200,0.3768249452114105,0.6333021515434986,0.1570256758539258,0.47627647568957276,0.4873300441591879,0.3801926142155461,0.03164676179139625,0.4510055247369096,0.03632451942227832,0.4370354072510963,0.026521255848338365,0.34201931967265153,0.03817329454289459,0.39421386088782806,0.572463768115942,0.21108422469978533,0.37404224675932146,0.2938449635256488,0.046007403490216814,0.021152829190904283
SOURCE55__pessimistic__L010,SOURCE55,pessimistic,0.1,250,0.3768249452114105,0.40505144995322734,0.12933992103035927,0.2757115289228681,0.45855119273135453,0.36693697870914416,0.0028422622246690454,0.4474091808841665,0.01114201184718805,0.4370354072510963,0.0034588566272648613,0.35563703281196424,0.01129994589717992,0.39421386088782806,0.572463768115942,0.21108422469978533,0.3212444811179168,0.2587598553961619,0.041248016922263354,0.03278688524590164
SOURCE55__pessimistic__L010,SOURCE55,pessimistic,0.1,300,0.3768249452114105,0.28811973807296537,0.1127280521971847,0.1753916858757807,0.37677869903032635,0.2984902879275061,-0.05908948887983212,0.436701016810275,-0.059922317779948664,0.4370354072510963,-0.05725613297491733,0.3557085929644257,-0.0572183050369196,0.39421386088782806,0.572463768115942,0.21108422469978533,0.19589989335796051,0.15289573896313022,0.04019037546271814,0.044420941300899
SOURCE55__pessimistic__L010,SOURCE55,pessimistic,0.1,400,0.3768249452114105,0.23386342376052385,0.10137006205137263,0.13249336170915121,0.3478261295373179,0.27666690973143926,-0.06328650238610317,0.36721526370687324,-0.019389134169555344,0.4370354072510963,-0.06538218910517157,0.2951514840946607,-0.01848457436322143,0.39421386088782806,0.572463768115942,0.21108422469978533,0.150796691991438,0.1170422410725573,0.04019037546271814,0.07879428873611846
SOURCE55__pessimistic__L025,SOURCE55,pessimistic,0.25,25,0.3768249452114105,0.8110383536014967,0.5260001371782976,0.28503821642319904,0.35013236622263477,0.17612609599204743,-0.005339487662501752,0.34106124008860617,0.009071126134028606,0.533377921036996,-0.0060051026754947,0.18013524538247452,-0.004009149390427097,0.49055637467372776,0.6521739130434783,0.30332452952590255,0.36576891256387506,0.22123548540052276,0.257006874669487,0.0010576414595452142
SOURCE55__pessimistic__L025,SOURCE55,pessimistic,0.25,50,0.3768249452114105,0.8007483629560337,0.4310553361598922,0.36969302679614147,0.4336725336661807,0.2612721348224808,0.061168416628395506,0.39881375163567473,0.034858782030505964,0.533377921036996,0.062289205233352296,0.23302270237408204,0.028249432448398754,0.49055637467372776,0.6521739130434783,0.30332452952590255,0.4486870839316151,0.3047463130058789,0.16023268112109995,0.0021152829190904283
SOURCE55__pessimistic__L025,SOURCE55,pessimistic,0.25,75,0.3768249452114105,0.7960710944808232,0.36276422796777147,0.4333068665130518,0.5022099310657578,0.33503976983381556,0.05098491439213687,0.5032501244211884,-0.0010401933554305964,0.533377921036996,0.029889329618116578,0.316551989128076,0.018487780705739587,0.49055637467372776,0.6521739130434783,0.30332452952590255,0.5190753341050114,0.3709704641286582,0.08249603384452671,0.004230565838180857
SOURCE55__pessimistic__L025,SOURCE55,pessimistic,0.25,100,0.3768249452114105,0.7923292797006548,0.3234959796008318,0.468833300099823,0.5176177934077314,0.36409620401084886,0.02120984418002747,0.5480691378340267,-0.030451344426295268,0.533377921036996,0.0008688226145487365,0.3681285656628289,-0.004032361651980065,0.49055637467372776,0.6521739130434783,0.30332452952590255,0.5018861978693447,0.35800959434279944,0.08249603384452671,0.007932310946589107
SOURCE55__pessimistic__L025,SOURCE55,pessimistic,0.25,125,0.3768249452114105,0.775491113189897,0.2678604758496111,0.5076306373402859,0.46671762433658054,0.3077433568084046,-0.030507954055270514,0.5555872921357254,-0.0888696677991449,0.533377921036996,-0.058221098712803454,0.3957695484318247,-0.08802619162342012,0.49055637467372776,0.6521739130434783,0.30332452952590255,0.3936507325447629,0.2453741295336497,0.06927551560021153,0.009518773135906928
SOURCE55__pessimistic__L025,SOURCE55,pessimistic,0.25,150,0.3768249452114105,0.7717492984097287,0.2309468598687581,0.5408024385409707,0.5008501746697595,0.36219282941211506,0.01385531535825385,0.5397899985260752,-0.03893982385631578,0.533377921036996,-0.004851414925093833,0.3845288229596849,-0.02233599354756982,0.49055637467372776,0.6521739130434783,0.30332452952590255,0.4278045356584279,0.3108892989058732,0.06927551560021153,0.012162876784769964
SOURCE55__pessimistic__L025,SOURCE55,pessimistic,0.25,200,0.3768249452114105,0.6323666978484564,0.1571712878329084,0.47519541001554805,0.5071641000974535,0.3975718933791285,0.05148081772966184,0.49075697061767004,0.016407129479783455,0.533377921036996,0.04390053501192076,0.3726507366368551,0.02492115674227341,0.49055637467372776,0.6521739130434783,0.30332452952590255,0.40162379533058123,0.3188359438929913,0.04389212057112639,0.021152829190904283
SOURCE55__pessimistic__L025,SOURCE55,pessimistic,0.25,250,0.3768249452114105,0.5519176800748363,0.1333625425403344,0.4185551375345019,0.46969326838307607,0.3751039800312047,0.013984337876390585,0.46830960016992373,0.0013836682131523337,0.533377921036996,0.011625857949325413,0.37125280775144925,0.003851172279755455,0.49055637467372776,0.6521739130434783,0.30332452952590255,0.33838536467529473,0.273773654244433,0.040719196192490745,0.03278688524590164
SOURCE55__pessimistic__L025,SOURCE55,pessimistic,0.25,300,0.3768249452114105,0.5453695042095417,0.1282987719336598,0.4170707322758819,0.40496571737368675,0.3138993618214001,-0.030902470536471716,0.470568768835291,-0.06560305146160422,0.533377921036996,-0.04184705908102332,0.38643557905169357,-0.07253621723029346,0.49055637467372776,0.6521739130434783,0.30332452952590255,0.24581198156900866,0.18548239827115287,0.040719196192490745,0.04970914859862507
SOURCE55__pessimistic__L025,SOURCE55,pessimistic,0.25,400,0.3768249452114105,0.40130963517305895,0.10913135531767754,0.2921782798553814,0.3983806376370805,0.3174375010558308,-0.012731994286340587,0.37826524217302004,0.020115395464060437,0.533377921036996,-0.024611597780780037,0.30483733988950973,0.012600161166321067,0.49055637467372776,0.6521739130434783,0.30332452952590255,0.22891415050668887,0.18229364231025313,0.040719196192490745,0.09360126916975145
SOURCE55__pessimistic__L050,SOURCE55,pessimistic,0.5,25,0.3768249452114105,0.8278765201122544,0.5229594485246113,0.30491707158764314,0.3361366205134418,0.15647253350174237,-0.019335233371694738,0.3063182435181182,0.02981837699532358,0.5791040918799372,-0.02565866516579976,0.13580108348525863,0.02067145001648374,0.536282545516669,0.7101449275362319,0.35221017858317627,0.3386339010230122,0.18743400844412014,0.25647805393971446,0.0005288207297726071
SOURCE55__pessimistic__L050,SOURCE55,pessimistic,0.5,50,0.3768249452114105,0.8203928905519177,0.46330824741747023,0.35708464313444743,0.37882776670184937,0.20080958467947901,0.006323649664064179,0.42351875376741094,-0.04469098706556157,0.5791040918799372,0.0018266550903505152,0.2013976314308119,-0.0005880467513328935,0.536282545516669,0.7101449275362319,0.35221017858317627,0.376552062409189,0.21878327410183962,0.2453728186144897,0.0021152829190904283
SOURCE55__pessimistic__L050,SOURCE55,pessimistic,0.5,75,0.3768249452114105,0.80355472404116,0.353522020481899,0.450032703559261,0.4909142447790733,0.3128232459096001,0.039689228105452334,0.4627505564593728,0.02816368831970051,0.5791040918799372,0.007672805693901108,0.23785175167974007,0.07497149422986002,0.536282545516669,0.7101449275362319,0.35221017858317627,0.4973399617191263,0.3422351769827581,0.08249603384452671,0.004759386567953464
SOURCE55__pessimistic__L050,SOURCE55,pessimistic,0.5,100,0.3768249452114105,0.794200187090739,0.29252878984199604,0.501671397248743,0.5113637702850484,0.32942359091274903,0.014955821057344498,0.5214362268418059,-0.01007245655675748,0.5791040918799372,-0.03380379048355109,0.33069398435404196,-0.0012703934412929274,0.536282545516669,0.7101449275362319,0.35221017858317627,0.4879978564836405,0.3175373837407001,0.06821787414066631,0.005817028027498678
SOURCE55__pessimistic__L050,SOURCE55,pessimistic,0.5,125,0.3768249452114105,0.7867165575304023,0.279447122383431,0.5072694351469713,0.5056448722026905,0.3306294143251212,0.008419293810839446,0.5624710898750349,-0.056826217672344415,0.5791040918799372,-0.035335041196086825,0.3871791096021482,-0.05654969527702697,0.536282545516669,0.7101449275362319,0.35221017858317627,0.47512089445403904,0.3124287063148737,0.06663141195134849,0.009518773135906928
SOURCE55__pessimistic__L050,SOURCE55,pessimistic,0.5,150,0.3768249452114105,0.775491113189897,0.22921274493457533,0.5462783682553217,0.5171308850456962,0.3697503846705237,0.030136025734190552,0.5743183702323399,-0.05718748518664374,0.5791040918799372,0.002706140333314788,0.4143965861601747,-0.04464620148965104,0.536282545516669,0.7101449275362319,0.35221017858317627,0.44967182443000114,0.3224368278386224,0.06504494976203067,0.012162876784769964
SOURCE55__pessimistic__L050,SOURCE55,pessimistic,0.5,200,0.3768249452114105,0.7680074836295603,0.19421384593895946,0.5737936376906008,0.5428592265691644,0.4030694812632911,0.08717594420137276,0.52484020972591,0.018019016843254465,0.5791040918799372,0.04939812289608336,0.3931133642200594,0.009956117043231738,0.536282545516669,0.7101449275362319,0.35221017858317627,0.47361460787796367,0.3578733255439561,0.06187202538339503,0.02538339502908514
SOURCE55__pessimistic__L050,SOURCE55,pessimistic,0.5,250,0.3768249452114105,0.7595884003741815,0.18654437373330082,0.5730440266408807,0.520478861840698,0.38933998864670927,0.06476993133401254,0.4996396980638161,0.02083916377688194,0.5791040918799372,0.02586186656482997,0.3977036456489505,-0.008363657002241232,0.536282545516669,0.7101449275362319,0.35221017858317627,0.4394678448972699,0.3358156674211916,0.06187202538339503,0.04336329984135378
SOURCE55__pessimistic__L050,SOURCE55,pessimistic,0.5,300,0.3768249452114105,0.7567820392890552,0.1696873486312194,0.5870946906578358,0.5274542881625208,0.40555971329780943,0.09158610025236236,0.4816318823929386,0.04582240576958224,0.5791040918799372,0.04981329239538601,0.39707921969816723,0.008480493599642203,0.536282545516669,0.7101449275362319,0.35221017858317627,0.44805147819528957,0.3514072721155493,0.06187202538339503,0.07139079851930195
SOURCE55__pessimistic__L050,SOURCE55,pessimistic,0.5,400,0.3768249452114105,0.676333021515435,0.13725050828030252,0.5390825132351325,0.4536556257627502,0.3514987477211854,0.042542993839329135,0.39840224980115974,0.05525337596159047,0.5791040918799372,0.009449648884574557,0.3312481143512457,0.020250633369939708,0.536282545516669,0.7101449275362319,0.35221017858317627,0.3291583712948916,0.2539308464979639,0.046536224219989424,0.12268640930724485
SOURCE55__pessimistic__L075,SOURCE55,pessimistic,0.75,25,0.3768249452114105,0.8362956033676333,0.49460729907157974,0.34168830429605357,0.39998167045224675,0.2103353822249971,0.04450981656711023,0.30960209164118396,0.09037957881106279,0.5995126132303024,0.028204183557454965,0.15666362511112245,0.053671757113874646,0.5566910668670342,0.7608695652173914,0.39889574574929265,0.4200352837596213,0.2517552495440371,0.26493918561607616,0.0005288207297726071
SOURCE55__pessimistic__L075,SOURCE55,pessimistic,0.75,50,0.3768249452114105,0.8203928905519177,0.3505030585961713,0.46988983195574635,0.5294837482898908,0.29782135860175646,0.15697963125210557,0.45731691307849043,0.07216683521140033,0.5995126132303024,0.09883842901262796,0.22481916052286646,0.07300219807889,0.5566910668670342,0.7608695652173914,0.39889574574929265,0.5493142520806188,0.3408656373587822,0.19249074563722898,0.0037017451084082496
SOURCE55__pessimistic__L075,SOURCE55,pessimistic,0.75,75,0.3768249452114105,0.8082319925163705,0.32378820896738836,0.4844437835489821,0.5130314923867251,0.30021193494959864,0.0618064757131041,0.500071408008762,0.012960084377963033,0.5995126132303024,-0.004938505266100346,0.28217404955770403,0.018037885391894604,0.5566910668670342,0.7608695652173914,0.39889574574929265,0.503394127706643,0.31784714499389427,0.16393442622950818,0.006874669487043892
SOURCE55__pessimistic__L075,SOURCE55,pessimistic,0.75,100,0.3768249452114105,0.7960710944808232,0.29411315004199795,0.5019579444388254,0.5125591238303252,0.28905478287856656,0.016151174602621277,0.5244365593053806,-0.011877435475055376,0.5995126132303024,-0.07417259851773356,0.32048197652520444,-0.031427193646637874,0.5566910668670342,0.7608695652173914,0.39889574574929265,0.47119588811332597,0.27229207106896064,0.16393442622950818,0.011634056054997356
SOURCE55__pessimistic__L075,SOURCE55,pessimistic,0.75,125,0.3768249452114105,0.7932647333956969,0.28074340208555804,0.5125213313101389,0.5284109674606692,0.31810977123268486,0.031185389068818126,0.555860228976623,-0.027449261515953838,0.5995126132303024,-0.047854684288523186,0.3728644783895839,-0.05475470715689906,0.5566910668670342,0.7608695652173914,0.39889574574929265,0.48967233675032956,0.3059871256281652,0.10735060814383923,0.019037546271813855
SOURCE55__pessimistic__L075,SOURCE55,pessimistic,0.75,150,0.3768249452114105,0.7913938260056127,0.27676442352986813,0.5146294024757445,0.531599384713394,0.3255239234933963,0.04460452540188836,0.5720432793893331,-0.04044389467593912,0.5995126132303024,-0.041520320843812575,0.3965164508018963,-0.07099252730849998,0.5566910668670342,0.7608695652173914,0.39889574574929265,0.4933457819629294,0.31523616101660323,0.10735060814383923,0.028027498677948175
SOURCE55__pessimistic__L075,SOURCE55,pessimistic,0.75,200,0.3768249452114105,0.7895229186155285,0.26913608002000305,0.5203868385955255,0.5387993466967191,0.34068230307723896,0.08311606432892749,0.5421954319724499,-0.0033960852757307647,0.5995126132303024,-0.012989055289968798,0.41672508120412116,-0.0760427781268822,0.5566910668670342,0.7608695652173914,0.39889574574929265,0.5012025974695301,0.3329560390203146,0.09836065573770492,0.05552617662612375
SOURCE55__pessimistic__L075,SOURCE55,pessimistic,0.75,250,0.3768249452114105,0.784845650140318,0.24812538781896637,0.5367202623213516,0.5441960385910214,0.3597348025860487,0.08848710808433591,0.4949667868557442,0.0492292517352772,0.5995126132303024,-0.0037433194958306215,0.3938918660331871,-0.034157063447138425,0.5566910668670342,0.7608695652173914,0.39889574574929265,0.50591291320655,0.35715163699097574,0.07985193019566367,0.0893707033315706
SOURCE55__pessimistic__L075,SOURCE55,pessimistic,0.75,300,0.3768249452114105,0.7820392890551918,0.21630066077759744,0.5657386282775944,0.506855159373798,0.3510510380111332,0.07098697146363953,0.48268677757743483,0.02416838179636316,0.5995126132303024,-0.004695382891290234,0.4030230979504572,-0.05197205993932402,0.5566910668670342,0.7608695652173914,0.39889574574929265,0.43937264174235247,0.30723336838276954,0.06768905341089371,0.09888947646747752
SOURCE55__pessimistic__L075,SOURCE55,pessimistic,0.75,400,0.3768249452114105,0.7605238540692236,0.17766587108567664,0.582857982983547,0.513534774460272,0.3831211207780945,0.10242214253685089,0.4238035911343687,0.08973118332590324,0.5995126132303024,0.04107202194148368,0.3574525936310444,0.02566852714705009,0.5566910668670342,0.7608695652173914,0.39889574574929265,0.43177351153953686,0.3253117476093043,0.06504494976203067,0.13696456901110524
SOURCE55__pessimistic__L100,SOURCE55,pessimistic,1.0,25,0.3768249452114105,0.9438727782974743,0.6422112132584572,0.3016615650390171,0.24440793922460427,0.1395300584696105,-0.11106391466053225,0.3783981928389957,-0.1339902536143914,0.6133213866857634,-0.042601140197931625,0.13808489850176722,0.0014451599678432792,0.5704998403224952,0.7608695652173914,0.40633470902349617,0.1717658314918409,0.08598513956959526,0.9196192490745637,0.012162876784769964
SOURCE55__pessimistic__L100,SOURCE55,pessimistic,1.0,50,0.3768249452114105,0.8980355472404116,0.6337237033856733,0.26431184385473827,0.2347495479451993,0.12783887846592226,-0.13775456909258588,0.4383543494562461,-0.20360480151104676,0.6133213866857634,-0.07114405112320624,0.1931941498024025,-0.06535527133648023,0.5704998403224952,0.7608695652173914,0.40633470902349617,0.17549001239891374,0.08794401135234059,0.9196192490745637,0.02538339502908514
SOURCE55__pessimistic__L100,SOURCE55,pessimistic,1.0,75,0.3768249452114105,0.833489242282507,0.6273727707430289,0.2061164715394781,0.21947305444569906,0.1120459475402239,-0.2317519622279219,0.45564985997327934,-0.23617680552758027,0.6133213866857634,-0.19310449267547508,0.22617888021161103,-0.11413293267138713,0.5704998403224952,0.7608695652173914,0.40633470902349617,0.1813731909616414,0.09364576737296572,0.9196192490745637,0.03860391327340032
SOURCE55__pessimistic__L100,SOURCE55,pessimistic,1.0,100,0.3768249452114105,0.8054256314312441,0.6237638483208553,0.18166178311038883,0.21366637235552843,0.1064556804497791,-0.2827415768721755,0.5081097020656945,-0.29444332971016607,0.6133213866857634,-0.256771700946521,0.3029578290929555,-0.1965021486431764,0.5704998403224952,0.7608695652173914,0.40633470902349617,0.18475564690920443,0.09761322994765671,0.9196192490745637,0.05182443151771549
SOURCE55__pessimistic__L100,SOURCE55,pessimistic,1.0,125,0.3768249452114105,0.7988774555659495,0.6220084379542405,0.17686901761170892,0.20957452820663425,0.10223689840944061,-0.2876510501852168,0.5438740587792048,-0.33429953057257056,0.6133213866857634,-0.26372755711176743,0.3525713320018364,-0.25033443359239577,0.5704998403224952,0.7608695652173914,0.40633470902349617,0.18639290634146496,0.09918150862377388,0.9196192490745637,0.06504494976203067
SOURCE55__pessimistic__L100,SOURCE55,pessimistic,1.0,150,0.3768249452114105,0.7988774555659495,0.621012295679624,0.17786515988632545,0.21053185508840896,0.10294595664819178,-0.27646300422309666,0.5582951860097414,-0.3477633309213324,0.6133213866857634,-0.2640982876890171,0.3924622473397753,-0.2895162906915835,0.5704998403224952,0.7608695652173914,0.40633470902349617,0.1873228909264333,0.09987626014357352,0.9196192490745637,0.07826546800634585
SOURCE55__pessimistic__L100,SOURCE55,pessimistic,1.0,200,0.3768249452114105,0.7913938260056127,0.308903146114064,0.4824906798915487,0.5023668467490671,0.2845914060311899,0.04668356438127541,0.5312656241115343,-0.028898777362467265,0.6133213866857634,-0.06907995233601788,0.4012104298006792,-0.11661902376948935,0.5704998403224952,0.7608695652173914,0.40633470902349617,0.4709497270839251,0.2985176341984686,0.20518244315177156,0.08566895822316235
SOURCE55__pessimistic__L100,SOURCE55,pessimistic,1.0,250,0.3768249452114105,0.7867165575304023,0.2871654361194797,0.49955112141092256,0.4510406338197503,0.24477957345032256,-0.004668296686935192,0.5221594795716555,-0.07111884575190525,0.6133213866857634,-0.11869854863155674,0.4152973625398076,-0.17051778908948503,0.5704998403224952,0.7608695652173914,0.40633470902349617,0.3895272597281069,0.22414888439019198,0.19196192490745637,0.10100475938656796
SOURCE55__pessimistic__L100,SOURCE55,pessimistic,1.0,300,0.3768249452114105,0.7820392890551918,0.26302431211673266,0.5190149769384591,0.45542109460265345,0.2551544954478149,0.019552906692494987,0.4586242477666093,-0.003203153163955863,0.6133213866857634,-0.10059192545460854,0.3728189826918394,-0.11766448724402451,0.5704998403224952,0.7608695652173914,0.40633470902349617,0.3857977451577121,0.22269555967948482,0.1634056054997356,0.11475409836065574
SOURCE55__pessimistic__L100,SOURCE55,pessimistic,1.0,400,0.3768249452114105,0.7773620205799813,0.2092130737124314,0.5681489468675499,0.44570252553625483,0.28873931660115026,0.034589893612833766,0.438964533345597,0.006737992190657849,0.6133213866857634,-0.05330978223546057,0.3717768289362879,-0.08303751233513762,0.5704998403224952,0.7608695652173914,0.40633470902349617,0.44396098316037036,0.3047435604680991,0.09307244843997885,0.15282919090428346
ATMOS55__reported__L010,ATMOS55,reported,0.1,25,0.5193194150924683,0.8241347053320861,0.5476813955220314,0.27645330981005467,0.3480668594391632,0.18959716322430561,-0.007404994445973312,0.33653781410078343,0.011529045338379784,0.0379177540128966,0.007465964556763488,0.17630480120393544,0.01329236202037018,-0.004903792350371625,0.007246376811594203,0.0036231884057971015,0.3683775463018084,0.23711734111942298,0.2522474881015336,0.0010576414595452142
ATMOS55__reported__L010,ATMOS55,reported,0.1,50,0.5193194150924683,0.8016838166510758,0.4747622173104247,0.3269215993406511,0.3800779576131409,0.21124804786257476,0.007573840575355706,0.39617312585854697,-0.016095168245406077,0.0379177540128966,0.012265118273446257,0.2329076840078802,-0.021659636145305444,-0.004903792350371625,0.007246376811594203,0.0036231884057971015,0.3938062090807164,0.25268635686350355,0.24114225277630882,0.0021152829190904283
ATMOS55__reported__L010,ATMOS55,reported,0.1,75,0.5193194150924683,0.7932647333956969,0.3829356921846083,0.4103290412110886,0.4592066228717464,0.3047692745206767,0.007981606198125435,0.4571706793971344,0.002035943474612001,0.0379177540128966,-0.0003811656950222786,0.30009471892332296,0.004674555597353747,-0.004903792350371625,0.007246376811594203,0.0036231884057971015,0.4699452169304302,0.3351733647677417,0.08302485457429931,0.004759386567953464
ATMOS55__reported__L010,ATMOS55,reported,0.1,100,0.5193194150924683,0.7932647333956969,0.3068528004286068,0.4864119329670901,0.5335764790350109,0.3817584004595811,0.037168529807307005,0.5189060086342396,0.014670470400771296,0.0379177540128966,0.018531019063280973,0.37327994112689433,0.00847845933268676,-0.004903792350371625,0.007246376811594203,0.0036231884057971015,0.5426194231385575,0.4063301994240283,0.07139079851930195,0.007403490216816499
ATMOS55__reported__L010,ATMOS55,reported,0.1,125,0.5193194150924683,0.7820392890551918,0.27368108106545236,0.5083582079897395,0.531549324775172,0.3988932903325682,0.034323746383320974,0.5143399186307513,0.01720940614442068,0.0379177540128966,0.032928834811360164,0.3751967394659054,0.02369655086666278,-0.004903792350371625,0.007246376811594203,0.0036231884057971015,0.5032076633886705,0.3910911690088476,0.06980433632998413,0.01110523532522475
ATMOS55__reported__L010,ATMOS55,reported,0.1,150,0.5193194150924683,0.7661365762394762,0.24320351061270573,0.5229330656267704,0.47681645559959435,0.3566860159138563,-0.010178403711911255,0.5096414009222813,-0.03282494532268693,0.0379177540128966,-0.0103582284233526,0.3627405822567549,-0.006054566342898582,-0.004903792350371625,0.007246376811594203,0.0036231884057971015,0.4008160196294033,0.3037190011478785,0.060814383923849816,0.014806980433632998
ATMOS55__reported__L010,ATMOS55,reported,0.1,200,0.5193194150924683,0.5528531337698784,0.16640046307130513,0.3864526706985733,0.4612042427256812,0.35976870385397236,0.0055209603578895705,0.4510055247369096,0.010198717988771644,0.0379177540128966,0.006097345486764605,0.34201931967265153,0.017749384181320826,-0.004903792350371625,0.007246376811594203,0.0036231884057971015,0.343673684633226,0.2699668195010719,0.04336329984135378,0.021152829190904283
ATMOS55__reported__L010,ATMOS55,reported,0.1,250,0.5193194150924683,0.40037418147801684,0.1317537436570317,0.2686204378209851,0.4399514148246067,0.347660583656308,-0.015757515682078782,0.4474091808841665,-0.007457766059559778,0.0379177540128966,-0.01581753842557132,0.35563703281196424,-0.007976449155656262,-0.004903792350371625,0.007246376811594203,0.0036231884057971015,0.29678975572944216,0.23654075494938176,0.04019037546271814,0.03172924378635643
ATMOS55__reported__L010,ATMOS55,reported,0.1,300,0.5193194150924683,0.3161833489242282,0.11802844759856365,0.19815490132566457,0.4276670307983139,0.3483216773168126,-0.008201157111844548,0.436701016810275,-0.009033986011961093,0.0379177540128966,-0.007424743585610849,0.3557085929644257,-0.007386915647613124,-0.004903792350371625,0.007246376811594203,0.0036231884057971015,0.27238071188107393,0.22488905796869452,0.04019037546271814,0.04336329984135378
ATMOS55__reported__L010,ATMOS55,reported,0.1,400,0.5193194150924683,0.25724976613657624,0.09668489111622518,0.16056487502035105,0.4237820108465065,0.35739112228990866,0.01266937892308545,0.36721526370687324,0.05656674713963328,0.0379177540128966,0.015342023453297826,0.2951514840946607,0.06223963819524797,-0.004903792350371625,0.007246376811594203,0.0036231884057971015,0.2571358652830809,0.2285420587821282,0.03278688524590164,0.0745637228979376
ATMOS55__reported__L025,ATMOS55,reported,0.25,25,0.5193194150924683,0.8147801683816651,0.5324098291970002,0.2823703391846649,0.34260091951434885,0.18380148338226174,-0.012870934370787679,0.34106124008860617,0.0015396794257426794,0.03934968206373009,0.001670284714719611,0.18013524538247452,0.003666237999787214,-0.0034718642995381355,0.007246376811594203,0.0036231884057971015,0.3569587620101761,0.22677466785751488,0.2527763088313062,0.0010576414595452142
ATMOS55__reported__L025,ATMOS55,reported,0.25,50,0.5193194150924683,0.7970065481758652,0.43289099661849784,0.3641155515573674,0.4461737842873385,0.28432097625548924,0.07366966724955332,0.39881375163567473,0.047360032651663775,0.03934968206373009,0.08533804666636075,0.23302270237408204,0.0512982738814072,-0.0034718642995381355,0.007246376811594203,0.0036231884057971015,0.471543987296813,0.3390195879477449,0.15864621893178213,0.0015864621893178213
ATMOS55__reported__L025,ATMOS55,reported,0.25,75,0.5193194150924683,0.7913938260056127,0.37165449502532816,0.41973933098028454,0.48570124792693514,0.32776701847838163,0.03447623125331417,0.5032501244211884,-0.017548876494253296,0.03934968206373009,0.02261657826268265,0.316551989128076,0.01121502935030566,-0.0034718642995381355,0.007246376811594203,0.0036231884057971015,0.48037877202912876,0.3499126430141007,0.08302485457429931,0.0037017451084082496
ATMOS55__reported__L025,ATMOS55,reported,0.25,100,0.5193194150924683,0.7913938260056127,0.3007937013877741,0.4906001246178386,0.5550402160400272,0.39960434125453836,0.05863226681232325,0.5480691378340267,0.006971078206000514,0.03934968206373009,0.036376959858238245,0.3681285656628289,0.03147577559170944,-0.0034718642995381355,0.007246376811594203,0.0036231884057971015,0.5481803911381394,0.40781204454040615,0.07086197778952935,0.007403490216816499
ATMOS55__reported__L025,ATMOS55,reported,0.25,125,0.5193194150924683,0.7811038353601497,0.2652437873195219,0.5158600480406278,0.5393349651127693,0.38517560107828813,0.042109386720918296,0.5555872921357254,-0.016252327022956092,0.03934968206373009,0.01921114555708009,0.3957695484318247,-0.010593947353536581,-0.0034718642995381355,0.007246376811594203,0.0036231884057971015,0.5110302699682759,0.37109820547427336,0.06927551560021153,0.011634056054997356
ATMOS55__reported__L025,ATMOS55,reported,0.25,150,0.5193194150924683,0.775491113189897,0.24031439809002583,0.5351767150998712,0.5266377951161412,0.38723463041214085,0.03964293580463557,0.5397899985260752,-0.01315220340993406,0.03934968206373009,0.020190386074931954,0.3845288229596849,0.002705807452455966,-0.0034718642995381355,0.007246376811594203,0.0036231884057971015,0.48226792695995907,0.3650991961902284,0.06927551560021153,0.015864621893178214
ATMOS55__reported__L025,ATMOS55,reported,0.25,200,0.5193194150924683,0.6314312441534145,0.16535810160721898,0.4660731425461955,0.47576061717281193,0.36896669218594014,0.020077334805020275,0.49075697061767004,-0.014996353444858113,0.03934968206373009,0.015295333818732382,0.3726507366368551,-0.0036840444509149695,-0.0034718642995381355,0.007246376811594203,0.0036231884057971015,0.36318627091284345,0.2859316443789423,0.046536224219989424,0.0222104706504495
ATMOS55__reported__L025,ATMOS55,reported,0.25,250,0.5193194150924683,0.44808231992516373,0.12962412050469196,0.31845819942047177,0.4630066597193087,0.3703294449174876,0.007297729212623227,0.46830960016992373,-0.0053029404506150235,0.03934968206373009,0.006851322835608298,0.37125280775144925,-0.0009233628339616606,-0.0034718642995381355,0.007246376811594203,0.0036231884057971015,0.330169700158633,0.2711637774827744,0.040719196192490745,0.03225806451612903
ATMOS55__reported__L025,ATMOS55,reported,0.25,300,0.5193194150924683,0.33582787652011226,0.11367480109668975,0.2221530754234225,0.44944672241741934,0.36755961504148216,0.013578534507260875,0.470568768835291,-0.02112204641787163,0.03934968206373009,0.011813194139058736,0.38643557905169357,-0.01887596401021141,-0.0034718642995381355,0.007246376811594203,0.0036231884057971015,0.3023928619288373,0.2574812659854126,0.040719196192490745,0.04389212057112639
ATMOS55__reported__L025,ATMOS55,reported,0.25,400,0.5193194150924683,0.2469597754911132,0.08769314891745729,0.15926662657365592,0.43239452180077775,0.358762999756788,0.021281889877356686,0.37826524217302004,0.05412927962775771,0.03934968206373009,0.01671390092017716,0.30483733988950973,0.053925659867278264,-0.0034718642995381355,0.007246376811594203,0.0036231884057971015,0.2654328635146173,0.22492121384423455,0.03120042305658382,0.06663141195134849
ATMOS55__reported__L050,ATMOS55,reported,0.5,25,0.5193194150924683,0.8391019644527596,0.5339971245933515,0.3051048398594082,0.37886218349067513,0.22563033679880176,0.023390329605538607,0.3063182435181182,0.07254393997255693,0.04019214324474555,0.043499138131259635,0.13580108348525863,0.08982925331354313,-0.0026294031185226732,0.007246376811594203,0.0036231884057971015,0.40839178824665284,0.28419369047544646,0.2464304600740349,0.0010576414595452142
ATMOS55__reported__L050,ATMOS55,reported,0.5,50,0.5193194150924683,0.8194574368568756,0.42855409302757214,0.3909033438293034,0.4885365671430154,0.3230330112289381,0.11603245010523022,0.42351875376741094,0.06501781337560447,0.04019214324474555,0.12405008163980963,0.2013976314308119,0.12163537979812622,-0.0026294031185226732,0.007246376811594203,0.0036231884057971015,0.5301431958973251,0.3915354141752811,0.1491274457958752,0.0031729243786356425
ATMOS55__reported__L050,ATMOS55,reported,0.5,75,0.5193194150924683,0.794200187090739,0.32267896062938484,0.4715212264613542,0.556459802564154,0.368266010470355,0.10523478589053298,0.4627505564593728,0.09370924610478115,0.04019214324474555,0.06311557025465603,0.23785175167974007,0.13041425879061494,-0.0026294031185226732,0.007246376811594203,0.0036231884057971015,0.5821932725834882,0.4161394450948864,0.07086197778952935,0.0031729243786356425
ATMOS55__reported__L050,ATMOS55,reported,0.5,100,0.5193194150924683,0.794200187090739,0.28827240647639907,0.50592778061434,0.5901271818367364,0.40949761614141944,0.09371923260903248,0.5214362268418059,0.0686909549949305,0.04019214324474555,0.04627023474511932,0.33069398435404196,0.07880363178737748,-0.0026294031185226732,0.007246376811594203,0.0036231884057971015,0.6151212388806166,0.4510745656794337,0.07086197778952935,0.007403490216816499
ATMOS55__reported__L050,ATMOS55,reported,0.5,125,0.5193194150924683,0.7923292797006548,0.2434201757627001,0.5489091039379548,0.5941556238365172,0.437825168947749,0.09693004544466616,0.5624710898750349,0.0316845339614823,0.04019214324474555,0.07186071342654093,0.3871791096021482,0.05064605934560079,-0.0026294031185226732,0.007246376811594203,0.0036231884057971015,0.6014724183762284,0.4704415928519416,0.06927551560021153,0.010047593865679535
ATMOS55__reported__L050,ATMOS55,reported,0.5,150,0.5193194150924683,0.784845650140318,0.2308971101750439,0.5539485399652742,0.560142828926023,0.41296974742016707,0.07314796961451736,0.5743183702323399,-0.01417554130631693,0.04019214324474555,0.045925503082958175,0.4143965861601747,-0.001426838740007652,-0.0026294031185226732,0.007246376811594203,0.0036231884057971015,0.5483183951280522,0.42544767389452803,0.06927551560021153,0.016922263352723427
ATMOS55__reported__L050,ATMOS55,reported,0.5,200,0.5193194150924683,0.6641721234798877,0.1694798183821603,0.49469230509772744,0.5532508312961573,0.44189417441819284,0.09756754892836561,0.52484020972591,0.02841062157024732,0.04019214324474555,0.08822281605098509,0.3931133642200594,0.04878081019813346,-0.0026294031185226732,0.007246376811594203,0.0036231884057971015,0.5127981645636782,0.43596910533108696,0.044420941300899,0.024854574299312534
ATMOS55__reported__L050,ATMOS55,reported,0.5,250,0.5193194150924683,0.5154349859681946,0.12503279124250183,0.39040219472569276,0.49202694392817264,0.39490349539550484,0.03631801342148716,0.4996396980638161,-0.00761275413564344,0.04019214324474555,0.03142537331362555,0.3977036456489505,-0.0028001502534456546,-0.0026294031185226732,0.007246376811594203,0.0036231884057971015,0.4056806514492322,0.3387504454307803,0.035430988894764676,0.03225806451612903
ATMOS55__reported__L050,ATMOS55,reported,0.5,300,0.5193194150924683,0.5014031805425632,0.10809045594166548,0.39331272460089767,0.46220752415579736,0.3702684360491299,0.02633933624563889,0.4816318823929386,-0.019424358237141226,0.04019214324474555,0.01452201514670648,0.39707921969816723,-0.02681078364903733,-0.0026294031185226732,0.007246376811594203,0.0036231884057971015,0.33367157998194347,0.2738276595562467,0.030671602326811213,0.04283447911158118
ATMOS55__reported__L050,ATMOS55,reported,0.5,400,0.5193194150924683,0.35547240411599623,0.0818248540087877,0.27364755010720854,0.45420271204129964,0.3850165668809722,0.04309008011787857,0.39840224980115974,0.0558004622401399,0.04019214324474555,0.04296746804436136,0.3312481143512457,0.05376845252972651,-0.0026294031185226732,0.007246376811594203,0.0036231884057971015,0.31001115070734536,0.2678736885387678,0.030671602326811213,0.06451612903225806
ATMOS55__reported__L075,ATMOS55,reported,0.75,25,0.5193194150924683,0.8344246959775491,0.5278861988498927,0.30653849712765635,0.3713995636051395,0.21319022183440073,0.015927709720002958,0.30960209164118396,0.06179747196395552,0.04076742117621254,0.0310590231668586,0.15666362511112245,0.05652659672327828,-0.0020541251870556804,0.007246376811594203,0.0036231884057971015,0.39645778169303725,0.2680681684469255,0.24272871496562665,0.0015864621893178213
ATMOS55__reported__L075,ATMOS55,reported,0.75,50,0.5193194150924683,0.8166510757717493,0.38828677904489933,0.42836429672685,0.5125603186428062,0.29775552263899047,0.14005620160502097,0.45731691307849043,0.05524340556431573,0.04076742117621254,0.09877259304986197,0.22481916052286646,0.072936362116124,-0.0020541251870556804,0.007246376811594203,0.0036231884057971015,0.5467541747625698,0.3645402236662287,0.1406663141195135,0.0037017451084082496
ATMOS55__reported__L075,ATMOS55,reported,0.75,75,0.5193194150924683,0.7951356407857811,0.3044126794299544,0.4907229613558267,0.578776796110158,0.39606070831328405,0.127551779436537,0.500071408008762,0.07870538810139593,0.04076742117621254,0.09091026809758507,0.28217404955770403,0.11388665875558002,-0.0020541251870556804,0.007246376811594203,0.0036231884057971015,0.6058979765247604,0.4593224028513297,0.07139079851930195,0.004759386567953464
ATMOS55__reported__L075,ATMOS55,reported,0.75,100,0.5193194150924683,0.7951356407857811,0.28134485140701,0.5137907893787712,0.6013544341164062,0.4264769640639782,0.10494648488870228,0.5244365593053806,0.07691787481102563,0.04076742117621254,0.0632495826676781,0.32048197652520444,0.10599498753877379,-0.0020541251870556804,0.007246376811594203,0.0036231884057971015,0.6279953802162622,0.47969008144690123,0.07139079851930195,0.008461131676361713
ATMOS55__reported__L075,ATMOS55,reported,0.75,125,0.5193194150924683,0.7951356407857811,0.24937445667919605,0.545761184106585,0.6324532603076832,0.475799799154629,0.13522768191583218,0.555860228976623,0.07659303133106021,0.04076742117621254,0.10983534363342096,0.3728644783895839,0.10293532076504508,-0.0020541251870556804,0.007246376811594203,0.0036231884057971015,0.658287927500881,0.5271715870264722,0.06980433632998413,0.011634056054997356
ATMOS55__reported__L075,ATMOS55,reported,0.75,150,0.5193194150924683,0.7895229186155285,0.22221603471492346,0.567306883900605,0.63235819797922,0.490627056549499,0.1453633386677144,0.5720432793893331,0.06031491858988691,0.04076742117621254,0.12358281221229012,0.3965164508018963,0.09411060574760272,-0.0020541251870556804,0.007246376811594203,0.0036231884057971015,0.6464158132852361,0.534090044307169,0.059227921734531994,0.019037546271813855
ATMOS55__reported__L075,ATMOS55,reported,0.75,200,0.5193194150924683,0.6707202993451824,0.1606397499993083,0.5100805493458741,0.6059830785559158,0.48172263267784293,0.15029979618812417,0.5421954319724499,0.06378764658346592,0.04076742117621254,0.12805127431063518,0.41672508120412116,0.06499755147372177,-0.0020541251870556804,0.007246376811594203,0.0036231884057971015,0.5819704146718927,0.48584145788151484,0.04177683765203596,0.026969857218402962
ATMOS55__reported__L075,ATMOS55,reported,0.75,250,0.5193194150924683,0.5884003741814781,0.12920021648653512,0.45920015769494293,0.5546655010962355,0.45271159265704997,0.09895657058954999,0.4949667868557442,0.05969871424049128,0.04076742117621254,0.08923347057517067,0.3938918660331871,0.05881972662386287,-0.0020541251870556804,0.007246376811594203,0.0036231884057971015,0.49392957531306975,0.42049552655749983,0.035430988894764676,0.03648863035430989
ATMOS55__reported__L075,ATMOS55,reported,0.75,300,0.5193194150924683,0.5023386342376053,0.10766493543365975,0.39467369880394554,0.48780648033819446,0.3956314003138098,0.05193829242803599,0.48268677757743483,0.005119702760759626,0.04076742117621254,0.039884979411386356,0.4030230979504572,-0.007391697636647432,-0.0020541251870556804,0.007246376811594203,0.0036231884057971015,0.36871905025515134,0.30872207946445124,0.035430988894764676,0.046007403490216814
ATMOS55__reported__L075,ATMOS55,reported,0.75,400,0.5193194150924683,0.46492048643592143,0.07997943033078067,0.38494105610514073,0.4641741864156781,0.39327278533672966,0.053061554492257024,0.4238035911343687,0.040370595281309374,0.04076742117621254,0.051223686500118826,0.3574525936310444,0.035820191705685234,-0.0020541251870556804,0.007246376811594203,0.0036231884057971015,0.3231062790471831,0.27570136437150755,0.028027498677948175,0.06768905341089371
ATMOS55__reported__L100,ATMOS55,reported,1.0,25,0.5193194150924683,0.8381665107577175,0.538223431001159,0.29994307975655854,0.3604697063313522,0.20228279831388038,0.0049978524462157,0.3783981928389957,-0.01792848650764345,0.0409025107894723,0.020151599646338253,0.13808489850176722,0.06419789981211316,-0.00191903557379592,0.007246376811594203,0.0036231884057971015,0.383317916458404,0.25463933479952033,0.32363828662083555,0.0015864621893178213
ATMOS55__reported__L100,ATMOS55,reported,1.0,50,0.5193194150924683,0.8175865294667914,0.3746072201474448,0.44297930931934665,0.522029810918294,0.3057737085694941,0.14952569388050885,0.4383543494562461,0.08367546146204796,0.0409025107894723,0.1067907789803656,0.1931941498024025,0.11257955876709161,-0.00191903557379592,0.007246376811594203,0.0036231884057971015,0.553334105093052,0.3803591720658471,0.19143310417768378,0.0031729243786356425
ATMOS55__reported__L100,ATMOS55,reported,1.0,75,0.5193194150924683,0.8157156220767072,0.31765805239792066,0.49805756967878656,0.5823896852508778,0.3899972548791457,0.13116466857725678,0.45564985997327934,0.12673982527759842,0.0409025107894723,0.08484681466344673,0.22617888021161103,0.16381837466753468,-0.00191903557379592,0.007246376811594203,0.0036231884057971015,0.6159990261000353,0.4597921029485432,0.12480169222633528,0.005817028027498678
ATMOS55__reported__L100,ATMOS55,reported,1.0,100,0.5193194150924683,0.813844714686623,0.2782236655681221,0.535621049118501,0.6219791475836344,0.4522145151884456,0.12557119835593045,0.5081097020656945,0.11386944551793987,0.0409025107894723,0.08898713379214546,0.3029578290929555,0.1492566860954901,-0.00191903557379592,0.007246376811594203,0.0036231884057971015,0.6562278139753316,0.5146859300200936,0.07033315705975675,0.008989952406134321
ATMOS55__reported__L100,ATMOS55,reported,1.0,125,0.5193194150924683,0.7951356407857811,0.2355701339516345,0.5595655068341466,0.6455650805691299,0.4990086521385764,0.14833950217727881,0.5438740587792048,0.10169102178992506,0.0409025107894723,0.13304419661736838,0.3525713320018364,0.14643732013674005,-0.00191903557379592,0.007246376811594203,0.0036231884057971015,0.6708809066103999,0.553345909835251,0.0597567424643046,0.012162876784769964
ATMOS55__reported__L100,ATMOS55,reported,1.0,150,0.5193194150924683,0.7951356407857811,0.21582980617148487,0.5793058346142963,0.6645825345062465,0.5220255454394305,0.1775876751947409,0.5582951860097414,0.10628734849650512,0.0409025107894723,0.15498130110222158,0.3924622473397753,0.12956329809965517,-0.00191903557379592,0.007246376811594203,0.0036231884057971015,0.6893014146996496,0.5759556023062363,0.0597567424643046,0.017451084082496033
ATMOS55__reported__L100,ATMOS55,reported,1.0,200,0.5193194150924683,0.7820392890551918,0.16773862854792823,0.6143006605072636,0.6197976863393753,0.48987051420985567,0.1641144039715836,0.5312656241115343,0.08853206222784094,0.0409025107894723,0.1361991558426479,0.4012104298006792,0.08866008440917644,-0.00191903557379592,0.007246376811594203,0.0036231884057971015,0.6050649331895156,0.5016577294795795,0.04283447911158118,0.025912215758857746
ATMOS55__reported__L100,ATMOS55,reported,1.0,250,0.5193194150924683,0.6061739943872778,0.1366807929788925,0.46949320140838535,0.5448675490753214,0.43588200847500336,0.08915861856863594,0.5221594795716555,0.022708069503665884,0.0409025107894723,0.07240388639312406,0.4152973625398076,0.020584645935195767,-0.00191903557379592,0.007246376811594203,0.0036231884057971015,0.48378864463414534,0.40654284052126916,0.04177683765203596,0.035430988894764676
ATMOS55__reported__L100,ATMOS55,reported,1.0,300,0.5193194150924683,0.5285313376987839,0.11111925331388206,0.41741208438490185,0.5002935818555283,0.41370212753314695,0.06442539394536984,0.4586242477666093,0.041669334088918986,0.0409025107894723,0.057955706630723525,0.3728189826918394,0.04088314484130756,-0.00191903557379592,0.007246376811594203,0.0036231884057971015,0.4115734335520554,0.34976416442499253,0.03437334743521946,0.04230565838180857
ATMOS55__reported__L100,ATMOS55,reported,1.0,400,0.5193194150924683,0.5182413470533208,0.0801214052076033,0.4381199418457175,0.4511114306069689,0.38061056047016684,0.03999879868354783,0.438964533345597,0.012146897261371914,0.0409025107894723,0.038561461633556005,0.3717768289362879,0.008833731533878952,-0.00191903557379592,0.007246376811594203,0.0036231884057971015,0.3622535026989337,0.312883754922895,0.028027498677948175,0.06557377049180328
ATMOS55__optimistic__L010,ATMOS55,optimistic,0.1,25,0.5193194150924683,0.8185219831618334,0.5351888873074243,0.28333309585440913,0.3593118985863452,0.201995423928818,0.003840044701208689,0.33653781410078343,0.022774084485561785,0.03317571299869529,0.019864225261275875,0.17630480120393544,0.025690622724882567,-0.009645833364572934,0.007246376811594203,0.0036231884057971015,0.38184574370205276,0.2519256647947989,0.2554204124801692,0.0010576414595452142
ATMOS55__optimistic__L010,ATMOS55,optimistic,0.1,50,0.5193194150924683,0.8016838166510758,0.4738713201507656,0.3278124965003102,0.380739502884963,0.2139912918310907,0.008235385847177812,0.39617312585854697,-0.015433622973583971,0.03317571299869529,0.015008362241962198,0.2329076840078802,-0.018916392176789504,-0.009645833364572934,0.007246376811594203,0.0036231884057971015,0.3943312625845062,0.25495060517377843,0.24431517715494447,0.0026441036488630354
ATMOS55__optimistic__L010,ATMOS55,optimistic,0.1,75,0.5193194150924683,0.7932647333956969,0.38355096458027965,0.40971376881541727,0.4586201348409217,0.30522324170655224,0.007395118167300707,0.4571706793971344,0.001449455443787273,0.03317571299869529,7.280149085325816e-05,0.30009471892332296,0.0051285227832292835,-0.009645833364572934,0.007246376811594203,0.0036231884057971015,0.46938084080116155,0.33575103238244,0.08355367530407191,0.005288207297726071
ATMOS55__optimistic__L010,ATMOS55,optimistic,0.1,100,0.5193194150924683,0.7932647333956969,0.3293583814619025,0.4639063519337944,0.5118486082524183,0.3680232940737917,0.015440659024714365,0.5189060086342396,-0.007057400381821344,0.03317571299869529,0.004795912677491576,0.37327994112689433,-0.005256647053102637,-0.009645833364572934,0.007246376811594203,0.0036231884057971015,0.5215467132096093,0.3917079501229979,0.08355367530407191,0.008461131676361713
ATMOS55__optimistic__L010,ATMOS55,optimistic,0.1,125,0.5193194150924683,0.7801683816651076,0.2837720038081489,0.4963963778569587,0.5009726182975571,0.3653653934771182,0.0037470399057060733,0.5143399186307513,-0.01336730033319422,0.03317571299869529,-0.0005990620440898264,0.3751967394659054,-0.00983134598878721,-0.009645833364572934,0.007246376811594203,0.0036231884057971015,0.4642543349481838,0.3428665856458069,0.06927551560021153,0.010047593865679535
ATMOS55__optimistic__L010,ATMOS55,optimistic,0.1,150,0.5193194150924683,0.7652011225444341,0.2501712357859914,0.5150298867584426,0.4698225832764078,0.35004993898648845,-0.0171722760350978,0.5096414009222813,-0.03981881764587347,0.03317571299869529,-0.01699430535072044,0.3627405822567549,-0.012690643270266422,-0.009645833364572934,0.007246376811594203,0.0036231884057971015,0.39435780669907916,0.2910067299859044,0.06927551560021153,0.015335801163405606
ATMOS55__optimistic__L010,ATMOS55,optimistic,0.1,200,0.5193194150924683,0.5612722170252572,0.16957123532034432,0.39170098170491285,0.46096704660078697,0.3604137192518124,0.005283764232995314,0.4510055247369096,0.009961521863877387,0.03317571299869529,0.00674236088460467,0.34201931967265153,0.01839439957916089,-0.009645833364572934,0.007246376811594203,0.0036231884057971015,0.3450240929353119,0.27131620031550735,0.04336329984135378,0.02168164992067689
ATMOS55__optimistic__L010,ATMOS55,optimistic,0.1,250,0.5193194150924683,0.5481758652946679,0.1367228643458245,0.4114530009488434,0.46369863085354335,0.3751668959015206,0.007989700346857864,0.4474091808841665,0.016289449969376868,0.03317571299869529,0.011688773819641285,0.35563703281196424,0.019529863089556343,-0.009645833364572934,0.007246376811594203,0.0036231884057971015,0.33450298218303126,0.278207772778361,0.04019037546271814,0.03225806451612903
ATMOS55__optimistic__L010,ATMOS55,optimistic,0.1,300,0.5193194150924683,0.30028063610851263,0.11755519800915479,0.18272543809935785,0.4300610014269902,0.35094666660735885,-0.005807186483168247,0.436701016810275,-0.006640015383284792,0.03317571299869529,-0.004799754295064573,0.3557085929644257,-0.004761926357066848,-0.009645833364572934,0.007246376811594203,0.0036231884057971015,0.2762439307403726,0.22816448666973452,0.04019037546271814,0.04336329984135378
ATMOS55__optimistic__L010,ATMOS55,optimistic,0.1,400,0.5193194150924683,0.19270346117867165,0.09602234169105277,0.09668111948761889,0.3813147445889427,0.3155636756398482,-0.029797887334478357,0.36721526370687324,0.01409948088206947,0.03317571299869529,-0.026485423196762614,0.2951514840946607,0.02041219154518753,-0.009645833364572934,0.007246376811594203,0.0036231884057971015,0.15508929552747236,0.12708243918194542,0.03120042305658382,0.0750925436277102
ATMOS55__optimistic__L025,ATMOS55,optimistic,0.25,25,0.5193194150924683,0.8203928905519177,0.5456434206577366,0.27474946989418103,0.348492043771897,0.1953263812339739,-0.006979810113239504,0.34106124008860617,0.007430803683290854,0.03393121326902682,0.013195182566431762,0.18013524538247452,0.015191135851499366,-0.0088903330942414,0.007246376811594203,0.0036231884057971015,0.3697494517876245,0.24411275035255361,0.25383395029085143,0.0015864621893178213
ATMOS55__optimistic__L025,ATMOS55,optimistic,0.25,50,0.5193194150924683,0.80355472404116,0.4805100918863758,0.32304463215478424,0.41340765617965475,0.24825294011667237,0.04090353914186956,0.39881375163567473,0.014593904543980019,0.03393121326902682,0.04927001052754387,0.23302270237408204,0.01523023774259033,-0.0088903330942414,0.007246376811594203,0.0036231884057971015,0.44343734390699785,0.30534097527467136,0.24272871496562665,0.0026441036488630354
ATMOS55__optimistic__L025,ATMOS55,optimistic,0.25,75,0.5193194150924683,0.7951356407857811,0.375567250139471,0.41956839064631013,0.5053888800939257,0.3565874129708058,0.054163863420304714,0.5032501244211884,0.002138755672737247,0.03393121326902682,0.051436972755106836,0.316551989128076,0.040035423842729845,-0.0088903330942414,0.007246376811594203,0.0036231884057971015,0.5321835278448402,0.40365708097401093,0.08355367530407191,0.004759386567953464
ATMOS55__optimistic__L025,ATMOS55,optimistic,0.25,100,0.5193194150924683,0.7913938260056127,0.3228723977564601,0.4685214282491526,0.5337221451035663,0.3900339353622274,0.03731419587586238,0.5480691378340267,-0.014346992730460362,0.03393121326902682,0.026806553965927293,0.3681285656628289,0.02190536969939849,-0.0088903330942414,0.007246376811594203,0.0036231884057971015,0.5275056556264036,0.39843183997920945,0.08355367530407191,0.007403490216816499
ATMOS55__optimistic__L025,ATMOS55,optimistic,0.25,125,0.5193194150924683,0.7801683816651076,0.283961957487062,0.4962064241780456,0.5007891928620509,0.3657833053754587,0.0035636144701998718,0.5555872921357254,-0.054798099273674516,0.03393121326902682,-0.0001811501457493203,0.3957695484318247,-0.02998624305636599,-0.0088903330942414,0.007246376811594203,0.0036231884057971015,0.4640758797240585,0.3434586275017893,0.06927551560021153,0.01110523532522475
ATMOS55__optimistic__L025,ATMOS55,optimistic,0.25,150,0.5193194150924683,0.7268475210477081,0.23245780657661058,0.49438971447109753,0.4812898134556575,0.37136545715781144,-0.005705045855848079,0.5397899985260752,-0.05850018507041771,0.03393121326902682,0.004321212820602549,0.3845288229596849,-0.013163365801873439,-0.0088903330942414,0.007246376811594203,0.0036231884057971015,0.40278056587555505,0.3110329758223882,0.05552617662612375,0.015335801163405606
ATMOS55__optimistic__L025,ATMOS55,optimistic,0.25,200,0.5193194150924683,0.5612722170252572,0.16961896440174742,0.3916532526235098,0.4609200519365834,0.3606853032798584,0.005236769568791766,0.49075697061767004,-0.02983691868108662,0.03393121326902682,0.0070139449126506714,0.3726507366368551,-0.01196543335699668,-0.0088903330942414,0.007246376811594203,0.0036231884057971015,0.3449780013540142,0.27181963023992406,0.04336329984135378,0.02168164992067689
ATMOS55__optimistic__L025,ATMOS55,optimistic,0.25,250,0.5193194150924683,0.5481758652946679,0.13184758532998905,0.4163282799646788,0.4683505449165942,0.3789048094224515,0.012641614409908741,0.46830960016992373,4.094474667049042e-05,0.03393121326902682,0.015426687340572232,0.37125280775144925,0.007652001671002273,-0.0088903330942414,0.007246376811594203,0.0036231884057971015,0.3389833218943141,0.2808387105940328,0.04019037546271814,0.03172924378635643
ATMOS55__optimistic__L025,ATMOS55,optimistic,0.25,300,0.5193194150924683,0.35360149672591207,0.11959017124361282,0.23401132548229925,0.43152540144810014,0.3519944298570616,-0.004342786462058323,0.470568768835291,-0.03904336738719083,0.03393121326902682,-0.0037519910453618355,0.38643557905169357,-0.03444114919463198,-0.0088903330942414,0.007246376811594203,0.0036231884057971015,0.27867958083878974,0.2308785690877616,0.04019037546271814,0.04230565838180857
ATMOS55__optimistic__L025,ATMOS55,optimistic,0.25,400,0.5193194150924683,0.23573433115060805,0.09668489111622518,0.13904944003438285,0.42427924323228383,0.3573892665076918,0.013166611308862763,0.37826524217302004,0.04601400105926379,0.03393121326902682,0.015340167671080984,0.30483733988950973,0.05255192661818209,-0.0088903330942414,0.007246376811594203,0.0036231884057971015,0.25761832996806516,0.22761409227278198,0.03278688524590164,0.0745637228979376
ATMOS55__optimistic__L050,ATMOS55,optimistic,0.5,25,0.5193194150924683,0.8372310570626754,0.5332483044241508,0.3039827526385246,0.3800215216567475,0.22605033739931263,0.024549667771610995,0.3063182435181182,0.07370327813862931,0.03464975118529396,0.0439191387317705,0.13580108348525863,0.090249253914054,-0.008171795177974263,0.007246376811594203,0.0036231884057971015,0.41066794903616294,0.286504580448053,0.24167107350608144,0.0015864621893178213
ATMOS55__optimistic__L050,ATMOS55,optimistic,0.5,50,0.5193194150924683,0.8194574368568756,0.4551457050719379,0.36431173178493764,0.41772775773408083,0.2609228336223044,0.04522364069629564,0.42351875376741094,-0.005790996033330109,0.03464975118529396,0.0619399040331759,0.2013976314308119,0.05952520219149249,-0.008171795177974263,0.007246376811594203,0.0036231884057971015,0.43964362506193977,0.3045228488723282,0.23056583818085669,0.0021152829190904283
ATMOS55__optimistic__L050,ATMOS55,optimistic,0.5,75,0.5193194150924683,0.7932647333956969,0.3723563642486907,0.42090836914700624,0.4693764756145668,0.32328237449642516,0.01815145894094583,0.4627505564593728,0.006625919155194004,0.03464975118529396,0.01813193428072618,0.23785175167974007,0.08543062281668509,-0.008171795177974263,0.007246376811594203,0.0036231884057971015,0.4797924811520158,0.35189803098064815,0.08355367530407191,0.004230565838180857
ATMOS55__optimistic__L050,ATMOS55,optimistic,0.5,100,0.5193194150924683,0.7932647333956969,0.3099798848208651,0.48328484857483184,0.5305812329000039,0.38235974005379786,0.03417328367229999,0.5214362268418059,0.009145006058198013,0.03464975118529396,0.01913235865749774,0.33069398435404196,0.0516657556997559,-0.008171795177974263,0.007246376811594203,0.0036231884057971015,0.5397281145180151,0.40524358520553183,0.07139079851930195,0.007403490216816499
ATMOS55__optimistic__L050,ATMOS55,optimistic,0.5,125,0.5193194150924683,0.7820392890551918,0.278743235182278,0.5032960538729139,0.526728099020645,0.38845232584706046,0.029502520628793938,0.5624710898750349,-0.03574299085438992,0.03464975118529396,0.02248787032585242,0.3871791096021482,0.0012732162449122786,-0.008171795177974263,0.007246376811594203,0.0036231884057971015,0.4985694022197593,0.3744318188775213,0.06980433632998413,0.011634056054997356
ATMOS55__optimistic__L050,ATMOS55,optimistic,0.5,150,0.5193194150924683,0.7277829747427502,0.23505800486289846,0.49272496987985176,0.479129619804538,0.3679023132870298,-0.007865239506967603,0.5743183702323399,-0.0951887504278019,0.03464975118529396,0.0008580689498209337,0.4143965861601747,-0.04649427287314489,-0.008171795177974263,0.007246376811594203,0.0036231884057971015,0.4004088649555155,0.31246867632857284,0.05552617662612375,0.015864621893178214
ATMOS55__optimistic__L050,ATMOS55,optimistic,0.5,200,0.5193194150924683,0.5612722170252572,0.16909798573093554,0.39217423129432166,0.46141832627748436,0.36226108878677893,0.005735043909692705,0.52484020972591,-0.06342188344842559,0.03464975118529396,0.008589730419571173,0.3931133642200594,-0.03085227543328045,-0.008171795177974263,0.007246376811594203,0.0036231884057971015,0.34545856388072643,0.2741201571724718,0.041248016922263354,0.022739291380222106
ATMOS55__optimistic__L050,ATMOS55,optimistic,0.5,250,0.5193194150924683,0.4153414405986904,0.13667553938688368,0.2786659012118067,0.42743440254281645,0.34102374311368,-0.028274527963869034,0.4996396980638161,-0.07220529552099963,0.03464975118529396,-0.022454378968199296,0.3977036456489505,-0.0566799025352705,-0.008171795177974263,0.007246376811594203,0.0036231884057971015,0.281265675928622,0.22645065373890583,0.04019037546271814,0.03172924378635643
ATMOS55__optimistic__L050,ATMOS55,optimistic,0.5,300,0.5193194150924683,0.3199251637043966,0.1127280521971847,0.20719711150721193,0.4344348715471799,0.35339561673077197,-0.001433316362978554,0.4816318823929386,-0.04719701084575867,0.03464975118529396,-0.002350804171651455,0.39707921969816723,-0.04368360296739526,-0.008171795177974263,0.007246376811594203,0.0036231884057971015,0.28037126888365765,0.23116815550650874,0.033844526705446853,0.041248016922263354
ATMOS55__optimistic__L050,ATMOS55,optimistic,0.5,400,0.5193194150924683,0.255378858746492,0.08807174858898437,0.16730711015750765,0.4388453136947649,0.3671030839584839,0.02773268177134386,0.39840224980115974,0.04044306389360519,0.03464975118529396,0.025053985121873068,0.3312481143512457,0.03585496960723822,-0.008171795177974263,0.007246376811594203,0.0036231884057971015,0.27476287933496746,0.23617952447096127,0.03120042305658382,0.06927551560021153
ATMOS55__optimistic__L075,ATMOS55,optimistic,0.75,25,0.5193194150924683,0.8372310570626754,0.5296950652007542,0.30753599186192127,0.3837084390833524,0.22796660220049514,0.02823658519821587,0.30960209164118396,0.07410634744216843,0.03540584109316334,0.04583540353295301,0.15666362511112245,0.0713029770893727,-0.0074157052701048845,0.007246376811594203,0.0036231884057971015,0.41455448037524834,0.2873935217550973,0.24378635642517188,0.0015864621893178213
ATMOS55__optimistic__L075,ATMOS55,optimistic,0.75,50,0.5193194150924683,0.8194574368568756,0.4326618517811388,0.38679558507573675,0.48431739647520816,0.3265984586211838,0.11181327943742297,0.45731691307849043,0.027000483396717734,0.03540584109316334,0.1276155290320553,0.22481916052286646,0.10177929809831734,-0.0074157052701048845,0.007246376811594203,0.0036231884057971015,0.5259182440177049,0.3970788941317471,0.1501850872554204,0.0026441036488630354
ATMOS55__optimistic__L075,ATMOS55,optimistic,0.75,75,0.5193194150924683,0.7951356407857811,0.36717143362176496,0.4279642071640162,0.5134549240620822,0.373347479447874,0.06222990738846118,0.500071408008762,0.01338351605332011,0.03540584109316334,0.06819703923217502,0.28217404955770403,0.09117342989016997,-0.0074157052701048845,0.007246376811594203,0.0036231884057971015,0.5399842163924218,0.41998583869356815,0.08355367530407191,0.0031729243786356425
ATMOS55__optimistic__L075,ATMOS55,optimistic,0.75,100,0.5193194150924683,0.7932647333956969,0.30267748067898415,0.4905872527167128,0.5375902941706058,0.3924801808680721,0.04118234494290185,0.5244365593053806,0.013153734865225197,0.03540584109316334,0.029252799471772006,0.32048197652520444,0.07199820434286769,-0.0074157052701048845,0.007246376811594203,0.0036231884057971015,0.546503228209271,0.41517514410484274,0.06663141195134849,0.006874669487043892
ATMOS55__optimistic__L075,ATMOS55,optimistic,0.75,125,0.5193194150924683,0.7876520112254444,0.2788322722881846,0.5088197389372597,0.5345070513455789,0.39801722494613584,0.0372814729537278,0.555860228976623,-0.021353177631044162,0.03540584109316334,0.032052769424927796,0.3728644783895839,0.02515274655655192,-0.0074157052701048845,0.007246376811594203,0.0036231884057971015,0.5318527752882858,0.40834894462127197,0.06504494976203067,0.011634056054997356
ATMOS55__optimistic__L075,ATMOS55,optimistic,0.75,150,0.5193194150924683,0.7436856875584659,0.2387995503789596,0.5048861371795063,0.5317605310635871,0.41842538221995107,0.044765671752081515,0.5720432793893331,-0.040282748325745965,0.03540584109316334,0.05138113788274218,0.3965164508018963,0.021908931418054778,-0.0074157052701048845,0.007246376811594203,0.0036231884057971015,0.5109310081621994,0.4195070150028739,0.05552617662612375,0.015864621893178214
ATMOS55__optimistic__L075,ATMOS55,optimistic,0.75,200,0.5193194150924683,0.5771749298409729,0.15783585787039187,0.41933907197058096,0.4779980084619461,0.3829696568735243,0.02231472609415447,0.5421954319724499,-0.06419742351050378,0.03540584109316334,0.029298298506316545,0.41672508120412116,-0.03375542433059686,-0.0074157052701048845,0.007246376811594203,0.0036231884057971015,0.36336679649708264,0.2983320961038077,0.040719196192490745,0.023268112109994712
ATMOS55__optimistic__L075,ATMOS55,optimistic,0.75,250,0.5193194150924683,0.5088868101028999,0.1290088960384605,0.37987791406443944,0.4539187357606508,0.362808424288943,-0.0017901947460347012,0.4949667868557442,-0.04104805109509341,0.03540584109316334,-0.0006696977929362968,0.3938918660331871,-0.0310834417442441,-0.0074157052701048845,0.007246376811594203,0.0036231884057971015,0.31604095804938864,0.25349156789997557,0.0375462718138551,0.03225806451612903
ATMOS55__optimistic__L075,ATMOS55,optimistic,0.75,300,0.5193194150924683,0.3844714686623012,0.10605548270720754,0.27841598595509365,0.45229419432352835,0.3647874259653064,0.016426006413369887,0.48268677757743483,-0.03039258325390648,0.03540584109316334,0.009041005062882967,0.4030230979504572,-0.03823567198515082,-0.0074157052701048845,0.007246376811594203,0.0036231884057971015,0.30310026877896756,0.246711135847157,0.03120042305658382,0.04336329984135378
ATMOS55__optimistic__L075,ATMOS55,optimistic,0.75,400,0.5193194150924683,0.2899906454630496,0.08769314891745729,0.20229749654559231,0.43715055008621784,0.36322112880080154,0.02603791816279677,0.4238035911343687,0.01334695895184912,0.03540584109316334,0.02117202996419071,0.3574525936310444,0.005768535169757116,-0.0074157052701048845,0.007246376811594203,0.0036231884057971015,0.27216613264316075,0.23024448410666762,0.03120042305658382,0.06980433632998413
ATMOS55__optimistic__L100,ATMOS55,optimistic,1.0,25,0.5193194150924683,0.8372310570626754,0.5295990381299648,0.30763201893271064,0.38365374379310124,0.22817349916524038,0.02818188990796472,0.3783981928389957,0.00525555095410557,0.03583361484206306,0.04604230049769825,0.13808489850176722,0.09008860066347316,-0.006987931521205165,0.007246376811594203,0.0036231884057971015,0.41436858160843876,0.28635024614679117,0.24431517715494447,0.0015864621893178213
ATMOS55__optimistic__L100,ATMOS55,optimistic,1.0,50,0.5193194150924683,0.8203928905519177,0.4239389966343824,0.39645389391753527,0.4936905140387595,0.33781797566805577,0.12118639700097433,0.4383543494562461,0.05533616458251345,0.03583361484206306,0.13883504607892727,0.1931941498024025,0.14462382586565328,-0.006987931521205165,0.007246376811594203,0.0036231884057971015,0.535066057856353,0.4099334470226544,0.14119513484928609,0.0021152829190904283
ATMOS55__optimistic__L100,ATMOS55,optimistic,1.0,75,0.5193194150924683,0.7951356407857811,0.36548825057466994,0.4296473902111112,0.5151556083208758,0.3730618033265293,0.06393059164725484,0.45564985997327934,0.05950574834759648,0.03583361484206306,0.06791136311083029,0.22617888021161103,0.14688292311491824,-0.006987931521205165,0.007246376811594203,0.0036231884057971015,0.5416789054659895,0.42007276573535984,0.08355367530407191,0.0026441036488630354
ATMOS55__optimistic__L100,ATMOS55,optimistic,1.0,100,0.5193194150924683,0.7932647333956969,0.30158422962589804,0.4916805037697989,0.5386513692816833,0.39503997056312956,0.04224342005397941,0.5081097020656945,0.030541667215988832,0.03583361484206306,0.03181258916682944,0.3029578290929555,0.09208214147017407,-0.006987931521205165,0.007246376811594203,0.0036231884057971015,0.5475298885533032,0.4175973910645194,0.0671602326811211,0.006345848757271285
ATMOS55__optimistic__L100,ATMOS55,optimistic,1.0,125,0.5193194150924683,0.7876520112254444,0.2797367001000701,0.5079153111253742,0.5336253529049142,0.39586644377883395,0.03639977451306314,0.5438740587792048,-0.010248705874290609,0.03583361484206306,0.02990198825762591,0.3525713320018364,0.043295111776997575,-0.006987931521205165,0.007246376811594203,0.0036231884057971015,0.5309929021641672,0.4073422827544484,0.06557377049180328,0.011634056054997356
ATMOS55__optimistic__L100,ATMOS55,optimistic,1.0,150,0.5193194150924683,0.7100093545369505,0.2584187554629917,0.45159059907395876,0.5187813064588378,0.39375814570896317,0.0317864471473322,0.5582951860097414,-0.039513879550903575,0.03583361484206306,0.02671390137175428,0.3924622473397753,0.0012958983691878645,-0.006987931521205165,0.007246376811594203,0.0036231884057971015,0.500440463159402,0.39246142806885653,0.05817028027498678,0.017451084082496033
ATMOS55__optimistic__L100,ATMOS55,optimistic,1.0,200,0.5193194150924683,0.5809167446211413,0.1594946561680961,0.4214220884530452,0.4999367411790082,0.3972718546156805,0.04425345881121656,0.5312656241115343,-0.031328882932526114,0.03583361484206306,0.04360049624847273,0.4012104298006792,-0.003938575184998738,-0.006987931521205165,0.007246376811594203,0.0036231884057971015,0.43253735197466486,0.3575490684908132,0.04177683765203596,0.022739291380222106
ATMOS55__optimistic__L100,ATMOS55,optimistic,1.0,250,0.5193194150924683,0.5537885874649204,0.13327097120037554,0.42051761626454487,0.47915271732611303,0.385886863493904,0.023443786819427548,0.5221594795716555,-0.04300676224554251,0.03583361484206306,0.022408741412024702,0.4152973625398076,-0.029410499045903593,-0.006987931521205165,0.007246376811594203,0.0036231884057971015,0.3703192788404344,0.30560650673860684,0.03860391327340032,0.03278688524590164
ATMOS55__optimistic__L100,ATMOS55,optimistic,1.0,300,0.5193194150924683,0.4686623012160898,0.10780731443294465,0.36085498678314515,0.4481474512075851,0.358221603051073,0.012279263297426624,0.4586242477666093,-0.010476796559024226,0.03583361484206306,0.0024751821486495573,0.3728189826918394,-0.014597379640766406,-0.006987931521205165,0.007246376811594203,0.0036231884057971015,0.31283187626107023,0.25391733829930857,0.03120042305658382,0.04389212057112639
ATMOS55__optimistic__L100,ATMOS55,optimistic,1.0,400,0.5193194150924683,0.3816651075771749,0.0875984989995755,0.2940666085775994,0.38628804361368657,0.31105993734397447,-0.024824588309734497,0.438964533345597,-0.052676489731910414,0.03583361484206306,-0.030989161492636363,0.3717768289362879,-0.060716891592313416,-0.006987931521205165,0.007246376811594203,0.0036231884057971015,0.20343113953689193,0.15827085022853857,0.03120042305658382,0.07191961924907457
ATMOS55__pessimistic__L010,ATMOS55,pessimistic,0.1,25,0.5193194150924683,0.8213283442469598,0.5384466430384338,0.28288170120852596,0.3020321505021149,0.14201479538022835,-0.05343970338302162,0.33653781410078343,-0.03450566359866852,0.4601335631717195,-0.04011640328731378,0.17630480120393544,-0.03429000582370709,0.41731201680845126,0.6304347826086957,0.2357204072307047,0.2970148994024173,0.167863263122511,0.254362771020624,0.0015864621893178213
ATMOS55__pessimistic__L010,ATMOS55,pessimistic,0.1,50,0.5193194150924683,0.8194574368568756,0.4663312301518561,0.35312620670501943,0.37791119108385207,0.2188858302247843,0.005407074046066884,0.39617312585854697,-0.0182619347746949,0.4601335631717195,0.019902900635655807,0.2329076840078802,-0.014021853783095894,0.41731201680845126,0.6304347826086957,0.2357204072307047,0.37603424861260004,0.2382002801826025,0.24325753569539926,0.0031729243786356425
ATMOS55__pessimistic__L010,ATMOS55,pessimistic,0.1,75,0.5193194150924683,0.8016838166510758,0.3862929959592456,0.4153908206918302,0.4424916719073937,0.29212634868228915,-0.00873334476622728,0.4571706793971344,-0.014679007489740714,0.4601335631717195,-0.013024091533409832,0.30009471892332296,-0.007968370241033806,0.41731201680845126,0.6304347826086957,0.2357204072307047,0.44107306770578786,0.3114406793351362,0.09994711792702274,0.005288207297726071
ATMOS55__pessimistic__L010,ATMOS55,pessimistic,0.1,100,0.5193194150924683,0.7932647333956969,0.3254520581795135,0.4678126752161834,0.4774066514298364,0.3211985781288184,-0.019001297797867522,0.5189060086342396,-0.04149935720440323,0.4601335631717195,-0.04202880326748171,0.37327994112689433,-0.05208136299807592,0.41731201680845126,0.6304347826086957,0.2357204072307047,0.4444455544311685,0.3075817826774606,0.08249603384452671,0.007932310946589107
ATMOS55__pessimistic__L010,ATMOS55,pessimistic,0.1,125,0.5193194150924683,0.7829747427502338,0.27516546746171194,0.5078092752885219,0.46715368749926567,0.33045867894833064,-0.030071890892585385,0.5143399186307513,-0.04718623113148568,0.4601335631717195,-0.0355057765728774,0.3751967394659054,-0.044738060517574785,0.41731201680845126,0.6304347826086957,0.2357204072307047,0.3961078042345672,0.278523712367428,0.06980433632998413,0.010576414595452142
ATMOS55__pessimistic__L010,ATMOS55,pessimistic,0.1,150,0.5193194150924683,0.7698783910196445,0.23254908880730718,0.5373293022123373,0.49573542221188055,0.37110334365348374,0.008740562900374949,0.5096414009222813,-0.013905978710400724,0.4601335631717195,0.00405909931627485,0.3627405822567549,0.008362761396728868,0.41731201680845126,0.6304347826086957,0.2357204072307047,0.4208154238219794,0.3149958093795142,0.06980433632998413,0.013749338974087784
ATMOS55__pessimistic__L010,ATMOS55,pessimistic,0.1,200,0.5193194150924683,0.637043966323667,0.15953753577995258,0.47750643054371444,0.48156748843567276,0.3724572451246074,0.02588420606788111,0.4510055247369096,0.030561963698763184,0.4601335631717195,0.018785886757399617,0.34201931967265153,0.03043792545195584,0.41731201680845126,0.6304347826086957,0.2357204072307047,0.3671387301657978,0.2850612896155967,0.048651507139079855,0.0222104706504495
ATMOS55__pessimistic__L010,ATMOS55,pessimistic,0.1,250,0.5193194150924683,0.558465855940131,0.12971852070188636,0.4287473352382446,0.4805984624509216,0.3898699176190852,0.0248895319442361,0.4474091808841665,0.0331892815667551,0.4601335631717195,0.026391795537205887,0.35563703281196424,0.034232884807120945,0.41731201680845126,0.6304347826086957,0.2357204072307047,0.35432548792468405,0.29333274745116267,0.03966155473294553,0.033315705975674244
ATMOS55__pessimistic__L010,ATMOS55,pessimistic,0.1,300,0.5193194150924683,0.4087932647333957,0.11746135633619749,0.29133190839719825,0.44982103930841205,0.3707560718884857,0.013952851398253585,0.436701016810275,0.01312002249813704,0.4601335631717195,0.015009650986062273,0.3557085929644257,0.015047478924059998,0.41731201680845126,0.6304347826086957,0.2357204072307047,0.30380438640068413,0.26000389441872057,0.03966155473294553,0.044420941300899
ATMOS55__pessimistic__L010,ATMOS55,pessimistic,0.1,400,0.5193194150924683,0.2422825070159027,0.10255318602489472,0.139729320991008,0.32063544793634274,0.24925563607648477,-0.09047718398707832,0.36721526370687324,-0.0465798157705305,0.4601335631717195,-0.09279346276012607,0.2951514840946607,-0.04589584801817592,0.41731201680845126,0.6304347826086957,0.2357204072307047,0.07167759091396995,0.037888311228126755,0.03966155473294553,0.08038075092543628
ATMOS55__pessimistic__L025,ATMOS55,pessimistic,0.25,25,0.5193194150924683,0.8157156220767072,0.5258859044299885,0.2898297176467187,0.351970675072413,0.17653462579006718,-0.003501178812723549,0.34106124008860617,0.01090943498380681,0.5166070400360967,-0.005596572877474948,0.18013524538247452,-0.0036006195924073447,0.47378549367282846,0.6376811594202898,0.31640935977320417,0.3662910224870513,0.21948985184722644,0.25647805393971446,0.0005288207297726071
ATMOS55__pessimistic__L025,ATMOS55,pessimistic,0.25,50,0.5193194150924683,0.8054256314312441,0.46203831313976923,0.3433873182914749,0.3980268093140598,0.22482742653782542,0.025522692276274628,0.39881375163567473,-0.0007869423216149141,0.5166070400360967,0.02584449694869692,0.23302270237408204,-0.008195275836256621,0.47378549367282846,0.6376811594202898,0.31640935977320417,0.4084681215616017,0.25680533086015533,0.24219989423585406,0.0026441036488630354
ATMOS55__pessimistic__L025,ATMOS55,pessimistic,0.25,75,0.5193194150924683,0.8007483629560337,0.3781548195153231,0.4225935434407106,0.4885370038271065,0.32731611064317573,0.03731198715348555,0.5032501244211884,-0.014713120594081919,0.5166070400360967,0.022165670427476747,0.316551989128076,0.010764121515099756,0.47378549367282846,0.6376811594202898,0.31640935977320417,0.5040985742129355,0.36248654546055364,0.08514013749338974,0.004759386567953464
ATMOS55__pessimistic__L025,ATMOS55,pessimistic,0.25,100,0.5193194150924683,0.7951356407857811,0.32621402270104366,0.4689216180847375,0.5158792157891954,0.3545248634650814,0.01947126656149145,0.5480691378340267,-0.03218992204483129,0.5166070400360967,-0.008702517931218734,0.3681285656628289,-0.013603702197747536,0.47378549367282846,0.6376811594202898,0.31640935977320417,0.49927502243653593,0.35702311220822436,0.08249603384452671,0.008461131676361713
ATMOS55__pessimistic__L025,ATMOS55,pessimistic,0.25,125,0.5193194150924683,0.7829747427502338,0.2809367966688891,0.5020379460813447,0.48078571224880284,0.3111930233076484,-0.01643986614304821,0.5555872921357254,-0.0748015798869226,0.5166070400360967,-0.05477143221355962,0.3957695484318247,-0.0845765251241763,0.47378549367282846,0.6376811594202898,0.31640935977320417,0.41833630789859005,0.2579749018596881,0.07033315705975675,0.01110523532522475
ATMOS55__pessimistic__L025,ATMOS55,pessimistic,0.25,150,0.5193194150924683,0.775491113189897,0.23108751287891513,0.5444036003109819,0.5019595380313691,0.361484983060501,0.014964678719863456,0.5397899985260752,-0.037830460494706175,0.5166070400360967,-0.005559261276707916,0.3845288229596849,-0.023043839899183904,0.47378549367282846,0.6376811594202898,0.31640935977320417,0.42768266107231395,0.3108811694870811,0.06663141195134849,0.013220518244315178
ATMOS55__pessimistic__L025,ATMOS55,pessimistic,0.25,200,0.5193194150924683,0.7652011225444341,0.19046013184653598,0.5747409906978981,0.5123518024128438,0.38724454753681264,0.056668520045052184,0.49075697061767004,0.021594831795173797,0.5166070400360967,0.03357318916960489,0.3726507366368551,0.014593810899957538,0.47378549367282846,0.6376811594202898,0.31640935977320417,0.4248301373225268,0.3230430007162563,0.06557377049180328,0.023796932839767318
ATMOS55__pessimistic__L025,ATMOS55,pessimistic,0.25,250,0.5193194150924683,0.6304957904583723,0.13710550524197382,0.4933902852163985,0.47908473609840174,0.3863713981013736,0.02337580559171626,0.46830960016992373,0.010775135928478008,0.5166070400360967,0.022893276019494313,0.37125280775144925,0.015118590349924355,0.47378549367282846,0.6376811594202898,0.31640935977320417,0.3534733937191903,0.29453029192572694,0.04336329984135378,0.033844526705446853
ATMOS55__pessimistic__L025,ATMOS55,pessimistic,0.25,300,0.5193194150924683,0.6230121608980356,0.12910733746027706,0.49390482343775854,0.41684656842961004,0.3310407376246361,-0.019021619480548424,0.470568768835291,-0.05372220040568093,0.5166070400360967,-0.024705683277787327,0.38643557905169357,-0.05539484142705747,0.47378549367282846,0.6376811594202898,0.31640935977320417,0.26359575283367814,0.2108665012880563,0.04336329984135378,0.05076679005817028
ATMOS55__pessimistic__L025,ATMOS55,pessimistic,0.25,400,0.5193194150924683,0.54911131898971,0.1108358620844738,0.43827545690523617,0.414651993171375,0.3344872956225938,0.003539361247953954,0.37826524217302004,0.03638675099835498,0.5166070400360967,-0.007561803214017004,0.30483733988950973,0.0296499557330841,0.47378549367282846,0.6376811594202898,0.31640935977320417,0.2536053230911709,0.20731426499917036,0.04019037546271814,0.0967741935483871
ATMOS55__pessimistic__L050,ATMOS55,pessimistic,0.5,25,0.5193194150924683,0.8203928905519177,0.5246587725638527,0.2957341179880649,0.3303617753704791,0.15267759101513706,-0.025110078514657408,0.3063182435181182,0.02404353185236091,0.5491109328235784,-0.029453607652405067,0.13580108348525863,0.01687650752987843,0.5062893864603102,0.6884057971014492,0.35322534063952826,0.33433557937961916,0.18605899511403656,0.257006874669487,0.0010576414595452142
ATMOS55__pessimistic__L050,ATMOS55,pessimistic,0.5,50,0.5193194150924683,0.8119738072965388,0.4554330027526284,0.3565408045439104,0.3836115228988493,0.20181264073313313,0.011107405861064124,0.42351875376741094,-0.03990723086856163,0.5491109328235784,0.0028297111440046263,0.2013976314308119,0.0004150093023212176,0.5062893864603102,0.6884057971014492,0.35322534063952826,0.38385479179889465,0.22217887334459407,0.24272871496562665,0.0031729243786356425
ATMOS55__pessimistic__L050,ATMOS55,pessimistic,0.5,75,0.5193194150924683,0.7998129092609916,0.36841127227162573,0.43140163698936584,0.47434385526901995,0.2996898137395665,0.023118838595398983,0.4627505564593728,0.011593298809647157,0.5491109328235784,-0.005460626476132491,0.23785175167974007,0.06183806205982642,0.5062893864603102,0.6884057971014492,0.35322534063952826,0.4819144747156321,0.3259309187897159,0.10946589106292967,0.006874669487043892
ATMOS55__pessimistic__L050,ATMOS55,pessimistic,0.5,100,0.5193194150924683,0.7904583723105706,0.3091513636603723,0.48130700865019826,0.4933888920725047,0.29584759393629406,-0.003019057155199234,0.5214362268418059,-0.028047334769301213,0.5491109328235784,-0.06737978746000606,0.33069398435404196,-0.0348463904177479,0.5062893864603102,0.6884057971014492,0.35322534063952826,0.4713536261059741,0.29344394919896727,0.07720782654680064,0.010576414595452142
ATMOS55__pessimistic__L050,ATMOS55,pessimistic,0.5,125,0.5193194150924683,0.7801683816651076,0.2669602857983678,0.5132080958667398,0.4929020077339645,0.3112228692817123,-0.004323570657886577,0.5624710898750349,-0.06956908214107044,0.5491109328235784,-0.054741586239495765,0.3871791096021482,-0.07595624032043591,0.5062893864603102,0.6884057971014492,0.35322534063952826,0.43071884635574675,0.2741314338450747,0.06663141195134849,0.012162876784769964
ATMOS55__pessimistic__L050,ATMOS55,pessimistic,0.5,150,0.5193194150924683,0.774555659494855,0.23305521156691186,0.5415004479279432,0.5236156486793392,0.35791367611859115,0.036620789367833584,0.5743183702323399,-0.05070272155300071,0.5491109328235784,-0.00913056821861774,0.4143965861601747,-0.05648291004158357,0.5062893864603102,0.6884057971014492,0.35322534063952826,0.4622306708263834,0.32825116385975983,0.06345848757271286,0.015864621893178214
ATMOS55__pessimistic__L050,ATMOS55,pessimistic,0.5,200,0.5193194150924683,0.7652011225444341,0.21626663301945132,0.5489344895249828,0.48944498941624853,0.3453482982130153,0.03376170704845688,0.52484020972591,-0.03539522030966141,0.5491109328235784,-0.00832306015419243,0.3931133642200594,-0.047765066007044055,0.5062893864603102,0.6884057971014492,0.35322534063952826,0.4070099683386558,0.2879898337959665,0.06240084611316764,0.02908514013749339
ATMOS55__pessimistic__L050,ATMOS55,pessimistic,0.5,250,0.5193194150924683,0.7605238540692236,0.2031805173940512,0.5573433366751724,0.4952014157586975,0.3600131083855691,0.039492485252012044,0.4996396980638161,-0.004438282305118557,0.5491109328235784,-0.003465013696310193,0.3977036456489505,-0.037690537263381396,0.5062893864603102,0.6884057971014492,0.35322534063952826,0.4108270578653838,0.3029117959522188,0.06240084611316764,0.046536224219989424
ATMOS55__pessimistic__L050,ATMOS55,pessimistic,0.5,300,0.5193194150924683,0.7530402245088869,0.201285902546567,0.5517543219623199,0.4666390442512784,0.3323196466873282,0.030770856341119923,0.4816318823929386,-0.014992838141660192,0.5491109328235784,-0.023426774215095203,0.39707921969816723,-0.06475957301083901,0.5062893864603102,0.6884057971014492,0.35322534063952826,0.37553848255703,0.26906846006206914,0.06240084611316764,0.07667900581702802
ATMOS55__pessimistic__L050,ATMOS55,pessimistic,0.5,400,0.5193194150924683,0.7511693171188026,0.15123672138370395,0.5999325957350987,0.45188887745764966,0.3443914407786556,0.040776245534228595,0.39840224980115974,0.05348662765648993,0.5491109328235784,0.0023423419420447456,0.3312481143512457,0.013143326427409896,0.5062893864603102,0.6884057971014492,0.35322534063952826,0.3330116444303597,0.25360085616794653,0.05288207297726071,0.1274457958751983
ATMOS55__pessimistic__L075,ATMOS55,pessimistic,0.75,25,0.5193194150924683,0.8381665107577175,0.5509468786896164,0.2872196320681011,0.33674770610005594,0.16283261719877593,-0.01872414778508058,0.30960209164118396,0.02714561445887198,0.5883772314810931,-0.0192985814687662,0.15666362511112245,0.00616899208765348,0.5455556851178249,0.7463768115942029,0.3833051705477335,0.3522980809758163,0.20457876396194263,0.3585404547858276,0.0010576414595452142
ATMOS55__pessimistic__L075,ATMOS55,pessimistic,0.75,50,0.5193194150924683,0.8288119738072965,0.3594301243193628,0.46938184948793377,0.5024988698548416,0.270065931520038,0.1299947528170564,0.45731691307849043,0.04518195677635117,0.5883772314810931,0.0710830019309095,0.22481916052286646,0.04524677099717153,0.5455556851178249,0.7463768115942029,0.3833051705477335,0.5086777837811226,0.2965711800307039,0.19143310417768378,0.0026441036488630354
ATMOS55__pessimistic__L075,ATMOS55,pessimistic,0.75,75,0.5193194150924683,0.804490177736202,0.3177168441498637,0.48677333358633834,0.48064552069355815,0.2485853958870405,0.029420504019937177,0.500071408008762,-0.019425887315203894,0.5883772314810931,-0.05656504432865847,0.28217404955770403,-0.03358865367066352,0.5455556851178249,0.7463768115942029,0.3833051705477335,0.4307199428871506,0.2227880937985184,0.19143310417768378,0.007403490216816499
ATMOS55__pessimistic__L075,ATMOS55,pessimistic,0.75,100,0.5193194150924683,0.7951356407857811,0.30171232231581524,0.4934233184699659,0.49136610829593885,0.2691570685479693,-0.005041840931765074,0.5244365593053806,-0.033070451009441726,0.5883772314810931,-0.09407031284833084,0.32048197652520444,-0.05132490797723516,0.5455556851178249,0.7463768115942029,0.3833051705477335,0.4431525152524214,0.2432631175541268,0.17292437863564253,0.01269169751454257
ATMOS55__pessimistic__L075,ATMOS55,pessimistic,0.75,125,0.5193194150924683,0.7904583723105706,0.28519391119392656,0.505264461116644,0.4984267604069638,0.29046619504229376,0.0012011820151127672,0.555860228976623,-0.057433468569659196,0.5883772314810931,-0.07549826047891428,0.3728644783895839,-0.08239828334729016,0.5455556851178249,0.7463768115942029,0.3833051705477335,0.4473488446846456,0.27083146283842735,0.16287678476996298,0.01850872554204125
ATMOS55__pessimistic__L075,ATMOS55,pessimistic,0.75,150,0.5193194150924683,0.7895229186155285,0.28154478713830056,0.5079781314772279,0.5016152253260294,0.295369149728594,0.014620366014523822,0.5720432793893331,-0.07042805406330366,0.5883772314810931,-0.07167509460861488,0.3965164508018963,-0.10114730107330228,0.5455556851178249,0.7463768115942029,0.3833051705477335,0.45072750217453456,0.27540726713927005,0.16287678476996298,0.026441036488630356
ATMOS55__pessimistic__L075,ATMOS55,pessimistic,0.75,200,0.5193194150924683,0.7857811038353602,0.2781369859720947,0.5076441178632655,0.5036279156019052,0.3039952197646532,0.047944633234113576,0.5421954319724499,-0.038567516370544674,0.5883772314810931,-0.04967613860255454,0.41672508120412116,-0.11272986143946795,0.5455556851178249,0.7463768115942029,0.3833051705477335,0.45385833746827586,0.28833079741615464,0.16287678476996298,0.05288207297726071
ATMOS55__pessimistic__L075,ATMOS55,pessimistic,0.75,250,0.5193194150924683,0.7829747427502338,0.2765279373681047,0.5064468053821292,0.5006215028287857,0.30405601810157423,0.04491257232210022,0.4949667868557442,0.005654715973041513,0.5883772314810931,-0.05942210398030506,0.3938918660331871,-0.08983584793161287,0.5455556851178249,0.7463768115942029,0.3833051705477335,0.4553355386826854,0.29464066817466333,0.16287678476996298,0.09465891062929667
ATMOS55__pessimistic__L075,ATMOS55,pessimistic,0.75,300,0.5193194150924683,0.7820392890551918,0.23002058250443938,0.5520187065507525,0.5432126286963632,0.3762530571030259,0.10734444078620475,0.48268677757743483,0.06052585111892839,0.5883772314810931,0.0205066362006025,0.4030230979504572,-0.026770040847431287,0.5455556851178249,0.7463768115942029,0.3833051705477335,0.49612070464099295,0.3602738051327719,0.15230037017451084,0.10576414595452142
ATMOS55__pessimistic__L075,ATMOS55,pessimistic,0.75,400,0.5193194150924683,0.775491113189897,0.20590773711444038,0.5695833760754567,0.45685143227500224,0.3094106419328302,0.04573880035158118,0.4238035911343687,0.03304784114063353,0.5883772314810931,-0.032638456903780644,0.3574525936310444,-0.048041951698214236,0.5455556851178249,0.7463768115942029,0.3833051705477335,0.41942639098373563,0.3064765998856926,0.07720782654680064,0.15124272871496564
ATMOS55__pessimistic__L100,ATMOS55,pessimistic,1.0,25,0.5193194150924683,0.9438727782974743,0.6422112132584572,0.3016615650390171,0.24440793922460427,0.1395300584696105,-0.11106391466053225,0.3783981928389957,-0.1339902536143914,0.6199622627384749,-0.042601140197931625,0.13808489850176722,0.0014451599678432792,0.5771407163752067,0.7608695652173914,0.40657622951673295,0.1717658314918409,0.08598513956959526,0.9196192490745637,0.012162876784769964
ATMOS55__pessimistic__L100,ATMOS55,pessimistic,1.0,50,0.5193194150924683,0.8980355472404116,0.6337237033856733,0.26431184385473827,0.2347495479451993,0.12783887846592226,-0.13775456909258588,0.4383543494562461,-0.20360480151104676,0.6199622627384749,-0.07114405112320624,0.1931941498024025,-0.06535527133648023,0.5771407163752067,0.7608695652173914,0.40657622951673295,0.17549001239891374,0.08794401135234059,0.9196192490745637,0.02538339502908514
ATMOS55__pessimistic__L100,ATMOS55,pessimistic,1.0,75,0.5193194150924683,0.833489242282507,0.6273727707430289,0.2061164715394781,0.21947305444569906,0.1120459475402239,-0.2317519622279219,0.45564985997327934,-0.23617680552758027,0.6199622627384749,-0.19310449267547508,0.22617888021161103,-0.11413293267138713,0.5771407163752067,0.7608695652173914,0.40657622951673295,0.1813731909616414,0.09364576737296572,0.9196192490745637,0.03860391327340032
ATMOS55__pessimistic__L100,ATMOS55,pessimistic,1.0,100,0.5193194150924683,0.8054256314312441,0.6237638483208553,0.18166178311038883,0.21366637235552843,0.1064556804497791,-0.2827415768721755,0.5081097020656945,-0.29444332971016607,0.6199622627384749,-0.256771700946521,0.3029578290929555,-0.1965021486431764,0.5771407163752067,0.7608695652173914,0.40657622951673295,0.18475564690920443,0.09761322994765671,0.9196192490745637,0.05182443151771549
ATMOS55__pessimistic__L100,ATMOS55,pessimistic,1.0,125,0.5193194150924683,0.7988774555659495,0.6220084379542405,0.17686901761170892,0.20957452820663425,0.10223689840944061,-0.2876510501852168,0.5438740587792048,-0.33429953057257056,0.6199622627384749,-0.26372755711176743,0.3525713320018364,-0.25033443359239577,0.5771407163752067,0.7608695652173914,0.40657622951673295,0.18639290634146496,0.09918150862377388,0.9196192490745637,0.06504494976203067
ATMOS55__pessimistic__L100,ATMOS55,pessimistic,1.0,150,0.5193194150924683,0.7988774555659495,0.621012295679624,0.17786515988632545,0.21053185508840896,0.10294595664819178,-0.27646300422309666,0.5582951860097414,-0.3477633309213324,0.6199622627384749,-0.2640982876890171,0.3924622473397753,-0.2895162906915835,0.5771407163752067,0.7608695652173914,0.40657622951673295,0.1873228909264333,0.09987626014357352,0.9196192490745637,0.07826546800634585
ATMOS55__pessimistic__L100,ATMOS55,pessimistic,1.0,200,0.5193194150924683,0.7857811038353602,0.34558891128978575,0.4401921925455744,0.43508167230762396,0.21893634801020334,-0.020601610060167697,0.5312656241115343,-0.09618395180391037,0.6199622627384749,-0.13473501035700441,0.4012104298006792,-0.18227408179047588,0.5771407163752067,0.7608695652173914,0.40657622951673295,0.3937815648819998,0.21579969148470599,0.4865150713907985,0.09254362771020624
ATMOS55__pessimistic__L100,ATMOS55,pessimistic,1.0,250,0.5193194150924683,0.7801683816651076,0.30872645988492575,0.47144192178018185,0.3975397232115575,0.19649502261967217,-0.05816920729512798,0.5221594795716555,-0.12461975636009803,0.6199622627384749,-0.16698309946220713,0.4152973625398076,-0.21880233992013542,0.5771407163752067,0.7608695652173914,0.40657622951673295,0.40474908484743666,0.24149336575277178,0.23056583818085669,0.10206240084611316
ATMOS55__pessimistic__L100,ATMOS55,pessimistic,1.0,300,0.5193194150924683,0.7792329279700655,0.2805966057540198,0.4986363222160457,0.36771856714218726,0.1657101797380613,-0.06814962076797121,0.4586242477666093,-0.09090568062442206,0.6199622627384749,-0.19003624116436213,0.3728189826918394,-0.2071088029537781,0.5771407163752067,0.7608695652173914,0.40657622951673295,0.35121686565002674,0.17964485207063877,0.2168164992067689,0.11845584346906399
ATMOS55__pessimistic__L100,ATMOS55,pessimistic,1.0,400,0.5193194150924683,0.774555659494855,0.22949381461798277,0.5450618448768723,0.35210226854584475,0.18218067446390987,-0.059010363377576314,0.438964533345597,-0.08686226479975223,0.6199622627384749,-0.15986842437270096,0.3717768289362879,-0.18959615447237801,0.5771407163752067,0.7608695652173914,0.40657622951673295,0.39117149281691893,0.2537978050570941,0.18032786885245902,0.16604970914859862
THERM55__reported__L010,THERM55,reported,0.1,25,0.48723337054252625,0.8241347053320861,0.5477585526133792,0.27637615271870686,0.3478833840058001,0.1897858159313492,-0.007588469879336424,0.33653781410078343,0.011345569905016673,0.03789057668201801,0.007654617263807062,0.17630480120393544,0.013481014727413754,-0.004930969681250216,0.007246376811594203,0.0036231884057971015,0.36814893130043275,0.23663972179135065,0.254362771020624,0.0010576414595452142
THERM55__reported__L010,THERM55,reported,0.1,50,0.48723337054252625,0.8016838166510758,0.47508524380322664,0.32659857284784916,0.3796292874869993,0.21111675288383094,0.007125170449214124,0.39617312585854697,-0.01654383837154766,0.03789057668201801,0.012133823294702445,0.2329076840078802,-0.021790931124049256,-0.004930969681250216,0.007246376811594203,0.0036231884057971015,0.3932927944460934,0.2518427604093876,0.24325753569539926,0.0026441036488630354
THERM55__reported__L010,THERM55,reported,0.1,75,0.48723337054252625,0.7932647333956969,0.38202969581231366,0.41123503758338326,0.46009596364742805,0.30544703142998186,0.008870946973807081,0.4571706793971344,0.002925284250293647,0.03789057668201801,0.00029659121428288193,0.30009471892332296,0.005352312506658907,-0.004930969681250216,0.007246376811594203,0.0036231884057971015,0.47081610410134433,0.3352499551783383,0.08302485457429931,0.005288207297726071
THERM55__reported__L010,THERM55,reported,0.1,100,0.48723337054252625,0.7932647333956969,0.3032377583297973,0.4900269750658996,0.5370910479968082,0.38572362209364347,0.04068309876910425,0.5189060086342396,0.018185039362568545,0.03789057668201801,0.02249624069734335,0.37327994112689433,0.012443680966749138,-0.004930969681250216,0.007246376811594203,0.0036231884057971015,0.5460410693317458,0.4100488794655914,0.07086197778952935,0.007403490216816499
THERM55__reported__L010,THERM55,reported,0.1,125,0.48723337054252625,0.7801683816651076,0.27049793542185907,0.5096704462432485,0.5137149136936138,0.38114411993849223,0.01648933530176272,0.5143399186307513,-0.0006250049371375743,0.03789057668201801,0.015179664417284189,0.3751967394659054,0.005947380472586805,-0.004930969681250216,0.007246376811594203,0.0036231884057971015,0.47657034605520904,0.36544390553508316,0.06927551560021153,0.011634056054997356
THERM55__reported__L010,THERM55,reported,0.1,150,0.48723337054252625,0.7661365762394762,0.24570654444134696,0.5204300317981292,0.47444694405038523,0.34545229291316637,-0.012547915261120368,0.5096414009222813,-0.03519445687189604,0.03789057668201801,-0.02159195142404252,0.3627405822567549,-0.017288289343588503,-0.004930969681250216,0.007246376811594203,0.0036231884057971015,0.3985454131256503,0.29410698483974557,0.06927551560021153,0.015864621893178214
THERM55__reported__L010,THERM55,reported,0.1,200,0.48723337054252625,0.5565949485500468,0.1683371492857214,0.38825779926432535,0.46060918641290544,0.35647865821816416,0.0049259040451137825,0.4510055247369096,0.009603661675995856,0.03789057668201801,0.0028072998509564018,0.34201931967265153,0.014459338545512623,-0.004930969681250216,0.007246376811594203,0.0036231884057971015,0.3438100935317716,0.26634216137421973,0.04177683765203596,0.02168164992067689
THERM55__reported__L010,THERM55,reported,0.1,250,0.48723337054252625,0.5191768007483629,0.13336279226102177,0.38581400848734115,0.46254020600363394,0.3711847070237631,0.006831275496948452,0.4474091808841665,0.015131025119467456,0.03789057668201801,0.0077065849418838095,0.35563703281196424,0.015547674211798868,-0.004930969681250216,0.007246376811594203,0.0036231884057971015,0.33018679349454255,0.2713126553947196,0.040719196192490745,0.03172924378635643
THERM55__reported__L010,THERM55,reported,0.1,300,0.48723337054252625,0.41440598690364827,0.12124654480654377,0.2931594420971045,0.4442906078221773,0.3647666903445179,0.008422419912018808,0.436701016810275,0.007589591011902264,0.03789057668201801,0.009020269442094497,0.3557085929644257,0.009058097380092223,-0.004930969681250216,0.007246376811594203,0.0036231884057971015,0.29790593350978484,0.2498611791155908,0.040719196192490745,0.04389212057112639
THERM55__reported__L010,THERM55,reported,0.1,400,0.48723337054252625,0.21141253507951357,0.09838858963809696,0.11302394544141661,0.41717569840949525,0.34975697788875365,0.006063066486074187,0.36721526370687324,0.049960434702622014,0.03789057668201801,0.007707879052142819,0.2951514840946607,0.05460549379409296,-0.004930969681250216,0.007246376811594203,0.0036231884057971015,0.2482448366387021,0.21786539177381994,0.033844526705446853,0.0745637228979376
THERM55__reported__L025,THERM55,reported,0.25,25,0.48723337054252625,0.8203928905519177,0.5407663957503703,0.27962649480154733,0.3535761243585098,0.19520782825262756,-0.0018957295266266994,0.34106124008860617,0.012514884269903659,0.039557770502117146,0.01307662958508543,0.18013524538247452,0.015072582870153034,-0.0032637758611510775,0.007246376811594203,0.0036231884057971015,0.375086244613866,0.24390599713867686,0.25594923320994184,0.0005288207297726071
THERM55__reported__L025,THERM55,reported,0.25,50,0.48723337054252625,0.8007483629560337,0.43823174671585974,0.36251661624017395,0.46056259248963893,0.298582171121411,0.08805847545185375,0.39881375163567473,0.061748840853964204,0.039557770502117146,0.0995992415322825,0.23302270237408204,0.06555946874732896,-0.0032637758611510775,0.007246376811594203,0.0036231884057971015,0.4942201588403261,0.3619669314343879,0.16181914331041777,0.0021152829190904283
THERM55__reported__L025,THERM55,reported,0.25,75,0.48723337054252625,0.7951356407857811,0.36553081760887257,0.42960482317690857,0.5151475403193642,0.3692838898787251,0.06392252364574319,0.5032501244211884,0.011897415898175723,0.039557770502117146,0.06413344966302614,0.316551989128076,0.05273190075064915,-0.0032637758611510775,0.007246376811594203,0.0036231884057971015,0.5416863077216459,0.4136214592971023,0.08302485457429931,0.004230565838180857
THERM55__reported__L025,THERM55,reported,0.25,100,0.48723337054252625,0.7857811038353602,0.2977480597329372,0.48803304410242293,0.5318622722461495,0.3757776684830234,0.03545432301844553,0.5480691378340267,-0.016206865587877206,0.039557770502117146,0.012550287086723289,0.3681285656628289,0.007649102820194487,-0.0032637758611510775,0.007246376811594203,0.0036231884057971015,0.5140325404698469,0.3762666660400711,0.07086197778952935,0.006874669487043892
THERM55__reported__L025,THERM55,reported,0.25,125,0.48723337054252625,0.7829747427502338,0.2588352111807666,0.5241395315694672,0.5298322073284839,0.37133250209879465,0.03260662893663285,0.5555872921357254,-0.025755084807241535,0.039557770502117146,0.005368046577586605,0.3957695484318247,-0.024437046333030066,-0.0032637758611510775,0.007246376811594203,0.0036231884057971015,0.4948015851285557,0.35121309891694436,0.06927551560021153,0.011634056054997356
THERM55__reported__L025,THERM55,reported,0.25,150,0.48723337054252625,0.774555659494855,0.23860418870626282,0.5359514707885922,0.527982734319675,0.38806045768051955,0.04098787500816942,0.5397899985260752,-0.011807264206400214,0.039557770502117146,0.021016213343310663,0.3845288229596849,0.0035316347208346754,-0.0032637758611510775,0.007246376811594203,0.0036231884057971015,0.48387442304186234,0.36585787276418275,0.06927551560021153,0.015335801163405606
THERM55__reported__L025,THERM55,reported,0.25,200,0.48723337054252625,0.5537885874649204,0.1621861169907932,0.3916024704741272,0.46612309762463905,0.36448572476418273,0.010439815256847396,0.49075697061767004,-0.024633872993030992,0.039557770502117146,0.010814366396974973,0.3726507366368551,-0.008165011872672379,-0.0032637758611510775,0.007246376811594203,0.0036231884057971015,0.34755634296795335,0.2763472480760352,0.04177683765203596,0.021152829190904283
THERM55__reported__L025,THERM55,reported,0.25,250,0.48723337054252625,0.5481758652946679,0.13075991951927318,0.4174159457753947,0.47461976744528395,0.38135556301037016,0.018910836938598463,0.46830960016992373,0.006310167275360212,0.039557770502117146,0.017877440928490862,0.37125280775144925,0.010102755258920904,-0.0032637758611510775,0.007246376811594203,0.0036231884057971015,0.3472544139973531,0.2871160774344265,0.040719196192490745,0.03278688524590164
THERM55__reported__L025,THERM55,reported,0.25,300,0.48723337054252625,0.4583723105706268,0.1147630254316427,0.3436092851389841,0.46654406537097837,0.38583564040524754,0.0306758774608199,0.470568768835291,-0.004024703464312607,0.039557770502117146,0.030089219502824116,0.38643557905169357,-0.0005999386464460299,-0.0032637758611510775,0.007246376811594203,0.0036231884057971015,0.32772427144088273,0.27927137178301853,0.040719196192490745,0.04230565838180857
THERM55__reported__L025,THERM55,reported,0.25,400,0.48723337054252625,0.245088868101029,0.09583304185528926,0.14925582624573974,0.43812479822848227,0.3693685525526951,0.027012166305061203,0.37826524217302004,0.059859556055462226,0.039557770502117146,0.02731945371608424,0.30483733988950973,0.06453121266318534,-0.0032637758611510775,0.007246376811594203,0.0036231884057971015,0.27767154302177194,0.24540822090095094,0.035430988894764676,0.07086197778952935
THERM55__reported__L050,THERM55,reported,0.5,25,0.48723337054252625,0.8400374181478016,0.5315813749080189,0.3084560432397827,0.4002142696113775,0.24198562780719282,0.04474241572624099,0.3063182435181182,0.09389602609325931,0.04014615882862281,0.059854429139650694,0.13580108348525863,0.1061845443219342,-0.0026753875346454126,0.007246376811594203,0.0036231884057971015,0.43958137431291217,0.3089211169534663,0.24484399788471709,0.0010576414595452142
THERM55__reported__L050,THERM55,reported,0.5,50,0.48723337054252625,0.8175865294667914,0.4290687874592075,0.38851774200758393,0.4874591836683987,0.32126929222650485,0.1149550666306135,0.42351875376741094,0.06394042990098775,0.04014615882862281,0.12228636263737636,0.2013976314308119,0.11987166079569295,-0.0026753875346454126,0.007246376811594203,0.0036231884057971015,0.5297073927548998,0.3884403423637381,0.14754098360655737,0.0015864621893178213
THERM55__reported__L050,THERM55,reported,0.5,75,0.48723337054252625,0.8091674462114126,0.33175897951434075,0.4774084666970718,0.5417848716873496,0.3503914309191552,0.0905598550137286,0.4627505564593728,0.07903431522797677,0.04014615882862281,0.04524099070345622,0.23785175167974007,0.11253967923941513,-0.0026753875346454126,0.007246376811594203,0.0036231884057971015,0.5434461622241843,0.37492464852334356,0.07086197778952935,0.0037017451084082496
THERM55__reported__L050,THERM55,reported,0.5,100,0.48723337054252625,0.784845650140318,0.2691009290312695,0.5157447211090486,0.5589274017483679,0.37981474806355875,0.06251945252066393,0.5214362268418059,0.03749117490656195,0.04014615882862281,0.01658736666725863,0.33069398435404196,0.04912076370951679,-0.0026753875346454126,0.007246376811594203,0.0036231884057971015,0.5404183212737649,0.3829017180665432,0.07086197778952935,0.006345848757271285
THERM55__reported__L050,THERM55,reported,0.5,125,0.48723337054252625,0.7829747427502338,0.24256772307503133,0.5404070196752024,0.5452974739110694,0.39001676160378385,0.048071895519218366,0.5624710898750349,-0.017173615963965494,0.04014615882862281,0.024052306082575803,0.3871791096021482,0.00283765200163566,-0.0026753875346454126,0.007246376811594203,0.0036231884057971015,0.5096652289900023,0.38036002141838415,0.06927551560021153,0.008989952406134321
THERM55__reported__L050,THERM55,reported,0.5,150,0.48723337054252625,0.7829747427502338,0.22962301828829584,0.5533517244619379,0.5577324499339686,0.4107964814606688,0.07073759062246304,0.5743183702323399,-0.01658592029837125,0.04014615882862281,0.043752237123459936,0.4143965861601747,-0.0036001046995058905,-0.0026753875346454126,0.007246376811594203,0.0036231884057971015,0.5216897996317765,0.39928898958751463,0.06874669487043893,0.01639344262295082
THERM55__reported__L050,THERM55,reported,0.5,200,0.48723337054252625,0.637043966323667,0.15727199958772345,0.4797719667359436,0.4948129441747058,0.39178437056830956,0.03912966180691413,0.52484020972591,-0.030027265551204163,0.04014615882862281,0.038113012201101804,0.3931133642200594,-0.0013289936517498213,-0.0026753875346454126,0.007246376811594203,0.0036231884057971015,0.40307615038626143,0.33024996940909274,0.04336329984135378,0.023796932839767318
THERM55__reported__L050,THERM55,reported,0.5,250,0.48723337054252625,0.6333021515434986,0.13511381574183448,0.4981883358016641,0.5111666662328906,0.4170308369788217,0.05545773572620516,0.4996396980638161,0.011526968169074558,0.04014615882862281,0.05355271489694241,0.3977036456489505,0.019327191329871207,-0.0026753875346454126,0.007246376811594203,0.0036231884057971015,0.4179199472450148,0.35754509187087175,0.04019037546271814,0.03120042305658382
THERM55__reported__L050,THERM55,reported,0.5,300,0.48723337054252625,0.5622076707202993,0.11769742260666488,0.44451024811363443,0.48520783228569836,0.40084600347878174,0.04933964437553989,0.4816318823929386,0.0035759498927597777,0.04014615882862281,0.04509958257635832,0.39707921969816723,0.0037667837806145132,-0.0026753875346454126,0.007246376811594203,0.0036231884057971015,0.3716031609491783,0.32243181071088894,0.04019037546271814,0.044420941300899
THERM55__reported__L050,THERM55,reported,0.5,400,0.48723337054252625,0.46585594013096354,0.08636805006711254,0.379487890063851,0.4507472592911865,0.37977893185412853,0.03963462736776541,0.39840224980115974,0.05234500949002674,0.04014615882862281,0.0377298330175177,0.3312481143512457,0.04853081750288285,-0.0026753875346454126,0.007246376811594203,0.0036231884057971015,0.29716431749253713,0.25525257225908393,0.030671602326811213,0.07244843997884717
THERM55__reported__L075,THERM55,reported,0.75,25,0.48723337054252625,0.8391019644527596,0.5372453932485289,0.3018565712042307,0.37598576510705767,0.2203993412907082,0.020513911221921144,0.30960209164118396,0.0663836734658737,0.040497786136735624,0.03826814262316608,0.15666362511112245,0.06373571617958576,-0.0023237602265325993,0.007246376811594203,0.0036231884057971015,0.4058149474109663,0.2791863461773661,0.24484399788471709,0.0010576414595452142
THERM55__reported__L075,THERM55,reported,0.75,50,0.48723337054252625,0.8185219831618334,0.38215110485904114,0.4363708783027923,0.5325815268534155,0.32392114577969594,0.16007740981563034,0.45731691307849043,0.0752646137749251,0.040497786136735624,0.12493821619056744,0.22481916052286646,0.09910198525682948,-0.0023237602265325993,0.007246376811594203,0.0036231884057971015,0.5729192682321758,0.3991966591725388,0.1427815970386039,0.0031729243786356425
THERM55__reported__L075,THERM55,reported,0.75,75,0.48723337054252625,0.8129092609915809,0.30963269660758425,0.5032765643839967,0.5865111953802513,0.3995781834344477,0.13528617870663034,0.500071408008762,0.08643978737148927,0.040497786136735624,0.0944277432187487,0.28217404955770403,0.11740413387674364,-0.0023237602265325993,0.007246376811594203,0.0036231884057971015,0.6194921465652367,0.4704539087784238,0.07086197778952935,0.004759386567953464
THERM55__reported__L075,THERM55,reported,0.75,100,0.48723337054252625,0.80355472404116,0.26884390292991633,0.5347108211112437,0.5765516732744754,0.4097131928211311,0.0801437240467715,0.5244365593053806,0.05211511396909485,0.040497786136735624,0.04648581142483099,0.32048197652520444,0.08923121629592667,-0.0023237602265325993,0.007246376811594203,0.0036231884057971015,0.5656124599461549,0.43005896778634495,0.07086197778952935,0.007403490216816499
THERM55__reported__L075,THERM55,reported,0.75,125,0.48723337054252625,0.7829747427502338,0.23992803255835954,0.5430467101918743,0.5477761059906959,0.3933025303364128,0.050550527598844874,0.555860228976623,-0.008084122985927089,0.040497786136735624,0.027338074815204783,0.3728644783895839,0.020438051946828906,-0.0023237602265325993,0.007246376811594203,0.0036231884057971015,0.5120295096286621,0.38306854557694514,0.06663141195134849,0.010047593865679535
THERM55__reported__L075,THERM55,reported,0.75,150,0.48723337054252625,0.7829747427502338,0.22305010258752178,0.559924640162712,0.5639809703851231,0.4216568863656762,0.07698611107361747,0.5720432793893331,-0.008062309004210011,0.040497786136735624,0.05461264202846733,0.3965164508018963,0.025140435563779928,-0.0023237602265325993,0.007246376811594203,0.0036231884057971015,0.5276945674452084,0.4148292779828262,0.06663141195134849,0.013749338974087784
THERM55__reported__L075,THERM55,reported,0.75,200,0.48723337054252625,0.7708138447146866,0.1769665016139467,0.5938473431007399,0.5633045063942612,0.4504712733716739,0.10762122402646956,0.5421954319724499,0.021109074421811314,0.040497786136735624,0.09679991500446616,0.41672508120412116,0.03374619216755276,-0.0023237602265325993,0.007246376811594203,0.0036231884057971015,0.5072437201694577,0.4284625862362665,0.04177683765203596,0.024854574299312534
THERM55__reported__L075,THERM55,reported,0.75,250,0.48723337054252625,0.7137511693171188,0.13743597170963556,0.5763151976074832,0.5450834042700979,0.4491606205505257,0.08937447376341245,0.4949667868557442,0.05011661741435375,0.040497786136735624,0.0856824984686464,0.3938918660331871,0.05526875451733859,-0.0023237602265325993,0.007246376811594203,0.0036231884057971015,0.4629854812841469,0.3997870276341727,0.04019037546271814,0.035430988894764676
THERM55__reported__L075,THERM55,reported,0.75,300,0.48723337054252625,0.5547240411599625,0.1106002952553812,0.44412374590458137,0.5010311389066489,0.41301699305249284,0.06516295099649039,0.48268677757743483,0.01834436132921402,0.040497786136735624,0.05727057215006942,0.4030230979504572,0.009993895102035633,-0.0023237602265325993,0.007246376811594203,0.0036231884057971015,0.36729571518041587,0.3100664600309273,0.035430988894764676,0.04389212057112639
THERM55__reported__L075,THERM55,reported,0.75,400,0.48723337054252625,0.4536950420954163,0.0844277267505363,0.36926731534488,0.4066080980567333,0.3374752496803418,-0.004504533866687754,0.4238035911343687,-0.017195493077635404,0.040497786136735624,-0.0045738491562690164,0.3574525936310444,-0.01997734395070261,-0.0023237602265325993,0.007246376811594203,0.0036231884057971015,0.28159993513887743,0.2371613767991391,0.030671602326811213,0.07033315705975675
THERM55__reported__L100,THERM55,reported,1.0,25,0.48723337054252625,0.8372310570626754,0.538307081230541,0.29892397583213437,0.37510711858025386,0.22216706160884764,0.019635264695117338,0.3783981928389957,-0.0032910742587418107,0.04080538230245812,0.04003586294130551,0.13808489850176722,0.08408216310708042,-0.002016164060810101,0.007246376811594203,0.0036231884057971015,0.4059304653717184,0.2851929539070154,0.24484399788471709,0.0010576414595452142
THERM55__reported__L100,THERM55,reported,1.0,50,0.48723337054252625,0.8241347053320861,0.3740547340449905,0.4500799712870956,0.5415444735804344,0.33671467668543203,0.16904035654264926,0.4383543494562461,0.10319012412418838,0.04080538230245812,0.13773174709630354,0.1931941498024025,0.14352052688302955,-0.002016164060810101,0.007246376811594203,0.0036231884057971015,0.5793207426630133,0.4188160179091082,0.13537810682178741,0.0037017451084082496
THERM55__reported__L100,THERM55,reported,1.0,75,0.48723337054252625,0.8166510757717493,0.3076003301527429,0.5090507456190064,0.6078705156446549,0.4218616848390163,0.15664549897103391,0.45564985997327934,0.15222065567137555,0.04080538230245812,0.11671124462331733,0.22617888021161103,0.19568280462740528,-0.002016164060810101,0.007246376811594203,0.0036231884057971015,0.6488405695225269,0.5038628865537976,0.07086197778952935,0.004759386567953464
THERM55__reported__L100,THERM55,reported,1.0,100,0.48723337054252625,0.8110383536014967,0.26896809317611475,0.542070260425382,0.5867827036337843,0.41938693432831686,0.09037475440608034,0.5081097020656945,0.07867300156808976,0.04080538230245812,0.05615955293201674,0.3029578290929555,0.11642910523536137,-0.002016164060810101,0.007246376811594203,0.0036231884057971015,0.6023706888216209,0.46520069579691087,0.07086197778952935,0.006874669487043892
THERM55__reported__L100,THERM55,reported,1.0,125,0.48723337054252625,0.8016838166510758,0.2479993916154067,0.5536844250356691,0.5576370323908554,0.40220370904590874,0.06041145399900433,0.5438740587792048,0.013762973611650575,0.04080538230245812,0.0362392535247007,0.3525713320018364,0.04963237704407236,-0.002016164060810101,0.007246376811594203,0.0036231884057971015,0.5520701001613926,0.42248695399058517,0.07086197778952935,0.010576414595452142
THERM55__reported__L100,THERM55,reported,1.0,150,0.48723337054252625,0.7829747427502338,0.1998972863589499,0.5830774563912839,0.5860989473820389,0.45205632989487304,0.09910408807053334,0.5582951860097414,0.027803761372297564,0.04080538230245812,0.08501208555766415,0.3924622473397753,0.05959408255509774,-0.002016164060810101,0.007246376811594203,0.0036231884057971015,0.5712338200406226,0.4672896820363077,0.04283447911158118,0.013220518244315178
THERM55__reported__L100,THERM55,reported,1.0,200,0.48723337054252625,0.7801683816651076,0.1770607025068705,0.603107679158237,0.5867455916662633,0.47100687567668503,0.13106230929847162,0.5312656241115343,0.05547996755472895,0.04080538230245812,0.11733551730947728,0.4012104298006792,0.06979644587600581,-0.002016164060810101,0.007246376811594203,0.0036231884057971015,0.5627151149129977,0.4797324302724834,0.04283447911158118,0.02538339502908514
THERM55__reported__L100,THERM55,reported,1.0,250,0.48723337054252625,0.7558465855940131,0.13019727360399144,0.6256493119900216,0.5793166025658486,0.47917293152363954,0.12360767205916312,0.5221594795716555,0.057157122994193066,0.04080538230245812,0.11569480944176025,0.4152973625398076,0.06387556898383195,-0.002016164060810101,0.007246376811594203,0.0036231884057971015,0.5143410139908271,0.44507827072519746,0.035430988894764676,0.035959809624537285
THERM55__reported__L100,THERM55,reported,1.0,300,0.48723337054252625,0.5940130963517306,0.1093241378538262,0.4846889584979044,0.5226137576811465,0.433810679234126,0.08674556977098802,0.4586242477666093,0.06398950991453717,0.04080538230245812,0.07806425833170255,0.3728189826918394,0.06099169654228659,-0.002016164060810101,0.007246376811594203,0.0036231884057971015,0.42619256453865884,0.36272521290565773,0.035430988894764676,0.0449497620306716
THERM55__reported__L100,THERM55,reported,1.0,400,0.48723337054252625,0.4677268475210477,0.0888296017751881,0.3788972457458596,0.43984143857883407,0.3651504480235435,0.028728806655412997,0.438964533345597,0.0008769052332370797,0.04080538230245812,0.023101349186932685,0.3717768289362879,-0.006626380912744367,-0.002016164060810101,0.007246376811594203,0.0036231884057971015,0.32520426115013473,0.27566349034409077,0.030671602326811213,0.07033315705975675
THERM55__optimistic__L010,THERM55,optimistic,0.1,25,0.48723337054252625,0.8185219831618334,0.5351888873074243,0.28333309585440913,0.3593118985863452,0.201995423928818,0.003840044701208689,0.33653781410078343,0.022774084485561785,0.03472462265444323,0.019864225261275875,0.17630480120393544,0.025690622724882567,-0.00809692370882499,0.007246376811594203,0.0036231884057971015,0.38184574370205276,0.2519256647947989,0.2554204124801692,0.0010576414595452142
THERM55__optimistic__L010,THERM55,optimistic,0.1,50,0.48723337054252625,0.8016838166510758,0.4738713201507656,0.3278124965003102,0.380739502884963,0.2139912918310907,0.008235385847177812,0.39617312585854697,-0.015433622973583971,0.03472462265444323,0.015008362241962198,0.2329076840078802,-0.018916392176789504,-0.00809692370882499,0.007246376811594203,0.0036231884057971015,0.3943312625845062,0.25495060517377843,0.24431517715494447,0.0026441036488630354
THERM55__optimistic__L010,THERM55,optimistic,0.1,75,0.48723337054252625,0.7932647333956969,0.38355096458027965,0.40971376881541727,0.4586201348409217,0.30522324170655224,0.007395118167300707,0.4571706793971344,0.001449455443787273,0.03472462265444323,7.280149085325816e-05,0.30009471892332296,0.0051285227832292835,-0.00809692370882499,0.007246376811594203,0.0036231884057971015,0.46938084080116155,0.33575103238244,0.08355367530407191,0.005288207297726071
THERM55__optimistic__L010,THERM55,optimistic,0.1,100,0.48723337054252625,0.7857811038353602,0.33064661763482833,0.4551344862005318,0.5001241654216888,0.3565600516792511,0.003716216193984878,0.5189060086342396,-0.01878184321255083,0.03472462265444323,-0.006667329717049031,0.37327994112689433,-0.016719889447643244,-0.00809692370882499,0.007246376811594203,0.0036231884057971015,0.505490159076824,0.3762369450977456,0.08355367530407191,0.008461131676361713
THERM55__optimistic__L010,THERM55,optimistic,0.1,125,0.48723337054252625,0.7801683816651076,0.2771731793672971,0.5029952022978106,0.5073406700729776,0.3709284694947099,0.010115091681126509,0.5143399186307513,-0.006999248557773785,0.03472462265444323,0.0049640139735018796,0.3751967394659054,-0.004268269971195504,-0.00809692370882499,0.007246376811594203,0.0036231884057971015,0.4704284388043258,0.3487443264195249,0.06927551560021153,0.010047593865679535
THERM55__optimistic__L010,THERM55,optimistic,0.1,150,0.48723337054252625,0.7652011225444341,0.2495535865849865,0.5156475359594476,0.4704204470353173,0.3509759513439628,-0.016574412276188277,0.5096414009222813,-0.03922095388696395,0.03472462265444323,-0.01606829299324608,0.3627405822567549,-0.011764630912792062,-0.00809692370882499,0.007246376811594203,0.0036231884057971015,0.39493848584865554,0.29198552586662047,0.06874669487043893,0.015864621893178214
THERM55__optimistic__L010,THERM55,optimistic,0.1,200,0.48723337054252625,0.5958840037418148,0.169709573095007,0.4261744306468078,0.4657886208479164,0.3649496341070375,0.010105338480124737,0.4510055247369096,0.01478309611100681,0.03472462265444323,0.011278275739829757,0.34201931967265153,0.02293031443438598,-0.00809692370882499,0.007246376811594203,0.0036231884057971015,0.35206127858403,0.2779580302950177,0.0449497620306716,0.02168164992067689
THERM55__optimistic__L010,THERM55,optimistic,0.1,250,0.48723337054252625,0.42282507015902715,0.13459324119348473,0.28823182896554245,0.4546649636283735,0.3660681311218385,-0.001043966878311986,0.4474091808841665,0.007255782744207018,0.03472462265444323,0.002590009039959207,0.35563703281196424,0.010431098309874265,-0.00809692370882499,0.007246376811594203,0.0036231884057971015,0.3203971844496392,0.264103610884634,0.041248016922263354,0.03172924378635643
THERM55__optimistic__L010,THERM55,optimistic,0.1,300,0.48723337054252625,0.33956969130028064,0.12200374414959789,0.21756594715068275,0.4210878934315499,0.3412720372187932,-0.014780294478608569,0.436701016810275,-0.015613123378725113,0.03472462265444323,-0.014474383683630243,0.3557085929644257,-0.014436555745632518,-0.00809692370882499,0.007246376811594203,0.0036231884057971015,0.26475571197467235,0.21631611777782322,0.04019037546271814,0.04389212057112639
THERM55__optimistic__L010,THERM55,optimistic,0.1,400,0.48723337054252625,0.21141253507951357,0.10402025975206214,0.10739227532745144,0.4070650094791836,0.3417487428598106,-0.004047622444237453,0.36721526370687324,0.039849745772310374,0.03472462265444323,-0.0003003559768002262,0.2951514840946607,0.04659725876514992,-0.00809692370882499,0.007246376811594203,0.0036231884057971015,0.23623519950036695,0.20812948631342507,0.04019037546271814,0.07720782654680064
THERM55__optimistic__L025,THERM55,optimistic,0.25,25,0.48723337054252625,0.8203928905519177,0.5423687288814707,0.27802416167044697,0.3520752121325909,0.19667726882892256,-0.003396641752545615,0.34106124008860617,0.011013972043984743,0.03647393845594484,0.014546070161380431,0.18013524538247452,0.016542023446448034,-0.006347607907323381,0.007246376811594203,0.0036231884057971015,0.3736558870200974,0.2456870640476708,0.2554204124801692,0.0010576414595452142
THERM55__optimistic__L025,THERM55,optimistic,0.25,50,0.48723337054252625,0.80355472404116,0.4823343520931511,0.3212203719480089,0.4115865201950828,0.24592500397511888,0.03908240315729761,0.39881375163567473,0.012772768559408065,0.03647393845594484,0.04694207438599038,0.23302270237408204,0.012902301601036836,-0.006347607907323381,0.007246376811594203,0.0036231884057971015,0.44163598800135423,0.3037647555775094,0.24431517715494447,0.0026441036488630354
THERM55__optimistic__L025,THERM55,optimistic,0.25,75,0.48723337054252625,0.7951356407857811,0.37746813748877467,0.41766750329700647,0.5035491679036003,0.35420732924871023,0.0523241512299793,0.5032501244211884,0.00029904348241183154,0.03647393845594484,0.04905688903301125,0.316551989128076,0.03765534012063426,-0.006347607907323381,0.007246376811594203,0.0036231884057971015,0.5303975392746146,0.40181791786559357,0.08355367530407191,0.004759386567953464
THERM55__optimistic__L025,THERM55,optimistic,0.25,100,0.48723337054252625,0.7857811038353602,0.3290496980114325,0.4567314058239276,0.5015959832717305,0.35533014307518607,0.005188034044026568,0.5480691378340267,-0.04647315456229617,0.03647393845594484,-0.007897238321114053,0.3681285656628289,-0.012798422587642855,-0.006347607907323381,0.007246376811594203,0.0036231884057971015,0.4846565381200903,0.3524322514262052,0.08355367530407191,0.007403490216816499
THERM55__optimistic__L025,THERM55,optimistic,0.25,125,0.48723337054252625,0.7801683816651076,0.28533191165907845,0.49483647000602915,0.4994917447249334,0.36225792660752304,0.0022661663330823534,0.5555872921357254,-0.056095547410792035,0.03647393845594484,-0.0037065289136850033,0.3957695484318247,-0.033511621824301674,-0.006347607907323381,0.007246376811594203,0.0036231884057971015,0.4628318697932048,0.3400391083364493,0.06927551560021153,0.012162876784769964
THERM55__optimistic__L025,THERM55,optimistic,0.25,150,0.48723337054252625,0.7652011225444341,0.25078100735594333,0.5144201151884907,0.44996282371194796,0.3322627980093119,-0.037032035599557644,0.5397899985260752,-0.08982717481412728,0.03647393845594484,-0.03478144632789698,0.3845288229596849,-0.05226602495037297,-0.006347607907323381,0.007246376811594203,0.0036231884057971015,0.3660503060379576,0.2709740315119889,0.06292966684294024,0.015864621893178214
THERM55__optimistic__L025,THERM55,optimistic,0.25,200,0.48723337054252625,0.5528531337698784,0.1677219248194899,0.38513120895038855,0.4599574598997328,0.36158629944702875,0.004274177531941148,0.49075697061767004,-0.03079951071793724,0.03647393845594484,0.007914941079820992,0.3726507366368551,-0.01106443718982636,-0.006347607907323381,0.007246376811594203,0.0036231884057971015,0.34248096636687125,0.27243795968369083,0.04177683765203596,0.02168164992067689
THERM55__optimistic__L025,THERM55,optimistic,0.25,250,0.48723337054252625,0.3910196445275959,0.13331546730208088,0.25770417722551503,0.4439498414968019,0.35347295778887583,-0.011759089009883594,0.46830960016992373,-0.024359758673121845,0.03647393845594484,-0.010005164293003466,0.37125280775144925,-0.017779849962573424,-0.006347607907323381,0.007246376811594203,0.0036231884057971015,0.30323041698141173,0.24529283959576773,0.040719196192490745,0.030671602326811213
THERM55__optimistic__L025,THERM55,optimistic,0.25,300,0.48723337054252625,0.2853133769878391,0.11996877091513988,0.1653446060726992,0.4319919814755225,0.3536574828179156,-0.003876206434635987,0.470568768835291,-0.038576787359768494,0.03647393845594484,-0.00208893808450783,0.38643557905169357,-0.032778096233777976,-0.006347607907323381,0.007246376811594203,0.0036231884057971015,0.2794354174517448,0.23276653247070234,0.040719196192490745,0.04283447911158118
THERM55__optimistic__L025,THERM55,optimistic,0.25,400,0.48723337054252625,0.23292797006548177,0.09862521443280135,0.1343027556326804,0.41919430555223564,0.3545852762169204,0.008081673628814567,0.37826524217302004,0.04092906337921559,0.03647393845594484,0.012536177380309543,0.30483733988950973,0.04974793632741065,-0.006347607907323381,0.007246376811594203,0.0036231884057971015,0.2513902157258771,0.2231639746898283,0.03437334743521946,0.0750925436277102
THERM55__optimistic__L050,THERM55,optimistic,0.5,25,0.48723337054252625,0.8203928905519177,0.5431281774122255,0.27726471313969214,0.351343359225609,0.19351250127633562,-0.004128494659527526,0.3063182435181182,0.04502511570749079,0.037543770766067915,0.011381302608793498,0.13580108348525863,0.057711417791077,-0.0052777755972003085,0.007246376811594203,0.0036231884057971015,0.37294169423930795,0.24237138787614873,0.25594923320994184,0.0010576414595452142
THERM55__optimistic__L050,THERM55,optimistic,0.5,50,0.48723337054252625,0.8007483629560337,0.4400747259648061,0.36067363699122756,0.4588154803879498,0.29543614071120444,0.0863113633501646,0.42351875376741094,0.03529672662053884,0.037543770766067915,0.09645321112207594,0.2013976314308119,0.09403850928039253,-0.0052777755972003085,0.007246376811594203,0.0036231884057971015,0.4925439668895693,0.358469729762146,0.16129032258064516,0.0021152829190904283
THERM55__optimistic__L050,THERM55,optimistic,0.5,75,0.48723337054252625,0.7951356407857811,0.3662601431073398,0.42887549767844135,0.5143811726729419,0.37229656682702544,0.06315615599932095,0.4627505564593728,0.051630616213569125,0.037543770766067915,0.06714612661132646,0.23785175167974007,0.13444481514728537,-0.0052777755972003085,0.007246376811594203,0.0036231884057971015,0.5409080590625412,0.41704730173249077,0.08355367530407191,0.004230565838180857
THERM55__optimistic__L050,THERM55,optimistic,0.5,100,0.48723337054252625,0.7857811038353602,0.3028216471116557,0.48295945672370444,0.5269882379548863,0.3813928145498898,0.030580288727182325,0.5214362268418059,0.005552011113080346,0.037543770766067915,0.018165433153589705,0.33069398435404196,0.050698830195847866,-0.0052777755972003085,0.007246376811594203,0.0036231884057971015,0.5093201824481469,0.3836134089425971,0.06663141195134849,0.007403490216816499
THERM55__optimistic__L050,THERM55,optimistic,0.5,125,0.48723337054252625,0.7801683816651076,0.2790701094502756,0.501098272214832,0.5055176414829883,0.37058877822803243,0.008292063091137225,0.5624710898750349,-0.056953448392046635,0.037543770766067915,0.004624322706824391,0.3871791096021482,-0.016590331374115752,-0.0052777755972003085,0.007246376811594203,0.0036231884057971015,0.468664643392347,0.34736547689097524,0.06504494976203067,0.01269169751454257
THERM55__optimistic__L050,THERM55,optimistic,0.5,150,0.48723337054252625,0.6772684752104771,0.2514895094569741,0.42577896575350294,0.4418620851053173,0.3275549743215862,-0.045132774206188275,0.5743183702323399,-0.13245628512702257,0.037543770766067915,-0.03948927001562269,0.4143965861601747,-0.08684161183858852,-0.0052777755972003085,0.007246376811594203,0.0036231884057971015,0.363514438264746,0.2748483004522253,0.06451612903225806,0.015864621893178214
THERM55__optimistic__L050,THERM55,optimistic,0.5,200,0.48723337054252625,0.5537885874649204,0.1668288124365464,0.38695977502837403,0.46167815643459864,0.3671820915853826,0.005994874066806988,0.52484020972591,-0.0631620532913113,0.037543770766067915,0.013510733218174864,0.3931133642200594,-0.02593127263467676,-0.0052777755972003085,0.007246376811594203,0.0036231884057971015,0.3432667938618154,0.2783008894040628,0.04336329984135378,0.02168164992067689
THERM55__optimistic__L050,THERM55,optimistic,0.5,250,0.48723337054252625,0.5481758652946679,0.1374800636888787,0.4106958016057892,0.4682115960361807,0.3811459885711794,0.012502665529495194,0.4996396980638161,-0.03142810202763541,0.037543770766067915,0.017667866489300077,0.3977036456489505,-0.016557657077771126,-0.0052777755972003085,0.007246376811594203,0.0036231884057971015,0.341084926572466,0.28635665516433545,0.04019037546271814,0.03225806451612903
THERM55__optimistic__L050,THERM55,optimistic,0.5,300,0.48723337054252625,0.4583723105706268,0.1156621996515195,0.3427101109191073,0.46568663398525334,0.38712070457856257,0.029818446075094873,0.4816318823929386,-0.015945248407685242,0.037543770766067915,0.03137428367613915,0.39707921969816723,-0.00995851511960466,-0.0052777755972003085,0.007246376811594203,0.0036231884057971015,0.326898776644595,0.2803424263314506,0.04019037546271814,0.04283447911158118
THERM55__optimistic__L050,THERM55,optimistic,0.5,400,0.48723337054252625,0.3461178671655753,0.09171577042743236,0.25440209673814296,0.4336897879152874,0.36507994001004884,0.022577155991866327,0.39840224980115974,0.03528753811412766,0.037543770766067915,0.02303084117343801,0.3312481143512457,0.03383182565880316,-0.0052777755972003085,0.007246376811594203,0.0036231884057971015,0.2751585408950828,0.2441013477104734,0.03120042305658382,0.0750925436277102
THERM55__optimistic__L075,THERM55,optimistic,0.75,25,0.48723337054252625,0.8391019644527596,0.5364688664483219,0.3026330980044377,0.37752527357986243,0.22211045904059207,0.022053419694725906,0.30960209164118396,0.06792318193867847,0.03824073533443121,0.03997926037304994,0.15666362511112245,0.06544683392946962,-0.004580811028837013,0.007246376811594203,0.0036231884057971015,0.4078181065150251,0.2813593394071146,0.2453728186144897,0.0010576414595452142
THERM55__optimistic__L075,THERM55,optimistic,0.75,50,0.48723337054252625,0.8194574368568756,0.43654765922648153,0.382909777630394,0.48077626765285636,0.3192634193819111,0.10827215061507117,0.45731691307849043,0.02345935457436593,0.03824073533443121,0.12028048979278261,0.22481916052286646,0.09444425885904464,-0.004580811028837013,0.007246376811594203,0.0036231884057971015,0.5226096890606736,0.39083007640505246,0.15177154944473822,0.0015864621893178213
THERM55__optimistic__L075,THERM55,optimistic,0.75,75,0.48723337054252625,0.813844714686623,0.37820797630676045,0.43563673837986255,0.5205605406203823,0.36390388139192803,0.06933552394676129,0.500071408008762,0.02048913261162022,0.03824073533443121,0.05875344117622905,0.28217404955770403,0.081729831834224,-0.004580811028837013,0.007246376811594203,0.0036231884057971015,0.5551886432000789,0.430464910810539,0.08355367530407191,0.0037017451084082496
THERM55__optimistic__L075,THERM55,optimistic,0.75,100,0.48723337054252625,0.7857811038353602,0.30557865497291753,0.4802024488624426,0.5243145361395761,0.3721601971336008,0.0279065869118722,0.5244365593053806,-0.00012202316580445238,0.03824073533443121,0.008932815737300703,0.32048197652520444,0.051678220608396386,-0.004580811028837013,0.007246376811594203,0.0036231884057971015,0.5067203454581166,0.3732540339326719,0.07139079851930195,0.007403490216816499
THERM55__optimistic__L075,THERM55,optimistic,0.75,125,0.48723337054252625,0.7839101964452759,0.2714046784692391,0.5125055179760368,0.5180515303258193,0.3870294177604237,0.020825951933968245,0.555860228976623,-0.03780869865080372,0.03824073533443121,0.021064962239215668,0.3728644783895839,0.01416493937083979,-0.004580811028837013,0.007246376811594203,0.0036231884057971015,0.4831025466552021,0.37468969363460825,0.06980433632998413,0.010576414595452142
THERM55__optimistic__L075,THERM55,optimistic,0.75,150,0.48723337054252625,0.774555659494855,0.23662357042829926,0.5379320890665558,0.5027053728573188,0.3939330395861484,0.015710513545813154,0.5720432793893331,-0.06933790653201433,0.03824073533443121,0.0268887952489395,0.3965164508018963,-0.0025834112157478994,-0.004580811028837013,0.007246376811594203,0.0036231884057971015,0.44676535574423376,0.3663906124209992,0.05552617662612375,0.015335801163405606
THERM55__optimistic__L075,THERM55,optimistic,0.75,200,0.48723337054252625,0.6351730589335828,0.15973047271787605,0.47544258621570673,0.4898631109501148,0.39482257932052994,0.03417982858232316,0.5421954319724499,-0.05233232102233509,0.03824073533443121,0.04115122095332219,0.41672508120412116,-0.02190250188359122,-0.004580811028837013,0.007246376811594203,0.0036231884057971015,0.39712906468693926,0.3327514080904559,0.040719196192490745,0.023268112109994712
THERM55__optimistic__L075,THERM55,optimistic,0.75,250,0.48723337054252625,0.598690364826941,0.1428759172530638,0.45581444757387723,0.49882178826065127,0.4093141286360995,0.04311285775396578,0.4949667868557442,0.003855001404907077,0.03824073533443121,0.04583600655422021,0.3938918660331871,0.015422262602912407,-0.004580811028837013,0.007246376811594203,0.0036231884057971015,0.40364560821516643,0.34722902544873707,0.04019037546271814,0.033315705975674244
THERM55__optimistic__L075,THERM55,optimistic,0.75,300,0.48723337054252625,0.5285313376987839,0.11916449633383226,0.40936684136495166,0.4791783049298218,0.39517956764021517,0.04331011701966331,0.48268677757743483,-0.003508472647613059,0.03824073533443121,0.03943314673779175,0.4030230979504572,-0.007843530310242042,-0.004580811028837013,0.007246376811594203,0.0036231884057971015,0.3631125744668566,0.31411923903292954,0.04019037546271814,0.0449497620306716
THERM55__optimistic__L075,THERM55,optimistic,0.75,400,0.48723337054252625,0.44434050514499535,0.08688862461546226,0.3574518805295331,0.43463494021047444,0.3661210222287539,0.023522308287053373,0.4238035911343687,0.010831349076105723,0.03824073533443121,0.02407192339214309,0.3574525936310444,0.008668428597709499,-0.004580811028837013,0.007246376811594203,0.0036231884057971015,0.2734424944759242,0.23834380841083147,0.03120042305658382,0.07350608143839238
THERM55__optimistic__L100,THERM55,optimistic,1.0,25,0.48723337054252625,0.8372310570626754,0.5229967290936789,0.31423432796899653,0.4088639365202,0.24856898831994012,0.053392082635063454,0.3783981928389957,0.030465743681204305,0.03854624138210698,0.066437789652398,0.13808489850176722,0.1104840898181729,-0.004275304981161243,0.007246376811594203,0.0036231884057971015,0.44977503859357704,0.31812221215644293,0.24484399788471709,0.0010576414595452142
THERM55__optimistic__L100,THERM55,optimistic,1.0,50,0.48723337054252625,0.8175865294667914,0.4306393872419756,0.38694714222481585,0.48594214680241554,0.3281653565245687,0.11343802976463035,0.4383543494562461,0.04758779734616947,0.03854624138210698,0.1291824269354402,0.1931941498024025,0.1349712067221662,-0.004275304981161243,0.007246376811594203,0.0036231884057971015,0.528233394258263,0.39974267844272426,0.15124272871496564,0.0021152829190904283
THERM55__optimistic__L100,THERM55,optimistic,1.0,75,0.48723337054252625,0.813844714686623,0.35746875606262674,0.45637595862399627,0.5408821668062536,0.393850667115718,0.08965715013263259,0.45564985997327934,0.08523230683297423,0.03854624138210698,0.088700226900019,0.22617888021161103,0.16767178690410695,-0.004275304981161243,0.007246376811594203,0.0036231884057971015,0.5750696403165074,0.4571612616645197,0.08355367530407191,0.0026441036488630354
THERM55__optimistic__L100,THERM55,optimistic,1.0,100,0.48723337054252625,0.7895229186155285,0.30140991876448026,0.4881129998510482,0.5518362972339839,0.40508129858994496,0.05542834800627994,0.5081097020656945,0.04372659516828936,0.03854624138210698,0.04185391719364484,0.3029578290929555,0.10212346949698947,-0.004275304981161243,0.007246376811594203,0.0036231884057971015,0.5661228361036408,0.4349866539220561,0.07139079851930195,0.006874669487043892
THERM55__optimistic__L100,THERM55,optimistic,1.0,125,0.48723337054252625,0.7876520112254444,0.2740212070836325,0.5136308041418118,0.5390367621125105,0.40677362400201267,0.04181118372065945,0.5438740587792048,-0.004837296666694302,0.03854624138210698,0.040809168480804625,0.3525713320018364,0.05420229200017629,-0.004275304981161243,0.007246376811594203,0.0036231884057971015,0.5361793992648155,0.4270149049814183,0.06980433632998413,0.01110523532522475
THERM55__optimistic__L100,THERM55,optimistic,1.0,150,0.48723337054252625,0.7829747427502338,0.25197318193933005,0.5310015608109038,0.5353780451291283,0.41497088001088284,0.04838318581762274,0.5582951860097414,-0.02291714088061303,0.03854624138210698,0.047926635673673945,0.3924622473397753,0.02250863267110753,-0.004275304981161243,0.007246376811594203,0.0036231884057971015,0.5214716064268153,0.4275372943165832,0.06557377049180328,0.016922263352723427
THERM55__optimistic__L100,THERM55,optimistic,1.0,200,0.48723337054252625,0.6884939195509823,0.16337938892836656,0.5251145306226157,0.5282990588689208,0.4303117498749711,0.07261577650112916,0.5312656241115343,-0.002966565242613517,0.03854624138210698,0.07664039150776336,0.4012104298006792,0.029101320074291892,-0.004275304981161243,0.007246376811594203,0.0036231884057971015,0.4771588022078474,0.41053602945283413,0.04283447911158118,0.024325753569539928
THERM55__optimistic__L100,THERM55,optimistic,1.0,250,0.48723337054252625,0.6117867165575304,0.13984833224823393,0.47193838430929647,0.50010546102312,0.4123048597521316,0.04439653051643455,0.5221594795716555,-0.022054018548535503,0.03854624138210698,0.04882673767025231,0.4152973625398076,-0.002992502787675988,-0.004275304981161243,0.007246376811594203,0.0036231884057971015,0.4021983789934513,0.34851360364562267,0.03860391327340032,0.033844526705446853
THERM55__optimistic__L100,THERM55,optimistic,1.0,300,0.48723337054252625,0.5369504209541628,0.11959122920922466,0.41735919174493813,0.46695628974934256,0.3810197233391304,0.03108810183918409,0.4586242477666093,0.00833204198273324,0.03854624138210698,0.025273302436707,0.3728189826918394,0.008200740647291038,-0.004275304981161243,0.007246376811594203,0.0036231884057971015,0.3232506016455965,0.27278482421534056,0.0375462718138551,0.046007403490216814
THERM55__optimistic__L100,THERM55,optimistic,1.0,400,0.48723337054252625,0.4630495790458372,0.08887627289097938,0.37417330615485783,0.4440585355560461,0.37254661768013575,0.03294590363262501,0.438964533345597,0.005094002210449089,0.03854624138210698,0.030497518843524918,0.3717768289362879,0.0007697887438478657,-0.004275304981161243,0.007246376811594203,0.0036231884057971015,0.27940984764591964,0.23699015817853367,0.03120042305658382,0.07191961924907457
THERM55__pessimistic__L010,THERM55,pessimistic,0.1,25,0.48723337054252625,0.8260056127221702,0.5339625090840756,0.2920431036380946,0.36281035784849736,0.19459954756160655,0.007338503963360832,0.33653781410078343,0.026272543747713928,0.44678073746455044,0.012468348894064424,0.17630480120393544,0.018294746357671116,0.4039591911012822,0.6014492753623188,0.21026124904843443,0.3826706559714002,0.24447826724219526,0.2548915917503966,0.0005288207297726071
THERM55__pessimistic__L010,THERM55,pessimistic,0.1,50,0.48723337054252625,0.8110383536014967,0.46320533363011834,0.34783301997137833,0.37570723698406494,0.21138542075166972,0.0032031199462797533,0.39617312585854697,-0.02046588887448203,0.44678073746455044,0.012402491162541218,0.2329076840078802,-0.021522263256210483,0.4039591911012822,0.6014492753623188,0.21026124904843443,0.3763975534038207,0.23298571564158285,0.24378635642517188,0.0026441036488630354
THERM55__pessimistic__L010,THERM55,pessimistic,0.1,75,0.48723337054252625,0.8016838166510758,0.3698737934278233,0.4318100232232525,0.4742673852239073,0.31762204730434196,0.023042368550286352,0.4571706793971344,0.017096705826772918,0.44678073746455044,0.012471607088642978,0.30009471892332296,0.017527328381019003,0.4039591911012822,0.6014492753623188,0.21026124904843443,0.4816687991331112,0.34809073800342505,0.08408249603384453,0.004759386567953464
THERM55__pessimistic__L010,THERM55,pessimistic,0.1,100,0.48723337054252625,0.7988774555659495,0.3272019141954354,0.4716755413705141,0.5156870443729916,0.3654541276407412,0.019279095145287695,0.5189060086342396,-0.003218964261248014,0.44678073746455044,0.00222674624444108,0.37327994112689433,-0.007825813486153133,0.4039591911012822,0.6014492753623188,0.21026124904843443,0.5234106344284278,0.3832951370122361,0.08249603384452671,0.006874669487043892
THERM55__pessimistic__L010,THERM55,pessimistic,0.1,125,0.48723337054252625,0.7857811038353602,0.27279243923780166,0.5129886645975585,0.5054582060995286,0.36669532835151764,0.008232627707677576,0.5143399186307513,-0.008881712531222719,0.44678073746455044,0.0007308728303095924,0.3751967394659054,-0.008501411114387791,0.4039591911012822,0.6014492753623188,0.21026124904843443,0.4511027152336516,0.3277994855052469,0.06927551560021153,0.010047593865679535
THERM55__pessimistic__L010,THERM55,pessimistic,0.1,150,0.48723337054252625,0.7717492984097287,0.23259656816802296,0.5391527302417057,0.5156069150764452,0.3898309133947574,0.02861205576493958,0.5096414009222813,0.005965514154163909,0.44678073746455044,0.022786669057548503,0.3627405822567549,0.02709033113800252,0.4039591911012822,0.6014492753623188,0.21026124904843443,0.44854913237766275,0.34159534326825436,0.06874669487043893,0.01269169751454257
THERM55__pessimistic__L010,THERM55,pessimistic,0.1,200,0.48723337054252625,0.6323666978484564,0.16455600203999732,0.46781069580845913,0.4846693272221164,0.3809813246801091,0.028986044854324766,0.4510055247369096,0.03366380248520684,0.44678073746455044,0.027309966312901335,0.34201931967265153,0.038962005007457556,0.4039591911012822,0.6014492753623188,0.21026124904843443,0.37265269146819774,0.2955319642298944,0.04336329984135378,0.022739291380222106
THERM55__pessimistic__L010,THERM55,pessimistic,0.1,250,0.48723337054252625,0.45556594948550044,0.1292452711124775,0.3263206783730229,0.47959490181828945,0.3887714236601806,0.02388597131160397,0.4474091808841665,0.032185720934122974,0.44678073746455044,0.025293301578301286,0.35563703281196424,0.033134390848216344,0.4039591911012822,0.6014492753623188,0.21026124904843443,0.35167309042189115,0.288458845096334,0.040719196192490745,0.033315705975674244
THERM55__pessimistic__L010,THERM55,pessimistic,0.1,300,0.48723337054252625,0.30121608980355474,0.11263340227930295,0.18858268752425178,0.43445409428455123,0.3590502254197563,-0.0014140936256072378,0.436701016810275,-0.0022469225257237824,0.44678073746455044,0.0033038045173328645,0.3557085929644257,0.00334163245533059,0.4039591911012822,0.6014492753623188,0.21026124904843443,0.27856254512280093,0.23726914054046355,0.040719196192490745,0.04177683765203596
THERM55__pessimistic__L010,THERM55,pessimistic,0.1,400,0.48723337054252625,0.23386342376052385,0.10179598668184059,0.13206743707868326,0.40726611724099315,0.3358098874716362,-0.003846514682427915,0.36721526370687324,0.04005085353411991,0.44678073746455044,-0.006239211364974628,0.2951514840946607,0.040658403376975516,0.4039591911012822,0.6014492753623188,0.21026124904843443,0.2347412592089079,0.19792451443811812,0.040719196192490745,0.0750925436277102
THERM55__pessimistic__L025,THERM55,pessimistic,0.25,25,0.48723337054252625,0.8213283442469598,0.5249180594240754,0.29641028482288434,0.3700144570302865,0.18927811752421683,0.01454260314514999,0.34106124008860617,0.02895321694168035,0.5532317226120484,0.0071469188566747055,0.18013524538247452,0.009142872141742309,0.5104101762487803,0.6666666666666666,0.31894481059240787,0.3912448265257959,0.24039129477323895,0.25647805393971446,0.0010576414595452142
THERM55__pessimistic__L025,THERM55,pessimistic,0.25,50,0.48723337054252625,0.8110383536014967,0.4292759586290512,0.38176239497244546,0.47286121377601875,0.2942500543825006,0.10035709673823356,0.39881375163567473,0.07404746214034402,0.5532317226120484,0.09526712479337213,0.23302270237408204,0.061227352008418584,0.5104101762487803,0.6666666666666666,0.31894481059240787,0.5029830705627116,0.352831454339159,0.15970386039132733,0.0021152829190904283
THERM55__pessimistic__L025,THERM55,pessimistic,0.25,75,0.48723337054252625,0.8026192703461179,0.3558169748234421,0.4468022955226758,0.526921255006317,0.35673816855430746,0.07569623833269606,0.5032501244211884,0.023671130585128597,0.5532317226120484,0.051587728338608474,0.316551989128076,0.04018617942623148,0.5104101762487803,0.6666666666666666,0.31894481059240787,0.5506697572814307,0.4011288872540193,0.08249603384452671,0.004230565838180857
THERM55__pessimistic__L025,THERM55,pessimistic,0.25,100,0.48723337054252625,0.7932647333956969,0.29627320684615405,0.4969915265495429,0.5383881943366822,0.3750955557964342,0.04198024510897824,0.5480691378340267,-0.009680943497344496,0.5532317226120484,0.011868174400134102,0.3681285656628289,0.0069669901336053,0.5104101762487803,0.6666666666666666,0.31894481059240787,0.5070147599141709,0.3565338113913789,0.07033315705975675,0.007403490216816499
THERM55__pessimistic__L025,THERM55,pessimistic,0.25,125,0.48723337054252625,0.7820392890551918,0.26961675292243253,0.5124225361327592,0.48298027882460987,0.3167512597840012,-0.014245299567241188,0.5555872921357254,-0.07260701331111558,0.5532317226120484,-0.04921319573720684,0.3957695484318247,-0.07901828864782351,0.5104101762487803,0.6666666666666666,0.31894481059240787,0.4170088117188979,0.2612691517683898,0.06874669487043893,0.010047593865679535
THERM55__pessimistic__L025,THERM55,pessimistic,0.25,150,0.48723337054252625,0.774555659494855,0.23591878972049896,0.5386368697743561,0.4970280953482938,0.3378351470323506,0.010033236036788185,0.5397899985260752,-0.042761903177781446,0.5532317226120484,-0.029209097304858267,0.3845288229596849,-0.046693675927334255,0.5104101762487803,0.6666666666666666,0.31894481059240787,0.42322443478090066,0.27646990041898994,0.0671602326811211,0.01269169751454257
THERM55__pessimistic__L025,THERM55,pessimistic,0.25,200,0.48723337054252625,0.7670720299345183,0.17640021859650498,0.5906718113380133,0.5124109866408715,0.38915629439111077,0.056727704273079826,0.49075697061767004,0.02165401602320144,0.5532317226120484,0.03548493602390301,0.3726507366368551,0.016505557754255662,0.5104101762487803,0.6666666666666666,0.31894481059240787,0.4197073693097922,0.31712808394974945,0.05817028027498678,0.023796932839767318
THERM55__pessimistic__L025,THERM55,pessimistic,0.25,250,0.48723337054252625,0.5827876520112254,0.14008293643062725,0.44270471558059815,0.46337384678990334,0.3614634825094559,0.00766491628321786,0.46830960016992373,-0.004935753380020391,0.5532317226120484,-0.002014639572423371,0.37125280775144925,-0.00978932524199333,0.5104101762487803,0.6666666666666666,0.31894481059240787,0.33380202588718505,0.26179650179555175,0.041248016922263354,0.034902168164992066
THERM55__pessimistic__L025,THERM55,pessimistic,0.25,300,0.48723337054252625,0.5444340505144996,0.12323525104767268,0.42119879946682687,0.4679976974113804,0.37539500301302864,0.03212950950122195,0.470568768835291,-0.0025710714239105537,0.5532317226120484,0.019648582110605217,0.38643557905169357,-0.011040576038664929,0.5104101762487803,0.6666666666666666,0.31894481059240787,0.33379213165907484,0.2736524778858234,0.041248016922263354,0.05129561078794289
THERM55__pessimistic__L025,THERM55,pessimistic,0.25,400,0.48723337054252625,0.5425631431244153,0.11414860921033564,0.4284145339140797,0.4724321479215932,0.38646576873978433,0.06131951599817215,0.37826524217302004,0.09416690574857317,0.5532317226120484,0.0444166699031735,0.30483733988950973,0.0816284288502746,0.5104101762487803,0.6666666666666666,0.31894481059240787,0.3421359961702384,0.28535948994258625,0.041248016922263354,0.11528291909042834
THERM55__pessimistic__L050,THERM55,pessimistic,0.5,25,0.48723337054252625,0.8400374181478016,0.5203771602686318,0.31966025787916985,0.3724026106064037,0.2001061031938844,0.01693075672126715,0.3063182435181182,0.06608436708828547,0.578513958598142,0.01797490452634226,0.13580108348525863,0.06430501970862576,0.5356924122348738,0.7101449275362319,0.38034910042919196,0.390196301087857,0.24554194480332237,0.2469592808038075,0.0005288207297726071
THERM55__pessimistic__L050,THERM55,pessimistic,0.5,50,0.48723337054252625,0.8325537885874649,0.46182045133402183,0.37073333725344304,0.4140532673642479,0.23642761748376379,0.041549150326462725,0.42351875376741094,-0.009465486403163026,0.578513958598142,0.03744468789463529,0.2013976314308119,0.03502998605295188,0.5356924122348738,0.7101449275362319,0.38034910042919196,0.427162382600119,0.2704859462750823,0.23585404547858277,0.0026441036488630354
THERM55__pessimistic__L050,THERM55,pessimistic,0.5,75,0.48723337054252625,0.8110383536014967,0.361291134434299,0.4497472191671977,0.4822779116735151,0.3139720945189684,0.03105289499989411,0.4627505564593728,0.019527355214142283,0.578513958598142,0.008821654303269422,0.23785175167974007,0.07612034283922833,0.5356924122348738,0.7101449275362319,0.38034910042919196,0.4753706271536869,0.32684326574132927,0.09888947646747752,0.004759386567953464
THERM55__pessimistic__L050,THERM55,pessimistic,0.5,100,0.48723337054252625,0.8091674462114126,0.30044415535454905,0.5087232908568635,0.5375686215031612,0.3453540785740638,0.04116067227545728,0.5214362268418059,0.016132394661355298,0.578513958598142,-0.017873302822236314,0.33069398435404196,0.014660094220021846,0.5356924122348738,0.7101449275362319,0.38034910042919196,0.5280106251811764,0.35961392565596745,0.06768905341089371,0.008461131676361713
THERM55__pessimistic__L050,THERM55,pessimistic,0.5,125,0.48723337054252625,0.7960710944808232,0.25698924997379197,0.5390818445070313,0.550121097018388,0.3693127149330007,0.05289551862653691,0.5624710898750349,-0.012349992856646952,0.578513958598142,0.0033482594117926756,0.3871791096021482,-0.017866394669147467,0.5356924122348738,0.7101449275362319,0.38034910042919196,0.5087586878572471,0.3433206219331117,0.06768905341089371,0.013220518244315178
THERM55__pessimistic__L050,THERM55,pessimistic,0.5,150,0.48723337054252625,0.7932647333956969,0.24060143323649724,0.5526633001591996,0.5648682449941764,0.3894357623612662,0.07787338568267083,0.5743183702323399,-0.009450125238163465,0.578513958598142,0.02239151802405731,0.4143965861601747,-0.024960823798908516,0.5356924122348738,0.7101449275362319,0.38034910042919196,0.5238787395218587,0.364519608476603,0.06398730830248546,0.019037546271813855
THERM55__pessimistic__L050,THERM55,pessimistic,0.5,200,0.48723337054252625,0.7670720299345183,0.20938827669219592,0.5576837532423223,0.5253369099659176,0.376100489850574,0.06965362759812599,0.52484020972591,0.000496700240007697,0.578513958598142,0.022429131483366227,0.3931133642200594,-0.017012874369485398,0.5356924122348738,0.7101449275362319,0.38034910042919196,0.455346267780379,0.327627598999663,0.06398730830248546,0.03278688524590164
THERM55__pessimistic__L050,THERM55,pessimistic,0.5,250,0.48723337054252625,0.7652011225444341,0.20205169568897238,0.5631494268554617,0.531718149997889,0.38547457712883343,0.07600921949120354,0.4996396980638161,0.03207845193407294,0.578513958598142,0.021996455046954133,0.3977036456489505,-0.01222906852011707,0.5356924122348738,0.7101449275362319,0.38034910042919196,0.46208850089457393,0.33754143235695183,0.06398730830248546,0.058699101004759384
THERM55__pessimistic__L050,THERM55,pessimistic,0.5,300,0.48723337054252625,0.7633302151543498,0.193462394115368,0.5698678210389818,0.5357634771405044,0.3933445386097446,0.09989528923034596,0.4816318823929386,0.05413159474756585,0.578513958598142,0.03759811770732119,0.39707921969816723,-0.00373468108842262,0.5356924122348738,0.7101449275362319,0.38034910042919196,0.47010589412875065,0.3491406041287413,0.06240084611316764,0.09783183500793231
THERM55__pessimistic__L050,THERM55,pessimistic,0.5,400,0.48723337054252625,0.715622076707203,0.13067258870820717,0.5849494879989958,0.5318015706276961,0.42952348892262066,0.120688938704275,0.39840224980115974,0.13339932082653633,0.578513958598142,0.08747439008600982,0.3312481143512457,0.09827537457137497,0.5356924122348738,0.7101449275362319,0.38034910042919196,0.4371702972268112,0.36176994658049294,0.04336329984135378,0.12691697514542571
THERM55__pessimistic__L075,THERM55,pessimistic,0.75,25,0.48723337054252625,0.8409728718428437,0.5395644427824439,0.3014084290603999,0.34002313267351436,0.1575559818926957,-0.015448721211622163,0.30960209164118396,0.030421041032330398,0.5944109092450587,-0.02457521677484642,0.15666362511112245,0.0008923567815732614,0.5515893628817905,0.7536231884057971,0.4091059906277298,0.3495973033740019,0.19322073864973835,0.34531993654151244,0.0010576414595452142
THERM55__pessimistic__L075,THERM55,pessimistic,0.75,50,0.48723337054252625,0.8344246959775491,0.42419753304501845,0.41022716293253064,0.432946378108397,0.24883063450349438,0.06044226107061179,0.45731691307849043,-0.02437053497009345,0.5944109092450587,0.04984770491436588,0.22481916052286646,0.024011473980627918,0.5515893628817905,0.7536231884057971,0.4091059906277298,0.4211953491298522,0.2623797091842577,0.23373876255949233,0.005817028027498678
THERM55__pessimistic__L075,THERM55,pessimistic,0.75,75,0.48723337054252625,0.813844714686623,0.331047145600875,0.482797569085748,0.49926746978999526,0.2655240692028288,0.048042453116374284,0.500071408008762,-0.0008039382187667865,0.5944109092450587,-0.0396263710128702,0.28217404955770403,-0.01664998035487525,0.5515893628817905,0.7536231884057971,0.4091059906277298,0.4616828649716511,0.25112676109761617,0.17556848228450556,0.010576414595452142
THERM55__pessimistic__L075,THERM55,pessimistic,0.75,100,0.48723337054252625,0.7988774555659495,0.31244273444786685,0.4864347211180826,0.4942828010261008,0.253453100323567,-0.002125148201603144,0.5244365593053806,-0.030153758279279796,0.5944109092450587,-0.10977428107273313,0.32048197652520444,-0.06702887620163744,0.5515893628817905,0.7536231884057971,0.4091059906277298,0.45193068003835224,0.23337896708778835,0.165520888418826,0.017451084082496033
THERM55__pessimistic__L075,THERM55,pessimistic,0.75,125,0.48723337054252625,0.7932647333956969,0.30947632029148475,0.48378841310421217,0.49586575986870496,0.2538741736882043,-0.0013598185231460946,0.555860228976623,-0.05999446910791806,0.5944109092450587,-0.11209028183300374,0.3728644783895839,-0.11899030470137961,0.5515893628817905,0.7536231884057971,0.4091059906277298,0.455617884180215,0.2358953759208355,0.165520888418826,0.026969857218402962
THERM55__pessimistic__L075,THERM55,pessimistic,0.75,150,0.48723337054252625,0.7904583723105706,0.30848174699166386,0.4819766253189067,0.49588779522499055,0.2540805912510675,0.008892935913484945,0.5720432793893331,-0.07615548416434254,0.5944109092450587,-0.11296365308614137,0.3965164508018963,-0.14243585955082877,0.5515893628817905,0.7536231884057971,0.4091059906277298,0.45653634024319584,0.2369883129746272,0.165520888418826,0.04019037546271814
THERM55__pessimistic__L075,THERM55,pessimistic,0.75,200,0.48723337054252625,0.7885874649204865,0.30762989773072796,0.4809575671897585,0.4924689324923751,0.25055313807499496,0.03678565012458346,0.5421954319724499,-0.04972649948007479,0.5944109092450587,-0.10311822029221279,0.41672508120412116,-0.1661719431291262,0.5515893628817905,0.7536231884057971,0.4091059906277298,0.4573183879449421,0.23764610694119592,0.165520888418826,0.08143839238498149
THERM55__pessimistic__L075,THERM55,pessimistic,0.75,250,0.48723337054252625,0.7885874649204865,0.2566503585551465,0.53193710636534,0.54846104083542,0.3573501539209283,0.09275211032873454,0.4949667868557442,0.05349425397967583,0.5944109092450587,-0.006127968160951014,0.3938918660331871,-0.03654171211225882,0.5515893628817905,0.7536231884057971,0.4091059906277298,0.5155880784881409,0.35621415071464085,0.07985193019566367,0.0967741935483871
THERM55__pessimistic__L075,THERM55,pessimistic,0.75,300,0.48723337054252625,0.7857811038353602,0.21811448088411536,0.5676666229512448,0.5746776486229463,0.41468624951344096,0.13880946071278788,0.48268677757743483,0.09199087104551151,0.5944109092450587,0.05893982861101754,0.4030230979504572,0.011663151562983753,0.5515893628817905,0.7536231884057971,0.4091059906277298,0.5362323615498374,0.4002911737774031,0.0671602326811211,0.10735060814383923
THERM55__pessimistic__L075,THERM55,pessimistic,0.75,400,0.48723337054252625,0.7567820392890552,0.181206846239528,0.5755751930495272,0.516398402346845,0.37977993784131825,0.10528577042342391,0.4238035911343687,0.09259481121247626,0.5944109092450587,0.03773083900470742,0.3574525936310444,0.022327344210273825,0.5515893628817905,0.7536231884057971,0.4091059906277298,0.43736663218648236,0.3210010336412969,0.06557377049180328,0.1427815970386039
THERM55__pessimistic__L100,THERM55,pessimistic,1.0,25,0.48723337054252625,0.9438727782974743,0.6422112132584572,0.3016615650390171,0.24440793922460427,0.1395300584696105,-0.11106391466053225,0.3783981928389957,-0.1339902536143914,0.6167260755901097,-0.042601140197931625,0.13808489850176722,0.0014451599678432792,0.5739045292268415,0.7681159420289855,0.4141023418483373,0.1717658314918409,0.08598513956959526,0.9196192490745637,0.012162876784769964
THERM55__pessimistic__L100,THERM55,pessimistic,1.0,50,0.48723337054252625,0.8980355472404116,0.6337237033856733,0.26431184385473827,0.2347495479451993,0.12783887846592226,-0.13775456909258588,0.4383543494562461,-0.20360480151104676,0.6167260755901097,-0.07114405112320624,0.1931941498024025,-0.06535527133648023,0.5739045292268415,0.7681159420289855,0.4141023418483373,0.17549001239891374,0.08794401135234059,0.9196192490745637,0.02538339502908514
THERM55__pessimistic__L100,THERM55,pessimistic,1.0,75,0.48723337054252625,0.833489242282507,0.6273727707430289,0.2061164715394781,0.21947305444569906,0.1120459475402239,-0.2317519622279219,0.45564985997327934,-0.23617680552758027,0.6167260755901097,-0.19310449267547508,0.22617888021161103,-0.11413293267138713,0.5739045292268415,0.7681159420289855,0.4141023418483373,0.1813731909616414,0.09364576737296572,0.9196192490745637,0.03860391327340032
THERM55__pessimistic__L100,THERM55,pessimistic,1.0,100,0.48723337054252625,0.8054256314312441,0.6237638483208553,0.18166178311038883,0.21366637235552843,0.1064556804497791,-0.2827415768721755,0.5081097020656945,-0.29444332971016607,0.6167260755901097,-0.256771700946521,0.3029578290929555,-0.1965021486431764,0.5739045292268415,0.7681159420289855,0.4141023418483373,0.18475564690920443,0.09761322994765671,0.9196192490745637,0.05182443151771549
THERM55__pessimistic__L100,THERM55,pessimistic,1.0,125,0.48723337054252625,0.7988774555659495,0.6220084379542405,0.17686901761170892,0.20957452820663425,0.10223689840944061,-0.2876510501852168,0.5438740587792048,-0.33429953057257056,0.6167260755901097,-0.26372755711176743,0.3525713320018364,-0.25033443359239577,0.5739045292268415,0.7681159420289855,0.4141023418483373,0.18639290634146496,0.09918150862377388,0.9196192490745637,0.06504494976203067
THERM55__pessimistic__L100,THERM55,pessimistic,1.0,150,0.48723337054252625,0.7988774555659495,0.621012295679624,0.17786515988632545,0.21053185508840896,0.10294595664819178,-0.27646300422309666,0.5582951860097414,-0.3477633309213324,0.6167260755901097,-0.2640982876890171,0.3924622473397753,-0.2895162906915835,0.5739045292268415,0.7681159420289855,0.4141023418483373,0.1873228909264333,0.09987626014357352,0.9196192490745637,0.07826546800634585
THERM55__pessimistic__L100,THERM55,pessimistic,1.0,200,0.48723337054252625,0.7923292797006548,0.31248771496588995,0.47984156473476486,0.5005224016669865,0.2778911291348031,0.04483911929919482,0.5312656241115343,-0.030743222444547857,0.6167260755901097,-0.07578022923240463,0.4012104298006792,-0.1233193006658761,0.5739045292268415,0.7681159420289855,0.4141023418483373,0.46930175821415837,0.2843018592748456,0.2236911686938128,0.0904283447911158
THERM55__pessimistic__L100,THERM55,pessimistic,1.0,250,0.48723337054252625,0.7923292797006548,0.2810606219316665,0.5112686577689883,0.5371504848894566,0.33149412721323007,0.08144155438277112,0.5221594795716555,0.014991005317801065,0.6167260755901097,-0.031983994868649224,0.4152973625398076,-0.08380323532657752,0.5739045292268415,0.7681159420289855,0.4141023418483373,0.5090837734613926,0.3404315531417837,0.16393442622950818,0.10312004230565838
THERM55__pessimistic__L100,THERM55,pessimistic,1.0,300,0.48723337054252625,0.7885874649204865,0.24817526015574295,0.5404122047647435,0.5562158738610062,0.37501700354318884,0.12034768595084777,0.4586242477666093,0.09759162609439692,0.6167260755901097,0.01927058264076542,0.3728189826918394,0.002198020851349458,0.5739045292268415,0.7681159420289855,0.4141023418483373,0.5228653514973923,0.37229059941237524,0.088841882601798,0.11739820200951877
THERM55__pessimistic__L100,THERM55,pessimistic,1.0,400,0.48723337054252625,0.7811038353601497,0.20066676550116339,0.5804370698589864,0.5414331938737735,0.39461709325968963,0.13032056195035246,0.438964533345597,0.10246866052817655,0.6167260755901097,0.0525679944230788,0.3717768289362879,0.02284026432340175,0.5739045292268415,0.7681159420289855,0.4141023418483373,0.5371539624859514,0.40768195967522,0.06663141195134849,0.14595452141723955
SUBSTR55__reported__L010,SUBSTR55,reported,0.1,25,0.4254934787750244,0.8241347053320861,0.5435791838321276,0.28055552149995855,0.3519194910492689,0.19497124040571295,-0.0035523628358676285,0.33653781410078343,0.015381676948485468,0.037628452614932036,0.012840041738170827,0.17630480120393544,0.018666439201777518,-0.0051930937483361875,0.007246376811594203,0.0036231884057971015,0.37201177501725585,0.2433946218830293,0.2522474881015336,0.0010576414595452142
SUBSTR55__reported__L010,SUBSTR55,reported,0.1,50,0.4254934787750244,0.8007483629560337,0.45746752386303613,0.34328083909299756,0.3964995075554113,0.23449799782248337,0.023995390517626114,0.39617312585854697,0.0003263816968643307,0.037628452614932036,0.035515068233354874,0.2329076840078802,0.0015903138146031726,-0.0051930937483361875,0.007246376811594203,0.0036231884057971015,0.41005896609265013,0.2697666392976882,0.24219989423585406,0.0021152829190904283
SUBSTR55__reported__L010,SUBSTR55,reported,0.1,75,0.4254934787750244,0.7932647333956969,0.37940181409577206,0.41386291929992486,0.4621683945085505,0.30938365361592973,0.010943377834929546,0.4571706793971344,0.004997715111416112,0.037628452614932036,0.004233213400230751,0.30009471892332296,0.009288934692606776,-0.0051930937483361875,0.007246376811594203,0.0036231884057971015,0.4725629089570091,0.33703435152716416,0.08302485457429931,0.004759386567953464
SUBSTR55__reported__L010,SUBSTR55,reported,0.1,100,0.4254934787750244,0.7932647333956969,0.33169318003203896,0.46157155336365796,0.5095637573430088,0.3640695840521963,0.013155808115304923,0.5189060086342396,-0.009342251291230785,0.037628452614932036,0.0008422026558961848,0.37327994112689433,-0.009210357074698028,-0.0051930937483361875,0.007246376811594203,0.0036231884057971015,0.5193140943798888,0.38502759909068196,0.08302485457429931,0.007403490216816499
SUBSTR55__reported__L010,SUBSTR55,reported,0.1,125,0.4254934787750244,0.7820392890551918,0.27282438233496986,0.509214906720222,0.532384028551633,0.3995203417796218,0.03515845015978197,0.5143399186307513,0.01804410992088168,0.037628452614932036,0.03355588625841377,0.3751967394659054,0.024323602313716386,-0.0051930937483361875,0.007246376811594203,0.0036231884057971015,0.5040214449314916,0.3914569700001542,0.06927551560021153,0.01110523532522475
SUBSTR55__reported__L010,SUBSTR55,reported,0.1,150,0.4254934787750244,0.7661365762394762,0.24428477506080937,0.5218518011786668,0.4758101165631465,0.3463005654760892,-0.011184742748359122,0.5096414009222813,-0.033831284359134794,0.037628452614932036,-0.02074367886111972,0.3627405822567549,-0.0164400167806657,-0.0051930937483361875,0.007246376811594203,0.0036231884057971015,0.399862048395675,0.2950012689570808,0.06927551560021153,0.015335801163405606
SUBSTR55__reported__L010,SUBSTR55,reported,0.1,200,0.4254934787750244,0.6304957904583723,0.17131821757653481,0.4591775728818375,0.4691962945250134,0.3632932018494437,0.013513012157221727,0.4510055247369096,0.0181907697881038,0.037628452614932036,0.009621843482235937,0.34201931967265153,0.021273882176792158,-0.0051930937483361875,0.007246376811594203,0.0036231884057971015,0.3577304484079131,0.27813275897970685,0.046536224219989424,0.022739291380222106
SUBSTR55__reported__L010,SUBSTR55,reported,0.1,250,0.4254934787750244,0.3666978484565014,0.13331546730208088,0.2333823811544205,0.4404866380335984,0.3482097078421933,-0.015222292473087096,0.4474091808841665,-0.006922542850568092,0.037628452614932036,-0.015268414239686001,0.35563703281196424,-0.007427324969770943,-0.0051930937483361875,0.007246376811594203,0.0036231884057971015,0.2982221115714395,0.23796541949700575,0.041248016922263354,0.03225806451612903
SUBSTR55__reported__L010,SUBSTR55,reported,0.1,300,0.4254934787750244,0.28344246959775493,0.11481035039058358,0.16863211920717136,0.43059567657744724,0.3500093378445297,-0.005272511332711227,0.436701016810275,-0.006105340232827772,0.037628452614932036,-0.0057370830578937215,0.3557085929644257,-0.005699255119895996,-0.0051930937483361875,0.007246376811594203,0.0036231884057971015,0.2750925335524486,0.22640375915563518,0.033315705975674244,0.04283447911158118
SUBSTR55__reported__L010,SUBSTR55,reported,0.1,400,0.4254934787750244,0.2207670720299345,0.09105322100226003,0.12971385102767446,0.4239319690730533,0.3556372164892439,0.012819337149632237,0.36721526370687324,0.056716705366180065,0.037628452614932036,0.01358811765263307,0.2951514840946607,0.060485732394583214,-0.0051930937483361875,0.007246376811594203,0.0036231884057971015,0.25475781223764155,0.2187707197465624,0.03120042305658382,0.074034902168165
SUBSTR55__reported__L025,SUBSTR55,reported,0.25,25,0.4254934787750244,0.8185219831618334,0.5314707644143972,0.2870512187474362,0.36278460505026633,0.2086700013599453,0.007312751165129805,0.34106124008860617,0.021723364961660163,0.03938020866189089,0.026538802692403163,0.18013524538247452,0.028534755977470766,-0.003441337701377334,0.007246376811594203,0.0036231884057971015,0.38507078219217344,0.2593124340931618,0.254362771020624,0.0005288207297726071
SUBSTR55__reported__L025,SUBSTR55,reported,0.25,50,0.4254934787750244,0.7988774555659495,0.4636481567545215,0.335229298811428,0.4099532096858736,0.2517997693122955,0.03744909264808843,0.39881375163567473,0.011139458050198892,0.03938020866189089,0.052816839723166975,0.23302270237408204,0.018777066938213433,-0.003441337701377334,0.007246376811594203,0.0036231884057971015,0.4317394882951171,0.2948702179264124,0.24167107350608144,0.0021152829190904283
SUBSTR55__reported__L025,SUBSTR55,reported,0.25,75,0.4254934787750244,0.7913938260056127,0.3474067064158587,0.443987119589754,0.5090492682051522,0.3591843061667173,0.0578242515315312,0.5032501244211884,0.005799143783963734,0.03938020866189089,0.054033865951018334,0.316551989128076,0.04263231703864134,-0.003441337701377334,0.007246376811594203,0.0036231884057971015,0.5030072676840245,0.36561276231461,0.08302485457429931,0.0037017451084082496
SUBSTR55__reported__L025,SUBSTR55,reported,0.25,100,0.4254934787750244,0.7895229186155285,0.2956617793977784,0.4938611392177501,0.5207940815759324,0.36877408710324017,0.024386132348228506,0.5480691378340267,-0.027275056258094232,0.03938020866189089,0.005546705706940047,0.3681285656628289,0.0006455214404112453,-0.003441337701377334,0.007246376811594203,0.0036231884057971015,0.4974529170828124,0.35825938744659386,0.07086197778952935,0.006874669487043892
SUBSTR55__reported__L025,SUBSTR55,reported,0.25,125,0.4254934787750244,0.7811038353601497,0.2647264008483741,0.5163774345117755,0.5398165019309679,0.38327732407230336,0.04259092353911681,0.5555872921357254,-0.01577079020475758,0.03938020866189089,0.017312868551095317,0.3957695484318247,-0.012492224359521353,-0.003441337701377334,0.007246376811594203,0.0036231884057971015,0.5114871210044932,0.3693236456879121,0.06927551560021153,0.01110523532522475
SUBSTR55__reported__L025,SUBSTR55,reported,0.25,150,0.4254934787750244,0.774555659494855,0.2409789681275094,0.5335766913673456,0.5063888269488409,0.367081701939917,0.019393967637335308,0.5397899985260752,-0.03340117157723432,0.03938020866189089,3.745760270812415e-05,0.3845288229596849,-0.017447121019767864,-0.003441337701377334,0.007246376811594203,0.0036231884057971015,0.45386866742481957,0.3364518422352389,0.06927551560021153,0.01639344262295082
SUBSTR55__reported__L025,SUBSTR55,reported,0.25,200,0.4254934787750244,0.6267539756782039,0.16706301249647748,0.4596909631817264,0.47258242263100086,0.3628476223234375,0.01689914026320921,0.49075697061767004,-0.018174547986669176,0.03938020866189089,0.009176263956229724,0.3726507366368551,-0.009803114313417627,-0.003441337701377334,0.007246376811594203,0.0036231884057971015,0.3743983329581731,0.29379372494066064,0.04706504494976203,0.022739291380222106
SUBSTR55__reported__L025,SUBSTR55,reported,0.25,250,0.4254934787750244,0.5519176800748363,0.1238047670448122,0.42811291303002413,0.4824845019994797,0.38807164179547876,0.026775571492794192,0.46830960016992373,0.014174901829555941,0.03938020866189089,0.024593519713599465,0.37125280775144925,0.016818834044029507,-0.003441337701377334,0.007246376811594203,0.0036231884057971015,0.37067601349337725,0.30435980021801434,0.03120042305658382,0.03225806451612903
SUBSTR55__reported__L025,SUBSTR55,reported,0.25,300,0.4254934787750244,0.5519176800748363,0.10875381361176234,0.443163866463074,0.4968426625045924,0.41033960985936635,0.06097447459443395,0.470568768835291,0.02627389366930144,0.03938020866189089,0.05459318895694293,0.38643557905169357,0.023904030807672783,-0.003441337701377334,0.007246376811594203,0.0036231884057971015,0.3845027675045863,0.3220776017290498,0.03120042305658382,0.041248016922263354
SUBSTR55__reported__L025,SUBSTR55,reported,0.25,400,0.4254934787750244,0.27502338634237605,0.08688862461546226,0.1881347617269138,0.44110267268439896,0.3730661525836465,0.029990040760977887,0.37826524217302004,0.06283743051137891,0.03938020866189089,0.031017053747035672,0.30483733988950973,0.06822881269413678,-0.003441337701377334,0.007246376811594203,0.0036231884057971015,0.28938565202316097,0.24535470599739653,0.03120042305658382,0.06768905341089371
SUBSTR55__reported__L050,SUBSTR55,reported,0.5,25,0.4254934787750244,0.8222637979420019,0.5394124049654564,0.2828513929765455,0.31426376949912826,0.15798700518994668,-0.04120808438600826,0.3063182435181182,0.00794552598101006,0.04018817088812903,-0.024144193477595444,0.13580108348525863,0.022185921704688055,-0.002633375475139192,0.007246376811594203,0.0036231884057971015,0.3186735617011345,0.18696628011368235,0.3500793231094659,0.0015864621893178213
SUBSTR55__reported__L050,SUBSTR55,reported,0.5,50,0.4254934787750244,0.7960710944808232,0.42336381154706787,0.3727072829337554,0.4158490284884245,0.2488862938764146,0.04334491145063929,0.42351875376741094,-0.007669725278986461,0.04018817088812903,0.04990336428728609,0.2013976314308119,0.04748866244560268,-0.002633375475139192,0.007246376811594203,0.0036231884057971015,0.4253266716593691,0.2817544084310432,0.16181914331041777,0.0026441036488630354
SUBSTR55__reported__L050,SUBSTR55,reported,0.5,75,0.4254934787750244,0.7876520112254444,0.32546278500505654,0.4621892262203878,0.470967541756643,0.286375360686445,0.019742525083022044,0.4627505564593728,0.008216985297270218,0.04018817088812903,-0.018775079529254002,0.23785175167974007,0.04852360900670491,-0.002633375475139192,0.007246376811594203,0.0036231884057971015,0.440000353954257,0.2681110833545342,0.08143839238498149,0.0031729243786356425
SUBSTR55__reported__L050,SUBSTR55,reported,0.5,100,0.4254934787750244,0.7876520112254444,0.3119070596248399,0.4757449516006045,0.484655680760671,0.3033108037952562,-0.011752268467032922,0.5214362268418059,-0.0367805460811349,0.04018817088812903,-0.05991657760104391,0.33069398435404196,-0.027383180558785747,-0.002633375475139192,0.007246376811594203,0.0036231884057971015,0.4536218133360442,0.2875140841526167,0.07086197778952935,0.007932310946589107
SUBSTR55__reported__L050,SUBSTR55,reported,0.5,125,0.4254934787750244,0.7876520112254444,0.263351593416408,0.5243004178090364,0.5316391310349804,0.36323550246287034,0.03441355264312934,0.5624710898750349,-0.03083195884005452,0.04018817088812903,-0.002728953058337702,0.3871791096021482,-0.023943607139277845,-0.002633375475139192,0.007246376811594203,0.0036231884057971015,0.49926732630733356,0.35450123395423755,0.06927551560021153,0.013220518244315178
SUBSTR55__reported__L050,SUBSTR55,reported,0.5,150,0.4254934787750244,0.7811038353601497,0.23398822993979923,0.5471156054203505,0.533610968744931,0.3795140905659547,0.04661610943342537,0.5743183702323399,-0.04070740148740892,0.04018817088812903,0.012469846228745807,0.4143965861601747,-0.03488249559422002,-0.002633375475139192,0.007246376811594203,0.0036231884057971015,0.48984084352701013,0.36278450775645066,0.06768905341089371,0.015864621893178214
SUBSTR55__reported__L050,SUBSTR55,reported,0.5,200,0.4254934787750244,0.7736202057998129,0.19941222741314518,0.5742079783866678,0.5457720134102074,0.4101339186296472,0.09008873104241577,0.52484020972591,0.02093180368429748,0.04018817088812903,0.056462560262439454,0.3931133642200594,0.01702055440958783,-0.002633375475139192,0.007246376811594203,0.0036231884057971015,0.49211552925296065,0.37320167354033124,0.0671602326811211,0.024854574299312534
SUBSTR55__reported__L050,SUBSTR55,reported,0.5,250,0.4254934787750244,0.686623012160898,0.14827581204187115,0.5383472001190269,0.5280207947898037,0.42203336514598816,0.0723118642831182,0.4996396980638161,0.028381096725987598,0.04018817088812903,0.058555243064108864,0.3977036456489505,0.02432971949703766,-0.002633375475139192,0.007246376811594203,0.0036231884057971015,0.4480079149761846,0.3603033181087579,0.04918032786885246,0.033844526705446853
SUBSTR55__reported__L050,SUBSTR55,reported,0.5,300,0.4254934787750244,0.5509822263797942,0.11202044814606994,0.4389617782337243,0.4888212718614651,0.4012682305742669,0.052953083951306656,0.4816318823929386,0.007189389468526541,0.04018817088812903,0.045521809671843494,0.39707921969816723,0.004189010876099686,-0.002633375475139192,0.007246376811594203,0.0036231884057971015,0.37455254007651256,0.30979002306087716,0.03120042305658382,0.04389212057112639
SUBSTR55__reported__L050,SUBSTR55,reported,0.5,400,0.4254934787750244,0.4452759588400374,0.08286600310548715,0.36240995573455026,0.4827704290994754,0.41649743942244427,0.0716577971760543,0.39840224980115974,0.08436817929831564,0.04018817088812903,0.07444834058583344,0.3312481143512457,0.08524932507119859,-0.002633375475139192,0.007246376811594203,0.0036231884057971015,0.35214650205071535,0.30843119552045345,0.028027498677948175,0.0671602326811211
SUBSTR55__reported__L075,SUBSTR55,reported,0.75,25,0.4254934787750244,0.8409728718428437,0.5287073575724296,0.31226551427041416,0.36312839197171787,0.2126483141097236,0.007656538086581344,0.30960209164118396,0.053526300330533905,0.040696456662259496,0.03051711544218147,0.15666362511112245,0.05598468899860115,-0.002125089701008727,0.007246376811594203,0.0036231884057971015,0.3842532691198517,0.24932477378043102,0.34003172924378633,0.0010576414595452142
SUBSTR55__reported__L075,SUBSTR55,reported,0.75,50,0.4254934787750244,0.8203928905519177,0.39571928862116845,0.4246736019307492,0.4617346888818545,0.25432400265696437,0.0892305718440693,0.45731691307849043,0.004417775803364055,0.040696456662259496,0.055341073067835866,0.22481916052286646,0.029504842134097903,-0.002125089701008727,0.007246376811594203,0.0036231884057971015,0.47438176459266373,0.28371282383045093,0.19090428344791116,0.0031729243786356425
SUBSTR55__reported__L075,SUBSTR55,reported,0.75,75,0.4254934787750244,0.8082319925163705,0.32909589825452895,0.4791360942618415,0.5073163177880509,0.3097801090449214,0.05609130111442989,0.500071408008762,0.007244909779288822,0.040696456662259496,0.004629668829222444,0.28217404955770403,0.027606059487217394,-0.002125089701008727,0.007246376811594203,0.0036231884057971015,0.49310397395273614,0.30545388099007553,0.13167636171337915,0.004230565838180857
SUBSTR55__reported__L075,SUBSTR55,reported,0.75,100,0.4254934787750244,0.8072965388213283,0.2857924350208299,0.5215041038004984,0.5301955423534357,0.34973225390405127,0.03378759312573176,0.5244365593053806,0.005758983048055111,0.040696456662259496,-0.013495127492248848,0.32048197652520444,0.029250277378846834,-0.002125089701008727,0.007246376811594203,0.0036231884057971015,0.5069725835570639,0.345699340422934,0.12215758857747223,0.007403490216816499
SUBSTR55__reported__L075,SUBSTR55,reported,0.75,125,0.4254934787750244,0.8072965388213283,0.25543029388298205,0.5518662449383462,0.5614749591876103,0.3874968731646122,0.0642493807957592,0.555860228976623,0.00561473021098724,0.040696456662259496,0.021532417643404134,0.3728644783895839,0.014632394775028257,-0.002125089701008727,0.007246376811594203,0.0036231884057971015,0.5384252975258058,0.3815860235352397,0.06927551560021153,0.010576414595452142
SUBSTR55__reported__L075,SUBSTR55,reported,0.75,150,0.4254934787750244,0.7885874649204865,0.2291191414063471,0.5594683235141393,0.5694164889576385,0.4097292529745659,0.08242162964613292,0.5720432793893331,-0.002626790431694559,0.040696456662259496,0.042685008637357025,0.3965164508018963,0.013212802172669624,-0.002125089701008727,0.007246376811594203,0.0036231884057971015,0.5379962019876211,0.3945986013581952,0.06927551560021153,0.014806980433632998
SUBSTR55__reported__L075,SUBSTR55,reported,0.75,200,0.4254934787750244,0.7773620205799813,0.20339848017315504,0.5739635404068262,0.5445279797960006,0.40295767300693847,0.088844697428209,0.5421954319724499,0.0023325478235507457,0.040696456662259496,0.04928631463973071,0.41672508120412116,-0.013767408197182696,-0.002125089701008727,0.007246376811594203,0.0036231884057971015,0.49466552704979233,0.37017481916289147,0.06768905341089371,0.024854574299312534
SUBSTR55__reported__L075,SUBSTR55,reported,0.75,250,0.4254934787750244,0.7240411599625819,0.14875471934575105,0.5752864406168309,0.5364051078704181,0.4281598772550123,0.08069617736373258,0.4949667868557442,0.04143832101467387,0.040696456662259496,0.06468175517313302,0.3938918660331871,0.03426801122182521,-0.002125089701008727,0.007246376811594203,0.0036231884057971015,0.46023570332327474,0.3686861019531413,0.047593865679534636,0.034902168164992066
SUBSTR55__reported__L075,SUBSTR55,reported,0.75,300,0.4254934787750244,0.558465855940131,0.11618544865532991,0.44228040728480106,0.5122099978424363,0.42535402428922797,0.0763418099322778,0.48268677757743483,0.029523220265001426,0.040696456662259496,0.06960760338680455,0.4030230979504572,0.022330926338770762,-0.002125089701008727,0.007246376811594203,0.0036231884057971015,0.4082265512701078,0.3446675587779116,0.035430988894764676,0.044420941300899
SUBSTR55__reported__L075,SUBSTR55,reported,0.75,400,0.4254934787750244,0.5023386342376053,0.08428600159440107,0.4180526326432042,0.4504336767703068,0.3800225561918774,0.039321044846885755,0.4238035911343687,0.026630085635938106,0.040696456662259496,0.03797345735526658,0.3574525936310444,0.02256996256083299,-0.002125089701008727,0.007246376811594203,0.0036231884057971015,0.36319536418894516,0.3161557866493226,0.028027498677948175,0.06240084611316764
SUBSTR55__reported__L100,SUBSTR55,reported,1.0,25,0.4254934787750244,0.8260056127221702,0.4948429202863379,0.3311626924358323,0.3367675217135345,0.16830524891258303,-0.018704332171602,0.3783981928389957,-0.04163067112546115,0.04075770551954592,-0.0138259497549591,0.13808489850176722,0.030220350410815805,-0.0020638408437223046,0.007246376811594203,0.0036231884057971015,0.311406987407986,0.16766225839581517,0.28820729772607084,0.0010576414595452142
SUBSTR55__reported__L100,SUBSTR55,reported,1.0,50,0.4254934787750244,0.8185219831618334,0.3633911274075775,0.45513085575425594,0.46882606568377444,0.2548850551089498,0.09632194864598925,0.4383543494562461,0.030471716227528367,0.04075770551954592,0.05590212551982132,0.1931941498024025,0.06169090530654733,-0.0020638408437223046,0.007246376811594203,0.0036231884057971015,0.4470908727849479,0.26223825339605217,0.2014806980433633,0.004230565838180857
SUBSTR55__reported__L100,SUBSTR55,reported,1.0,75,0.4254934787750244,0.8082319925163705,0.3298780411032136,0.47835395141315684,0.4822578351481171,0.2771887468933338,0.031032818474496127,0.45564985997327934,0.02660797517483776,0.04075770551954592,-0.0279616933223652,0.22617888021161103,0.05100986668172275,-0.0020638408437223046,0.007246376811594203,0.0036231884057971015,0.4568602889699999,0.26982304727884937,0.18878900052882072,0.005288207297726071
SUBSTR55__reported__L100,SUBSTR55,reported,1.0,100,0.4254934787750244,0.8072965388213283,0.30283334666503836,0.50446319215629,0.513438612274323,0.3236515571411257,0.017030663046619043,0.5081097020656945,0.005328910208628468,0.04075770551954592,-0.03957582425517442,0.3029578290929555,0.020693728048170212,-0.0020638408437223046,0.007246376811594203,0.0036231884057971015,0.4905124879624454,0.3219137382461919,0.12215758857747223,0.008461131676361713
SUBSTR55__reported__L100,SUBSTR55,reported,1.0,125,0.4254934787750244,0.8072965388213283,0.27855599775968043,0.5287405410616479,0.5389806948694656,0.35766397216185786,0.041755116477614596,0.5438740587792048,-0.004893363909739157,0.04075770551954592,-0.008300483359350186,0.3525713320018364,0.005092640160021478,-0.0020638408437223046,0.007246376811594203,0.0036231884057971015,0.5164898817503331,0.35520358804423724,0.06927551560021153,0.011634056054997356
SUBSTR55__reported__L100,SUBSTR55,reported,1.0,150,0.4254934787750244,0.8072965388213283,0.2485812967037913,0.558715242117537,0.568124049805494,0.3968720946041246,0.08112919049398842,0.5582951860097414,0.009828863795752651,0.04075770551954592,0.0298278502669157,0.3924622473397753,0.004409847264349287,-0.0020638408437223046,0.007246376811594203,0.0036231884057971015,0.5449102190592027,0.3889989322768865,0.06927551560021153,0.016922263352723427
SUBSTR55__reported__L100,SUBSTR55,reported,1.0,200,0.4254934787750244,0.775491113189897,0.20415612854116713,0.5713349846487299,0.5340000813020217,0.3874569440019459,0.07831679893423005,0.5312656241115343,0.0027344571904873716,0.04075770551954592,0.03378558563473816,0.4012104298006792,-0.013753485798733311,-0.0020638408437223046,0.007246376811594203,0.0036231884057971015,0.48007875127117283,0.35182572912326066,0.06768905341089371,0.023268112109994712
SUBSTR55__reported__L100,SUBSTR55,reported,1.0,250,0.4254934787750244,0.7633302151543498,0.16201015319628284,0.601320061958067,0.5295332580238618,0.4137666855123491,0.07382432751717627,0.5221594795716555,0.007373778452206214,0.04075770551954592,0.05028856343046978,0.4152973625398076,-0.0015306770274585157,-0.0020638408437223046,0.007246376811594203,0.0036231884057971015,0.4559584163566424,0.36023817124458696,0.05076679005817028,0.035959809624537285
SUBSTR55__reported__L100,SUBSTR55,reported,1.0,300,0.4254934787750244,0.6117867165575304,0.11680067312156142,0.49498604343596897,0.5227554426084602,0.4339118484236955,0.08688725469830172,0.4586242477666093,0.06413119484185087,0.04075770551954592,0.07816542752127209,0.3728189826918394,0.06109286573185613,-0.0020638408437223046,0.007246376811594203,0.0036231884057971015,0.4247486474107873,0.35709505728894947,0.035430988894764676,0.04547858276044421
SUBSTR55__reported__L100,SUBSTR55,reported,1.0,400,0.4254934787750244,0.510757717492984,0.08646335382814394,0.4242943636648401,0.4563773139352965,0.3848019256350826,0.045264682011875446,0.438964533345597,0.017412780589699528,0.04075770551954592,0.042752826798471755,0.3717768289362879,0.013025096698794703,-0.0020638408437223046,0.007246376811594203,0.0036231884057971015,0.3727326148917433,0.3227048089585925,0.028027498677948175,0.06874669487043893
SUBSTR55__optimistic__L010,SUBSTR55,optimistic,0.1,25,0.4254934787750244,0.8185219831618334,0.5345052363211246,0.2840167468407089,0.3600393669897429,0.2025359877594792,0.004567513104606402,0.33653781410078343,0.023501552888959498,0.03327733557546965,0.020404789091937076,0.17630480120393544,0.026231186555543767,-0.009544210787798574,0.007246376811594203,0.0036231884057971015,0.3825803273290735,0.2525840984216388,0.25383395029085143,0.0010576414595452142
SUBSTR55__optimistic__L010,SUBSTR55,optimistic,0.1,50,0.4254934787750244,0.8016838166510758,0.47395696725449277,0.32772684939658303,0.38051759672682417,0.21394900665620592,0.008013479689038983,0.39617312585854697,-0.0156555291317228,0.03327733557546965,0.014966077067077421,0.2329076840078802,-0.01895867735167428,-0.009544210787798574,0.007246376811594203,0.0036231884057971015,0.3940347176223589,0.2550432904125933,0.24272871496562665,0.0026441036488630354
SUBSTR55__optimistic__L010,SUBSTR55,optimistic,0.1,75,0.4254934787750244,0.7932647333956969,0.38393735759178893,0.409327375803908,0.4582227852354337,0.3050548266419488,0.006997768561812723,0.4571706793971344,0.0010521058382992887,0.03327733557546965,-9.56135737502084e-05,0.30009471892332296,0.004960107718625817,-0.009544210787798574,0.007246376811594203,0.0036231884057971015,0.46898126310819155,0.33564827150059395,0.08355367530407191,0.005288207297726071
SUBSTR55__optimistic__L010,SUBSTR55,optimistic,0.1,100,0.4254934787750244,0.7932647333956969,0.3323598155843294,0.4609049178113675,0.5089132360841925,0.36457012765736335,0.012505286856488551,0.5189060086342396,-0.009992772550047158,0.03327733557546965,0.0013427462610632324,0.37327994112689433,-0.00870981346953098,-0.009544210787798574,0.007246376811594203,0.0036231884057971015,0.5186793012984349,0.38727580501261016,0.08355367530407191,0.007932310946589107
SUBSTR55__optimistic__L010,SUBSTR55,optimistic,0.1,125,0.4254934787750244,0.7801683816651076,0.2852470055827857,0.4949213760823219,0.49953713719735937,0.36476370963504956,0.002311558805508318,0.5143399186307513,-0.014802781433391976,0.03327733557546965,-0.001200745886158483,0.3751967394659054,-0.010433029830855867,-0.009544210787798574,0.007246376811594203,0.0036231884057971015,0.46285520740982694,0.34230374500262134,0.06927551560021153,0.010576414595452142
SUBSTR55__optimistic__L010,SUBSTR55,optimistic,0.1,150,0.4254934787750244,0.7652011225444341,0.2487988119767057,0.5164023105677283,0.4711312943388303,0.35076010924051704,-0.015863564972675326,0.5096414009222813,-0.038510106583451,0.03327733557546965,-0.016284135096691854,0.3627405822567549,-0.011980473016237836,-0.009544210787798574,0.007246376811594203,0.0036231884057971015,0.3956177724407816,0.29150779851478437,0.06927551560021153,0.015864621893178214
SUBSTR55__optimistic__L010,SUBSTR55,optimistic,0.1,200,0.4254934787750244,0.6304957904583723,0.17065647639628692,0.45983931406208545,0.4698243526793221,0.36791758781096595,0.014141070311530446,0.4510055247369096,0.01881882794241252,0.03327733557546965,0.014246229443758196,0.34201931967265153,0.025898268138314418,-0.009544210787798574,0.007246376811594203,0.0036231884057971015,0.358333418757981,0.2829162191810656,0.046536224219989424,0.0222104706504495
SUBSTR55__optimistic__L010,SUBSTR55,optimistic,0.1,250,0.4254934787750244,0.39943872778297473,0.1335520920967853,0.2658866356861894,0.45233463147631336,0.3611996956893785,-0.0033742990303721188,0.4474091808841665,0.004925450592146885,0.03327733557546965,-0.0022784263925008097,0.35563703281196424,0.005562662877414248,-0.009544210787798574,0.007246376811594203,0.0036231884057971015,0.3165469804917474,0.25688353948423787,0.041248016922263354,0.03278688524590164
SUBSTR55__optimistic__L010,SUBSTR55,optimistic,0.1,300,0.4254934787750244,0.2853133769878391,0.11646672395351454,0.16884665303432456,0.421492039720452,0.343835421919544,-0.01437614818970645,0.436701016810275,-0.015208977089822995,0.03327733557546965,-0.011910998982879395,0.3557085929644257,-0.01187317104488167,-0.009544210787798574,0.007246376811594203,0.0036231884057971015,0.2631989248705371,0.2175252177052032,0.03966155473294553,0.04389212057112639
SUBSTR55__optimistic__L010,SUBSTR55,optimistic,0.1,400,0.4254934787750244,0.20860617399438727,0.09640094136257985,0.11220523263180743,0.4141181828046165,0.3486779833476108,0.003005550881195418,0.36721526370687324,0.046902919097743245,0.03327733557546965,0.006628884510999966,0.2951514840946607,0.05352649925295011,-0.009544210787798574,0.007246376811594203,0.0036231884057971015,0.2429483038527257,0.21331907172411413,0.03120042305658382,0.0745637228979376
SUBSTR55__optimistic__L025,SUBSTR55,optimistic,0.25,25,0.4254934787750244,0.8185219831618334,0.5357794306132129,0.2827425525486206,0.3583979880698355,0.2057329533335675,0.002926134184699003,0.34106124008860617,0.01733674798122936,0.03417734716690359,0.023601754666025376,0.18013524538247452,0.02559770795109298,-0.008644199196364631,0.007246376811594203,0.0036231884057971015,0.38057132464611754,0.25708688457235,0.25383395029085143,0.0015864621893178213
SUBSTR55__optimistic__L025,SUBSTR55,optimistic,0.25,50,0.4254934787750244,0.8026192703461179,0.45980131893058934,0.34281795141552857,0.4331042689936885,0.2718369260951357,0.06060015195590329,0.39881375163567473,0.03429051735801375,0.03417734716690359,0.07285399650600721,0.23302270237408204,0.03881422372105367,-0.008644199196364631,0.007246376811594203,0.0036231884057971015,0.46287370655511845,0.32279006827867723,0.24272871496562665,0.0026441036488630354
SUBSTR55__optimistic__L025,SUBSTR55,optimistic,0.25,75,0.4254934787750244,0.7913938260056127,0.3637898437104364,0.4276039822951763,0.4934048350039286,0.348080095044667,0.04217981833030765,0.5032501244211884,-0.009845289417259817,0.03417734716690359,0.042929654828968045,0.316551989128076,0.031528105916591054,-0.008644199196364631,0.007246376811594203,0.0036231884057971015,0.4879169385472002,0.3571097030401535,0.08355367530407191,0.004230565838180857
SUBSTR55__optimistic__L025,SUBSTR55,optimistic,0.25,100,0.4254934787750244,0.7913938260056127,0.3269698891495902,0.4644239368560225,0.5297135101836329,0.38519700935327417,0.03330556095592896,0.5480691378340267,-0.01835562765039378,0.03417734716690359,0.021969627956974047,0.3681285656628289,0.017068443690445245,-0.008644199196364631,0.007246376811594203,0.0036231884057971015,0.5235889360494836,0.3907870015724908,0.08355367530407191,0.007932310946589107
SUBSTR55__optimistic__L025,SUBSTR55,optimistic,0.25,125,0.4254934787750244,0.7801683816651076,0.2847296640141338,0.4954387176509738,0.5000186112694561,0.3656176167563142,0.002793032877605073,0.5555872921357254,-0.055568680866269315,0.03417734716690359,-0.0003468387648938309,0.3957695484318247,-0.0301519316755105,-0.008644199196364631,0.007246376811594203,0.0036231884057971015,0.4633119695557332,0.34292955599391584,0.06980433632998413,0.010576414595452142
SUBSTR55__optimistic__L025,SUBSTR55,optimistic,0.25,150,0.4254934787750244,0.7670720299345183,0.24386448845052505,0.5232075414839932,0.49579991122950606,0.37853914441425335,0.008805051918000462,0.5397899985260752,-0.04399008729656917,0.03417734716690359,0.011494900077044456,0.3845288229596849,-0.0059896785454315316,-0.008644199196364631,0.007246376811594203,0.0036231884057971015,0.42799602714031426,0.3327272067734722,0.059227921734531994,0.015335801163405606
SUBSTR55__optimistic__L025,SUBSTR55,optimistic,0.25,200,0.4254934787750244,0.5958840037418148,0.1683371492857214,0.4275468544560934,0.4670973319103388,0.36585165403647824,0.011414049542547156,0.49075697061767004,-0.023659638707331232,0.03417734716690359,0.01218029566927048,0.3726507366368551,-0.006799082600376871,-0.008644199196364631,0.007246376811594203,0.0036231884057971015,0.35332124432573236,0.27912400123630615,0.0449497620306716,0.022739291380222106
SUBSTR55__optimistic__L025,SUBSTR55,optimistic,0.25,250,0.4254934787750244,0.42282507015902715,0.13449859127560299,0.28832647888342416,0.454755219563713,0.3651672425729603,-0.0009537109429724744,0.46830960016992373,-0.013554380606210725,0.03417734716690359,0.0016891204910809976,0.37125280775144925,-0.006085565178488961,-0.008644199196364631,0.007246376811594203,0.0036231884057971015,0.3204840786387222,0.26244710978248714,0.041248016922263354,0.03225806451612903
SUBSTR55__optimistic__L025,SUBSTR55,optimistic,0.25,300,0.4254934787750244,0.3676333021515435,0.1141478009654112,0.2534855011861323,0.4460104147963152,0.36529432597771183,0.010142226886156736,0.470568768835291,-0.02455835403897577,0.03417734716690359,0.00954790507528841,0.38643557905169357,-0.021141253073981736,-0.008644199196364631,0.007246376811594203,0.0036231884057971015,0.2974924051930301,0.2486037407074925,0.03120042305658382,0.04177683765203596
SUBSTR55__optimistic__L025,SUBSTR55,optimistic,0.25,400,0.4254934787750244,0.21328344246959777,0.09015404678238323,0.12312939568721454,0.42174636506280183,0.3538952443928939,0.010633733139380763,0.37826524217302004,0.04348112288978179,0.03417734716690359,0.01184614555628305,0.30483733988950973,0.04905790450338415,-0.008644199196364631,0.007246376811594203,0.0036231884057971015,0.2623522161612884,0.2257650566214835,0.03120042305658382,0.07139079851930195
SUBSTR55__optimistic__L050,SUBSTR55,optimistic,0.5,25,0.4254934787750244,0.8185219831618334,0.5377336407868788,0.28078834237495465,0.35652223191778076,0.20354812669481023,0.0010503780326442391,0.3063182435181182,0.05020398839966256,0.03488081551714331,0.021416928027268106,0.13580108348525863,0.0677470432095516,-0.007940730846124913,0.007246376811594203,0.0036231884057971015,0.3787259987103289,0.25462519721526605,0.2522474881015336,0.0015864621893178213
SUBSTR55__optimistic__L050,SUBSTR55,optimistic,0.5,50,0.4254934787750244,0.8026192703461179,0.46069316695562307,0.34192610339049484,0.4324495769341767,0.2726227942467355,0.059945459896391495,0.42351875376741094,0.008930823166765745,0.03488081551714331,0.07363986465760702,0.2013976314308119,0.07122516281592361,-0.007940730846124913,0.007246376811594203,0.0036231884057971015,0.4623395322577546,0.3234387359296878,0.24219989423585406,0.0026441036488630354
SUBSTR55__optimistic__L050,SUBSTR55,optimistic,0.5,75,0.4254934787750244,0.7913938260056127,0.3571907703400251,0.4342030556655876,0.49976947535787025,0.35826863328272585,0.04854445868424928,0.4627505564593728,0.037018918898497455,0.03488081551714331,0.053118193067026864,0.23785175167974007,0.12041688160298578,-0.007940730846124913,0.007246376811594203,0.0036231884057971015,0.4940953775846357,0.3670774581094225,0.08355367530407191,0.004230565838180857
SUBSTR55__optimistic__L050,SUBSTR55,optimistic,0.5,100,0.4254934787750244,0.7895229186155285,0.32389304837849986,0.4656298702370286,0.4934347497085201,0.3489172802596854,-0.0029731995191838445,0.5214362268418059,-0.028001477133285824,0.03488081551714331,-0.014310101136614739,0.33069398435404196,0.018223295905643422,-0.007940730846124913,0.007246376811594203,0.0036231884057971015,0.4708625528320131,0.3382682569159606,0.08355367530407191,0.007403490216816499
SUBSTR55__optimistic__L050,SUBSTR55,optimistic,0.5,125,0.4254934787750244,0.7820392890551918,0.2859115756202692,0.4961277134349226,0.5198110448470525,0.38083288817301914,0.022585466455201486,0.5624710898750349,-0.042660045027982374,0.03488081551714331,0.014868432651811092,0.3871791096021482,-0.006346221429129051,-0.007940730846124913,0.007246376811594203,0.0036231884057971015,0.491863355282095,0.3646426680192894,0.06927551560021153,0.012162876784769964
SUBSTR55__optimistic__L050,SUBSTR55,optimistic,0.5,150,0.4254934787750244,0.774555659494855,0.2557066394922258,0.5188490200026292,0.4923106557605601,0.3663011345288272,0.0053157964490544996,0.5743183702323399,-0.08200771447177979,0.03488081551714331,-0.0007431098083817145,0.4143965861601747,-0.04809545163134754,-0.007940730846124913,0.007246376811594203,0.0036231884057971015,0.44029517559485437,0.33415076965115165,0.06927551560021153,0.016922263352723427
SUBSTR55__optimistic__L050,SUBSTR55,optimistic,0.5,200,0.4254934787750244,0.6314312441534145,0.17416256458253446,0.45726867957088,0.46735748170357116,0.36189180548064015,0.011674199335779512,0.52484020972591,-0.05748272802233878,0.03488081551714331,0.008220447113432394,0.3931133642200594,-0.03122155873941923,-0.007940730846124913,0.007246376811594203,0.0036231884057971015,0.370243404045866,0.29035627008789994,0.048651507139079855,0.024325753569539928
SUBSTR55__optimistic__L050,SUBSTR55,optimistic,0.5,250,0.4254934787750244,0.5575304022450889,0.1319911766966606,0.42553922554842827,0.481131045386095,0.3890046466240993,0.02542211487940954,0.4996396980638161,-0.01850865267772106,0.03488081551714331,0.025526524542219986,0.3977036456489505,-0.008698999024851217,-0.007940730846124913,0.007246376811594203,0.0036231884057971015,0.372476823798086,0.3055002578260963,0.03648863035430989,0.03225806451612903
SUBSTR55__optimistic__L050,SUBSTR55,optimistic,0.5,300,0.4254934787750244,0.5369504209541628,0.11206575249269972,0.42488466846146306,0.48349886512390794,0.4003813832705351,0.04763067721374947,0.4816318823929386,0.0018669827309693576,0.03488081551714331,0.04463496236811165,0.39707921969816723,0.0033021635723678444,-0.007940730846124913,0.007246376811594203,0.0036231884057971015,0.36661390438234126,0.3050921837643638,0.03120042305658382,0.040719196192490745
SUBSTR55__optimistic__L050,SUBSTR55,optimistic,0.5,400,0.4254934787750244,0.2488306828811974,0.09039067157708763,0.15844001130410976,0.42737761343428254,0.35968581004755656,0.016264981510861476,0.39840224980115974,0.028975363633122808,0.03488081551714331,0.017636711210945732,0.3312481143512457,0.028437695696310883,-0.007940730846124913,0.007246376811594203,0.0036231884057971015,0.27059655770308366,0.2252684699164542,0.03120042305658382,0.06768905341089371
SUBSTR55__optimistic__L075,SUBSTR55,optimistic,0.75,25,0.4254934787750244,0.8203928905519177,0.5342457835029092,0.2861471070490085,0.3788392342229349,0.2239853618451593,0.023367380337798394,0.30960209164118396,0.06923714258175095,0.03574701103143557,0.04185416317761717,0.15666362511112245,0.06732173673403685,-0.0070745353318326515,0.007246376811594203,0.0036231884057971015,0.4101255526213186,0.28230288925888725,0.25383395029085143,0.0015864621893178213
SUBSTR55__optimistic__L075,SUBSTR55,optimistic,0.75,50,0.4254934787750244,0.8016838166510758,0.4479925440722987,0.3536912725787771,0.44465291545857566,0.2904204292713292,0.07214879842079047,0.45731691307849043,-0.012663997619914769,0.03574701103143557,0.09143749968220072,0.22481916052286646,0.06560126874846275,-0.0070745353318326515,0.007246376811594203,0.0036231884057971015,0.4746249006225038,0.33551962869761365,0.24378635642517188,0.0026441036488630354
SUBSTR55__optimistic__L075,SUBSTR55,optimistic,0.75,75,0.4254934787750244,0.7951356407857811,0.37273936019199755,0.4223962805937836,0.5078738783633467,0.36455065715150353,0.05664886168972577,0.500071408008762,0.007802470354584701,0.03574701103143557,0.05940021693580455,0.28217404955770403,0.0823766075937995,-0.0070745353318326515,0.007246376811594203,0.0036231884057971015,0.53443283445592,0.4038662998592015,0.08355367530407191,0.0037017451084082496
SUBSTR55__optimistic__L075,SUBSTR55,optimistic,0.75,100,0.4254934787750244,0.7932647333956969,0.3297605350422449,0.463504198353452,0.5113720268752457,0.3648660741711039,0.014964077647541818,0.5244365593053806,-0.013064532430134834,0.03574701103143557,0.0016386927748037738,0.32048197652520444,0.044384097645899456,-0.0070745353318326515,0.007246376811594203,0.0036231884057971015,0.5210359576379401,0.3871192540235268,0.08355367530407191,0.007403490216816499
SUBSTR55__optimistic__L075,SUBSTR55,optimistic,0.75,125,0.4254934787750244,0.7867165575304023,0.2901781410317645,0.4965384164986378,0.5039511585907124,0.36384233397165056,0.006725580198861325,0.555860228976623,-0.05190907038591064,0.03574701103143557,-0.0021221215495574874,0.3728644783895839,-0.009022144417933364,-0.0070745353318326515,0.007246376811594203,0.0036231884057971015,0.49346098267699584,0.3650152708463721,0.06874669487043893,0.01269169751454257
SUBSTR55__optimistic__L075,SUBSTR55,optimistic,0.75,150,0.4254934787750244,0.7782974742750234,0.25665590293149576,0.5216415713435276,0.4966244820373997,0.36647304069885694,0.009629622725894071,0.5720432793893331,-0.07541879735193341,0.03574701103143557,-0.000571203638351947,0.3965164508018963,-0.030043410103039347,-0.0070745353318326515,0.007246376811594203,0.0036231884057971015,0.4468155740510696,0.33588504206592734,0.06874669487043893,0.015864621893178214
SUBSTR55__optimistic__L075,SUBSTR55,optimistic,0.75,200,0.4254934787750244,0.6230121608980356,0.17289191049367575,0.4501202504043598,0.46575677841230756,0.35923803668678034,0.010073496044515906,0.5421954319724499,-0.07643865356014234,0.03574701103143557,0.005566678319572582,0.41672508120412116,-0.057487044517340824,-0.0070745353318326515,0.007246376811594203,0.0036231884057971015,0.36710813332806236,0.2807662264775562,0.05076679005817028,0.02168164992067689
SUBSTR55__optimistic__L075,SUBSTR55,optimistic,0.75,250,0.4254934787750244,0.49111318989710007,0.14368084567752107,0.347432344219579,0.47407167042986975,0.37989798189308643,0.018362739923184268,0.4949667868557442,-0.020895116425874438,0.03574701103143557,0.016419859811207138,0.3938918660331871,-0.013993884140100665,-0.0070745353318326515,0.007246376811594203,0.0036231884057971015,0.3669626770578916,0.2904867631549847,0.0370174510840825,0.03120042305658382
SUBSTR55__optimistic__L075,SUBSTR55,optimistic,0.75,300,0.4254934787750244,0.34424695977549113,0.10870568040789699,0.23554127936759414,0.46004472773060795,0.3768423937251421,0.024176539820449483,0.48268677757743483,-0.022642049846826884,0.03574701103143557,0.02109597282271869,0.4030230979504572,-0.0261807042253151,-0.0070745353318326515,0.007246376811594203,0.0036231884057971015,0.33021115392529476,0.26857952516715766,0.03120042305658382,0.040719196192490745
SUBSTR55__optimistic__L075,SUBSTR55,optimistic,0.75,400,0.4254934787750244,0.2441534144059869,0.08693594957440313,0.15721746483158378,0.43907531641871145,0.375300937714401,0.02796268449529038,0.4238035911343687,0.01527172528434273,0.03574701103143557,0.03325183887779015,0.3574525936310444,0.01784834408335656,-0.0070745353318326515,0.007246376811594203,0.0036231884057971015,0.28583959679556636,0.2471648914680328,0.03120042305658382,0.06874669487043893
SUBSTR55__optimistic__L100,SUBSTR55,optimistic,1.0,25,0.4254934787750244,0.8185219831618334,0.5359122466584083,0.28260973650342514,0.3378617613555659,0.18324744130241075,-0.01761009252957063,0.3783981928389957,-0.04053643148342978,0.036278308757661394,0.0011162426348686194,0.13808489850176722,0.045162542800643524,-0.006543237605606829,0.007246376811594203,0.0036231884057971015,0.3527785809233224,0.22743447198958,0.2548915917503966,0.0010576414595452142
SUBSTR55__optimistic__L100,SUBSTR55,optimistic,1.0,50,0.4254934787750244,0.8016838166510758,0.4524800603470439,0.3492037563040319,0.4009882216463167,0.24624663298129926,0.028484104608531513,0.4383543494562461,-0.03736612780992937,0.036278308757661394,0.04726370339217076,0.1931941498024025,0.05305248317889677,-0.006543237605606829,0.007246376811594203,0.0036231884057971015,0.4136854837857767,0.2771431049538032,0.24484399788471709,0.0026441036488630354
SUBSTR55__optimistic__L100,SUBSTR55,optimistic,1.0,75,0.4254934787750244,0.7923292797006548,0.3984239090558988,0.393905370644756,0.42152145236268634,0.28133730979971827,-0.029703564310934627,0.45564985997327934,-0.03412840761059299,0.036278308757661394,-0.02381313041598071,0.22617888021161103,0.05515842958810724,-0.006543237605606829,0.007246376811594203,0.0036231884057971015,0.4228499992655926,0.2930037896026925,0.15124272871496564,0.004230565838180857
SUBSTR55__optimistic__L100,SUBSTR55,optimistic,1.0,100,0.4254934787750244,0.7923292797006548,0.3437340278241319,0.4485952518765229,0.4780565666082599,0.3354339543351731,-0.018351382619444023,0.5081097020656945,-0.0300531354574346,0.036278308757661394,-0.02779342706112703,0.3029578290929555,0.0324761252422176,-0.006543237605606829,0.007246376811594203,0.0036231884057971015,0.47983140422065557,0.3524250797710444,0.08302485457429931,0.007403490216816499
SUBSTR55__optimistic__L100,SUBSTR55,optimistic,1.0,125,0.4254934787750244,0.7867165575304023,0.2764546465870494,0.5102619109433528,0.5170352301579059,0.3663971285352186,0.019809651766054814,0.5438740587792048,-0.026838828621298938,0.036278308757661394,0.000432673014010565,0.3525713320018364,0.013825796533382229,-0.006543237605606829,0.007246376811594203,0.0036231884057971015,0.5060557954674373,0.36918834460218203,0.06874669487043893,0.010047593865679535
SUBSTR55__optimistic__L100,SUBSTR55,optimistic,1.0,150,0.4254934787750244,0.7792329279700655,0.2608499553555396,0.5183829726145259,0.5032841286446853,0.363984301484614,0.0162892693331797,0.5582951860097414,-0.05501105736505607,0.036278308757661394,-0.0030599428525948658,0.3924622473397753,-0.02847794585516128,-0.006543237605606829,0.007246376811594203,0.0036231884057971015,0.4576140859033422,0.32768922134842143,0.06874669487043893,0.015864621893178214
SUBSTR55__optimistic__L100,SUBSTR55,optimistic,1.0,200,0.4254934787750244,0.7652011225444341,0.21896898091107214,0.546232141633362,0.48033355595672295,0.36836936393805064,0.024650273588931293,0.5312656241115343,-0.05093206815481138,0.036278308757661394,0.014698005570842887,0.4012104298006792,-0.03284106586262858,-0.006543237605606829,0.007246376811594203,0.0036231884057971015,0.41046164751317193,0.3104004331860687,0.05499735589635114,0.023796932839767318
SUBSTR55__optimistic__L100,SUBSTR55,optimistic,1.0,250,0.4254934787750244,0.5884003741814781,0.14150510993362705,0.446895264247851,0.4907841773776499,0.3976640706973413,0.035075246870964416,0.5221594795716555,-0.03137530219400564,0.036278308757661394,0.03418594861546198,0.4152973625398076,-0.017633291842466314,-0.006543237605606829,0.007246376811594203,0.0036231884057971015,0.3888379649856228,0.3133985083846508,0.0370174510840825,0.03278688524590164
SUBSTR55__optimistic__L100,SUBSTR55,optimistic,1.0,300,0.4254934787750244,0.5285313376987839,0.11840810523570254,0.41012323246308136,0.47989661901947,0.3974910991876732,0.04402843110931154,0.4586242477666093,0.02127237125286069,0.036278308757661394,0.0417446782852498,0.3728189826918394,0.02467211649583384,-0.006543237605606829,0.007246376811594203,0.0036231884057971015,0.36380243900600745,0.3025125166864939,0.0370174510840825,0.041248016922263354
SUBSTR55__optimistic__L100,SUBSTR55,optimistic,1.0,400,0.4254934787750244,0.29560336763330214,0.08859232313733406,0.20701104449596808,0.429749868349193,0.36392643794062296,0.01863723642577192,0.438964533345597,-0.009214664996403998,0.036278308757661394,0.021877339104012128,0.3717768289362879,-0.007850390995664924,-0.006543237605606829,0.007246376811594203,0.0036231884057971015,0.28322726331285686,0.2410258542553998,0.03120042305658382,0.06927551560021153
SUBSTR55__pessimistic__L010,SUBSTR55,pessimistic,0.1,25,0.4254934787750244,0.823199251637044,0.5398869142431891,0.28331233739385486,0.3401065427724396,0.178438645665975,-0.0153653111126969,0.33653781410078343,0.003568728671656196,0.3544448626646565,-0.0036925530015671226,0.17630480120393544,0.002133844462039569,0.3116233163013883,0.6014492753623188,0.21541449905294296,0.3515950410079804,0.22229230840009617,0.25383395029085143,0.0015864621893178213
SUBSTR55__pessimistic__L010,SUBSTR55,pessimistic,0.1,50,0.4254934787750244,0.8129092609915809,0.4608856498305308,0.3520236111610501,0.38111735746586056,0.22055065539367616,0.008613240428075375,0.39617312585854697,-0.015055768392686408,0.3544448626646565,0.02156772580454766,0.2329076840078802,-0.01235702861420404,0.3116233163013883,0.6014492753623188,0.21541449905294296,0.38131075579565094,0.24276413171263633,0.24272871496562665,0.0031729243786356425
SUBSTR55__pessimistic__L010,SUBSTR55,pessimistic,0.1,75,0.4254934787750244,0.7970065481758652,0.38250406964366807,0.4145024785321972,0.44473697489509045,0.29242901977978725,-0.006488041778530518,0.4571706793971344,-0.012433704502043952,0.3544448626646565,-0.012721420435911734,0.30009471892332296,-0.007665699143535709,0.3116233163013883,0.6014492753623188,0.21541449905294296,0.4448259483359644,0.31613685979291745,0.09941829719725014,0.005817028027498678
SUBSTR55__pessimistic__L010,SUBSTR55,pessimistic,0.1,100,0.4254934787750244,0.7932647333956969,0.32217936180827256,0.47108537158742436,0.4805540817366572,0.33075113157924024,-0.015853867491046725,0.5189060086342396,-0.03835192689758243,0.3544448626646565,-0.03247624981705988,0.37327994112689433,-0.04252880954765409,0.3116233163013883,0.6014492753623188,0.21541449905294296,0.44749100471614156,0.3088996244314021,0.08249603384452671,0.007403490216816499
SUBSTR55__pessimistic__L010,SUBSTR55,pessimistic,0.1,125,0.4254934787750244,0.7839101964452759,0.2727486615760291,0.5111615348692469,0.4890779905599479,0.35186086702607866,-0.00814758783190317,0.5143399186307513,-0.025261928070803463,0.3544448626646565,-0.014103588495129382,0.3751967394659054,-0.023335872439826766,0.3116233163013883,0.6014492753623188,0.21541449905294296,0.4261225397280093,0.30773301429611705,0.06927551560021153,0.010047593865679535
SUBSTR55__pessimistic__L010,SUBSTR55,pessimistic,0.1,150,0.4254934787750244,0.7698783910196445,0.2304603246545129,0.5394180663651316,0.49775091993389015,0.3726909054217479,0.010756060622384545,0.5096414009222813,-0.011890480988391128,0.3544448626646565,0.005646661084538984,0.3627405822567549,0.009950323164993002,0.3116233163013883,0.6014492753623188,0.21541449905294296,0.42276940776990335,0.3183143366386618,0.0671602326811211,0.013220518244315178
SUBSTR55__pessimistic__L010,SUBSTR55,pessimistic,0.1,200,0.4254934787750244,0.6398503274087932,0.1592495448016851,0.48060078260710815,0.48737807903778263,0.3762367804135436,0.03169479666999098,0.4510055247369096,0.03637255430087305,0.3544448626646565,0.022565422046335826,0.34201931967265153,0.03421746074089205,0.3116233163013883,0.6014492753623188,0.21541449905294296,0.37437030204505334,0.29026186522341885,0.046007403490216814,0.021152829190904283
SUBSTR55__pessimistic__L010,SUBSTR55,pessimistic,0.1,250,0.4254934787750244,0.4331150608044902,0.13104361955223107,0.30207144125225915,0.46162817945132645,0.3705434940381047,0.005919248944640965,0.4474091808841665,0.014218998567159968,0.3544448626646565,0.007065371956225419,0.35563703281196424,0.014906461226140477,0.3116233163013883,0.6014492753623188,0.21541449905294296,0.3270561153668207,0.2657957004142617,0.041248016922263354,0.033315705975674244
SUBSTR55__pessimistic__L010,SUBSTR55,pessimistic,0.1,300,0.4254934787750244,0.3255378858746492,0.1156621996515195,0.20987568622312971,0.38162152468794597,0.3028148095626994,-0.0542466632222125,0.436701016810275,-0.05507949212232904,0.3544448626646565,-0.052931611339724016,0.3557085929644257,-0.05289378340172629,0.3116233163013883,0.6014492753623188,0.21541449905294296,0.20506343174777572,0.16114575772905923,0.041248016922263354,0.044420941300899
SUBSTR55__pessimistic__L010,SUBSTR55,pessimistic,0.1,400,0.4254934787750244,0.245088868101029,0.09772604021292458,0.14736282788810443,0.35238390425464816,0.28018051409393663,-0.058728727668772907,0.36721526370687324,-0.014831359452225079,0.3544448626646565,-0.061868584742674204,0.2951514840946607,-0.01497097000072406,0.3116233163013883,0.6014492753623188,0.21541449905294296,0.15610383202348335,0.1213872633704604,0.033315705975674244,0.07615018508725542
SUBSTR55__pessimistic__L025,SUBSTR55,pessimistic,0.25,25,0.4254934787750244,0.8157156220767072,0.5296551573569291,0.2860604647197781,0.34796102911635574,0.17359150894087563,-0.007510824768780788,0.34106124008860617,0.00689978902774957,0.50090788351007,-0.008539689726666494,0.18013524538247452,-0.006543736441598891,0.45808633714680175,0.6376811594202898,0.2851704486715928,0.36210613410187875,0.21749508519548555,0.25647805393971446,0.0010576414595452142
SUBSTR55__pessimistic__L025,SUBSTR55,pessimistic,0.25,50,0.4254934787750244,0.8054256314312441,0.4619395525521085,0.3434860788791356,0.3981352390134534,0.22482652666161757,0.025631121975668192,0.39881375163567473,-0.00067851262222135,0.50090788351007,0.025843597072489066,0.23302270237408204,-0.008196175712464476,0.45808633714680175,0.6376811594202898,0.2851704486715928,0.40858634227982465,0.2571322779150457,0.24219989423585406,0.0026441036488630354
SUBSTR55__pessimistic__L025,SUBSTR55,pessimistic,0.25,75,0.4254934787750244,0.8007483629560337,0.3785683005149523,0.42218006244108136,0.48818795902602696,0.32479336402662823,0.03696294235240599,0.5032501244211884,-0.015062165395161475,0.50090788351007,0.019642923810929247,0.316551989128076,0.008241374898552256,0.45808633714680175,0.6376811594202898,0.2851704486715928,0.503785942741572,0.362975968030727,0.08514013749338974,0.004759386567953464
SUBSTR55__pessimistic__L025,SUBSTR55,pessimistic,0.25,100,0.4254934787750244,0.7951356407857811,0.3264450795862686,0.4686905611995125,0.5156795842101162,0.36218998978470784,0.019271634982412245,0.5480691378340267,-0.032389553623910494,0.50090788351007,-0.0010373916115922754,0.3681285656628289,-0.005938575878121077,0.45808633714680175,0.6376811594202898,0.2851704486715928,0.49909463199779375,0.35731250878076587,0.08249603384452671,0.007932310946589107
SUBSTR55__pessimistic__L025,SUBSTR55,pessimistic,0.25,125,0.4254934787750244,0.7839101964452759,0.28407005791128065,0.4998401385339953,0.47807250654063677,0.30770817693542024,-0.019153071851214287,0.5555872921357254,-0.07751478559508868,0.50090788351007,-0.0582562785857878,0.3957695484318247,-0.08806137149640447,0.45808633714680175,0.6376811594202898,0.2851704486715928,0.4154054207623903,0.2528445723435567,0.07033315705975675,0.01110523532522475
SUBSTR55__pessimistic__L025,SUBSTR55,pessimistic,0.25,150,0.4254934787750244,0.775491113189897,0.23307516115443225,0.5424159520354648,0.5000641633892401,0.3600172989532859,0.01306930407773449,0.5397899985260752,-0.03972583513683514,0.50090788351007,-0.007026945383923011,0.3845288229596849,-0.024511524006399,0.45808633714680175,0.6376811594202898,0.2851704486715928,0.4258578831015725,0.3080369445258487,0.06874669487043893,0.013749338974087784
SUBSTR55__pessimistic__L025,SUBSTR55,pessimistic,0.25,200,0.4254934787750244,0.6810102899906455,0.181084581286728,0.4999257087039175,0.4994331193460899,0.37510792688310524,0.04374983697829826,0.49075697061767004,0.008676148728419875,0.50090788351007,0.02143656851589748,0.3726507366368551,0.0024571902462501294,0.45808633714680175,0.6376811594202898,0.2851704486715928,0.3991235171358214,0.29760517528009994,0.059227921734531994,0.023796932839767318
SUBSTR55__pessimistic__L025,SUBSTR55,pessimistic,0.25,250,0.4254934787750244,0.6267539756782039,0.1425952004791163,0.48415877519908757,0.49190974736986764,0.3946403046551924,0.03620081686318216,0.46830960016992373,0.02360014719994391,0.50090788351007,0.031162182573313102,0.37125280775144925,0.023387496903743143,0.45808633714680175,0.6376811594202898,0.2851704486715928,0.3738438842877347,0.3093599490899893,0.04389212057112639,0.03225806451612903
SUBSTR55__pessimistic__L025,SUBSTR55,pessimistic,0.25,300,0.4254934787750244,0.5509822263797942,0.12905622099740138,0.42192600538239283,0.41136336605673307,0.32053526782528063,-0.024504821853425396,0.470568768835291,-0.0592054027785579,0.50090788351007,-0.03521115307714279,0.38643557905169357,-0.06590031122641293,0.45808633714680175,0.6376811594202898,0.2851704486715928,0.2553420784244147,0.1995599432946684,0.03966155473294553,0.0449497620306716
SUBSTR55__pessimistic__L025,SUBSTR55,pessimistic,0.25,400,0.4254934787750244,0.43592142188961647,0.1105045873718876,0.32541683451772885,0.39793734466993697,0.31662786812246746,-0.013175287253484103,0.37826524217302004,0.01967210249691692,0.50090788351007,-0.025421230714143372,0.30483733988950973,0.011790528232957731,0.45808633714680175,0.6376811594202898,0.2851704486715928,0.22915322076645803,0.18187092906239397,0.03966155473294553,0.0898995240613432
SUBSTR55__pessimistic__L050,SUBSTR55,pessimistic,0.5,25,0.4254934787750244,0.8325537885874649,0.522789030675459,0.30976475791200586,0.3751841029884479,0.19413667749317237,0.019712249103311374,0.3063182435181182,0.0688658594703297,0.5440120379821497,0.012005478825630245,0.13580108348525863,0.058335594007913744,0.5011904916188815,0.6811594202898551,0.33781404204745163,0.3923295509328259,0.23958315861375415,0.254362771020624,0.0005288207297726071
SUBSTR55__pessimistic__L050,SUBSTR55,pessimistic,0.5,50,0.4254934787750244,0.8278765201122544,0.45620625675719656,0.3716702633550579,0.4268451102530189,0.24489907265566752,0.054340993215233724,0.42351875376741094,0.003326356485607973,0.5440120379821497,0.04591614306653902,0.2013976314308119,0.04350144122485561,0.5011904916188815,0.6811594202898551,0.33781404204745163,0.43889361251756703,0.2757246948145174,0.24325753569539926,0.0015864621893178213
SUBSTR55__pessimistic__L050,SUBSTR55,pessimistic,0.5,75,0.4254934787750244,0.8072965388213283,0.3744994949308773,0.43279704389045104,0.5091632138271152,0.3327792207705218,0.057938197153494186,0.4627505564593728,0.04641265736774236,0.5440120379821497,0.027628780554822818,0.23785175167974007,0.09492746909078173,0.5011904916188815,0.6811594202898551,0.33781404204745163,0.5311896804798477,0.37644301599500324,0.1195134849286092,0.005288207297726071
SUBSTR55__pessimistic__L050,SUBSTR55,pessimistic,0.5,100,0.4254934787750244,0.794200187090739,0.30254798471408023,0.4916522023766588,0.5174854135584303,0.327078126216094,0.021077464330726325,0.5214362268418059,-0.003950813283375654,0.5440120379821497,-0.03614925518020612,0.33069398435404196,-0.003615858137947958,0.5011904916188815,0.6811594202898551,0.33781404204745163,0.4778115274475068,0.29708832310150224,0.08143839238498149,0.008461131676361713
SUBSTR55__pessimistic__L050,SUBSTR55,pessimistic,0.5,125,0.4254934787750244,0.7857811038353602,0.2735887509778339,0.5121923528575263,0.48808466729913086,0.29830572941568767,-0.009140911092720194,0.5624710898750349,-0.07438642257590405,0.5440120379821497,-0.06765872610552037,0.3871791096021482,-0.08887338018646052,0.5011904916188815,0.6811594202898551,0.33781404204745163,0.42409077496178543,0.24224629925992192,0.08143839238498149,0.01110523532522475
SUBSTR55__pessimistic__L050,SUBSTR55,pessimistic,0.5,150,0.4254934787750244,0.7857811038353602,0.24157324681764122,0.5442078570177189,0.5192094981717106,0.35668700411722,0.03221463886020498,0.5743183702323399,-0.05510887206062931,0.5440120379821497,-0.010357240219988906,0.4143965861601747,-0.05770958204295473,0.5011904916188815,0.6811594202898551,0.33781404204745163,0.45441244517236057,0.30637791170301815,0.0671602326811211,0.016922263352723427
SUBSTR55__pessimistic__L050,SUBSTR55,pessimistic,0.5,200,0.4254934787750244,0.7689429373246024,0.21385446896537283,0.5550884683592295,0.5204806855795028,0.3707876580624566,0.06479740321171112,0.52484020972591,-0.004359524146407168,0.5440120379821497,0.01711629969524886,0.3931133642200594,-0.022325706157602765,0.5011904916188815,0.6811594202898551,0.33781404204745163,0.4494931989952596,0.32364075526868297,0.0671602326811211,0.02749867794817557
SUBSTR55__pessimistic__L050,SUBSTR55,pessimistic,0.5,250,0.4254934787750244,0.7623947614593077,0.1931064169680534,0.5692883444912543,0.5055759933776716,0.3700481813975341,0.04986706287098608,0.4996396980638161,0.0059362953138554775,0.5440120379821497,0.006570059315654797,0.3977036456489505,-0.027655464251416406,0.5011904916188815,0.6811594202898551,0.33781404204745163,0.4203048976131058,0.31142620380054703,0.0671602326811211,0.04283447911158118
SUBSTR55__pessimistic__L050,SUBSTR55,pessimistic,0.5,300,0.4254934787750244,0.7539756782039289,0.18836171592877862,0.5656139622751503,0.48307254916188014,0.3498383316472027,0.04720436125172167,0.4816318823929386,0.0014406667689415564,0.5440120379821497,-0.005908089255220739,0.39707921969816723,-0.04724088805096455,0.5011904916188815,0.6811594202898551,0.33781404204745163,0.38769256442715144,0.2823046594819158,0.06557377049180328,0.06874669487043893
SUBSTR55__pessimistic__L050,SUBSTR55,pessimistic,0.5,400,0.4254934787750244,0.7511693171188026,0.17348308918807917,0.5776862279307234,0.43066193238406736,0.31019544094092943,0.01954930046064629,0.39840224980115974,0.03225968258290762,0.5440120379821497,-0.0318536578956814,0.3312481143512457,-0.021052673410316247,0.5011904916188815,0.6811594202898551,0.33781404204745163,0.31256770961506763,0.22268206237152244,0.06398730830248546,0.1263881544156531
SUBSTR55__pessimistic__L075,SUBSTR55,pessimistic,0.75,25,0.4254934787750244,0.8456501403180543,0.5328147265634209,0.3128354137546334,0.3224223862492046,0.14520528605392216,-0.03304946763593192,0.30960209164118396,0.012820294608020644,0.5800370051823117,-0.036925912613619966,0.15666362511112245,-0.011458339057200284,0.5372154588190435,0.7391304347826086,0.3801321422030804,0.32090042886702436,0.1698210070952755,0.2786885245901639,0.0010576414595452142
SUBSTR55__pessimistic__L075,SUBSTR55,pessimistic,0.75,50,0.4254934787750244,0.8306828811973808,0.35388082558306283,0.47680205561431793,0.48151576411739555,0.2388727838361877,0.10901164707961036,0.45731691307849043,0.024198851038905123,0.5800370051823117,0.03988985424705921,0.22481916052286646,0.014053623313321245,0.5372154588190435,0.7391304347826086,0.3801321422030804,0.476285044610977,0.25307648193105176,0.19037546271813854,0.0031729243786356425
SUBSTR55__pessimistic__L075,SUBSTR55,pessimistic,0.75,75,0.4254934787750244,0.8082319925163705,0.31556507842710335,0.4926669140892671,0.4766033948934621,0.23702097655687981,0.025378378219841125,0.500071408008762,-0.023468013115299946,0.5800370051823117,-0.06812946365881917,0.28217404955770403,-0.04515307300082422,0.5372154588190435,0.7391304347826086,0.3801321422030804,0.4466272265262326,0.23009463473908384,0.19037546271813854,0.006345848757271285
SUBSTR55__pessimistic__L075,SUBSTR55,pessimistic,0.75,100,0.4254934787750244,0.8016838166510758,0.28878326484600414,0.5129005518050717,0.4765356187028309,0.24945333774088474,-0.019872330524873028,0.5244365593053806,-0.04790094060254968,0.5800370051823117,-0.11377404365541538,0.32048197652520444,-0.0710286387843197,0.5372154588190435,0.7391304347826086,0.3801321422030804,0.4138666631785642,0.20458556162860178,0.1718667371760973,0.010576414595452142
SUBSTR55__pessimistic__L075,SUBSTR55,pessimistic,0.75,125,0.4254934787750244,0.7885874649204865,0.28045860171871306,0.5081288632017734,0.46936273387877536,0.2464195676052712,-0.02786284451307569,0.555860228976623,-0.08649749509784765,0.5800370051823117,-0.11954488791593684,0.3728644783895839,-0.12644491078431272,0.5372154588190435,0.7391304347826086,0.3801321422030804,0.40494578370029294,0.2000638103626694,0.16181914331041777,0.017451084082496033
SUBSTR55__pessimistic__L075,SUBSTR55,pessimistic,0.75,150,0.4254934787750244,0.7867165575304023,0.2626626420191499,0.5240539155112524,0.4860415338365488,0.28613457484507604,-0.000953325474956801,0.5720432793893331,-0.08600174555278428,0.5800370051823117,-0.08090966949213285,0.3965164508018963,-0.11038187595682025,0.5372154588190435,0.7391304347826086,0.3801321422030804,0.42183968567124075,0.25002469726262616,0.16181914331041777,0.023796932839767318
SUBSTR55__pessimistic__L075,SUBSTR55,pessimistic,0.75,200,0.4254934787750244,0.784845650140318,0.25688612326863075,0.5279595268716872,0.4909410804676561,0.29801485776207004,0.03525779809986446,0.5421954319724499,-0.051254351504793794,0.5800370051823117,-0.055656500605137715,0.41672508120412116,-0.11871022344205112,0.5372154588190435,0.7391304347826086,0.3801321422030804,0.42715883150290357,0.26388005871908643,0.16181914331041777,0.046536224219989424
SUBSTR55__pessimistic__L075,SUBSTR55,pessimistic,0.75,250,0.4254934787750244,0.7820392890551918,0.2550877748288771,0.5269515142263147,0.4881151795652156,0.2957479303569569,0.03240624905853012,0.4949667868557442,-0.006851607290528583,0.5800370051823117,-0.0677301917249224,0.3938918660331871,-0.0981439356762302,0.5372154588190435,0.7391304347826086,0.3801321422030804,0.4288098210954791,0.26545213292396497,0.16181914331041777,0.08672659968270756
SUBSTR55__pessimistic__L075,SUBSTR55,pessimistic,0.75,300,0.4254934787750244,0.7820392890551918,0.23824394932547224,0.5437953397297196,0.5082756440504599,0.3388383532809527,0.07240745614030142,0.48268677757743483,0.02558886647302505,0.5800370051823117,-0.016908067621470735,0.4030230979504572,-0.06418474466950452,0.5372154588190435,0.7391304347826086,0.3801321422030804,0.45058493450819664,0.3010798379870437,0.10629296668429403,0.10523532522474881
SUBSTR55__pessimistic__L075,SUBSTR55,pessimistic,0.75,400,0.4254934787750244,0.775491113189897,0.22000141496119127,0.5554896982287058,0.4437886846377007,0.2884649605226058,0.032676052714279646,0.4238035911343687,0.019985093503331997,0.5800370051823117,-0.05358413831400505,0.3574525936310444,-0.06898763310843864,0.5372154588190435,0.7391304347826086,0.3801321422030804,0.35153156670825286,0.2182213591017437,0.07932310946589106,0.14331041776837652
SUBSTR55__pessimistic__L100,SUBSTR55,pessimistic,1.0,25,0.4254934787750244,0.9438727782974743,0.6422112132584572,0.3016615650390171,0.24440793922460427,0.1395300584696105,-0.11106391466053225,0.3783981928389957,-0.1339902536143914,0.6041074548962512,-0.042601140197931625,0.13808489850176722,0.0014451599678432792,0.561285908532983,0.7536231884057971,0.4038112599325414,0.1717658314918409,0.08598513956959526,0.9196192490745637,0.012162876784769964
SUBSTR55__pessimistic__L100,SUBSTR55,pessimistic,1.0,50,0.4254934787750244,0.8980355472404116,0.6337237033856733,0.26431184385473827,0.2347495479451993,0.12783887846592226,-0.13775456909258588,0.4383543494562461,-0.20360480151104676,0.6041074548962512,-0.07114405112320624,0.1931941498024025,-0.06535527133648023,0.561285908532983,0.7536231884057971,0.4038112599325414,0.17549001239891374,0.08794401135234059,0.9196192490745637,0.02538339502908514
SUBSTR55__pessimistic__L100,SUBSTR55,pessimistic,1.0,75,0.4254934787750244,0.833489242282507,0.6273727707430289,0.2061164715394781,0.21947305444569906,0.1120459475402239,-0.2317519622279219,0.45564985997327934,-0.23617680552758027,0.6041074548962512,-0.19310449267547508,0.22617888021161103,-0.11413293267138713,0.561285908532983,0.7536231884057971,0.4038112599325414,0.1813731909616414,0.09364576737296572,0.9196192490745637,0.03860391327340032
SUBSTR55__pessimistic__L100,SUBSTR55,pessimistic,1.0,100,0.4254934787750244,0.8054256314312441,0.6237638483208553,0.18166178311038883,0.21366637235552843,0.1064556804497791,-0.2827415768721755,0.5081097020656945,-0.29444332971016607,0.6041074548962512,-0.256771700946521,0.3029578290929555,-0.1965021486431764,0.561285908532983,0.7536231884057971,0.4038112599325414,0.18475564690920443,0.09761322994765671,0.9196192490745637,0.05182443151771549
SUBSTR55__pessimistic__L100,SUBSTR55,pessimistic,1.0,125,0.4254934787750244,0.7988774555659495,0.6220084379542405,0.17686901761170892,0.20957452820663425,0.10223689840944061,-0.2876510501852168,0.5438740587792048,-0.33429953057257056,0.6041074548962512,-0.26372755711176743,0.3525713320018364,-0.25033443359239577,0.561285908532983,0.7536231884057971,0.4038112599325414,0.18639290634146496,0.09918150862377388,0.9196192490745637,0.06504494976203067
SUBSTR55__pessimistic__L100,SUBSTR55,pessimistic,1.0,150,0.4254934787750244,0.7988774555659495,0.621012295679624,0.17786515988632545,0.21053185508840896,0.10294595664819178,-0.27646300422309666,0.5582951860097414,-0.3477633309213324,0.6041074548962512,-0.2640982876890171,0.3924622473397753,-0.2895162906915835,0.561285908532983,0.7536231884057971,0.4038112599325414,0.1873228909264333,0.09987626014357352,0.9196192490745637,0.07826546800634585
SUBSTR55__pessimistic__L100,SUBSTR55,pessimistic,1.0,200,0.4254934787750244,0.7857811038353602,0.3310288609190529,0.4547522429163072,0.4525917866313313,0.2195393999071143,-0.003091495736460337,0.5312656241115343,-0.07867383748020301,0.6041074548962512,-0.13413195846009346,0.4012104298006792,-0.18167102989356493,0.561285908532983,0.7536231884057971,0.4038112599325414,0.4089193040036403,0.22646146930138544,0.28027498677948176,0.09148598625066102
SUBSTR55__pessimistic__L100,SUBSTR55,pessimistic,1.0,250,0.4254934787750244,0.7829747427502338,0.2804901978401673,0.5024845449100666,0.4938730027266286,0.28595292847848003,0.03816407221994311,0.5221594795716555,-0.028286476845026942,0.6041074548962512,-0.07752519360339927,0.4152973625398076,-0.12934443406132756,0.561285908532983,0.7536231884057971,0.4038112599325414,0.44672827630873235,0.2670402126364266,0.27763088313061873,0.10100475938656796
SUBSTR55__pessimistic__L100,SUBSTR55,pessimistic,1.0,300,0.4254934787750244,0.7829747427502338,0.26514300429727644,0.5178317384529574,0.5097425280354817,0.312608809617074,0.07387434012532323,0.4586242477666093,0.051118280268872385,0.6041074548962512,-0.04313761128534943,0.3728189826918394,-0.060210173074765394,0.561285908532983,0.7536231884057971,0.4038112599325414,0.46300331472795414,0.294122731267671,0.20359598096245374,0.1195134849286092
SUBSTR55__pessimistic__L100,SUBSTR55,pessimistic,1.0,400,0.4254934787750244,0.774555659494855,0.22527119751016406,0.549284461984691,0.3812152472876398,0.193935361317991,-0.029897384635781288,0.438964533345597,-0.057749286057957205,0.6041074548962512,-0.14811373751861984,0.3717768289362879,-0.1778414676182969,0.561285908532983,0.7536231884057971,0.4038112599325414,0.3472070355539892,0.18468366834346184,0.20200951877313592,0.16234796404019036
SOURCE_ATMOS__reported__L010,SOURCE_ATMOS,reported,0.1,25,0.4459993839263916,0.8203928905519177,0.5410021897496365,0.2793907008022811,0.35351893517671173,0.19523857678341272,-0.001952918708424789,0.33653781410078343,0.016981121075928307,0.03803527928774785,0.013107378115870594,0.17630480120393544,0.018933775579477286,-0.0047862670755203715,0.007246376811594203,0.0036231884057971015,0.37510635702753475,0.24390450026688612,0.2522474881015336,0.0010576414595452142
SOURCE_ATMOS__reported__L010,SOURCE_ATMOS,reported,0.1,50,0.4459993839263916,0.80355472404116,0.478368561875028,0.325186162166132,0.4156537215134368,0.24618065770205372,0.04314960447565164,0.39617312585854697,0.019480595654889854,0.03803527928774785,0.04719772811292522,0.2329076840078802,0.013272973694173518,-0.0047862670755203715,0.007246376811594203,0.0036231884057971015,0.4457355288188504,0.3036201217502784,0.24114225277630882,0.0021152829190904283
SOURCE_ATMOS__reported__L010,SOURCE_ATMOS,reported,0.1,75,0.4459993839263916,0.7951356407857811,0.38548572453879454,0.4096499162469866,0.4958431918121985,0.340110596916037,0.04461817513857752,0.4571706793971344,0.038672512415064086,0.03803527928774785,0.03496015670033803,0.30009471892332296,0.040015877992714055,-0.0047862670755203715,0.007246376811594203,0.0036231884057971015,0.5229326736975219,0.38649158159220587,0.08302485457429931,0.004230565838180857
SOURCE_ATMOS__reported__L010,SOURCE_ATMOS,reported,0.1,100,0.4459993839263916,0.7913938260056127,0.30145634343768885,0.48993748256792385,0.5544073146150289,0.40241999333687123,0.057999365387324975,0.5189060086342396,0.035501305980789266,0.03803527928774785,0.03919261194057111,0.37327994112689433,0.029140052209976897,-0.0047862670755203715,0.007246376811594203,0.0036231884057971015,0.5475718140246364,0.41157189576358677,0.07086197778952935,0.007403490216816499
SOURCE_ATMOS__reported__L010,SOURCE_ATMOS,reported,0.1,125,0.4459993839263916,0.7820392890551918,0.27310792796615285,0.5089313610890389,0.5321151274421484,0.39960146602851443,0.03488954905029734,0.5143399186307513,0.017775208811397047,0.03803527928774785,0.033637010507306386,0.3751967394659054,0.024404726562609003,-0.0047862670755203715,0.007246376811594203,0.0036231884057971015,0.5037634068509991,0.39183822178910016,0.06927551560021153,0.01110523532522475
SOURCE_ATMOS__reported__L010,SOURCE_ATMOS,reported,0.1,150,0.4459993839263916,0.7661365762394762,0.24428477506080937,0.5218518011786668,0.4758101165631465,0.3463005654760892,-0.011184742748359122,0.5096414009222813,-0.033831284359134794,0.03803527928774785,-0.02074367886111972,0.3627405822567549,-0.0164400167806657,-0.0047862670755203715,0.007246376811594203,0.0036231884057971015,0.399862048395675,0.2950012689570808,0.06927551560021153,0.015335801163405606
SOURCE_ATMOS__reported__L010,SOURCE_ATMOS,reported,0.1,200,0.4459993839263916,0.6220767072029935,0.1722173917964116,0.44985931540658186,0.46555248543030997,0.3599518484787766,0.009869203062518317,0.4510055247369096,0.01454696069340039,0.03803527928774785,0.006280490111568837,0.34201931967265153,0.01793252880612506,-0.0047862670755203715,0.007246376811594203,0.0036231884057971015,0.3526435899752618,0.27400178272732906,0.048651507139079855,0.02168164992067689
SOURCE_ATMOS__reported__L010,SOURCE_ATMOS,reported,0.1,250,0.4459993839263916,0.5173058933582788,0.1327002428358494,0.3846056505224294,0.46255280250457065,0.37030225340833994,0.006843871997885165,0.4474091808841665,0.015143621620404168,0.03803527928774785,0.006824131326460647,0.35563703281196424,0.014665220596375705,-0.0047862670755203715,0.007246376811594203,0.0036231884057971015,0.32984808312115327,0.2693360383167623,0.040719196192490745,0.03172924378635643
SOURCE_ATMOS__reported__L010,SOURCE_ATMOS,reported,0.1,300,0.4459993839263916,0.3816651075771749,0.11968482116149456,0.2619802864156804,0.43067120357234817,0.3505349657548968,-0.005196984337810295,0.436701016810275,-0.00602981323792684,0.03803527928774785,-0.0052114551475266335,0.3557085929644257,-0.005173627209528908,-0.0047862670755203715,0.007246376811594203,0.0036231884057971015,0.27763207529516126,0.2303818524394905,0.040719196192490745,0.04389212057112639
SOURCE_ATMOS__reported__L010,SOURCE_ATMOS,reported,0.1,400,0.4459993839263916,0.2273152478952292,0.099193113940092,0.1281221339551372,0.4123375165661218,0.34417541923730516,0.0012248846427007076,0.36721526370687324,0.045122252859248535,0.03803527928774785,0.002126320400694326,0.2951514840946607,0.04902393514264447,-0.0047862670755203715,0.007246376811594203,0.0036231884057971015,0.24188699214758283,0.21279855854158303,0.03437334743521946,0.07562136435748282
SOURCE_ATMOS__reported__L025,SOURCE_ATMOS,reported,0.25,25,0.4459993839263916,0.8241347053320861,0.5428128625605053,0.2813218427715808,0.3525204740913837,0.1967197610375821,-0.0029513797937528174,0.34106124008860617,0.01145923400277754,0.03936350419162823,0.01458856237003997,0.18013524538247452,0.016584515655107573,-0.0034580421716399953,0.007246376811594203,0.0036231884057971015,0.37251931950803757,0.24464659423764246,0.254362771020624,0.0010576414595452142
SOURCE_ATMOS__reported__L025,SOURCE_ATMOS,reported,0.25,50,0.4459993839263916,0.7970065481758652,0.4347462706480742,0.36226027752779105,0.4443744246430079,0.2857000830941259,0.07187030760522273,0.39881375163567473,0.045560673007333186,0.03936350419162823,0.08671715350499742,0.23302270237408204,0.05267738072004388,-0.0034580421716399953,0.007246376811594203,0.0036231884057971015,0.46978177192268444,0.34033414078857804,0.15864621893178213,0.0015864621893178213
SOURCE_ATMOS__reported__L025,SOURCE_ATMOS,reported,0.25,75,0.4459993839263916,0.7913938260056127,0.36668247918666735,0.42471134681894535,0.4904480253154759,0.34312658720184924,0.039223008641854906,0.5032501244211884,-0.012802099105712561,0.03936350419162823,0.03797614698615026,0.316551989128076,0.02657459807377327,-0.0034580421716399953,0.007246376811594203,0.0036231884057971015,0.4849618884994504,0.35587246827029784,0.08302485457429931,0.0037017451084082496
SOURCE_ATMOS__reported__L025,SOURCE_ATMOS,reported,0.25,100,0.4459993839263916,0.7913938260056127,0.29353167649835116,0.49786214950726154,0.5620419885422331,0.4070894113839963,0.06563403931452916,0.5480691378340267,0.013972850708206419,0.03936350419162823,0.04386202998769617,0.3681285656628289,0.03896084572116737,-0.0034580421716399953,0.007246376811594203,0.0036231884057971015,0.554967281154521,0.4163001492239245,0.07086197778952935,0.006874669487043892
SOURCE_ATMOS__reported__L025,SOURCE_ATMOS,reported,0.25,125,0.4459993839263916,0.7811038353601497,0.25879337850667994,0.5223104568534698,0.545535895015191,0.3855121401183722,0.0483103166233399,0.5555872921357254,-0.010051397120534489,0.03936350419162823,0.01954768459716416,0.3957695484318247,-0.01025740831345251,-0.0034580421716399953,0.007246376811594203,0.0036231884057971015,0.5170296097124293,0.37073556737798924,0.06927551560021153,0.012162876784769964
SOURCE_ATMOS__reported__L025,SOURCE_ATMOS,reported,0.25,150,0.4459993839263916,0.775491113189897,0.23827616666766177,0.5372149465222353,0.5285926624543781,0.387415946515997,0.04159780314287248,0.5397899985260752,-0.01119733607169715,0.03936350419162823,0.020371702178788087,0.3845288229596849,0.002887123556312099,-0.0034580421716399953,0.007246376811594203,0.0036231884057971015,0.48415704135298326,0.3648382706222331,0.06927551560021153,0.016922263352723427
SOURCE_ATMOS__reported__L025,SOURCE_ATMOS,reported,0.25,200,0.4459993839263916,0.5622076707202993,0.16891191887486973,0.3932957518454296,0.47367228059615735,0.37089155826229453,0.017988998228365694,0.49075697061767004,-0.017084690021512694,0.03936350419162823,0.017220199895086774,0.3726507366368551,-0.0017591783745605771,-0.0034580421716399953,0.007246376811594203,0.0036231884057971015,0.3612993276779737,0.2877281775630211,0.04389212057112639,0.0222104706504495
SOURCE_ATMOS__reported__L025,SOURCE_ATMOS,reported,0.25,250,0.4459993839263916,0.5509822263797942,0.13142166069952113,0.4195605656802731,0.4703281385995406,0.3772119084179325,0.014619208092855107,0.46830960016992373,0.0020185384296168563,0.03936350419162823,0.01373378633605321,0.37125280775144925,0.005959100666483252,-0.0034580421716399953,0.007246376811594203,0.0036231884057971015,0.34160093859678003,0.2819595892933555,0.040719196192490745,0.03225806451612903
SOURCE_ATMOS__reported__L025,SOURCE_ATMOS,reported,0.25,300,0.4459993839263916,0.4536950420954163,0.11419512592435206,0.33949991617106423,0.46349708423660385,0.3820600457767915,0.027628896326445385,0.470568768835291,-0.007071684598687122,0.03936350419162823,0.026313624874368058,0.38643557905169357,-0.004375533274902088,-0.0034580421716399953,0.007246376811594203,0.0036231884057971015,0.3234549196718315,0.2760653154333766,0.040719196192490745,0.04389212057112639
SOURCE_ATMOS__reported__L025,SOURCE_ATMOS,reported,0.25,400,0.4459993839263916,0.25444340505144997,0.08769314891745729,0.1667502561339927,0.4060592987163287,0.3328994584094569,-0.005053333207092392,0.37826524217302004,0.027794056543308632,0.03936350419162823,-0.009149640427153938,0.30483733988950973,0.028062118519947166,-0.0034580421716399953,0.007246376811594203,0.0036231884057971015,0.23379303213092903,0.19855079376650195,0.028556319407720784,0.06874669487043893
SOURCE_ATMOS__reported__L050,SOURCE_ATMOS,reported,0.5,25,0.4459993839263916,0.8409728718428437,0.5190556494591404,0.32191722238370335,0.4136324151678797,0.24695342582393054,0.05816056128274316,0.3063182435181182,0.10731417164976148,0.04031397238282015,0.06482222715638841,0.13580108348525863,0.11115234233867191,-0.002507573980448076,0.007246376811594203,0.0036231884057971015,0.4528966592287733,0.3162181229343259,0.2453728186144897,0.0010576414595452142
SOURCE_ATMOS__reported__L050,SOURCE_ATMOS,reported,0.5,50,0.4459993839263916,0.8166510757717493,0.41821470124011156,0.39843637453163777,0.48411277160065336,0.31300045417947403,0.11160865456286817,0.42351875376741094,0.06059401783324242,0.04031397238282015,0.11401752459034553,0.2013976314308119,0.11160282274866212,-0.002507573980448076,0.007246376811594203,0.0036231884057971015,0.5194653475486607,0.3744799979620583,0.14806980433633,0.0021152829190904283
SOURCE_ATMOS__reported__L050,SOURCE_ATMOS,reported,0.5,75,0.4459993839263916,0.813844714686623,0.3274335965543111,0.4864111181323119,0.5744019861744001,0.3824759892892689,0.12317696950077911,0.4627505564593728,0.11165142971502728,0.04031397238282015,0.07732554907356992,0.23785175167974007,0.14462423760952883,-0.002507573980448076,0.007246376811594203,0.0036231884057971015,0.6100235330011644,0.44651793267311984,0.07086197778952935,0.0031729243786356425
SOURCE_ATMOS__reported__L050,SOURCE_ATMOS,reported,0.5,100,0.4459993839263916,0.7951356407857811,0.2725121966888711,0.52262344409691,0.6102325604754726,0.44748028365762554,0.11382461124776866,0.5214362268418059,0.08879633363366668,0.04031397238282015,0.08425290226132542,0.33069398435404196,0.11678629930358359,-0.002507573980448076,0.007246376811594203,0.0036231884057971015,0.6368029306007895,0.49775241599087766,0.07086197778952935,0.006874669487043892
SOURCE_ATMOS__reported__L050,SOURCE_ATMOS,reported,0.5,125,0.4459993839263916,0.7932647333956969,0.24299546349961879,0.5502692698960782,0.5994581362402571,0.44531228556163255,0.10223255784840607,0.5624710898750349,0.03698704636522221,0.04031397238282015,0.0793478300404245,0.3871791096021482,0.05813317595948436,-0.002507573980448076,0.007246376811594203,0.0036231884057971015,0.6087999532112772,0.4795228509297937,0.06927551560021153,0.010576414595452142
SOURCE_ATMOS__reported__L050,SOURCE_ATMOS,reported,0.5,150,0.4459993839263916,0.7820392890551918,0.2287174230115194,0.5533218660436724,0.565482430816172,0.42374091640908806,0.0784875715046664,0.5743183702323399,-0.008835939416167893,0.04031397238282015,0.05669667207187917,0.4143965861601747,0.009344330248913346,-0.002507573980448076,0.007246376811594203,0.0036231884057971015,0.5545019617702974,0.4399841436373062,0.06821787414066631,0.015864621893178214
SOURCE_ATMOS__reported__L050,SOURCE_ATMOS,reported,0.5,200,0.4459993839263916,0.7371375116931712,0.16792056437438022,0.569216947318791,0.6009008167329452,0.4871935538296656,0.1452175343651535,0.52484020972591,0.07606060700703521,0.04031397238282015,0.13352219546245786,0.3931133642200594,0.09408018960960624,-0.002507573980448076,0.007246376811594203,0.0036231884057971015,0.5803552678276227,0.4943158365146269,0.046536224219989424,0.024854574299312534
SOURCE_ATMOS__reported__L050,SOURCE_ATMOS,reported,0.5,250,0.4459993839263916,0.5341440598690365,0.134403537235259,0.39974052263377746,0.5085048817664387,0.41576508758457564,0.05279595125975323,0.4996396980638161,0.008865183702622625,0.04031397238282015,0.05228696550269635,0.3977036456489505,0.018061441935625144,-0.002507573980448076,0.007246376811594203,0.0036231884057971015,0.433337137254922,0.3743695198841341,0.04177683765203596,0.033844526705446853
SOURCE_ATMOS__reported__L050,SOURCE_ATMOS,reported,0.5,300,0.4459993839263916,0.500467726847521,0.10761720635225666,0.39285052049526437,0.467964179571307,0.37598719110138784,0.032095991661148515,0.4816318823929386,-0.0136677028216316,0.04031397238282015,0.02024077019896442,0.39707921969816723,-0.02109202859677939,-0.002507573980448076,0.007246376811594203,0.0036231884057971015,0.3420527531068122,0.28472831451088926,0.028556319407720784,0.0449497620306716
SOURCE_ATMOS__reported__L050,SOURCE_ATMOS,reported,0.5,400,0.4459993839263916,0.3891487371375117,0.08007383052797501,0.3090749066095367,0.4636820778745253,0.39054429860070966,0.05256944595110424,0.39840224980115974,0.06527982807336558,0.04031397238282015,0.04849519976409883,0.3312481143512457,0.05929618424946398,-0.002507573980448076,0.007246376811594203,0.0036231884057971015,0.32382336623518765,0.2811731755547248,0.028027498677948175,0.06663141195134849
SOURCE_ATMOS__reported__L075,SOURCE_ATMOS,reported,0.75,25,0.4459993839263916,0.833489242282507,0.5219988371186872,0.31149040516381976,0.3795531185391307,0.21156118260953016,0.024081264653994183,0.30960209164118396,0.06995102689794674,0.04073586627471861,0.029429983941988036,0.15666362511112245,0.05489755749840772,-0.0020856800885496116,0.007246376811594203,0.0036231884057971015,0.40532907538772406,0.26848410901947767,0.2459016393442623,0.0010576414595452142
SOURCE_ATMOS__reported__L075,SOURCE_ATMOS,reported,0.75,50,0.4459993839263916,0.8129092609915809,0.3728954096047915,0.4400138513867894,0.5160178435336609,0.30989940355415124,0.14351372649587568,0.45731691307849043,0.05870093045517044,0.04073586627471861,0.11091647396502274,0.22481916052286646,0.08508024303128478,-0.0020856800885496116,0.007246376811594203,0.0036231884057971015,0.5450864306191289,0.36873050244620337,0.1427815970386039,0.0026441036488630354
SOURCE_ATMOS__reported__L075,SOURCE_ATMOS,reported,0.75,75,0.4459993839263916,0.8082319925163705,0.3069934540817312,0.5012385384346393,0.5724803681301176,0.3892551454974545,0.12125535145649663,0.500071408008762,0.07240896012135556,0.04073586627471861,0.08410470528175551,0.28217404955770403,0.10708109593975046,-0.0020856800885496116,0.007246376811594203,0.0036231884057971015,0.5984725077512331,0.45237149714140795,0.07033315705975675,0.0031729243786356425
SOURCE_ATMOS__reported__L075,SOURCE_ATMOS,reported,0.75,100,0.4459993839263916,0.8082319925163705,0.2727645697211408,0.5354674227952296,0.6058451559058542,0.43998066046751605,0.10943720667815027,0.5244365593053806,0.08140859660047362,0.04073586627471861,0.07675327907121593,0.32048197652520444,0.11949868394231161,-0.0020856800885496116,0.007246376811594203,0.0036231884057971015,0.6310391761334105,0.49469034725103084,0.07033315705975675,0.005288207297726071
SOURCE_ATMOS__reported__L075,SOURCE_ATMOS,reported,0.75,125,0.4459993839263916,0.7895229186155285,0.24623417095317196,0.5432887476623565,0.6139412917390199,0.455326635154134,0.11671571334716885,0.555860228976623,0.058081062762396884,0.04073586627471861,0.08936217963292598,0.3728644783895839,0.0824621567645501,-0.0020856800885496116,0.007246376811594203,0.0036231884057971015,0.6307106819578904,0.501786718748012,0.06768905341089371,0.008989952406134321
SOURCE_ATMOS__reported__L075,SOURCE_ATMOS,reported,0.75,150,0.4459993839263916,0.7895229186155285,0.23687954268477324,0.5526433759307552,0.6229772291918,0.4740343505380835,0.13598236988029438,0.5720432793893331,0.050933949802466905,0.04073586627471861,0.10699010620087462,0.3965164508018963,0.07751789973618722,-0.0020856800885496116,0.007246376811594203,0.0036231884057971015,0.6394762073301662,0.5198041224433981,0.06768905341089371,0.016922263352723427
SOURCE_ATMOS__reported__L075,SOURCE_ATMOS,reported,0.75,200,0.4459993839263916,0.735266604303087,0.17752748613688385,0.5577391181662031,0.587130338918595,0.46793227502118834,0.13144705655080335,0.5421954319724499,0.0449349069461451,0.04073586627471861,0.11426091665398058,0.41672508120412116,0.051207193817067176,-0.0020856800885496116,0.007246376811594203,0.0036231884057971015,0.5641281891186102,0.476335948754162,0.04177683765203596,0.026441036488630356
SOURCE_ATMOS__reported__L075,SOURCE_ATMOS,reported,0.75,250,0.4459993839263916,0.5827876520112254,0.12432695808301078,0.45846069392821465,0.5369248061973666,0.43573549171145487,0.08121587569068112,0.4949667868557442,0.04195801934162241,0.04073586627471861,0.07225736962957557,0.3938918660331871,0.04184362567826777,-0.0020856800885496116,0.007246376811594203,0.0036231884057971015,0.44615820958484037,0.3742684154405453,0.035430988894764676,0.03225806451612903
SOURCE_ATMOS__reported__L075,SOURCE_ATMOS,reported,0.75,300,0.4459993839263916,0.49953227315247895,0.10704971096742831,0.3924825621850506,0.48723449864160884,0.3968502209601414,0.05136631073145037,0.48268677757743483,0.004547721064174004,0.04073586627471861,0.041103800057717965,0.4030230979504572,-0.006172876990315823,-0.0020856800885496116,0.007246376811594203,0.0036231884057971015,0.368897231330311,0.3092536972785961,0.035430988894764676,0.04283447911158118
SOURCE_ATMOS__reported__L075,SOURCE_ATMOS,reported,0.75,400,0.4459993839263916,0.46211412535079516,0.08007383052797501,0.38204029482282015,0.46292633207233985,0.3883943594739343,0.051813700148918784,0.4238035911343687,0.039122740937971134,0.04073586627471861,0.04634526063732347,0.3574525936310444,0.03094176584288988,-0.0020856800885496116,0.007246376811594203,0.0036231884057971015,0.32263477606342433,0.2762432548877933,0.028027498677948175,0.06821787414066631
SOURCE_ATMOS__reported__L100,SOURCE_ATMOS,reported,1.0,25,0.4459993839263916,0.8316183348924229,0.5077523891285081,0.3238659457639148,0.39337390558321966,0.21414716966111633,0.03790205169808314,0.3783981928389957,0.01497571274422399,0.0409093606955514,0.0320159709935742,0.13808489850176722,0.0760622711593491,-0.001912185667716823,0.007246376811594203,0.0036231884057971015,0.41978718855043134,0.27368422668878484,0.2453728186144897,0.0010576414595452142
SOURCE_ATMOS__reported__L100,SOURCE_ATMOS,reported,1.0,50,0.4459993839263916,0.8129092609915809,0.3794930161435416,0.4334162448480393,0.5095084239766992,0.29621549945642806,0.13700430693891397,0.4383543494562461,0.07115407452045308,0.0409093606955514,0.09723256986729956,0.1931941498024025,0.10302134965402557,-0.001912185667716823,0.007246376811594203,0.0036231884057971015,0.5386505695665867,0.3680486134673438,0.13537810682178741,0.0031729243786356425
SOURCE_ATMOS__reported__L100,SOURCE_ATMOS,reported,1.0,75,0.4459993839263916,0.8101028999064547,0.3232109399974419,0.4868919599090128,0.5553003911161046,0.3605624458628309,0.10407537444248366,0.45564985997327934,0.0996505311428253,0.0409093606955514,0.055412005647131946,0.22617888021161103,0.1343835656512199,-0.001912185667716823,0.007246376811594203,0.0036231884057971015,0.5799899336265081,0.4236536299952907,0.12585933368588048,0.004230565838180857
SOURCE_ATMOS__reported__L100,SOURCE_ATMOS,reported,1.0,100,0.4459993839263916,0.8082319925163705,0.28390488929751867,0.5243271032188518,0.5948132296515412,0.42220458598165006,0.09840528042383723,0.5081097020656945,0.08670352758584665,0.0409093606955514,0.05897720458534994,0.3029578290929555,0.11924675688869457,-0.001912185667716823,0.007246376811594203,0.0036231884057971015,0.6201791623818779,0.4753567609373646,0.06980433632998413,0.007403490216816499
SOURCE_ATMOS__reported__L100,SOURCE_ATMOS,reported,1.0,125,0.4459993839263916,0.7895229186155285,0.2506082283963483,0.5389146902191801,0.6096962466328153,0.4479491418640396,0.11247066824096424,0.5438740587792048,0.06582218785361049,0.0409093606955514,0.08198468634283157,0.3525713320018364,0.09537780986220323,-0.001912185667716823,0.007246376811594203,0.0036231884057971015,0.6265814138125755,0.49445322254460095,0.06821787414066631,0.011634056054997356
SOURCE_ATMOS__reported__L100,SOURCE_ATMOS,reported,1.0,150,0.4459993839263916,0.7895229186155285,0.22060096917649596,0.5689219494390325,0.6384956499805893,0.4944345737492618,0.15150079066908367,0.5582951860097414,0.0802004639708479,0.0409093606955514,0.12739032941205292,0.3924622473397753,0.1019723264094865,-0.001912185667716823,0.007246376811594203,0.0036231884057971015,0.6544140743921595,0.5406974017855877,0.05658381808566896,0.016922263352723427
SOURCE_ATMOS__reported__L100,SOURCE_ATMOS,reported,1.0,200,0.4459993839263916,0.7390084190832554,0.17157509339684596,0.5674333256864095,0.598578292232864,0.47069086716678354,0.1428950098650723,0.5312656241115343,0.06731266812132963,0.0409093606955514,0.11701950879957579,0.4012104298006792,0.06948043736610432,-0.001912185667716823,0.007246376811594203,0.0036231884057971015,0.5769410848922684,0.47792657812623646,0.04177683765203596,0.02538339502908514
SOURCE_ATMOS__reported__L100,SOURCE_ATMOS,reported,1.0,250,0.4459993839263916,0.5921421889616464,0.13194910532972856,0.4601930836319178,0.5972040687906162,0.48930440016459376,0.14149513828393068,0.5221594795716555,0.07504458921896062,0.0409093606955514,0.12582627808271446,0.4152973625398076,0.07400703762478616,-0.001912185667716823,0.007246376811594203,0.0036231884057971015,0.5558113826230383,0.47426224091140834,0.03437334743521946,0.035959809624537285
SOURCE_ATMOS__reported__L100,SOURCE_ATMOS,reported,1.0,300,0.4459993839263916,0.5135640785781104,0.10601179485042658,0.4075522837276838,0.5403936356353031,0.4480217443166934,0.1045254477251446,0.4586242477666093,0.08176938786869375,0.0409093606955514,0.09227532341426997,0.3728189826918394,0.07520276162485401,-0.001912185667716823,0.007246376811594203,0.0036231884057971015,0.46266650747576926,0.39667445308554955,0.03437334743521946,0.0449497620306716
SOURCE_ATMOS__reported__L100,SOURCE_ATMOS,reported,1.0,400,0.4459993839263916,0.47988774555659497,0.07950593102068443,0.40038181453591054,0.502130031114342,0.4328150199667227,0.09101739919092089,0.438964533345597,0.06316549776874497,0.0409093606955514,0.09076592113011189,0.3717768289362879,0.06103819103043484,-0.001912185667716823,0.007246376811594203,0.0036231884057971015,0.37438720180398244,0.32497688548776005,0.028027498677948175,0.07297726070861978
SOURCE_ATMOS__optimistic__L010,SOURCE_ATMOS,optimistic,0.1,25,0.4459993839263916,0.8185219831618334,0.5341204494754729,0.28440153368636056,0.36042901073142886,0.20335678119313172,0.004957156846292332,0.33653781410078343,0.023891196630645428,0.033261490121662136,0.021225582525589592,0.17630480120393544,0.027051979989196284,-0.009560056241606087,0.007246376811594203,0.0036231884057971015,0.3829748289522186,0.2525840984216388,0.25383395029085143,0.0010576414595452142
SOURCE_ATMOS__optimistic__L010,SOURCE_ATMOS,optimistic,0.1,50,0.4459993839263916,0.8016838166510758,0.4738075511678001,0.3278762654832757,0.38068612047801875,0.2145021743741251,0.008182003440233565,0.39617312585854697,-0.015487005380528218,0.033261490121662136,0.01551924478499661,0.2329076840078802,-0.01840550963375509,-0.009560056241606087,0.007246376811594203,0.0036231884057971015,0.39421750716492815,0.254789671439195,0.24272871496562665,0.0026441036488630354
SOURCE_ATMOS__optimistic__L010,SOURCE_ATMOS,optimistic,0.1,75,0.4459993839263916,0.7932647333956969,0.38102340771969995,0.412241325675997,0.46092724765713244,0.31245599628612136,0.009702230983511473,0.4571706793971344,0.003756568259998039,0.033261490121662136,0.007305556070422381,0.30009471892332296,0.012361277362798406,-0.009560056241606087,0.007246376811594203,0.0036231884057971015,0.4715434560928971,0.34251348068445475,0.08355367530407191,0.005288207297726071
SOURCE_ATMOS__optimistic__L010,SOURCE_ATMOS,optimistic,0.1,100,0.4459993839263916,0.7932647333956969,0.3258062536145557,0.46745847978114125,0.515245794415698,0.37698644535879433,0.01883784518799403,0.5189060086342396,-0.0036602142185416797,0.033261490121662136,0.013759063962494211,0.37327994112689433,0.0037065042318999986,-0.009560056241606087,0.007246376811594203,0.0036231884057971015,0.5248237943742092,0.4003565110117997,0.08355367530407191,0.008461131676361713
SOURCE_ATMOS__optimistic__L010,SOURCE_ATMOS,optimistic,0.1,125,0.4459993839263916,0.7801683816651076,0.27248558369737635,0.5076827979677312,0.5118195390514847,0.3808197391993818,0.014593960659633642,0.5143399186307513,-0.0025203795792666517,0.033261490121662136,0.014855283678173736,0.3751967394659054,0.005622999733476353,-0.009560056241606087,0.007246376811594203,0.0036231884057971015,0.4747455680844677,0.35832554640027775,0.06451612903225806,0.010047593865679535
SOURCE_ATMOS__optimistic__L010,SOURCE_ATMOS,optimistic,0.1,150,0.4459993839263916,0.7661365762394762,0.2481238891569794,0.5180126870824968,0.4721297311737343,0.35387205843334857,-0.0148651281377713,0.5096414009222813,-0.03751166974854697,0.033261490121662136,-0.013172185903860323,0.3627405822567549,-0.008868523823406305,-0.009560056241606087,0.007246376811594203,0.0036231884057971015,0.3963073887262523,0.2990565434807769,0.06187202538339503,0.015335801163405606
SOURCE_ATMOS__optimistic__L010,SOURCE_ATMOS,optimistic,0.1,200,0.4459993839263916,0.5612722170252572,0.16809987064786738,0.39317234637738985,0.4623857274321805,0.361813238797974,0.006702445064388829,0.4510055247369096,0.011380202695270902,0.033261490121662136,0.008141880430766246,0.34201931967265153,0.019793919125322468,-0.009560056241606087,0.007246376811594203,0.0036231884057971015,0.3463994200928627,0.2722438694023504,0.04283447911158118,0.021152829190904283
SOURCE_ATMOS__optimistic__L010,SOURCE_ATMOS,optimistic,0.1,250,0.4459993839263916,0.35360149672591207,0.13402509196550677,0.2195764047604053,0.44537815980872936,0.35700701618252806,-0.010330770697956126,0.4474091808841665,-0.0020310210754371227,0.033261490121662136,-0.006471105899351237,0.35563703281196424,0.001369983370563821,-0.009560056241606087,0.007246376811594203,0.0036231884057971015,0.3067047172020966,0.24933393181553717,0.04019037546271814,0.03172924378635643
SOURCE_ATMOS__optimistic__L010,SOURCE_ATMOS,optimistic,0.1,300,0.4459993839263916,0.29279700654817586,0.1182177474343272,0.17457925911384867,0.4269524296938552,0.3467091756499944,-0.008915758216303249,0.436701016810275,-0.009748587116419793,0.033261490121662136,-0.009037245252428994,0.3557085929644257,-0.008999417314431268,-0.009560056241606087,0.007246376811594203,0.0036231884057971015,0.2718477926289134,0.22650248215535776,0.04019037546271814,0.04230565838180857
SOURCE_ATMOS__optimistic__L010,SOURCE_ATMOS,optimistic,0.1,400,0.4459993839263916,0.20954162768942938,0.09791534004868813,0.11162628764074126,0.41356535343633266,0.3453537128730244,0.002452721512911593,0.36721526370687324,0.04635008972945942,0.033261490121662136,0.003304614036413578,0.2951514840946607,0.05020222877836372,-0.009560056241606087,0.007246376811594203,0.0036231884057971015,0.24284004810945037,0.21494529782236918,0.03120042305658382,0.0745637228979376
SOURCE_ATMOS__optimistic__L025,SOURCE_ATMOS,optimistic,0.25,25,0.4459993839263916,0.8203928905519177,0.5456434206577366,0.27474946989418103,0.348492043771897,0.1953263812339739,-0.006979810113239504,0.34106124008860617,0.007430803683290854,0.03389580656546426,0.013195182566431762,0.18013524538247452,0.015191135851499366,-0.008925739797803964,0.007246376811594203,0.0036231884057971015,0.3697494517876245,0.24411275035255361,0.25383395029085143,0.0015864621893178213
SOURCE_ATMOS__optimistic__L025,SOURCE_ATMOS,optimistic,0.25,50,0.4459993839263916,0.80355472404116,0.4805100918863758,0.32304463215478424,0.41340765617965475,0.24825294011667237,0.04090353914186956,0.39881375163567473,0.014593904543980019,0.03389580656546426,0.04927001052754387,0.23302270237408204,0.01523023774259033,-0.008925739797803964,0.007246376811594203,0.0036231884057971015,0.44343734390699785,0.30534097527467136,0.24272871496562665,0.0026441036488630354
SOURCE_ATMOS__optimistic__L025,SOURCE_ATMOS,optimistic,0.25,75,0.4459993839263916,0.7951356407857811,0.375513703427901,0.4196219373578801,0.5054629298856923,0.3565806667863848,0.05423791321207133,0.5032501244211884,0.002212805464503864,0.03389580656546426,0.0514302265706858,0.316551989128076,0.04002867765830881,-0.008925739797803964,0.007246376811594203,0.0036231884057971015,0.5322684868193064,0.4037545171171996,0.08355367530407191,0.004759386567953464
SOURCE_ATMOS__optimistic__L025,SOURCE_ATMOS,optimistic,0.25,100,0.4459993839263916,0.7913938260056127,0.32420921615820925,0.46718460984740345,0.5324044278093331,0.3881445547573468,0.03599647858162913,0.5480691378340267,-0.015664710024693607,0.03389580656546426,0.024917173361046707,0.3681285656628289,0.020015989094517905,-0.008925739797803964,0.007246376811594203,0.0036231884057971015,0.5262124468633118,0.39631074520689696,0.08355367530407191,0.007403490216816499
SOURCE_ATMOS__optimistic__L025,SOURCE_ATMOS,optimistic,0.25,125,0.4459993839263916,0.7820392890551918,0.2838193287670897,0.4982199602881021,0.5218425230096261,0.3864893821060271,0.024616944617775027,0.5555872921357254,-0.03374476912609936,0.03389580656546426,0.02052492658481908,0.3957695484318247,-0.00928016632579759,-0.008925739797803964,0.007246376811594203,0.0036231884057971015,0.493840517483272,0.3727922362034278,0.06927551560021153,0.010576414595452142
SOURCE_ATMOS__optimistic__L025,SOURCE_ATMOS,optimistic,0.25,150,0.4459993839263916,0.7652011225444341,0.24998193595022783,0.5152191865942062,0.4700030951470867,0.35069006080702875,-0.016991764164418888,0.5397899985260752,-0.06978690337898852,0.03389580656546426,-0.016354183530180144,0.3845288229596849,-0.03383876215265613,-0.008925739797803964,0.007246376811594203,0.0036231884057971015,0.394531595077245,0.2914341828462431,0.06927551560021153,0.015864621893178214
SOURCE_ATMOS__optimistic__L025,SOURCE_ATMOS,optimistic,0.25,200,0.4459993839263916,0.5612722170252572,0.1679585496141943,0.3933136674110629,0.4625181977703625,0.3620290424512415,0.0068349154025708625,0.49075697061767004,-0.028238772847307525,0.03389580656546426,0.008357684084033756,0.3726507366368551,-0.010621694185613595,-0.008925739797803964,0.007246376811594203,0.0036231884057971015,0.34652509453052754,0.27323648810027484,0.04177683765203596,0.02168164992067689
SOURCE_ATMOS__optimistic__L025,SOURCE_ATMOS,optimistic,0.25,250,0.4459993839263916,0.5481758652946679,0.13198956020681174,0.41618630508785615,0.46821516101358496,0.37918500315640474,0.012506230506899474,0.46830960016992373,-9.443915633877698e-05,0.03389580656546426,0.015706881074525447,0.37125280775144925,0.007932195404955489,-0.008925739797803964,0.007246376811594203,0.0036231884057971015,0.3388529806106897,0.2811331732681979,0.040719196192490745,0.03172924378635643
SOURCE_ATMOS__optimistic__L025,SOURCE_ATMOS,optimistic,0.25,300,0.4459993839263916,0.40037418147801684,0.11968482116149456,0.28068936031652225,0.4370641913894846,0.35740968290054415,0.0011960034793261354,0.470568768835291,-0.03350457744580637,0.03389580656546426,0.0016632619981207242,0.38643557905169357,-0.029025896151149422,-0.008925739797803964,0.007246376811594203,0.0036231884057971015,0.28752441956438507,0.24099847363875485,0.040719196192490745,0.04336329984135378
SOURCE_ATMOS__optimistic__L025,SOURCE_ATMOS,optimistic,0.25,400,0.4459993839263916,0.2226379794200187,0.09947706369373727,0.12316091572628143,0.41307461602184065,0.34579664780779845,0.001961984098419578,0.37826524217302004,0.0348093738488206,0.03389580656546426,0.0037475489711876198,0.30483733988950973,0.04095930791828872,-0.008925739797803964,0.007246376811594203,0.0036231884057971015,0.24366778520120871,0.21513367112135903,0.03437334743521946,0.0750925436277102
SOURCE_ATMOS__optimistic__L050,SOURCE_ATMOS,optimistic,0.5,25,0.4459993839263916,0.842843779232928,0.547215411187173,0.295628368045755,0.36607919172090725,0.2191732287656947,0.010607337835770725,0.3063182435181182,0.059760948202789044,0.03453433196021867,0.03704203009815257,0.13580108348525863,0.08337214528043607,-0.008287214403049553,0.007246376811594203,0.0036231884057971015,0.39416287106700043,0.2760826070600902,0.3246959280803807,0.0015864621893178213
SOURCE_ATMOS__optimistic__L050,SOURCE_ATMOS,optimistic,0.5,50,0.4459993839263916,0.8213283442469598,0.46572538748872994,0.35560295675822984,0.44644340879834954,0.2847486348230054,0.07393929176056435,0.42351875376741094,0.0229246550309386,0.03453433196021867,0.08576570523387689,0.2013976314308119,0.08335100339219348,-0.008287214403049553,0.007246376811594203,0.0036231884057971015,0.4848532945704093,0.34505906072962894,0.23426758328926495,0.0021152829190904283
SOURCE_ATMOS__optimistic__L050,SOURCE_ATMOS,optimistic,0.5,75,0.4459993839263916,0.7913938260056127,0.3665347897106823,0.4248590362949304,0.49061199323960236,0.3429768196398545,0.03938697656598139,0.4627505564593728,0.027861436780229565,0.03453433196021867,0.03782637942415551,0.23785175167974007,0.10512506796011442,-0.008287214403049553,0.007246376811594203,0.0036231884057971015,0.48513556185589857,0.35978952254184793,0.08355367530407191,0.0037017451084082496
SOURCE_ATMOS__optimistic__L050,SOURCE_ATMOS,optimistic,0.5,100,0.4459993839263916,0.7913938260056127,0.32478152713793035,0.46661229886768235,0.5318435201674439,0.3866010718461735,0.035435570939739924,0.5214362268418059,0.010407293325637945,0.03453433196021867,0.023373690449873363,0.33069398435404196,0.055907087492131524,-0.008287214403049553,0.007246376811594203,0.0036231884057971015,0.5256614808367066,0.39548784015267535,0.08355367530407191,0.007403490216816499
SOURCE_ATMOS__optimistic__L050,SOURCE_ATMOS,optimistic,0.5,125,0.4459993839263916,0.7811038353601497,0.2841471262932117,0.496956709066938,0.5212329086054329,0.38297554272752576,0.024007330213581868,0.5624710898750349,-0.04123818126960199,0.03453433196021867,0.01701108720631772,0.3871791096021482,-0.004203566874622422,-0.008287214403049553,0.007246376811594203,0.0036231884057971015,0.493558343623707,0.3691128969378099,0.06927551560021153,0.012162876784769964
SOURCE_ATMOS__optimistic__L050,SOURCE_ATMOS,optimistic,0.5,150,0.4459993839263916,0.7277829747427502,0.2331644030785303,0.4946185716642199,0.48093748778220363,0.3699420740719478,-0.006057371529301969,0.5743183702323399,-0.09338088245013626,0.03453433196021867,0.0028978297347388993,0.4143965861601747,-0.04445451208822693,-0.008287214403049553,0.007246376811594203,0.0036231884057971015,0.4021501042417941,0.3145324320606527,0.05552617662612375,0.015335801163405606
SOURCE_ATMOS__optimistic__L050,SOURCE_ATMOS,optimistic,0.5,200,0.4459993839263916,0.5622076707202993,0.16606676362394562,0.3961409070963537,0.46520898198469857,0.3658986983949021,0.009525699616906913,0.52484020972591,-0.05963122774121138,0.03453433196021867,0.012227340027694322,0.3931133642200594,-0.027214665825157303,-0.008287214403049553,0.007246376811594203,0.0036231884057971015,0.3482550448519172,0.2762469514851728,0.040719196192490745,0.022739291380222106
SOURCE_ATMOS__optimistic__L050,SOURCE_ATMOS,optimistic,0.5,250,0.4459993839263916,0.3872778297474275,0.13402453344126974,0.2532532963061578,0.439448234054142,0.3485705823322004,-0.016260696452543466,0.4996396980638161,-0.06019146400967407,0.03453433196021867,-0.0149075397496789,0.3977036456489505,-0.0491330633167501,-0.008287214403049553,0.007246376811594203,0.0036231884057971015,0.2976244511091725,0.23792822726214033,0.040719196192490745,0.030671602326811213
SOURCE_ATMOS__optimistic__L050,SOURCE_ATMOS,optimistic,0.5,300,0.4459993839263916,0.2778297474275023,0.11376920129388413,0.1640605461336182,0.4302335001087131,0.34795608022484903,-0.005634687801445382,0.4816318823929386,-0.0513983822842255,0.03453433196021867,-0.007790340677574392,0.39707921969816723,-0.0491231394733182,-0.008287214403049553,0.007246376811594203,0.0036231884057971015,0.2748524600250755,0.22522082216262562,0.03437334743521946,0.04283447911158118
SOURCE_ATMOS__optimistic__L050,SOURCE_ATMOS,optimistic,0.5,400,0.4459993839263916,0.21983161833489243,0.09039067157708763,0.1294409467578048,0.42679192461329957,0.3544515080989059,0.0156792926898785,0.39840224980115974,0.02838967481213983,0.03453433196021867,0.012402409262295078,0.3312481143512457,0.023203393747660228,-0.008287214403049553,0.007246376811594203,0.0036231884057971015,0.258545800706455,0.22444386579087885,0.03120042305658382,0.07191961924907457
SOURCE_ATMOS__optimistic__L075,SOURCE_ATMOS,optimistic,0.75,25,0.4459993839263916,0.8372310570626754,0.53401069227238,0.30322036479029546,0.3795754857461701,0.22200797822300283,0.024103631861033592,0.30960209164118396,0.06997339410498615,0.03499973474499356,0.039876779555460706,0.15666362511112245,0.06534435311188039,-0.007821811618274666,0.007246376811594203,0.0036231884057971015,0.41058818671266534,0.28126650800102027,0.24378635642517188,0.0010576414595452142
SOURCE_ATMOS__optimistic__L075,SOURCE_ATMOS,optimistic,0.75,50,0.4459993839263916,0.8194574368568756,0.43605482410403756,0.383402612752838,0.4813136843933299,0.3197684006702781,0.1088095673555447,0.45731691307849043,0.02399677131483946,0.03499973474499356,0.12078547108114962,0.22481916052286646,0.09494924014741166,-0.007821811618274666,0.007246376811594203,0.0036231884057971015,0.5231602896406043,0.39121774008753635,0.1491274457958752,0.0015864621893178213
SOURCE_ATMOS__optimistic__L075,SOURCE_ATMOS,optimistic,0.75,75,0.4459993839263916,0.7951356407857811,0.3604645611201214,0.43467107966565977,0.5201495669645461,0.3790435231977386,0.06892455029092509,0.500071408008762,0.02007815895578402,0.03499973474499356,0.07389308298203962,0.28217404955770403,0.09686947364003456,-0.007821811618274666,0.007246376811594203,0.0036231884057971015,0.5465985026600925,0.42310470561459684,0.08355367530407191,0.0031729243786356425
SOURCE_ATMOS__optimistic__L075,SOURCE_ATMOS,optimistic,0.75,100,0.4459993839263916,0.7932647333956969,0.30176178503482254,0.4915029483608744,0.5385250802056838,0.3912867839419981,0.042117130977979866,0.5244365593053806,0.014088520900303214,0.03499973474499356,0.028059402545697998,0.32048197652520444,0.07080480741679368,-0.007821811618274666,0.007246376811594203,0.0036231884057971015,0.5474359756305252,0.4188672479797189,0.07033315705975675,0.005817028027498678
SOURCE_ATMOS__optimistic__L075,SOURCE_ATMOS,optimistic,0.75,125,0.4459993839263916,0.784845650140318,0.2792031487304336,0.5056425014098844,0.5495582345710494,0.41378978427557755,0.0523326561791983,0.555860228976623,-0.006301994405573663,0.03499973474499356,0.04782532875436951,0.3728644783895839,0.040925305885993635,-0.007821811618274666,0.007246376811594203,0.0036231884057971015,0.5537777548928559,0.43236781933817037,0.0671602326811211,0.012162876784769964
SOURCE_ATMOS__optimistic__L075,SOURCE_ATMOS,optimistic,0.75,150,0.4459993839263916,0.7399438727782974,0.24069254873659496,0.49925132404170247,0.5247266541868629,0.4112749283173429,0.03773179487535733,0.5720432793893331,-0.04731662520247015,0.03499973474499356,0.04423068398013402,0.3965164508018963,0.014758477515446622,-0.007821811618274666,0.007246376811594203,0.0036231884057971015,0.5017857169731337,0.41016533549835343,0.05552617662612375,0.01639344262295082
SOURCE_ATMOS__optimistic__L075,SOURCE_ATMOS,optimistic,0.75,200,0.4459993839263916,0.5659494855004678,0.17113457545524238,0.3948149100452254,0.4838910342434041,0.3855344746679553,0.02820775187561242,0.5421954319724499,-0.05830439772904583,0.03499973474499356,0.03186311630074756,0.41672508120412116,-0.031190606536165844,-0.007821811618274666,0.007246376811594203,0.0036231884057971015,0.3991353164239743,0.32813527636419787,0.04336329984135378,0.023796932839767318
SOURCE_ATMOS__optimistic__L075,SOURCE_ATMOS,optimistic,0.75,250,0.4459993839263916,0.41908325537885877,0.13998828651274545,0.2790949688661133,0.44687472375196297,0.35954594070185114,-0.008834206754722518,0.4949667868557442,-0.048092063103781224,0.03499973474499356,-0.003932181380028155,0.3938918660331871,-0.03434592533133596,-0.007821811618274666,0.007246376811594203,0.0036231884057971015,0.31130892210561145,0.25616757482680924,0.04019037546271814,0.03172924378635643
SOURCE_ATMOS__optimistic__L075,SOURCE_ATMOS,optimistic,0.75,300,0.4459993839263916,0.2909260991580917,0.10946263003026371,0.181463469127828,0.43090240643480304,0.3451297370545403,-0.004965781475355424,0.48268677757743483,-0.05178437114263179,0.03499973474499356,-0.010616683847883113,0.4030230979504572,-0.0578933608959169,-0.007821811618274666,0.007246376811594203,0.0036231884057971015,0.2738824639744923,0.21733269816496503,0.03120042305658382,0.04283447911158118
SOURCE_ATMOS__optimistic__L075,SOURCE_ATMOS,optimistic,0.75,400,0.4459993839263916,0.23479887745556596,0.08641537502605343,0.14838350242951254,0.43270897896503924,0.3601047270286526,0.02159634704161817,0.4238035911343687,0.00890538783067052,0.03499973474499356,0.01805562819204176,0.3574525936310444,0.0026521333976081696,-0.007821811618274666,0.007246376811594203,0.0036231884057971015,0.2652705062885138,0.22758639724185425,0.03120042305658382,0.07191961924907457
SOURCE_ATMOS__optimistic__L100,SOURCE_ATMOS,optimistic,1.0,25,0.4459993839263916,0.8372310570626754,0.5338918757723704,0.303339181290305,0.3799155801376602,0.2201112083986398,0.024443726252523668,0.3783981928389957,0.0015173872986645187,0.03552030064385848,0.037980009731097664,0.13808489850176722,0.08202630989687257,-0.007301245719409745,0.007246376811594203,0.0036231884057971015,0.41104932358073193,0.27985564919099465,0.24378635642517188,0.0010576414595452142
SOURCE_ATMOS__optimistic__L100,SOURCE_ATMOS,optimistic,1.0,50,0.4459993839263916,0.8166510757717493,0.4445540326635847,0.37209704310816466,0.45364183616360126,0.29049829395880744,0.08113771912581608,0.4383543494562461,0.015287486707355191,0.03552030064385848,0.09151536436967894,0.1931941498024025,0.09730414415640495,-0.007301245719409745,0.007246376811594203,0.0036231884057971015,0.4871350216409016,0.3608483278226698,0.1501850872554204,0.0021152829190904283
SOURCE_ATMOS__optimistic__L100,SOURCE_ATMOS,optimistic,1.0,75,0.4459993839263916,0.7951356407857811,0.3648728016775723,0.43026283910820884,0.5157443735528647,0.3710414999439962,0.06451935687924376,0.45564985997327934,0.060094513579585396,0.03552030064385848,0.06589105972829723,0.22617888021161103,0.14486261973238518,-0.007301245719409745,0.007246376811594203,0.0036231884057971015,0.5422420402395824,0.4205576189901252,0.08355367530407191,0.0037017451084082496
SOURCE_ATMOS__optimistic__L100,SOURCE_ATMOS,optimistic,1.0,100,0.4459993839263916,0.7951356407857811,0.3016789157798302,0.49345672500595095,0.5777771653689877,0.4326937634273681,0.08136921614128378,0.5081097020656945,0.06966746330329321,0.03552030064385848,0.06946638203106797,0.3029578290929555,0.1297359343344126,-0.007301245719409745,0.007246376811594203,0.0036231884057971015,0.6029963715840277,0.4764202555195008,0.06821787414066631,0.006874669487043892
SOURCE_ATMOS__optimistic__L100,SOURCE_ATMOS,optimistic,1.0,125,0.4459993839263916,0.7895229186155285,0.2782635645359695,0.5112593540795589,0.5742680066251931,0.4370443464734799,0.07704242823334201,0.5438740587792048,0.030393947845988256,0.03552030064385848,0.07107989095227185,0.3525713320018364,0.08447301447164351,-0.007301245719409745,0.007246376811594203,0.0036231884057971015,0.5879349849518513,0.46586474309055004,0.06663141195134849,0.011634056054997356
SOURCE_ATMOS__optimistic__L100,SOURCE_ATMOS,optimistic,1.0,150,0.4459993839263916,0.7455565949485501,0.2381429532914416,0.5074136416571084,0.5522825199055694,0.4392898677821105,0.06528766059406382,0.5582951860097414,-0.006012666104171949,0.03552030064385848,0.0722456234449016,0.3924622473397753,0.04682762044233518,-0.007301245719409745,0.007246376811594203,0.0036231884057971015,0.5392779111994558,0.4485149237519875,0.05552617662612375,0.015864621893178214
SOURCE_ATMOS__optimistic__L100,SOURCE_ATMOS,optimistic,1.0,200,0.4459993839263916,0.6576239476145931,0.16772637016657432,0.48989757744801876,0.5584546108236569,0.4628043793434923,0.10277132845586523,0.5312656241115343,0.027188986712122554,0.03552030064385848,0.10913302097628452,0.4012104298006792,0.06159394954281305,-0.007301245719409745,0.007246376811594203,0.0036231884057971015,0.5185882406489162,0.45156923396160303,0.04336329984135378,0.024325753569539928
SOURCE_ATMOS__optimistic__L100,SOURCE_ATMOS,optimistic,1.0,250,0.4459993839263916,0.5116931711880262,0.13014469505304166,0.3815484761349845,0.4711957358378247,0.38075384307159105,0.01548680533113922,0.5221594795716555,-0.050963743733830835,0.03552030064385848,0.01727572098971175,0.4152973625398076,-0.034543519468216544,-0.007301245719409745,0.007246376811594203,0.0036231884057971015,0.35312169763661555,0.2917945504450941,0.0375462718138551,0.03172924378635643
SOURCE_ATMOS__optimistic__L100,SOURCE_ATMOS,optimistic,1.0,300,0.4459993839263916,0.4069223573433115,0.10657580753486985,0.30034654980844167,0.4729727576625553,0.3848151111844805,0.03710456975239684,0.4586242477666093,0.014348509895945993,0.03552030064385848,0.029068690282057053,0.3728189826918394,0.01199612849264109,-0.007301245719409745,0.007246376811594203,0.0036231884057971015,0.3448164198653969,0.28538951785344197,0.03120042305658382,0.04336329984135378
SOURCE_ATMOS__optimistic__L100,SOURCE_ATMOS,optimistic,1.0,400,0.4459993839263916,0.3086997193638915,0.08774047387639816,0.22095924548749335,0.45774458687535996,0.3837824249532432,0.04663195495193889,0.438964533345597,0.018780053529762974,0.03552030064385848,0.041733326116632385,0.3717768289362879,0.012005596016955333,-0.007301245719409745,0.007246376811594203,0.0036231884057971015,0.31354147000804294,0.2719853383924849,0.03120042305658382,0.07139079851930195
SOURCE_ATMOS__pessimistic__L010,SOURCE_ATMOS,pessimistic,0.1,25,0.4459993839263916,0.8400374181478016,0.5335586438673704,0.30647877428043124,0.32572585282103844,0.16479373951460521,-0.029746001064098082,0.33653781410078343,-0.010811961279744986,0.4695729421996982,-0.017337459152936913,0.17630480120393544,-0.011511061689330221,0.42675139583642996,0.6014492753623188,0.23073965825682077,0.32900677061946754,0.20002824488589743,0.24325753569539926,0.0015864621893178213
SOURCE_ATMOS__pessimistic__L010,SOURCE_ATMOS,pessimistic,0.1,50,0.4459993839263916,0.8316183348924229,0.4597046872412885,0.3719136476511344,0.401066893404966,0.2391019960954502,0.028562776367180798,0.39617312585854697,0.0048937675464190145,0.4695729421996982,0.04011906650632169,0.2329076840078802,0.006194312087569986,0.42675139583642996,0.6014492753623188,0.23073965825682077,0.40957243839351554,0.26920264057879556,0.2321523003701745,0.0031729243786356425
SOURCE_ATMOS__pessimistic__L010,SOURCE_ATMOS,pessimistic,0.1,75,0.4459993839263916,0.7970065481758652,0.3805188759203322,0.41648767225553307,0.4466169458621367,0.29406174933598145,-0.004608070811484288,0.4571706793971344,-0.010553733534997722,0.4695729421996982,-0.011088690879717533,0.30009471892332296,-0.006032969587341508,0.42675139583642996,0.6014492753623188,0.23073965825682077,0.44664581000860704,0.3173856429893552,0.09994711792702274,0.005288207297726071
SOURCE_ATMOS__pessimistic__L010,SOURCE_ATMOS,pessimistic,0.1,100,0.4459993839263916,0.7932647333956969,0.3232289974766786,0.4700357359190183,0.47952206582071283,0.3291325709855869,-0.016885883406991098,0.5189060086342396,-0.03938394281352681,0.4695729421996982,-0.03409481041071322,0.37327994112689433,-0.04414737014130743,0.42675139583642996,0.6014492753623188,0.23073965825682077,0.44647963441434846,0.30576477227494564,0.08196721311475409,0.007403490216816499
SOURCE_ATMOS__pessimistic__L010,SOURCE_ATMOS,pessimistic,0.1,125,0.4459993839263916,0.7829747427502338,0.2750712216662924,0.5079035210839414,0.4672420767380714,0.32932071033185184,-0.029983501653779665,0.5143399186307513,-0.04709784189267996,0.4695729421996982,-0.0366437451893562,0.3751967394659054,-0.045876029134053586,0.42675139583642996,0.6014492753623188,0.23073965825682077,0.39619205393689394,0.2770477919397935,0.06980433632998413,0.010576414595452142
SOURCE_ATMOS__pessimistic__L010,SOURCE_ATMOS,pessimistic,0.1,150,0.4459993839263916,0.7698783910196445,0.2338252462088623,0.5360531448107821,0.49452443387093287,0.3680313345400738,0.007529574559427266,0.5096414009222813,-0.015116967051348407,0.4695729421996982,0.0009870902028649153,0.3627405822567549,0.0052907522833189335,0.42675139583642996,0.6014492753623188,0.23073965825682077,0.4196529302163849,0.3129645870301415,0.06927551560021153,0.014278159703860392
SOURCE_ATMOS__pessimistic__L010,SOURCE_ATMOS,pessimistic,0.1,200,0.4459993839263916,0.6033676333021516,0.1554675893110366,0.447900043991115,0.48541029655824985,0.3780368862480431,0.0297270141904582,0.4510055247369096,0.034404771821340274,0.4695729421996982,0.024365527880835347,0.34201931967265153,0.03601756657539157,0.42675139583642996,0.6014492753623188,0.23073965825682077,0.37067589818927127,0.29084625023538246,0.04336329984135378,0.02168164992067689
SOURCE_ATMOS__pessimistic__L010,SOURCE_ATMOS,pessimistic,0.1,250,0.4459993839263916,0.5575304022450889,0.1309489696343493,0.42658143261073955,0.42060160587974366,0.3316666032393138,-0.03510732462694183,0.4474091808841665,-0.026807575004422823,0.4695729421996982,-0.0318115188425655,0.35563703281196424,-0.023970429572650442,0.42675139583642996,0.6014492753623188,0.23073965825682077,0.2698625301332728,0.21199222563538675,0.041248016922263354,0.03437334743521946
SOURCE_ATMOS__pessimistic__L010,SOURCE_ATMOS,pessimistic,0.1,300,0.4459993839263916,0.4106641721234799,0.11741322313233216,0.29325094899114773,0.397238321721781,0.3182898539561143,-0.03862986618837749,0.436701016810275,-0.03946269508849404,0.4695729421996982,-0.03745656694630911,0.3557085929644257,-0.037418739008311386,0.42675139583642996,0.6014492753623188,0.23073965825682077,0.22885312246873799,0.18477940341859514,0.04019037546271814,0.04547858276044421
SOURCE_ATMOS__pessimistic__L010,SOURCE_ATMOS,pessimistic,0.1,400,0.4459993839263916,0.2460243217960711,0.1034523602447715,0.1425719615512996,0.3531113498839509,0.2816711456959701,-0.05800128203947019,0.36721526370687324,-0.014103913822922365,0.4695729421996982,-0.060377953140640706,0.2951514840946607,-0.013480338398690561,0.42675139583642996,0.6014492753623188,0.23073965825682077,0.15974098500657108,0.12585588372169124,0.04019037546271814,0.08038075092543628
SOURCE_ATMOS__pessimistic__L025,SOURCE_ATMOS,pessimistic,0.25,25,0.4459993839263916,0.8110383536014967,0.5275357967253137,0.283502556876183,0.3485717850927791,0.17557441896638112,-0.006900068792357439,0.34106124008860617,0.007510545004172919,0.524439516390125,-0.006556779701161003,0.18013524538247452,-0.0045608264160934,0.48161797002685675,0.6376811594202898,0.3181406884496129,0.3642350636206815,0.22098074548498417,0.25647805393971446,0.0015864621893178213
SOURCE_ATMOS__pessimistic__L025,SOURCE_ATMOS,pessimistic,0.25,50,0.4459993839263916,0.8054256314312441,0.4602856618524595,0.3451399695787846,0.39970250537911567,0.226013066489636,0.02719838834133048,0.39881375163567473,0.0008887537434409398,0.524439516390125,0.027030136900507512,0.23302270237408204,-0.0070096358844460305,0.48161797002685675,0.6376811594202898,0.3181406884496129,0.410091988290293,0.2585423121746888,0.24219989423585406,0.0026441036488630354
SOURCE_ATMOS__pessimistic__L025,SOURCE_ATMOS,pessimistic,0.25,75,0.4459993839263916,0.7960710944808232,0.371056894257578,0.42501420022324526,0.4939199985476622,0.33231634727982023,0.04269498187404125,0.5032501244211884,-0.009330125873526218,0.524439516390125,0.027165907064121253,0.316551989128076,0.015764358151744262,0.48161797002685675,0.6376811594202898,0.3181406884496129,0.5108804213829713,0.37258055876956336,0.08302485457429931,0.005288207297726071
SOURCE_ATMOS__pessimistic__L025,SOURCE_ATMOS,pessimistic,0.25,100,0.4459993839263916,0.7923292797006548,0.32184164634449935,0.47048763335615545,0.519187307203569,0.36563420778417366,0.022779357975865056,0.5480691378340267,-0.028881830630457683,0.524439516390125,0.0024068263878735396,0.3681285656628289,-0.0024943578786552623,0.48161797002685675,0.6376811594202898,0.3181406884496129,0.5033932682878952,0.3604211047820285,0.08249603384452671,0.007932310946589107
SOURCE_ATMOS__pessimistic__L025,SOURCE_ATMOS,pessimistic,0.25,125,0.4459993839263916,0.7811038353601497,0.26506787394142833,0.5160359614187213,0.4955252631314698,0.33446431508470564,-0.0017003152603812799,0.5555872921357254,-0.06006202900425567,0.524439516390125,-0.0315001404365024,0.3957695484318247,-0.06130523334711907,0.48161797002685675,0.6376811594202898,0.3181406884496129,0.43325352608019396,0.28241115175292997,0.06874669487043893,0.010047593865679535
SOURCE_ATMOS__pessimistic__L025,SOURCE_ATMOS,pessimistic,0.25,150,0.4459993839263916,0.7773620205799813,0.23218326113887536,0.5451787594411059,0.5257933949941505,0.38359360494616856,0.03879853568264485,0.5397899985260752,-0.013996603531924778,0.524439516390125,0.016549360608959673,0.3845288229596849,-0.0009352180135163146,0.48161797002685675,0.6376811594202898,0.3181406884496129,0.4636728141732853,0.34310043162373044,0.06874669487043893,0.012162876784769964
SOURCE_ATMOS__pessimistic__L025,SOURCE_ATMOS,pessimistic,0.25,200,0.4459993839263916,0.6361085126286249,0.16219056233787763,0.47391795029074724,0.5068566327354117,0.39340635217734266,0.05117335036762005,0.49075697061767004,0.016099662117741664,0.524439516390125,0.0397349938101349,0.3726507366368551,0.02075561554048755,0.48161797002685675,0.6376811594202898,0.3181406884496129,0.403060497962499,0.31473502705395817,0.0449497620306716,0.0222104706504495
SOURCE_ATMOS__pessimistic__L025,SOURCE_ATMOS,pessimistic,0.25,250,0.4459993839263916,0.5537885874649204,0.13766911380395477,0.4161194736609657,0.4662058183715693,0.37087745636175484,0.010496887864883842,0.46830960016992373,-0.0021037817983544094,0.524439516390125,0.007399334279875547,0.37125280775144925,-0.0003753513896944116,0.48161797002685675,0.6376811594202898,0.3181406884496129,0.3363256184659613,0.2706861465333152,0.041248016922263354,0.03225806451612903
SOURCE_ATMOS__pessimistic__L025,SOURCE_ATMOS,pessimistic,0.25,300,0.4459993839263916,0.5481758652946679,0.12820412201577805,0.41997174327888986,0.408616344826054,0.3220979532357201,-0.027251843084104443,0.470568768835291,-0.06195242400923695,0.524439516390125,-0.03364846766670332,0.38643557905169357,-0.06433762581597346,0.48161797002685675,0.6376811594202898,0.3181406884496129,0.25195948181869765,0.19876608708287816,0.041248016922263354,0.047593865679534636
SOURCE_ATMOS__pessimistic__L025,SOURCE_ATMOS,pessimistic,0.25,400,0.4459993839263916,0.45743685687558466,0.11277618540105,0.34466067147453466,0.3988397023491131,0.31752177924661235,-0.012272929574307978,0.37826524217302004,0.020574460176093046,0.524439516390125,-0.024527319589998486,0.30483733988950973,0.012684439357102617,0.48161797002685675,0.6376811594202898,0.3181406884496129,0.23150506870285015,0.18402561328540953,0.041248016922263354,0.09518773135906927
SOURCE_ATMOS__pessimistic__L050,SOURCE_ATMOS,pessimistic,0.5,25,0.4459993839263916,0.8297474275023387,0.5300833620425159,0.2996640654598227,0.36681946304951435,0.18820712060811143,0.011347609164377825,0.3063182435181182,0.060501219531396144,0.5821650233995574,0.006075921940569301,0.13580108348525863,0.0524060371228528,0.5393434770362893,0.6956521739130435,0.353035554580177,0.38473437450477704,0.23475784403373892,0.25647805393971446,0.0010576414595452142
SOURCE_ATMOS__pessimistic__L050,SOURCE_ATMOS,pessimistic,0.5,50,0.4459993839263916,0.8222637979420019,0.46043708325786686,0.361826714684135,0.4208985180163895,0.24449456945148274,0.04839440097860431,0.42351875376741094,-0.002620235751021438,0.5821650233995574,0.045511639862354236,0.2013976314308119,0.04309693802067083,0.5393434770362893,0.6956521739130435,0.353035554580177,0.4349073609551352,0.2767202945657378,0.2453728186144897,0.0026441036488630354
SOURCE_ATMOS__pessimistic__L050,SOURCE_ATMOS,pessimistic,0.5,75,0.4459993839263916,0.8016838166510758,0.3638329912022003,0.4378508254488755,0.5037765097000635,0.33214691222944487,0.05255149302644252,0.4627505564593728,0.041025953240690693,0.5821650233995574,0.026996472013745887,0.23785175167974007,0.0942951605497048,0.5393434770362893,0.6956521739130435,0.353035554580177,0.5199260902001595,0.3663369944922165,0.10999471179270227,0.005817028027498678
SOURCE_ATMOS__pessimistic__L050,SOURCE_ATMOS,pessimistic,0.5,100,0.4459993839263916,0.7923292797006548,0.2977448832831939,0.49458439641746094,0.5218739339240475,0.32933587931257924,0.025465984696343535,0.5214362268418059,0.0004377070822415563,0.5821650233995574,-0.03389150208372088,0.33069398435404196,-0.0013581050414627205,0.5393434770362893,0.6956521739130435,0.353035554580177,0.4828810916165694,0.3109236607307336,0.0671602326811211,0.007932310946589107
SOURCE_ATMOS__pessimistic__L050,SOURCE_ATMOS,pessimistic,0.5,125,0.4459993839263916,0.784845650140318,0.2677477347691899,0.5170979153711281,0.5325237517485839,0.3554224004591273,0.035298173356732854,0.5624710898750349,-0.029947338126451006,0.5821650233995574,-0.010542055062080724,0.3871791096021482,-0.03175670914302087,0.5393434770362893,0.6956521739130435,0.353035554580177,0.4859169499573488,0.3251429428228539,0.0671602326811211,0.01110523532522475
SOURCE_ATMOS__pessimistic__L050,SOURCE_ATMOS,pessimistic,0.5,150,0.4459993839263916,0.775491113189897,0.23344368751588096,0.5420474256740161,0.5128552937385603,0.36262216762599647,0.025860434427054713,0.5743183702323399,-0.06146307649377958,0.5821650233995574,-0.004422076711212419,0.4143965861601747,-0.051774418534178246,0.5393434770362893,0.6956521739130435,0.353035554580177,0.4454168064322838,0.31822292382021095,0.06345848757271286,0.014806980433632998
SOURCE_ATMOS__pessimistic__L050,SOURCE_ATMOS,pessimistic,0.5,200,0.4459993839263916,0.7689429373246024,0.1951186778733073,0.5738242594512951,0.5429560535888288,0.41237951441636556,0.08727277122103716,0.52484020972591,0.018115843862918868,0.5821650233995574,0.0587081560491578,0.3931133642200594,0.019266150196306175,0.5393434770362893,0.6956521739130435,0.353035554580177,0.4741409791559774,0.37217060311009537,0.06240084611316764,0.023796932839767318
SOURCE_ATMOS__pessimistic__L050,SOURCE_ATMOS,pessimistic,0.5,250,0.4459993839263916,0.7558465855940131,0.18445965080512863,0.5713869347888845,0.4509070651463891,0.32120172705845507,-0.004801865360296365,0.4996396980638161,-0.048732632917426966,0.5821650233995574,-0.04227639502342423,0.3977036456489505,-0.07650191859049543,0.5393434770362893,0.6956521739130435,0.353035554580177,0.34000649508874264,0.23833411134020902,0.060814383923849816,0.040719196192490745
SOURCE_ATMOS__pessimistic__L050,SOURCE_ATMOS,pessimistic,0.5,300,0.4459993839263916,0.7539756782039289,0.17944239691247052,0.5745332812914583,0.45146319696177845,0.32420928648609854,0.015595009051619979,0.4816318823929386,-0.030168685431160136,0.5821650233995574,-0.031537134416324886,0.39707921969816723,-0.0728699332120687,0.5393434770362893,0.6956521739130435,0.353035554580177,0.34461717608364983,0.2466253317924787,0.060814383923849816,0.07033315705975675
SOURCE_ATMOS__pessimistic__L050,SOURCE_ATMOS,pessimistic,0.5,400,0.4459993839263916,0.7511693171188026,0.14791387119628666,0.603255445922516,0.45411411045101396,0.34487483461094415,0.043001478527592896,0.39840224980115974,0.05571186064985423,0.5821650233995574,0.0028257357743333156,0.3312481143512457,0.013626720259698466,0.5393434770362893,0.6956521739130435,0.353035554580177,0.33473016432827873,0.25298969465625426,0.05076679005817028,0.12903225806451613
SOURCE_ATMOS__pessimistic__L075,SOURCE_ATMOS,pessimistic,0.75,25,0.4459993839263916,0.8447146866230122,0.5435646965434335,0.30114999007957866,0.3381725462328155,0.1610954171554509,-0.017299307652321017,0.30960209164118396,0.028570454591631544,0.6032231823105679,-0.021035781512091234,0.15666362511112245,0.0044317920443284475,0.5604016359472997,0.7536231884057971,0.3960173439578473,0.34751011245335134,0.19825347096659493,0.34796404019037547,0.0010576414595452142
SOURCE_ATMOS__pessimistic__L075,SOURCE_ATMOS,pessimistic,0.75,50,0.4459993839263916,0.8250701590271281,0.3681783962558659,0.4568917627712622,0.5044199550651812,0.271984430053532,0.13191583802739604,0.45731691307849043,0.0471030419866908,0.6032231823105679,0.07300150046440351,0.22481916052286646,0.04716526953066555,0.5604016359472997,0.7536231884057971,0.3960173439578473,0.5182294062090899,0.30821144908340814,0.19249074563722898,0.0037017451084082496
SOURCE_ATMOS__pessimistic__L075,SOURCE_ATMOS,pessimistic,0.75,75,0.4459993839263916,0.8072965388213283,0.3298550962333705,0.47744144258795784,0.46276674553936287,0.24424712877325008,0.011541728865741896,0.500071408008762,-0.037304662469399175,0.6032231823105679,-0.0609033114424489,0.28217404955770403,-0.03792692078445395,0.5604016359472997,0.7536231884057971,0.3960173439578473,0.40867670949798046,0.21520233068892855,0.16393442622950818,0.006874669487043892
SOURCE_ATMOS__pessimistic__L075,SOURCE_ATMOS,pessimistic,0.75,100,0.4459993839263916,0.7979420018709074,0.3018442190128395,0.4960977828580679,0.4839002225093824,0.2556182189606641,-0.01250772671832151,0.5244365593053806,-0.04053633679599816,0.6032231823105679,-0.10760916243563601,0.32048197652520444,-0.06486375756454033,0.5604016359472997,0.7536231884057971,0.3960173439578473,0.43046239373322776,0.22405822226955197,0.16393442622950818,0.010576414595452142
SOURCE_ATMOS__pessimistic__L075,SOURCE_ATMOS,pessimistic,0.75,125,0.4459993839263916,0.7932647333956969,0.2772364365007996,0.5160282968948973,0.507812091692634,0.3053269441071719,0.010586513300782918,0.555860228976623,-0.048048137283989045,0.6032231823105679,-0.060637511414036116,0.3728644783895839,-0.06753753428241199,0.5604016359472997,0.7536231884057971,0.3960173439578473,0.4562852116993472,0.28415035781991066,0.16393442622950818,0.017451084082496033
SOURCE_ATMOS__pessimistic__L075,SOURCE_ATMOS,pessimistic,0.75,150,0.4459993839263916,0.7885874649204865,0.2701225082888848,0.5184649566316017,0.5132670988763428,0.32092393828707494,0.026272239564837208,0.5720432793893331,-0.05877618051299027,0.6032231823105679,-0.04612030605013395,0.3965164508018963,-0.07559251251482135,0.5604016359472997,0.7536231884057971,0.3960173439578473,0.4631611630338363,0.304760165645741,0.16393442622950818,0.024854574299312534
SOURCE_ATMOS__pessimistic__L075,SOURCE_ATMOS,pessimistic,0.75,200,0.4459993839263916,0.784845650140318,0.26532259288461413,0.5195230572557039,0.5166790300222548,0.3224490586446973,0.06099574765446314,0.5421954319724499,-0.02551640195019511,0.6032231823105679,-0.03122229972251045,0.41672508120412116,-0.09427602255942386,0.5604016359472997,0.7536231884057971,0.3960173439578473,0.4676816221911322,0.30692954428086616,0.16393442622950818,0.05182443151771549
SOURCE_ATMOS__pessimistic__L075,SOURCE_ATMOS,pessimistic,0.75,250,0.4459993839263916,0.7829747427502338,0.2582789483397385,0.5246957944104953,0.52291453248501,0.33464874185222704,0.06720560197832448,0.4949667868557442,0.027947745629265774,0.6032231823105679,-0.028829380229652257,0.3938918660331871,-0.05924312418096006,0.5604016359472997,0.7536231884057971,0.3960173439578473,0.4799129283638372,0.32612995738037504,0.10735060814383923,0.0898995240613432
SOURCE_ATMOS__pessimistic__L075,SOURCE_ATMOS,pessimistic,0.75,300,0.4459993839263916,0.7820392890551918,0.23220896031538826,0.5498303287398035,0.49097539575625965,0.3263930167477134,0.05510720784610118,0.48268677757743483,0.008288618178824814,0.6032231823105679,-0.029353404154709994,0.4030230979504572,-0.07663008120274378,0.5604016359472997,0.7536231884057971,0.3960173439578473,0.42365658024420366,0.2831398675323088,0.07985193019566367,0.10259122157588578
SOURCE_ATMOS__pessimistic__L075,SOURCE_ATMOS,pessimistic,0.75,400,0.4459993839263916,0.775491113189897,0.1933927725150504,0.5820983406748467,0.45385315235548546,0.32006167651232353,0.04274052043206439,0.4238035911343687,0.03004956122111674,0.6032231823105679,-0.021987422324287298,0.3574525936310444,-0.03739091711872089,0.5604016359472997,0.7536231884057971,0.3960173439578473,0.43766430472780943,0.32734919377927935,0.06927551560021153,0.14225277630883132
SOURCE_ATMOS__pessimistic__L100,SOURCE_ATMOS,pessimistic,1.0,25,0.4459993839263916,0.9438727782974743,0.6422112132584572,0.3016615650390171,0.24440793922460427,0.1395300584696105,-0.11106391466053225,0.3783981928389957,-0.1339902536143914,0.6213207565221907,-0.042601140197931625,0.13808489850176722,0.0014451599678432792,0.5784992101589225,0.7681159420289855,0.3995516179726706,0.1717658314918409,0.08598513956959526,0.9196192490745637,0.012162876784769964
SOURCE_ATMOS__pessimistic__L100,SOURCE_ATMOS,pessimistic,1.0,50,0.4459993839263916,0.8980355472404116,0.6337237033856733,0.26431184385473827,0.2347495479451993,0.12783887846592226,-0.13775456909258588,0.4383543494562461,-0.20360480151104676,0.6213207565221907,-0.07114405112320624,0.1931941498024025,-0.06535527133648023,0.5784992101589225,0.7681159420289855,0.3995516179726706,0.17549001239891374,0.08794401135234059,0.9196192490745637,0.02538339502908514
SOURCE_ATMOS__pessimistic__L100,SOURCE_ATMOS,pessimistic,1.0,75,0.4459993839263916,0.833489242282507,0.6273727707430289,0.2061164715394781,0.21947305444569906,0.1120459475402239,-0.2317519622279219,0.45564985997327934,-0.23617680552758027,0.6213207565221907,-0.19310449267547508,0.22617888021161103,-0.11413293267138713,0.5784992101589225,0.7681159420289855,0.3995516179726706,0.1813731909616414,0.09364576737296572,0.9196192490745637,0.03860391327340032
SOURCE_ATMOS__pessimistic__L100,SOURCE_ATMOS,pessimistic,1.0,100,0.4459993839263916,0.8054256314312441,0.6237638483208553,0.18166178311038883,0.21366637235552843,0.1064556804497791,-0.2827415768721755,0.5081097020656945,-0.29444332971016607,0.6213207565221907,-0.256771700946521,0.3029578290929555,-0.1965021486431764,0.5784992101589225,0.7681159420289855,0.3995516179726706,0.18475564690920443,0.09761322994765671,0.9196192490745637,0.05182443151771549
SOURCE_ATMOS__pessimistic__L100,SOURCE_ATMOS,pessimistic,1.0,125,0.4459993839263916,0.7988774555659495,0.6220084379542405,0.17686901761170892,0.20957452820663425,0.10223689840944061,-0.2876510501852168,0.5438740587792048,-0.33429953057257056,0.6213207565221907,-0.26372755711176743,0.3525713320018364,-0.25033443359239577,0.5784992101589225,0.7681159420289855,0.3995516179726706,0.18639290634146496,0.09918150862377388,0.9196192490745637,0.06504494976203067
SOURCE_ATMOS__pessimistic__L100,SOURCE_ATMOS,pessimistic,1.0,150,0.4459993839263916,0.7988774555659495,0.621012295679624,0.17786515988632545,0.21053185508840896,0.10294595664819178,-0.27646300422309666,0.5582951860097414,-0.3477633309213324,0.6213207565221907,-0.2640982876890171,0.3924622473397753,-0.2895162906915835,0.5784992101589225,0.7681159420289855,0.3995516179726706,0.1873228909264333,0.09987626014357352,0.9196192490745637,0.07826546800634585
SOURCE_ATMOS__pessimistic__L100,SOURCE_ATMOS,pessimistic,1.0,200,0.4459993839263916,0.7913938260056127,0.33079417016368085,0.46059965584193185,0.4791820259079836,0.25597910469020074,0.023498743540191935,0.5312656241115343,-0.05208359820355074,0.6213207565221907,-0.09769225367700701,0.4012104298006792,-0.14523132511047848,0.5784992101589225,0.7681159420289855,0.3995516179726706,0.4463405500942182,0.2708948935754471,0.21840296139608673,0.08831306187202538
SOURCE_ATMOS__pessimistic__L100,SOURCE_ATMOS,pessimistic,1.0,250,0.4459993839263916,0.7867165575304023,0.3009762504246641,0.4857403071057382,0.43650785552219395,0.2260975237547622,-0.01920107498449153,0.5221594795716555,-0.08565162404946158,0.6213207565221907,-0.1373805983271171,0.4152973625398076,-0.1891998387850454,0.5784992101589225,0.7681159420289855,0.3995516179726706,0.3741954003727967,0.20170659048592535,0.20518244315177156,0.10364886303543099
SOURCE_ATMOS__pessimistic__L100,SOURCE_ATMOS,pessimistic,1.0,300,0.4459993839263916,0.7801683816651076,0.2678853729809737,0.5122830086841339,0.4402519410966762,0.24422355272724516,0.004383753186517736,0.4586242477666093,-0.018372306669933114,0.6213207565221907,-0.11152286817517826,0.3728189826918394,-0.12859542996459422,0.5784992101589225,0.7681159420289855,0.3995516179726706,0.3659259922356723,0.20477634825830685,0.19143310417768378,0.11581173982020095
SOURCE_ATMOS__pessimistic__L100,SOURCE_ATMOS,pessimistic,1.0,400,0.4459993839263916,0.775491113189897,0.22135061110950827,0.5541405020803888,0.42007273275028123,0.25483188350205116,0.008960100826860162,0.438964533345597,-0.018891800595315755,0.6213207565221907,-0.08721721533455967,0.3717768289362879,-0.11694494543423672,0.5784992101589225,0.7681159420289855,0.3995516179726706,0.4009184645582089,0.2709413698386794,0.15230037017451084,0.16129032258064516
SOURCE_THERM__reported__L010,SOURCE_THERM,reported,0.1,25,0.4219348728656769,0.8241347053320861,0.5476650055636051,0.276469699768481,0.34796879693367655,0.19020372782968967,-0.007503056951459974,0.33653781410078343,0.011430982832893122,0.03793019651845129,0.00807252916214754,0.17630480120393544,0.013898926625754232,-0.004891349844816935,0.007246376811594203,0.0036231884057971015,0.36822842526648875,0.23723176364733303,0.254362771020624,0.0010576414595452142
SOURCE_THERM__reported__L010,SOURCE_THERM,reported,0.1,50,0.4219348728656769,0.8016838166510758,0.47480007314132966,0.32688374350974614,0.37990551863548455,0.21183012307186727,0.007401401597699364,0.39617312585854697,-0.01626760722306242,0.03793019651845129,0.012847193482738772,0.2329076840078802,-0.02107756093601293,-0.004891349844816935,0.007246376811594203,0.0036231884057971015,0.3935621079345575,0.25275347033078227,0.24325753569539926,0.0021152829190904283
SOURCE_THERM__reported__L010,SOURCE_THERM,reported,0.1,75,0.4219348728656769,0.7932647333956969,0.38174558311602846,0.41151915027966846,0.4603674145345522,0.30600760398232013,0.00914239786093124,0.4571706793971344,0.0031967351374178055,0.03793019651845129,0.0008571637666211496,0.30009471892332296,0.005912885058997175,-0.004891349844816935,0.007246376811594203,0.0036231884057971015,0.4710781062570926,0.3359928604030166,0.08302485457429931,0.004759386567953464
SOURCE_THERM__reported__L010,SOURCE_THERM,reported,0.1,100,0.4219348728656769,0.7932647333956969,0.3055200232514799,0.487744710144217,0.534875529363906,0.38277724188661977,0.038467580136202106,0.5189060086342396,0.015969520729666398,0.03793019651845129,0.019549860490319648,0.37327994112689433,0.009497300759725436,-0.004891349844816935,0.007246376811594203,0.0036231884057971015,0.5438861870340866,0.4070814857638627,0.07086197778952935,0.007403490216816499
SOURCE_THERM__reported__L010,SOURCE_THERM,reported,0.1,125,0.4219348728656769,0.7801683816651076,0.26983417362930023,0.5103342080358073,0.5143523053305916,0.38234025596626725,0.017126726938740566,0.5143399186307513,1.2386699840272186e-05,0.03793019651845129,0.016375800445059208,0.3751967394659054,0.007143516500361824,-0.004891349844816935,0.007246376811594203,0.0036231884057971015,0.4771865388390581,0.36685661583985957,0.06927551560021153,0.011634056054997356
SOURCE_THERM__reported__L010,SOURCE_THERM,reported,0.1,150,0.4219348728656769,0.7661365762394762,0.24504237852632577,0.5210941977131505,0.4750862023838968,0.3462305170426008,-0.011908656927608785,0.5096414009222813,-0.03455519853838446,0.03793019651845129,-0.020813727294608064,0.3627405822567549,-0.016510065214154046,-0.004891349844816935,0.007246376811594203,0.0036231884057971015,0.3991642503962556,0.2949276532885395,0.06927551560021153,0.015335801163405606
SOURCE_THERM__reported__L010,SOURCE_THERM,reported,0.1,200,0.4219348728656769,0.6258185219831618,0.1738268445228639,0.4519916774602979,0.4652546579258842,0.3584001947450703,0.009571375558092565,0.4510055247369096,0.014249133188974639,0.03793019651845129,0.004728836377862533,0.34201931967265153,0.016380875072418755,-0.004891349844816935,0.007246376811594203,0.0036231884057971015,0.3530576836680354,0.27219935615594354,0.048651507139079855,0.022739291380222106
SOURCE_THERM__reported__L010,SOURCE_THERM,reported,0.1,250,0.4219348728656769,0.5191768007483629,0.13331546730208088,0.38586133344628204,0.46258533397130364,0.3712612127366818,0.006876403464618153,0.4474091808841665,0.015176153087137156,0.03793019651845129,0.0077830906548024825,0.35563703281196424,0.01562417992471754,-0.004891349844816935,0.007246376811594203,0.0036231884057971015,0.33023024058908396,0.2712295456255722,0.040719196192490745,0.03278688524590164
SOURCE_THERM__reported__L010,SOURCE_THERM,reported,0.1,300,0.4219348728656769,0.41440598690364827,0.12124654480654377,0.2931594420971045,0.4442906078221773,0.36572913075903357,0.008422419912018808,0.436701016810275,0.007589591011902264,0.03793019651845129,0.00998270985661015,0.3557085929644257,0.010020537794607876,-0.004891349844816935,0.007246376811594203,0.0036231884057971015,0.29790593350978484,0.2517512101204446,0.040719196192490745,0.04336329984135378
SOURCE_THERM__reported__L010,SOURCE_THERM,reported,0.1,400,0.4219348728656769,0.21141253507951357,0.09763139029504282,0.11378114478447075,0.41789774589221107,0.35182889264712336,0.006785113968790002,0.36721526370687324,0.05068248218533783,0.03793019651845129,0.009779793810512527,0.2951514840946607,0.05667740855246267,-0.004891349844816935,0.007246376811594203,0.0036231884057971015,0.24893999015136536,0.2210051865933459,0.033844526705446853,0.07562136435748282
SOURCE_THERM__reported__L025,SOURCE_THERM,reported,0.25,25,0.4219348728656769,0.8166510757717493,0.5383189719907907,0.27833210378095863,0.33728999881173716,0.1772816746252109,-0.018181855073399367,0.34106124008860617,-0.0037712412768690085,0.03955531042782346,-0.004849524042331216,0.18013524538247452,-0.0028535707572636126,-0.0032662359354447626,0.007246376811594203,0.0036231884057971015,0.3511037304307585,0.21948804218487714,0.25594923320994184,0.0005288207297726071
SOURCE_THERM__reported__L025,SOURCE_THERM,reported,0.25,50,0.4219348728656769,0.7970065481758652,0.4396272038033203,0.3573793443725449,0.4395459183335018,0.27733237171716335,0.06704180129571663,0.39881375163567473,0.04073216669782709,0.03955531042782346,0.07834944212803485,0.23302270237408204,0.04430966934308131,-0.0032662359354447626,0.007246376811594203,0.0036231884057971015,0.46502933372703664,0.33308814748557186,0.16181914331041777,0.0015864621893178213
SOURCE_THERM__reported__L025,SOURCE_THERM,reported,0.25,75,0.4219348728656769,0.7951356407857811,0.35531597524861613,0.439819665537165,0.5252011804970255,0.37672518173444225,0.0739761638234045,0.5032501244211884,0.021951056075837028,0.03955531042782346,0.07157474151874327,0.316551989128076,0.06017319260636628,-0.0032662359354447626,0.007246376811594203,0.0036231884057971015,0.5515500250569503,0.4188367740324053,0.08302485457429931,0.0037017451084082496
SOURCE_THERM__reported__L025,SOURCE_THERM,reported,0.25,100,0.4219348728656769,0.7857811038353602,0.29708050643644346,0.4887005973989167,0.532517283980172,0.3774474654904312,0.036109334752468025,0.5480691378340267,-0.015551853853854714,0.03955531042782346,0.014220084094131058,0.3681285656628289,0.009318899827602256,-0.0032662359354447626,0.007246376811594203,0.0036231884057971015,0.5146731557620551,0.3772428912865829,0.07086197778952935,0.006345848757271285
SOURCE_THERM__reported__L025,SOURCE_THERM,reported,0.25,125,0.4219348728656769,0.7829747427502338,0.2632946686276895,0.5196800741225442,0.5255397775611153,0.3686320236307544,0.028314199169264198,0.5555872921357254,-0.03004751457461019,0.03955531042782346,0.002667568109546381,0.3957695484318247,-0.02713752480107029,-0.0032662359354447626,0.007246376811594203,0.0036231884057971015,0.4906461570992402,0.34679505195281374,0.06927551560021153,0.011634056054997356
SOURCE_THERM__reported__L025,SOURCE_THERM,reported,0.25,150,0.4219348728656769,0.775491113189897,0.2387975746691443,0.5366935385207527,0.5280930902607758,0.3881173276307165,0.041098230949270176,0.5397899985260752,-0.011696908265299455,0.03955531042782346,0.0210730832935076,0.3845288229596849,0.0035885046710316115,-0.0032662359354447626,0.007246376811594203,0.0036231884057971015,0.48367410090582313,0.365797865206055,0.06927551560021153,0.015864621893178214
SOURCE_THERM__reported__L025,SOURCE_THERM,reported,0.25,200,0.4219348728656769,0.6230121608980356,0.17023095588828122,0.4527812050097544,0.4683335255799856,0.363651193990163,0.012650243212193935,0.49075697061767004,-0.022423445037684453,0.03955531042782346,0.009979835622955235,0.3726507366368551,-0.008999542646692116,-0.0032662359354447626,0.007246376811594203,0.0036231884057971015,0.3544604344857343,0.2793751359239021,0.048651507139079855,0.0222104706504495
SOURCE_THERM__reported__L025,SOURCE_THERM,reported,0.25,250,0.4219348728656769,0.42188961646398504,0.13241629308220412,0.2894733233817809,0.4550239911487808,0.36165702696535046,-0.0006849393579047014,0.46830960016992373,-0.013285609021142952,0.03955531042782346,-0.001821095116528837,0.37125280775144925,-0.009595780786098795,-0.0032662359354447626,0.007246376811594203,0.0036231884057971015,0.3196809117776995,0.2593225683850141,0.041248016922263354,0.033315705975674244
SOURCE_THERM__reported__L025,SOURCE_THERM,reported,0.25,300,0.4219348728656769,0.3507951356407858,0.11410047600647029,0.23669465963431552,0.4518333562817366,0.3716925728438375,0.01596516837157813,0.470568768835291,-0.018735412553554376,0.03955531042782346,0.015946151941414077,0.38643557905169357,-0.014743006207856069,-0.0032662359354447626,0.007246376811594203,0.0036231884057971015,0.30614598839255264,0.25812732852605863,0.04019037546271814,0.04230565838180857
SOURCE_THERM__reported__L025,SOURCE_THERM,reported,0.25,400,0.4219348728656769,0.2432179607109448,0.09554909210164393,0.1476688686093009,0.43251321309332436,0.3643514792564482,0.021400581169903288,0.37826524217302004,0.05424797092030431,0.03955531042782346,0.022302380419837342,0.30483733988950973,0.059514139366938446,-0.0032662359354447626,0.007246376811594203,0.0036231884057971015,0.2695988922556874,0.23822661679610488,0.034902168164992066,0.06927551560021153
SOURCE_THERM__reported__L050,SOURCE_THERM,reported,0.5,25,0.4219348728656769,0.8400374181478016,0.5323393040899247,0.30769811405787695,0.39948600953808727,0.24078469543364392,0.04401415565295075,0.3063182435181182,0.09316776601996907,0.040206932595134415,0.05865349676610179,0.13580108348525863,0.10498361194838529,-0.0026146137681338083,0.007246376811594203,0.0036231884057971015,0.4388764253007244,0.3078325376822761,0.2453728186144897,0.0010576414595452142
SOURCE_THERM__reported__L050,SOURCE_THERM,reported,0.5,50,0.4219348728656769,0.8175865294667914,0.4227300284773948,0.3948565009893966,0.49450488486172134,0.3293700840925593,0.12200076782393615,0.42351875376741094,0.0709861310943104,0.040206932595134415,0.1303871545034308,0.2013976314308119,0.1279724526617474,-0.0026146137681338083,0.007246376811594203,0.0036231884057971015,0.5371182850017872,0.3983861096412309,0.13855103120042306,0.0015864621893178213
SOURCE_THERM__reported__L050,SOURCE_THERM,reported,0.5,75,0.4219348728656769,0.8129092609915809,0.33183685762802523,0.48107240336355567,0.5653011298163216,0.3831788349951233,0.11407611314270066,0.4627505564593728,0.10255057335694884,0.040206932595134415,0.0780283947794243,0.23785175167974007,0.14532708331538322,-0.0026146137681338083,0.007246376811594203,0.0036231884057971015,0.5990383566668481,0.43240462516648653,0.07033315705975675,0.0031729243786356425
SOURCE_THERM__reported__L050,SOURCE_THERM,reported,0.5,100,0.4219348728656769,0.7904583723105706,0.2751014946965212,0.5153568776140494,0.579382896444444,0.3999837227477623,0.08297494721674004,0.5214362268418059,0.05794666960263806,0.040206932595134415,0.03675634135146216,0.33069398435404196,0.06928973839372032,-0.0026146137681338083,0.007246376811594203,0.0036231884057971015,0.5720020303950678,0.40995083945346344,0.07033315705975675,0.006874669487043892
SOURCE_THERM__reported__L050,SOURCE_THERM,reported,0.5,125,0.4219348728656769,0.7829747427502338,0.24341896339531344,0.5395557793549204,0.5444880213117395,0.38950063967110754,0.0472624429198884,0.5624710898750349,-0.017983068563295457,0.040206932595134415,0.023536184149899497,0.3871791096021482,0.0023215300689593543,-0.0026146137681338083,0.007246376811594203,0.0036231884057971015,0.5088877592439045,0.38030580571670775,0.06874669487043893,0.009518773135906928
SOURCE_THERM__reported__L050,SOURCE_THERM,reported,0.5,150,0.4219348728656769,0.7782974742750234,0.225779099625075,0.5525183746499484,0.5558981192241461,0.414039063970817,0.06890325991264051,0.5743183702323399,-0.018420251008193778,0.040206932595134415,0.04699481963360813,0.4143965861601747,-0.0003575221893576952,-0.0026146137681338083,0.007246376811594203,0.0036231884057971015,0.5178705413185117,0.40257708507341977,0.06821787414066631,0.015864621893178214
SOURCE_THERM__reported__L050,SOURCE_THERM,reported,0.5,200,0.4219348728656769,0.6903648269410664,0.15755190811674652,0.5328129188243198,0.5427032581947067,0.43668325325919405,0.08701997582691501,0.52484020972591,0.017863048468796716,0.040206932595134415,0.0830118948919863,0.3931133642200594,0.04356988903913467,-0.0026146137681338083,0.007246376811594203,0.0036231884057971015,0.4728229732926356,0.3977282660885976,0.040719196192490745,0.024854574299312534
SOURCE_THERM__reported__L050,SOURCE_THERM,reported,0.5,250,0.4219348728656769,0.5556594948550047,0.13132741490410152,0.42433207995090316,0.491004763132464,0.39846812750254545,0.03529583262577851,0.4996396980638161,-0.00863493493135209,0.040206932595134415,0.03499000542066616,0.3977036456489505,0.000764481853594956,-0.0026146137681338083,0.007246376811594203,0.0036231884057971015,0.38600337011728864,0.32704196896089727,0.040719196192490745,0.03120042305658382
SOURCE_THERM__reported__L050,SOURCE_THERM,reported,0.5,300,0.4219348728656769,0.5369504209541628,0.12176777319804309,0.4151826477561197,0.47488841445933666,0.38752064984534007,0.039020226549178194,0.4816318823929386,-0.006743467933601921,0.040206932595134415,0.03177422894291665,0.39707921969816723,-0.009558569852827159,-0.0026146137681338083,0.007246376811594203,0.0036231884057971015,0.35851074382072406,0.30572163616988657,0.040719196192490745,0.046007403490216814
SOURCE_THERM__reported__L050,SOURCE_THERM,reported,0.5,400,0.4219348728656769,0.4892422825070159,0.0873622783273333,0.4018800041796826,0.45509204973201933,0.3836402042795623,0.043979417808598265,0.39840224980115974,0.0566897999308596,0.040206932595134415,0.04159110544295147,0.3312481143512457,0.05239208992831662,-0.0026146137681338083,0.007246376811594203,0.0036231884057971015,0.32446282183760666,0.288822767665043,0.030671602326811213,0.07297726070861978
SOURCE_THERM__reported__L075,SOURCE_THERM,reported,0.75,25,0.4219348728656769,0.8400374181478016,0.5257861966420363,0.31425122150576534,0.40584696880980653,0.2380578756273201,0.050375114924670006,0.30960209164118396,0.09624487716862257,0.0406478502468325,0.05592667695977796,0.15666362511112245,0.08139425051619764,-0.002173696116435725,0.007246376811594203,0.0036231884057971015,0.4450312740261184,0.3074041536782224,0.2459016393442623,0.0010576414595452142
SOURCE_THERM__reported__L075,SOURCE_THERM,reported,0.75,50,0.4219348728656769,0.813844714686623,0.3836179694224394,0.4302267452641836,0.516393639915481,0.3090639892486202,0.14388952287769585,0.45731691307849043,0.05907672683699061,0.0406478502468325,0.11008105965949172,0.22481916052286646,0.08424482872575376,-0.002173696116435725,0.007246376811594203,0.0036231884057971015,0.5515190172450053,0.37514302726968496,0.1427815970386039,0.0021152829190904283
SOURCE_THERM__reported__L075,SOURCE_THERM,reported,0.75,75,0.4219348728656769,0.8101028999064547,0.30048061350265204,0.5096222864038027,0.576838869989952,0.3935236101222808,0.12561385331633107,0.500071408008762,0.07676746198119,0.0406478502468325,0.08837316990658184,0.28217404955770403,0.11134956056457679,-0.002173696116435725,0.007246376811594203,0.0036231884057971015,0.5796220830557132,0.4355036803140844,0.07033315705975675,0.0031729243786356425
SOURCE_THERM__reported__L075,SOURCE_THERM,reported,0.75,100,0.4219348728656769,0.8101028999064547,0.2646099400982403,0.5454929598082143,0.611714262585185,0.4479811211427124,0.1153063133574811,0.5244365593053806,0.08727770327980444,0.0406478502468325,0.08475373974641226,0.32048197652520444,0.12749914461750794,-0.002173696116435725,0.007246376811594203,0.0036231884057971015,0.6136055440335738,0.47982267837842163,0.07033315705975675,0.005288207297726071
SOURCE_THERM__reported__L075,SOURCE_THERM,reported,0.75,125,0.4219348728656769,0.7857811038353602,0.24320164667380387,0.5425794571615563,0.5887418322674928,0.43347307076516506,0.09151625387564172,0.555860228976623,0.032881603290869754,0.0406478502468325,0.06750861524395702,0.3728644783895839,0.06060859237558114,-0.002173696116435725,0.007246376811594203,0.0036231884057971015,0.5714782371329349,0.44256267707410246,0.06874669487043893,0.008989952406134321
SOURCE_THERM__reported__L075,SOURCE_THERM,reported,0.75,150,0.4219348728656769,0.7857811038353602,0.2304853298307536,0.5552957740046065,0.6009893222109597,0.45366817210877847,0.11399446289945409,0.5720432793893331,0.028946042821626605,0.0406478502468325,0.08662392777156958,0.3965164508018963,0.057151721306882175,-0.002173696116435725,0.007246376811594203,0.0036231884057971015,0.5833390841646794,0.46407178303676205,0.06821787414066631,0.01639344262295082
SOURCE_THERM__reported__L075,SOURCE_THERM,reported,0.75,200,0.4219348728656769,0.735266604303087,0.17422286636276216,0.5610437379403248,0.5597706165562386,0.44520026524442985,0.10408733418844696,0.5421954319724499,0.017575184583788706,0.0406478502468325,0.0915289068772221,0.41672508120412116,0.028475184040308688,-0.002173696116435725,0.007246376811594203,0.0036231884057971015,0.5004498404444099,0.4185267325587753,0.04336329984135378,0.02538339502908514
SOURCE_THERM__reported__L075,SOURCE_THERM,reported,0.75,250,0.4219348728656769,0.6351730589335828,0.1335067877501555,0.5016662711834272,0.5500160551858905,0.454773935469188,0.09430712467920499,0.4949667868557442,0.055049268330146284,0.0406478502468325,0.09129581338730869,0.3938918660331871,0.060882069436000885,-0.002173696116435725,0.007246376811594203,0.0036231884057971015,0.4665423832169103,0.40371811645307654,0.04019037546271814,0.03648863035430989
SOURCE_THERM__reported__L075,SOURCE_THERM,reported,0.75,300,0.4219348728656769,0.5640785781103835,0.11164144435208069,0.45243713375830286,0.5078618726179341,0.41444675849981866,0.07199368470777567,0.48268677757743483,0.025175095040499307,0.0406478502468325,0.058700337597395236,0.4030230979504572,0.011423660549361447,-0.002173696116435725,0.007246376811594203,0.0036231884057971015,0.403927502689172,0.34524063028447977,0.035430988894764676,0.046536224219989424
SOURCE_THERM__reported__L075,SOURCE_THERM,reported,0.75,400,0.4219348728656769,0.4695977549111319,0.07941168522526487,0.39018606968586705,0.4539970854445063,0.3866727738663279,0.04288445352108522,0.4238035911343687,0.03019349431013757,0.0406478502468325,0.04462367502971709,0.3574525936310444,0.0292201802352835,-0.002173696116435725,0.007246376811594203,0.0036231884057971015,0.300756049361029,0.2608812801413588,0.028027498677948175,0.07033315705975675
SOURCE_THERM__reported__L100,SOURCE_THERM,reported,1.0,25,0.4219348728656769,0.8362956033676333,0.4760018049796719,0.3602937983879614,0.4221560630208227,0.24216475112516922,0.06668420913568618,0.3783981928389957,0.04375787018182703,0.04082771467716886,0.06003355245762709,0.13808489850176722,0.104079852623402,-0.0019938316860993663,0.007246376811594203,0.0036231884057971015,0.4449235549366453,0.3143502539212086,0.222104706504495,0.0015864621893178213
SOURCE_THERM__reported__L100,SOURCE_THERM,reported,1.0,50,0.4219348728656769,0.8222637979420019,0.38834013923229194,0.43392365870970995,0.5133981864949219,0.29582315854669217,0.14089406945713667,0.4383543494562461,0.07504383703867579,0.04082771467716886,0.09684022895756367,0.1931941498024025,0.10262900874428968,-0.0019938316860993663,0.007246376811594203,0.0036231884057971015,0.5451123063535644,0.3758002653584814,0.1343204653622422,0.004230565838180857
SOURCE_THERM__reported__L100,SOURCE_THERM,reported,1.0,75,0.4219348728656769,0.8101028999064547,0.3256448676418842,0.48445803226457046,0.5506614672499852,0.35355590566938805,0.09943645057636424,0.45564985997327934,0.09501160727670588,0.04082771467716886,0.04840546545368907,0.22617888021161103,0.12737702545777702,-0.0019938316860993663,0.007246376811594203,0.0036231884057971015,0.5531656998878235,0.39423628532087823,0.12480169222633528,0.005288207297726071
SOURCE_THERM__reported__L100,SOURCE_THERM,reported,1.0,100,0.4219348728656769,0.8101028999064547,0.26796658789182337,0.5421363120146313,0.6083563798501428,0.4418920796402137,0.11194843062243887,0.5081097020656945,0.10024667778444829,0.04082771467716886,0.07866469824391359,0.3029578290929555,0.13893425054725822,-0.0019938316860993663,0.007246376811594203,0.0036231884057971015,0.6102797519830608,0.47599287072676105,0.06821787414066631,0.007403490216816499
SOURCE_THERM__reported__L100,SOURCE_THERM,reported,1.0,125,0.4219348728656769,0.8101028999064547,0.24285905880390993,0.5672438411025448,0.6329070620454877,0.4796444713856411,0.1356814836536367,0.5438740587792048,0.08903300326628294,0.04082771467716886,0.11368001586443305,0.3525713320018364,0.1270731393838047,-0.0019938316860993663,0.007246376811594203,0.0036231884057971015,0.6342702728296695,0.5102119154940176,0.06663141195134849,0.01110523532522475
SOURCE_THERM__reported__L100,SOURCE_THERM,reported,1.0,150,0.4219348728656769,0.7820392890551918,0.22911016696922398,0.5529291220859678,0.578781562892209,0.4320628264809877,0.09178670358070334,0.5582951860097414,0.020486376882467572,0.04082771467716886,0.06501858214377881,0.3924622473397753,0.0396005791412124,-0.0019938316860993663,0.007246376811594203,0.0036231884057971015,0.5512840501997198,0.43422996517880597,0.06663141195134849,0.01639344262295082
SOURCE_THERM__reported__L100,SOURCE_THERM,reported,1.0,200,0.4219348728656769,0.7726847521047708,0.1772504064650962,0.5954343456396747,0.5976571243477606,0.4781668891221666,0.14197384197996898,0.5312656241115343,0.06639150023622631,0.04082771467716886,0.12449553075495884,0.4012104298006792,0.07695645932148737,-0.0019938316860993663,0.007246376811594203,0.0036231884057971015,0.5555942376036312,0.46719234154951034,0.04336329984135378,0.02749867794817557
SOURCE_THERM__reported__L100,SOURCE_THERM,reported,1.0,250,0.4219348728656769,0.6828811973807296,0.13473844905000515,0.5481427483307244,0.5771481014490878,0.47944834065753866,0.12143917094240231,0.5221594795716555,0.05498862187743225,0.04082771467716886,0.11597021857565937,0.4152973625398076,0.06415097811773107,-0.0019938316860993663,0.007246376811594203,0.0036231884057971015,0.5070820138507522,0.44132834478234867,0.04019037546271814,0.03648863035430989
SOURCE_THERM__reported__L100,SOURCE_THERM,reported,1.0,300,0.4219348728656769,0.6576239476145931,0.11353565507710264,0.5440882925374905,0.5311417323176943,0.4415450473728505,0.09527354440753588,0.4586242477666093,0.07251748455108503,0.04082771467716886,0.08579862647042708,0.3728189826918394,0.06872606468101111,-0.0019938316860993663,0.007246376811594203,0.0036231884057971015,0.4399729859136034,0.383223538906495,0.035430988894764676,0.04970914859862507
SOURCE_THERM__reported__L100,SOURCE_THERM,reported,1.0,400,0.4219348728656769,0.4855004677268475,0.08352895665312172,0.4019715110737258,0.4575154685252845,0.3892985680513075,0.04640283660186345,0.438964533345597,0.018550935179687533,0.04082771467716886,0.04724946921469669,0.3717768289362879,0.01752173911501964,-0.0019938316860993663,0.007246376811594203,0.0036231884057971015,0.36869024427684344,0.324132100913393,0.028027498677948175,0.06980433632998413
SOURCE_THERM__optimistic__L010,SOURCE_THERM,optimistic,0.1,25,0.4219348728656769,0.8185219831618334,0.5345052363211246,0.2840167468407089,0.3600393669897429,0.2025359877594792,0.004567513104606402,0.33653781410078343,0.023501552888959498,0.03452729655909724,0.020404789091937076,0.17630480120393544,0.026231186555543767,-0.008294249804170983,0.007246376811594203,0.0036231884057971015,0.3825803273290735,0.2525840984216388,0.25383395029085143,0.0010576414595452142
SOURCE_THERM__optimistic__L010,SOURCE_THERM,optimistic,0.1,50,0.4219348728656769,0.8016838166510758,0.47318380191098336,0.32850001474009244,0.3814840618670157,0.2145563450578434,0.008979944829230535,0.39617312585854697,-0.014689063991531248,0.03452729655909724,0.015573415468714907,0.2329076840078802,-0.018351338950036794,-0.008294249804170983,0.007246376811594203,0.0036231884057971015,0.3950990883683571,0.25565634786124963,0.24272871496562665,0.0026441036488630354
SOURCE_THERM__optimistic__L010,SOURCE_THERM,optimistic,0.1,75,0.4219348728656769,0.7932647333956969,0.38393735759178893,0.409327375803908,0.4582227852354337,0.3050548266419488,0.006997768561812723,0.4571706793971344,0.0010521058382992887,0.03452729655909724,-9.56135737502084e-05,0.30009471892332296,0.004960107718625817,-0.008294249804170983,0.007246376811594203,0.0036231884057971015,0.46898126310819155,0.33564827150059395,0.08355367530407191,0.005288207297726071
SOURCE_THERM__optimistic__L010,SOURCE_THERM,optimistic,0.1,100,0.4219348728656769,0.7932647333956969,0.3300253762341593,0.46323935716153763,0.5111962830431699,0.3676445744672932,0.01478833381546596,0.5189060086342396,-0.007709725591069749,0.03452729655909724,0.004417193070993086,0.37327994112689433,-0.0056353666596011265,-0.008294249804170983,0.007246376811594203,0.0036231884057971015,0.5209093645317102,0.39138411664350214,0.08355367530407191,0.008461131676361713
SOURCE_THERM__optimistic__L010,SOURCE_THERM,optimistic,0.1,125,0.4219348728656769,0.7801683816651076,0.27651128378527434,0.5036570978798333,0.5079695480555265,0.371498542881762,0.010743969663675468,0.5143399186307513,-0.006370370575224826,0.03452729655909724,0.005534087360553941,0.3751967394659054,-0.0036981965841434428,-0.008294249804170983,0.007246376811594203,0.0036231884057971015,0.4710320312819467,0.3490981636113224,0.06927551560021153,0.010047593865679535
SOURCE_THERM__optimistic__L010,SOURCE_THERM,optimistic,0.1,150,0.4219348728656769,0.7652011225444341,0.24946136140187808,0.515739761142556,0.47049950279145386,0.350269770206099,-0.01649535652005174,0.5096414009222813,-0.03914189813082741,0.03452729655909724,-0.016774474131109884,0.3627405822567549,-0.012470812050655866,-0.008294249804170983,0.007246376811594203,0.0036231884057971015,0.3950095131172011,0.29099248883499523,0.06927551560021153,0.015335801163405606
SOURCE_THERM__optimistic__L010,SOURCE_THERM,optimistic,0.1,200,0.4219348728656769,0.6304957904583723,0.17335359493345506,0.4571421955249173,0.4672539252186807,0.36401002842830854,0.011570642850889046,0.4510055247369096,0.01624840048177112,0.03452729655909724,0.010338670061100785,0.34201931967265153,0.021990708755657007,-0.008294249804170983,0.007246376811594203,0.0036231884057971015,0.3558595788558742,0.27881355706395894,0.048651507139079855,0.0222104706504495
SOURCE_THERM__optimistic__L010,SOURCE_THERM,optimistic,0.1,250,0.4219348728656769,0.5238540692235735,0.13549241541336154,0.3883616538102119,0.4682205701850982,0.3788679026675806,0.012511639678412734,0.4474091808841665,0.020811389300931737,0.03452729655909724,0.015389780585701285,0.35563703281196424,0.023230869855616343,-0.008294249804170983,0.007246376811594203,0.0036231884057971015,0.34041397278191354,0.28330497544930894,0.041248016922263354,0.03278688524590164
SOURCE_THERM__optimistic__L010,SOURCE_THERM,optimistic,0.1,300,0.4219348728656769,0.3638914873713751,0.12157781951912991,0.2423136678522452,0.42784816573618434,0.34944634087185716,-0.008020022173974128,0.436701016810275,-0.008852851074090673,0.03452729655909724,-0.006300080030566257,0.3557085929644257,-0.006262252092568532,-0.008294249804170983,0.007246376811594203,0.0036231884057971015,0.27474514712298587,0.22785465736361896,0.04019037546271814,0.044420941300899
SOURCE_THERM__optimistic__L010,SOURCE_THERM,optimistic,0.1,400,0.4219348728656769,0.2029934518241347,0.10430420950570739,0.09868924231842731,0.40561013166552573,0.3404126117322226,-0.0055025002578953375,0.36721526370687324,0.03839486795865249,0.03452729655909724,-0.00163648710438824,0.2951514840946607,0.045261127637561904,-0.008294249804170983,0.007246376811594203,0.0036231884057971015,0.23426152612634787,0.20617108612952148,0.04019037546271814,0.07826546800634585
SOURCE_THERM__optimistic__L025,SOURCE_THERM,optimistic,0.25,25,0.4219348728656769,0.8241347053320861,0.5467037306306574,0.27743097470142875,0.34755967075149197,0.19919587371849237,-0.007912183133644557,0.34106124008860617,0.006498430662885801,0.035970979765415766,0.017064675050950245,0.18013524538247452,0.01906062833601785,-0.006850566597852457,0.007246376811594203,0.0036231884057971015,0.3671757066011327,0.24672923927318327,0.3331570597567425,0.0010576414595452142
SOURCE_THERM__optimistic__L025,SOURCE_THERM,optimistic,0.25,50,0.4219348728656769,0.80355472404116,0.4799172684669709,0.3236374555741891,0.41406189648026603,0.24839703674894523,0.04155777944248085,0.39881375163567473,0.015248144844591305,0.035970979765415766,0.04941410715981673,0.23302270237408204,0.015374334374863186,-0.006850566597852457,0.007246376811594203,0.0036231884057971015,0.4441181866114549,0.30545036278662946,0.24114225277630882,0.0026441036488630354
SOURCE_THERM__optimistic__L025,SOURCE_THERM,optimistic,0.25,75,0.4219348728656769,0.7951356407857811,0.37599393811236753,0.4191417026734136,0.5049790577379324,0.3559943398234407,0.05375404106431142,0.5032501244211884,0.0017289333167439525,0.035970979765415766,0.050843899607741716,0.316551989128076,0.039442350695364725,-0.006850566597852457,0.007246376811594203,0.0036231884057971015,0.5317873039107658,0.4030597143793711,0.08355367530407191,0.004759386567953464
SOURCE_THERM__optimistic__L025,SOURCE_THERM,optimistic,0.25,100,0.4219348728656769,0.7857811038353602,0.32829613577053823,0.4574849680648219,0.502301230485642,0.3574886896109456,0.005893281257938088,0.5480691378340267,-0.04576790734838465,0.035970979765415766,-0.005738691785354522,0.3681285656628289,-0.010639876051883324,-0.006850566597852457,0.007246376811594203,0.0036231884057971015,0.48532789125194764,0.3547595636744016,0.08355367530407191,0.007403490216816499
SOURCE_THERM__optimistic__L025,SOURCE_THERM,optimistic,0.25,125,0.4219348728656769,0.7839101964452759,0.28277600465630437,0.5011341917889716,0.507159217099466,0.3702974672150461,0.009933638707614934,0.5555872921357254,-0.048428075036259455,0.035970979765415766,0.00433301169383804,0.3957695484318247,-0.02547208121677863,-0.006850566597852457,0.007246376811594203,0.0036231884057971015,0.47258797590229595,0.3495536410080813,0.06927551560021153,0.010576414595452142
SOURCE_THERM__optimistic__L025,SOURCE_THERM,optimistic,0.25,150,0.4219348728656769,0.7652011225444341,0.25726937620039103,0.507931746344043,0.46205854537755897,0.3408419220562322,-0.02493631393394663,0.5397899985260752,-0.07773145314851626,0.035970979765415766,-0.026202322280976686,0.3845288229596849,-0.043686900903452675,-0.006850566597852457,0.007246376811594203,0.0036231884057971015,0.38599224617062866,0.28624879844168866,0.06927551560021153,0.015864621893178214
SOURCE_THERM__optimistic__L025,SOURCE_THERM,optimistic,0.25,200,0.4219348728656769,0.5528531337698784,0.1669174005174949,0.3859357332523835,0.4607246353501184,0.36161995146058756,0.005041352982326774,0.49075697061767004,-0.030032335267551613,0.035970979765415766,0.007948593093379808,0.3726507366368551,-0.011030785176267544,-0.006850566597852457,0.007246376811594203,0.0036231884057971015,0.343219566974076,0.2720469500740182,0.04177683765203596,0.0222104706504495
SOURCE_THERM__optimistic__L025,SOURCE_THERM,optimistic,0.25,250,0.4219348728656769,0.5285313376987839,0.1352557906186571,0.3932755470801268,0.46383106252904244,0.37460299734061764,0.008122132022356954,0.46830960016992373,-0.004478537640881297,0.035970979765415766,0.011124875258738343,0.37125280775144925,0.003350189589168384,-0.006850566597852457,0.007246376811594203,0.0036231884057971015,0.3331837581977327,0.27622560373512733,0.040719196192490745,0.033315705975674244
SOURCE_THERM__optimistic__L025,SOURCE_THERM,optimistic,0.25,300,0.4219348728656769,0.41253507951356405,0.11968482116149456,0.29285025835206946,0.4451606357088392,0.3663170705858513,0.009292447798680714,0.470568768835291,-0.025408133126451793,0.035970979765415766,0.010570649683427857,0.38643557905169357,-0.02011850846584229,-0.006850566597852457,0.007246376811594203,0.0036231884057971015,0.29839271793268335,0.2511504309237927,0.040719196192490745,0.04547858276044421
SOURCE_THERM__optimistic__L025,SOURCE_THERM,optimistic,0.25,400,0.4219348728656769,0.23947614593077643,0.09796266500762903,0.14151348092314742,0.42194436067298385,0.3576374566917161,0.010831728749562786,0.37826524217302004,0.04367911849996381,0.035970979765415766,0.015588357855105262,0.30483733988950973,0.052800116802206365,-0.006850566597852457,0.007246376811594203,0.0036231884057971015,0.25499566634085363,0.2272565663156367,0.03278688524590164,0.07773664727657324
SOURCE_THERM__optimistic__L050,SOURCE_THERM,optimistic,0.5,25,0.4219348728656769,0.8203928905519177,0.5431283121197129,0.27726457843220476,0.35134317098730306,0.19351250127633562,-0.004128682897833469,0.3063182435181182,0.04502492746918485,0.037204570739480414,0.011381302608793498,0.13580108348525863,0.057711417791077,-0.005616975623787809,0.007246376811594203,0.0036231884057971015,0.3729414275683745,0.24237138787614873,0.25594923320994184,0.0010576414595452142
SOURCE_THERM__optimistic__L050,SOURCE_THERM,optimistic,0.5,50,0.4219348728656769,0.80355472404116,0.48388741547666864,0.3196673085644914,0.40996861891851655,0.24409489861681177,0.03746450188073136,0.42351875376741094,-0.01355013484889439,0.037204570739480414,0.045111969027683274,0.2013976314308119,0.042697267185999865,-0.005616975623787809,0.007246376811594203,0.0036231884057971015,0.43999644138054594,0.3017006690006481,0.2459016393442623,0.0026441036488630354
SOURCE_THERM__optimistic__L050,SOURCE_THERM,optimistic,0.5,75,0.4219348728656769,0.7951356407857811,0.3680902103389759,0.42704543044680526,0.5126930839691863,0.3672991643759629,0.061468067295565365,0.4627505564593728,0.04994252750981354,0.037204570739480414,0.0621487241602639,0.23785175167974007,0.1294474126962228,-0.005616975623787809,0.007246376811594203,0.0036231884057971015,0.5393149557567904,0.411992782506123,0.08355367530407191,0.004759386567953464
SOURCE_THERM__optimistic__L050,SOURCE_THERM,optimistic,0.5,100,0.4219348728656769,0.7857811038353602,0.30172153497593085,0.4840595688594293,0.528079973870218,0.3779010873852837,0.03167202464251406,0.5214362268418059,0.006643747028412084,0.037204570739480414,0.014673705988983599,0.33069398435404196,0.04720710303124176,-0.005616975623787809,0.007246376811594203,0.0036231884057971015,0.5103954959442815,0.379167842354069,0.07086197778952935,0.006874669487043892
SOURCE_THERM__optimistic__L050,SOURCE_THERM,optimistic,0.5,125,0.4219348728656769,0.7801683816651076,0.2852862480924823,0.4948821335726253,0.49952934316036585,0.36272057557644044,0.0023037647685147933,0.5624710898750349,-0.06294174671466907,0.037204570739480414,-0.0032438799447676026,0.3871791096021482,-0.024458534025707745,-0.005616975623787809,0.007246376811594203,0.0036231884057971015,0.4628646500504101,0.34000095674980585,0.06927551560021153,0.01269169751454257
SOURCE_THERM__optimistic__L050,SOURCE_THERM,optimistic,0.5,150,0.4219348728656769,0.7324602432179607,0.24358159666249155,0.4888786465554691,0.4749047070247364,0.36130926915503847,-0.012090152286769185,0.5743183702323399,-0.09941366320760348,0.037204570739480414,-0.005734975182170421,0.4143965861601747,-0.05308731700513625,-0.005616975623787809,0.007246376811594203,0.0036231884057971015,0.4102313994145423,0.32014308853278356,0.05552617662612375,0.01639344262295082
SOURCE_THERM__optimistic__L050,SOURCE_THERM,optimistic,0.5,200,0.4219348728656769,0.5537885874649204,0.1690013152007426,0.38478727226417786,0.4596228035836625,0.36042588444203044,0.003939521215870823,0.52484020972591,-0.06521740614224747,0.037204570739480414,0.0067545260748226865,0.3931133642200594,-0.03268747977802894,-0.005616975623787809,0.007246376811594203,0.0036231884057971015,0.34129731686722686,0.27036759985717557,0.04283447911158118,0.023268112109994712
SOURCE_THERM__optimistic__L050,SOURCE_THERM,optimistic,0.5,250,0.4219348728656769,0.5285313376987839,0.1413133853630902,0.38721795233569367,0.4580546826673157,0.37121849739136037,0.00234575216063021,0.4996396980638161,-0.04158501539650039,0.037204570739480414,0.0077403753094810734,0.3977036456489505,-0.02648514825759013,-0.005616975623787809,0.007246376811594203,0.0036231884057971015,0.3276225300964258,0.2730841411751735,0.040719196192490745,0.033315705975674244
SOURCE_THERM__optimistic__L050,SOURCE_THERM,optimistic,0.5,300,0.4219348728656769,0.520112254443405,0.11878564694161778,0.4013266075017873,0.4715189851651417,0.39139599818124715,0.03565079725498321,0.4816318823929386,-0.010112897227796902,0.037204570739480414,0.03564957727882373,0.39707921969816723,-0.005683221516920078,-0.005616975623787809,0.007246376811594203,0.0036231884057971015,0.3367721968924149,0.28811875082420807,0.040719196192490745,0.04547858276044421
SOURCE_THERM__optimistic__L050,SOURCE_THERM,optimistic,0.5,400,0.4219348728656769,0.2441534144059869,0.09772604021292458,0.14642737419306232,0.43074692410373616,0.36410279172723803,0.019634292180315094,0.39840224980115974,0.032344674302576426,0.037204570739480414,0.022053692890627197,0.3312481143512457,0.03285467737599235,-0.005616975623787809,0.007246376811594203,0.0036231884057971015,0.26760032590678023,0.23815134716852102,0.035430988894764676,0.07350608143839238
SOURCE_THERM__optimistic__L075,SOURCE_THERM,optimistic,0.75,25,0.4219348728656769,0.833489242282507,0.5343634250304069,0.2991258172521001,0.3596955586753163,0.2017153445846889,0.00422370479017975,0.30960209164118396,0.05009346703413231,0.03794018679875806,0.019584145917146772,0.15666362511112245,0.045051719473566454,-0.004881359564510163,0.007246376811594203,0.0036231884057971015,0.38258233980863854,0.2536550156838411,0.2453728186144897,0.0010576414595452142
SOURCE_THERM__optimistic__L075,SOURCE_THERM,optimistic,0.75,50,0.4219348728656769,0.8157156220767072,0.43794243709303615,0.3777731849836711,0.4597622526589956,0.29821084192387687,0.08725813562121043,0.45731691307849043,0.0024453395805051903,0.03794018679875806,0.09922791233474837,0.22481916052286646,0.0733916814010104,-0.004881359564510163,0.007246376811594203,0.0036231884057971015,0.49341187955935467,0.3621235594480398,0.15071390798519302,0.0015864621893178213
SOURCE_THERM__optimistic__L075,SOURCE_THERM,optimistic,0.75,75,0.4219348728656769,0.813844714686623,0.36487680268484657,0.44896791200177644,0.5335643167497555,0.3897769350263892,0.08233930007613449,0.500071408008762,0.03349290874099342,0.03794018679875806,0.08462649481069023,0.28217404955770403,0.10760288546868518,-0.004881359564510163,0.007246376811594203,0.0036231884057971015,0.5678786500901856,0.4423463221955903,0.08355367530407191,0.0037017451084082496
SOURCE_THERM__optimistic__L075,SOURCE_THERM,optimistic,0.75,100,0.4219348728656769,0.7857811038353602,0.2996815129676557,0.48609959086770443,0.530043759412765,0.3817602524309351,0.03363581018506112,0.5244365593053806,0.005607200107384469,0.03794018679875806,0.018532871034634968,0.32048197652520444,0.06127827590573065,-0.004881359564510163,0.007246376811594203,0.0036231884057971015,0.5122961658685031,0.3832891506461764,0.07033315705975675,0.006345848757271285
SOURCE_THERM__optimistic__L075,SOURCE_THERM,optimistic,0.75,125,0.4219348728656769,0.7839101964452759,0.2831555669745307,0.5007546294707452,0.5067936401368,0.3693008996719633,0.009568061744948897,0.555860228976623,-0.049066588839823067,0.03794018679875806,0.0033364441507552356,0.3728644783895839,-0.0035635787176206413,-0.004881359564510163,0.007246376811594203,0.0036231884057971015,0.47223448804489904,0.34834679388658424,0.06874669487043893,0.011634056054997356
SOURCE_THERM__optimistic__L075,SOURCE_THERM,optimistic,0.75,150,0.4219348728656769,0.6782039289055192,0.23463901491107148,0.4435649139944477,0.4582483724231509,0.3457099060355992,-0.028746486888354683,0.5720432793893331,-0.11379490696618216,0.03794018679875806,-0.02133433830160969,0.3965164508018963,-0.05080654476629709,-0.004881359564510163,0.007246376811594203,0.0036231884057971015,0.3789979153982237,0.2936144228014521,0.05446853516657853,0.015335801163405606
SOURCE_THERM__optimistic__L075,SOURCE_THERM,optimistic,0.75,200,0.4219348728656769,0.5884003741814781,0.16119633407765682,0.42720404010382124,0.4719922758616997,0.37952775956049134,0.01630899349390802,0.5421954319724499,-0.07020315611075023,0.03794018679875806,0.025856401193283585,0.41672508120412116,-0.03719732164362982,-0.004881359564510163,0.007246376811594203,0.0036231884057971015,0.3555860136372981,0.29384211696390994,0.040719196192490745,0.023268112109994712
SOURCE_THERM__optimistic__L075,SOURCE_THERM,optimistic,0.75,250,0.4219348728656769,0.5481758652946679,0.13681751426370628,0.41135835103096163,0.4688433875835571,0.38058237246355775,0.013134457076871608,0.4949667868557442,-0.026123399272187098,0.03794018679875806,0.017104250381678454,0.3938918660331871,-0.01330949356962935,-0.004881359564510163,0.007246376811594203,0.0036231884057971015,0.3416931858960463,0.2858460925348494,0.040719196192490745,0.03172924378635643
SOURCE_THERM__optimistic__L075,SOURCE_THERM,optimistic,0.75,300,0.4219348728656769,0.5285313376987839,0.11618302392055661,0.4123483137782273,0.48202136689301556,0.4006181900065946,0.04615317898285709,0.48268677757743483,-0.0006654106844192764,0.03794018679875806,0.04487176910417118,0.4030230979504572,-0.002404907943862611,-0.004881359564510163,0.007246376811594203,0.0036231884057971015,0.3506982262714533,0.3049408414031429,0.040719196192490745,0.04547858276044421
SOURCE_THERM__optimistic__L075,SOURCE_THERM,optimistic,0.75,400,0.4219348728656769,0.3161833489242282,0.0899174219876788,0.22626592693654943,0.43107564635773316,0.3626106306600903,0.019963014434312087,0.4238035911343687,0.0072720552233644375,0.03794018679875806,0.020561531823479473,0.3574525936310444,0.005158037029045881,-0.004881359564510163,0.007246376811594203,0.0036231884057971015,0.2705518336637615,0.24021909475038752,0.03120042305658382,0.074034902168165
SOURCE_THERM__optimistic__L100,SOURCE_THERM,optimistic,1.0,25,0.4219348728656769,0.8391019644527596,0.5382212309255637,0.3008807335271959,0.3751240682554613,0.21982927930045343,0.019652214370324772,0.3783981928389957,-0.003274124583534377,0.0385119770010633,0.0376980806329113,0.13808489850176722,0.0817443807986862,-0.004309569362204925,0.007246376811594203,0.0036231884057971015,0.405054300390386,0.27812921018746245,0.24378635642517188,0.0010576414595452142
SOURCE_THERM__optimistic__L100,SOURCE_THERM,optimistic,1.0,50,0.4219348728656769,0.8194574368568756,0.43842717185573277,0.3810302650011428,0.4788700566970405,0.31690082363288985,0.10636593965925534,0.4383543494562461,0.04051570724079445,0.0385119770010633,0.11791789404376135,0.1931941498024025,0.12370667383048736,-0.004309569362204925,0.007246376811594203,0.0036231884057971015,0.5206980593125159,0.38883363285869366,0.1501850872554204,0.0021152829190904283
SOURCE_THERM__optimistic__L100,SOURCE_THERM,optimistic,1.0,75,0.4219348728656769,0.8101028999064547,0.36119011460174805,0.44891278530470663,0.5136961673047016,0.37032361294357546,0.06247115063108061,0.45564985997327934,0.05804630733142224,0.0385119770010633,0.06517317272787648,0.22617888021161103,0.14414473273196443,-0.004309569362204925,0.007246376811594203,0.0036231884057971015,0.5159309706127715,0.39136245119257246,0.08355367530407191,0.0037017451084082496
SOURCE_THERM__optimistic__L100,SOURCE_THERM,optimistic,1.0,100,0.4219348728656769,0.7857811038353602,0.3024897377918532,0.483291366043507,0.5273076254874228,0.3819423440891256,0.0308996762597189,0.5081097020656945,0.019197923421728325,0.0385119770010633,0.018714962692825465,0.3029578290929555,0.0789845149961701,-0.004309569362204925,0.007246376811594203,0.0036231884057971015,0.5096242291610842,0.3831185920149524,0.07033315705975675,0.007403490216816499
SOURCE_THERM__optimistic__L100,SOURCE_THERM,optimistic,1.0,125,0.4219348728656769,0.7839101964452759,0.2749590542611269,0.508951142184149,0.5146437125639427,0.37933915246190475,0.01741813417209165,0.5438740587792048,-0.029230346215262104,0.0385119770010633,0.013374696940696706,0.3525713320018364,0.02676782046006837,-0.004309569362204925,0.007246376811594203,0.0036231884057971015,0.47981165859596486,0.36396912293132133,0.06874669487043893,0.012162876784769964
SOURCE_THERM__optimistic__L100,SOURCE_THERM,optimistic,1.0,150,0.4219348728656769,0.6884939195509823,0.23241519086580797,0.4560787286851743,0.4812136906911271,0.3666678351971745,-0.005781168620378474,0.5582951860097414,-0.07708149531861425,0.0385119770010633,-0.00037640914003439496,0.3924622473397753,-0.02579441214260081,-0.004309569362204925,0.007246376811594203,0.0036231884057971015,0.41070891263632214,0.3226947383451089,0.05446853516657853,0.015335801163405606
SOURCE_THERM__optimistic__L100,SOURCE_THERM,optimistic,1.0,200,0.4219348728656769,0.5949485500467727,0.16148513330084874,0.433463416745924,0.47685906641760584,0.37958132387380755,0.021175784049814184,0.5312656241115343,-0.05440655769392849,0.0385119770010633,0.025909965506599797,0.4012104298006792,-0.021629105926871672,-0.004309569362204925,0.007246376811594203,0.0036231884057971015,0.3778946073299847,0.30985357865188873,0.041248016922263354,0.024854574299312534
SOURCE_THERM__optimistic__L100,SOURCE_THERM,optimistic,1.0,250,0.4219348728656769,0.5565949485500468,0.14240428415350384,0.41419066439654295,0.48533371260632174,0.3948132547420848,0.02962478209963626,0.5221594795716555,-0.036825766965333795,0.0385119770010633,0.03133513266020549,0.4152973625398076,-0.020484107797722806,-0.004309569362204925,0.007246376811594203,0.0036231884057971015,0.3827626830317379,0.32424672914981295,0.040719196192490745,0.035430988894764676
SOURCE_THERM__optimistic__L100,SOURCE_THERM,optimistic,1.0,300,0.4219348728656769,0.5350795135640786,0.11992250392181088,0.4151570096422677,0.47637915882277837,0.3929533325941571,0.040510970912619904,0.4586242477666093,0.017754911056169054,0.0385119770010633,0.03720691169173368,0.3728189826918394,0.020134349902317716,-0.004309569362204925,0.007246376811594203,0.0036231884057971015,0.35981590486720555,0.3116219854131706,0.040719196192490745,0.04706504494976203
SOURCE_THERM__optimistic__L100,SOURCE_THERM,optimistic,1.0,400,0.4219348728656769,0.47895229186155286,0.09095857108437823,0.38799372077717464,0.44537842298997776,0.3709432987341285,0.034265791066556694,0.438964533345597,0.006413889644380777,0.0385119770010633,0.02889419989751768,0.3717768289362879,-0.0008335302021593716,-0.004309569362204925,0.007246376811594203,0.0036231884057971015,0.31154810252382736,0.2734770495315005,0.03120042305658382,0.07562136435748282
SOURCE_THERM__pessimistic__L010,SOURCE_THERM,pessimistic,0.1,25,0.4219348728656769,0.8260056127221702,0.5339625090840756,0.2920431036380946,0.36281035784849736,0.19459954756160655,0.007338503963360832,0.33653781410078343,0.026272543747713928,0.44547439700458236,0.012468348894064424,0.17630480120393544,0.018294746357671116,0.4026528506413141,0.5652173913043478,0.20545408062570533,0.3826706559714002,0.24447826724219526,0.2548915917503966,0.0005288207297726071
SOURCE_THERM__pessimistic__L010,SOURCE_THERM,pessimistic,0.1,50,0.4219348728656769,0.8110383536014967,0.46320533363011834,0.34783301997137833,0.37570723698406494,0.21138542075166972,0.0032031199462797533,0.39617312585854697,-0.02046588887448203,0.44547439700458236,0.012402491162541218,0.2329076840078802,-0.021522263256210483,0.4026528506413141,0.5652173913043478,0.20545408062570533,0.3763975534038207,0.23298571564158285,0.24378635642517188,0.0026441036488630354
SOURCE_THERM__pessimistic__L010,SOURCE_THERM,pessimistic,0.1,75,0.4219348728656769,0.8016838166510758,0.3703025469155268,0.431381269735549,0.47384816663914303,0.3173192805405992,0.02262314996552206,0.4571706793971344,0.016677487242008626,0.44547439700458236,0.012168840324900232,0.30009471892332296,0.017224561617276257,0.4026528506413141,0.5652173913043478,0.20545408062570533,0.4812592638749445,0.3478748790372013,0.08461131676361713,0.004759386567953464
SOURCE_THERM__pessimistic__L010,SOURCE_THERM,pessimistic,0.1,100,0.4219348728656769,0.7988774555659495,0.32781754278412906,0.4710599127818204,0.5150985140967511,0.36387276464447355,0.018690564869047188,0.5189060086342396,-0.0038074945374885205,0.44547439700458236,0.0006453832481734256,0.37327994112689433,-0.009407176482420787,0.4026528506413141,0.5652173913043478,0.20545408062570533,0.5228431777126326,0.3831526527254565,0.08249603384452671,0.007403490216816499
SOURCE_THERM__pessimistic__L010,SOURCE_THERM,pessimistic,0.1,125,0.4219348728656769,0.7857811038353602,0.2754923417297095,0.5102887621056507,0.5028747745092527,0.3546285815658001,0.005649196117401611,0.5143399186307513,-0.011465144121498683,0.44547439700458236,-0.011335873955407916,0.3751967394659054,-0.0205681579001053,0.4026528506413141,0.5652173913043478,0.20545408062570533,0.44861045281456224,0.30932754628659553,0.06927551560021153,0.010047593865679535
SOURCE_THERM__pessimistic__L010,SOURCE_THERM,pessimistic,0.1,150,0.4219348728656769,0.7717492984097287,0.2298476793248295,0.5419016190848992,0.5182430041666284,0.39419524928828903,0.031248144855122784,0.5096414009222813,0.008601603244347111,0.44547439700458236,0.027151004951080138,0.3627405822567549,0.031454667031534156,0.4026528506413141,0.5652173913043478,0.20545408062570533,0.4510955087286297,0.34630031865907296,0.0671602326811211,0.011634056054997356
SOURCE_THERM__pessimistic__L010,SOURCE_THERM,pessimistic,0.1,200,0.4219348728656769,0.6323666978484564,0.1668267918242353,0.46553990602422113,0.4825069181670365,0.3766632892289253,0.02682363579924485,0.4510055247369096,0.03150139343012692,0.44547439700458236,0.022991930861717524,0.34201931967265153,0.034643969556273746,0.4026528506413141,0.5652173913043478,0.20545408062570533,0.37057251990372003,0.29077258678910806,0.046007403490216814,0.022739291380222106
SOURCE_THERM__pessimistic__L010,SOURCE_THERM,pessimistic,0.1,250,0.4219348728656769,0.4153414405986904,0.13066501988070403,0.2846764207179864,0.4727869194083573,0.3808273269371457,0.017077988901671837,0.4474091808841665,0.02537773852419084,0.44547439700458236,0.01734920485526642,0.35563703281196424,0.025190294125181478,0.4026528506413141,0.5652173913043478,0.20545408062570533,0.34158992846630726,0.2785764192027004,0.041248016922263354,0.033315705975674244
SOURCE_THERM__pessimistic__L010,SOURCE_THERM,pessimistic,0.1,300,0.4219348728656769,0.2815715622076707,0.11282270211506643,0.16874886009260429,0.42864520666165756,0.34982658295536423,-0.007222981248500904,0.436701016810275,-0.008055810148617448,0.44547439700458236,-0.005919837947059192,0.3557085929644257,-0.005882010009061467,0.4026528506413141,0.5652173913043478,0.20545408062570533,0.2698374714889509,0.2254600668230502,0.04019037546271814,0.04283447911158118
SOURCE_THERM__pessimistic__L010,SOURCE_THERM,pessimistic,0.1,400,0.4219348728656769,0.21421889616463985,0.10241121114807207,0.11180768501656778,0.34518212745807786,0.2730595767606648,-0.06593050446534321,0.36721526370687324,-0.022033136248795382,0.44547439700458236,-0.06898952207594605,0.2951514840946607,-0.022091907333995908,0.4026528506413141,0.5652173913043478,0.20545408062570533,0.14697680210774355,0.11162004079580602,0.04019037546271814,0.07615018508725542
SOURCE_THERM__pessimistic__L025,SOURCE_THERM,pessimistic,0.25,25,0.4219348728656769,0.8185219831618334,0.5235688788169758,0.29495310434485766,0.37059893433509217,0.19060798644559263,0.015127080449955643,0.34106124008860617,0.029537694246486,0.5496325675565755,0.008476787778050499,0.18013524538247452,0.010472741063118102,0.5068110211933073,0.6666666666666666,0.3119655198602567,0.3928283048298092,0.2427894709926095,0.25647805393971446,0.0015864621893178213
SOURCE_THERM__pessimistic__L025,SOURCE_THERM,pessimistic,0.25,50,0.4219348728656769,0.8091674462114126,0.43086518934236284,0.3783022568690497,0.45226272676149365,0.27416804701747727,0.07975860972370846,0.39881375163567473,0.05344897512581892,0.5496325675565755,0.07518511742834877,0.23302270237408204,0.041145344643395226,0.5068110211933073,0.6666666666666666,0.3119655198602567,0.4735995415785777,0.3243333997031354,0.15970386039132733,0.0026441036488630354
SOURCE_THERM__pessimistic__L025,SOURCE_THERM,pessimistic,0.25,75,0.4219348728656769,0.8026192703461179,0.35639332997311657,0.44622594037300134,0.5263401307723012,0.3581452317192958,0.07511511409868027,0.5032501244211884,0.023090006351112802,0.5496325675565755,0.052994791503596816,0.316551989128076,0.041593242591219826,0.5068110211933073,0.6666666666666666,0.3119655198602567,0.5500949932843465,0.40220047985054247,0.08249603384452671,0.004230565838180857
SOURCE_THERM__pessimistic__L025,SOURCE_THERM,pessimistic,0.25,100,0.4219348728656769,0.7895229186155285,0.2959430799041714,0.4935798387113571,0.5230129098470012,0.36083408314300014,0.02660496061929729,0.5480691378340267,-0.025056227987025448,0.5496325675565755,-0.0023932982532999802,0.3681285656628289,-0.007294482519828782,0.5068110211933073,0.6666666666666666,0.3119655198602567,0.48508917824040076,0.3355965018873847,0.07033315705975675,0.006345848757271285
SOURCE_THERM__pessimistic__L025,SOURCE_THERM,pessimistic,0.25,125,0.4219348728656769,0.7820392890551918,0.27071007644761946,0.5113292126075724,0.4819199352098001,0.3167349600900662,-0.015305643182050965,0.5555872921357254,-0.07366735692592535,0.5496325675565755,-0.049229495431141856,0.3957695484318247,-0.07903458834175853,0.5068110211933073,0.6666666666666666,0.3119655198602567,0.41597779470336954,0.2612737060770176,0.06874669487043893,0.010047593865679535
SOURCE_THERM__pessimistic__L025,SOURCE_THERM,pessimistic,0.25,150,0.4219348728656769,0.774555659494855,0.23241063601944456,0.5421450234754105,0.5003956281499636,0.34466044799728957,0.013400768838458033,0.5397899985260752,-0.0393943703761116,0.5496325675565755,-0.022383796339919326,0.3845288229596849,-0.039868374962395314,0.5068110211933073,0.6666666666666666,0.3119655198602567,0.4264792759686232,0.28347426246097157,0.06557377049180328,0.013220518244315178
SOURCE_THERM__pessimistic__L025,SOURCE_THERM,pessimistic,0.25,200,0.4219348728656769,0.6389148737137512,0.16328393076556033,0.47563094294819086,0.5143101582630448,0.39651027866001914,0.05862687589525317,0.49075697061767004,0.023553187645374785,0.5496325675565755,0.04283892029281139,0.3726507366368551,0.023859542023164038,0.5068110211933073,0.6666666666666666,0.3119655198602567,0.4126354526627201,0.31810419035917686,0.0449497620306716,0.022739291380222106
SOURCE_THERM__pessimistic__L025,SOURCE_THERM,pessimistic,0.25,250,0.4219348728656769,0.5528531337698784,0.13331546730208088,0.41953766646779755,0.47463931026676603,0.3766188014638085,0.01893037976008055,0.46830960016992373,0.0063297100968423,0.5496325675565755,0.013140679381929199,0.37125280775144925,0.0053659937123592405,0.5068110211933073,0.6666666666666666,0.3119655198602567,0.34537123385507723,0.2796494786676454,0.041248016922263354,0.033844526705446853
SOURCE_THERM__pessimistic__L025,SOURCE_THERM,pessimistic,0.25,300,0.4219348728656769,0.5463049579045838,0.1277781973853101,0.4185267605192737,0.46428565442981856,0.3708452900542353,0.028417466519660095,0.470568768835291,-0.006283114405472412,0.5496325675565755,0.015098869151811856,0.38643557905169357,-0.01559028899745829,0.5068110211933073,0.6666666666666666,0.3119655198602567,0.32962323294229806,0.26617128656589284,0.041248016922263354,0.04918032786885246
SOURCE_THERM__pessimistic__L025,SOURCE_THERM,pessimistic,0.25,400,0.4219348728656769,0.402245088868101,0.11405395929245385,0.2881911295756472,0.45250712501812457,0.36769778270475606,0.0413944930947035,0.37826524217302004,0.07424188284510452,0.5496325675565755,0.025648683868145228,0.30483733988950973,0.06286044281524633,0.5068110211933073,0.6666666666666666,0.3119655198602567,0.3132792525897535,0.26089896183443845,0.041248016922263354,0.11263881544156532
SOURCE_THERM__pessimistic__L050,SOURCE_THERM,pessimistic,0.5,25,0.4219348728656769,0.823199251637044,0.5296785890972339,0.29352066253981013,0.35577639583280257,0.18293316389643374,0.00030454194766604825,0.3063182435181182,0.04945815231468437,0.5855243012228483,0.0008019652288916157,0.13580108348525863,0.047132080411175115,0.5427027548595801,0.717391304347826,0.3766510949005228,0.3704933156503183,0.22512556016308438,0.25647805393971446,0.0010576414595452142
SOURCE_THERM__pessimistic__L050,SOURCE_THERM,pessimistic,0.5,50,0.4219348728656769,0.8157156220767072,0.4673313813436722,0.34838424073303503,0.401501748588171,0.22906412461871492,0.028997631550385816,0.42351875376741094,-0.022017005179239935,0.5855243012228483,0.03008119502958642,0.2013976314308119,0.027666493187903013,0.5427027548595801,0.717391304347826,0.3766510949005228,0.4117245274515975,0.25847781972033845,0.2453728186144897,0.0031729243786356425
SOURCE_THERM__pessimistic__L050,SOURCE_THERM,pessimistic,0.5,75,0.4219348728656769,0.7960710944808232,0.36131384429282476,0.4347572501879985,0.48730004561099194,0.3076661334950767,0.03607502893737097,0.4627505564593728,0.02454948915161914,0.5855243012228483,0.0025156932793777287,0.23785175167974007,0.06981438181533664,0.5427027548595801,0.717391304347826,0.3766510949005228,0.48345426668975616,0.3271219528313933,0.08302485457429931,0.004759386567953464
SOURCE_THERM__pessimistic__L050,SOURCE_THERM,pessimistic,0.5,100,0.4219348728656769,0.7885874649204865,0.29930703826370514,0.48928042665678134,0.5205487176691571,0.328233453968065,0.024140768441453186,0.5214362268418059,-0.0008875091726487927,0.5855243012228483,-0.034993927428235094,0.33069398435404196,-0.0024605303859769334,0.5427027548595801,0.717391304347826,0.3766510949005228,0.5039367717471773,0.3333573872929237,0.07244843997884717,0.007403490216816499
SOURCE_THERM__pessimistic__L050,SOURCE_THERM,pessimistic,0.5,125,0.4219348728656769,0.7801683816651076,0.2756619058851255,0.5045064757799821,0.5046581265220776,0.32329113118264385,0.0074325481302265906,0.5624710898750349,-0.05781296335295727,0.5855243012228483,-0.04267332433856419,0.3871791096021482,-0.06388797841950433,0.5427027548595801,0.717391304347826,0.3766510949005228,0.44942273534621263,0.2830379509539624,0.07086197778952935,0.01269169751454257
SOURCE_THERM__pessimistic__L050,SOURCE_THERM,pessimistic,0.5,150,0.4219348728656769,0.775491113189897,0.2458171813712523,0.5296739318186447,0.5316791211214702,0.3526249700474111,0.0446842618099646,0.5743183702323399,-0.04263924911086969,0.5855243012228483,-0.014419274289797779,0.4143965861601747,-0.061771616112763605,0.5427027548595801,0.717391304347826,0.3766510949005228,0.4769914971589439,0.3122162397132499,0.0671602326811211,0.017451084082496033
SOURCE_THERM__pessimistic__L050,SOURCE_THERM,pessimistic,0.5,200,0.4219348728656769,0.7689429373246024,0.20345119343159215,0.5654917438930103,0.5316960986334687,0.386190568444529,0.07601281626567702,0.52484020972591,0.006855888907558727,0.5855243012228483,0.032519210077321226,0.3931133642200594,-0.006922795775530399,0.5427027548595801,0.717391304347826,0.3766510949005228,0.460917401286453,0.33740349155165733,0.06557377049180328,0.02908514013749339
SOURCE_THERM__pessimistic__L050,SOURCE_THERM,pessimistic,0.5,250,0.4219348728656769,0.7661365762394762,0.19734627372821817,0.568790302511258,0.5365888138932057,0.3904194362622898,0.08087988338652019,0.4996396980638161,0.03694911582938959,0.5855243012228483,0.026941314180410514,0.3977036456489505,-0.007284209386660689,0.5427027548595801,0.717391304347826,0.3766510949005228,0.4665220764823012,0.34170647819763333,0.06557377049180328,0.053939714436805924
SOURCE_THERM__pessimistic__L050,SOURCE_THERM,pessimistic,0.5,300,0.4219348728656769,0.7633302151543498,0.19649442446728224,0.5668357906870676,0.5328603536373705,0.3869423136495844,0.09699216572721203,0.4816318823929386,0.05122847124443192,0.5855243012228483,0.031195892747161003,0.39707921969816723,-0.010136906048582806,0.5427027548595801,0.717391304347826,0.3766510949005228,0.4673041241840474,0.34249726235037564,0.06557377049180328,0.09624537281861449
SOURCE_THERM__pessimistic__L050,SOURCE_THERM,pessimistic,0.5,400,0.4219348728656769,0.6426566884939195,0.12503481185481294,0.5176218766391066,0.4812411148392866,0.38142235652003004,0.07012848291586554,0.39840224980115974,0.08283886503812687,0.5855243012228483,0.039373257683419205,0.3312481143512457,0.050174242168784355,0.5427027548595801,0.717391304347826,0.3766510949005228,0.3628150267880488,0.29184279647924133,0.040719196192490745,0.12427287149656266
SOURCE_THERM__pessimistic__L075,SOURCE_THERM,pessimistic,0.75,25,0.4219348728656769,0.8297474275023387,0.5192324817239744,0.31051494577836425,0.3572954923987632,0.18606729261261165,0.0018236385136266575,0.30960209164118396,0.04769340075757922,0.6008972952018198,0.003936093945069524,0.15666362511112245,0.029403667501489206,0.5580757488385516,0.7536231884057971,0.41200899913714556,0.3710363633014302,0.21920042203397672,0.3442622950819672,0.0010576414595452142
SOURCE_THERM__pessimistic__L075,SOURCE_THERM,pessimistic,0.75,50,0.4219348728656769,0.8269410664172123,0.3613284252753841,0.4656126411418282,0.5173891431317714,0.2888199884422936,0.14488502609398624,0.45731691307849043,0.060072230053280995,0.6008972952018198,0.08983705885316512,0.22481916052286646,0.06400082791942716,0.5580757488385516,0.7536231884057971,0.41200899913714556,0.5328010303366607,0.32647357682092115,0.19249074563722898,0.005288207297726071
SOURCE_THERM__pessimistic__L075,SOURCE_THERM,pessimistic,0.75,75,0.4219348728656769,0.80355472404116,0.3250718629810432,0.47848286106011684,0.48364454894905184,0.24253357284119464,0.03241953227543087,0.500071408008762,-0.016426859059710197,0.6008972952018198,-0.06261686737450434,0.28217404955770403,-0.03964047671650939,0.5580757488385516,0.7536231884057971,0.41200899913714556,0.4401143583510944,0.22368684469531375,0.16393442622950818,0.007932310946589107
SOURCE_THERM__pessimistic__L075,SOURCE_THERM,pessimistic,0.75,100,0.4219348728656769,0.794200187090739,0.30578282161569176,0.48841736547504727,0.500878993845524,0.25871989440346566,0.004471044617820108,0.5244365593053806,-0.023557565459856544,0.6008972952018198,-0.10450748699283446,0.32048197652520444,-0.06176208212173878,0.5580757488385516,0.7536231884057971,0.41200899913714556,0.46090132662870803,0.2418334308477009,0.16393442622950818,0.015335801163405606
SOURCE_THERM__pessimistic__L075,SOURCE_THERM,pessimistic,0.75,125,0.4219348728656769,0.7932647333956969,0.2980349210647161,0.49522981233098085,0.5118588384472981,0.28507159385774844,0.014633260055447017,0.555860228976623,-0.044001390529324946,0.6008972952018198,-0.0808928616634596,0.3728644783895839,-0.08779288453183548,0.5580757488385516,0.7536231884057971,0.41200899913714556,0.47401841491128516,0.2778102901129766,0.10735060814383923,0.022739291380222106
SOURCE_THERM__pessimistic__L075,SOURCE_THERM,pessimistic,0.75,150,0.4219348728656769,0.7913938260056127,0.29271991009747356,0.49867391590813914,0.5165308968802207,0.29242555881187243,0.02953603756871509,0.5720432793893331,-0.05551238250911239,0.6008972952018198,-0.07461868552533646,0.3965164508018963,-0.10409089199002386,0.5580757488385516,0.7536231884057971,0.41200899913714556,0.4792457945499962,0.28365301258844516,0.10735060814383923,0.034902168164992066
SOURCE_THERM__pessimistic__L075,SOURCE_THERM,pessimistic,0.75,200,0.4219348728656769,0.7895229186155285,0.29200536585379694,0.49751755276173154,0.512997497636978,0.28877357032701345,0.05731421526918634,0.5421954319724499,-0.02919793433547191,0.6008972952018198,-0.0648977880401943,0.41672508120412116,-0.1279515108771077,0.5580757488385516,0.7536231884057971,0.41200899913714556,0.47992703477399234,0.2842624795954022,0.10735060814383923,0.07297726070861978
SOURCE_THERM__pessimistic__L075,SOURCE_THERM,pessimistic,0.75,250,0.4219348728656769,0.7885874649204865,0.24806966892121057,0.540517795999276,0.5571987350603801,0.36998201877907394,0.10148980455369461,0.4949667868557442,0.0622319482046359,0.6008972952018198,0.006503896697194644,0.3938918660331871,-0.02390984725411316,0.5580757488385516,0.7536231884057971,0.41200899913714556,0.5243344555422745,0.36948671305038555,0.07985193019566367,0.09148598625066102
SOURCE_THERM__pessimistic__L075,SOURCE_THERM,pessimistic,0.75,300,0.4219348728656769,0.7857811038353602,0.21586573595368175,0.5699153678816784,0.5769109786259629,0.41640123521290967,0.1410427907158044,0.48268677757743483,0.09422420104852802,0.6008972952018198,0.06065481431048625,0.4030230979504572,0.01337813726245246,0.5580757488385516,0.7536231884057971,0.41200899913714556,0.5384334886502157,0.40157873309169306,0.06663141195134849,0.10259122157588578
SOURCE_THERM__pessimistic__L075,SOURCE_THERM,pessimistic,0.75,400,0.4219348728656769,0.7558465855940131,0.15932206006077085,0.5965245255332422,0.4785192582678267,0.3535264738958483,0.06740662634440564,0.4238035911343687,0.05471566713345799,0.6008972952018198,0.01147737505923746,0.3574525936310444,-0.003926119735196132,0.5580757488385516,0.7536231884057971,0.41200899913714556,0.3742408142461824,0.27261893362745643,0.053939714436805924,0.1337916446324696
SOURCE_THERM__pessimistic__L100,SOURCE_THERM,pessimistic,1.0,25,0.4219348728656769,0.9438727782974743,0.6422112132584572,0.3016615650390171,0.24440793922460427,0.1395300584696105,-0.11106391466053225,0.3783981928389957,-0.1339902536143914,0.6090109931250858,-0.042601140197931625,0.13808489850176722,0.0014451599678432792,0.5661894467618176,0.7608695652173914,0.41826447770383696,0.1717658314918409,0.08598513956959526,0.9196192490745637,0.012162876784769964
SOURCE_THERM__pessimistic__L100,SOURCE_THERM,pessimistic,1.0,50,0.4219348728656769,0.8980355472404116,0.6337237033856733,0.26431184385473827,0.2347495479451993,0.12783887846592226,-0.13775456909258588,0.4383543494562461,-0.20360480151104676,0.6090109931250858,-0.07114405112320624,0.1931941498024025,-0.06535527133648023,0.5661894467618176,0.7608695652173914,0.41826447770383696,0.17549001239891374,0.08794401135234059,0.9196192490745637,0.02538339502908514
SOURCE_THERM__pessimistic__L100,SOURCE_THERM,pessimistic,1.0,75,0.4219348728656769,0.833489242282507,0.6273727707430289,0.2061164715394781,0.21947305444569906,0.1120459475402239,-0.2317519622279219,0.45564985997327934,-0.23617680552758027,0.6090109931250858,-0.19310449267547508,0.22617888021161103,-0.11413293267138713,0.5661894467618176,0.7608695652173914,0.41826447770383696,0.1813731909616414,0.09364576737296572,0.9196192490745637,0.03860391327340032
SOURCE_THERM__pessimistic__L100,SOURCE_THERM,pessimistic,1.0,100,0.4219348728656769,0.8054256314312441,0.6237638483208553,0.18166178311038883,0.21366637235552843,0.1064556804497791,-0.2827415768721755,0.5081097020656945,-0.29444332971016607,0.6090109931250858,-0.256771700946521,0.3029578290929555,-0.1965021486431764,0.5661894467618176,0.7608695652173914,0.41826447770383696,0.18475564690920443,0.09761322994765671,0.9196192490745637,0.05182443151771549
SOURCE_THERM__pessimistic__L100,SOURCE_THERM,pessimistic,1.0,125,0.4219348728656769,0.7988774555659495,0.6220084379542405,0.17686901761170892,0.20957452820663425,0.10223689840944061,-0.2876510501852168,0.5438740587792048,-0.33429953057257056,0.6090109931250858,-0.26372755711176743,0.3525713320018364,-0.25033443359239577,0.5661894467618176,0.7608695652173914,0.41826447770383696,0.18639290634146496,0.09918150862377388,0.9196192490745637,0.06504494976203067
SOURCE_THERM__pessimistic__L100,SOURCE_THERM,pessimistic,1.0,150,0.4219348728656769,0.7988774555659495,0.621012295679624,0.17786515988632545,0.21053185508840896,0.10294595664819178,-0.27646300422309666,0.5582951860097414,-0.3477633309213324,0.6090109931250858,-0.2640982876890171,0.3924622473397753,-0.2895162906915835,0.5661894467618176,0.7608695652173914,0.41826447770383696,0.1873228909264333,0.09987626014357352,0.9196192490745637,0.07826546800634585
SOURCE_THERM__pessimistic__L100,SOURCE_THERM,pessimistic,1.0,200,0.4219348728656769,0.7960710944808232,0.3163234929266793,0.479747601554144,0.5142482776639095,0.29117222873794996,0.058564995296117806,0.5312656241115343,-0.01701734644762487,0.6090109931250858,-0.0624991296292578,0.4012104298006792,-0.11003820106272927,0.5661894467618176,0.7608695652173914,0.41826447770383696,0.49077216905718807,0.309875211228458,0.19249074563722898,0.08619777895293496
SOURCE_THERM__pessimistic__L100,SOURCE_THERM,pessimistic,1.0,250,0.4219348728656769,0.7876520112254444,0.2753367884948499,0.5123152227305945,0.5274848361410965,0.32884092283950417,0.07177590563441105,0.5221594795716555,0.005325356569440998,0.6090109931250858,-0.03463719924237513,0.4152973625398076,-0.08645643970030342,0.5661894467618176,0.7608695652173914,0.41826447770383696,0.49363274593404954,0.33667169965724747,0.10735060814383923,0.09941829719725014
SOURCE_THERM__pessimistic__L100,SOURCE_THERM,pessimistic,1.0,300,0.4219348728656769,0.7829747427502338,0.2360570374880657,0.5469177052621681,0.5459046402797106,0.369360126908484,0.11003645236955217,0.4586242477666093,0.08728039251310132,0.6090109931250858,0.0136137060060606,0.3728189826918394,-0.0034588557833553635,0.5661894467618176,0.7608695652173914,0.41826447770383696,0.5031112061292252,0.3580650479546241,0.07985193019566367,0.1121099947117927
SOURCE_THERM__pessimistic__L100,SOURCE_THERM,pessimistic,1.0,400,0.4219348728656769,0.7820392890551918,0.17792315102844997,0.6041161380267419,0.5437855823163877,0.40789942552101127,0.13267295039296667,0.438964533345597,0.10482104897079075,0.6090109931250858,0.06585032668440044,0.3717768289362879,0.03612259658472339,0.5661894467618176,0.7608695652173914,0.41826447770383696,0.47511974402248786,0.3584250497930528,0.06187202538339503,0.14225277630883132
ATMOS_THERM__reported__L010,ATMOS_THERM,reported,0.1,25,0.5288057327270508,0.8241347053320861,0.5476340705630905,0.27650063476899556,0.348111987406833,0.18961231611699284,-0.007359866478303501,0.33653781410078343,0.011574173306049595,0.03790836470719598,0.007481117449450708,0.17630480120393544,0.0133075149130574,-0.004913181656072241,0.007246376811594203,0.0036231884057971015,0.36842099339634987,0.23713715644062938,0.2522474881015336,0.0010576414595452142
ATMOS_THERM__reported__L010,ATMOS_THERM,reported,0.1,50,0.5288057327270508,0.8016838166510758,0.4747622173104247,0.3269215993406511,0.3800779576131409,0.21124804786257476,0.007573840575355706,0.39617312585854697,-0.016095168245406077,0.03790836470719598,0.012265118273446257,0.2329076840078802,-0.021659636145305444,-0.004913181656072241,0.007246376811594203,0.0036231884057971015,0.3938062090807164,0.25268635686350355,0.24114225277630882,0.0021152829190904283
ATMOS_THERM__reported__L010,ATMOS_THERM,reported,0.1,75,0.5288057327270508,0.7932647333956969,0.38293488393968383,0.4103298494560131,0.459210356264814,0.3048753447694872,0.00798533959119302,0.4571706793971344,0.002039676867679585,0.03790836470719598,-0.0002750954462117927,0.30009471892332296,0.004780625846164233,-0.004913181656072241,0.007246376811594203,0.0036231884057971015,0.46995050590394266,0.3353120720161862,0.08302485457429931,0.004759386567953464
ATMOS_THERM__reported__L010,ATMOS_THERM,reported,0.1,100,0.5288057327270508,0.7932647333956969,0.30447265260934475,0.48879208078635217,0.5358971871755228,0.3852590685991303,0.03948923794781889,0.5189060086342396,0.01699117854128318,0.03790836470719598,0.022031687202830164,0.37327994112689433,0.011979127472235951,-0.004913181656072241,0.007246376811594203,0.0036231884057971015,0.5448823555193493,0.4100679728725965,0.07086197778952935,0.007403490216816499
ATMOS_THERM__reported__L010,ATMOS_THERM,reported,0.1,125,0.5288057327270508,0.7801683816651076,0.27120967601650875,0.5089587056485989,0.513029480524139,0.37889796855692354,0.01580390213228794,0.5143399186307513,-0.001310438106612355,0.03790836470719598,0.012933513035715494,0.3751967394659054,0.00370122909101811,-0.004913181656072241,0.007246376811594203,0.0036231884057971015,0.4759060393308589,0.36219740830592245,0.06927551560021153,0.011634056054997356
ATMOS_THERM__reported__L010,ATMOS_THERM,reported,0.1,150,0.5288057327270508,0.7661365762394762,0.24523329485193812,0.520903281387538,0.4748982237270827,0.34571361292164066,-0.012096635584422921,0.5096414009222813,-0.034743177195198593,0.03790836470719598,-0.021330631415568235,0.3627405822567549,-0.017026969335114217,-0.004913181656072241,0.007246376811594203,0.0036231884057971015,0.39897988407106477,0.29441273874647894,0.06927551560021153,0.015335801163405606
ATMOS_THERM__reported__L010,ATMOS_THERM,reported,0.1,200,0.5288057327270508,0.5565949485500468,0.16791122465525343,0.38868372389479333,0.46101533812193307,0.35713368387498556,0.005332055754141418,0.4510055247369096,0.010009813385023492,0.03790836470719598,0.003462325507777808,0.34201931967265153,0.01511436420233403,-0.004913181656072241,0.007246376811594203,0.0036231884057971015,0.34420111738264475,0.26701887209601366,0.04177683765203596,0.021152829190904283
ATMOS_THERM__reported__L010,ATMOS_THERM,reported,0.1,250,0.5288057327270508,0.5191768007483629,0.1335520920967853,0.3856247086515776,0.4623596941329549,0.3714638245444779,0.006650763626269429,0.4474091808841665,0.014950513248788433,0.03790836470719598,0.00798570246259861,0.35563703281196424,0.015826791732513668,-0.004913181656072241,0.007246376811594203,0.0036231884057971015,0.3300130051163767,0.2716332389751662,0.040719196192490745,0.03172924378635643
ATMOS_THERM__reported__L010,ATMOS_THERM,reported,0.1,300,0.5288057327270508,0.2899906454630496,0.11764984792703662,0.17234079753601297,0.4246365543989456,0.34678783731712454,-0.011231633511212868,0.436701016810275,-0.012064462411329413,0.03790836470719598,-0.008958583585298885,0.3557085929644257,-0.00892075564730116,-0.004913181656072241,0.007246376811594203,0.0036231884057971015,0.2678757910261873,0.22211196850060888,0.040719196192490745,0.04389212057112639
ATMOS_THERM__reported__L010,ATMOS_THERM,reported,0.1,400,0.5288057327270508,0.21608980355472404,0.0959750167321119,0.12011478682261215,0.4178729466857857,0.3512878354682477,0.006760314762364605,0.36721526370687324,0.05065768297891243,0.03790836470719598,0.009238736631636879,0.2951514840946607,0.05613635137358702,-0.004913181656072241,0.007246376811594203,0.0036231884057971015,0.2481610092296794,0.21935948083329462,0.03120042305658382,0.07350608143839238
ATMOS_THERM__reported__L025,ATMOS_THERM,reported,0.25,25,0.5288057327270508,0.8185219831618334,0.5320047962004688,0.28651718696136463,0.3623836207643436,0.20479368887482327,0.006911766879207082,0.34106124008860617,0.02132238067573744,0.03934035618446177,0.022662490207281144,0.18013524538247452,0.024658443492348747,-0.003481190178806451,0.007246376811594203,0.0036231884057971015,0.3847652347636106,0.25545566308817325,0.2527763088313062,0.0005288207297726071
ATMOS_THERM__reported__L025,ATMOS_THERM,reported,0.25,50,0.5288057327270508,0.8007483629560337,0.43375674433894407,0.3669916186170896,0.4649084084613118,0.306275060119025,0.09240429142352663,0.39881375163567473,0.06609465682563709,0.03934035618446177,0.1072921305298965,0.23302270237408204,0.07325235774494296,-0.003481190178806451,0.007246376811594203,0.0036231884057971015,0.4984485208468015,0.36890241492373743,0.15864621893178213,0.0015864621893178213
ATMOS_THERM__reported__L025,ATMOS_THERM,reported,0.25,75,0.5288057327270508,0.7951356407857811,0.3765470700787305,0.41858857070705063,0.5043363288387228,0.3508599818998677,0.05311131216510184,0.5032501244211884,0.0010862044175343755,0.03934035618446177,0.04570954168416874,0.316551989128076,0.03430799277179175,-0.003481190178806451,0.007246376811594203,0.0036231884057971015,0.5310976300357915,0.40590245091085575,0.08302485457429931,0.0037017451084082496
ATMOS_THERM__reported__L025,ATMOS_THERM,reported,0.25,100,0.5288057327270508,0.7913938260056127,0.29610733777952747,0.49528648822608523,0.5595128533389985,0.4011695126794218,0.06310490411129455,0.5480691378340267,0.011443715504971808,0.03934035618446177,0.03794213128312168,0.3681285656628289,0.03304094701659288,-0.003481190178806451,0.007246376811594203,0.0036231884057971015,0.5524892315013932,0.40962625218918286,0.06874669487043893,0.007932310946589107
ATMOS_THERM__reported__L025,ATMOS_THERM,reported,0.25,125,0.5288057327270508,0.7820392890551918,0.260927447006104,0.5211118420490879,0.5274900327567729,0.369364691185342,0.03026445436492181,0.5555872921357254,-0.028097259378952577,0.03934035618446177,0.0034002356641339437,0.3957695484318247,-0.026404857246482727,-0.003481190178806451,0.007246376811594203,0.0036231884057971015,0.4928250233554789,0.3478384294860266,0.0671602326811211,0.012162876784769964
ATMOS_THERM__reported__L025,ATMOS_THERM,reported,0.25,150,0.5288057327270508,0.6847521047708138,0.23221004044902635,0.45254206432178745,0.5043773459370949,0.3677996149534573,0.017382486625589333,0.5397899985260752,-0.0354126525889803,0.03934035618446177,0.0007553706162484186,0.3845288229596849,-0.01672920800622757,-0.003481190178806451,0.007246376811594203,0.0036231884057971015,0.4443193471119365,0.3317753281299504,0.06663141195134849,0.015864621893178214
ATMOS_THERM__reported__L025,ATMOS_THERM,reported,0.25,200,0.5288057327270508,0.5575304022450889,0.16512551803713682,0.39240488420795205,0.46453928666705474,0.3643922425042843,0.008856004299263087,0.49075697061767004,-0.0262176839506153,0.03934035618446177,0.010720884137076558,0.3726507366368551,-0.008258494132570793,-0.003481190178806451,0.007246376811594203,0.0036231884057971015,0.34672218417249123,0.2765188066120355,0.04336329984135378,0.021152829190904283
ATMOS_THERM__reported__L025,ATMOS_THERM,reported,0.25,250,0.5288057327270508,0.490177736202058,0.13104361955223107,0.359134116649827,0.46677763955434703,0.37477802518118725,0.011068709047661551,0.46830960016992373,-0.0015319606155766996,0.03934035618446177,0.01129990309930795,0.37125280775144925,0.0035252174297379923,-0.003481190178806451,0.007246376811594203,0.0036231884057971015,0.3361487646956909,0.27554717280630564,0.03966155473294553,0.03225806451612903
ATMOS_THERM__reported__L025,ATMOS_THERM,reported,0.25,300,0.5288057327270508,0.4490177736202058,0.11301200195083,0.3360057716693758,0.4651178249425607,0.38486664777468915,0.029249637032402243,0.470568768835291,-0.0054509438927302645,0.03934035618446177,0.02912022687226573,0.38643557905169357,-0.001568931277004415,-0.003481190178806451,0.007246376811594203,0.0036231884057971015,0.3245969654540682,0.27931575043563606,0.03966155473294553,0.04283447911158118
ATMOS_THERM__reported__L025,ATMOS_THERM,reported,0.25,400,0.5288057327270508,0.23199251637043966,0.08920754760356556,0.1427849687668741,0.4100861002434653,0.3365213423822882,-0.0010265316799557556,0.37826524217302004,0.03182085807044527,0.03934035618446177,-0.00552775645432263,0.30483733988950973,0.031684002492778474,-0.003481190178806451,0.007246376811594203,0.0036231884057971015,0.24045892688226975,0.20550089053237042,0.030671602326811213,0.06927551560021153
ATMOS_THERM__reported__L050,ATMOS_THERM,reported,0.5,25,0.5288057327270508,0.8400374181478016,0.5274942631044475,0.31254315504335417,0.40399657256594684,0.24789638278097925,0.04852471868081032,0.3063182435181182,0.09767832904782864,0.040175741889689,0.06576518411343713,0.13580108348525863,0.11209529929572062,-0.002645804473579226,0.007246376811594203,0.0036231884057971015,0.44311817379105106,0.31479537340973757,0.24484399788471709,0.0010576414595452142
ATMOS_THERM__reported__L050,ATMOS_THERM,reported,0.5,50,0.5288057327270508,0.8175865294667914,0.41972412365966405,0.3978624058071274,0.49660593966782174,0.3289895249411193,0.12410182263003655,0.42351875376741094,0.0730871859004108,0.040175741889689,0.13000659535199083,0.2013976314308119,0.12759189351030742,-0.002645804473579226,0.007246376811594203,0.0036231884057971015,0.5386671747719141,0.3960102111195196,0.14754098360655737,0.0021152829190904283
ATMOS_THERM__reported__L050,ATMOS_THERM,reported,0.5,75,0.5288057327270508,0.7904583723105706,0.3108274408184457,0.4796309314921249,0.5444699600855738,0.3534850481593175,0.09324494341195283,0.4627505564593728,0.081719403626201,0.040175741889689,0.048334607943618546,0.23785175167974007,0.11563329647957746,-0.002645804473579226,0.007246376811594203,0.0036231884057971015,0.5378988978190764,0.37190992705807663,0.07086197778952935,0.0037017451084082496
ATMOS_THERM__reported__L050,ATMOS_THERM,reported,0.5,100,0.5288057327270508,0.7904583723105706,0.2758115206626584,0.5146468516479121,0.5787048395049594,0.40431764351039723,0.08229689027725551,0.5214362268418059,0.05726861266315353,0.040175741889689,0.04109026211409711,0.33069398435404196,0.07362365915635527,-0.002645804473579226,0.007246376811594203,0.0036231884057971015,0.5713479973847374,0.4155915858878568,0.07086197778952935,0.006874669487043892
ATMOS_THERM__reported__L050,ATMOS_THERM,reported,0.5,125,0.5288057327270508,0.7829747427502338,0.24152172450878528,0.5414530182414485,0.5463126895582096,0.3915970075856346,0.0490871111663585,0.5624710898750349,-0.01615840031682536,0.040175741889689,0.02563255206442655,0.3871791096021482,0.004417897983486407,-0.002645804473579226,0.007246376811594203,0.0036231884057971015,0.5106527989109894,0.38131959022613193,0.06927551560021153,0.008989952406134321
ATMOS_THERM__reported__L050,ATMOS_THERM,reported,0.5,150,0.5288057327270508,0.7792329279700655,0.23076160125761672,0.5484713267124488,0.5514076164103255,0.40724708153176303,0.06441275709881994,0.5743183702323399,-0.02291075382201435,0.040175741889689,0.04020283719455414,0.4143965861601747,-0.007149504628411685,-0.002645804473579226,0.007246376811594203,0.0036231884057971015,0.5132212394383917,0.39518463033874823,0.06927551560021153,0.016922263352723427
ATMOS_THERM__reported__L050,ATMOS_THERM,reported,0.5,200,0.5288057327270508,0.6894293732460243,0.1603966592452084,0.5290327140008159,0.5302565180706699,0.4245916146686207,0.07457323570287822,0.52484020972591,0.005416308344759924,0.040175741889689,0.07092025630141296,0.3931133642200594,0.03147825044856134,-0.002645804473579226,0.007246376811594203,0.0036231884057971015,0.45465146626201397,0.3783236414085793,0.04336329984135378,0.024854574299312534
ATMOS_THERM__reported__L050,ATMOS_THERM,reported,0.5,250,0.5288057327270508,0.529466791393826,0.1327002428358494,0.3967665485579766,0.48561781798444675,0.3922161944797561,0.02990888747776127,0.4996396980638161,-0.014021880079369331,0.040175741889689,0.02873807239787679,0.3977036456489505,-0.005487451169194413,-0.002645804473579226,0.007246376811594203,0.0036231884057971015,0.377954143727214,0.3183888613657731,0.04019037546271814,0.03225806451612903
ATMOS_THERM__reported__L050,ATMOS_THERM,reported,0.5,300,0.5288057327270508,0.49579045837231056,0.1144793253986848,0.38131113297362573,0.45885002664215735,0.37376074572314766,0.022981838731998883,0.4816318823929386,-0.022781855750781232,0.040175741889689,0.018014324820724237,0.39707921969816723,-0.02331847397501957,-0.002645804473579226,0.007246376811594203,0.0036231884057971015,0.3319097575723818,0.2812329441877635,0.04019037546271814,0.04177683765203596
ATMOS_THERM__reported__L050,ATMOS_THERM,reported,0.5,400,0.5288057327270508,0.40505144995322734,0.08546887584723574,0.3195825741059916,0.4359866142229218,0.3609624883662041,0.02487398229950072,0.39840224980115974,0.03758436442176205,0.040175741889689,0.01891338952959326,0.3312481143512457,0.02971437401495841,-0.002645804473579226,0.007246376811594203,0.0036231884057971015,0.2694645416195404,0.2304010477360657,0.030671602326811213,0.07191961924907457
ATMOS_THERM__reported__L075,ATMOS_THERM,reported,0.75,25,0.5288057327270508,0.8391019644527596,0.5309423834625079,0.30815958099025176,0.381855227782464,0.22966365589223853,0.026383373897327478,0.30960209164118396,0.07225313614128004,0.04062959759616235,0.0475324572246964,0.15666362511112245,0.07300003078111608,-0.002191948767105871,0.007246376811594203,0.0036231884057971015,0.4113608767843391,0.28980409353730313,0.2469592808038075,0.0010576414595452142
ATMOS_THERM__reported__L075,ATMOS_THERM,reported,0.75,50,0.5288057327270508,0.8185219831618334,0.39098738054746834,0.4275346026143651,0.5238754164572823,0.3190530863604284,0.15137129941949712,0.45731691307849043,0.06655850337879188,0.04062959759616235,0.1200701567712999,0.22481916052286646,0.09423392583756193,-0.002191948767105871,0.007246376811594203,0.0036231884057971015,0.5643345145308597,0.3892557603171681,0.14331041776837652,0.004230565838180857
ATMOS_THERM__reported__L075,ATMOS_THERM,reported,0.75,75,0.5288057327270508,0.8129092609915809,0.31077613646341534,0.5021331245281655,0.5853901473579326,0.4031337426889959,0.13416513068431163,0.500071408008762,0.08531873934917056,0.04062959759616235,0.0979833024732969,0.28217404955770403,0.12095969313129185,-0.002191948767105871,0.007246376811594203,0.0036231884057971015,0.6183835753796018,0.47209206833662937,0.07033315705975675,0.005817028027498678
ATMOS_THERM__reported__L075,ATMOS_THERM,reported,0.75,100,0.5288057327270508,0.7904583723105706,0.26505632132781626,0.5254020509827544,0.5886600330217725,0.4215190470578296,0.09225208379406857,0.5244365593053806,0.06422347371639192,0.04062959759616235,0.05829166566152949,0.32048197652520444,0.10103707053262517,-0.002191948767105871,0.007246376811594203,0.0036231884057971015,0.5807613751365459,0.440626076360984,0.07033315705975675,0.008461131676361713
ATMOS_THERM__reported__L075,ATMOS_THERM,reported,0.75,125,0.5288057327270508,0.7829747427502338,0.23835095225974606,0.5446237904904878,0.5493362633920822,0.3952840537897252,0.05211068500023114,0.555860228976623,-0.006523965584540825,0.04062959759616235,0.029319598268517155,0.3728644783895839,0.02241957540014128,-0.002191948767105871,0.007246376811594203,0.0036231884057971015,0.513563754245267,0.38722942804720467,0.06874669487043893,0.010576414595452142
ATMOS_THERM__reported__L075,ATMOS_THERM,reported,0.75,150,0.5288057327270508,0.7829747427502338,0.22763981535986313,0.5553349273903707,0.5596072909142259,0.4147224362544979,0.0726124316027203,0.5720432793893331,-0.012435988475107185,0.04062959759616235,0.047678191917289,0.3965164508018963,0.018205985452601603,-0.002191948767105871,0.007246376811594203,0.0036231884057971015,0.5234854882481993,0.4054950580391048,0.06874669487043893,0.015335801163405606
ATMOS_THERM__reported__L075,ATMOS_THERM,reported,0.75,200,0.5288057327270508,0.6997193638914874,0.17199742582764976,0.5277219380638376,0.5419415306227205,0.43101478625394873,0.0862582482549289,0.5421954319724499,-0.0002539013497293574,0.04062959759616235,0.07734342788674098,0.41672508120412116,0.014289705049827572,-0.002191948767105871,0.007246376811594203,0.0036231884057971015,0.4745226385729462,0.39592314833867076,0.04283447911158118,0.026441036488630356
ATMOS_THERM__reported__L075,ATMOS_THERM,reported,0.75,250,0.5288057327270508,0.617399438727783,0.12848912973503523,0.4889103089927478,0.5354687771374289,0.44333275160720126,0.07975984663074343,0.4949667868557442,0.04050199028168472,0.04062959759616235,0.07985462952532196,0.3938918660331871,0.04944088557401416,-0.002191948767105871,0.007246376811594203,0.0036231884057971015,0.44478849729855235,0.38413972794963774,0.03966155473294553,0.030671602326811213
ATMOS_THERM__reported__L075,ATMOS_THERM,reported,0.75,300,0.5288057327270508,0.5463049579045838,0.1107410577648172,0.4355639001397666,0.487646137658457,0.3946614720323257,0.051777949748298524,0.48268677757743483,0.004959360081022157,0.04062959759616235,0.03891505112990229,0.4030230979504572,-0.008361625918131499,-0.002191948767105871,0.007246376811594203,0.0036231884057971015,0.37038720050997775,0.3084231125256474,0.035430988894764676,0.04547858276044421
ATMOS_THERM__reported__L075,ATMOS_THERM,reported,0.75,400,0.5288057327270508,0.4639850327408793,0.08300838210477202,0.3809766506361073,0.40623862362240526,0.33509425896135536,-0.004874008301015809,0.4238035911343687,-0.01756496751196346,0.04062959759616235,-0.00695483987525547,0.3574525936310444,-0.02235833466968906,-0.002191948767105871,0.007246376811594203,0.0036231884057971015,0.2708239342215267,0.22416150720702402,0.030671602326811213,0.06874669487043893
ATMOS_THERM__reported__L100,ATMOS_THERM,reported,1.0,25,0.5288057327270508,0.8372310570626754,0.5305178847278146,0.30671317233486084,0.3822721165392186,0.23118780274677656,0.026800262654082085,0.3783981928389957,0.0038739237002229365,0.040817724480726465,0.04905660407923443,0.13808489850176722,0.09310290424500933,-0.002003821882541758,0.007246376811594203,0.0036231884057971015,0.41259706124843554,0.2937138386068964,0.2464304600740349,0.0015864621893178213
ATMOS_THERM__reported__L100,ATMOS_THERM,reported,1.0,50,0.5288057327270508,0.8185219831618334,0.36242677658157124,0.4560952065802622,0.5517096450290773,0.34193917842068755,0.17920552799129208,0.4383543494562461,0.1133552955728312,0.040817724480726465,0.14295624883155905,0.1931941498024025,0.14874502861828506,-0.002003821882541758,0.007246376811594203,0.0036231884057971015,0.5914748167565673,0.4237644151972031,0.13590692755156003,0.0037017451084082496
ATMOS_THERM__reported__L100,ATMOS_THERM,reported,1.0,75,0.5288057327270508,0.8147801683816651,0.30315354303283687,0.5116266253488282,0.5890279780903132,0.4002677535650787,0.13780296141669218,0.45564985997327934,0.13337811811703382,0.040817724480726465,0.09511731334937973,0.22617888021161103,0.17408887335346768,-0.002003821882541758,0.007246376811594203,0.0036231884057971015,0.5970875852661582,0.44776189438556124,0.07033315705975675,0.004230565838180857
ATMOS_THERM__reported__L100,ATMOS_THERM,reported,1.0,100,0.5288057327270508,0.8091674462114126,0.2652578117058639,0.5439096345055487,0.6060774035523459,0.44189864768840664,0.10966945432464192,0.5081097020656945,0.09796770148665135,0.040817724480726465,0.07867126629210652,0.3029578290929555,0.13894081859545115,-0.002003821882541758,0.007246376811594203,0.0036231884057971015,0.6058864756514514,0.46925625079020833,0.07033315705975675,0.006874669487043892
ATMOS_THERM__reported__L100,ATMOS_THERM,reported,1.0,125,0.5288057327270508,0.7829747427502338,0.24577321631394117,0.5372015264362926,0.5421138812647238,0.38659433337061017,0.044888302872872765,0.5438740587792048,-0.0017601775144809872,0.040817724480726465,0.020629877849402123,0.3525713320018364,0.034023001368773786,-0.002003821882541758,0.007246376811594203,0.0036231884057971015,0.5065279436887088,0.3781441631142696,0.07033315705975675,0.010047593865679535
ATMOS_THERM__reported__L100,ATMOS_THERM,reported,1.0,150,0.5288057327270508,0.7829747427502338,0.20303707815752012,0.5799376645927137,0.5830455826700757,0.45108788198833993,0.09605072335857007,0.5582951860097414,0.024750396660334295,0.040817724480726465,0.08404363765113104,0.3924622473397753,0.05862563464856463,-0.002003821882541758,0.007246376811594203,0.0036231884057971015,0.5460379545471702,0.4436281509580095,0.04283447911158118,0.01639344262295082
ATMOS_THERM__reported__L100,ATMOS_THERM,reported,1.0,200,0.5288057327270508,0.7773620205799813,0.1710032424699248,0.6063587781100565,0.5886002146622332,0.4734214045296078,0.13291693229444157,0.5312656241115343,0.057334590550698894,0.040817724480726465,0.11975004616240004,0.4012104298006792,0.07221097472892857,-0.002003821882541758,0.007246376811594203,0.0036231884057971015,0.5404982985655933,0.45733346191253577,0.04283447911158118,0.02538339502908514
ATMOS_THERM__reported__L100,ATMOS_THERM,reported,1.0,250,0.5288057327270508,0.6978484565014031,0.1274513034230251,0.570397153078378,0.567123046391143,0.4654722776743533,0.11141411588445749,0.5221594795716555,0.04496356681948743,0.040817724480726465,0.10199415559247399,0.4152973625398076,0.050174915134545695,-0.002003821882541758,0.007246376811594203,0.0036231884057971015,0.4894874188183274,0.4162626405355325,0.03437334743521946,0.035959809624537285
ATMOS_THERM__reported__L100,ATMOS_THERM,reported,1.0,300,0.5288057327270508,0.6941066417212348,0.11041059129715547,0.5836960504240793,0.5749784350468287,0.4806652970912899,0.1391102471366702,0.4586242477666093,0.11635418728021935,0.040817724480726465,0.12491887618886649,0.3728189826918394,0.10784631439945053,-0.002003821882541758,0.007246376811594203,0.0036231884057971015,0.4945042028665331,0.4311540985493438,0.03437334743521946,0.04547858276044421
ATMOS_THERM__reported__L100,ATMOS_THERM,reported,1.0,400,0.5288057327270508,0.45743685687558466,0.08490163018309478,0.3725352266924899,0.4172927659540697,0.34309788395287427,0.006180134030648654,0.438964533345597,-0.021671767391527264,0.040817724480726465,0.0010487851162634398,0.3717768289362879,-0.028678944983413612,-0.002003821882541758,0.007246376811594203,0.0036231884057971015,0.3042604877998076,0.2538114115542194,0.030671602326811213,0.07350608143839238
ATMOS_THERM__optimistic__L010,ATMOS_THERM,optimistic,0.1,25,0.5288057327270508,0.8185219831618334,0.5345052363211246,0.2840167468407089,0.3600393669897429,0.2025359877594792,0.004567513104606402,0.33653781410078343,0.023501552888959498,0.034128104613264106,0.020404789091937076,0.17630480120393544,0.026231186555543767,-0.008693441750004118,0.007246376811594203,0.0036231884057971015,0.3825803273290735,0.2525840984216388,0.25383395029085143,0.0010576414595452142
ATMOS_THERM__optimistic__L010,ATMOS_THERM,optimistic,0.1,50,0.5288057327270508,0.8016838166510758,0.47318380191098336,0.32850001474009244,0.3814840618670157,0.2145563450578434,0.008979944829230535,0.39617312585854697,-0.014689063991531248,0.034128104613264106,0.015573415468714907,0.2329076840078802,-0.018351338950036794,-0.008693441750004118,0.007246376811594203,0.0036231884057971015,0.3950990883683571,0.25565634786124963,0.24272871496562665,0.0026441036488630354
ATMOS_THERM__optimistic__L010,ATMOS_THERM,optimistic,0.1,75,0.5288057327270508,0.7932647333956969,0.3838435159188315,0.40942121747686544,0.45830930777770557,0.3051259512886754,0.007084291104084595,0.4571706793971344,0.0011386283805711606,0.034128104613264106,-2.4488927023558205e-05,0.30009471892332296,0.005031232365352467,-0.008693441750004118,0.007246376811594203,0.0036231884057971015,0.46906286832376204,0.33569576626285386,0.08355367530407191,0.005288207297726071
ATMOS_THERM__optimistic__L010,ATMOS_THERM,optimistic,0.1,100,0.5288057327270508,0.7932647333956969,0.3300763382952601,0.4631883951004368,0.5111343548066958,0.3676445744672932,0.014726405578991852,0.5189060086342396,-0.007771653827543856,0.034128104613264106,0.004417193070993086,0.37327994112689433,-0.0056353666596011265,-0.008693441750004118,0.007246376811594203,0.0036231884057971015,0.5208421170563627,0.39138411664350214,0.08355367530407191,0.008461131676361713
ATMOS_THERM__optimistic__L010,ATMOS_THERM,optimistic,0.1,125,0.5288057327270508,0.7801683816651076,0.27618440951727674,0.5039839721478309,0.5082649729134449,0.37112579586006933,0.011039394521593804,0.5143399186307513,-0.00607494571730649,0.034128104613264106,0.005161340338861287,0.3751967394659054,-0.004070943605836097,-0.008693441750004118,0.007246376811594203,0.0036231884057971015,0.47130716047972937,0.34894701326708283,0.06980433632998413,0.010047593865679535
ATMOS_THERM__optimistic__L010,ATMOS_THERM,optimistic,0.1,150,0.5288057327270508,0.7661365762394762,0.2448578635633256,0.5212787126761506,0.47524631021382246,0.35752064668808686,-0.011748549097683136,0.5096414009222813,-0.03439509070845881,0.034128104613264106,-0.009523597649122029,0.3627405822567549,-0.0052199355686680105,-0.008693441750004118,0.007246376811594203,0.0036231884057971015,0.3993085937542333,0.30371220378140124,0.059227921734531994,0.015335801163405606
ATMOS_THERM__optimistic__L010,ATMOS_THERM,optimistic,0.1,200,0.5288057327270508,0.5958840037418148,0.16876266979372712,0.4271213339480877,0.466693046897845,0.36521798949536827,0.011009764530053368,0.4510055247369096,0.01568752216093544,0.034128104613264106,0.011546631128160512,0.34201931967265153,0.023198669822716733,-0.008693441750004118,0.007246376811594203,0.0036231884057971015,0.35293286496161547,0.2785398229382787,0.0449497620306716,0.021152829190904283
ATMOS_THERM__optimistic__L010,ATMOS_THERM,optimistic,0.1,250,0.5288057327270508,0.42282507015902715,0.13416731656301684,0.2886577535960103,0.4550711153374012,0.3678850855395806,-0.0006378151692842948,0.4474091808841665,0.007661934453234709,0.034128104613264106,0.004406963457701307,0.35563703281196424,0.012248052727616365,-0.008693441750004118,0.007246376811594203,0.0036231884057971015,0.32078820830051236,0.2661221018918336,0.04019037546271814,0.03225806451612903
ATMOS_THERM__optimistic__L010,ATMOS_THERM,optimistic,0.1,300,0.5288057327270508,0.3470533208606174,0.12044202050454872,0.2266113003560687,0.42970724114183495,0.3504606437127966,-0.006160946768323516,0.436701016810275,-0.006993775668440061,0.034128104613264106,-0.005285777189626806,0.3557085929644257,-0.0052479492516290804,-0.008693441750004118,0.007246376811594203,0.0036231884057971015,0.27644587635095075,0.22882537578318832,0.04019037546271814,0.04336329984135378
ATMOS_THERM__optimistic__L010,ATMOS_THERM,optimistic,0.1,400,0.5288057327270508,0.21047708138447146,0.10359433512159417,0.10688274626287729,0.4087986778408053,0.3435547874319069,-0.0023139540826157545,0.36721526370687324,0.04158341413393207,0.034128104613264106,0.0015056885952960952,0.2951514840946607,0.04840330333724624,-0.008693441750004118,0.007246376811594203,0.0036231884057971015,0.23864232056559312,0.21051366215143075,0.04019037546271814,0.07562136435748282
ATMOS_THERM__optimistic__L025,ATMOS_THERM,optimistic,0.25,25,0.5288057327270508,0.8203928905519177,0.5450554184720686,0.27533747207984904,0.34912506876678107,0.19544598847015524,-0.006346785118355458,0.34106124008860617,0.0080638286781749,0.03532108242736841,0.013314789802613108,0.18013524538247452,0.015310743087680712,-0.007500463935899815,0.007246376811594203,0.0036231884057971015,0.3703890517887487,0.24417482880388044,0.2522474881015336,0.0015864621893178213
ATMOS_THERM__optimistic__L025,ATMOS_THERM,optimistic,0.25,50,0.5288057327270508,0.80355472404116,0.4799172684669709,0.3236374555741891,0.41406189648026603,0.24839703674894523,0.04155777944248085,0.39881375163567473,0.015248144844591305,0.03532108242736841,0.04941410715981673,0.23302270237408204,0.015374334374863186,-0.007500463935899815,0.007246376811594203,0.0036231884057971015,0.4441181866114549,0.30545036278662946,0.24114225277630882,0.0026441036488630354
ATMOS_THERM__optimistic__L025,ATMOS_THERM,optimistic,0.25,75,0.5288057327270508,0.7951356407857811,0.37599393811236753,0.4191417026734136,0.5049790577379324,0.3559943398234407,0.05375404106431142,0.5032501244211884,0.0017289333167439525,0.03532108242736841,0.050843899607741716,0.316551989128076,0.039442350695364725,-0.007500463935899815,0.007246376811594203,0.0036231884057971015,0.5317873039107658,0.4030597143793711,0.08355367530407191,0.004759386567953464
ATMOS_THERM__optimistic__L025,ATMOS_THERM,optimistic,0.25,100,0.5288057327270508,0.7857811038353602,0.3051465227701869,0.48063458106517326,0.5247490796306156,0.3754117928698514,0.02834113040291164,0.5480691378340267,-0.023320058203411098,0.03532108242736841,0.01218441147355126,0.3681285656628289,0.007283227207022458,-0.007500463935899815,0.007246376811594203,0.0036231884057971015,0.5071537481833231,0.3760490765042996,0.07086197778952935,0.007403490216816499
ATMOS_THERM__optimistic__L025,ATMOS_THERM,optimistic,0.25,125,0.5288057327270508,0.7839101964452759,0.27703392384843095,0.506876272596845,0.512692502352323,0.375401264139946,0.015466923960471946,0.5555872921357254,-0.04289478978340244,0.03532108242736841,0.009436808618737969,0.3957695484318247,-0.020368284291878702,-0.007500463935899815,0.007246376811594203,0.0036231884057971015,0.47794820932530574,0.35529384611602133,0.06927551560021153,0.010576414595452142
ATMOS_THERM__optimistic__L025,ATMOS_THERM,optimistic,0.25,150,0.5288057327270508,0.7652011225444341,0.24424374196520174,0.5209573805792324,0.47452094124358235,0.36015087274585733,-0.01247391806792325,0.5397899985260752,-0.06526905728249288,0.03532108242736841,-0.00689337159135156,0.3845288229596849,-0.02437795021382755,-0.007500463935899815,0.007246376811594203,0.0036231884057971015,0.3980141539083934,0.3071565416286712,0.05764145954521417,0.01639344262295082
ATMOS_THERM__optimistic__L025,ATMOS_THERM,optimistic,0.25,200,0.5288057327270508,0.587464920486436,0.16554901793283144,0.4219159025536045,0.4669548373285371,0.3694149713268831,0.011271554960745445,0.49075697061767004,-0.023802133289132943,0.03532108242736841,0.015743612959675357,0.3726507366368551,-0.003235765309971994,-0.007500463935899815,0.007246376811594203,0.0036231884057971015,0.35159681439975254,0.28229524250280785,0.04336329984135378,0.0222104706504495
ATMOS_THERM__optimistic__L025,ATMOS_THERM,optimistic,0.25,250,0.5288057327270508,0.5285313376987839,0.13180026037104817,0.3967310773277357,0.46712913756200114,0.37951366768531736,0.011420207055315656,0.46830960016992373,-0.0011804626079225944,0.03532108242736841,0.01603554560343806,0.37125280775144925,0.008260859933868103,-0.007500463935899815,0.007246376811594203,0.0036231884057971015,0.33636068507277167,0.281333722783682,0.04019037546271814,0.03225806451612903
ATMOS_THERM__optimistic__L025,ATMOS_THERM,optimistic,0.25,300,0.5288057327270508,0.2507015902712816,0.11542557485681507,0.13527601541446652,0.4207780478844225,0.34382170145147145,-0.015090140025735943,0.470568768835291,-0.04979072095086845,0.03532108242736841,-0.01192471945095197,0.38643557905169357,-0.042613877600222116,-0.007500463935899815,0.007246376811594203,0.0036231884057971015,0.2612203121046249,0.2164557229444207,0.04019037546271814,0.041248016922263354
ATMOS_THERM__optimistic__L025,ATMOS_THERM,optimistic,0.25,400,0.5288057327270508,0.23292797006548177,0.09763139029504282,0.13529657977043896,0.424653941193298,0.3590618073058175,0.013541309269876955,0.37826524217302004,0.04638869902027798,0.03532108242736841,0.01701270846920666,0.30483733988950973,0.054224467416307764,-0.007500463935899815,0.007246376811594203,0.0036231884057971015,0.25860918243772835,0.23064431575051167,0.03437334743521946,0.07297726070861978
ATMOS_THERM__optimistic__L050,ATMOS_THERM,optimistic,0.5,25,0.5288057327270508,0.8203928905519177,0.5425968923120195,0.2777959982398982,0.35188742801193146,0.19540111553441597,-0.003584425873205066,0.3063182435181182,0.04556918449381325,0.036671696083350566,0.013269916866873843,0.13580108348525863,0.05960003204915734,-0.006149850279917657,0.007246376811594203,0.0036231884057971015,0.37348020160784334,0.24527523018693773,0.254362771020624,0.0010576414595452142
ATMOS_THERM__optimistic__L050,ATMOS_THERM,optimistic,0.5,50,0.5288057327270508,0.8026192703461179,0.4683516900265194,0.3342675803195985,0.42485551689225687,0.2613216727326618,0.05235139985447168,0.42351875376741094,0.00133676312484593,0.036671696083350566,0.062338743143533326,0.2013976314308119,0.05992404130184992,-0.006149850279917657,0.007246376811594203,0.0036231884057971015,0.4548657278742841,0.3142705127545548,0.24431517715494447,0.0026441036488630354
ATMOS_THERM__optimistic__L050,ATMOS_THERM,optimistic,0.5,75,0.5288057327270508,0.7913938260056127,0.3686697712691621,0.4227240547364506,0.4885559949003785,0.34033946905369783,0.037330978226757516,0.4627505564593728,0.02580543844100569,0.036671696083350566,0.03518902883799885,0.23785175167974007,0.10248771737395776,-0.006149850279917657,0.007246376811594203,0.0036231884057971015,0.4831420355891918,0.35788916141879074,0.08355367530407191,0.004230565838180857
ATMOS_THERM__optimistic__L050,ATMOS_THERM,optimistic,0.5,100,0.5288057327270508,0.7857811038353602,0.3016175453389224,0.4841635584964378,0.528213226571937,0.37802587837735346,0.03180527734423311,0.5214362268418059,0.006776999730131128,0.036671696083350566,0.014798496981053344,0.33069398435404196,0.047331894023311505,-0.006149850279917657,0.007246376811594203,0.0036231884057971015,0.510543302219069,0.37995155488622395,0.07086197778952935,0.007403490216816499
ATMOS_THERM__optimistic__L050,ATMOS_THERM,optimistic,0.5,125,0.5288057327270508,0.7801683816651076,0.2818662783499141,0.4983021033151935,0.5028364871712373,0.3652319323019549,0.005610908779386248,0.5624710898750349,-0.05963460270379761,0.036671696083350566,-0.0007325232192531561,0.3871791096021482,-0.0219471773001933,-0.006149850279917657,0.007246376811594203,0.0036231884057971015,0.4660749088371496,0.3432896167580904,0.06927551560021153,0.01269169751454257
ATMOS_THERM__optimistic__L050,ATMOS_THERM,optimistic,0.5,150,0.5288057327270508,0.6716557530402245,0.24979126934530274,0.4218644836949218,0.419932028999591,0.3052131243514799,-0.06706283031191462,0.5743183702323399,-0.1543863412327489,0.036671696083350566,-0.06183111998572899,0.4143965861601747,-0.10918346180869481,-0.006149850279917657,0.007246376811594203,0.0036231884057971015,0.3195876764169699,0.2299748655333447,0.06240084611316764,0.015864621893178214
ATMOS_THERM__optimistic__L050,ATMOS_THERM,optimistic,0.5,200,0.5288057327270508,0.5341440598690365,0.1716583829832898,0.3624856768857466,0.45056235556546614,0.35280367246169714,-0.0051209268023255095,0.52484020972591,-0.0742778541604438,0.036671696083350566,-0.0008676859055106179,0.3931133642200594,-0.04030969175836224,-0.006149850279917657,0.007246376811594203,0.0036231884057971015,0.3288761414798674,0.25929871304158886,0.04336329984135378,0.0222104706504495
ATMOS_THERM__optimistic__L050,ATMOS_THERM,optimistic,0.5,250,0.5288057327270508,0.5285313376987839,0.12943482066892845,0.3990965170298555,0.4693818025524205,0.3799672097067685,0.01367287204573503,0.4996396980638161,-0.03025789551139557,0.036671696083350566,0.01648908762488921,0.3977036456489505,-0.017736435942181994,-0.006149850279917657,0.007246376811594203,0.0036231884057971015,0.3385277508263322,0.2818358025089186,0.04019037546271814,0.03172924378635643
ATMOS_THERM__optimistic__L050,ATMOS_THERM,optimistic,0.5,300,0.5288057327270508,0.5051449953227315,0.11746135633619749,0.387683638986534,0.46782527449530975,0.3865993858825139,0.031957086585151284,0.4816318823929386,-0.013806607897628831,0.036671696083350566,0.03085296498009049,0.39707921969816723,-0.010479833815653317,-0.006149850279917657,0.007246376811594203,0.0036231884057971015,0.33040766899030566,0.28039061266219173,0.04019037546271814,0.044420941300899
ATMOS_THERM__optimistic__L050,ATMOS_THERM,optimistic,0.5,400,0.5288057327270508,0.2226379794200187,0.08830837338368878,0.13432960603632993,0.404280483634873,0.3358794568165919,-0.006832148288548057,0.39840224980115974,0.005878233833713276,0.036671696083350566,-0.006169642020018906,0.3312481143512457,0.004631342465346244,-0.006149850279917657,0.007246376811594203,0.0036231884057971015,0.21686542147192725,0.18657847855465273,0.03172924378635643,0.06927551560021153
ATMOS_THERM__optimistic__L075,ATMOS_THERM,optimistic,0.75,25,0.5288057327270508,0.8391019644527596,0.5360149141196084,0.3030870503331512,0.3780576748776623,0.22250975856060468,0.022585820992525762,0.30960209164118396,0.06845558323647832,0.037274032199362254,0.04037855989306255,0.15666362511112245,0.06584613344948223,-0.005547514163905969,0.007246376811594203,0.0036231884057971015,0.4083888751360463,0.28215827300260926,0.24378635642517188,0.0010576414595452142
ATMOS_THERM__optimistic__L075,ATMOS_THERM,optimistic,0.75,50,0.5288057327270508,0.8194574368568756,0.43634222459277894,0.3831152122640966,0.48102824663966537,0.3190931512688439,0.10852412960188018,0.45731691307849043,0.02371133356117494,0.037274032199362254,0.12011022167971541,0.22481916052286646,0.09427399074597745,-0.005547514163905969,0.007246376811594203,0.0036231884057971015,0.5228863060262231,0.3907263416479834,0.1501850872554204,0.0021152829190904283
ATMOS_THERM__optimistic__L075,ATMOS_THERM,optimistic,0.75,75,0.5288057327270508,0.7951356407857811,0.37060654956835365,0.4245290912174275,0.5102515742256064,0.3567509102925652,0.05902655755198544,0.500071408008762,0.010180166216844366,0.037274032199362254,0.051600470076866245,0.28217404955770403,0.0745768607348612,-0.005547514163905969,0.007246376811594203,0.0036231884057971015,0.5369393149021958,0.4157868017144024,0.08355367530407191,0.0037017451084082496
ATMOS_THERM__optimistic__L075,ATMOS_THERM,optimistic,0.75,100,0.5288057327270508,0.7895229186155285,0.30603872292284795,0.48348419569268053,0.5474534493849601,0.40015419850717604,0.051045500157256174,0.5244365593053806,0.02301689007957952,0.037274032199362254,0.03692681711087592,0.32048197652520444,0.0796722219819716,-0.005547514163905969,0.007246376811594203,0.0036231884057971015,0.5619280760036605,0.43427896874781813,0.06874669487043893,0.006874669487043892
ATMOS_THERM__optimistic__L075,ATMOS_THERM,optimistic,0.75,125,0.5288057327270508,0.7876520112254444,0.2809167005931734,0.506735310632271,0.5325113302033029,0.395136969035496,0.035285751811451826,0.555860228976623,-0.023348898773320137,0.037274032199362254,0.029172513514287957,0.3728644783895839,0.02227249064591208,-0.005547514163905969,0.007246376811594203,0.0036231884057971015,0.5299273474574387,0.40582564345721167,0.0671602326811211,0.01269169751454257
ATMOS_THERM__optimistic__L075,ATMOS_THERM,optimistic,0.75,150,0.5288057327270508,0.7408793264733395,0.23425868925041646,0.506620637222923,0.5426176889853016,0.436444084876198,0.055622829673796004,0.5720432793893331,-0.029425590404031476,0.037274032199362254,0.06939984053898912,0.3965164508018963,0.03992763407430172,-0.005547514163905969,0.007246376811594203,0.0036231884057971015,0.5243454993575235,0.44539527122231654,0.05658381808566896,0.016922263352723427
ATMOS_THERM__optimistic__L075,ATMOS_THERM,optimistic,0.75,200,0.5288057327270508,0.5809167446211413,0.15570502235066547,0.4252117222704758,0.5035637788613918,0.4116089486547234,0.047880496493600155,0.5421954319724499,-0.038631653111058095,0.037274032199362254,0.05793759028751566,0.41672508120412116,-0.005116132549397745,-0.005547514163905969,0.007246376811594203,0.0036231884057971015,0.42088540476727254,0.3598122497395197,0.04283447911158118,0.022739291380222106
ATMOS_THERM__optimistic__L075,ATMOS_THERM,optimistic,0.75,250,0.5288057327270508,0.5257249766136576,0.1369616641546148,0.3887633124590428,0.46585987307345683,0.3798964826476072,0.010150942566771348,0.4949667868557442,-0.029106913782287358,0.037274032199362254,0.01641836056572793,0.3938918660331871,-0.013995383385579874,-0.005547514163905969,0.007246376811594203,0.0036231884057971015,0.33665632328341116,0.2815199473978552,0.03966155473294553,0.03172924378635643
ATMOS_THERM__optimistic__L075,ATMOS_THERM,optimistic,0.75,300,0.5288057327270508,0.49672591206735267,0.10520419197050865,0.39152172009684405,0.46800201930387214,0.3831489191987548,0.032133831393713674,0.48268677757743483,-0.014684758273562692,0.037274032199362254,0.0274024982963314,0.4030230979504572,-0.019874178751702387,-0.005547514163905969,0.007246376811594203,0.0036231884057971015,0.32527060633668353,0.2745663806225193,0.03120042305658382,0.04336329984135378
ATMOS_THERM__optimistic__L075,ATMOS_THERM,optimistic,0.75,400,0.5288057327270508,0.39569691300280635,0.088213723465807,0.3074831895369994,0.44921109013811733,0.37477531968008515,0.03809845821469626,0.4238035911343687,0.025407499003748613,0.037274032199362254,0.03272622084347432,0.3574525936310444,0.017322726049040726,-0.005547514163905969,0.007246376811594203,0.0036231884057971015,0.257912068659517,0.22184978408032455,0.03120042305658382,0.07191961924907457
ATMOS_THERM__optimistic__L100,ATMOS_THERM,optimistic,1.0,25,0.5288057327270508,0.8391019644527596,0.5378575899602885,0.3012443744924711,0.3766045619360508,0.21872669410026352,0.021132708050914273,0.3783981928389957,-0.001793630902944876,0.037767432640614614,0.03659549543272139,0.13808489850176722,0.0806417955984963,-0.0050541137226536095,0.007246376811594203,0.0036231884057971015,0.40717942625013953,0.27925353079455406,0.24219989423585406,0.0010576414595452142
ATMOS_THERM__optimistic__L100,ATMOS_THERM,optimistic,1.0,50,0.5288057327270508,0.8203928905519177,0.4403474841184846,0.38004540643343304,0.47791088291353767,0.316254839864178,0.10540676587575248,0.4383543494562461,0.0395565334572916,0.037767432640614614,0.11727191027504952,0.1931941498024025,0.12306069006177553,-0.0050541137226536095,0.007246376811594203,0.0036231884057971015,0.5198157565714991,0.39453879284408305,0.13907985193019567,0.0026441036488630354
ATMOS_THERM__optimistic__L100,ATMOS_THERM,optimistic,1.0,75,0.5288057327270508,0.813844714686623,0.37161349356855816,0.44223122111806484,0.527068127640744,0.3759658200464424,0.07584311096712298,0.45564985997327934,0.07141826766746462,0.037767432640614614,0.07081537983074343,0.22617888021161103,0.14978693983483138,-0.0050541137226536095,0.007246376811594203,0.0036231884057971015,0.5615816099600781,0.44308066820576597,0.08355367530407191,0.0031729243786356425
ATMOS_THERM__optimistic__L100,ATMOS_THERM,optimistic,1.0,100,0.5288057327270508,0.7895229186155285,0.3061386343080562,0.48338428430747227,0.5473403522269854,0.40135657108694,0.05093240299928148,0.5081097020656945,0.0392306501612909,0.037767432640614614,0.038129189690639886,0.3029578290929555,0.09839874199398452,-0.0050541137226536095,0.007246376811594203,0.0036231884057971015,0.5618028911621811,0.435858220193349,0.06874669487043893,0.007932310946589107
ATMOS_THERM__optimistic__L100,ATMOS_THERM,optimistic,1.0,125,0.5288057327270508,0.7876520112254444,0.26794025752746137,0.519711753697983,0.5449200844472277,0.41538060321719567,0.04769450605537667,0.5438740587792048,0.0010460256680229207,0.037767432640614614,0.04941614769598762,0.3525713320018364,0.06280927121535929,-0.0050541137226536095,0.007246376811594203,0.0036231884057971015,0.5418932077944336,0.43637557034921565,0.0671602326811211,0.01110523532522475
ATMOS_THERM__optimistic__L100,ATMOS_THERM,optimistic,1.0,150,0.5288057327270508,0.7829747427502338,0.2345460263855344,0.5484287163646995,0.5520359491874502,0.44121717951136,0.06504108987594465,0.5582951860097414,-0.0062592368222911254,0.037767432640614614,0.07417293517415113,0.3924622473397753,0.04875493217158472,-0.0050541137226536095,0.007246376811594203,0.0036231884057971015,0.5375337387095666,0.4549205461744876,0.05446853516657853,0.01639344262295082
ATMOS_THERM__optimistic__L100,ATMOS_THERM,optimistic,1.0,200,0.5288057327270508,0.5809167446211413,0.15968436012632184,0.4212323844948195,0.5159088307786476,0.42158072159187265,0.06022554841085592,0.5312656241115343,-0.015356793332886753,0.037767432640614614,0.0679093632246649,0.4012104298006792,0.02037029179119343,-0.0050541137226536095,0.007246376811594203,0.0036231884057971015,0.4508261944828282,0.3873934136489478,0.04283447911158118,0.023268112109994712
ATMOS_THERM__optimistic__L100,ATMOS_THERM,optimistic,1.0,250,0.5288057327270508,0.5762394761459307,0.14037052328643249,0.4358689528594982,0.5095087073356517,0.4201987709416029,0.053799776828966195,0.5221594795716555,-0.01265077223600386,0.037767432640614614,0.05672064885972361,0.4152973625398076,0.004901408401795315,-0.0050541137226536095,0.007246376811594203,0.0036231884057971015,0.41117957997616733,0.354562636613784,0.03966155473294553,0.03278688524590164
ATMOS_THERM__optimistic__L100,ATMOS_THERM,optimistic,1.0,300,0.5288057327270508,0.4855004677268475,0.11178261098397889,0.3737178567428686,0.47160128396667045,0.3830258792250425,0.03573309605651198,0.4586242477666093,0.012977036200061132,0.037767432640614614,0.027279458322619077,0.3728189826918394,0.010206896533203114,-0.0050541137226536095,0.007246376811594203,0.0036231884057971015,0.3228094452272003,0.26616127519217897,0.03120042305658382,0.044420941300899
ATMOS_THERM__optimistic__L100,ATMOS_THERM,optimistic,1.0,400,0.5288057327270508,0.4293732460243218,0.088213723465807,0.3411595225585148,0.44170028309170656,0.36767125310191684,0.03058765116828549,0.438964533345597,0.0027357497461095726,0.037767432640614614,0.025622154265306007,0.3717768289362879,-0.004105575834371045,-0.0050541137226536095,0.007246376811594203,0.0036231884057971015,0.2669129961255397,0.22538667040815782,0.03120042305658382,0.07562136435748282
ATMOS_THERM__pessimistic__L010,ATMOS_THERM,pessimistic,0.1,25,0.5288057327270508,0.8157156220767072,0.5395339935000618,0.2761816285766454,0.29913416364659073,0.1295504835891024,-0.05633769023854579,0.33653781410078343,-0.037403650454192694,0.46809698635650027,-0.05258071507843973,0.17630480120393544,-0.046754317614833035,0.42527543999323203,0.6086956521739131,0.22860179484893445,0.29600399005291345,0.15687686956516056,0.2554204124801692,0.0010576414595452142
ATMOS_THERM__pessimistic__L010,ATMOS_THERM,pessimistic,0.1,50,0.5288057327270508,0.8082319925163705,0.46706870588652055,0.3411632866298499,0.37339674101222425,0.20432280127948338,0.0008926239744390663,0.39617312585854697,-0.022776384846322717,0.46809698635650027,0.00533987169035488,0.2329076840078802,-0.02858488272839682,0.42527543999323203,0.6086956521739131,0.22860179484893445,0.37520079152147434,0.22591783552300196,0.24431517715494447,0.0026441036488630354
ATMOS_THERM__pessimistic__L010,ATMOS_THERM,pessimistic,0.1,75,0.5288057327270508,0.794200187090739,0.37144185926286033,0.4227583278278787,0.4543136706739419,0.29564264817993474,0.003088654000320934,0.4571706793971344,-0.0028570087231925,0.46809698635650027,-0.00950779203576424,0.30009471892332296,-0.0044520707433882145,0.42527543999323203,0.6086956521739131,0.22860179484893445,0.4549364204910888,0.31710610133634437,0.08355367530407191,0.004759386567953464
ATMOS_THERM__pessimistic__L010,ATMOS_THERM,pessimistic,0.1,100,0.5288057327270508,0.7885874649204865,0.322709320978245,0.4658781439422415,0.4784666269637093,0.31935723389746085,-0.01794132226399464,0.5189060086342396,-0.04043938167053035,0.46809698635650027,-0.043870147498839274,0.37327994112689433,-0.053922707229433486,0.42527543999323203,0.6086956521739131,0.22860179484893445,0.4469520857001698,0.3073341448294999,0.08249603384452671,0.007403490216816499
ATMOS_THERM__pessimistic__L010,ATMOS_THERM,pessimistic,0.1,125,0.5288057327270508,0.7773620205799813,0.271845940058984,0.5055160805209973,0.46848666844569953,0.32864899692511124,-0.028738909946151525,0.5143399186307513,-0.04585325018505182,0.46809698635650027,-0.03731545859609681,0.3751967394659054,-0.04654774254079419,0.42527543999323203,0.6086956521739131,0.22860179484893445,0.399193879346703,0.2756950490186269,0.06980433632998413,0.010576414595452142
ATMOS_THERM__pessimistic__L010,ATMOS_THERM,pessimistic,0.1,150,0.5288057327270508,0.7689429373246024,0.23022627899635661,0.5387166583282458,0.4976549422415758,0.3717168834867379,0.010660082930070203,0.5096414009222813,-0.01198645868070547,0.46809698635650027,0.004672639149529034,0.3627405822567549,0.008976301229983052,0.42527543999323203,0.6086956521739131,0.22860179484893445,0.42297015419452033,0.3165225608809274,0.06768905341089371,0.012162876784769964
ATMOS_THERM__pessimistic__L010,ATMOS_THERM,pessimistic,0.1,200,0.5288057327270508,0.6379794200187091,0.16275603711039488,0.47522338290831423,0.47880651746081637,0.3668688760654174,0.02312323509302472,0.4510055247369096,0.027800992723906792,0.46809698635650027,0.013197517698209649,0.34201931967265153,0.02484955639276587,0.42527543999323203,0.6086956521739131,0.22860179484893445,0.3641816832502223,0.27831004821248995,0.046536224219989424,0.022739291380222106
ATMOS_THERM__pessimistic__L010,ATMOS_THERM,pessimistic,0.1,250,0.5288057327270508,0.4499532273152479,0.1302390952502361,0.31971413206501176,0.4593563402527903,0.3664485069546528,0.003647409746104835,0.4474091808841665,0.011947159368623839,0.46809698635650027,0.0029703848727735127,0.35563703281196424,0.01081147414268857,0.42527543999323203,0.6086956521739131,0.22860179484893445,0.3231254288073159,0.2593194925737378,0.041248016922263354,0.033844526705446853
ATMOS_THERM__pessimistic__L010,ATMOS_THERM,pessimistic,0.1,300,0.5288057327270508,0.3292797006548176,0.11542557485681507,0.21385412579800253,0.440929361998585,0.3622675551597404,0.0050611740884265455,0.436701016810275,0.004228345188310001,0.46809698635650027,0.006521134257316985,0.3557085929644257,0.00655896219531471,0.42527543999323203,0.6086956521739131,0.22860179484893445,0.2886661296687945,0.2458214174952201,0.04019037546271814,0.04283447911158118
ATMOS_THERM__pessimistic__L010,ATMOS_THERM,pessimistic,0.1,400,0.5288057327270508,0.2600561272217025,0.10198528651760412,0.15807084070409838,0.3580237796831015,0.2866344575896199,-0.05308885224031956,0.36721526370687324,-0.009191484023771734,0.46809698635650027,-0.055414641246990914,0.2951514840946607,-0.00851702650504077,0.42527543999323203,0.6086956521739131,0.22860179484893445,0.16479652074952042,0.13060002221084527,0.04019037546271814,0.07773664727657324
ATMOS_THERM__pessimistic__L025,ATMOS_THERM,pessimistic,0.25,25,0.5288057327270508,0.8250701590271281,0.5270218434587848,0.2980483155683433,0.36977154029819104,0.19042802419298135,0.014299686413054513,0.34106124008860617,0.02871030020958487,0.5294321704135551,0.008296825525439228,0.18013524538247452,0.01029277881050683,0.4866106240502868,0.6521739130434783,0.32798842398384737,0.3902461380967128,0.23939955978676997,0.25753569539925963,0.0005288207297726071
ATMOS_THERM__pessimistic__L025,ATMOS_THERM,pessimistic,0.25,50,0.5288057327270508,0.8194574368568756,0.46686451599932743,0.3525929208575481,0.41386111477562754,0.23600663410599007,0.04135699773784235,0.39881375163567473,0.015047363139952807,0.5294321704135551,0.03702370451686157,0.23302270237408204,0.0029839317319080294,0.4866106240502868,0.6521739130434783,0.32798842398384737,0.42904207356281887,0.27196603699056093,0.24325753569539926,0.0026441036488630354
ATMOS_THERM__pessimistic__L025,ATMOS_THERM,pessimistic,0.25,75,0.5288057327270508,0.8026192703461179,0.37919440556553435,0.42342486478058355,0.5039603980561904,0.33864584363833156,0.052735381382569446,0.5032501244211884,0.0007102736350019789,0.5294321704135551,0.033495403422632575,0.316551989128076,0.022093854510255584,0.4866106240502868,0.6521739130434783,0.32798842398384737,0.5281525297287906,0.3825282119836462,0.08355367530407191,0.004230565838180857
ATMOS_THERM__pessimistic__L025,ATMOS_THERM,pessimistic,0.25,100,0.5288057327270508,0.7932647333956969,0.3227007446015468,0.4705639887941501,0.512768078986116,0.3480040898668907,0.016360129758412056,0.5480691378340267,-0.03530105884791068,0.5294321704135551,-0.015223291529409433,0.3681285656628289,-0.020124475795938235,0.4866106240502868,0.6521739130434783,0.32798842398384737,0.482108807803683,0.3349902204013147,0.08355367530407191,0.007403490216816499
ATMOS_THERM__pessimistic__L025,ATMOS_THERM,pessimistic,0.25,125,0.5288057327270508,0.7820392890551918,0.2790895067803457,0.5029497822748461,0.47374684022469443,0.29814307127067785,-0.02347873816715662,0.5555872921357254,-0.08184045191103101,0.5294321704135551,-0.06782138425053019,0.3957695484318247,-0.09762647716114686,0.4866106240502868,0.6521739130434783,0.32798842398384737,0.4080042854956949,0.2394699307777215,0.07033315705975675,0.010576414595452142
ATMOS_THERM__pessimistic__L025,ATMOS_THERM,pessimistic,0.25,150,0.5288057327270508,0.775491113189897,0.23326277990356364,0.5422283332863334,0.49989181264073274,0.3495905286028493,0.012896953329227134,0.5397899985260752,-0.039898185885342496,0.5294321704135551,-0.01745371573435961,0.3845288229596849,-0.0349382943568356,0.4866106240502868,0.6521739130434783,0.32798842398384737,0.42569511701736235,0.29446554011039927,0.06821787414066631,0.014278159703860392
ATMOS_THERM__pessimistic__L025,ATMOS_THERM,pessimistic,0.25,200,0.5288057327270508,0.696913002806361,0.17047894101442349,0.5264340617919375,0.5278900794137994,0.40702473953077484,0.07220679704600774,0.49075697061767004,0.037133108796129355,0.5294321704135551,0.05335338116356708,0.3726507366368551,0.03437400289391973,0.4866106240502868,0.6521739130434783,0.32798842398384737,0.43789234130900834,0.3377238914087776,0.046536224219989424,0.023796932839767318
ATMOS_THERM__pessimistic__L025,ATMOS_THERM,pessimistic,0.25,250,0.5288057327270508,0.5884003741814781,0.14283157555313325,0.4455687986283448,0.46259638970733274,0.36142280309629693,0.006887459200647261,0.46830960016992373,-0.00571321046259099,0.5294321704135551,-0.002055318985582366,0.37125280775144925,-0.009830004655152325,0.4866106240502868,0.6521739130434783,0.32798842398384737,0.3331516112893608,0.25917386225434286,0.04336329984135378,0.035430988894764676
ATMOS_THERM__pessimistic__L025,ATMOS_THERM,pessimistic,0.25,300,0.5288057327270508,0.5509822263797942,0.127498288856287,0.4234839375235072,0.4660857428865979,0.37369962059254647,0.03021755497643941,0.470568768835291,-0.004483025948693098,0.5294321704135551,0.017953199690123045,0.38643557905169357,-0.012735958459147101,0.4866106240502868,0.6521739130434783,0.32798842398384737,0.33175141003592384,0.26936421255062176,0.04336329984135378,0.053410893707033315
ATMOS_THERM__pessimistic__L025,ATMOS_THERM,pessimistic,0.25,400,0.5288057327270508,0.5463049579045838,0.11372268457986769,0.4325822733247161,0.47407668972350026,0.3915485671430103,0.06296405780007919,0.37826524217302004,0.09581144755048021,0.5294321704135551,0.04949946830639945,0.30483733988950973,0.08671122725350056,0.4866106240502868,0.6521739130434783,0.32798842398384737,0.34442095941505096,0.295324212814428,0.04019037546271814,0.10999471179270227
ATMOS_THERM__pessimistic__L050,ATMOS_THERM,pessimistic,0.5,25,0.5288057327270508,0.8241347053320861,0.5246470474917202,0.2994876578403659,0.36106231177658016,0.18703551085539244,0.005590457891443634,0.3063182435181182,0.05474406825846195,0.5727960347807092,0.004904312187850313,0.13580108348525863,0.05123442737013381,0.529974488417441,0.7028985507246377,0.3717075893849349,0.3754432806162533,0.22856502451431673,0.25753569539925963,0.0005288207297726071
ATMOS_THERM__pessimistic__L050,ATMOS_THERM,pessimistic,0.5,50,0.5288057327270508,0.8166510757717493,0.4293864579626039,0.38726461780914545,0.4455028376111173,0.2669105441551298,0.07299872057333212,0.42351875376741094,0.02198408384370637,0.5727960347807092,0.06792761456600133,0.2013976314308119,0.06551291272431792,0.529974488417441,0.7028985507246377,0.3717075893849349,0.458093972155484,0.30541379972789356,0.1644632469592808,0.0021152829190904283
ATMOS_THERM__pessimistic__L050,ATMOS_THERM,pessimistic,0.5,75,0.5288057327270508,0.7913938260056127,0.37035394175301894,0.42103988425259375,0.45112262637171396,0.27699461720999546,-0.00010239030190700715,0.4627505564593728,-0.011627930087658833,0.5727960347807092,-0.028155823005703517,0.23785175167974007,0.039142865530255394,0.529974488417441,0.7028985507246377,0.3717075893849349,0.4346629738162531,0.2814674678052154,0.10999471179270227,0.005817028027498678
ATMOS_THERM__pessimistic__L050,ATMOS_THERM,pessimistic,0.5,100,0.5288057327270508,0.7904583723105706,0.3075859441630747,0.48287242814749587,0.5124413271323676,0.3165425607913602,0.016033377904663637,0.5214362268418059,-0.008994899709438342,0.5727960347807092,-0.04668482060493995,0.33069398435404196,-0.014151423562681786,0.529974488417441,0.7028985507246377,0.3717075893849349,0.49503792110449446,0.31785332653392784,0.07932310946589106,0.009518773135906928
ATMOS_THERM__pessimistic__L050,ATMOS_THERM,pessimistic,0.5,125,0.5288057327270508,0.7820392890551918,0.26129583811194906,0.5207434509432427,0.5189015671163717,0.33020667898253153,0.021675988724520645,0.5624710898750349,-0.043569522758663215,0.5727960347807092,-0.03575777653867651,0.3871791096021482,-0.056972430619616654,0.529974488417441,0.7028985507246377,0.3717075893849349,0.4624970944989628,0.29432841910838026,0.06874669487043893,0.013220518244315178
ATMOS_THERM__pessimistic__L050,ATMOS_THERM,pessimistic,0.5,150,0.5288057327270508,0.774555659494855,0.24001902188939098,0.5345366376054641,0.5368154776313272,0.36660047175928606,0.0498206183198216,0.5743183702323399,-0.037502892601012694,0.5727960347807092,-0.00044377257792282965,0.4143965861601747,-0.047796114400888656,0.529974488417441,0.7028985507246377,0.3717075893849349,0.4821870429679498,0.3406214776787442,0.06504494976203067,0.02009518773135907
ATMOS_THERM__pessimistic__L050,ATMOS_THERM,pessimistic,0.5,200,0.5288057327270508,0.7680074836295603,0.22157568626884835,0.5464317973607119,0.5137627540831531,0.359202940714755,0.05807947171536143,0.52484020972591,-0.011077455642756862,0.5727960347807092,0.005531582347547248,0.3931133642200594,-0.03391042350530438,0.529974488417441,0.7028985507246377,0.3717075893849349,0.44375418861992605,0.30904739220111016,0.06504494976203067,0.03172924378635643
ATMOS_THERM__pessimistic__L050,ATMOS_THERM,pessimistic,0.5,250,0.5288057327270508,0.7661365762394762,0.21383729100376808,0.552299285235708,0.5206116705433177,0.36880260302094037,0.06490274003663221,0.4996396980638161,0.02097197247950161,0.5727960347807092,0.0053244809390610714,0.3977036456489505,-0.028901042628010132,0.529974488417441,0.7028985507246377,0.3717075893849349,0.4509950897968025,0.3189465480816144,0.06504494976203067,0.05711263881544157
ATMOS_THERM__pessimistic__L050,ATMOS_THERM,pessimistic,0.5,300,0.5288057327270508,0.7633302151543498,0.2116130179335466,0.5517171972208033,0.518191921349905,0.3671035965764025,0.08232373343974653,0.4816318823929386,0.03656003895696641,0.5727960347807092,0.011357175673979092,0.39707921969816723,-0.029975623121764716,0.529974488417441,0.7028985507246377,0.3717075893849349,0.4530371032402511,0.3209247012908532,0.06504494976203067,0.09730301427815971
ATMOS_THERM__pessimistic__L050,ATMOS_THERM,pessimistic,0.5,400,0.5288057327270508,0.7502338634237605,0.1503298239345492,0.5999040394892113,0.472389681960874,0.36121844077713844,0.06127705003745293,0.39840224980115974,0.07398743215971426,0.5727960347807092,0.019169341940527607,0.3312481143512457,0.029970326425892757,0.529974488417441,0.7028985507246377,0.3717075893849349,0.3616652511431047,0.27536083135637424,0.05288207297726071,0.12956107879428874
ATMOS_THERM__pessimistic__L075,ATMOS_THERM,pessimistic,0.75,25,0.5288057327270508,0.8465855940130963,0.5483532169422364,0.2982323770708599,0.32025070748365314,0.1370344404443014,-0.03522114640148338,0.30960209164118396,0.010648615842469178,0.6024437047629244,-0.04509675822324072,0.15666362511112245,-0.019629184666821037,0.5596221583996562,0.7536231884057971,0.3999469066402705,0.32067828291437467,0.16150037754800317,0.3490216816499207,0.0010576414595452142
ATMOS_THERM__pessimistic__L075,ATMOS_THERM,pessimistic,0.75,50,0.5288057327270508,0.8391019644527596,0.4210572060803243,0.4180447583724353,0.42655392167566725,0.24352044303573592,0.05404980463788206,0.45731691307849043,-0.03076299140282318,0.6024437047629244,0.04453751344660742,0.22481916052286646,0.018701282512869455,0.5596221583996562,0.7536231884057971,0.3999469066402705,0.4071684489725542,0.24705728110014083,0.23268112109994712,0.005288207297726071
ATMOS_THERM__pessimistic__L075,ATMOS_THERM,pessimistic,0.75,75,0.5288057327270508,0.8157156220767072,0.32087188061978955,0.4948437414569177,0.49776547198827586,0.25573250800454833,0.046540455314654894,0.500071408008762,-0.0023059360204861767,0.6024437047629244,-0.04941793221115065,0.28217404955770403,-0.0264415415531557,0.5596221583996562,0.7536231884057971,0.3999469066402705,0.4526441212773668,0.23435572361038481,0.17345319936541512,0.007932310946589107
ATMOS_THERM__pessimistic__L075,ATMOS_THERM,pessimistic,0.75,100,0.5288057327270508,0.80355472404116,0.3076047291435169,0.49594999489764313,0.5066959527526853,0.2691850995174196,0.010288003524981382,0.5244365593053806,-0.01774060655269527,0.6024437047629244,-0.09404228187888053,0.32048197652520444,-0.05129687700778485,0.5596221583996562,0.7536231884057971,0.3999469066402705,0.46531256455399106,0.24829837390938345,0.1634056054997356,0.017451084082496033
ATMOS_THERM__pessimistic__L075,ATMOS_THERM,pessimistic,0.75,125,0.5288057327270508,0.7923292797006548,0.30139289596790914,0.4909363837327457,0.4907518170652619,0.26603844113060243,-0.006473761326589167,0.555860228976623,-0.06510841191136113,0.6024437047629244,-0.09992601439060561,0.3728644783895839,-0.10682603725898149,0.5596221583996562,0.7536231884057971,0.3999469066402705,0.4435742660973157,0.24583507926909542,0.1634056054997356,0.024854574299312534
ATMOS_THERM__pessimistic__L075,ATMOS_THERM,pessimistic,0.75,150,0.5288057327270508,0.7876520112254444,0.29428805936052077,0.4933639518649236,0.496000637052862,0.2770557444366811,0.009005777741356413,0.5720432793893331,-0.07604264233647107,0.6024437047629244,-0.08998849990052782,0.3965164508018963,-0.11946070636521522,0.5596221583996562,0.7536231884057971,0.3999469066402705,0.4501331329391722,0.2623676740283863,0.1634056054997356,0.0370174510840825
ATMOS_THERM__pessimistic__L075,ATMOS_THERM,pessimistic,0.75,200,0.5288057327270508,0.7857811038353602,0.291701690089203,0.49407941374615716,0.49484199138937796,0.2750251858262859,0.0391587090215863,0.5421954319724499,-0.04735344058307195,0.6024437047629244,-0.07864617254092188,0.41672508120412116,-0.14169989537783528,0.5596221583996562,0.7536231884057971,0.3999469066402705,0.4534630199525503,0.2642738649827722,0.1634056054997356,0.074034902168165
ATMOS_THERM__pessimistic__L075,ATMOS_THERM,pessimistic,0.75,250,0.5288057327270508,0.784845650140318,0.26779505382657914,0.5170505963137388,0.5188742097969188,0.32038140775450524,0.0631652792902333,0.4949667868557442,0.023907422941174594,0.6024437047629244,-0.04309671432737405,0.3938918660331871,-0.07351045827868186,0.5596221583996562,0.7536231884057971,0.3999469066402705,0.4778493827264718,0.3118823983037464,0.1634056054997356,0.09888947646747752
ATMOS_THERM__pessimistic__L075,ATMOS_THERM,pessimistic,0.75,300,0.5288057327270508,0.7829747427502338,0.23921705510403415,0.5437576876461997,0.5437507211241454,0.36946080402166936,0.10788253321398689,0.48268677757743483,0.06106394354671052,0.6024437047629244,0.013714383119245943,0.4030230979504572,-0.033562293928787845,0.5596221583996562,0.7536231884057971,0.3999469066402705,0.5014123166920134,0.3559587252112843,0.07932310946589106,0.10893707033315705
ATMOS_THERM__pessimistic__L075,ATMOS_THERM,pessimistic,0.75,400,0.5288057327270508,0.7586529466791394,0.1826974680206666,0.5759554786584729,0.47125530567454776,0.3356082631846038,0.060142673751126696,0.4238035911343687,0.047451714540179046,0.6024437047629244,-0.0064408356520070376,0.3574525936310444,-0.02184433044644063,0.5596221583996562,0.7536231884057971,0.3999469066402705,0.37402772244952726,0.2599550069808858,0.05658381808566896,0.13960867265996826
ATMOS_THERM__pessimistic__L100,ATMOS_THERM,pessimistic,1.0,25,0.5288057327270508,0.9438727782974743,0.6422112132584572,0.3016615650390171,0.24440793922460427,0.1395300584696105,-0.11106391466053225,0.3783981928389957,-0.1339902536143914,0.6159749936026753,-0.042601140197931625,0.13808489850176722,0.0014451599678432792,0.5731534472394071,0.7681159420289855,0.40552260477889773,0.1717658314918409,0.08598513956959526,0.9196192490745637,0.012162876784769964
ATMOS_THERM__pessimistic__L100,ATMOS_THERM,pessimistic,1.0,50,0.5288057327270508,0.8980355472404116,0.6337237033856733,0.26431184385473827,0.2347495479451993,0.12783887846592226,-0.13775456909258588,0.4383543494562461,-0.20360480151104676,0.6159749936026753,-0.07114405112320624,0.1931941498024025,-0.06535527133648023,0.5731534472394071,0.7681159420289855,0.40552260477889773,0.17549001239891374,0.08794401135234059,0.9196192490745637,0.02538339502908514
ATMOS_THERM__pessimistic__L100,ATMOS_THERM,pessimistic,1.0,75,0.5288057327270508,0.833489242282507,0.6273727707430289,0.2061164715394781,0.21947305444569906,0.1120459475402239,-0.2317519622279219,0.45564985997327934,-0.23617680552758027,0.6159749936026753,-0.19310449267547508,0.22617888021161103,-0.11413293267138713,0.5731534472394071,0.7681159420289855,0.40552260477889773,0.1813731909616414,0.09364576737296572,0.9196192490745637,0.03860391327340032
ATMOS_THERM__pessimistic__L100,ATMOS_THERM,pessimistic,1.0,100,0.5288057327270508,0.8054256314312441,0.6237638483208553,0.18166178311038883,0.21366637235552843,0.1064556804497791,-0.2827415768721755,0.5081097020656945,-0.29444332971016607,0.6159749936026753,-0.256771700946521,0.3029578290929555,-0.1965021486431764,0.5731534472394071,0.7681159420289855,0.40552260477889773,0.18475564690920443,0.09761322994765671,0.9196192490745637,0.05182443151771549
ATMOS_THERM__pessimistic__L100,ATMOS_THERM,pessimistic,1.0,125,0.5288057327270508,0.7988774555659495,0.6220084379542405,0.17686901761170892,0.20957452820663425,0.10223689840944061,-0.2876510501852168,0.5438740587792048,-0.33429953057257056,0.6159749936026753,-0.26372755711176743,0.3525713320018364,-0.25033443359239577,0.5731534472394071,0.7681159420289855,0.40552260477889773,0.18639290634146496,0.09918150862377388,0.9196192490745637,0.06504494976203067
ATMOS_THERM__pessimistic__L100,ATMOS_THERM,pessimistic,1.0,150,0.5288057327270508,0.7988774555659495,0.621012295679624,0.17786515988632545,0.21053185508840896,0.10294595664819178,-0.27646300422309666,0.5582951860097414,-0.3477633309213324,0.6159749936026753,-0.2640982876890171,0.3924622473397753,-0.2895162906915835,0.5731534472394071,0.7681159420289855,0.40552260477889773,0.1873228909264333,0.09987626014357352,0.9196192490745637,0.07826546800634585
ATMOS_THERM__pessimistic__L100,ATMOS_THERM,pessimistic,1.0,200,0.5288057327270508,0.7923292797006548,0.344669322701686,0.4476599569989688,0.4688754143722318,0.2266951919824322,0.013192132004440138,0.5312656241115343,-0.06239020973930254,0.6159749936026753,-0.12697616638477555,0.4012104298006792,-0.17451523781824702,0.5731534472394071,0.7681159420289855,0.40552260477889773,0.437562729712149,0.2417759757080181,0.21047065044949761,0.09307244843997885
ATMOS_THERM__pessimistic__L100,ATMOS_THERM,pessimistic,1.0,250,0.5288057327270508,0.7885874649204865,0.28735456667020737,0.5012328982502792,0.5101894892217862,0.30363234012482965,0.05448055871510071,0.5221594795716555,-0.011969990349869342,0.6159749936026753,-0.05984578195704965,0.4152973625398076,-0.11166502241497794,0.5731534472394071,0.7681159420289855,0.40552260477889773,0.4731988185975709,0.3018760204372024,0.1935483870967742,0.1047065044949762
ATMOS_THERM__pessimistic__L100,ATMOS_THERM,pessimistic,1.0,300,0.5288057327270508,0.7885874649204865,0.244499462647191,0.5440880022732955,0.5536094263798302,0.3728043000351424,0.11774123846967177,0.4586242477666093,0.09498517861322092,0.6159749936026753,0.017057879132719,0.3728189826918394,-1.468265669696267e-05,0.5731534472394071,0.7681159420289855,0.40552260477889773,0.5167219540693715,0.37379385155647565,0.16234796404019036,0.12057112638815441
ATMOS_THERM__pessimistic__L100,ATMOS_THERM,pessimistic,1.0,400,0.5288057327270508,0.7773620205799813,0.2020190169496497,0.5753430036303315,0.46941253197100097,0.31404882179143717,0.0582999000475799,0.438964533345597,0.030447998625403982,0.6159749936026753,-0.02800027704517366,0.3717768289362879,-0.05772800714485071,0.5731534472394071,0.7681159420289855,0.40552260477889773,0.4355514502034201,0.31189465085590257,0.06927551560021153,0.1491274457958752
THERM_SUBSTR__reported__L010,THERM_SUBSTR,reported,0.1,25,0.4584362506866455,0.8241347053320861,0.5435160924501671,0.280618612881919,0.35186431902982884,0.19558806002456583,-0.0036075348553076814,0.33653781410078343,0.015326504929045415,0.03781699153226517,0.013456861357023703,0.17630480120393544,0.019283258820630395,-0.005004554831003052,0.007246376811594203,0.0036231884057971015,0.3719018756400456,0.24351939792001945,0.254362771020624,0.0010576414595452142
THERM_SUBSTR__reported__L010,THERM_SUBSTR,reported,0.1,50,0.4584362506866455,0.80355472404116,0.46248900163859025,0.34106572240256977,0.43089502709731997,0.26799976566921113,0.058390910059534784,0.39617312585854697,0.034721901238773,0.03781699153226517,0.06901683608008263,0.2329076840078802,0.03509208166133093,-0.005004554831003052,0.007246376811594203,0.0036231884057971015,0.4604653995701442,0.3182777568196658,0.24325753569539926,0.0021152829190904283
THERM_SUBSTR__reported__L010,THERM_SUBSTR,reported,0.1,75,0.4584362506866455,0.7932647333956969,0.3779758884774122,0.4152888449182847,0.4635510926166374,0.3109309141905859,0.012326075943016435,0.4571706793971344,0.0063804132195030006,0.03781699153226517,0.005780473974886902,0.30009471892332296,0.010836195267262927,-0.005004554831003052,0.007246376811594203,0.0036231884057971015,0.47390774478286635,0.33816680522022863,0.08302485457429931,0.004759386567953464
THERM_SUBSTR__reported__L010,THERM_SUBSTR,reported,0.1,100,0.4584362506866455,0.7932647333956969,0.3040448670750682,0.4892198663206287,0.5363118302923442,0.3851408765689432,0.03990388106464027,0.5189060086342396,0.01740582165810456,0.03781699153226517,0.02191349517264307,0.37327994112689433,0.011860935442048859,-0.005004554831003052,0.007246376811594203,0.0036231884057971015,0.5452859366999968,0.40702553072411723,0.07086197778952935,0.006874669487043892
THERM_SUBSTR__reported__L010,THERM_SUBSTR,reported,0.1,125,0.4584362506866455,0.7801683816651076,0.27045101458538046,0.5097173670797271,0.5137581749647498,0.3821849233203028,0.016532596572898794,0.5143399186307513,-0.0005817436660014996,0.03781699153226517,0.01622046779909475,0.3751967394659054,0.006988183854397367,-0.005004554831003052,0.007246376811594203,0.0036231884057971015,0.4766111486629943,0.36687954716627674,0.06927551560021153,0.011634056054997356
THERM_SUBSTR__reported__L010,THERM_SUBSTR,reported,0.1,150,0.4584362506866455,0.7661365762394762,0.24466216236494975,0.5214744138745264,0.47545469291139014,0.34720257653404246,-0.01154016640011546,0.5096414009222813,-0.03418670801089113,0.03781699153226517,-0.01984166780316643,0.3627405822567549,-0.015538005722712411,-0.005004554831003052,0.007246376811594203,0.0036231884057971015,0.3995224050996122,0.2959840920071388,0.06874669487043893,0.015864621893178214
THERM_SUBSTR__reported__L010,THERM_SUBSTR,reported,0.1,200,0.4584362506866455,0.5912067352666043,0.17335359493345506,0.41785314033314924,0.4607657797212473,0.3548458526408147,0.005082497353455673,0.4510055247369096,0.009760254984337746,0.03781699153226517,0.0011744942736069408,0.34201931967265153,0.012826532968163162,-0.005004554831003052,0.007246376811594203,0.0036231884057971015,0.34634842806191335,0.2665081276540268,0.04706504494976203,0.0222104706504495
THERM_SUBSTR__reported__L010,THERM_SUBSTR,reported,0.1,250,0.4584362506866455,0.4864359214218896,0.13497184086501185,0.3514640805568778,0.45633307690067276,0.3650665776869839,0.0006241463939872793,0.4474091808841665,0.008923896016506283,0.03781699153226517,0.0015884556051046217,0.35563703281196424,0.00942954487501968,-0.005004554831003052,0.007246376811594203,0.0036231884057971015,0.3219524968824756,0.2629976797563357,0.041248016922263354,0.03225806451612903
THERM_SUBSTR__reported__L010,THERM_SUBSTR,reported,0.1,300,0.4584362506866455,0.31431244153414406,0.11935354644890837,0.19495889508523567,0.43174635041488485,0.35253582349784274,-0.004121837495273617,0.436701016810275,-0.0049546663953901615,0.03781699153226517,-0.003210597404580684,0.3557085929644257,-0.0031727694665829587,-0.005004554831003052,0.007246376811594203,0.0036231884057971015,0.27889640199230536,0.2315192499215842,0.03966155473294553,0.04389212057112639
THERM_SUBSTR__reported__L010,THERM_SUBSTR,reported,0.1,400,0.4584362506866455,0.2235734331150608,0.09810463988445169,0.1254687932306091,0.4202207816833276,0.3531197606861668,0.009108149759906536,0.36721526370687324,0.053005517976454364,0.03781699153226517,0.011070661849555963,0.2951514840946607,0.05796827659150611,-0.005004554831003052,0.007246376811594203,0.0036231884057971015,0.25267278794975095,0.22300597956642518,0.033315705975674244,0.07350608143839238
THERM_SUBSTR__reported__L025,THERM_SUBSTR,reported,0.25,25,0.4584362506866455,0.8185219831618334,0.5321948241785769,0.28632715898325656,0.36219997797411013,0.20492492114397817,0.006728124088973608,0.34106124008860617,0.021138737885503966,0.03951603333721081,0.022793722476436046,0.18013524538247452,0.02478967576150365,-0.003305513026057416,0.007246376811594203,0.0036231884057971015,0.38458437173907684,0.255584448895241,0.2527763088313062,0.0005288207297726071
THERM_SUBSTR__reported__L025,THERM_SUBSTR,reported,0.25,50,0.4584362506866455,0.8007483629560337,0.4347080285977183,0.3660403343583154,0.4639840637843335,0.30529654597594746,0.0914799467465483,0.39881375163567473,0.06517031214865876,0.03951603333721081,0.10631361638681897,0.23302270237408204,0.07227384360186542,-0.003305513026057416,0.007246376811594203,0.0036231884057971015,0.49754710998725415,0.36772294046027115,0.15864621893178213,0.0021152829190904283
THERM_SUBSTR__reported__L025,THERM_SUBSTR,reported,0.25,75,0.4584362506866455,0.7913938260056127,0.362251322782803,0.4291425032228097,0.49444307206982785,0.3507458845559843,0.04321805539620688,0.5032501244211884,-0.00880705235136059,0.03951603333721081,0.04559544434028534,0.316551989128076,0.03419389542790835,-0.003305513026057416,0.007246376811594203,0.0036231884057971015,0.48867765107560096,0.3597184728299258,0.08302485457429931,0.0037017451084082496
THERM_SUBSTR__reported__L025,THERM_SUBSTR,reported,0.25,100,0.4584362506866455,0.7913938260056127,0.296819636898414,0.4945741891071987,0.5588247336447494,0.4014871334304524,0.06241678441704546,0.5480691378340267,0.010755595810722718,0.03951603333721081,0.03825975203415227,0.3681285656628289,0.03335856776762347,-0.003305513026057416,0.007246376811594203,0.0036231884057971015,0.5518216581627339,0.4082308007254667,0.07086197778952935,0.007403490216816499
THERM_SUBSTR__reported__L025,THERM_SUBSTR,reported,0.25,125,0.4584362506866455,0.7820392890551918,0.26102735051599457,0.5210119385391973,0.527375509766494,0.3693940967090084,0.030149931374643002,0.5555872921357254,-0.028211782369231386,0.03951603333721081,0.0034296411878003696,0.3957695484318247,-0.0263754517228163,-0.003305513026057416,0.007246376811594203,0.0036231884057971015,0.492703750838565,0.3479002201227979,0.06927551560021153,0.011634056054997356
THERM_SUBSTR__reported__L025,THERM_SUBSTR,reported,0.25,150,0.4584362506866455,0.7736202057998129,0.2377074140129509,0.535912791786862,0.50922055354511,0.3690648553697243,0.022225694233604376,0.5397899985260752,-0.030569444980965255,0.03951603333721081,0.0020206110325153848,0.3845288229596849,-0.015463967589960603,-0.003305513026057416,0.007246376811594203,0.0036231884057971015,0.45690600657352665,0.3387616464304785,0.06874669487043893,0.015864621893178214
THERM_SUBSTR__reported__L025,THERM_SUBSTR,reported,0.25,200,0.4584362506866455,0.45088868101029,0.15925399014876948,0.2916346908615205,0.4542440128815733,0.3532609051320678,-0.0014392694862183641,0.49075697061767004,-0.03651295773609675,0.03951603333721081,-0.00041045323513994036,0.3726507366368551,-0.01938983150478729,-0.003305513026057416,0.007246376811594203,0.0036231884057971015,0.3441773408552739,0.2735105873425216,0.03966155473294553,0.022739291380222106
THERM_SUBSTR__reported__L025,THERM_SUBSTR,reported,0.25,250,0.4584362506866455,0.37885874649204865,0.13099654431397756,0.2478622021780711,0.45024082992422576,0.35559115135742986,-0.005468100582459723,0.46830960016992373,-0.018068770245697974,0.03951603333721081,-0.007886970724449438,0.37125280775144925,-0.015661656394019396,-0.003305513026057416,0.007246376811594203,0.0036231884057971015,0.3272612228166943,0.26564696135002497,0.03966155473294553,0.03172924378635643
THERM_SUBSTR__reported__L025,THERM_SUBSTR,reported,0.25,300,0.4584362506866455,0.3592142188961646,0.10577153295356223,0.2534426859426024,0.4677962220976489,0.3849993414541415,0.031928034187490406,0.470568768835291,-0.002772546737642101,0.03951603333721081,0.029252920551718076,0.38643557905169357,-0.0014362375975520703,-0.003305513026057416,0.007246376811594203,0.0036231884057971015,0.3404806313626228,0.28948574342424666,0.03120042305658382,0.04019037546271814
THERM_SUBSTR__reported__L025,THERM_SUBSTR,reported,0.25,400,0.4584362506866455,0.304022450888681,0.0879297737121617,0.2160926771765193,0.42365092932682946,0.35465006652049336,0.012538297403408394,0.37826524217302004,0.04538568715380942,0.03951603333721081,0.012600967683882525,0.30483733988950973,0.04981272663098363,-0.003305513026057416,0.007246376811594203,0.0036231884057971015,0.27024119049293854,0.2266184161028735,0.030671602326811213,0.06821787414066631
THERM_SUBSTR__reported__L050,THERM_SUBSTR,reported,0.5,25,0.4584362506866455,0.8362956033676333,0.517892586571724,0.3184030167959093,0.4135577201636931,0.25414128431959565,0.05808586627855655,0.3063182435181182,0.10723947664557487,0.040224512125766776,0.07201008565205352,0.13580108348525863,0.11834020083433702,-0.002597034237501447,0.007246376811594203,0.0036231884057971015,0.45464101113501143,0.3239068066540662,0.24484399788471709,0.0010576414595452142
THERM_SUBSTR__reported__L050,THERM_SUBSTR,reported,0.5,50,0.4584362506866455,0.8175865294667914,0.41862680546489023,0.3989597240019012,0.49769197088368683,0.336215499617218,0.12518785384590164,0.42351875376741094,0.07417321711627589,0.040224512125766776,0.13723257002808953,0.2013976314308119,0.13481786818640612,-0.002597034237501447,0.007246376811594203,0.0036231884057971015,0.539727984941888,0.3991883585993478,0.14754098360655737,0.0021152829190904283
THERM_SUBSTR__reported__L050,THERM_SUBSTR,reported,0.5,75,0.4584362506866455,0.8091674462114126,0.3219888554806964,0.4871785907307162,0.5511706294437483,0.37203551909976035,0.09994561277012731,0.4627505564593728,0.08842007298437549,0.040224512125766776,0.06688507888406137,0.23785175167974007,0.13418376742002028,-0.002597034237501447,0.007246376811594203,0.0036231884057971015,0.5525268596386501,0.3840245060270197,0.07086197778952935,0.0021152829190904283
THERM_SUBSTR__reported__L050,THERM_SUBSTR,reported,0.5,100,0.4584362506866455,0.7885874649204865,0.28342646760371965,0.5051609973167668,0.5317269410448076,0.34909091071597836,0.03531899181710363,0.5214362268418059,0.01029071420300165,0.040224512125766776,-0.014136470680321755,0.33069398435404196,0.018396926361936405,-0.002597034237501447,0.007246376811594203,0.0036231884057971015,0.5080317503574064,0.3390645623568862,0.07086197778952935,0.006345848757271285
THERM_SUBSTR__reported__L050,THERM_SUBSTR,reported,0.5,125,0.4584362506866455,0.7829747427502338,0.24006071261855114,0.5429140301316827,0.5476836561079643,0.39429624424760984,0.05045807771611327,0.5624710898750349,-0.01478743376707059,0.040224512125766776,0.028331788726401796,0.3871791096021482,0.0071171346454616535,-0.002597034237501447,0.007246376811594203,0.0036231884057971015,0.511959991540431,0.3844451423586725,0.06768905341089371,0.008989952406134321
THERM_SUBSTR__reported__L050,THERM_SUBSTR,reported,0.5,150,0.4584362506866455,0.7829747427502338,0.2339397375159675,0.5490350052342663,0.5535790747165749,0.40502955440074145,0.06658421540506926,0.5743183702323399,-0.020739295515765033,0.040224512125766776,0.03798531006353256,0.4143965861601747,-0.009367031759433264,-0.002597034237501447,0.007246376811594203,0.0036231884057971015,0.5176699129692869,0.39460098491684753,0.06768905341089371,0.01639344262295082
THERM_SUBSTR__reported__L050,THERM_SUBSTR,reported,0.5,200,0.4584362506866455,0.7305893358278766,0.16351893907041587,0.5670703967574606,0.5507620918499782,0.43727421618435297,0.0950788094821865,0.52484020972591,0.025921882124068207,0.040224512125766776,0.08360285781714522,0.3931133642200594,0.04416085196429359,-0.002597034237501447,0.007246376811594203,0.0036231884057971015,0.4839355291437717,0.4008062466302649,0.04177683765203596,0.023796932839767318
THERM_SUBSTR__reported__L050,THERM_SUBSTR,reported,0.5,250,0.4584362506866455,0.64733395696913,0.13341254195473598,0.513921415014394,0.5245206542898226,0.4251731880997059,0.06881172378313716,0.4996396980638161,0.024880956226006556,0.040224512125766776,0.061695066017826594,0.3977036456489505,0.02746954245075539,-0.002597034237501447,0.007246376811594203,0.0036231884057971015,0.43647217644916064,0.3592951422559408,0.035430988894764676,0.030671602326811213
THERM_SUBSTR__reported__L050,THERM_SUBSTR,reported,0.5,300,0.4584362506866455,0.5472404115996258,0.10917973824223029,0.4380606733573955,0.49488852317946574,0.4084289495351754,0.05902033526930728,0.4816318823929386,0.013256640786527163,0.040224512125766776,0.05268252863275197,0.39707921969816723,0.01134972983700816,-0.002597034237501447,0.007246376811594203,0.0036231884057971015,0.38221780425977386,0.31828155812480036,0.030671602326811213,0.04019037546271814
THERM_SUBSTR__reported__L050,THERM_SUBSTR,reported,0.5,400,0.4584362506866455,0.48175865294667913,0.08627340014923078,0.39548525279744834,0.4817448431926774,0.41474658798943637,0.07063221126925634,0.39840224980115974,0.08334259339151767,0.040224512125766776,0.07269748915282553,0.3312481143512457,0.08349847363819068,-0.002597034237501447,0.007246376811594203,0.0036231884057971015,0.3294806612636836,0.2857707001025336,0.030671602326811213,0.06927551560021153
THERM_SUBSTR__reported__L075,THERM_SUBSTR,reported,0.75,25,0.4584362506866455,0.8409728718428437,0.5357993647714716,0.30517350707137214,0.3378742564874312,0.17874380581038532,-0.017597597397705333,0.30960209164118396,0.028272164846247227,0.040510009779954725,-0.003387392857156807,0.15666362511112245,0.022080180699262875,-0.0023115365833134977,0.007246376811594203,0.0036231884057971015,0.3493117768747003,0.21719453080482612,0.331041776837652,0.0010576414595452142
THERM_SUBSTR__reported__L075,THERM_SUBSTR,reported,0.75,50,0.4584362506866455,0.823199251637044,0.38818846971646886,0.43501078192057513,0.48546444207103767,0.26888713267044234,0.11296032503325248,0.45731691307849043,0.028147528992547244,0.040510009779954725,0.06990420308131384,0.22481916052286646,0.04406797214757588,-0.0023115365833134977,0.007246376811594203,0.0036231884057971015,0.5051178911270591,0.3166356704244579,0.1930195663670016,0.0031729243786356425
THERM_SUBSTR__reported__L075,THERM_SUBSTR,reported,0.75,75,0.4584362506866455,0.8072965388213283,0.32873176406243626,0.4785647747588921,0.5032235723161067,0.3161027333536261,0.05199855564248573,0.500071408008762,0.0031521643073446626,0.040510009779954725,0.010952293137927116,0.28217404955770403,0.033928683795922066,-0.0023115365833134977,0.007246376811594203,0.0036231884057971015,0.48723304356696673,0.323845605242374,0.12691697514542571,0.004759386567953464
THERM_SUBSTR__reported__L075,THERM_SUBSTR,reported,0.75,100,0.4584362506866455,0.8072965388213283,0.2739600919565021,0.5333364468648263,0.5584109152140179,0.38413082853684744,0.06200296598631394,0.5244365593053806,0.03397435590863729,0.040510009779954725,0.020903447140547315,0.32048197652520444,0.063648852011643,-0.0023115365833134977,0.007246376811594203,0.0036231884057971015,0.5421066666367257,0.3944465007771089,0.06927551560021153,0.007403490216816499
THERM_SUBSTR__reported__L075,THERM_SUBSTR,reported,0.75,125,0.4584362506866455,0.7829747427502338,0.24568851505583997,0.5372862276943938,0.5421582896149585,0.3821281807531246,0.044932711223107435,0.555860228976623,-0.013701939361664528,0.040510009779954725,0.01616372523191656,0.3728644783895839,0.009263702363540682,-0.0023115365833134977,0.007246376811594203,0.0036231884057971015,0.5065493478364388,0.3745181362905931,0.06927551560021153,0.010576414595452142
THERM_SUBSTR__reported__L075,THERM_SUBSTR,reported,0.75,150,0.4584362506866455,0.7829747427502338,0.23168026316067156,0.5512944795895622,0.5556892162687082,0.39992385498509686,0.06869435695720255,0.5720432793893331,-0.01635406312062493,0.040510009779954725,0.03287961064788797,0.3965164508018963,0.0034074041832005686,-0.0023115365833134977,0.007246376811594203,0.0036231884057971015,0.5196760389045899,0.3916565367708178,0.06768905341089371,0.014278159703860392
THERM_SUBSTR__reported__L075,THERM_SUBSTR,reported,0.75,200,0.4584362506866455,0.7773620205799813,0.1979970137969946,0.5793650067829866,0.5434932221819927,0.4057013684580913,0.08780993981420104,0.5421954319724499,0.001297790209542793,0.040510009779954725,0.05203001009088354,0.41672508120412116,-0.011023712746029868,-0.0023115365833134977,0.007246376811594203,0.0036231884057971015,0.48783411939870813,0.37131020551105554,0.0671602326811211,0.023268112109994712
THERM_SUBSTR__reported__L075,THERM_SUBSTR,reported,0.75,250,0.4584362506866455,0.6426566884939195,0.1325635215510356,0.510093166942884,0.5360392024802455,0.43713147253408596,0.08033027197356002,0.4949667868557442,0.04107241562450131,0.040510009779954725,0.07365335045220667,0.3938918660331871,0.043239606500898864,-0.0023115365833134977,0.007246376811594203,0.0036231884057971015,0.4507872675779782,0.3714779144758514,0.035430988894764676,0.033315705975674244
THERM_SUBSTR__reported__L075,THERM_SUBSTR,reported,0.75,300,0.4584362506866455,0.6333021515434986,0.11315665128311338,0.5201455002603852,0.5326802445194431,0.4452872630086874,0.0968120566092846,0.48268677757743483,0.049993466942008236,0.040510009779954725,0.08954084210626395,0.4030230979504572,0.04226416505823016,-0.0023115365833134977,0.007246376811594203,0.0036231884057971015,0.43806882116522705,0.3729725214312956,0.035430988894764676,0.04336329984135378
THERM_SUBSTR__reported__L075,THERM_SUBSTR,reported,0.75,400,0.4584362506866455,0.4883068288119738,0.08750425320415596,0.40080257560781785,0.44937535343655216,0.37952940157889475,0.03826272151313109,0.4238035911343687,0.025571762302183443,0.040510009779954725,0.03748030274228392,0.3574525936310444,0.02207680794785033,-0.0023115365833134977,0.007246376811594203,0.0036231884057971015,0.33988685385731093,0.2920095080815525,0.030671602326811213,0.06980433632998413
THERM_SUBSTR__reported__L100,THERM_SUBSTR,reported,1.0,25,0.4584362506866455,0.8400374181478016,0.5409146177771014,0.29912280037070027,0.39035211406811643,0.23736961355998676,0.034880260182979905,0.3783981928389957,0.011953921229120756,0.0407113347779879,0.05523841489244463,0.13808489850176722,0.09928471505821954,-0.002110211585280325,0.007246376811594203,0.0036231884057971015,0.42919551769333547,0.3060897651309429,0.27128503437334744,0.0015864621893178213
THERM_SUBSTR__reported__L100,THERM_SUBSTR,reported,1.0,50,0.4584362506866455,0.8288119738072965,0.38706946298884654,0.44174251081845,0.5208924717710643,0.3137641792780408,0.14838835473327916,0.4383543494562461,0.08253812231481827,0.0407113347779879,0.11478124968891229,0.1931941498024025,0.1205700294756383,-0.002110211585280325,0.007246376811594203,0.0036231884057971015,0.5309149019298619,0.3646517725023313,0.19090428344791116,0.0031729243786356425
THERM_SUBSTR__reported__L100,THERM_SUBSTR,reported,1.0,75,0.4584362506866455,0.8110383536014967,0.32172033682002255,0.48931801678147413,0.52954241476088,0.3373250030649347,0.07831739808725907,0.45564985997327934,0.0738925547876007,0.0407113347779879,0.0321745628492357,0.22617888021161103,0.11114612285332365,-0.002110211585280325,0.007246376811594203,0.0036231884057971015,0.5215072893124667,0.36189596918071315,0.1253305129561079,0.0037017451084082496
THERM_SUBSTR__reported__L100,THERM_SUBSTR,reported,1.0,100,0.4584362506866455,0.8072965388213283,0.2737027269591993,0.5335938118621291,0.5583943028382184,0.3737144257701591,0.06198635361051452,0.5081097020656945,0.050284600772523946,0.0407113347779879,0.010487044373859,0.3029578290929555,0.07075659667720363,-0.002110211585280325,0.007246376811594203,0.0036231884057971015,0.5419386759555546,0.38301157548055503,0.06874669487043893,0.005817028027498678
THERM_SUBSTR__reported__L100,THERM_SUBSTR,reported,1.0,125,0.4584362506866455,0.8007483629560337,0.2590967936342147,0.541651569321819,0.5268435895088422,0.3564930514956721,0.029618011116991194,0.5438740587792048,-0.017030469270362558,0.0407113347779879,-0.009471404025535923,0.3525713320018364,0.00392171949383574,-0.002110211585280325,0.007246376811594203,0.0036231884057971015,0.49095460384558903,0.3381269524900459,0.06874669487043893,0.008989952406134321
THERM_SUBSTR__reported__L100,THERM_SUBSTR,reported,1.0,150,0.4584362506866455,0.7820392890551918,0.22703536143058684,0.555003927624605,0.5403636464489495,0.38340695210403347,0.05336878713744392,0.5582951860097414,-0.017931539560791854,0.0407113347779879,0.01636270776682458,0.3924622473397753,-0.009055295235741834,-0.002110211585280325,0.007246376811594203,0.0036231884057971015,0.4959367039420553,0.3579854106610331,0.06874669487043893,0.013749338974087784
THERM_SUBSTR__reported__L100,THERM_SUBSTR,reported,1.0,200,0.4584362506866455,0.7811038353601497,0.19681344079851448,0.5842903945616352,0.5691503546003418,0.4290900079669314,0.11346707223255015,0.5312656241115343,0.03788473048880747,0.0407113347779879,0.07541864959972366,0.4012104298006792,0.027879578166252195,-0.002110211585280325,0.007246376811594203,0.0036231884057971015,0.5241082153244971,0.4030302136746226,0.0671602326811211,0.024854574299312534
THERM_SUBSTR__reported__L100,THERM_SUBSTR,reported,1.0,250,0.4584362506866455,0.7633302151543498,0.1488946736102626,0.6144355415440872,0.5466559354740149,0.4370210571280424,0.09094700496732944,0.5221594795716555,0.024496455902359382,0.0407113347779879,0.0735429350461631,0.4152973625398076,0.02172369458823481,-0.002110211585280325,0.007246376811594203,0.0036231884057971015,0.47498001777717086,0.38766109351674505,0.04177683765203596,0.033315705975674244
THERM_SUBSTR__reported__L100,THERM_SUBSTR,reported,1.0,300,0.4584362506866455,0.7118802619270346,0.11708623936505556,0.594794022561979,0.5533945191193762,0.46253270674631536,0.11752633120921774,0.4586242477666093,0.09477027135276689,0.0407113347779879,0.10678628584389194,0.3728189826918394,0.08971372405447597,-0.002110211585280325,0.007246376811594203,0.0036231884057971015,0.4694202571894998,0.3990761265364253,0.035430988894764676,0.04283447911158118
THERM_SUBSTR__reported__L100,THERM_SUBSTR,reported,1.0,400,0.4584362506866455,0.47708138447146864,0.08381315612745446,0.3932682283440142,0.4454741540009774,0.3749217771093872,0.03436152207755633,0.438964533345597,0.00650962065538041,0.0407113347779879,0.032872678272776346,0.3717768289362879,0.0031449481730992934,-0.002110211585280325,0.007246376811594203,0.0036231884057971015,0.34015563391890463,0.2905959397110799,0.028027498677948175,0.06927551560021153
THERM_SUBSTR__optimistic__L010,THERM_SUBSTR,optimistic,0.1,25,0.4584362506866455,0.8185219831618334,0.5351888873074243,0.28333309585440913,0.3593118985863452,0.201995423928818,0.003840044701208689,0.33653781410078343,0.022774084485561785,0.03430120904808374,0.019864225261275875,0.17630480120393544,0.025690622724882567,-0.008520337315184486,0.007246376811594203,0.0036231884057971015,0.38184574370205276,0.2519256647947989,0.2554204124801692,0.0010576414595452142
THERM_SUBSTR__optimistic__L010,THERM_SUBSTR,optimistic,0.1,50,0.4584362506866455,0.8016838166510758,0.474644485494275,0.3270393311568008,0.3797730377447715,0.21338395342945315,0.007268920706986315,0.39617312585854697,-0.01640008811377547,0.03430120904808374,0.014401023840324656,0.2329076840078802,-0.019523730578427045,-0.008520337315184486,0.007246376811594203,0.0036231884057971015,0.39326689183850805,0.2543375477251221,0.24431517715494447,0.0026441036488630354
THERM_SUBSTR__optimistic__L010,THERM_SUBSTR,optimistic,0.1,75,0.4584362506866455,0.7932647333956969,0.38355096458027965,0.40971376881541727,0.4586201348409217,0.30522324170655224,0.007395118167300707,0.4571706793971344,0.001449455443787273,0.03430120904808374,7.280149085325816e-05,0.30009471892332296,0.0051285227832292835,-0.008520337315184486,0.007246376811594203,0.0036231884057971015,0.46938084080116155,0.33575103238244,0.08355367530407191,0.005288207297726071
THERM_SUBSTR__optimistic__L010,THERM_SUBSTR,optimistic,0.1,100,0.4584362506866455,0.7932647333956969,0.3327386596698161,0.46052607372588084,0.508551187721176,0.3637388195064543,0.012143238493472097,0.5189060086342396,-0.010354820913063612,0.03430120904808374,0.0005114381101541943,0.37327994112689433,-0.009541121620440018,-0.008520337315184486,0.007246376811594203,0.0036231884057971015,0.5183297451593539,0.3862907972188168,0.08355367530407191,0.008461131676361713
THERM_SUBSTR__optimistic__L010,THERM_SUBSTR,optimistic,0.1,125,0.4584362506866455,0.7801683816651076,0.2839119580726604,0.4962564235924472,0.5008465678772172,0.3650980186782704,0.0036209894853660995,0.5143399186307513,-0.013493350753534195,0.03430120904808374,-0.0008664368429376346,0.3751967394659054,-0.010098720787635018,-0.008520337315184486,0.007246376811594203,0.0036231884057971015,0.46413721609834074,0.3425902831297078,0.06927551560021153,0.010576414595452142
THERM_SUBSTR__optimistic__L010,THERM_SUBSTR,optimistic,0.1,150,0.4584362506866455,0.7652011225444341,0.25050251049857747,0.5146986120458565,0.4695066875027197,0.34962964838555866,-0.017488171808785924,0.5096414009222813,-0.040134713419561596,0.03430120904808374,-0.017414595951650236,0.3627405822567549,-0.013110933871196218,-0.008520337315184486,0.007246376811594203,0.0036231884057971015,0.39405367703728894,0.2905650359746565,0.06927551560021153,0.015864621893178214
THERM_SUBSTR__optimistic__L010,THERM_SUBSTR,optimistic,0.1,200,0.4584362506866455,0.5612722170252572,0.16890545291547424,0.392366764109783,0.46161377172043383,0.3615473131227306,0.0059304893526421765,0.4510055247369096,0.01060824698352425,0.03430120904808374,0.00787595475552283,0.34201931967265153,0.01952799345007905,-0.008520337315184486,0.007246376811594203,0.0036231884057971015,0.3456535081529421,0.2725122111702341,0.04177683765203596,0.0222104706504495
THERM_SUBSTR__optimistic__L010,THERM_SUBSTR,optimistic,0.1,250,0.4584362506866455,0.5238540692235735,0.1350191658239527,0.3888349033996208,0.46867184986179555,0.3788657502411037,0.01296291935511007,0.4474091808841665,0.021262668977629073,0.03430120904808374,0.015387628159224398,0.35563703281196424,0.023228717429139456,-0.008520337315184486,0.007246376811594203,0.0036231884057971015,0.3408484437273281,0.2833572172618718,0.041248016922263354,0.03225806451612903
THERM_SUBSTR__optimistic__L010,THERM_SUBSTR,optimistic,0.1,300,0.4584362506866455,0.3638914873713751,0.11869099702373603,0.24520049034763908,0.4306009717640384,0.35234648000377505,-0.0052672161461200795,0.436701016810275,-0.006100045046236624,0.03430120904808374,-0.003399940898648368,0.3557085929644257,-0.003362112960650643,-0.008520337315184486,0.007246376811594203,0.0036231884057971015,0.27739541989001487,0.23096477222878797,0.03966155473294553,0.04336329984135378
THERM_SUBSTR__optimistic__L010,THERM_SUBSTR,optimistic,0.1,400,0.4584362506866455,0.21141253507951357,0.09772604021292458,0.113686494866589,0.4137833922795232,0.3488886468490545,0.002670760356102142,0.36721526370687324,0.04656812857264997,0.03430120904808374,0.006839548012443686,0.2951514840946607,0.05373716275439383,-0.008520337315184486,0.007246376811594203,0.0036231884057971015,0.24315223975101943,0.21418295512376972,0.03225806451612903,0.07615018508725542
THERM_SUBSTR__optimistic__L025,THERM_SUBSTR,optimistic,0.25,25,0.4584362506866455,0.8185219831618334,0.5367915848650499,0.2817303982967836,0.35721355695122514,0.20440699703171183,0.001741703066088618,0.34106124008860617,0.016152316862618976,0.0357768203737396,0.022275798364169708,0.18013524538247452,0.02427175164923731,-0.0070447259895286204,0.007246376811594203,0.0036231884057971015,0.37928995683758604,0.25544295371443043,0.2554204124801692,0.0015864621893178213
THERM_SUBSTR__optimistic__L025,THERM_SUBSTR,optimistic,0.25,50,0.4584362506866455,0.8026192703461179,0.4600142907153122,0.3426049796308057,0.4328179950051196,0.2709117869091053,0.060313877967334395,0.39881375163567473,0.03400424336944485,0.0357768203737396,0.07192885731997678,0.23302270237408204,0.03788908453502324,-0.0070447259895286204,0.007246376811594203,0.0036231884057971015,0.462550264455075,0.3215433963645601,0.24431517715494447,0.0026441036488630354
THERM_SUBSTR__optimistic__L025,THERM_SUBSTR,optimistic,0.25,75,0.4584362506866455,0.7951356407857811,0.37108825380182536,0.4240473869839558,0.5097782633340766,0.3623180434621735,0.05855324666045564,0.5032501244211884,0.006528138912888171,0.0357768203737396,0.05716760324647452,0.316551989128076,0.04576605433409753,-0.0070447259895286204,0.007246376811594203,0.0036231884057971015,0.5364687564862382,0.4026654098047928,0.08355367530407191,0.004759386567953464
THERM_SUBSTR__optimistic__L025,THERM_SUBSTR,optimistic,0.25,100,0.4584362506866455,0.7857811038353602,0.32624944298467595,0.4595316608506842,0.5042958672949214,0.3598244994502743,0.007887918067217448,0.5480691378340267,-0.04377327053910529,0.0357768203737396,-0.0034028819460258375,0.3681285656628289,-0.00830406621255464,-0.0070447259895286204,0.007246376811594203,0.0036231884057971015,0.4872728064331609,0.3545671928071092,0.08355367530407191,0.006874669487043892
THERM_SUBSTR__optimistic__L025,THERM_SUBSTR,optimistic,0.25,125,0.4584362506866455,0.7839101964452759,0.28348830377519096,0.500421892670085,0.5064710974052167,0.3693838341766601,0.009245519013365622,0.5555872921357254,-0.049116194730508766,0.0357768203737396,0.0034193786554520544,0.3957695484318247,-0.026385714255164616,-0.0070447259895286204,0.007246376811594203,0.0036231884057971015,0.4719204025636367,0.3485199501710113,0.06927551560021153,0.010047593865679535
THERM_SUBSTR__optimistic__L025,THERM_SUBSTR,optimistic,0.25,150,0.4584362506866455,0.7652011225444341,0.2581685504202679,0.5070325721241662,0.46120111399183394,0.33998420734990775,-0.025793745319671657,0.5397899985260752,-0.07858888453424129,0.0357768203737396,-0.02706003698730114,0.3845288229596849,-0.04454461560977713,-0.0070447259895286204,0.007246376811594203,0.0036231884057971015,0.3851667513743409,0.28616885292884253,0.06927551560021153,0.015864621893178214
THERM_SUBSTR__optimistic__L025,THERM_SUBSTR,optimistic,0.25,200,0.4584362506866455,0.5528531337698784,0.1693313775459422,0.38352175622393625,0.45842124230242787,0.3590018330359051,0.002737959934636214,0.49075697061767004,-0.032335728315242174,0.0357768203737396,0.005330474668697349,0.3726507366368551,-0.013648903600950002,-0.0070447259895286204,0.007246376811594203,0.0036231884057971015,0.34100112066570537,0.26950869023542195,0.04336329984135378,0.023268112109994712
THERM_SUBSTR__optimistic__L025,THERM_SUBSTR,optimistic,0.25,250,0.4584362506866455,0.4536950420954163,0.1342146415219577,0.3194804005734586,0.4542305495773897,0.366098121638669,-0.0014783809292958083,0.46830960016992373,-0.01407905059253406,0.0357768203737396,0.0026199995567897094,0.37125280775144925,-0.005154686112780249,-0.0070447259895286204,0.007246376811594203,0.0036231884057971015,0.3188175448461357,0.26303996722608813,0.041248016922263354,0.03172924378635643
THERM_SUBSTR__optimistic__L025,THERM_SUBSTR,optimistic,0.25,300,0.4584362506866455,0.29279700654817586,0.11604079932304659,0.17675620722512927,0.43152318975416853,0.35325242737024465,-0.004344998155989932,0.470568768835291,-0.03904557908112244,0.0357768203737396,-0.002493993532178773,0.38643557905169357,-0.03318315168144892,-0.0070447259895286204,0.007246376811594203,0.0036231884057971015,0.27699375036410695,0.23065593052971312,0.03966155473294553,0.04177683765203596
THERM_SUBSTR__optimistic__L025,THERM_SUBSTR,optimistic,0.25,400,0.4584362506866455,0.245088868101029,0.09039067157708763,0.15469819652394137,0.40697232213115836,0.34221473667280733,-0.0041403097922627086,0.37826524217302004,0.028707079958138315,0.0357768203737396,0.0001656378361964972,0.30483733988950973,0.0373773967832976,-0.0070447259895286204,0.007246376811594203,0.0036231884057971015,0.2361025794591054,0.2044025801271121,0.03120042305658382,0.07139079851930195
THERM_SUBSTR__optimistic__L050,THERM_SUBSTR,optimistic,0.5,25,0.4584362506866455,0.8185219831618334,0.5393535582366932,0.27916842492514027,0.35477752183042616,0.20191769524058914,-0.0006943320547103671,0.3063182435181182,0.04845927831230795,0.03703886921485524,0.019786496573047013,0.13580108348525863,0.06611661175533051,-0.005782677148412983,0.007246376811594203,0.0036231884057971015,0.37695367415858416,0.2546688627080118,0.2554204124801692,0.0015864621893178213
THERM_SUBSTR__optimistic__L050,THERM_SUBSTR,optimistic,0.5,50,0.4584362506866455,0.8026192703461179,0.46475316826573865,0.33786610208037926,0.42829416323227726,0.2692466329799298,0.05579004619449207,0.42351875376741094,0.00477540946486632,0.03703886921485524,0.07026370339080129,0.2013976314308119,0.06784900154911788,-0.005782677148412983,0.007246376811594203,0.0036231884057971015,0.458158103624483,0.32120325135561784,0.2453728186144897,0.0026441036488630354
THERM_SUBSTR__optimistic__L050,THERM_SUBSTR,optimistic,0.5,75,0.4584362506866455,0.7913938260056127,0.36299687053095364,0.42839695547465906,0.4937727562213392,0.34977655670839275,0.04254773954771823,0.4627505564593728,0.031022199761966407,0.03703886921485524,0.04462611649269377,0.23785175167974007,0.11192480502865268,-0.005782677148412983,0.007246376811594203,0.0036231884057971015,0.4880590312798727,0.3588619115914131,0.08355367530407191,0.004230565838180857
THERM_SUBSTR__optimistic__L050,THERM_SUBSTR,optimistic,0.5,100,0.4584362506866455,0.7857811038353602,0.32776713924726525,0.4580139645880949,0.5028361444211829,0.3571039950233676,0.006428195193478925,0.5214362268418059,-0.018600082420623054,0.03703886921485524,-0.006123386372932527,0.33069398435404196,0.026410010669325634,-0.005782677148412983,0.007246376811594203,0.0036231884057971015,0.48586089916685404,0.3519322538983311,0.08355367530407191,0.007932310946589107
THERM_SUBSTR__optimistic__L050,THERM_SUBSTR,optimistic,0.5,125,0.4584362506866455,0.7801683816651076,0.27907450989486415,0.5010938717702434,0.5054971705672182,0.3616770815169434,0.00827159217536716,0.5624710898750349,-0.0569739193078167,0.03703886921485524,-0.004287374004264655,0.3871791096021482,-0.025502028085204798,-0.005782677148412983,0.007246376811594203,0.0036231884057971015,0.4686356429283394,0.3378140247136225,0.06927551560021153,0.012162876784769964
THERM_SUBSTR__optimistic__L050,THERM_SUBSTR,optimistic,0.5,150,0.4584362506866455,0.7708138447146866,0.24889007451311482,0.5219237702015718,0.47528795795467244,0.3565469673470545,-0.011706901356833166,0.5743183702323399,-0.09903041227766746,0.03703886921485524,-0.010497276990154403,0.4143965861601747,-0.05784961881312023,-0.005782677148412983,0.007246376811594203,0.0036231884057971015,0.41322942395006906,0.31724972445720684,0.061343204653622425,0.015864621893178214
THERM_SUBSTR__optimistic__L050,THERM_SUBSTR,optimistic,0.5,200,0.4584362506866455,0.5537885874649204,0.16502884750694397,0.38875973995797647,0.463400485992184,0.36400372382084883,0.0077172036243923214,0.52484020972591,-0.06143972373372597,0.03703886921485524,0.01033236545364108,0.3931133642200594,-0.029109640399210546,-0.005782677148412983,0.007246376811594203,0.0036231884057971015,0.360079876552931,0.2897461409500682,0.040719196192490745,0.023268112109994712
THERM_SUBSTR__optimistic__L050,THERM_SUBSTR,optimistic,0.5,250,0.4584362506866455,0.5285313376987839,0.13303232579336,0.3954990119054239,0.46594834361645265,0.3742862043968268,0.01023941310976717,0.4996396980638161,-0.03369135444736343,0.03703886921485524,0.01080808231494751,0.3977036456489505,-0.023417441252123694,-0.005782677148412983,0.007246376811594203,0.0036231884057971015,0.35037199781918393,0.2909895132542455,0.0375462718138551,0.030142781597038603
THERM_SUBSTR__optimistic__L050,THERM_SUBSTR,optimistic,0.5,300,0.4584362506866455,0.5163704396632367,0.10742790651649317,0.40894253314674356,0.45881923877288,0.3749736964523199,0.022951050862721534,0.4816318823929386,-0.02281264362005858,0.03703886921485524,0.019227275549896505,0.39707921969816723,-0.022105523245847303,-0.005782677148412983,0.007246376811594203,0.0036231884057971015,0.3345712145968991,0.28086761972274205,0.03172924378635643,0.041248016922263354
THERM_SUBSTR__optimistic__L050,THERM_SUBSTR,optimistic,0.5,400,0.4584362506866455,0.3161833489242282,0.08788244875322082,0.2283009001710074,0.4254403913917744,0.36165791517480433,0.014327759468353352,0.39840224980115974,0.027038141590614684,0.03703886921485524,0.019608816338193502,0.3312481143512457,0.030409800823558653,-0.005782677148412983,0.007246376811594203,0.0036231884057971015,0.2728066898829235,0.2344784837804146,0.03172924378635643,0.06874669487043893
THERM_SUBSTR__optimistic__L075,THERM_SUBSTR,optimistic,0.75,25,0.4584362506866455,0.8372310570626754,0.5282719124408393,0.30895914462183616,0.40302194648205697,0.24919214693629416,0.047550092596920446,0.30960209164118396,0.093419854840873,0.037629527533041794,0.06706094826875203,0.15666362511112245,0.09252852182517171,-0.005192018830226429,0.007246376811594203,0.0036231884057971015,0.44345064703356224,0.31934922441031205,0.2453728186144897,0.0015864621893178213
THERM_SUBSTR__optimistic__L075,THERM_SUBSTR,optimistic,0.75,50,0.4584362506866455,0.8213283442469598,0.4582304792637498,0.36309786498320995,0.4531488601290232,0.299530562242889,0.08064474309123804,0.45731691307849043,-0.004168052949467205,0.037629527533041794,0.10054763265376049,0.22481916052286646,0.07471140172002252,-0.005192018830226429,0.007246376811594203,0.0036231884057971015,0.4910047233608295,0.35630707310256043,0.23532522474881015,0.0026441036488630354
THERM_SUBSTR__optimistic__L075,THERM_SUBSTR,optimistic,0.75,75,0.4584362506866455,0.7913938260056127,0.3610321323807357,0.430361693624877,0.4960797603514772,0.352232167024795,0.044854743677856246,0.500071408008762,-0.003991647657284825,0.037629527533041794,0.047081726809096,0.28217404955770403,0.07005811746709095,-0.005192018830226429,0.007246376811594203,0.0036231884057971015,0.49052875549453184,0.36268658920733426,0.08355367530407191,0.0037017451084082496
THERM_SUBSTR__optimistic__L075,THERM_SUBSTR,optimistic,0.75,100,0.4584362506866455,0.7839101964452759,0.34131486180045895,0.442595334644817,0.4503181728977295,0.30946941043499593,-0.04608977632997441,0.5244365593053806,-0.07411838640765106,0.037629527533041794,-0.05375797096130419,0.32048197652520444,-0.011012566090208509,-0.005192018830226429,0.007246376811594203,0.0036231884057971015,0.4172689696951119,0.2929127910838882,0.08355367530407191,0.007403490216816499
THERM_SUBSTR__optimistic__L075,THERM_SUBSTR,optimistic,0.75,125,0.4584362506866455,0.7839101964452759,0.2839724646710796,0.4999377317741963,0.5059694169221065,0.36718051812364166,0.008743838530255454,0.555860228976623,-0.04989081205451651,0.037629527533041794,0.0012160626024336207,0.3728644783895839,-0.005683960265942256,-0.005192018830226429,0.007246376811594203,0.0036231884057971015,0.4714145304758039,0.3451289256048092,0.06821787414066631,0.011634056054997356
THERM_SUBSTR__optimistic__L075,THERM_SUBSTR,optimistic,0.75,150,0.4584362506866455,0.775491113189897,0.25528540992952964,0.5202057032603674,0.4851616872077403,0.3646915099515464,-0.0018331721037653237,0.5720432793893331,-0.0868815921815928,0.037629527533041794,-0.0023527343856624694,0.3965164508018963,-0.03182494085034987,-0.005192018830226429,0.007246376811594203,0.0036231884057971015,0.42954397662109445,0.3336013451455016,0.06768905341089371,0.01639344262295082
THERM_SUBSTR__optimistic__L075,THERM_SUBSTR,optimistic,0.75,200,0.4584362506866455,0.6230121608980356,0.17099179233349532,0.45202036856454025,0.46759467782846537,0.3675202583501166,0.011911395460673713,0.5421954319724499,-0.07460075414398454,0.037629527533041794,0.013848899982908836,0.41672508120412116,-0.04920482285400457,-0.005192018830226429,0.007246376811594203,0.0036231884057971015,0.3688929957437801,0.2972537486772312,0.04547858276044421,0.022739291380222106
THERM_SUBSTR__optimistic__L075,THERM_SUBSTR,optimistic,0.75,250,0.4584362506866455,0.5528531337698784,0.1365343727549854,0.41631876101489307,0.4896986572906256,0.3989599875215131,0.03398972678394013,0.4949667868557442,-0.005268129565118573,0.037629527533041794,0.03548186543963383,0.3938918660331871,0.005068121488326027,-0.005192018830226429,0.007246376811594203,0.0036231884057971015,0.38626676130796445,0.32188036061754627,0.0375462718138551,0.03120042305658382
THERM_SUBSTR__optimistic__L075,THERM_SUBSTR,optimistic,0.75,300,0.4584362506866455,0.5285313376987839,0.12001796208461706,0.40851337561416684,0.4783585347256313,0.3930107863961131,0.04249034681547281,0.48268677757743483,-0.004328242851803554,0.037629527533041794,0.037264365493689666,0.4030230979504572,-0.010012311554344122,-0.005192018830226429,0.007246376811594203,0.0036231884057971015,0.36231994881808527,0.29957954207494847,0.0375462718138551,0.041248016922263354
THERM_SUBSTR__optimistic__L075,THERM_SUBSTR,optimistic,0.75,400,0.4584362506866455,0.41721234798877455,0.08972812215191528,0.32748422583685927,0.4690029315789006,0.4014501264293076,0.05789029965547954,0.4238035911343687,0.04519934044453189,0.037629527533041794,0.059401027592696776,0.3574525936310444,0.043997532798263184,-0.005192018830226429,0.007246376811594203,0.0036231884057971015,0.33426637474465704,0.2898916112199534,0.03120042305658382,0.07244843997884717
THERM_SUBSTR__optimistic__L100,THERM_SUBSTR,optimistic,1.0,25,0.4584362506866455,0.8400374181478016,0.5281080596967918,0.3119293584510099,0.40435923002989854,0.2482460715340239,0.04888737614476202,0.3783981928389957,0.02596103719090287,0.03816834346529352,0.06611487286648177,0.13808489850176722,0.11016117303225667,-0.004653202897974704,0.007246376811594203,0.0036231884057971015,0.44394727584046406,0.316676797737762,0.24484399788471709,0.0015864621893178213
THERM_SUBSTR__optimistic__L100,THERM_SUBSTR,optimistic,1.0,50,0.4584362506866455,0.8222637979420019,0.4505059037469612,0.3717578941950407,0.46119315841841413,0.30810616257795226,0.08868904138062894,0.4383543494562461,0.022838808962168056,0.03816834346529352,0.10912323298882376,0.1931941498024025,0.11491201277554977,-0.004653202897974704,0.007246376811594203,0.0036231884057971015,0.4986746492253409,0.36369789992114504,0.23479640401903754,0.0021152829190904283
THERM_SUBSTR__optimistic__L100,THERM_SUBSTR,optimistic,1.0,75,0.4584362506866455,0.813844714686623,0.3629336286706935,0.4509110860159295,0.5355893170868591,0.39334585400794003,0.08436430041323811,0.45564985997327934,0.07993945711357975,0.03816834346529352,0.08819541379224105,0.22617888021161103,0.167166973796329,-0.004653202897974704,0.007246376811594203,0.0036231884057971015,0.5699310812173267,0.4444505308377289,0.08355367530407191,0.0021152829190904283
THERM_SUBSTR__optimistic__L100,THERM_SUBSTR,optimistic,1.0,100,0.4584362506866455,0.7876520112254444,0.31849890334497133,0.46915310788047304,0.4959684006006196,0.3515632950604146,-0.0004395486270843407,0.5081097020656945,-0.012141301465074916,0.03816834346529352,-0.011664086335885504,0.3029578290929555,0.04860546596745913,-0.004653202897974704,0.007246376811594203,0.0036231884057971015,0.4943304744900264,0.36774290157446515,0.07720782654680064,0.005817028027498678
THERM_SUBSTR__optimistic__L100,THERM_SUBSTR,optimistic,1.0,125,0.4584362506866455,0.7876520112254444,0.2771443345423393,0.5105076766831051,0.5360588570168708,0.40051649718985205,0.038833278625019785,0.5438740587792048,-0.007815201762333968,0.03816834346529352,0.03455204166864401,0.3525713320018364,0.04794516518801567,-0.004653202897974704,0.007246376811594203,0.0036231884057971015,0.5333137357082852,0.41662325209268264,0.06821787414066631,0.010576414595452142
THERM_SUBSTR__optimistic__L100,THERM_SUBSTR,optimistic,1.0,150,0.4584362506866455,0.7820392890551918,0.25898084285403655,0.5230584462011553,0.5090739564102172,0.3837927849098298,0.022079097098711642,0.5582951860097414,-0.04922122959952413,0.03816834346529352,0.01674854057262093,0.3924622473397753,-0.008669462429945485,-0.004653202897974704,0.007246376811594203,0.0036231884057971015,0.48723968060009826,0.3865748296449189,0.06821787414066631,0.014278159703860392
THERM_SUBSTR__optimistic__L100,THERM_SUBSTR,optimistic,1.0,200,0.4584362506866455,0.7689429373246024,0.17445863801004635,0.594484299314556,0.5457770440698507,0.43463876396718576,0.09009376170205907,0.5312656241115343,0.014511419958316396,0.03816834346529352,0.080967405599978,0.4012104298006792,0.033428334166506535,-0.004653202897974704,0.007246376811594203,0.0036231884057971015,0.48176608280593225,0.39544605456529497,0.05288207297726071,0.0222104706504495
THERM_SUBSTR__optimistic__L100,THERM_SUBSTR,optimistic,1.0,250,0.4584362506866455,0.6342376052385407,0.13540059435271534,0.4988370108858253,0.5117740971482834,0.4205222885879892,0.056065166641597886,0.5221594795716555,-0.01038538242337217,0.03816834346529352,0.057044166506109883,0.4152973625398076,0.0052249260481815885,-0.004653202897974704,0.007246376811594203,0.0036231884057971015,0.4176407532704724,0.3477595138954661,0.0375462718138551,0.03172924378635643
THERM_SUBSTR__optimistic__L100,THERM_SUBSTR,optimistic,1.0,300,0.4584362506866455,0.529466791393826,0.11992331216673531,0.4095434792270907,0.4833507514452844,0.4005865362175227,0.04748256353512592,0.4586242477666093,0.02472650367867507,0.03816834346529352,0.044840115315099294,0.3728189826918394,0.02776755352568333,-0.004653202897974704,0.007246376811594203,0.0036231884057971015,0.36935128745161266,0.3087004723437529,0.0375462718138551,0.04336329984135378
THERM_SUBSTR__optimistic__L100,THERM_SUBSTR,optimistic,1.0,400,0.4584362506866455,0.48269410664172124,0.08972812215191528,0.39296598448980596,0.4787600990760062,0.4104761064212548,0.06764746715258513,0.438964533345597,0.03979556573040921,0.03816834346529352,0.06842700758464398,0.3717768289362879,0.03869927748496693,-0.004653202897974704,0.007246376811594203,0.0036231884057971015,0.326309023362157,0.280890275319394,0.03120042305658382,0.07297726070861978
THERM_SUBSTR__pessimistic__L010,THERM_SUBSTR,pessimistic,0.1,25,0.4584362506866455,0.8157156220767072,0.5370159236926013,0.2786996983841059,0.34046858585677076,0.17131574467166905,-0.015003268028365768,0.33653781410078343,0.003930771755987328,0.4148080003132616,-0.010815453995873081,0.17630480120393544,-0.004989056532266389,0.37198645394999336,0.5797101449275363,0.20219697668210254,0.3544469405015483,0.21731353103224707,0.2548915917503966,0.0010576414595452142
THERM_SUBSTR__pessimistic__L010,THERM_SUBSTR,pessimistic,0.1,50,0.4584362506866455,0.8119738072965388,0.4622415830111245,0.3497322242854143,0.37940688299767356,0.2138180556662915,0.006902765959888368,0.39617312585854697,-0.016766242860873415,0.4148080003132616,0.014835126077163002,0.2329076840078802,-0.0190896283415887,0.37198645394999336,0.5797101449275363,0.20219697668210254,0.3798913305814364,0.2354673208047604,0.24378635642517188,0.0026441036488630354
THERM_SUBSTR__pessimistic__L010,THERM_SUBSTR,pessimistic,0.1,75,0.4584362506866455,0.7979420018709074,0.36869286967659554,0.4292491321943118,0.4583581361714841,0.3002111848961327,0.007133119497863105,0.4571706793971344,0.0011874567743496711,0.4148080003132616,-0.004939255319566294,0.30009471892332296,0.0001164659728097317,0.37198645394999336,0.5797101449275363,0.20219697668210254,0.45774139850162204,0.3234199408961476,0.08355367530407191,0.004759386567953464
THERM_SUBSTR__pessimistic__L010,THERM_SUBSTR,pessimistic,0.1,100,0.4584362506866455,0.7960710944808232,0.3268251106237403,0.46924598385708294,0.4993220840899364,0.3480126882541614,0.0029141348622324648,0.5189060086342396,-0.019583924544303244,0.4148080003132616,-0.015214693142138747,0.37327994112689433,-0.02526725287273296,0.37198645394999336,0.5797101449275363,0.20219697668210254,0.49874727767649,0.357858584363665,0.08249603384452671,0.006874669487043892
THERM_SUBSTR__pessimistic__L010,THERM_SUBSTR,pessimistic,0.1,125,0.4584362506866455,0.7829747427502338,0.2717986151000431,0.5111761276501907,0.48968762716672326,0.34995545305171666,-0.0075379512251277925,0.5143399186307513,-0.024652291464028087,0.4148080003132616,-0.016009002469491385,0.3751967394659054,-0.02524128641418877,0.37198645394999336,0.5797101449275363,0.20219697668210254,0.4270151042190223,0.3035678499992224,0.06927551560021153,0.010047593865679535
THERM_SUBSTR__pessimistic__L010,THERM_SUBSTR,pessimistic,0.1,150,0.4584362506866455,0.7736202057998129,0.23017895403741565,0.5434412517623973,0.49924805782534465,0.37361843373707915,0.012253198513839048,0.5096414009222813,-0.010393343096936625,0.4148080003132616,0.006574189399870256,0.3627405822567549,0.010877851480324274,0.37198645394999336,0.5797101449275363,0.20219697668210254,0.4230136012890618,0.31669164326836863,0.0671602326811211,0.01269169751454257
THERM_SUBSTR__pessimistic__L010,THERM_SUBSTR,pessimistic,0.1,200,0.4584362506866455,0.6389148737137512,0.16114294728178266,0.47777192643196853,0.4852614961112394,0.3721077397905366,0.029578213743447768,0.4510055247369096,0.03425597137432984,0.4148080003132616,0.018436381423328818,0.34201931967265153,0.03008842011788504,0.37198645394999336,0.5797101449275363,0.20219697668210254,0.3702623495342145,0.28323800195157217,0.046007403490216814,0.02168164992067689
THERM_SUBSTR__pessimistic__L010,THERM_SUBSTR,pessimistic,0.1,250,0.4584362506866455,0.4284377923292797,0.1300971203734134,0.29834067195586633,0.4557195932938854,0.3643042212443507,1.0662787199910984e-05,0.4474091808841665,0.008310412409718915,0.4148080003132616,0.0008260991624713943,0.35563703281196424,0.008667188432386452,0.37198645394999336,0.5797101449275363,0.20219697668210254,0.3172242996818923,0.25339815140609967,0.041248016922263354,0.033315705975674244
THERM_SUBSTR__pessimistic__L010,THERM_SUBSTR,pessimistic,0.1,300,0.4584362506866455,0.2984097287184284,0.11481035039058358,0.18359937832784484,0.4293385229983122,0.35124356597718104,-0.006529664911846256,0.436701016810275,-0.0073624938119628,0.4148080003132616,-0.004502854925242383,0.3557085929644257,-0.004465026987244658,0.37198645394999336,0.5797101449275363,0.20219697668210254,0.2713080081214114,0.22728187921036025,0.041248016922263354,0.04177683765203596
THERM_SUBSTR__pessimistic__L010,THERM_SUBSTR,pessimistic,0.1,400,0.4584362506866455,0.23947614593077643,0.10103878733878645,0.13843735859198997,0.3502763718725972,0.27981889004362015,-0.060836260050823876,0.36721526370687324,-0.01693889183427605,0.4148080003132616,-0.06223020879299068,0.2951514840946607,-0.015332594051040538,0.37198645394999336,0.5797101449275363,0.20219697668210254,0.15326297284987547,0.1188853669425839,0.03966155473294553,0.07297726070861978
THERM_SUBSTR__pessimistic__L025,THERM_SUBSTR,pessimistic,0.25,25,0.4584362506866455,0.8157156220767072,0.5217273242681132,0.29398829780859403,0.3717136243660482,0.1972485119360053,0.016241770480911688,0.34106124008860617,0.030652384277442046,0.5347388159782708,0.015117313268463162,0.18013524538247452,0.017113266553530765,0.49191726961500254,0.6521739130434783,0.309580439900806,0.39507588708844343,0.24922999685185024,0.25647805393971446,0.0010576414595452142
THERM_SUBSTR__pessimistic__L025,THERM_SUBSTR,pessimistic,0.25,50,0.4584362506866455,0.8063610851262862,0.43247188979055834,0.3738891953357279,0.44981030557391977,0.27710725789537516,0.07730618853613458,0.39881375163567473,0.05099655393824504,0.5347388159782708,0.07812432830624666,0.23302270237408204,0.04408455552129312,0.49191726961500254,0.6521739130434783,0.309580439900806,0.47213523151776154,0.3283261863405998,0.15970386039132733,0.0026441036488630354
THERM_SUBSTR__pessimistic__L025,THERM_SUBSTR,pessimistic,0.25,75,0.4584362506866455,0.7998129092609916,0.35690120565601935,0.44291170360497223,0.5249731858823655,0.35942567913910783,0.07374816920874455,0.5032501244211884,0.021723061461177084,0.5347388159782708,0.05427523892340885,0.316551989128076,0.04287369001103186,0.49191726961500254,0.6521739130434783,0.309580439900806,0.5496987124341316,0.4043166920206159,0.08249603384452671,0.0037017451084082496
THERM_SUBSTR__pessimistic__L025,THERM_SUBSTR,pessimistic,0.25,100,0.4584362506866455,0.7895229186155285,0.32559212745722504,0.46393079115830343,0.5087567925551391,0.35425782083112317,0.012348843327435133,0.5480691378340267,-0.039312345278887606,0.5347388159782708,-0.008969560565176948,0.3681285656628289,-0.01387074483170575,0.49191726961500254,0.6521739130434783,0.309580439900806,0.47942953446802156,0.3364863395291923,0.08249603384452671,0.007403490216816499
THERM_SUBSTR__pessimistic__L025,THERM_SUBSTR,pessimistic,0.25,125,0.4584362506866455,0.7839101964452759,0.27279779950933875,0.5111123969359372,0.5048149713014292,0.3382895442252865,0.007589392909578108,0.5555872921357254,-0.05077232083429628,0.5347388159782708,-0.027674911295921534,0.3957695484318247,-0.057480004206538204,0.49191726961500254,0.6521739130434783,0.309580439900806,0.4510679436778791,0.29441773939584737,0.07033315705975675,0.01110523532522475
THERM_SUBSTR__pessimistic__L025,THERM_SUBSTR,pessimistic,0.25,150,0.4584362506866455,0.7717492984097287,0.23293514229313744,0.5388141561165913,0.4989525180527373,0.352639085184642,0.011957658741231725,0.5397899985260752,-0.040837480473337906,0.5347388159782708,-0.014405159152566904,0.3845288229596849,-0.03188973777504289,0.49191726961500254,0.6521739130434783,0.309580439900806,0.4259754462983465,0.2989975178077634,0.0671602326811211,0.013220518244315178
THERM_SUBSTR__pessimistic__L025,THERM_SUBSTR,pessimistic,0.25,200,0.4584362506866455,0.6379794200187091,0.1704769204021124,0.46750249961659673,0.5018798184558213,0.3830684352698609,0.04619653608802965,0.49075697061767004,0.011122847838151262,0.5347388159782708,0.02939707690265314,0.3726507366368551,0.01041769863300579,0.49191726961500254,0.6521739130434783,0.309580439900806,0.3995947448397805,0.3033774653394034,0.046007403490216814,0.023796932839767318
THERM_SUBSTR__pessimistic__L025,THERM_SUBSTR,pessimistic,0.25,250,0.4584362506866455,0.5519176800748363,0.1419286098293217,0.4099890702455146,0.4772103338763634,0.37472774216369337,0.02150140336967793,0.46830960016992373,0.008900733706439679,0.5347388159782708,0.011249620081814071,0.37125280775144925,0.003474934412244113,0.49191726961500254,0.6521739130434783,0.309580439900806,0.3546355798202488,0.2816204565549238,0.041248016922263354,0.035430988894764676
THERM_SUBSTR__pessimistic__L025,THERM_SUBSTR,pessimistic,0.25,300,0.4584362506866455,0.5481758652946679,0.12332990096555452,0.42484596432911337,0.46914583156892015,0.377231655042296,0.03327764365876168,0.470568768835291,-0.0014229372663708273,0.5347388159782708,0.021485234139872578,0.38643557905169357,-0.009203924009397568,0.49191726961500254,0.6521739130434783,0.309580439900806,0.33559917686393126,0.2765388196731042,0.041248016922263354,0.04918032786885246
THERM_SUBSTR__pessimistic__L025,THERM_SUBSTR,pessimistic,0.25,400,0.4584362506866455,0.5463049579045838,0.1136282843826733,0.43267667352191047,0.4741658987905463,0.3899759228338801,0.06305326686712526,0.37826524217302004,0.09590065661752628,0.5347388159782708,0.047926823997269274,0.30483733988950973,0.08513858294437038,0.49191726961500254,0.6521739130434783,0.309580439900806,0.3445058312449305,0.29638859977176735,0.041248016922263354,0.1047065044949762
THERM_SUBSTR__pessimistic__L050,THERM_SUBSTR,pessimistic,0.5,25,0.4584362506866455,0.8241347053320861,0.5177796763925104,0.30635502893957567,0.36911774018393545,0.19442474501093165,0.013645886298798926,0.3063182435181182,0.06279949666581724,0.5762926994574104,0.012293546343389528,0.13580108348525863,0.058623661525673026,0.5334711530941422,0.7028985507246377,0.37032745413752277,0.3842427213671049,0.23631640069067072,0.25753569539925963,0.0005288207297726071
THERM_SUBSTR__pessimistic__L050,THERM_SUBSTR,pessimistic,0.5,50,0.4584362506866455,0.8194574368568756,0.4585695971859714,0.36088783967090415,0.42950702984067207,0.2520957449084025,0.057002912802886885,0.42351875376741094,0.005988276073261134,0.5762926994574104,0.053112815319273976,0.2013976314308119,0.05069811347759057,0.5334711530941422,0.7028985507246377,0.37032745413752277,0.44759430933778366,0.2881918938938886,0.2464304600740349,0.0021152829190904283
THERM_SUBSTR__pessimistic__L050,THERM_SUBSTR,pessimistic,0.5,75,0.4584362506866455,0.7923292797006548,0.36527249130349787,0.42705678839715694,0.46703968165106413,0.29299235300151766,0.01581466497744316,0.4627505564593728,0.004289125191691334,0.5762926994574104,-0.012158087214181323,0.23785175167974007,0.05514060132177759,0.5334711530941422,0.7028985507246377,0.37032745413752277,0.45636946739417633,0.30101416176125523,0.1115811739820201,0.006874669487043892
THERM_SUBSTR__pessimistic__L050,THERM_SUBSTR,pessimistic,0.5,100,0.4584362506866455,0.784845650140318,0.2964250736230297,0.4884205765172883,0.499239588370009,0.3030872423551248,0.0028316391423050535,0.5214362268418059,-0.022196638471796926,0.5762926994574104,-0.06014013904117532,0.33069398435404196,-0.02760674199891716,0.5334711530941422,0.7028985507246377,0.37032745413752277,0.4502021456050698,0.2758518888851735,0.07773664727657324,0.008989952406134321
THERM_SUBSTR__pessimistic__L050,THERM_SUBSTR,pessimistic,0.5,125,0.4584362506866455,0.7820392890551918,0.25771526729047217,0.5243240217647196,0.533266155177952,0.3505706962440777,0.0360405767861009,0.5624710898750349,-0.029204934697082963,0.5762926994574104,-0.015393759277130326,0.3871791096021482,-0.03660841335807047,0.5334711530941422,0.7028985507246377,0.37032745413752277,0.4826265785307185,0.3135968974284807,0.0671602326811211,0.013220518244315178
THERM_SUBSTR__pessimistic__L050,THERM_SUBSTR,pessimistic,0.5,150,0.4584362506866455,0.7736202057998129,0.23232811431869807,0.5412920914811149,0.5053317686390804,0.34454829272128895,0.018336909327574757,0.5743183702323399,-0.06898660159325953,0.5762926994574104,-0.02249595161591994,0.4143965861601747,-0.06984829343888577,0.5334711530941422,0.7028985507246377,0.37032745413752277,0.43382880138080365,0.2934425717751468,0.06345848757271286,0.017979904812268643
THERM_SUBSTR__pessimistic__L050,THERM_SUBSTR,pessimistic,0.5,200,0.4584362506866455,0.7689429373246024,0.21275883853836325,0.5561840987862392,0.5225320804965888,0.3646877420563231,0.06684879812879718,0.52484020972591,-0.0023081292293211098,0.5762926994574104,0.011016383689115339,0.3931133642200594,-0.028425622163736286,0.5334711530941422,0.7028985507246377,0.37032745413752277,0.4519289205966,0.3131275746857109,0.06345848757271286,0.029613960867265997
THERM_SUBSTR__pessimistic__L050,THERM_SUBSTR,pessimistic,0.5,250,0.4584362506866455,0.7661365762394762,0.1956154563705164,0.5705211198689598,0.5381652138702956,0.3909189606142705,0.0824562833636101,0.4996396980638161,0.038525515806479504,0.5762926994574104,0.02744083853239121,0.3977036456489505,-0.006784685034679994,0.5334711530941422,0.7028985507246377,0.37032745413752277,0.4679973946425235,0.34200184998776373,0.06345848757271286,0.053410893707033315
THERM_SUBSTR__pessimistic__L050,THERM_SUBSTR,pessimistic,0.5,300,0.4584362506866455,0.7633302151543498,0.1940537327254672,0.5692764824288826,0.5351136731295065,0.38883378103550814,0.09924548521934806,0.4816318823929386,0.05348179073656795,0.5762926994574104,0.03308736013308472,0.39707921969816723,-0.008245438662659088,0.5334711530941422,0.7028985507246377,0.37032745413752277,0.4694311487623917,0.343120350426022,0.06345848757271286,0.09254362771020624
THERM_SUBSTR__pessimistic__L050,THERM_SUBSTR,pessimistic,0.5,400,0.4584362506866455,0.7586529466791394,0.1561014483130259,0.6025514983661135,0.5361744491394687,0.42028801113798125,0.1250618172160476,0.39840224980115974,0.13777219933830892,0.5762926994574104,0.07823891230137042,0.3312481143512457,0.08903989678673557,0.5334711530941422,0.7028985507246377,0.37032745413752277,0.45452607619097596,0.36241952585091625,0.060285563194077206,0.12691697514542571
THERM_SUBSTR__pessimistic__L075,THERM_SUBSTR,pessimistic,0.75,25,0.4584362506866455,0.8503274087932647,0.5373904223230382,0.3129369864702265,0.34264526144821733,0.17026837691222965,-0.012826592436919193,0.30960209164118396,0.03304316980703337,0.5951687640790005,-0.011862821755312475,0.15666362511112245,0.013604751801107207,0.5523472177157324,0.7536231884057971,0.4047608061910122,0.34765180048310446,0.19203145102170385,0.36488630354309887,0.0005288207297726071
THERM_SUBSTR__pessimistic__L075,THERM_SUBSTR,pessimistic,0.75,50,0.4584362506866455,0.8447146866230122,0.36529207488256676,0.4794226117404454,0.49771185296214876,0.2667476586475464,0.12520773592436357,0.45731691307849043,0.04039493988365833,0.5951687640790005,0.0677647290584179,0.22481916052286646,0.04192849812467994,0.5523472177157324,0.7536231884057971,0.4047608061910122,0.4834494704622983,0.272651340223621,0.19249074563722898,0.0031729243786356425
THERM_SUBSTR__pessimistic__L075,THERM_SUBSTR,pessimistic,0.75,75,0.4584362506866455,0.8185219831618334,0.34163919296466766,0.4768827901971658,0.4666412971930903,0.23405959347897626,0.015416280519469305,0.500071408008762,-0.033430110815671765,0.5951687640790005,-0.07109084673672272,0.28217404955770403,-0.048114456078727774,0.5523472177157324,0.7536231884057971,0.4047608061910122,0.41505375760878066,0.20308205951638858,0.19249074563722898,0.008461131676361713
THERM_SUBSTR__pessimistic__L075,THERM_SUBSTR,pessimistic,0.75,100,0.4584362506866455,0.7988774555659495,0.30699469654105294,0.49188275902489653,0.4950820840365369,0.25687355182645905,-0.0013258651911670083,0.5244365593053806,-0.02935447526884366,0.5951687640790005,-0.10635382956984107,0.32048197652520444,-0.06360842469874539,0.5523472177157324,0.7536231884057971,0.4047608061910122,0.44990393378820687,0.23088639406703526,0.16393442622950818,0.015864621893178214
THERM_SUBSTR__pessimistic__L075,THERM_SUBSTR,pessimistic,0.75,125,0.4584362506866455,0.7932647333956969,0.29960187188814763,0.4936628615075493,0.5014975356850471,0.27522486644974975,0.004271957293196016,0.555860228976623,-0.05436269329157595,0.5951687640790005,-0.0907395890714583,0.3728644783895839,-0.09763961193983417,0.5523472177157324,0.7536231884057971,0.4047608061910122,0.45861345429698025,0.2582604060533509,0.16393442622950818,0.024325753569539928
THERM_SUBSTR__pessimistic__L075,THERM_SUBSTR,pessimistic,0.75,150,0.4584362506866455,0.7885874649204865,0.2971741267936062,0.49141333812688026,0.5023136551357712,0.2768880182546596,0.015318795824265596,0.5720432793893331,-0.06972962425356188,0.5951687640790005,-0.0901562260825493,0.3965164508018963,-0.11962843254723671,0.5523472177157324,0.7536231884057971,0.4047608061910122,0.4609207845565264,0.2607146633352391,0.16393442622950818,0.034902168164992066
THERM_SUBSTR__pessimistic__L075,THERM_SUBSTR,pessimistic,0.75,200,0.4584362506866455,0.7867165575304023,0.2953722956534675,0.49134426187693475,0.4998133321971144,0.2746683949284974,0.044130049829322726,0.5421954319724499,-0.042382099775335524,0.5951687640790005,-0.07900296343871038,0.41672508120412116,-0.1420566862756238,0.5523472177157324,0.7536231884057971,0.4047608061910122,0.4625949524023551,0.26218350685988673,0.16393442622950818,0.07139079851930195
THERM_SUBSTR__pessimistic__L075,THERM_SUBSTR,pessimistic,0.75,250,0.4584362506866455,0.7867165575304023,0.2653121336300363,0.5214044239003659,0.5291645421786277,0.33138583167270136,0.07345561167194226,0.4949667868557442,0.03419775532288355,0.5951687640790005,-0.03209229040917794,0.3938918660331871,-0.06250603436048574,0.5523472177157324,0.7536231884057971,0.4047608061910122,0.49136377053163177,0.326176170705404,0.16393442622950818,0.0967741935483871
THERM_SUBSTR__pessimistic__L075,THERM_SUBSTR,pessimistic,0.75,300,0.4584362506866455,0.7839101964452759,0.22887469083925135,0.5550355056060245,0.5579588688984305,0.39333080882739907,0.12209068098827203,0.48268677757743483,0.07527209132099566,0.5951687640790005,0.03758438792497565,0.4030230979504572,-0.00969228912305814,0.5523472177157324,0.7536231884057971,0.4047608061910122,0.5171179101305611,0.3730653561774137,0.07985193019566367,0.10840824960338445
THERM_SUBSTR__pessimistic__L075,THERM_SUBSTR,pessimistic,0.75,400,0.4584362506866455,0.7782974742750234,0.1948863402335095,0.5834111340415139,0.5361847985712465,0.39280341367049026,0.1250721666478254,0.4238035911343687,0.11238120743687774,0.5951687640790005,0.05075431483387943,0.3574525936310444,0.03535082003944584,0.5523472177157324,0.7536231884057971,0.4047608061910122,0.4716641087069537,0.3482977649957511,0.06557377049180328,0.14331041776837652
THERM_SUBSTR__pessimistic__L100,THERM_SUBSTR,pessimistic,1.0,25,0.4584362506866455,0.9438727782974743,0.6422112132584572,0.3016615650390171,0.24440793922460427,0.1395300584696105,-0.11106391466053225,0.3783981928389957,-0.1339902536143914,0.6044857519314316,-0.042601140197931625,0.13808489850176722,0.0014451599678432792,0.5616642055681634,0.7681159420289855,0.41411838225339365,0.1717658314918409,0.08598513956959526,0.9196192490745637,0.012162876784769964
THERM_SUBSTR__pessimistic__L100,THERM_SUBSTR,pessimistic,1.0,50,0.4584362506866455,0.8980355472404116,0.6337237033856733,0.26431184385473827,0.2347495479451993,0.12783887846592226,-0.13775456909258588,0.4383543494562461,-0.20360480151104676,0.6044857519314316,-0.07114405112320624,0.1931941498024025,-0.06535527133648023,0.5616642055681634,0.7681159420289855,0.41411838225339365,0.17549001239891374,0.08794401135234059,0.9196192490745637,0.02538339502908514
THERM_SUBSTR__pessimistic__L100,THERM_SUBSTR,pessimistic,1.0,75,0.4584362506866455,0.833489242282507,0.6273727707430289,0.2061164715394781,0.21947305444569906,0.1120459475402239,-0.2317519622279219,0.45564985997327934,-0.23617680552758027,0.6044857519314316,-0.19310449267547508,0.22617888021161103,-0.11413293267138713,0.5616642055681634,0.7681159420289855,0.41411838225339365,0.1813731909616414,0.09364576737296572,0.9196192490745637,0.03860391327340032
THERM_SUBSTR__pessimistic__L100,THERM_SUBSTR,pessimistic,1.0,100,0.4584362506866455,0.8054256314312441,0.6237638483208553,0.18166178311038883,0.21366637235552843,0.1064556804497791,-0.2827415768721755,0.5081097020656945,-0.29444332971016607,0.6044857519314316,-0.256771700946521,0.3029578290929555,-0.1965021486431764,0.5616642055681634,0.7681159420289855,0.41411838225339365,0.18475564690920443,0.09761322994765671,0.9196192490745637,0.05182443151771549
THERM_SUBSTR__pessimistic__L100,THERM_SUBSTR,pessimistic,1.0,125,0.4584362506866455,0.7988774555659495,0.6220084379542405,0.17686901761170892,0.20957452820663425,0.10223689840944061,-0.2876510501852168,0.5438740587792048,-0.33429953057257056,0.6044857519314316,-0.26372755711176743,0.3525713320018364,-0.25033443359239577,0.5616642055681634,0.7681159420289855,0.41411838225339365,0.18639290634146496,0.09918150862377388,0.9196192490745637,0.06504494976203067
THERM_SUBSTR__pessimistic__L100,THERM_SUBSTR,pessimistic,1.0,150,0.4584362506866455,0.7988774555659495,0.621012295679624,0.17786515988632545,0.21053185508840896,0.10294595664819178,-0.27646300422309666,0.5582951860097414,-0.3477633309213324,0.6044857519314316,-0.2640982876890171,0.3924622473397753,-0.2895162906915835,0.5616642055681634,0.7681159420289855,0.41411838225339365,0.1873228909264333,0.09987626014357352,0.9196192490745637,0.07826546800634585
THERM_SUBSTR__pessimistic__L100,THERM_SUBSTR,pessimistic,1.0,200,0.4584362506866455,0.7923292797006548,0.34138521213976286,0.45094406756089195,0.47217650037131237,0.2343078172057311,0.016493218003520715,0.5312656241115343,-0.05908912374022196,0.6044857519314316,-0.11936354116147666,0.4012104298006792,-0.16690261259494812,0.5616642055681634,0.7681159420289855,0.41411838225339365,0.44093729820198574,0.2483812719751869,0.2850343733474352,0.09201480698043363
THERM_SUBSTR__pessimistic__L100,THERM_SUBSTR,pessimistic,1.0,250,0.4584362506866455,0.7904583723105706,0.28139659261901695,0.5090617796915536,0.497224518928029,0.28692624285913326,0.04151558842134351,0.5221594795716555,-0.024934960643626547,0.6044857519314316,-0.07655187922274603,0.4152973625398076,-0.12837111968067433,0.5616642055681634,0.7681159420289855,0.41411838225339365,0.4524706449450353,0.2710970808210145,0.19090428344791116,0.10312004230565838
THERM_SUBSTR__pessimistic__L100,THERM_SUBSTR,pessimistic,1.0,300,0.4584362506866455,0.7867165575304023,0.26116555490254867,0.5255510026278536,0.49851194910933727,0.30488989347200957,0.0626437611991788,0.4586242477666093,0.039887701342727955,0.6044857519314316,-0.050856527430413856,0.3728189826918394,-0.06792908921982982,0.5616642055681634,0.7681159420289855,0.41411838225339365,0.4458391686288235,0.2804238159086742,0.18931782125859334,0.12162876784769963
THERM_SUBSTR__pessimistic__L100,THERM_SUBSTR,pessimistic,1.0,400,0.4584362506866455,0.7764265668849392,0.22241284626811578,0.5540137206168234,0.4692496606695378,0.3035554649109295,0.05813702874611676,0.438964533345597,0.03028512732394084,0.6044857519314316,-0.038493633925681336,0.3717768289362879,-0.06822136402535839,0.5616642055681634,0.7681159420289855,0.41411838225339365,0.4440818635558019,0.2950562273700595,0.08672659968270756,0.1501850872554204
SOURCE_ONLY__reported__L010,SOURCE_ONLY,reported,0.1,25,0.2637355923652649,0.823199251637044,0.543224034613672,0.279975217023372,0.3530919341643018,0.1994992924212291,-0.0023799197208347334,0.33653781410078343,0.016554120063518363,0.04110679085756798,0.017368093753686975,0.17630480120393544,0.023194491217293667,-0.001714755505700244,0.050724637681159424,0.021739130434782608,0.37425408912494446,0.24973742238899363,0.2554204124801692,0.0010576414595452142
SOURCE_ONLY__reported__L010,SOURCE_ONLY,reported,0.1,50,0.2637355923652649,0.8054256314312441,0.4619146498286023,0.3435109816026418,0.39380944330419915,0.23244567549835052,0.02130532626641396,0.39617312585854697,-0.0023636825543478235,0.04110679085756798,0.03346274590922202,0.2329076840078802,-0.0004620085095296822,-0.001714755505700244,0.050724637681159424,0.021739130434782608,0.40596802805466514,0.2650595372449241,0.24431517715494447,0.0026441036488630354
SOURCE_ONLY__reported__L010,SOURCE_ONLY,reported,0.1,75,0.2637355923652649,0.7970065481758652,0.37082204613770503,0.4261845020381602,0.4721605212174231,0.3244227930385719,0.020935504543802108,0.4571706793971344,0.014989841820288674,0.04110679085756798,0.01927235282287293,0.30009471892332296,0.024328074115248954,-0.001714755505700244,0.050724637681159424,0.021739130434782608,0.48131421597078367,0.3467687910571566,0.08408249603384453,0.004759386567953464
SOURCE_ONLY__reported__L010,SOURCE_ONLY,reported,0.1,100,0.2637355923652649,0.7932647333956969,0.32606809695270683,0.4671966364429901,0.5150781160240324,0.3719321370510056,0.01867016679632849,0.5189060086342396,-0.0038278926102072175,0.04110679085756798,0.008704755654705465,0.37327994112689433,-0.0013478040758887477,-0.001714755505700244,0.050724637681159424,0.021739130434782608,0.5247086043877852,0.3947870023481128,0.08408249603384453,0.007932310946589107
SOURCE_ONLY__reported__L010,SOURCE_ONLY,reported,0.1,125,0.2637355923652649,0.7782974742750234,0.28197065241509756,0.4963268218599258,0.5079307575328534,0.37402146413279763,0.010705179141002386,0.5143399186307513,-0.0064091610978979086,0.04110679085756798,0.008057008611589589,0.3751967394659054,-0.0011752753331077948,-0.001714755505700244,0.050724637681159424,0.021739130434782608,0.47333222093963273,0.35394749052940006,0.06980433632998413,0.010047593865679535
SOURCE_ONLY__reported__L010,SOURCE_ONLY,reported,0.1,150,0.2637355923652649,0.7698783910196445,0.24823255416747234,0.5216458368521721,0.4762066956824549,0.3557846810301017,-0.010788163629050718,0.5096414009222813,-0.03343470523982639,0.04110679085756798,-0.011259563307107201,0.3627405822567549,-0.006955901226653183,-0.001714755505700244,0.050724637681159424,0.021739130434782608,0.40168438175011806,0.29667379198286137,0.06980433632998413,0.015335801163405606
SOURCE_ONLY__reported__L010,SOURCE_ONLY,reported,0.1,200,0.2637355923652649,0.6351730589335828,0.17359426095278166,0.46157879798080115,0.4701368661242849,0.3654250447343096,0.014453583756493249,0.4510055247369096,0.019131341387375322,0.04110679085756798,0.011753686367101834,0.34201931967265153,0.023405725061658056,-0.001714755505700244,0.050724637681159424,0.021739130434782608,0.35746775036745637,0.2790618551033837,0.048651507139079855,0.023796932839767318
SOURCE_ONLY__reported__L010,SOURCE_ONLY,reported,0.1,250,0.2637355923652649,0.558465855940131,0.13639133991255092,0.42207451602758006,0.4686454637291305,0.37592210528925174,0.012936533222445035,0.4474091808841665,0.02123628284496404,0.04110679085756798,0.012443983207372444,0.35563703281196424,0.020285072477287502,-0.001714755505700244,0.050724637681159424,0.021739130434782608,0.339403151298042,0.2752593915155535,0.040719196192490745,0.03437334743521946
SOURCE_ONLY__reported__L010,SOURCE_ONLY,reported,0.1,300,0.2637355923652649,0.4331150608044902,0.11959017124361282,0.3135248895608774,0.45244266787620246,0.3732993930869319,0.016574479966043998,0.436701016810275,0.015741651065927453,0.04110679085756798,0.017552972184508464,0.3557085929644257,0.01759080012250619,-0.001714755505700244,0.050724637681159424,0.021739130434782608,0.3084736314889062,0.2643625338548012,0.040719196192490745,0.04547858276044421
SOURCE_ONLY__reported__L010,SOURCE_ONLY,reported,0.1,400,0.2637355923652649,0.20673526660430308,0.09540711722482133,0.11132814937948175,0.39016605373979646,0.3210072036066159,-0.02094657818362461,0.36721526370687324,0.02295079003292322,0.04110679085756798,-0.021041895229994945,0.2951514840946607,0.0258557195119552,-0.001714755505700244,0.050724637681159424,0.021739130434782608,0.21664641252647096,0.185770110696891,0.033315705975674244,0.07667900581702802
SOURCE_ONLY__reported__L025,SOURCE_ONLY,reported,0.25,25,0.2637355923652649,0.8297474275023387,0.5297722573986914,0.29997517010364727,0.35722621635425744,0.20020533921506264,0.001754362469120918,0.34106124008860617,0.016164976265651276,0.04139628647535676,0.018074140547520517,0.18013524538247452,0.02007009383258812,-0.0014252598879114647,0.050724637681159424,0.021739130434782608,0.37761202956222645,0.24992483086135256,0.24431517715494447,0.0010576414595452142
SOURCE_ONLY__reported__L025,SOURCE_ONLY,reported,0.25,50,0.2637355923652649,0.8175865294667914,0.4600430291406215,0.35754350032616994,0.41746667761801837,0.25557158781928885,0.04496256058023318,0.39881375163567473,0.018652925982343638,0.04139628647535676,0.05658865823016035,0.23302270237408204,0.022548885445206807,-0.0014252598879114647,0.050724637681159424,0.021739130434782608,0.43918978272080506,0.29823710144223636,0.2316234796404019,0.0021152829190904283
SOURCE_ONLY__reported__L025,SOURCE_ONLY,reported,0.25,75,0.2637355923652649,0.7913938260056127,0.35665829708864194,0.43473552891697076,0.5074900990418134,0.3607668506683225,0.05626508236819244,0.5032501244211884,0.0042399746206249755,0.04139628647535676,0.0556164104526235,0.316551989128076,0.04421486154024651,-0.0014252598879114647,0.050724637681159424,0.021739130434782608,0.5265973356104484,0.3945267083193882,0.08408249603384453,0.004230565838180857
SOURCE_ONLY__reported__L025,SOURCE_ONLY,reported,0.25,100,0.2637355923652649,0.784845650140318,0.3188829317110399,0.46596271842927817,0.5235425722033771,0.37876412662686926,0.02713462297567315,0.5480691378340267,-0.02452656563064959,0.04139628647535676,0.015536745230569138,0.3681285656628289,0.010635560964040336,-0.0014252598879114647,0.050724637681159424,0.021739130434782608,0.5340252798158236,0.4021729235591562,0.08408249603384453,0.007403490216816499
SOURCE_ONLY__reported__L025,SOURCE_ONLY,reported,0.25,125,0.2637355923652649,0.784845650140318,0.2810293312036634,0.5038163189366547,0.5601330346863123,0.41874308870487614,0.0629074562944612,0.5555872921357254,0.004545742550586818,0.04139628647535676,0.0527786331836681,0.3957695484318247,0.02297354027305143,-0.0014252598879114647,0.050724637681159424,0.021739130434782608,0.5695381996480323,0.44006844843169873,0.06874669487043893,0.010576414595452142
SOURCE_ONLY__reported__L025,SOURCE_ONLY,reported,0.25,150,0.2637355923652649,0.7773620205799813,0.24808666725959386,0.5292753533203874,0.5812785185254445,0.45880496966056106,0.09428365921393894,0.5397899985260752,0.04148851999936931,0.04139628647535676,0.09176072532335217,0.3845288229596849,0.07427614670087618,-0.0014252598879114647,0.050724637681159424,0.021739130434782608,0.585257787624952,0.4794805986436588,0.06874669487043893,0.015864621893178214
SOURCE_ONLY__reported__L025,SOURCE_ONLY,reported,0.25,200,0.2637355923652649,0.735266604303087,0.17345471081073233,0.5618118934923546,0.5870137158267634,0.4815047056253042,0.13133043345897177,0.49075697061767004,0.09625674520909339,0.04139628647535676,0.12783334725809642,0.3726507366368551,0.10885396898844907,-0.0014252598879114647,0.050724637681159424,0.021739130434782608,0.5609387062120249,0.48165606275494605,0.048651507139079855,0.02538339502908514
SOURCE_ONLY__reported__L025,SOURCE_ONLY,reported,0.25,250,0.2637355923652649,0.6136576239476146,0.13549176157021192,0.47816586237740266,0.5001949007058625,0.4103980365884725,0.044485970199176994,0.46830960016992373,0.03188530053593874,0.04139628647535676,0.04691991450659322,0.37125280775144925,0.03914522883702326,-0.0014252598879114647,0.050724637681159424,0.021739130434782608,0.4018980167322502,0.3421770901298662,0.040719196192490745,0.03648863035430989
SOURCE_ONLY__reported__L025,SOURCE_ONLY,reported,0.25,300,0.2637355923652649,0.49111318989710007,0.11982679603831725,0.3712863938587828,0.4692160764610508,0.38882722536146885,0.033347888550892324,0.470568768835291,-0.001352692374240183,0.04139628647535676,0.03308080445904543,0.38643557905169357,0.002391646309775286,-0.0014252598879114647,0.050724637681159424,0.021739130434782608,0.3486921766916909,0.3029159304978652,0.040719196192490745,0.048122686409307246
SOURCE_ONLY__reported__L025,SOURCE_ONLY,reported,0.25,400,0.2637355923652649,0.2600561272217025,0.08987009702873791,0.1701860301929646,0.4269224442756797,0.36091783095012886,0.015809812352258645,0.37826524217302004,0.04865720210265967,0.04139628647535676,0.018868732113518027,0.30483733988950973,0.05608049106061913,-0.0014252598879114647,0.050724637681159424,0.021739130434782608,0.27053974946941833,0.24036792788512726,0.033844526705446853,0.07615018508725542
SOURCE_ONLY__reported__L050,SOURCE_ONLY,reported,0.5,25,0.2637355923652649,0.8288119738072965,0.530791011860779,0.2980209619465175,0.35538150068996704,0.19476064394539408,-9.035319516947915e-05,0.3063182435181182,0.04906325717184884,0.041513357004594575,0.012629445277851953,0.13580108348525863,0.05895956046013545,-0.0013081893586736476,0.050724637681159424,0.021739130434782608,0.37569932029551484,0.24503952825089137,0.25013220518244317,0.0010576414595452142
SOURCE_ONLY__reported__L050,SOURCE_ONLY,reported,0.5,50,0.2637355923652649,0.8194574368568756,0.45441079041263216,0.3650466464442434,0.42313408621633647,0.25918063441530187,0.05062996917855128,0.42351875376741094,-0.00038466755107446904,0.041513357004594575,0.06019770482617337,0.2013976314308119,0.05778300298448996,-0.0013081893586736476,0.050724637681159424,0.021739130434782608,0.44386416599351736,0.29668086999104953,0.24008461131676362,0.0026441036488630354
SOURCE_ONLY__reported__L050,SOURCE_ONLY,reported,0.5,75,0.2637355923652649,0.8129092609915809,0.3794822354347386,0.4334270255568423,0.5011619971945906,0.3600707762538739,0.049936980520969676,0.4627505564593728,0.03841144073521785,0.041513357004594575,0.05492033603817492,0.23785175167974007,0.12221902457413383,-0.0013081893586736476,0.050724637681159424,0.021739130434782608,0.5261790975081068,0.39825053148790973,0.15494447382337387,0.005288207297726071
SOURCE_ONLY__reported__L050,SOURCE_ONLY,reported,0.5,100,0.2637355923652649,0.8091674462114126,0.3188006239150224,0.49036682229639017,0.5612602602250945,0.41782330735183965,0.06485231099739053,0.5214362268418059,0.03982403338328855,0.041513357004594575,0.054595925955539526,0.33069398435404196,0.08712932299779769,-0.0013081893586736476,0.050724637681159424,0.021739130434782608,0.5872441622374824,0.46089455883449415,0.08778424114225278,0.006874669487043892
SOURCE_ONLY__reported__L050,SOURCE_ONLY,reported,0.5,125,0.2637355923652649,0.7867165575304023,0.2724418784179423,0.5142746791124599,0.5734398659497493,0.43294362010186355,0.07621428755789822,0.5624710898750349,0.01096877607471436,0.041513357004594575,0.0669791645806555,0.3871791096021482,0.04576451049971536,-0.0013081893586736476,0.050724637681159424,0.021739130434782608,0.584221745730796,0.46039646122763433,0.06398730830248546,0.01269169751454257
SOURCE_ONLY__reported__L050,SOURCE_ONLY,reported,0.5,150,0.2637355923652649,0.7857811038353602,0.2461184617647591,0.539662642070601,0.5984437061120316,0.46537814162992314,0.11144884680052597,0.5743183702323399,0.02412533587969168,0.041513357004594575,0.09833389729271425,0.4143965861601747,0.05098155546974842,-0.0013081893586736476,0.050724637681159424,0.021739130434782608,0.608714800600342,0.5009791273786007,0.06398730830248546,0.017979904812268643
SOURCE_ONLY__reported__L050,SOURCE_ONLY,reported,0.5,200,0.2637355923652649,0.7380729653882133,0.17496966802107763,0.5631032973671357,0.6296845813953811,0.524599632235662,0.17400129902758943,0.52484020972591,0.10484437166947114,0.041513357004594575,0.17092827386845422,0.3931133642200594,0.1314862680156026,-0.0013081893586736476,0.050724637681159424,0.021739130434782608,0.6220451325723889,0.5441495881250732,0.047593865679534636,0.028556319407720784
SOURCE_ONLY__reported__L050,SOURCE_ONLY,reported,0.5,250,0.2637355923652649,0.6220767072029935,0.13984727428262209,0.48222943292037135,0.5617985529727928,0.4758675002930538,0.10608962246610731,0.4996396980638161,0.06215885490897671,0.041513357004594575,0.1123893782111745,0.3977036456489505,0.0781638546441033,-0.0013081893586736476,0.050724637681159424,0.021739130434782608,0.5144806409449939,0.45574919684262144,0.04336329984135378,0.03648863035430989
SOURCE_ONLY__reported__L050,SOURCE_ONLY,reported,0.5,300,0.2637355923652649,0.5799812909260992,0.1112140576335386,0.4687672332925606,0.5183631723950297,0.4390582929907968,0.08249498448487125,0.4816318823929386,0.03673129000209113,0.041513357004594575,0.08331187208837337,0.39707921969816723,0.041979073292629565,-0.0013081893586736476,0.050724637681159424,0.021739130434782608,0.41820254314211996,0.36791725700687355,0.0370174510840825,0.05023796932839767
SOURCE_ONLY__reported__L050,SOURCE_ONLY,reported,0.5,400,0.2637355923652649,0.31711880261927033,0.08021580540479765,0.23690299721447267,0.4661943559071037,0.40014386844744104,0.05508172398368261,0.39840224980115974,0.06779210610594394,0.041513357004594575,0.05809476961083021,0.3312481143512457,0.06889575409619536,-0.0013081893586736476,0.050724637681159424,0.021739130434782608,0.32655366990560114,0.2936835620872193,0.026969857218402962,0.07615018508725542
SOURCE_ONLY__reported__L075,SOURCE_ONLY,reported,0.75,25,0.2637355923652649,0.8391019644527596,0.5439149237801935,0.2951870406725662,0.34572229377827457,0.1892794249633882,-0.009749560106861954,0.30960209164118396,0.03612020213709061,0.041492500519277435,0.007148226295846077,0.15666362511112245,0.03261579985226576,-0.001329045843990788,0.050724637681159424,0.021739130434782608,0.3624279981930276,0.23584715093360312,0.2596509783183501,0.0010576414595452142
SOURCE_ONLY__reported__L075,SOURCE_ONLY,reported,0.75,50,0.2637355923652649,0.8194574368568756,0.4451864478871099,0.37427098896976563,0.442130855791334,0.27945497415080933,0.0696267387535488,0.45731691307849043,-0.01518605728715644,0.041492500519277435,0.08047204456168083,0.22481916052286646,0.05463581362794287,-0.001329045843990788,0.050724637681159424,0.021739130434782608,0.4677345245442284,0.32810612798531924,0.22950819672131148,0.0021152829190904283
SOURCE_ONLY__reported__L075,SOURCE_ONLY,reported,0.75,75,0.2637355923652649,0.8101028999064547,0.3713892888924934,0.4387136110139613,0.5084632837383282,0.36560109409080777,0.05723826706470719,0.500071408008762,0.008391875729566123,0.041492500519277435,0.060450653875108784,0.28217404955770403,0.08342704453310373,-0.001329045843990788,0.050724637681159424,0.021739130434782608,0.5343772767514214,0.41225469880498594,0.14701216287678476,0.004759386567953464
SOURCE_ONLY__reported__L075,SOURCE_ONLY,reported,0.75,100,0.2637355923652649,0.8082319925163705,0.3121274983519671,0.49610449416440333,0.5674930408145996,0.4260248464955448,0.07108509158689569,0.5244365593053806,0.043056481509219036,0.041492500519277435,0.06279746509924466,0.32048197652520444,0.10554286997034035,-0.001329045843990788,0.050724637681159424,0.021739130434782608,0.5936339582960644,0.469973578762451,0.07826546800634585,0.006874669487043892
SOURCE_ONLY__reported__L075,SOURCE_ONLY,reported,0.75,125,0.2637355923652649,0.804490177736202,0.2641718671338139,0.5403183106023881,0.5986253140010184,0.4559939004030267,0.10139973560916732,0.555860228976623,0.042765085024395355,0.041492500519277435,0.09002944488181863,0.3728644783895839,0.08312942201344276,-0.001329045843990788,0.050724637681159424,0.021739130434782608,0.617123009383464,0.49666357433150976,0.06398730830248546,0.012162876784769964
SOURCE_ONLY__reported__L075,SOURCE_ONLY,reported,0.75,150,0.2637355923652649,0.7857811038353602,0.2500943026596639,0.5356868011756962,0.5946508003450843,0.45551988745607314,0.10765594103357873,0.5720432793893331,0.022607520955751248,0.041492500519277435,0.08847564311886424,0.3965164508018963,0.059003436654176844,-0.001329045843990788,0.050724637681159424,0.021739130434782608,0.6050611110501417,0.48664168784549156,0.06398730830248546,0.019037546271813855
SOURCE_ONLY__reported__L075,SOURCE_ONLY,reported,0.75,200,0.2637355923652649,0.7390084190832554,0.1712402910813788,0.5677681280018766,0.6538121919775317,0.5499371443005924,0.19812890960974006,0.5421954319724499,0.1116167600050818,0.041492500519277435,0.19626578593338462,0.41672508120412116,0.1332120630964712,-0.001329045843990788,0.050724637681159424,0.021739130434782608,0.6550462594754007,0.5762059267727405,0.047593865679534636,0.026969857218402962
SOURCE_ONLY__reported__L075,SOURCE_ONLY,reported,0.75,250,0.2637355923652649,0.6005612722170253,0.1439232825884713,0.45663798962855395,0.6005429723115541,0.5087659664701913,0.14483404180486859,0.4949667868557442,0.10557618545580988,0.041492500519277435,0.14528784438831205,0.3938918660331871,0.11487410043700425,-0.001329045843990788,0.050724637681159424,0.021739130434782608,0.5679704229056705,0.5025866823665389,0.04230565838180857,0.03913273400317292
SOURCE_ONLY__reported__L075,SOURCE_ONLY,reported,0.75,300,0.2637355923652649,0.5949485500467727,0.12304529736875953,0.4719032526780132,0.5943360824383789,0.5120001866994476,0.1584678945282204,0.48268677757743483,0.11164930486094404,0.041492500519277435,0.15625376579702416,0.4030230979504572,0.10897708874899037,-0.001329045843990788,0.050724637681159424,0.021739130434782608,0.5501437998097854,0.49401191648674053,0.03966155473294553,0.05023796932839767
SOURCE_ONLY__reported__L075,SOURCE_ONLY,reported,0.75,400,0.2637355923652649,0.3246024321796071,0.08149357929620152,0.24310885288340559,0.4715243574832761,0.40188920204007816,0.06041172555985502,0.4238035911343687,0.04772076634890737,0.041492500519277435,0.05984010320346733,0.3574525936310444,0.04443660840903374,-0.001329045843990788,0.050724637681159424,0.021739130434782608,0.3343549573273407,0.29541799491925447,0.026969857218402962,0.07932310946589106
SOURCE_ONLY__reported__L100,SOURCE_ONLY,reported,1.0,25,0.2637355923652649,0.8362956033676333,0.5079793083154659,0.3283162950521674,0.32316337096461945,0.16300571516814924,-0.03230848292051708,0.3783981928389957,-0.05523482187437623,0.041412054424464405,-0.019125483499392887,0.13808489850176722,0.024920816666382017,-0.0014094919388038182,0.050724637681159424,0.021739130434782608,0.3168902496537818,0.19651002078562976,0.24378635642517188,0.0005288207297726071
SOURCE_ONLY__reported__L100,SOURCE_ONLY,reported,1.0,50,0.2637355923652649,0.8166510757717493,0.42688824219905436,0.389762833572695,0.39112703201721755,0.22810121578524503,0.01862291497943236,0.4383543494562461,-0.04722731743902853,0.041412054424464405,0.029118286196116533,0.1931941498024025,0.034907065982842544,-0.0014094919388038182,0.050724637681159424,0.021739130434782608,0.3874996063528391,0.26085546710043656,0.22051824431517716,0.0021152829190904283
SOURCE_ONLY__reported__L100,SOURCE_ONLY,reported,1.0,75,0.2637355923652649,0.8091674462114126,0.3483353765984629,0.46083206961294965,0.47268997517213523,0.32482791711276654,0.021464958498514264,0.45564985997327934,0.0170401151988559,0.041412054424464405,0.01967747689706756,0.22617888021161103,0.0986490369011555,-0.0014094919388038182,0.050724637681159424,0.021739130434782608,0.4738557039784384,0.3493187472773615,0.12374405076679006,0.005288207297726071
SOURCE_ONLY__reported__L100,SOURCE_ONLY,reported,1.0,100,0.2637355923652649,0.8072965388213283,0.3085686245249438,0.4987279142963845,0.5122739693566549,0.373338979594207,0.015866020128950997,0.5081097020656945,0.004164267290960422,0.041412054424464405,0.010111598197906857,0.3029578290929555,0.07038115050125149,-0.0014094919388038182,0.050724637681159424,0.021739130434782608,0.513891649411787,0.39650594023424884,0.08038075092543628,0.006874669487043892
SOURCE_ONLY__reported__L100,SOURCE_ONLY,reported,1.0,125,0.2637355923652649,0.8026192703461179,0.28156929853637075,0.5210499718097472,0.522453556277607,0.38858127088731953,0.02522797788575598,0.5438740587792048,-0.02142050250159777,0.041412054424464405,0.022616815366111487,0.3525713320018364,0.03600993888548315,-0.0014094919388038182,0.050724637681159424,0.021739130434782608,0.5171278069123337,0.40066030129100144,0.07350608143839238,0.01110523532522475
SOURCE_ONLY__reported__L100,SOURCE_ONLY,reported,1.0,150,0.2637355923652649,0.8026192703461179,0.2476580805024894,0.5549611898436285,0.5552297650292283,0.43185474616609515,0.06823490571772267,0.5582951860097414,-0.0030654209805131005,0.041412054424464405,0.06481050182888626,0.3924622473397753,0.039392498826319844,-0.0014094919388038182,0.050724637681159424,0.021739130434782608,0.5489361341066986,0.4458614571715511,0.06345848757271286,0.01850872554204125
SOURCE_ONLY__reported__L100,SOURCE_ONLY,reported,1.0,200,0.2637355923652649,0.676333021515435,0.1728748892054802,0.5034581323099547,0.5939150868499784,0.4963048154659586,0.13823180448218675,0.5312656241115343,0.06264946273844407,0.041412054424464405,0.14263345709875086,0.4012104298006792,0.09509438566527939,-0.0014094919388038182,0.050724637681159424,0.021739130434782608,0.5713714129748491,0.4974933585694179,0.046007403490216814,0.025912215758857746
SOURCE_ONLY__reported__L100,SOURCE_ONLY,reported,1.0,250,0.2637355923652649,0.6342376052385407,0.14993759359858572,0.48430001163995495,0.6005056415176881,0.5044657503421055,0.14479671101100267,0.5221594795716555,0.07834616194603261,0.041412054424464405,0.1409876282602262,0.4152973625398076,0.08916838780229791,-0.0014094919388038182,0.050724637681159424,0.021739130434782608,0.5706485131269726,0.5021141805828883,0.04230565838180857,0.03860391327340032
SOURCE_ONLY__reported__L100,SOURCE_ONLY,reported,1.0,300,0.2637355923652649,0.568755846585594,0.11188024416087099,0.45687560242472297,0.5448896930480792,0.4598277062859832,0.10902150513792075,0.4586242477666093,0.0862654452814699,0.041412054424464405,0.10408128538355976,0.3728189826918394,0.0870087235941438,-0.0014094919388038182,0.050724637681159424,0.021739130434782608,0.45292445995289227,0.39221614867319116,0.03225806451612903,0.0523532522474881
SOURCE_ONLY__reported__L100,SOURCE_ONLY,reported,1.0,400,0.2637355923652649,0.3199251637043966,0.08239275351607832,0.23753241018831828,0.41077454809371794,0.34140805693332854,-0.00033808382970312856,0.438964533345597,-0.028189985251879046,0.041412054424464405,-0.0006410419032822912,0.3717768289362879,-0.030368772002959343,-0.0014094919388038182,0.050724637681159424,0.021739130434782608,0.25094083352252106,0.2122466741395882,0.026969857218402962,0.07985193019566367
SOURCE_ONLY__optimistic__L010,SOURCE_ONLY,optimistic,0.1,25,0.2637355923652649,0.8203928905519177,0.5610264681315145,0.2593664224204032,0.3320863143582385,0.18753292726237974,-0.023385539526898036,0.33653781410078343,-0.00445149974254494,0.04031502640443081,0.005401728594837618,0.17630480120393544,0.01122812605844431,-0.002506519958837411,0.050724637681159424,0.021739130434782608,0.3531589744305845,0.2382639771516446,0.3421470121628768,0.0010576414595452142
SOURCE_ONLY__optimistic__L010,SOURCE_ONLY,optimistic,0.1,50,0.2637355923652649,0.8072965388213283,0.4639750879951454,0.34332145082618293,0.43081036493022756,0.26970982998926485,0.058306247892442375,0.39617312585854697,0.03463723907168059,0.04031502640443081,0.07072690040013635,0.2329076840078802,0.03680214598138465,-0.002506519958837411,0.050724637681159424,0.021739130434782608,0.459251178665514,0.31653180661086544,0.24484399788471709,0.0031729243786356425
SOURCE_ONLY__optimistic__L010,SOURCE_ONLY,optimistic,0.1,75,0.2637355923652649,0.7988774555659495,0.3760458979323165,0.42283155763363295,0.5061577369351367,0.3580890784899655,0.05493272026151569,0.4571706793971344,0.048987057538002254,0.04031502640443081,0.052938638274266536,0.30009471892332296,0.05799435956664256,-0.002506519958837411,0.050724637681159424,0.021739130434782608,0.5317098912186613,0.39615677903511076,0.08514013749338974,0.005817028027498678
SOURCE_ONLY__optimistic__L010,SOURCE_ONLY,optimistic,0.1,100,0.2637355923652649,0.7913938260056127,0.32420047986581524,0.46719334613979746,0.5324446753048365,0.38941989003319094,0.0360367260771326,0.5189060086342396,0.013538666670596888,0.04031502640443081,0.02619250863689082,0.37327994112689433,0.01613994890629661,-0.002506519958837411,0.050724637681159424,0.021739130434782608,0.526270003444396,0.39394159524693717,0.08408249603384453,0.008989952406134321
SOURCE_ONLY__optimistic__L010,SOURCE_ONLY,optimistic,0.1,125,0.2637355923652649,0.7782974742750234,0.28055143696289964,0.49774603731212375,0.5092813411943391,0.37640535238588185,0.012055762802488046,0.5143399186307513,-0.005058577436412248,0.04031502640443081,0.01044089686467381,0.3751967394659054,0.0012086129199764262,-0.002506519958837411,0.050724637681159424,0.021739130434782608,0.4746321005952592,0.3540640948989953,0.06980433632998413,0.010047593865679535
SOURCE_ONLY__optimistic__L010,SOURCE_ONLY,optimistic,0.1,150,0.2637355923652649,0.7698783910196445,0.24671424345030837,0.5231641475693362,0.47766806894115194,0.3587347783419778,-0.009326790370353666,0.5096414009222813,-0.03197333198112934,0.04031502640443081,-0.00830946599523108,0.3627405822567549,-0.004005803914777062,-0.002506519958837411,0.050724637681159424,0.021739130434782608,0.4031002449491457,0.2979886009600295,0.06980433632998413,0.015335801163405606
SOURCE_ONLY__optimistic__L010,SOURCE_ONLY,optimistic,0.1,200,0.2637355923652649,0.6351730589335828,0.1680525456889265,0.4671205132446563,0.47543841887181,0.3729755604975913,0.019755136504018334,0.4510055247369096,0.024432894134900407,0.04031502640443081,0.01930420213038353,0.34201931967265153,0.03095624082493975,-0.002506519958837411,0.050724637681159424,0.021739130434782608,0.3625821721423291,0.28384796493242764,0.048651507139079855,0.0222104706504495
SOURCE_ONLY__optimistic__L010,SOURCE_ONLY,optimistic,0.1,250,0.2637355923652649,0.558465855940131,0.13535019081585148,0.4231156651242795,0.47423064227895867,0.38079582440488685,0.018521711772273186,0.4474091808841665,0.02682146139479219,0.04031502640443081,0.017317702323007556,0.35563703281196424,0.025158791592922614,-0.002506519958837411,0.050724637681159424,0.021739130434782608,0.3473034318223986,0.28285768573702824,0.04019037546271814,0.033844526705446853
SOURCE_ONLY__optimistic__L010,SOURCE_ONLY,optimistic,0.1,300,0.2637355923652649,0.441534144059869,0.12148316960124814,0.32005097445862085,0.4448999431222093,0.3635052333280234,0.009031755212050852,0.436701016810275,0.008198926311934307,0.04031502640443081,0.0077588124256000035,0.3557085929644257,0.007796640363597729,-0.002506519958837411,0.050724637681159424,0.021739130434782608,0.298344292442672,0.25032842389101245,0.04019037546271814,0.04547858276044421
SOURCE_ONLY__optimistic__L010,SOURCE_ONLY,optimistic,0.1,400,0.2637355923652649,0.21983161833489243,0.10217458635336765,0.11765703198152477,0.3475226802472529,0.2807066268459548,-0.06358995167616815,0.36721526370687324,-0.019692583459620328,0.04031502640443081,-0.06134247199065601,0.2951514840946607,-0.014444857248705867,-0.002506519958837411,0.050724637681159424,0.021739130434782608,0.1498920328363334,0.12185072287953973,0.04019037546271814,0.07985193019566367
SOURCE_ONLY__optimistic__L025,SOURCE_ONLY,optimistic,0.25,25,0.2637355923652649,0.823199251637044,0.5486680933822041,0.27453115825483987,0.3476204046856644,0.1925745665521009,-0.007851449199472116,0.34106124008860617,0.006559164597058242,0.04072443607108216,0.010443367884558769,0.18013524538247452,0.012439321169626372,-0.0020971102921860663,0.050724637681159424,0.021739130434782608,0.3687698079127267,0.24311418081255423,0.2548915917503966,0.0015864621893178213
SOURCE_ONLY__optimistic__L025,SOURCE_ONLY,optimistic,0.25,50,0.2637355923652649,0.8091674462114126,0.4815493695995409,0.32761807661187164,0.4144508704579697,0.24449415752080902,0.0419467534201845,0.39881375163567473,0.01563711882229496,0.04072443607108216,0.045511227931680526,0.23302270237408204,0.011471455146726983,-0.0020971102921860663,0.050724637681159424,0.021739130434782608,0.44275872784795295,0.299018328016147,0.24378635642517188,0.0031729243786356425
SOURCE_ONLY__optimistic__L025,SOURCE_ONLY,optimistic,0.25,75,0.2637355923652649,0.7988774555659495,0.3744828973230975,0.424394558242852,0.5076545562754919,0.3576353207588075,0.05642953960187097,0.5032501244211884,0.004404431854303503,0.04072443607108216,0.052484880543108514,0.316551989128076,0.04108333163073152,-0.0020971102921860663,0.050724637681159424,0.021739130434782608,0.5331538676196846,0.39906606029214015,0.08514013749338974,0.005817028027498678
SOURCE_ONLY__optimistic__L025,SOURCE_ONLY,optimistic,0.25,100,0.2637355923652649,0.7913938260056127,0.3218263991902141,0.4695674268153986,0.5347373607507063,0.38949240887532455,0.0383294115230024,0.5480691378340267,-0.01333177708332034,0.04072443607108216,0.026265027479024428,0.3681285656628289,0.021363843212495626,-0.0020971102921860663,0.050724637681159424,0.021739130434782608,0.5284932255473903,0.39797498919309704,0.08408249603384453,0.007932310946589107
SOURCE_ONLY__optimistic__L025,SOURCE_ONLY,optimistic,0.25,125,0.2637355923652649,0.7782974742750234,0.27979772032023065,0.49849975395479273,0.509987408236491,0.37162971308857246,0.012761829844639971,0.5555872921357254,-0.04559988389923442,0.04072443607108216,0.005665257567364412,0.3957695484318247,-0.02413983534325226,-0.0020971102921860663,0.050724637681159424,0.021739130434782608,0.4753040758546692,0.35206811675465627,0.06980433632998413,0.01110523532522475
SOURCE_ONLY__optimistic__L025,SOURCE_ONLY,optimistic,0.25,150,0.2637355923652649,0.7698783910196445,0.23410950476605716,0.5357688862535873,0.48974566245934537,0.36286599386919993,0.0027508031478397643,0.5397899985260752,-0.050044336066729866,0.04072443607108216,-0.004178250468008959,0.3845288229596849,-0.021662829090484947,-0.0020971102921860663,0.050724637681159424,0.021739130434782608,0.4147613737644007,0.3057724986796309,0.06980433632998413,0.014278159703860392
SOURCE_ONLY__optimistic__L025,SOURCE_ONLY,optimistic,0.25,200,0.2637355923652649,0.5659494855004678,0.167910416410329,0.39803906909013875,0.46569430684039087,0.35971541259976897,0.010011024472599217,0.49075697061767004,-0.02506266377727917,0.04072443607108216,0.0060440542325612134,0.3726507366368551,-0.012935324037086138,-0.0020971102921860663,0.050724637681159424,0.021739130434782608,0.3484256824504333,0.26840715149632416,0.04177683765203596,0.02168164992067689
SOURCE_ONLY__optimistic__L025,SOURCE_ONLY,optimistic,0.25,250,0.2637355923652649,0.558465855940131,0.1362493650357283,0.4222164909044027,0.47337321089323353,0.38038544599921525,0.017664280386548048,0.46830960016992373,0.005063610723309797,0.04072443607108216,0.01690732391733596,0.37125280775144925,0.009132638247766,-0.0020971102921860663,0.050724637681159424,0.021739130434782608,0.3464779370261108,0.2820827975370758,0.041248016922263354,0.034902168164992066
SOURCE_ONLY__optimistic__L025,SOURCE_ONLY,optimistic,0.25,300,0.2637355923652649,0.4331150608044902,0.1216724694370117,0.3114425913674785,0.4504570372987339,0.37008438365226876,0.014588849388575409,0.470568768835291,-0.020111731536557098,0.04072443607108216,0.014337962749845334,0.38643557905169357,-0.01635119539942481,-0.0020971102921860663,0.050724637681159424,0.021739130434782608,0.306561959329082,0.25962619928788827,0.04019037546271814,0.046007403490216814
SOURCE_ONLY__optimistic__L025,SOURCE_ONLY,optimistic,0.25,400,0.2637355923652649,0.2076707202993452,0.1026478359427765,0.10502288435656869,0.3489993487833334,0.2812208321988688,-0.06211328314008768,0.37826524217302004,-0.02926589338968666,0.04072443607108216,-0.060828266637742046,0.30483733988950973,-0.023616507690640942,-0.0020971102921860663,0.050724637681159424,0.021739130434782608,0.15302299696061755,0.12377368141247148,0.04019037546271814,0.07879428873611846
SOURCE_ONLY__optimistic__L050,SOURCE_ONLY,optimistic,0.5,25,0.2637355923652649,0.8362956033676333,0.532563304383064,0.3037322989845693,0.3808997469166243,0.2236241395389899,0.02542789303148779,0.3063182435181182,0.07458150339850611,0.04107809389860136,0.04149294087144778,0.13580108348525863,0.08782305605373128,-0.00174345246466686,0.050724637681159424,0.021739130434782608,0.41232414683315755,0.28254994393311245,0.24907456372289793,0.0010576414595452142
SOURCE_ONLY__optimistic__L050,SOURCE_ONLY,optimistic,0.5,50,0.2637355923652649,0.8260056127221702,0.45976770850950704,0.36623790421266317,0.4539731609429639,0.28955560286919857,0.08146904390517873,0.42351875376741094,0.030454407175552978,0.04107809389860136,0.09057267328007007,0.2013976314308119,0.08815797143838666,-0.00174345246466686,0.050724637681159424,0.021739130434782608,0.49080096075159035,0.3457445366921526,0.23479640401903754,0.0026441036488630354
SOURCE_ONLY__optimistic__L050,SOURCE_ONLY,optimistic,0.5,75,0.2637355923652649,0.7988774555659495,0.3760479610857268,0.42282949448022267,0.5061455113445962,0.35201988285561386,0.054920494670975206,0.4627505564593728,0.04339495488522338,0.04107809389860136,0.04686944263991488,0.23785175167974007,0.1141681311758738,-0.00174345246466686,0.050724637681159424,0.021739130434782608,0.5316974252941502,0.3950988516586122,0.08408249603384453,0.004759386567953464
SOURCE_ONLY__optimistic__L050,SOURCE_ONLY,optimistic,0.5,100,0.2637355923652649,0.7913938260056127,0.3199367349778838,0.4714570910277289,0.5365265727547381,0.3919680214685046,0.040118623527034214,0.5214362268418059,0.015090345912932235,0.04107809389860136,0.028740640072204504,0.33069398435404196,0.061274037114462665,-0.00174345246466686,0.050724637681159424,0.021739130434782608,0.5302089381841297,0.39814861751916236,0.08408249603384453,0.007932310946589107
SOURCE_ONLY__optimistic__L050,SOURCE_ONLY,optimistic,0.5,125,0.2637355923652649,0.7782974742750234,0.28093291039415796,0.4973645638808654,0.5089071878311425,0.37301956060213026,0.011681609439291474,0.5624710898750349,-0.053563902043892386,0.04107809389860136,0.007055105080922219,0.3871791096021482,-0.014159549000017924,-0.00174345246466686,0.050724637681159424,0.021739130434782608,0.47426592354132274,0.35246878425194555,0.06980433632998413,0.01110523532522475
SOURCE_ONLY__optimistic__L050,SOURCE_ONLY,optimistic,0.5,150,0.2637355923652649,0.7708138447146866,0.24425541110018928,0.5265584336144973,0.4996131701684624,0.3791656817113337,0.012618310856956805,0.5743183702323399,-0.07470520006387749,0.04107809389860136,0.0121214373741248,0.4143965861601747,-0.03523090444884103,-0.00174345246466686,0.050724637681159424,0.021739130434782608,0.4331239603189872,0.32899182118382264,0.06980433632998413,0.014806980433632998
SOURCE_ONLY__optimistic__L050,SOURCE_ONLY,optimistic,0.5,200,0.2637355923652649,0.656688493919551,0.17056465533564066,0.4861238385839103,0.523674789475021,0.42070183003133504,0.06799150710722934,0.52484020972591,-0.0011654202508889488,0.04107809389860136,0.06703047166412729,0.3931133642200594,0.027588465811275664,-0.00174345246466686,0.050724637681159424,0.021739130434782608,0.43488665483400385,0.35790623507094427,0.04336329984135378,0.023268112109994712
SOURCE_ONLY__optimistic__L050,SOURCE_ONLY,optimistic,0.5,250,0.2637355923652649,0.558465855940131,0.13525473265304525,0.42321112328708577,0.46973226834627174,0.3762026112213363,0.014023337839586258,0.4996396980638161,-0.029907429717544343,0.04107809389860136,0.012724489139457007,0.3977036456489505,-0.021501034427614196,-0.00174345246466686,0.050724637681159424,0.021739130434782608,0.3404511705405495,0.2754464577039232,0.040719196192490745,0.034902168164992066
SOURCE_ONLY__optimistic__L050,SOURCE_ONLY,optimistic,0.5,300,0.2637355923652649,0.4331150608044902,0.12233501886218408,0.31078004194230613,0.44982524575135757,0.3693941816668382,0.013957057841199105,0.4816318823929386,-0.03180663664158101,0.04107809389860136,0.013647760764414762,0.39707921969816723,-0.027685038031329046,-0.00174345246466686,0.050724637681159424,0.021739130434782608,0.30595370000550154,0.2592596066292366,0.040719196192490745,0.04706504494976203
SOURCE_ONLY__optimistic__L050,SOURCE_ONLY,optimistic,0.5,400,0.2637355923652649,0.205799812909261,0.09531246730693954,0.11048734560232146,0.41494436671613416,0.34788730400436246,0.003831734792713093,0.39840224980115974,0.016542116914974425,0.04107809389860136,0.005838205167751631,0.3312481143512457,0.01663918965311678,-0.00174345246466686,0.050724637681159424,0.021739130434782608,0.24412445333945246,0.21631380760716978,0.033844526705446853,0.0750925436277102
SOURCE_ONLY__optimistic__L075,SOURCE_ONLY,optimistic,0.75,25,0.2637355923652649,0.8325537885874649,0.534094143243802,0.29845964534366287,0.3599164681812778,0.20163838970662207,0.0044446142961412916,0.30960209164118396,0.05031437654009385,0.04116693316601252,0.01950719103907994,0.15666362511112245,0.04497476459549962,-0.001654613197255704,0.050724637681159424,0.021739130434782608,0.38329619645495105,0.25334106587692756,0.24484399788471709,0.0010576414595452142
SOURCE_ONLY__optimistic__L075,SOURCE_ONLY,optimistic,0.75,50,0.2637355923652649,0.8222637979420019,0.4625608595201719,0.35970293842183,0.4315334471517787,0.26636341772444533,0.05902933011399353,0.45731691307849043,-0.025783465926711713,0.04116693316601252,0.06738048813531683,0.22481916052286646,0.041544257201578866,-0.001654613197255704,0.050724637681159424,0.021739130434782608,0.46019656552307814,0.315092125284189,0.23479640401903754,0.0026441036488630354
SOURCE_ONLY__optimistic__L075,SOURCE_ONLY,optimistic,0.75,75,0.2637355923652649,0.7960710944808232,0.3646079580507978,0.43146313643002543,0.516408591208816,0.3664605767357649,0.06518357453519502,0.500071408008762,0.01633718320005395,0.04116693316601252,0.061310136520065894,0.28217404955770403,0.08428652717806084,-0.001654613197255704,0.050724637681159424,0.021739130434782608,0.5426518352237569,0.4120526809950691,0.08408249603384453,0.004759386567953464
SOURCE_ONLY__optimistic__L075,SOURCE_ONLY,optimistic,0.75,100,0.2637355923652649,0.7932647333956969,0.3249042446907487,0.46836048870494823,0.5501146568264897,0.4056374899531264,0.05370670759878582,0.5244365593053806,0.025678097521109167,0.04116693316601252,0.042410108556826254,0.32048197652520444,0.08515551342792194,-0.001654613197255704,0.050724637681159424,0.021739130434782608,0.5742693043383402,0.4449184078337755,0.08408249603384453,0.008989952406134321
SOURCE_ONLY__optimistic__L075,SOURCE_ONLY,optimistic,0.75,125,0.2637355923652649,0.7801683816651076,0.2855250085126978,0.4946433731524098,0.5228414248180836,0.3879475454640648,0.025615846426232547,0.555860228976623,-0.033018804158539417,0.04116693316601252,0.02198308994285675,0.3728644783895839,0.015083067074480871,-0.001654613197255704,0.050724637681159424,0.021739130434782608,0.5186527994481264,0.39740151007001184,0.06927551560021153,0.012162876784769964
SOURCE_ONLY__optimistic__L075,SOURCE_ONLY,optimistic,0.75,150,0.2637355923652649,0.7782974742750234,0.24595994307519392,0.5323375311998295,0.5398326640049947,0.42252289197889675,0.05283780469348914,0.5720432793893331,-0.03221061538433834,0.04116693316601252,0.05547864764168786,0.3965164508018963,0.02600644117700046,-0.001654613197255704,0.050724637681159424,0.021739130434782608,0.525620499073947,0.42548994688783387,0.06927551560021153,0.015335801163405606
SOURCE_ONLY__optimistic__L075,SOURCE_ONLY,optimistic,0.75,200,0.2637355923652649,0.6585594013096352,0.17416175633761005,0.48439764497202514,0.5385610506927591,0.43809497717371065,0.0828777683249674,0.5421954319724499,-0.003634381279690846,0.04116693316601252,0.0844236188065029,0.41672508120412116,0.021369895969589492,-0.001654613197255704,0.050724637681159424,0.021739130434782608,0.48019314227320775,0.4055144062635306,0.046007403490216814,0.024325753569539928
SOURCE_ONLY__optimistic__L075,SOURCE_ONLY,optimistic,0.75,250,0.2637355923652649,0.558465855940131,0.13530246173444838,0.4231633942056826,0.46968527368206825,0.37933941155951006,0.013976343175382766,0.4949667868557442,-0.02528151317367594,0.04116693316601252,0.01586128947763077,0.3938918660331871,-0.014552454473677034,-0.001654613197255704,0.050724637681159424,0.021739130434782608,0.3404050789592518,0.2788374534992471,0.040719196192490745,0.03648863035430989
SOURCE_ONLY__optimistic__L075,SOURCE_ONLY,optimistic,0.75,300,0.2637355923652649,0.4078578110383536,0.12082062017607581,0.2870371908622778,0.4478356227319876,0.3666624460423573,0.01196743482182916,0.48268677757743483,-0.03485115484544721,0.04116693316601252,0.010916025139933894,0.4030230979504572,-0.036360651908099895,-0.001654613197255704,0.050724637681159424,0.021739130434782608,0.30270443318427787,0.254283939233751,0.040719196192490745,0.04706504494976203
SOURCE_ONLY__optimistic__L075,SOURCE_ONLY,optimistic,0.75,400,0.2637355923652649,0.20954162768942938,0.09261494464730917,0.11692668304212021,0.4254449039408713,0.3602762512849076,0.014332272017450243,0.4238035911343687,0.0016413128065025928,0.04116693316601252,0.018227152448296757,0.3574525936310444,0.0028236576538631653,-0.001654613197255704,0.050724637681159424,0.021739130434782608,0.2584459228689018,0.2284496011574931,0.033844526705446853,0.074034902168165
SOURCE_ONLY__optimistic__L100,SOURCE_ONLY,optimistic,1.0,25,0.2637355923652649,0.833489242282507,0.5345346376938405,0.2989546045886665,0.3645008403838074,0.20684135848817353,0.009028986498670899,0.3783981928389957,-0.01389735245518825,0.041298203477147404,0.024710159820631405,0.13808489850176722,0.06875645998640631,-0.0015233428861208195,0.050724637681159424,0.021739130434782608,0.3900282908089998,0.2609261734600654,0.24484399788471709,0.0010576414595452142
SOURCE_ONLY__optimistic__L100,SOURCE_ONLY,optimistic,1.0,50,0.2637355923652649,0.823199251637044,0.4633126340765185,0.3598866175605255,0.43573988246284534,0.2711020621808984,0.06323576542506015,0.4383543494562461,-0.0026144669934007325,0.041298203477147404,0.07211913259176989,0.1931941498024025,0.0779079123784959,-0.0015233428861208195,0.050724637681159424,0.021739130434782608,0.4664789504505607,0.32196500039263976,0.23479640401903754,0.0021152829190904283
SOURCE_ONLY__optimistic__L100,SOURCE_ONLY,optimistic,1.0,75,0.2637355923652649,0.7970065481758652,0.36569562386151366,0.4313109243143516,0.5202763421297932,0.3731557349161137,0.06905132545617226,0.45564985997327934,0.0646264821565139,0.041298203477147404,0.06800529470041472,0.22617888021161103,0.14697685470450267,-0.0015233428861208195,0.050724637681159424,0.021739130434782608,0.5486022854672602,0.4228158521117011,0.08408249603384453,0.0037017451084082496
SOURCE_ONLY__optimistic__L100,SOURCE_ONLY,optimistic,1.0,100,0.2637355923652649,0.7951356407857811,0.3237147079939986,0.47142093279178254,0.5610767980336487,0.4186011986873082,0.06466884880594481,0.5081097020656945,0.052967095967954236,0.041298203477147404,0.0553738172910081,0.3029578290929555,0.11564336959435273,-0.0015233428861208195,0.050724637681159424,0.021739130434782608,0.5892870755021817,0.4625098049338702,0.08408249603384453,0.008461131676361713
SOURCE_ONLY__optimistic__L100,SOURCE_ONLY,optimistic,1.0,125,0.2637355923652649,0.7913938260056127,0.28841899019921163,0.502974835806401,0.5795330010656149,0.4437124868359459,0.08230742267376384,0.5438740587792048,0.03565894228641009,0.041298203477147404,0.07774803131473784,0.3525713320018364,0.0911411548341095,-0.0015233428861208195,0.050724637681159424,0.021739130434782608,0.6002159408670142,0.4787792337834824,0.06927551560021153,0.013220518244315178
SOURCE_ONLY__optimistic__L100,SOURCE_ONLY,optimistic,1.0,150,0.2637355923652649,0.7801683816651076,0.2672756622817696,0.512892719383338,0.5403503843075232,0.41247726768648785,0.053355524996017645,0.5582951860097414,-0.017944801702218127,0.041298203477147404,0.045433023349278956,0.3924622473397753,0.020015020346712542,-0.0015233428861208195,0.050724637681159424,0.021739130434782608,0.5355718230149985,0.4238588936070582,0.06927551560021153,0.015335801163405606
SOURCE_ONLY__optimistic__L100,SOURCE_ONLY,optimistic,1.0,200,0.2637355923652649,0.6286248830682881,0.1730279779353399,0.45559690513294826,0.542478350101255,0.44169910119921263,0.08679506773346335,0.5312656241115343,0.011212725989720673,0.041298203477147404,0.08802774283200487,0.4012104298006792,0.040488671398533405,-0.0015233428861208195,0.050724637681159424,0.021739130434782608,0.4858869651666709,0.4100756565706391,0.046007403490216814,0.026969857218402962
SOURCE_ONLY__optimistic__L100,SOURCE_ONLY,optimistic,1.0,250,0.2637355923652649,0.5266604303086997,0.141549356314645,0.3851110739940547,0.4603627932899562,0.37601119035464725,0.004653862783270735,0.5221594795716555,-0.06179668628169932,0.041298203477147404,0.012533068272767955,0.4152973625398076,-0.03928617218516034,-0.0015233428861208195,0.050724637681159424,0.021739130434782608,0.33053808124173206,0.2761742834210191,0.040719196192490745,0.0375462718138551
SOURCE_ONLY__optimistic__L100,SOURCE_ONLY,optimistic,1.0,300,0.2637355923652649,0.41253507951356405,0.11675067370715979,0.29578440580640425,0.460995842029561,0.37961286626496704,0.025127654119402543,0.4586242477666093,0.002371594262951693,0.041298203477147404,0.02386644536254362,0.3728189826918394,0.006793883573127657,-0.0015233428861208195,0.050724637681159424,0.021739130434782608,0.32023361176518844,0.270496659763179,0.0370174510840825,0.046536224219989424
SOURCE_ONLY__optimistic__L100,SOURCE_ONLY,optimistic,1.0,400,0.2637355923652649,0.23199251637043966,0.08878162297309761,0.14321089339734205,0.43230882547185284,0.3678740696410618,0.021196193548431774,0.438964533345597,-0.006655707873744143,0.041298203477147404,0.025824970804450953,0.3717768289362879,-0.003902759295226099,-0.0015233428861208195,0.050724637681159424,0.021739130434782608,0.2666047113733104,0.23584949313406214,0.033844526705446853,0.0745637228979376
SOURCE_ONLY__pessimistic__L010,SOURCE_ONLY,pessimistic,0.1,25,0.2637355923652649,0.8072965388213283,0.5287856382431951,0.2785109005781332,0.3460704415354002,0.17488003011326086,-0.009401412349736349,0.33653781410078343,0.009532627434616747,0.4263863937984275,-0.007251168554281262,0.17630480120393544,-0.0014247710906745703,0.3835648474351593,0.5579710144927537,0.20775666616627714,0.3630438386154667,0.22103948799552267,0.25594923320994184,0.0010576414595452142
SOURCE_ONLY__pessimistic__L010,SOURCE_ONLY,pessimistic,0.1,50,0.2637355923652649,0.8007483629560337,0.4691614904514127,0.331586872504621,0.3891205765966207,0.22637382326612057,0.016616459558835506,0.39617312585854697,-0.0070525492619262775,0.4263863937984275,0.027390893676992073,0.2329076840078802,-0.006533860741759628,0.3835648474351593,0.5579710144927537,0.20775666616627714,0.40100702028417007,0.25593862702997455,0.24484399788471709,0.0031729243786356425
SOURCE_ONLY__pessimistic__L010,SOURCE_ONLY,pessimistic,0.1,75,0.2637355923652649,0.7923292797006548,0.37324496185324785,0.41908431784740696,0.49055393076576964,0.3435437995473065,0.03932891409214867,0.4571706793971344,0.033383251368635236,0.4263863937984275,0.038393359331607535,0.30009471892332296,0.04344908062398356,0.3835648474351593,0.5579710144927537,0.20775666616627714,0.5088106528446447,0.3728021978609328,0.08461131676361713,0.005288207297726071
SOURCE_ONLY__pessimistic__L010,SOURCE_ONLY,pessimistic,0.1,100,0.2637355923652649,0.7885874649204865,0.32289911474146227,0.4656883501790242,0.5168806141323626,0.3693407591822738,0.02047266490465871,0.5189060086342396,-0.002025394501876998,0.4263863937984275,0.006113377785973706,0.37327994112689433,-0.003939181944620507,0.3835648474351593,0.5579710144927537,0.20775666616627714,0.502331030610181,0.362701419158087,0.08249603384452671,0.007403490216816499
SOURCE_ONLY__pessimistic__L010,SOURCE_ONLY,pessimistic,0.1,125,0.2637355923652649,0.7698783910196445,0.27509764175647694,0.49478074926316756,0.4742764040428684,0.33614871155218184,-0.022949174348982637,0.5143399186307513,-0.04006351458788293,0.4263863937984275,-0.0298157439690262,0.3751967394659054,-0.03904802791372358,0.3835648474351593,0.5579710144927537,0.20775666616627714,0.4092485498793978,0.2829611686332125,0.06927551560021153,0.010047593865679535
SOURCE_ONLY__pessimistic__L010,SOURCE_ONLY,pessimistic,0.1,150,0.2637355923652649,0.764265668849392,0.2316425899666937,0.5326230788826982,0.49177625723205504,0.3734171002818944,0.004781397920549435,0.5096414009222813,-0.017865143690226237,0.4263863937984275,0.006372855944685507,0.3627405822567549,0.010676518025139525,0.3835648474351593,0.5579710144927537,0.20775666616627714,0.4161342751656631,0.31581050653786774,0.0671602326811211,0.01269169751454257
SOURCE_ONLY__pessimistic__L010,SOURCE_ONLY,pessimistic,0.1,200,0.2637355923652649,0.6314312441534145,0.1665425923499026,0.46488865180351185,0.47562359008249055,0.3758321731979382,0.0199403077146989,0.4510055247369096,0.024618065345580975,0.4263863937984275,0.022160814830730458,0.34201931967265153,0.03381285352528668,0.3835648474351593,0.5579710144927537,0.20775666616627714,0.361575965570913,0.2866875579008517,0.046007403490216814,0.020624008461131677
SOURCE_ONLY__pessimistic__L010,SOURCE_ONLY,pessimistic,0.1,250,0.2637355923652649,0.41347053320860616,0.13175349393634433,0.2817170392722618,0.45609710136695164,0.36358366000920406,0.0003881708602661571,0.4474091808841665,0.00868792048278516,0.4263863937984275,0.00010553792732476142,0.35563703281196424,0.00794662719723982,0.3835648474351593,0.5579710144927537,0.20775666616627714,0.3192943489955574,0.2556826837501977,0.041248016922263354,0.033844526705446853
SOURCE_ONLY__pessimistic__L010,SOURCE_ONLY,pessimistic,0.1,300,0.2637355923652649,0.2825070159027128,0.11783914776280013,0.1646678681399127,0.3709204656180768,0.2901973840163543,-0.06494772229208168,0.436701016810275,-0.06578055119219822,0.4263863937984275,-0.06554903688606911,0.3557085929644257,-0.06551120894807139,0.3835648474351593,0.5579710144927537,0.20775666616627714,0.19023207946755613,0.14345625737197218,0.04019037546271814,0.0449497620306716
SOURCE_ONLY__pessimistic__L010,SOURCE_ONLY,pessimistic,0.1,400,0.2637355923652649,0.21421889616463985,0.10170133676395882,0.11251755940068103,0.35014181271099815,0.27866456712155974,-0.06097081921242292,0.36721526370687324,-0.017073450995875095,0.4263863937984275,-0.0633845317150511,0.2951514840946607,-0.01648691697310095,0.3835648474351593,0.5579710144927537,0.20775666616627714,0.15457295297030987,0.11978664218364023,0.04019037546271814,0.074034902168165
SOURCE_ONLY__pessimistic__L025,SOURCE_ONLY,pessimistic,0.25,25,0.2637355923652649,0.8147801683816651,0.5320542597108782,0.28272590867078695,0.34561018743257294,0.1784342554310772,-0.009861666452563589,0.34106124008860617,0.004548947343966769,0.5185172063608712,-0.003696943236464939,0.18013524538247452,-0.0017009899513973359,0.47569565999760294,0.6376811594202898,0.2930868965765991,0.3602385516363537,0.2200890394746311,0.25859333685880487,0.0015864621893178213
SOURCE_ONLY__pessimistic__L025,SOURCE_ONLY,pessimistic,0.25,50,0.2637355923652649,0.8063610851262862,0.46601440480579936,0.34034668032048687,0.3947099431607947,0.22924268815174575,0.02220582612300953,0.39881375163567473,-0.004103808474880011,0.5185172063608712,0.030259758562617256,0.23302270237408204,-0.0037800142223362865,0.47569565999760294,0.6376811594202898,0.2930868965765991,0.40508577506676885,0.25869326377655405,0.24378635642517188,0.0021152829190904283
SOURCE_ONLY__pessimistic__L025,SOURCE_ONLY,pessimistic,0.25,75,0.2637355923652649,0.7970065481758652,0.36955236948751535,0.4274541786883499,0.49579784626459705,0.34386492270880686,0.04457282959097608,0.5032501244211884,-0.007452278156591385,0.5185172063608712,0.03871448249310788,0.316551989128076,0.02731293358073089,0.47569565999760294,0.6376811594202898,0.2930868965765991,0.5124719528367779,0.37319854881683945,0.08302485457429931,0.004230565838180857
SOURCE_ONLY__pessimistic__L025,SOURCE_ONLY,pessimistic,0.25,100,0.2637355923652649,0.7932647333956969,0.2952781841886016,0.49798654920709534,0.5452239491890242,0.38986349000144777,0.048815999961320244,0.5480691378340267,-0.0028451886450024944,0.5185172063608712,0.026636108605147646,0.3681285656628289,0.021734924338618844,0.47569565999760294,0.6376811594202898,0.2930868965765991,0.528388887376955,0.38642207676688883,0.06927551560021153,0.006874669487043892
SOURCE_ONLY__pessimistic__L025,SOURCE_ONLY,pessimistic,0.25,125,0.2637355923652649,0.7792329279700655,0.27277501706943047,0.5064579109006351,0.48758188044983536,0.3409936465226313,-0.009643697942015694,0.5555872921357254,-0.06800541168589008,0.5185172063608712,-0.024970808998576732,0.3957695484318247,-0.0547759019091934,0.47569565999760294,0.6376811594202898,0.2930868965765991,0.42621651705448077,0.2895777125467199,0.06927551560021153,0.008989952406134321
SOURCE_ONLY__pessimistic__L025,SOURCE_ONLY,pessimistic,0.25,150,0.2637355923652649,0.7717492984097287,0.22985091230452723,0.5418983861052015,0.5182280705943578,0.3738589079254203,0.031233211282852225,0.5397899985260752,-0.021561927931717406,0.5185172063608712,0.006814663588211423,0.3845288229596849,-0.010669915034264565,0.47569565999760294,0.6376811594202898,0.2930868965765991,0.4510743528345799,0.3203769580609556,0.06927551560021153,0.012162876784769964
SOURCE_ONLY__pessimistic__L025,SOURCE_ONLY,pessimistic,0.25,200,0.2637355923652649,0.6407857811038353,0.1686732734678542,0.4721125076359811,0.5405643154658776,0.43229922705193136,0.08488103309808592,0.49075697061767004,0.049807344848207535,0.5185172063608712,0.0786278686847236,0.3726507366368551,0.05964849041507625,0.47569565999760294,0.6376811594202898,0.2930868965765991,0.4540579794282759,0.371590981245842,0.04706504494976203,0.02168164992067689
SOURCE_ONLY__pessimistic__L025,SOURCE_ONLY,pessimistic,0.25,250,0.2637355923652649,0.4864359214218896,0.12981317061976813,0.35662275080212147,0.40486656229808643,0.3131651825042128,-0.050842368208599054,0.46830960016992373,-0.0634430378718373,0.5185172063608712,-0.05031293957766647,0.37125280775144925,-0.05808762524723643,0.47569565999760294,0.6376811594202898,0.2930868965765991,0.2470769431850748,0.18584292515145492,0.040719196192490745,0.03278688524590164
SOURCE_ONLY__pessimistic__L025,SOURCE_ONLY,pessimistic,0.25,300,0.2637355923652649,0.4845650140318054,0.1192588965310266,0.3653061175007788,0.40611030306974155,0.31984931926862953,-0.029757884840416915,0.470568768835291,-0.06445846576554942,0.5185172063608712,-0.03589710163379389,0.38643557905169357,-0.06658625978306404,0.47569565999760294,0.6376811594202898,0.2930868965765991,0.24427093424133284,0.1905672258238786,0.040719196192490745,0.0449497620306716
SOURCE_ONLY__pessimistic__L025,SOURCE_ONLY,pessimistic,0.25,400,0.2637355923652649,0.40037418147801684,0.10539268356134773,0.2949814979166691,0.3939989639040087,0.3154390914627003,-0.017113668019412387,0.37826524217302004,0.015733721730988637,0.5185172063608712,-0.026610007373910505,0.30483733988950973,0.010601751573190599,0.47569565999760294,0.6376811594202898,0.2930868965765991,0.22075112622139662,0.17736472946993817,0.040719196192490745,0.08355367530407191
SOURCE_ONLY__pessimistic__L050,SOURCE_ONLY,pessimistic,0.5,25,0.2637355923652649,0.8447146866230122,0.5482984969105025,0.2964161897125097,0.36638435667502217,0.2002701728354522,0.010912502789885647,0.3063182435181182,0.060066113156903966,0.564191908508589,0.018138974167910077,0.13580108348525863,0.06446908935019358,0.5213703621453208,0.7246376811594203,0.3411330850690118,0.3939666141021461,0.25394261641513566,0.2771020624008461,0.0015864621893178213
SOURCE_ONLY__pessimistic__L050,SOURCE_ONLY,pessimistic,0.5,50,0.2637355923652649,0.8269410664172123,0.4588957048176751,0.3680453615995372,0.43681193469914137,0.2680241880617916,0.06430781766135618,0.42351875376741094,0.01329318093173043,0.564191908508589,0.06904125847266313,0.2013976314308119,0.06662655663097972,0.5213703621453208,0.7246376811594203,0.3411330850690118,0.4639090864426026,0.31297566305141183,0.2332099418297197,0.0026441036488630354
SOURCE_ONLY__pessimistic__L050,SOURCE_ONLY,pessimistic,0.5,75,0.2637355923652649,0.8157156220767072,0.34195933984714155,0.4737562822295657,0.556935116542637,0.3876877378817255,0.10571009986901608,0.4627505564593728,0.09418456008326426,0.564191908508589,0.08253729766602652,0.23785175167974007,0.14983598620198543,0.5213703621453208,0.7246376811594203,0.3411330850690118,0.5903051496295758,0.4404597142723608,0.08249603384452671,0.004230565838180857
SOURCE_ONLY__pessimistic__L050,SOURCE_ONLY,pessimistic,0.5,100,0.2637355923652649,0.7876520112254444,0.29352646196214344,0.49412554926330093,0.5469998594781404,0.3882556636918758,0.05059191025043652,0.5214362268418059,0.025563632636334543,0.564191908508589,0.025028282295575688,0.33069398435404196,0.05756167933783385,0.5213703621453208,0.7246376811594203,0.3411330850690118,0.5428799734900476,0.3957516987563505,0.06874669487043893,0.007403490216816499
SOURCE_ONLY__pessimistic__L050,SOURCE_ONLY,pessimistic,0.5,125,0.2637355923652649,0.7811038353601497,0.26685798553016277,0.5142458498299869,0.49689292976393107,0.33289146749509774,-0.00033264862791998473,0.5624710898750349,-0.06557816011110384,0.564191908508589,-0.033072988026110306,0.3871791096021482,-0.05428764210705045,0.5213703621453208,0.7246376811594203,0.3411330850690118,0.46082271501696276,0.3057490716552852,0.06874669487043893,0.009518773135906928
SOURCE_ONLY__pessimistic__L050,SOURCE_ONLY,pessimistic,0.5,150,0.2637355923652649,0.7782974742750234,0.2346851275026258,0.5436123467723976,0.5159487826255781,0.35632342930073385,0.028953923314072483,0.5743183702323399,-0.05836958760676181,0.564191908508589,-0.01072081503647504,0.4143965861601747,-0.058073156859440866,0.5213703621453208,0.7246376811594203,0.3411330850690118,0.4739118967134459,0.33217126642516626,0.0671602326811211,0.012162876784769964
SOURCE_ONLY__pessimistic__L050,SOURCE_ONLY,pessimistic,0.5,200,0.2637355923652649,0.695977549111319,0.16479954181905526,0.5311780072922638,0.5563973356922525,0.4391343019542917,0.10071405332446082,0.52484020972591,0.031557125966342525,0.564191908508589,0.08546294358708395,0.3931133642200594,0.046020937734232326,0.5213703621453208,0.7246376811594203,0.3411330850690118,0.5019812652461196,0.4093527442734239,0.048122686409307246,0.022739291380222106
SOURCE_ONLY__pessimistic__L050,SOURCE_ONLY,pessimistic,0.5,250,0.2637355923652649,0.6913002806361085,0.14747674063615557,0.5438235399999529,0.5490836762258807,0.4383166696140943,0.09337474571919524,0.4996396980638161,0.04944397816206464,0.564191908508589,0.07483854753221503,0.3977036456489505,0.040613023965143824,0.5213703621453208,0.7246376811594203,0.3411330850690118,0.4623399465989666,0.3765616640527843,0.048122686409307246,0.0370174510840825
SOURCE_ONLY__pessimistic__L050,SOURCE_ONLY,pessimistic,0.5,300,0.2637355923652649,0.6884939195509823,0.14080230493564208,0.5476916146153402,0.5159289026557197,0.40807437382558315,0.0800607147455612,0.4816318823929386,0.034297020262781086,0.564191908508589,0.052327952923159726,0.39707921969816723,0.010995154127415918,0.5213703621453208,0.7246376811594203,0.3411330850690118,0.41292100932078185,0.3303301472945268,0.046007403490216814,0.060814383923849816
SOURCE_ONLY__pessimistic__L050,SOURCE_ONLY,pessimistic,0.5,400,0.2637355923652649,0.676333021515435,0.13384104572175204,0.5424919757936829,0.4951495297813896,0.39382122934519925,0.08403689785796853,0.39840224980115974,0.09674727998022986,0.564191908508589,0.05177213050858842,0.3312481143512457,0.06257311499395357,0.5213703621453208,0.7246376811594203,0.3411330850690118,0.39757765120374683,0.32412456369005505,0.04547858276044421,0.12691697514542571
SOURCE_ONLY__pessimistic__L075,SOURCE_ONLY,pessimistic,0.75,25,0.2637355923652649,0.8709073900841908,0.5139519147243351,0.3569554753598557,0.4271911742351841,0.23441053618026253,0.07171932035004758,0.30960209164118396,0.11758908259400014,0.5797354171807437,0.0522793375127204,0.15666362511112245,0.07774691106914008,0.5369138708174755,0.7318840579710145,0.36020906375597445,0.4555834552895375,0.2878652583065506,0.2474881015335801,0.0010576414595452142
SOURCE_ONLY__pessimistic__L075,SOURCE_ONLY,pessimistic,0.75,50,0.2637355923652649,0.8540692235734331,0.3942902501529708,0.45977897342046226,0.488219590969859,0.23907159339047698,0.11571547393207382,0.45731691307849043,0.03090267789136858,0.5797354171807437,0.040088663801348484,0.22481916052286646,0.01425243286761052,0.5369138708174755,0.7318840579710145,0.36020906375597445,0.492828277175737,0.2627046410182245,0.1935483870967742,0.0031729243786356425
SOURCE_ONLY__pessimistic__L075,SOURCE_ONLY,pessimistic,0.75,75,0.2637355923652649,0.7782974742750234,0.3249435665873481,0.4533539076876753,0.5136333453725621,0.3048815625322124,0.06240832869894114,0.500071408008762,0.01356193736380007,0.5797354171807437,-0.00026887768348660135,0.28217404955770403,0.022707512974508348,0.5369138708174755,0.7318840579710145,0.36020906375597445,0.501172445219407,0.315047756771166,0.1041776837652036,0.005288207297726071
SOURCE_ONLY__pessimistic__L075,SOURCE_ONLY,pessimistic,0.75,100,0.2637355923652649,0.7736202057998129,0.30364360505452326,0.4699766007452897,0.5107946848256898,0.3109877557649559,0.014386735597985867,0.5244365593053806,-0.013641874479690785,0.5797354171807437,-0.05223962563134421,0.32048197652520444,-0.009494220760248528,0.5369138708174755,0.7318840579710145,0.36020906375597445,0.4662672031069494,0.2919306017937125,0.09465891062929667,0.010047593865679535
SOURCE_ONLY__pessimistic__L075,SOURCE_ONLY,pessimistic,0.75,125,0.2637355923652649,0.7586529466791394,0.26899041542704955,0.48966253125208986,0.5166069166861831,0.31940608388013525,0.01938133829433203,0.555860228976623,-0.039253312290439935,0.5797354171807437,-0.04655837164107279,0.3728644783895839,-0.05345839450944867,0.5369138708174755,0.7318840579710145,0.36020906375597445,0.4639395199215235,0.29634366640758586,0.09465891062929667,0.015335801163405606
SOURCE_ONLY__pessimistic__L075,SOURCE_ONLY,pessimistic,0.75,150,0.2637355923652649,0.7577174929840973,0.2287363563728061,0.5289811366112912,0.497646817998949,0.33985799781084275,0.010651958687443397,0.5720432793893331,-0.07439646139038408,0.5797354171807437,-0.027186246526366142,0.3965164508018963,-0.05665845299105354,0.5369138708174755,0.7318840579710145,0.36020906375597445,0.4198354417661995,0.2914792464446874,0.06398730830248546,0.02009518773135907
SOURCE_ONLY__pessimistic__L075,SOURCE_ONLY,pessimistic,0.75,200,0.2637355923652649,0.7474275023386342,0.21888827218469437,0.5285392301539398,0.5038205745192973,0.3500464783016226,0.04813729215150564,0.5421954319724499,-0.03837485745315261,0.5797354171807437,-0.0036248800655851454,0.41672508120412116,-0.06667860290249855,0.5369138708174755,0.7318840579710145,0.36020906375597445,0.4291669974223198,0.3055039814048949,0.06398730830248546,0.03966155473294553
SOURCE_ONLY__pessimistic__L075,SOURCE_ONLY,pessimistic,0.75,250,0.2637355923652649,0.7455565949485501,0.21365598932617824,0.5319006056223718,0.5082871676678389,0.35613385066535025,0.052578237161153396,0.4949667868557442,0.01332038081209469,0.5797354171807437,-0.007344271416529047,0.3938918660331871,-0.03775801536783685,0.5369138708174755,0.7318840579710145,0.36020906375597445,0.43411860280290226,0.3109615695332706,0.06398730830248546,0.06768905341089371
SOURCE_ONLY__pessimistic__L075,SOURCE_ONLY,pessimistic,0.75,300,0.2637355923652649,0.7436856875584659,0.21079987786627857,0.5328858096921874,0.5068402768813405,0.3554121888350174,0.07097208897118201,0.48268677757743483,0.024153499303905646,0.5797354171807437,-0.0003342320674060151,0.4030230979504572,-0.0476109091154398,0.5369138708174755,0.7318840579710145,0.36020906375597445,0.4368339413227065,0.31465609574950604,0.06398730830248546,0.10787942887361185
SOURCE_ONLY__pessimistic__L075,SOURCE_ONLY,pessimistic,0.75,400,0.2637355923652649,0.6520112254443405,0.13484964829455037,0.5171615771497902,0.5437692316241072,0.43528188073301466,0.1326565997006861,0.4238035911343687,0.11996564048973846,0.5797354171807437,0.09323278189640383,0.3574525936310444,0.07782928710197023,0.5369138708174755,0.7318840579710145,0.36020906375597445,0.4667394820558462,0.3803878677671329,0.04547858276044421,0.13061872025383395
SOURCE_ONLY__pessimistic__L100,SOURCE_ONLY,pessimistic,1.0,25,0.2637355923652649,0.921421889616464,0.5754339677035214,0.3459879219129426,0.250549298918462,0.11162918818402623,-0.10492255496667452,0.3783981928389957,-0.12784889392053367,0.5619412098593217,-0.0705020104835159,0.13808489850176722,-0.026455710317740994,0.5191196634960535,0.717391304347826,0.3577420608885139,0.14395511584726642,0.03726939001239125,0.9037546271813856,0.012162876784769964
SOURCE_ONLY__pessimistic__L100,SOURCE_ONLY,pessimistic,1.0,50,0.2637355923652649,0.872778297474275,0.5653367226704907,0.3074415748037843,0.24149697545634213,0.09996776834801707,-0.13100714158144305,0.4383543494562461,-0.19685737399990394,0.5619412098593217,-0.09901516124111143,0.1931941498024025,-0.09322638145438542,0.5191196634960535,0.717391304347826,0.3577420608885139,0.14915385386252003,0.040884183166049325,0.9037546271813856,0.02538339502908514
SOURCE_ONLY__pessimistic__L100,SOURCE_ONLY,pessimistic,1.0,75,0.2637355923652649,0.8456501403180543,0.5581690994732401,0.2874810408448142,0.23942240431014228,0.0955163198838597,-0.2118026123634787,0.45564985997327934,-0.21622745566313706,0.5619412098593217,-0.20963412033183929,0.22617888021161103,-0.13066256032775134,0.5191196634960535,0.717391304347826,0.3577420608885139,0.1558557084243881,0.045582472079679526,0.9037546271813856,0.03860391327340032
SOURCE_ONLY__pessimistic__L100,SOURCE_ONLY,pessimistic,1.0,100,0.2637355923652649,0.7698783910196445,0.5492639274812476,0.22061446353839687,0.22286102051150236,0.07774020933351329,-0.27354692871620157,0.5081097020656945,-0.28524868155419214,0.5619412098593217,-0.28548717206278684,0.3029578290929555,-0.2252176197594422,0.5191196634960535,0.717391304347826,0.3577420608885139,0.16407494488309646,0.05374338656421542,0.9037546271813856,0.05182443151771549
SOURCE_ONLY__pessimistic__L100,SOURCE_ONLY,pessimistic,1.0,125,0.2637355923652649,0.7661365762394762,0.5455574783545168,0.22057909788495933,0.22520311534239307,0.07929567468489089,-0.272022463049458,0.5438740587792048,-0.31867094343681174,0.5619412098593217,-0.28666878083631714,0.3525713320018364,-0.2732756573169455,0.5191196634960535,0.717391304347826,0.3577420608885139,0.16755683690539758,0.05704270337260505,0.9037546271813856,0.06504494976203067
SOURCE_ONLY__pessimistic__L100,SOURCE_ONLY,pessimistic,1.0,150,0.2637355923652649,0.7595884003741815,0.5435164233000319,0.2160719770741496,0.22138878363957337,0.0753572714629373,-0.26560607567193223,0.5582951860097414,-0.336906402370168,0.5619412098593217,-0.2916869728742716,0.3924622473397753,-0.317104975876838,0.5191196634960535,0.717391304347826,0.3577420608885139,0.16946469716230714,0.05905942459923508,0.9037546271813856,0.07826546800634585
SOURCE_ONLY__pessimistic__L100,SOURCE_ONLY,pessimistic,1.0,200,0.2637355923652649,0.7474275023386342,0.3492030227819199,0.3982244795567143,0.3734681045870608,0.11942412402617876,-0.08221517778073084,0.5312656241115343,-0.15779751952447352,0.5619412098593217,-0.234247234341029,0.4012104298006792,-0.2817863057745005,0.5191196634960535,0.717391304347826,0.3577420608885139,0.31879762432105263,0.10739829828443577,0.2533051295610788,0.09730301427815971
SOURCE_ONLY__pessimistic__L100,SOURCE_ONLY,pessimistic,1.0,250,0.2637355923652649,0.744621141253508,0.27506067838257064,0.46956046287093733,0.4436729474187072,0.24777879073324116,-0.012035983087978264,0.5221594795716555,-0.07848653215294832,0.5619412098593217,-0.11569933134863813,0.4152973625398076,-0.16751857180656643,0.5191196634960535,0.717391304347826,0.3577420608885139,0.3889426199207969,0.227523738137099,0.12427287149656266,0.10312004230565838
SOURCE_ONLY__pessimistic__L100,SOURCE_ONLY,pessimistic,1.0,300,0.2637355923652649,0.7427502338634238,0.2223232619640441,0.5204269718993797,0.49215145808827776,0.32709461733194894,0.05628327017811929,0.4586242477666093,0.033527210321668444,0.5619412098593217,-0.028651803570474477,0.3728189826918394,-0.04572436535989044,0.5191196634960535,0.717391304347826,0.3577420608885139,0.43200685283707263,0.3037292459742958,0.06504494976203067,0.11316763617133792
SOURCE_ONLY__pessimistic__L100,SOURCE_ONLY,pessimistic,1.0,400,0.2637355923652649,0.7380729653882133,0.178189299151354,0.5598836662368594,0.4124614155238827,0.27980671383745104,0.001348783600461645,0.438964533345597,-0.026503117821714273,0.5619412098593217,-0.062242384999159794,0.3717768289362879,-0.09197011509883685,0.5191196634960535,0.717391304347826,0.3577420608885139,0.4667947232068453,0.3592086849134812,0.06187202538339503,0.15917503966155475
ATMOS_ONLY__reported__L010,ATMOS_ONLY,reported,0.1,25,0.6199719309806824,0.8391019644527596,0.5535935720694176,0.285508392383342,0.3476709465495859,0.1822494674829532,-0.007800907335550611,0.33653781410078343,0.011133132448802485,0.03939452951795745,0.0001182688154110767,0.17630480120393544,0.0059446662790177685,-0.0034270168453107708,0.043478260869565216,0.021014492753623187,0.36359675077682585,0.22361854933394773,0.25859333685880487,0.0010576414595452142
ATMOS_ONLY__reported__L010,ATMOS_ONLY,reported,0.1,50,0.6199719309806824,0.8110383536014967,0.475467490126734,0.33557086347476267,0.4212836767042755,0.25452881667030613,0.048779559666490335,0.39617312585854697,0.025110550845728552,0.03939452951795745,0.055545887081177636,0.2329076840078802,0.021621132662425935,-0.0034270168453107708,0.043478260869565216,0.021014492753623187,0.44899592171282293,0.30185461571924216,0.24431517715494447,0.0015864621893178213
ATMOS_ONLY__reported__L010,ATMOS_ONLY,reported,0.1,75,0.6199719309806824,0.8016838166510758,0.38607272856625235,0.41561108808482344,0.4970410725935338,0.3490334694882432,0.045816055919912835,0.4571706793971344,0.0398703931963994,0.03939452951795745,0.04388302927254423,0.30009471892332296,0.04893875056492025,-0.0034270168453107708,0.043478260869565216,0.021014492753623187,0.5217575145226735,0.39043538765195146,0.08408249603384453,0.004759386567953464
ATMOS_ONLY__reported__L010,ATMOS_ONLY,reported,0.1,100,0.6199719309806824,0.7951356407857811,0.3230688173947688,0.47206682339101236,0.5347472426163983,0.3902628584838464,0.03833929338869435,0.5189060086342396,0.015841233982158642,0.03939452951795745,0.027035477087546278,0.37327994112689433,0.016982917356952065,-0.0034270168453107708,0.043478260869565216,0.021014492753623187,0.5272848886141784,0.39930303233601544,0.08408249603384453,0.007403490216816499
ATMOS_ONLY__reported__L010,ATMOS_ONLY,reported,0.1,125,0.6199719309806824,0.7773620205799813,0.279700895388263,0.4976611251917183,0.50977821995952,0.38015709499769335,0.012552641567668943,0.5143399186307513,-0.004561698671231351,0.03939452951795745,0.014192639476485303,0.3751967394659054,0.004960355531787919,-0.0034270168453107708,0.043478260869565216,0.021014492753623187,0.47540481460508627,0.36140456657699876,0.06663141195134849,0.010576414595452142
ATMOS_ONLY__reported__L010,ATMOS_ONLY,reported,0.1,150,0.6199719309806824,0.7670720299345183,0.23201982286905937,0.5350522070654589,0.49083685808690136,0.37463663700797883,0.0038419987753957607,0.5096414009222813,-0.01880454283537991,0.03939452951795745,0.007592392670769943,0.3627405822567549,0.011896054751223961,-0.0034270168453107708,0.043478260869565216,0.021014492753623187,0.41672117992307883,0.32140857118265337,0.06240084611316764,0.015864621893178214
ATMOS_ONLY__reported__L010,ATMOS_ONLY,reported,0.1,200,0.6199719309806824,0.5631431244153414,0.16285149527320103,0.4002916291421404,0.4695718064529879,0.37160487362909,0.013888524085196252,0.4510055247369096,0.018566281716078326,0.03939452951795745,0.01793351526188225,0.34201931967265153,0.02958555395643847,-0.0034270168453107708,0.043478260869565216,0.021014492753623187,0.3530427877252948,0.2826807997235745,0.04336329984135378,0.02168164992067689
ATMOS_ONLY__reported__L010,ATMOS_ONLY,reported,0.1,250,0.6199719309806824,0.43966323666978485,0.13255867208148897,0.3071045645882959,0.4527671367268477,0.36252269486718125,-0.002941793779837776,0.4474091808841665,0.005357955842681228,0.03939452951795745,-0.0009554272146980458,0.35563703281196424,0.006885662055217012,-0.0034270168453107708,0.043478260869565216,0.021014492753623187,0.31593487427184475,0.2566366870010967,0.04019037546271814,0.03278688524590164
ATMOS_ONLY__reported__L010,ATMOS_ONLY,reported,0.1,300,0.6199719309806824,0.32273152478952294,0.11812309751644542,0.20460842727307751,0.433309690038614,0.3532293186466446,-0.0025584978715444406,0.436701016810275,-0.003391326771660985,0.03939452951795745,-0.002517102255778836,0.3557085929644257,-0.0024792743177811105,-0.0034270168453107708,0.043478260869565216,0.021014492753623187,0.2803621394524255,0.23299878464900473,0.04019037546271814,0.04389212057112639
ATMOS_ONLY__reported__L010,ATMOS_ONLY,reported,0.1,400,0.6199719309806824,0.23573433115060805,0.09502851755329424,0.14070581359731382,0.3493888039899397,0.27853623176366704,-0.06172382793348136,0.36721526370687324,-0.01782645971693353,0.03939452951795745,-0.06351286707294379,0.2951514840946607,-0.016615252330993646,-0.0034270168453107708,0.043478260869565216,0.021014492753623187,0.17667641933854653,0.14334395156792268,0.03120042305658382,0.0745637228979376
ATMOS_ONLY__reported__L025,ATMOS_ONLY,reported,0.25,25,0.6199719309806824,0.8391019644527596,0.5528037672087047,0.2862981972440549,0.3485349364629587,0.1824592081801872,-0.006936917422177835,0.34106124008860617,0.007473696374352523,0.03945164855497147,0.00032800951264508327,0.18013524538247452,0.0023239627977126864,-0.0033698978082967526,0.043478260869565216,0.021014492753623187,0.3644738996814083,0.22409664985428437,0.2554204124801692,0.0010576414595452142
ATMOS_ONLY__reported__L025,ATMOS_ONLY,reported,0.25,50,0.6199719309806824,0.8110383536014967,0.47184150806554237,0.3391968455359543,0.42554015215924884,0.2601353845042794,0.053036035121463654,0.39881375163567473,0.026726400523574112,0.03945164855497147,0.06115245491515092,0.23302270237408204,0.02711268213019738,-0.0033698978082967526,0.043478260869565216,0.021014492753623187,0.45354204766869216,0.30777869201615166,0.23479640401903754,0.0010576414595452142
ATMOS_ONLY__reported__L025,ATMOS_ONLY,reported,0.25,75,0.6199719309806824,0.8016838166510758,0.3918291035188094,0.4098547131322664,0.4917844037346812,0.33226447338439785,0.040559387061060215,0.5032501244211884,-0.011465720686507253,0.03945164855497147,0.02711403316869887,0.316551989128076,0.01571248425632188,-0.0033698978082967526,0.043478260869565216,0.021014492753623187,0.5168306620062724,0.3876078064754483,0.08408249603384453,0.0037017451084082496
ATMOS_ONLY__reported__L025,ATMOS_ONLY,reported,0.25,100,0.6199719309806824,0.7951356407857811,0.3226800331903664,0.4724556075954147,0.5351552753116543,0.39049195065948167,0.03874732608395037,0.5480691378340267,-0.012913862522372366,0.03945164855497147,0.02726456926318155,0.3681285656628289,0.022363384996652746,-0.0033698978082967526,0.043478260869565216,0.021014492753623187,0.5276992373336655,0.40051438642788834,0.08408249603384453,0.007403490216816499
ATMOS_ONLY__reported__L025,ATMOS_ONLY,reported,0.25,125,0.6199719309806824,0.7811038353601497,0.2640213168509453,0.5170825185092044,0.5404716138757953,0.41131210133471924,0.04324603548394429,0.5555872921357254,-0.015115678259930099,0.03945164855497147,0.045347645813511195,0.3957695484318247,0.015542552902894524,-0.0033698978082967526,0.043478260869565216,0.021014492753623187,0.5121063154774427,0.40005246738332306,0.05711263881544157,0.01269169751454257
ATMOS_ONLY__reported__L025,ATMOS_ONLY,reported,0.25,150,0.6199719309806824,0.7680074836295603,0.2286743440953923,0.539333139534168,0.49428327749335355,0.3797604249243678,0.007288418181847944,0.5397899985260752,-0.045506721032721686,0.03945164855497147,0.012716180587158898,0.3845288229596849,-0.00476839803531709,-0.0033698978082967526,0.043478260869565216,0.021014492753623187,0.41971063322198693,0.3280501809079764,0.05711263881544157,0.017451084082496033
ATMOS_ONLY__reported__L025,ATMOS_ONLY,reported,0.25,200,0.6199719309806824,0.5051449953227315,0.16190540021684563,0.34323959510588586,0.4621964614220465,0.36622052897528634,0.0065131790542548584,0.49075697061767004,-0.02856050919562353,0.03945164855497147,0.012549170608078586,0.3726507366368551,-0.006430207661568765,-0.0033698978082967526,0.043478260869565216,0.021014492753623187,0.3419414189495699,0.2749158543304459,0.04283447911158118,0.023796932839767318
ATMOS_ONLY__reported__L025,ATMOS_ONLY,reported,0.25,250,0.6199719309806824,0.4471468662301216,0.12739944331200823,0.3197474229181134,0.44738933476602133,0.3598536687414763,-0.008319595740664154,0.46830960016992373,-0.020920265403902405,0.03945164855497147,-0.003624453340403011,0.37125280775144925,-0.01139913900997297,-0.0033698978082967526,0.043478260869565216,0.021014492753623187,0.30588243579398916,0.25023072447744715,0.03913273400317292,0.033844526705446853
ATMOS_ONLY__reported__L025,ATMOS_ONLY,reported,0.25,300,0.6199719309806824,0.31805425631431244,0.11263340227930295,0.20542085403500948,0.375973668621463,0.29700589992895476,-0.05989451928869549,0.470568768835291,-0.094595100213828,0.03945164855497147,-0.05874052097346866,0.38643557905169357,-0.0894296791227388,-0.0033698978082967526,0.043478260869565216,0.021014492753623187,0.19712482973940726,0.1525380697180487,0.03913273400317292,0.04230565838180857
ATMOS_ONLY__reported__L025,ATMOS_ONLY,reported,0.25,400,0.6199719309806824,0.25257249766136575,0.08939684743932912,0.16317565022203662,0.38162901458537674,0.3058190504999714,-0.029483617338044332,0.37826524217302004,0.0033637724123566914,0.03945164855497147,-0.03623004833663945,0.30483733988950973,0.0009817106104616502,-0.0033698978082967526,0.043478260869565216,0.021014492753623187,0.19472934437079023,0.15450604883681232,0.03120042305658382,0.07244843997884717
ATMOS_ONLY__reported__L050,ATMOS_ONLY,reported,0.5,25,0.6199719309806824,0.8465855940130963,0.5386223318329573,0.30796326218013903,0.37669926778285656,0.21924220993404717,0.021227413897720038,0.3063182435181182,0.07038102426473836,0.03947613651869766,0.03711101126650504,0.13580108348525863,0.08344112644878854,-0.00334540984457056,0.043478260869565216,0.021014492753623187,0.4037490594949569,0.27566592647681626,0.2459016393442623,0.0010576414595452142
ATMOS_ONLY__reported__L050,ATMOS_ONLY,reported,0.5,50,0.6199719309806824,0.8241347053320861,0.4401523758117553,0.3839823295203308,0.47833742551678177,0.32077199554656133,0.10583330847899658,0.42351875376741094,0.05481867174937083,0.03947613651869766,0.12178906595743283,0.2013976314308119,0.11937436411574942,-0.00334540984457056,0.043478260869565216,0.021014492753623187,0.5183615629003812,0.3967297793016942,0.1581173982020095,0.0021152829190904283
ATMOS_ONLY__reported__L050,ATMOS_ONLY,reported,0.5,75,0.6199719309806824,0.7988774555659495,0.3841107611970384,0.41476669436891106,0.49614507706134114,0.3537057963055691,0.04492006038772017,0.4627505564593728,0.03339452060196835,0.03947613651869766,0.048555356089870105,0.23785175167974007,0.11585404462582902,-0.00334540984457056,0.043478260869565216,0.021014492753623187,0.5207320672002878,0.4089000329967143,0.13590692755156003,0.0037017451084082496
ATMOS_ONLY__reported__L050,ATMOS_ONLY,reported,0.5,100,0.6199719309806824,0.7979420018709074,0.32204012961025436,0.475901872260653,0.5585676573314026,0.424641667267725,0.06215970810369864,0.5214362268418059,0.03713143048959666,0.03947613651869766,0.06141428587142489,0.33069398435404196,0.09394768291368305,-0.00334540984457056,0.043478260869565216,0.021014492753623187,0.58318799710697,0.4702209697164212,0.08302485457429931,0.008461131676361713
ATMOS_ONLY__reported__L050,ATMOS_ONLY,reported,0.5,125,0.6199719309806824,0.784845650140318,0.2680642905521344,0.5167813595881836,0.5600707776852936,0.4267246176044359,0.06284519929344251,0.5624710898750349,-0.0024003121897413493,0.03947613651869766,0.060760162083227875,0.3871791096021482,0.03954550800228773,-0.00334540984457056,0.043478260869565216,0.021014492753623187,0.5638355395179823,0.44741027675714623,0.05711263881544157,0.014278159703860392
ATMOS_ONLY__reported__L050,ATMOS_ONLY,reported,0.5,150,0.6199719309806824,0.7043966323666978,0.21787597170335576,0.48652066066334204,0.5605526646495624,0.4443060131024119,0.07355780533805684,0.5743183702323399,-0.013765705582777454,0.03947613651869766,0.07726176876520302,0.4143965861601747,0.029909426942237194,-0.00334540984457056,0.043478260869565216,0.021014492753623187,0.5433973349074759,0.45610003131619187,0.046007403490216814,0.017451084082496033
ATMOS_ONLY__reported__L050,ATMOS_ONLY,reported,0.5,200,0.6199719309806824,0.6304957904583723,0.15840158236359655,0.47209420809477576,0.5257356945537262,0.4308485762371368,0.0700524121859345,0.52484020972591,0.0008954848278162064,0.03947613651869766,0.07717721786992904,0.3931133642200594,0.03773521201707741,-0.00334540984457056,0.043478260869565216,0.021014492753623187,0.4564902976799409,0.39126688802971527,0.04336329984135378,0.024325753569539928
ATMOS_ONLY__reported__L050,ATMOS_ONLY,reported,0.5,250,0.6199719309806824,0.5266604303086997,0.12082127401922543,0.40583915628947426,0.5026950638747163,0.40518092720783416,0.046986133368030814,0.4996396980638161,0.0030553658109002124,0.03947613651869766,0.04170280512595487,0.3977036456489505,0.007477281558883664,-0.00334540984457056,0.043478260869565216,0.021014492753623187,0.4043798357421911,0.3371195532694133,0.03120042305658382,0.03648863035430989
ATMOS_ONLY__reported__L050,ATMOS_ONLY,reported,0.5,300,0.6199719309806824,0.47801683816651075,0.10577153295356223,0.3722453052129485,0.3952553986280329,0.3063970794850861,-0.04061278928212558,0.4816318823929386,-0.0863764837649057,0.03947613651869766,-0.04934934141733732,0.39707921969816723,-0.09068214021308113,-0.00334540984457056,0.043478260869565216,0.021014492753623187,0.22190235999683516,0.1666862678413057,0.03120042305658382,0.04389212057112639
ATMOS_ONLY__reported__L050,ATMOS_ONLY,reported,0.5,400,0.6199719309806824,0.264733395696913,0.08807174858898437,0.17666164710792864,0.36879616779422586,0.29072540196175467,-0.04231646412919521,0.39840224980115974,-0.029606082006933876,0.03947613651869766,-0.05132369687485616,0.3312481143512457,-0.04052271238949101,-0.00334540984457056,0.043478260869565216,0.021014492753623187,0.16671250390603246,0.12436568676930342,0.03120042305658382,0.07562136435748282
ATMOS_ONLY__reported__L075,ATMOS_ONLY,reported,0.75,25,0.6199719309806824,0.8512628624883068,0.5344700092253436,0.31679285326296325,0.40044783277872903,0.2452610267550837,0.044975978893592505,0.30960209164118396,0.09084574113754507,0.03947668684972115,0.06312982808754158,0.15666362511112245,0.08859740164396127,-0.0033448595135470716,0.043478260869565216,0.021014492753623187,0.43565241294728496,0.3087600566328528,0.2374405076679006,0.0010576414595452142
ATMOS_ONLY__reported__L075,ATMOS_ONLY,reported,0.75,50,0.6199719309806824,0.8241347053320861,0.4108406369536063,0.4132940683784798,0.5072135398411549,0.3588913195767217,0.13470942280336973,0.45731691307849043,0.04989662676266449,0.03947668684972115,0.1599083899875932,0.22481916052286646,0.13407215905385525,-0.0033448595135470716,0.043478260869565216,0.021014492753623187,0.5467443129992777,0.4376871250397552,0.14225277630883132,0.0021152829190904283
ATMOS_ONLY__reported__L075,ATMOS_ONLY,reported,0.75,75,0.6199719309806824,0.7988774555659495,0.3508200240686567,0.44805743149729277,0.5303768135148451,0.38476700291563365,0.07915179684122414,0.500071408008762,0.030305405506083072,0.03947668684972115,0.07961656269993467,0.28217404955770403,0.10259295335792962,-0.0033448595135470716,0.043478260869565216,0.021014492753623187,0.5551372200218077,0.4403079413999071,0.08302485457429931,0.0037017451084082496
ATMOS_ONLY__reported__L075,ATMOS_ONLY,reported,0.75,100,0.6199719309806824,0.7970065481758652,0.30898536771007573,0.4880211804657895,0.5708536537884119,0.4362316164434125,0.07444570456070798,0.5244365593053806,0.04641709448303133,0.03947668684972115,0.0730042350471124,0.32048197652520444,0.11574963991820808,-0.0033448595135470716,0.043478260869565216,0.021014492753623187,0.5953966323955638,0.48496619665430885,0.08302485457429931,0.009518773135906928
ATMOS_ONLY__reported__L075,ATMOS_ONLY,reported,0.75,125,0.6199719309806824,0.7932647333956969,0.26343542507508816,0.5298293083206087,0.6132340627182115,0.48172930352264015,0.1160084843263604,0.555860228976623,0.05737383374158844,0.03947668684972115,0.11576484800143211,0.3728644783895839,0.10886482513305623,-0.0033448595135470716,0.043478260869565216,0.021014492753623187,0.6384053686641563,0.5257261701956384,0.053939714436805924,0.013749338974087784
ATMOS_ONLY__reported__L075,ATMOS_ONLY,reported,0.75,150,0.6199719309806824,0.7820392890551918,0.23797490921072906,0.5440643798444628,0.5873921087322714,0.4674955714141284,0.10039724942076583,0.5720432793893331,0.015348829342938353,0.03947668684972115,0.1004513270769195,0.3965164508018963,0.0709791206122321,-0.0033448595135470716,0.043478260869565216,0.021014492753623187,0.591673115197206,0.4971725611494988,0.053939714436805924,0.017979904812268643
ATMOS_ONLY__reported__L075,ATMOS_ONLY,reported,0.75,200,0.6199719309806824,0.5743685687558466,0.1655567411621094,0.40881182759373724,0.5594742240518161,0.45527610770763816,0.10379094168402447,0.5421954319724499,0.017278792079366223,0.03947668684972115,0.1016047493404304,0.41672508120412116,0.038551026503516994,-0.0033448595135470716,0.043478260869565216,0.021014492753623187,0.5181474118291945,0.43951045724344556,0.03913273400317292,0.024325753569539928
ATMOS_ONLY__reported__L075,ATMOS_ONLY,reported,0.75,250,0.6199719309806824,0.5369504209541628,0.12347187584237712,0.41347854511178567,0.5168186250406519,0.41746584073343024,0.06110969453396642,0.4949667868557442,0.021851838184907713,0.03947668684972115,0.05398771865155094,0.3938918660331871,0.02357397470024314,-0.0033448595135470716,0.043478260869565216,0.021014492753623187,0.41690627517323436,0.34602176615934854,0.033315705975674244,0.03437334743521946
ATMOS_ONLY__reported__L075,ATMOS_ONLY,reported,0.75,300,0.6199719309806824,0.4855004677268475,0.10468346302038413,0.3808170047064634,0.5022629546887943,0.41283359820883603,0.06639476677863587,0.48268677757743483,0.019576177111359505,0.03947668684972115,0.057087177306412606,0.4030230979504572,0.009810500258378818,-0.0033448595135470716,0.043478260869565216,0.021014492753623187,0.38640909969463344,0.32932729370675307,0.03120042305658382,0.04706504494976203
ATMOS_ONLY__reported__L075,ATMOS_ONLY,reported,0.75,400,0.6199719309806824,0.32179607109448083,0.08466435154524075,0.23713171954924006,0.3970429329345868,0.32714451539257666,-0.014069698988834256,0.4238035911343687,-0.026760658199781906,0.03947668684972115,-0.01490458344403417,0.3574525936310444,-0.03030807823846776,-0.0033448595135470716,0.043478260869565216,0.021014492753623187,0.20976138531874725,0.16676645000351206,0.03120042305658382,0.07615018508725542
ATMOS_ONLY__reported__L100,ATMOS_ONLY,reported,1.0,25,0.6199719309806824,0.8437792329279701,0.5400970018120957,0.30368223111587433,0.3751314825581988,0.21469005346050327,0.019659628673062257,0.3783981928389957,-0.0032667102807968917,0.0394536409286536,0.03255885479296114,0.13808489850176722,0.07660515495873604,-0.0033679054346146264,0.043478260869565216,0.021014492753623187,0.40354523329171416,0.2723442645947684,0.23585404547858277,0.0010576414595452142
ATMOS_ONLY__reported__L100,ATMOS_ONLY,reported,1.0,50,0.6199719309806824,0.8241347053320861,0.43497089396340977,0.38916381136867634,0.48373294792677346,0.32743684870338113,0.11122883088898827,0.4383543494562461,0.04537859847052739,0.0394536409286536,0.12845391911425263,0.1931941498024025,0.13424269890097865,-0.0033679054346146264,0.043478260869565216,0.021014492753623187,0.5238114216812165,0.4061238441677461,0.14806980433633,0.0031729243786356425
ATMOS_ONLY__reported__L100,ATMOS_ONLY,reported,1.0,75,0.6199719309806824,0.7998129092609916,0.33189392882576985,0.46791898043522173,0.5674350551673671,0.42496516025901365,0.11621003849374617,0.45564985997327934,0.1117851951940878,0.0394536409286536,0.11981472004331467,0.22617888021161103,0.19878628004740262,-0.0033679054346146264,0.043478260869565216,0.021014492753623187,0.6007993118748647,0.49590112235524003,0.08302485457429931,0.0037017451084082496
ATMOS_ONLY__reported__L100,ATMOS_ONLY,reported,1.0,100,0.6199719309806824,0.794200187090739,0.29682010587635294,0.4973800812143861,0.5815354742450596,0.45293168189622846,0.08512752501735565,0.5081097020656945,0.07342577217936508,0.0394536409286536,0.08970430049992834,0.3029578290929555,0.14997385280327297,-0.0033679054346146264,0.043478260869565216,0.021014492753623187,0.6065803873057628,0.5084113393321804,0.08302485457429931,0.008989952406134321
ATMOS_ONLY__reported__L100,ATMOS_ONLY,reported,1.0,125,0.6199719309806824,0.7305893358278766,0.24494348980306918,0.48564584602480737,0.6033386105634522,0.4683251669739322,0.10611303217160112,0.5438740587792048,0.059464551784247366,0.0394536409286536,0.10236071145272418,0.3525713320018364,0.11575383497209585,-0.0033679054346146264,0.043478260869565216,0.021014492753623187,0.6166276283986543,0.5079432476762876,0.05182443151771549,0.011634056054997356
ATMOS_ONLY__reported__L100,ATMOS_ONLY,reported,1.0,150,0.6199719309806824,0.7231057062675398,0.22183446865892284,0.5012712376086169,0.6151420227307672,0.48567262333361977,0.12814716341926163,0.5582951860097414,0.05684683672102586,0.0394536409286536,0.11862837899641088,0.3924622473397753,0.09321037599384446,-0.0033679054346146264,0.043478260869565216,0.021014492753623187,0.6233738662783471,0.5155448899470525,0.04918032786885246,0.016922263352723427
ATMOS_ONLY__reported__L100,ATMOS_ONLY,reported,1.0,200,0.6199719309806824,0.5865294667913938,0.18057582160869526,0.4059536451826986,0.5348681053878258,0.4194446871728944,0.07918482302003416,0.5312656241115343,0.0036024812762914804,0.0394536409286536,0.06577332880568665,0.4012104298006792,0.01823425737221518,-0.0033679054346146264,0.043478260869565216,0.021014492753623187,0.48866158600456117,0.4016159437748183,0.04019037546271814,0.026969857218402962
ATMOS_ONLY__reported__L100,ATMOS_ONLY,reported,1.0,250,0.6199719309806824,0.538821328344247,0.12503440773235072,0.41378692061189626,0.5385877008000444,0.4428449699683104,0.08287877029335888,0.5221594795716555,0.01642822122838883,0.0394536409286536,0.07936684788643111,0.4152973625398076,0.02754760742850282,-0.0033679054346146264,0.043478260869565216,0.021014492753623187,0.47063615648153007,0.40505393490965114,0.033315705975674244,0.035430988894764676
ATMOS_ONLY__reported__L100,ATMOS_ONLY,reported,1.0,300,0.6199719309806824,0.510757717492984,0.1037842888005073,0.40697342869247677,0.5205405132469686,0.4323295611561361,0.08467232533681013,0.4586242477666093,0.06191626548035928,0.0394536409286536,0.07658314025371266,0.3728189826918394,0.05951057846429669,-0.0033679054346146264,0.043478260869565216,0.021014492753623187,0.39313748456558756,0.3354171909004571,0.03120042305658382,0.04706504494976203
ATMOS_ONLY__reported__L100,ATMOS_ONLY,reported,1.0,400,0.6199719309806824,0.3208606173994387,0.08622607519028987,0.23463454220914887,0.39525911295766236,0.3219639708890915,-0.015853518965758706,0.438964533345597,-0.043705420387934624,0.0394536409286536,-0.02008512794751932,0.3717768289362879,-0.04981285804719637,-0.0033679054346146264,0.043478260869565216,0.021014492753623187,0.2068554494167664,0.15874536539776526,0.03120042305658382,0.07773664727657324
ATMOS_ONLY__optimistic__L010,ATMOS_ONLY,optimistic,0.1,25,0.6199719309806824,0.8391019644527596,0.5573002551981813,0.28180170925457837,0.3440978101976248,0.18074548034484314,-0.011374043687511715,0.33653781410078343,0.0075599960968413815,0.038933020853450614,-0.0013857183226989866,0.17630480120393544,0.004440679140907705,-0.0038885255098176086,0.043478260869565216,0.021014492753623187,0.3601140970440731,0.2210932775527016,0.25806451612903225,0.0010576414595452142
ATMOS_ONLY__optimistic__L010,ATMOS_ONLY,optimistic,0.1,50,0.6199719309806824,0.8166510757717493,0.49265537746886373,0.3239956983028856,0.40589953819140173,0.2402571001513819,0.033395421153616545,0.39617312585854697,0.009726412332854761,0.038933020853450614,0.04127417056225341,0.2329076840078802,0.007349416143501708,-0.0038885255098176086,0.043478260869565216,0.021014492753623187,0.43183758974240855,0.2894710417393002,0.2469592808038075,0.0026441036488630354
ATMOS_ONLY__optimistic__L010,ATMOS_ONLY,optimistic,0.1,75,0.6199719309806824,0.8016838166510758,0.3931723544115373,0.4085114622395385,0.490266046575845,0.34549297458294337,0.03904102990222402,0.4571706793971344,0.03309536717871059,0.038933020853450614,0.04034253436724439,0.30009471892332296,0.04539825565962041,-0.0038885255098176086,0.043478260869565216,0.021014492753623187,0.5152286366623864,0.3842972277103123,0.10206240084611316,0.005288207297726071
ATMOS_ONLY__optimistic__L010,ATMOS_ONLY,optimistic,0.1,100,0.6199719309806824,0.7951356407857811,0.3201807459631641,0.47495489482261705,0.5375059275283046,0.3987078474691195,0.04109797830060069,0.5189060086342396,0.018599918894064982,0.038933020853450614,0.035480466072819405,0.37327994112689433,0.025427906342225193,-0.0038885255098176086,0.043478260869565216,0.021014492753623187,0.5299436657454147,0.4063963359435278,0.08408249603384453,0.007932310946589107
ATMOS_ONLY__optimistic__L010,ATMOS_ONLY,optimistic,0.1,125,0.6199719309806824,0.775491113189897,0.27624496101819185,0.4992461521717052,0.49216312900927395,0.3640394434491141,-0.0050624493825771055,0.5143399186307513,-0.0221767896214774,0.038933020853450614,-0.0019250120720939456,0.3751967394659054,-0.01115729601679133,-0.0038885255098176086,0.043478260869565216,0.021014492753623187,0.4489547563372518,0.3365957733408484,0.06504494976203067,0.010576414595452142
ATMOS_ONLY__optimistic__L010,ATMOS_ONLY,optimistic,0.1,150,0.6199719309806824,0.7670720299345183,0.23880783764639554,0.5282641922881227,0.4842903535045565,0.37115621461507425,-0.002704505806949087,0.5096414009222813,-0.02535104741772476,0.038933020853450614,0.004111970277865362,0.3627405822567549,0.00841563235831938,-0.0038885255098176086,0.043478260869565216,0.021014492753623187,0.410375665399969,0.31536585700115055,0.06240084611316764,0.015335801163405606
ATMOS_ONLY__optimistic__L010,ATMOS_ONLY,optimistic,0.1,200,0.6199719309806824,0.5631431244153414,0.16389224024743834,0.3992508841679031,0.4685808578607874,0.3689667098477795,0.01289757549299575,0.4510055247369096,0.017575333123877823,0.038933020853450614,0.015295351480571762,0.34201931967265153,0.026947390175127983,-0.0038885255098176086,0.043478260869565216,0.021014492753623187,0.3520895961321388,0.27930874438081327,0.04336329984135378,0.021152829190904283
ATMOS_ONLY__optimistic__L010,ATMOS_ONLY,optimistic,0.1,250,0.6199719309806824,0.39943872778297473,0.1331261674663174,0.26631256031665734,0.4533224512592691,0.3624261761174673,-0.002386479247416362,0.4474091808841665,0.005913270375102642,0.038933020853450614,-0.0010519459644119933,0.35563703281196424,0.006789143305503065,-0.0038885255098176086,0.043478260869565216,0.021014492753623187,0.3169380043426205,0.2572013894509268,0.04019037546271814,0.033844526705446853
ATMOS_ONLY__optimistic__L010,ATMOS_ONLY,optimistic,0.1,300,0.6199719309806824,0.2984097287184284,0.11798112263962274,0.18042860607880568,0.429617322745451,0.34912935976141296,-0.006250865164707464,0.436701016810275,-0.007083694064824009,0.038933020853450614,-0.006617061141010461,0.3557085929644257,-0.006579233203012735,-0.0038885255098176086,0.043478260869565216,0.021014492753623187,0.27490593719252976,0.226738720023006,0.04019037546271814,0.04547858276044421
ATMOS_ONLY__optimistic__L010,ATMOS_ONLY,optimistic,0.1,400,0.6199719309806824,0.20205799812909261,0.09744209045927928,0.10461590766981334,0.4115398529272716,0.34645768989507525,0.00042722100385050865,0.36721526370687324,0.044324589220398336,0.038933020853450614,0.004408591058464417,0.2951514840946607,0.05130620580041456,-0.0038885255098176086,0.043478260869565216,0.021014492753623187,0.24138057966092555,0.21131790687888397,0.035959809624537285,0.07562136435748282
ATMOS_ONLY__optimistic__L025,ATMOS_ONLY,optimistic,0.25,25,0.6199719309806824,0.8391019644527596,0.5605998261065034,0.27850213834625626,0.3402727183949269,0.1802696483482799,-0.015199135490209625,0.34106124008860617,-0.0007885216936792672,0.039111970425480674,-0.0018615503192622174,0.18013524538247452,0.0001344029658053858,-0.0037095759377875487,0.043478260869565216,0.021014492753623187,0.3558464872430758,0.22241220587869934,0.257006874669487,0.0015864621893178213
ATMOS_ONLY__optimistic__L025,ATMOS_ONLY,optimistic,0.25,50,0.6199719309806824,0.8166510757717493,0.4906985390619948,0.32595253670975455,0.4081479347543179,0.2394504623838356,0.03564381771653269,0.39881375163567473,0.009334183118643147,0.039111970425480674,0.040467532794707106,0.23302270237408204,0.006427760009753564,-0.0037095759377875487,0.043478260869565216,0.021014492753623187,0.43427103339787165,0.29120792092726305,0.2459016393442623,0.0021152829190904283
ATMOS_ONLY__optimistic__L025,ATMOS_ONLY,optimistic,0.25,75,0.6199719309806824,0.8016838166510758,0.3832058808665871,0.4184779357844887,0.5002169663990239,0.35093847956028257,0.04899194972540294,0.5032501244211884,-0.0030331580221645282,0.039111970425480674,0.045788039344583586,0.316551989128076,0.034386490432206596,-0.0037095759377875487,0.043478260869565216,0.021014492753623187,0.5250686142203252,0.39226308510472513,0.08408249603384453,0.005288207297726071
ATMOS_ONLY__optimistic__L025,ATMOS_ONLY,optimistic,0.25,100,0.6199719309806824,0.7951356407857811,0.3236800006363781,0.47145564014940305,0.5341792460020297,0.3914608916777795,0.03777129677432578,0.5480691378340267,-0.013889891831996959,0.039111970425480674,0.028233510281479357,0.3681285656628289,0.023332326014950555,-0.0037095759377875487,0.043478260869565216,0.021014492753623187,0.5267465212527017,0.3989242553229735,0.08408249603384453,0.007932310946589107
ATMOS_ONLY__optimistic__L025,ATMOS_ONLY,optimistic,0.25,125,0.6199719309806824,0.7773620205799813,0.2769401774943863,0.5004218430855949,0.5124692003313218,0.3789522432736125,0.015243621939470764,0.5555872921357254,-0.043118091804403624,0.039111970425480674,0.012987787752404445,0.3957695484318247,-0.016817305158212226,-0.0037095759377875487,0.043478260869565216,0.021014492753623187,0.4780284143092257,0.36082788979202957,0.06821787414066631,0.011634056054997356
ATMOS_ONLY__optimistic__L025,ATMOS_ONLY,optimistic,0.25,150,0.6199719309806824,0.7670720299345183,0.23618522750078152,0.5308868024337368,0.4868618635388967,0.36769671451859526,-0.0001329957726088904,0.5397899985260752,-0.05292813498717852,0.039111970425480674,0.0006524701813863665,0.3845288229596849,-0.01683210844108962,-0.0037095759377875487,0.043478260869565216,0.021014492753623187,0.41289254662991803,0.314113355933838,0.06557377049180328,0.015864621893178214
ATMOS_ONLY__optimistic__L025,ATMOS_ONLY,optimistic,0.25,200,0.6199719309806824,0.5631431244153414,0.16360909873871743,0.399534025676624,0.46884789227373824,0.3701722951850404,0.01316460990594659,0.49075697061767004,-0.021909078343931798,0.039111970425480674,0.016500936817832657,0.3726507366368551,-0.0024784414518146947,-0.0037095759377875487,0.043478260869565216,0.021014492753623187,0.3523449897258751,0.28101163944254454,0.04336329984135378,0.022739291380222106
ATMOS_ONLY__optimistic__L025,ATMOS_ONLY,optimistic,0.25,250,0.6199719309806824,0.4499532273152479,0.13208421012469349,0.3178690171905544,0.4525773463418323,0.3613876977538323,-0.0031315841648532072,0.46830960016992373,-0.015732253828091458,0.039111970425480674,-0.0020904243280470136,0.37125280775144925,-0.009865109997616972,-0.0037095759377875487,0.043478260869565216,0.021014492753623187,0.31513276897009196,0.2549134413798565,0.03966155473294553,0.03437334743521946
ATMOS_ONLY__optimistic__L025,ATMOS_ONLY,optimistic,0.25,300,0.6199719309806824,0.2862488306828812,0.11660869883033714,0.16964013185254406,0.42650321204759045,0.34624556424945185,-0.009364975862568015,0.470568768835291,-0.04406555678770052,0.039111970425480674,-0.009500856652971568,0.38643557905169357,-0.040190014802241714,-0.0037095759377875487,0.043478260869565216,0.021014492753623187,0.2698492463614324,0.22204479695459192,0.03966155473294553,0.04230565838180857
ATMOS_ONLY__optimistic__L025,ATMOS_ONLY,optimistic,0.25,400,0.6199719309806824,0.2422825070159027,0.09081659620755558,0.15146591080834712,0.4337129142871408,0.3588348219902641,0.022600282363719748,0.37826524217302004,0.05544767211412077,0.039111970425480674,0.016785723153653287,0.30483733988950973,0.05399748210075439,-0.0037095759377875487,0.043478260869565216,0.021014492753623187,0.2690047492142749,0.22696554698701213,0.03120042305658382,0.0750925436277102
ATMOS_ONLY__optimistic__L050,ATMOS_ONLY,optimistic,0.5,25,0.6199719309806824,0.8391019644527596,0.5529771914982533,0.28612477295450633,0.3482629900443877,0.18284819358979182,-0.007208863840748814,0.3063182435181182,0.041944746526269505,0.039332497156517106,0.0007169949222496919,0.13580108348525863,0.04704711010453319,-0.0034890492067511172,0.043478260869565216,0.021014492753623187,0.3641580083257516,0.224264368358044,0.25859333685880487,0.0010576414595452142
ATMOS_ONLY__optimistic__L050,ATMOS_ONLY,optimistic,0.5,50,0.6199719309806824,0.8110383536014967,0.4505271865411833,0.3605111670603134,0.4529594003649451,0.2902888117410348,0.0804552833271599,0.42351875376741094,0.029440646597534148,0.039332497156517106,0.09130588215190633,0.2013976314308119,0.08889118031022292,-0.0034890492067511172,0.043478260869565216,0.021014492753623187,0.48400026744896857,0.3566691680458615,0.14648334214701217,0.0010576414595452142
ATMOS_ONLY__optimistic__L050,ATMOS_ONLY,optimistic,0.5,75,0.6199719309806824,0.7998129092609916,0.3817951971039343,0.4180177121570573,0.5010716742178846,0.3445057211204086,0.049846657544263595,0.4627505564593728,0.03832111775851177,0.039332497156517106,0.03935528090470963,0.23785175167974007,0.10665396944066854,-0.0034890492067511172,0.043478260869565216,0.021014492753623187,0.5265624142772503,0.4013442823466895,0.08408249603384453,0.0031729243786356425
ATMOS_ONLY__optimistic__L050,ATMOS_ONLY,optimistic,0.5,100,0.6199719309806824,0.7951356407857811,0.3008506892651005,0.49428495152068064,0.5786523318021729,0.43179797022156213,0.08224438257446898,0.5214362268418059,0.057216104960367,0.039332497156517106,0.06857058882526201,0.33069398435404196,0.10110398586752017,-0.0034890492067511172,0.043478260869565216,0.021014492753623187,0.603895509557891,0.47621718369700555,0.06821787414066631,0.006874669487043892
ATMOS_ONLY__optimistic__L050,ATMOS_ONLY,optimistic,0.5,125,0.6199719309806824,0.7839101964452759,0.2806780410057916,0.5032321554394843,0.54781391302977,0.41191721626240957,0.05058833463791895,0.5624710898750349,-0.014657176845264908,0.039332497156517106,0.045952760741201526,0.3871791096021482,0.024738106660261383,-0.0034890492067511172,0.043478260869565216,0.021014492753623187,0.5523791605917407,0.4316797937456325,0.06821787414066631,0.012162876784769964
ATMOS_ONLY__optimistic__L050,ATMOS_ONLY,optimistic,0.5,150,0.6199719309806824,0.6978484565014031,0.2312610070361564,0.4665874494652468,0.5239789546135359,0.4092953038051115,0.03698409530203034,0.5743183702323399,-0.05033941561880395,0.039332497156517106,0.042251059467902585,0.4143965861601747,-0.005101282355063241,-0.0034890492067511172,0.043478260869565216,0.021014492753623187,0.4856995293052692,0.3923291822045945,0.060814383923849816,0.01639344262295082
ATMOS_ONLY__optimistic__L050,ATMOS_ONLY,optimistic,0.5,200,0.6199719309806824,0.5668849391955099,0.15958284012658241,0.40730209906892745,0.5155282271732115,0.4191047196478358,0.0598449448054198,0.52484020972591,-0.009311982552698495,0.039332497156517106,0.06543336128062804,0.3931133642200594,0.02599135542777642,-0.0034890492067511172,0.043478260869565216,0.021014492753623187,0.43939512647603857,0.3708689909256859,0.04230565838180857,0.023796932839767318
ATMOS_ONLY__optimistic__L050,ATMOS_ONLY,optimistic,0.5,250,0.6199719309806824,0.5079513564078578,0.12228794362393056,0.38566341278392724,0.5021919783993916,0.4065423012825425,0.046483047892706075,0.4996396980638161,0.002552280335575474,0.039332497156517106,0.04306417920066319,0.3977036456489505,0.008838655633591985,-0.0034890492067511172,0.043478260869565216,0.021014492753623187,0.40270815869021265,0.33495259963769675,0.03120042305658382,0.033315705975674244
ATMOS_ONLY__optimistic__L050,ATMOS_ONLY,optimistic,0.5,300,0.6199719309806824,0.4761459307764266,0.10349993492439982,0.37264599585202673,0.45357127369650124,0.36576824408238634,0.017703085786342776,0.4816318823929386,-0.02806060869643734,0.039332497156517106,0.010021823179962919,0.39707921969816723,-0.03131097561578089,-0.0034890492067511172,0.043478260869565216,0.021014492753623187,0.30347500002200467,0.24780404495271804,0.03120042305658382,0.04230565838180857
ATMOS_ONLY__optimistic__L050,ATMOS_ONLY,optimistic,0.5,400,0.6199719309806824,0.27595884003741816,0.0885449981783932,0.18741384185902496,0.4342789540515944,0.3609895822502604,0.023166322128173322,0.39840224980115974,0.035876704250434654,0.039332497156517106,0.018940483413649567,0.3312481143512457,0.029741467899014717,-0.0034890492067511172,0.043478260869565216,0.021014492753623187,0.27196908987118695,0.23328047623137835,0.03120042305658382,0.07720782654680064
ATMOS_ONLY__optimistic__L075,ATMOS_ONLY,optimistic,0.75,25,0.6199719309806824,0.8437792329279701,0.5389713487290915,0.3048078841988786,0.37717666688921225,0.21113479928052314,0.02170481300407573,0.30960209164118396,0.06757457524802829,0.03944626369970663,0.029003600612981018,0.15666362511112245,0.0544711741694007,-0.003375282663561595,0.043478260869565216,0.021014492753623187,0.40636669041176526,0.2672141595270437,0.24431517715494447,0.0010576414595452142
ATMOS_ONLY__optimistic__L075,ATMOS_ONLY,optimistic,0.75,50,0.6199719309806824,0.8297474275023387,0.46950239586324855,0.3602450316390901,0.4471915095344479,0.2813367302237454,0.07468739249666273,0.45731691307849043,-0.01012540354404251,0.03944626369970663,0.08235380063461689,0.22481916052286646,0.05651756970087893,-0.003375282663561595,0.043478260869565216,0.021014492753623187,0.4837712496880437,0.3450856048344062,0.21946060285563193,0.0015864621893178213
ATMOS_ONLY__optimistic__L075,ATMOS_ONLY,optimistic,0.75,75,0.6199719309806824,0.7998129092609916,0.3817951971039343,0.4180177121570573,0.5010716742178846,0.3445057211204086,0.049846657544263595,0.500071408008762,0.0010002662091225245,0.03944626369970663,0.03935528090470963,0.28217404955770403,0.06233167156270458,-0.003375282663561595,0.043478260869565216,0.021014492753623187,0.5265624142772503,0.4013442823466895,0.08408249603384453,0.0031729243786356425
ATMOS_ONLY__optimistic__L075,ATMOS_ONLY,optimistic,0.75,100,0.6199719309806824,0.7970065481758652,0.31916438212743914,0.4778421660484261,0.5613051342660437,0.421947747611374,0.06489718503833974,0.5244365593053806,0.03686857496066309,0.03944626369970663,0.05872036621507387,0.32048197652520444,0.10146577108616955,-0.003375282663561595,0.043478260869565216,0.021014492753623187,0.586295755185169,0.4685364021910115,0.08408249603384453,0.007403490216816499
ATMOS_ONLY__optimistic__L075,ATMOS_ONLY,optimistic,0.75,125,0.6199719309806824,0.7839101964452759,0.27775004519338176,0.5061601512518942,0.5505837210850828,0.415833096345239,0.05335814269323175,0.555860228976623,-0.005276507891540216,0.03944626369970663,0.049868640824030974,0.3728644783895839,0.0429686179556551,-0.003375282663561595,0.043478260869565216,0.021014492753623187,0.5550330353713453,0.4365686933416877,0.0671602326811211,0.012162876784769964
ATMOS_ONLY__optimistic__L075,ATMOS_ONLY,optimistic,0.75,150,0.6199719309806824,0.7053320860617399,0.2535419103737243,0.4517901756880156,0.5267428965950841,0.40495089915477145,0.03974803728357851,0.5720432793893331,-0.04530038279424897,0.03944626369970663,0.03790665481756256,0.3965164508018963,0.008434448352875157,-0.003375282663561595,0.043478260869565216,0.021014492753623187,0.5104856250319261,0.40793701852174663,0.05817028027498678,0.017979904812268643
ATMOS_ONLY__optimistic__L075,ATMOS_ONLY,optimistic,0.75,200,0.6199719309806824,0.5603367633302152,0.1621430829771619,0.3981936803530533,0.4989377039905938,0.40149444215464763,0.04325442162280213,0.5421954319724499,-0.04325772798185612,0.03944626369970663,0.04782308378743988,0.41672508120412116,-0.015230639049473527,-0.003375282663561595,0.043478260869565216,0.021014492753623187,0.4175281021675084,0.3457331546489452,0.03966155473294553,0.023268112109994712
ATMOS_ONLY__optimistic__L075,ATMOS_ONLY,optimistic,0.75,250,0.6199719309806824,0.5322731524789522,0.1298611494218586,0.4024120030570936,0.49592947379604707,0.40325634900324014,0.04022054328936159,0.4949667868557442,0.0009626869403028815,0.03944626369970663,0.03977822692136085,0.3938918660331871,0.009364482970053045,-0.003375282663561595,0.043478260869565216,0.021014492753623187,0.398917060802169,0.33497438824243647,0.03648863035430989,0.03648863035430989
ATMOS_ONLY__optimistic__L075,ATMOS_ONLY,optimistic,0.75,300,0.6199719309806824,0.47895229186155286,0.10487235873368546,0.3740799331278674,0.45493635942552263,0.36616117016629013,0.019068171515364163,0.48268677757743483,-0.027750418151912204,0.03944626369970663,0.010414749263866707,0.4030230979504572,-0.03686192778416708,-0.003375282663561595,0.043478260869565216,0.021014492753623187,0.30606118812645616,0.2482143830513548,0.03120042305658382,0.04389212057112639
ATMOS_ONLY__optimistic__L075,ATMOS_ONLY,optimistic,0.75,400,0.6199719309806824,0.2600561272217025,0.08778779883533905,0.17226832838636347,0.4194983926880481,0.3444760617748591,0.008385760764627048,0.4238035911343687,-0.004305198446320602,0.03944626369970663,0.0024269629382482893,0.3574525936310444,-0.012976531856185303,-0.003375282663561595,0.043478260869565216,0.021014492753623187,0.23028518393136477,0.18807112892615177,0.03120042305658382,0.07879428873611846
ATMOS_ONLY__optimistic__L100,ATMOS_ONLY,optimistic,1.0,25,0.6199719309806824,0.8437792329279701,0.5456756048249569,0.29810362810301316,0.3699539386625354,0.20929852185360198,0.014482084777398874,0.3783981928389957,-0.008444254176460275,0.039434527329515,0.027167323186059855,0.13808489850176722,0.07121362335183476,-0.0033870190337532205,0.043478260869565216,0.021014492753623187,0.39874338324159836,0.26661774160597257,0.2459016393442623,0.0010576414595452142
ATMOS_ONLY__optimistic__L100,ATMOS_ONLY,optimistic,1.0,50,0.6199719309806824,0.8241347053320861,0.4369490515607352,0.3871856537713509,0.48304372686096286,0.3223196480964776,0.11053960982317768,0.4383543494562461,0.04468937740471679,0.039434527329515,0.12333671850734912,0.1931941498024025,0.12912549829407513,-0.0033870190337532205,0.043478260869565216,0.021014492753623187,0.5239356256612764,0.400814693899228,0.13696456901110524,0.0015864621893178213
ATMOS_ONLY__optimistic__L100,ATMOS_ONLY,optimistic,1.0,75,0.6199719309806824,0.7998129092609916,0.38090092435227646,0.4189119849087151,0.5018989263533244,0.34557886537474536,0.05067390967970348,0.45564985997327934,0.04624906638004511,0.039434527329515,0.04042842515904638,0.22617888021161103,0.11939998516313433,-0.0033870190337532205,0.043478260869565216,0.021014492753623187,0.5273613340092607,0.4035653228027635,0.08408249603384453,0.0031729243786356425
ATMOS_ONLY__optimistic__L100,ATMOS_ONLY,optimistic,1.0,100,0.6199719309806824,0.7979420018709074,0.3223767002129372,0.4755653016579702,0.5584001125905298,0.4231404402096718,0.06199216336282587,0.5081097020656945,0.050290410524835294,0.039434527329515,0.05991305881337167,0.3029578290929555,0.1201826111167163,-0.0033870190337532205,0.043478260869565216,0.021014492753623187,0.583111995067521,0.47072702214741424,0.08408249603384453,0.007403490216816499
ATMOS_ONLY__optimistic__L100,ATMOS_ONLY,optimistic,1.0,125,0.6199719309806824,0.7839101964452759,0.27183063382183653,0.5120795626234393,0.5562423371408449,0.423817004714829,0.05901675874899387,0.5438740587792048,0.012368278361640117,0.039434527329515,0.057852549193620983,0.3525713320018364,0.07124567271299265,-0.0033870190337532205,0.043478260869565216,0.021014492753623187,0.5604883446973867,0.44678964743228716,0.06292966684294024,0.011634056054997356
ATMOS_ONLY__optimistic__L100,ATMOS_ONLY,optimistic,1.0,150,0.6199719309806824,0.7053320860617399,0.2482372886238189,0.45709479743792103,0.5318149464900742,0.4067881892212363,0.04482008717856861,0.5582951860097414,-0.02648023951966716,0.039434527329515,0.03974394488402738,0.3924622473397753,0.014325941881460968,-0.0033870190337532205,0.043478260869565216,0.021014492753623187,0.5153778780264485,0.40912338119603175,0.05711263881544157,0.01639344262295082
ATMOS_ONLY__optimistic__L100,ATMOS_ONLY,optimistic,1.0,200,0.6199719309806824,0.5416276894293732,0.1711924075982009,0.37043528183117236,0.4982862888219546,0.39218667375202143,0.04260300645416293,0.5312656241115343,-0.03297933528957975,0.039434527329515,0.038515315384813675,0.4012104298006792,-0.009023756048657794,-0.0033870190337532205,0.043478260869565216,0.021014492753623187,0.4201385825697285,0.33832999258184554,0.03966155473294553,0.024325753569539928
ATMOS_ONLY__optimistic__L100,ATMOS_ONLY,optimistic,1.0,250,0.6199719309806824,0.5360149672591207,0.12938830395491205,0.4066266633042086,0.5120651612860146,0.4190694649074329,0.056356230779329164,0.5221594795716555,-0.01009431828564089,0.039434527329515,0.055591342825553614,0.4152973625398076,0.0037721023676253185,-0.0033870190337532205,0.043478260869565216,0.021014492753623187,0.42157110948304943,0.3575230085191318,0.03648863035430989,0.033315705975674244
ATMOS_ONLY__optimistic__L100,ATMOS_ONLY,optimistic,1.0,300,0.6199719309806824,0.46211412535079516,0.10312133525287272,0.35899279009792245,0.46818764992850587,0.3779546262075336,0.0323194620183474,0.4586242477666093,0.00956340216189655,0.039434527329515,0.022208205305110196,0.3728189826918394,0.005135643515694233,-0.0033870190337532205,0.043478260869565216,0.021014492753623187,0.3037730666678507,0.2442191270975426,0.03120042305658382,0.044420941300899
ATMOS_ONLY__optimistic__L100,ATMOS_ONLY,optimistic,1.0,400,0.6199719309806824,0.3049579045837231,0.08669932477969873,0.2182585798040244,0.4269534482439174,0.3563138377086089,0.01584081632049633,0.438964533345597,-0.012011085101679586,0.039434527329515,0.014264738871998084,0.3717768289362879,-0.015462991227678968,-0.0033870190337532205,0.043478260869565216,0.021014492753623187,0.24056361479891908,0.1964559802580829,0.03120042305658382,0.07667900581702802
ATMOS_ONLY__pessimistic__L010,ATMOS_ONLY,pessimistic,0.1,25,0.6199719309806824,0.8802619270346118,0.5800245475433967,0.3002373794912151,0.3350706190332121,0.1801670022114888,-0.02040123485192441,0.33653781410078343,-0.0014671950675713141,0.4348232022078059,-0.0019641964560533354,0.17630480120393544,0.0038622010075533564,0.39200165584453767,0.5942028985507246,0.22432375023908208,0.33778604450913513,0.20986377169122528,0.3574828133262824,0.0015864621893178213
ATMOS_ONLY__pessimistic__L010,ATMOS_ONLY,pessimistic,0.1,50,0.6199719309806824,0.8344246959775491,0.4820305434358566,0.3523941525416925,0.42217890531175595,0.25716687411400274,0.04967478827397076,0.39617312585854697,0.026005779453208977,0.4348232022078059,0.05818394452487424,0.2329076840078802,0.02425919010612254,0.39200165584453767,0.5942028985507246,0.22432375023908208,0.4419962360126661,0.2966427089215254,0.2459016393442623,0.0037017451084082496
ATMOS_ONLY__pessimistic__L010,ATMOS_ONLY,pessimistic,0.1,75,0.6199719309806824,0.80355472404116,0.37557156641042,0.42798315763074,0.4535952029465684,0.30148349783527795,0.0023701862729474388,0.4571706793971344,-0.0035754764505659953,0.4348232022078059,-0.0036669423804210344,0.30009471892332296,0.001388778911954991,0.39200165584453767,0.5942028985507246,0.22432375023908208,0.4513352352815417,0.32087999496376063,0.08672659968270756,0.005288207297726071
ATMOS_ONLY__pessimistic__L010,ATMOS_ONLY,pessimistic,0.1,100,0.6199719309806824,0.7988774555659495,0.3333051669925436,0.4655722885734059,0.49408369393947105,0.34105248808653016,-0.0023242552882328793,0.5189060086342396,-0.024822314694768588,0.4348232022078059,-0.02217489330976996,0.37327994112689433,-0.03222745304036417,0.39200165584453767,0.5942028985507246,0.22432375023908208,0.4928178485209438,0.36031553984804376,0.08461131676361713,0.007932310946589107
ATMOS_ONLY__pessimistic__L010,ATMOS_ONLY,pessimistic,0.1,125,0.6199719309806824,0.7895229186155285,0.27932745398983205,0.5101954646256964,0.4991072917492871,0.35619294943817825,0.0018817133574360323,0.5143399186307513,-0.015232626881464262,0.4348232022078059,-0.00977150608302979,0.3751967394659054,-0.019003790027727174,0.39200165584453767,0.5942028985507246,0.22432375023908208,0.442301904847729,0.3122918300578364,0.07033315705975675,0.010047593865679535
ATMOS_ONLY__pessimistic__L010,ATMOS_ONLY,pessimistic,0.1,150,0.6199719309806824,0.7764265668849392,0.22942433383090968,0.5470022330540295,0.5346330079012365,0.3923248671365601,0.047638148589730867,0.5096414009222813,0.024991606978955194,0.4348232022078059,0.025280622799351227,0.3627405822567549,0.029584284879805245,0.39200165584453767,0.5942028985507246,0.22432375023908208,0.4736922657536348,0.3461415741242248,0.07033315705975675,0.014278159703860392
ATMOS_ONLY__pessimistic__L010,ATMOS_ONLY,pessimistic,0.1,200,0.6199719309806824,0.6033676333021516,0.17354693599384075,0.42982069730831085,0.4756477529632863,0.3690176932632372,0.019964470595494666,0.4510055247369096,0.02464222822637674,0.4348232022078059,0.015346334896029434,0.34201931967265153,0.026998373590585656,0.39200165584453767,0.5942028985507246,0.22432375023908208,0.36379339683638734,0.2839998447930471,0.047593865679534636,0.023796932839767318
ATMOS_ONLY__pessimistic__L010,ATMOS_ONLY,pessimistic,0.1,250,0.6199719309806824,0.5575304022450889,0.13563454469195896,0.4218958575531299,0.49294665586722175,0.4003420653643736,0.03723772536053627,0.4474091808841665,0.04553747498305527,0.4348232022078059,0.036863943282494316,0.35563703281196424,0.044705032552409374,0.39200165584453767,0.5942028985507246,0.22432375023908208,0.3748178825461714,0.31091164823153605,0.040719196192490745,0.033844526705446853
ATMOS_ONLY__pessimistic__L010,ATMOS_ONLY,pessimistic,0.1,300,0.6199719309806824,0.41908325537885877,0.11750868129513835,0.3015745740837204,0.45318148409616027,0.375748889837718,0.017313296186001803,0.436701016810275,0.01648046728588526,0.4348232022078059,0.02000246893529456,0.3557085929644257,0.020040296873292285,0.39200165584453767,0.5942028985507246,0.22432375023908208,0.30944275748796074,0.26703195190473145,0.040719196192490745,0.046536224219989424
ATMOS_ONLY__pessimistic__L010,ATMOS_ONLY,pessimistic,0.1,400,0.6199719309806824,0.2694106641721235,0.10411490966994387,0.16529575450217965,0.33277789776804095,0.2633134707608909,-0.07833473415538011,0.36721526370687324,-0.03443736593883229,0.4348232022078059,-0.07873562807571993,0.2951514840946607,-0.03183801333376979,0.39200165584453767,0.5942028985507246,0.22432375023908208,0.08971926922651076,0.05774341232236819,0.040719196192490745,0.08196721311475409
ATMOS_ONLY__pessimistic__L025,ATMOS_ONLY,pessimistic,0.25,25,0.6199719309806824,0.883068288119738,0.5854816502940631,0.29758663782567496,0.29081301795135256,0.13297900856460027,-0.06465883593378396,0.34106124008860617,-0.050248222137253606,0.4518986944096526,-0.04915219010294186,0.18013524538247452,-0.04715623681787426,0.40907714804638434,0.5942028985507246,0.27551245474586433,0.27496027859488814,0.14120874613267445,0.3574828133262824,0.0015864621893178213
ATMOS_ONLY__pessimistic__L025,ATMOS_ONLY,pessimistic,0.25,50,0.6199719309806824,0.8344246959775491,0.4910626111455557,0.3433620848319934,0.37530400727712876,0.19538540619140493,0.002799890239343572,0.39881375163567473,-0.02350974435854597,0.4518986944096526,-0.0035975233977235677,0.23302270237408204,-0.03763729618267711,0.40907714804638434,0.5942028985507246,0.27551245474586433,0.37871785711456196,0.22149584196015537,0.24484399788471709,0.0037017451084082496
ATMOS_ONLY__pessimistic__L025,ATMOS_ONLY,pessimistic,0.25,75,0.6199719309806824,0.7970065481758652,0.40424934392875045,0.3927572042471148,0.4012899457123536,0.23837322191580726,-0.04993507096126737,0.5032501244211884,-0.10196017870883484,0.4518986944096526,-0.06677721829989172,0.316551989128076,-0.07817876721226871,0.40907714804638434,0.5942028985507246,0.27551245474586433,0.36865098539367747,0.2363389236362903,0.09941829719725014,0.005288207297726071
ATMOS_ONLY__pessimistic__L025,ATMOS_ONLY,pessimistic,0.25,100,0.6199719309806824,0.7932647333956969,0.3394829020921076,0.45378183130358934,0.46394480683753225,0.3003208035448487,-0.03246314239017167,0.5480691378340267,-0.08412433099649441,0.4518986944096526,-0.06290657785145143,0.3681285656628289,-0.06780776211798023,0.40907714804638434,0.5942028985507246,0.27551245474586433,0.43143738975485585,0.29264331920960457,0.08514013749338974,0.007932310946589107
ATMOS_ONLY__pessimistic__L025,ATMOS_ONLY,pessimistic,0.25,125,0.6199719309806824,0.7829747427502338,0.29130091777444667,0.49167382497578715,0.48535063449215626,0.31933568195991135,-0.01187494389969479,0.5555872921357254,-0.07023665764356918,0.4518986944096526,-0.04662877356129669,0.3957695484318247,-0.07643386647191336,0.40907714804638434,0.5942028985507246,0.27551245474586433,0.43104370530654385,0.2825840996107656,0.07139079851930195,0.011634056054997356
ATMOS_ONLY__pessimistic__L025,ATMOS_ONLY,pessimistic,0.25,150,0.6199719309806824,0.7736202057998129,0.24777000500431445,0.5258502007954985,0.48293655234131,0.3335674027267642,-0.004058306970195602,0.5397899985260752,-0.05685344618476523,0.4518986944096526,-0.033476841610444674,0.3845288229596849,-0.05096142023292066,0.40907714804638434,0.5942028985507246,0.27551245474586433,0.41011618959546353,0.28170812337094703,0.07033315705975675,0.013749338974087784
ATMOS_ONLY__pessimistic__L025,ATMOS_ONLY,pessimistic,0.25,200,0.6199719309806824,0.7595884003741815,0.1795349813155454,0.5800534190586362,0.5238797572758499,0.40519371737282217,0.06819647490805825,0.49075697061767004,0.03312278665817986,0.4518986944096526,0.051522359005614415,0.3726507366368551,0.032542980735967064,0.40907714804638434,0.5942028985507246,0.27551245474586433,0.44037692655199256,0.34523947050908,0.05446853516657853,0.024325753569539928
ATMOS_ONLY__pessimistic__L025,ATMOS_ONLY,pessimistic,0.25,250,0.6199719309806824,0.6669784845650141,0.1614511892856568,0.5055272952793572,0.40939382868473195,0.3064017636715861,-0.04631510182195353,0.46830960016992373,-0.05891577148519178,0.4518986944096526,-0.05707635841029318,0.37125280775144925,-0.06485104407986314,0.40907714804638434,0.5942028985507246,0.27551245474586433,0.26762732197299993,0.19571132682451253,0.05446853516657853,0.03860391327340032
ATMOS_ONLY__pessimistic__L025,ATMOS_ONLY,pessimistic,0.25,300,0.6199719309806824,0.587464920486436,0.1417920429462827,0.4456728775401533,0.4037778166413042,0.31490933350877137,-0.03209037126885428,0.470568768835291,-0.06679095219398679,0.4518986944096526,-0.04083708739365205,0.38643557905169357,-0.0715262455429222,0.40907714804638434,0.5942028985507246,0.27551245474586433,0.25174207144245003,0.19477108879973803,0.04336329984135378,0.05605499735589635
ATMOS_ONLY__pessimistic__L025,ATMOS_ONLY,pessimistic,0.25,400,0.6199719309806824,0.5135640785781104,0.12124735305146818,0.3923167255266422,0.3512988339178493,0.2722176165286304,-0.059813798005571794,0.37826524217302004,-0.02696640825517077,0.4518986944096526,-0.06983148230798042,0.30483733988950973,-0.032619723360879316,0.40907714804638434,0.5942028985507246,0.27551245474586433,0.15434316471493834,0.10875633786199952,0.041248016922263354,0.09836065573770492
ATMOS_ONLY__pessimistic__L050,ATMOS_ONLY,pessimistic,0.5,25,0.6199719309806824,0.8325537885874649,0.5522145950295475,0.28033919355791737,0.34672527028901934,0.1813248202938725,-0.008746583596117186,0.3063182435181182,0.04040702677090113,0.4677138435580007,-0.0008063783736696195,0.13580108348525863,0.04552373680861388,0.4248922971947325,0.6304347826086957,0.2880198685118594,0.3645538529186629,0.22567453159989967,0.2702273929138022,0.0015864621893178213
ATMOS_ONLY__pessimistic__L050,ATMOS_ONLY,pessimistic,0.5,50,0.6199719309806824,0.8194574368568756,0.4943028832841869,0.32515455357268863,0.40393749945331275,0.22889097295193078,0.031433382415527567,0.42351875376741094,-0.019581254314098184,0.4677138435580007,0.029908043362802283,0.2013976314308119,0.027493341521118875,0.4248922971947325,0.6304347826086957,0.2880198685118594,0.4282322769801808,0.2773134827680901,0.2453728186144897,0.004230565838180857
ATMOS_ONLY__pessimistic__L050,ATMOS_ONLY,pessimistic,0.5,75,0.6199719309806824,0.7970065481758652,0.3653253673861488,0.43168118078971646,0.49476004216318686,0.2827125482077571,0.04353502548956589,0.4627505564593728,0.03200948570381407,0.4677138435580007,-0.022437892007941884,0.23785175167974007,0.04486079652801703,0.4248922971947325,0.6304347826086957,0.2880198685118594,0.5084915161313028,0.3275699025026489,0.16816499206768906,0.006345848757271285
ATMOS_ONLY__pessimistic__L050,ATMOS_ONLY,pessimistic,0.5,100,0.6199719309806824,0.7867165575304023,0.330114951626988,0.45660160590341425,0.48626735596782505,0.2898816264437165,-0.010140593259878872,0.5214362268418059,-0.03516887087398085,0.4677138435580007,-0.07334575495258361,0.33069398435404196,-0.04081235791032545,0.4248922971947325,0.6304347826086957,0.2880198685118594,0.4480128666869834,0.27841625964644506,0.10153358011634056,0.010576414595452142
ATMOS_ONLY__pessimistic__L050,ATMOS_ONLY,pessimistic,0.5,125,0.6199719309806824,0.775491113189897,0.27597012289307354,0.4995209902968235,0.5128764623088734,0.34712858487585135,0.01565088391702235,0.5624710898750349,-0.04959462756616151,0.4677138435580007,-0.01883587064535669,0.3871791096021482,-0.04005052472629683,0.4248922971947325,0.6304347826086957,0.2880198685118594,0.46494898575886384,0.33842143541681996,0.08672659968270756,0.014806980433632998
ATMOS_ONLY__pessimistic__L050,ATMOS_ONLY,pessimistic,0.5,150,0.6199719309806824,0.774555659494855,0.25349293559533653,0.5210627238995185,0.5299110338041294,0.3665450574919768,0.042916174492623804,0.5743183702323399,-0.04440733642821049,0.4677138435580007,-0.0004991868452320913,0.4143965861601747,-0.04785152866819792,0.4248922971947325,0.6304347826086957,0.2880198685118594,0.4794132955813329,0.356648102884876,0.07615018508725542,0.02009518773135907
ATMOS_ONLY__pessimistic__L050,ATMOS_ONLY,pessimistic,0.5,200,0.6199719309806824,0.7680074836295603,0.2340180852047225,0.5339893984248378,0.4809979406895728,0.33409743249499985,0.025314658321781147,0.52484020972591,-0.043842269036337145,0.4677138435580007,-0.01957392587220791,0.3931133642200594,-0.059015931725059534,0.4248922971947325,0.6304347826086957,0.2880198685118594,0.40351819770100716,0.2994892598863267,0.07615018508725542,0.03120042305658382
ATMOS_ONLY__pessimistic__L050,ATMOS_ONLY,pessimistic,0.5,250,0.6199719309806824,0.7614593077642656,0.2137854780668814,0.5476738296973842,0.48164956748198656,0.34141619453541994,0.02594063697530108,0.4996396980638161,-0.017990130581829522,0.4677138435580007,-0.02206192754645936,0.3977036456489505,-0.05628745111353056,0.4248922971947325,0.6304347826086957,0.2880198685118594,0.39663500172305804,0.301741058238314,0.05711263881544157,0.048122686409307246
ATMOS_ONLY__pessimistic__L050,ATMOS_ONLY,pessimistic,0.5,300,0.6199719309806824,0.754911131898971,0.20547895878203146,0.5494321731169395,0.41515102639118495,0.28716183174912663,-0.020717161518973515,0.4816318823929386,-0.06648085600175363,0.4677138435580007,-0.0685845891532968,0.39707921969816723,-0.1099173879490406,0.4248922971947325,0.6304347826086957,0.2880198685118594,0.25717733473772136,0.1671378373065309,0.05658381808566896,0.07033315705975675
ATMOS_ONLY__pessimistic__L050,ATMOS_ONLY,pessimistic,0.5,400,0.6199719309806824,0.7521047708138447,0.19673764386683226,0.5553671269470125,0.3941971119589069,0.27206034875448437,-0.01691551996451418,0.39840224980115974,-0.0042051378422528485,0.4677138435580007,-0.06998875008212646,0.3312481143512457,-0.05918776559676131,0.4248922971947325,0.6304347826086957,0.2880198685118594,0.2653907370774978,0.18111110683431034,0.05658381808566896,0.12321523003701745
ATMOS_ONLY__pessimistic__L075,ATMOS_ONLY,pessimistic,0.75,25,0.6199719309806824,0.8550046772684752,0.5815352056619165,0.27346947160655866,0.32388821391919387,0.17340085244157352,-0.031583639965942656,0.30960209164118396,0.014286122278009905,0.48221170410065967,-0.008730346225968605,0.15666362511112245,0.016737227330451077,0.43939015773739143,0.6376811594202898,0.2916779190806651,0.3332191541859318,0.1997470115889158,0.3643574828133263,0.0015864621893178213
ATMOS_ONLY__pessimistic__L075,ATMOS_ONLY,pessimistic,0.75,50,0.6199719309806824,0.8007483629560337,0.3977761820864051,0.4029721808696286,0.45920276408373173,0.254062176767446,0.08669864704594654,0.45731691307849043,0.0018858510052413013,0.48221170410065967,0.055079247178317525,0.22481916052286646,0.02924301624457956,0.43939015773739143,0.6376811594202898,0.2916779190806651,0.4692803955976994,0.298455730553269,0.21047065044949761,0.004759386567953464
ATMOS_ONLY__pessimistic__L075,ATMOS_ONLY,pessimistic,0.75,75,0.6199719309806824,0.7895229186155285,0.3357849074313287,0.45373801118419976,0.4366142897364901,0.24542925934918902,-0.014610726937130891,0.500071408008762,-0.06345711827227196,0.48221170410065967,-0.05972118086650996,0.28217404955770403,-0.03674479020851501,0.43939015773739143,0.6376811594202898,0.2916779190806651,0.47520953246539427,0.3200877682235278,0.18191433104177684,0.008461131676361713
ATMOS_ONLY__pessimistic__L075,ATMOS_ONLY,pessimistic,0.75,100,0.6199719309806824,0.7839101964452759,0.3095231298643517,0.4743870665809242,0.4384473247519273,0.24657282788346682,-0.0579606244757766,0.5244365593053806,-0.08598923455345325,0.48221170410065967,-0.1166545535128333,0.32048197652520444,-0.07390914864173762,0.43939015773739143,0.6376811594202898,0.2916779190806651,0.4543982142200616,0.29725320115594045,0.18191433104177684,0.013749338974087784
ATMOS_ONLY__pessimistic__L075,ATMOS_ONLY,pessimistic,0.75,125,0.6199719309806824,0.7736202057998129,0.2782294012545972,0.4953908045452157,0.4391274085916855,0.2646162431710537,-0.05809816980016558,0.555860228976623,-0.11673282038493754,0.48221170410065967,-0.10134821235015434,0.3728644783895839,-0.10824823521853022,0.43939015773739143,0.6376811594202898,0.2916779190806651,0.4437223566467174,0.313171217201332,0.18191433104177684,0.016922263352723427
ATMOS_ONLY__pessimistic__L075,ATMOS_ONLY,pessimistic,0.75,150,0.6199719309806824,0.7717492984097287,0.2667547255598101,0.5049945728499186,0.39118542606449713,0.22250444139412165,-0.09580943324700847,0.5720432793893331,-0.18085785332483595,0.48221170410065967,-0.14453980294308724,0.3965164508018963,-0.17401200940777464,0.43939015773739143,0.6376811594202898,0.2916779190806651,0.3713102061967472,0.24587085240852777,0.18191433104177684,0.024325753569539928
ATMOS_ONLY__pessimistic__L075,ATMOS_ONLY,pessimistic,0.75,200,0.6199719309806824,0.764265668849392,0.2594185486790487,0.5048471201703433,0.3832201141574168,0.22372158880943954,-0.07246316821037485,0.5421954319724499,-0.1589753178150331,0.48221170410065967,-0.1299497695577682,0.41672508120412116,-0.19300349239468162,0.43939015773739143,0.6376811594202898,0.2916779190806651,0.3586053503797415,0.24657273094613927,0.18191433104177684,0.04019037546271814
ATMOS_ONLY__pessimistic__L075,ATMOS_ONLY,pessimistic,0.75,250,0.6199719309806824,0.7558465855940131,0.24412178968780443,0.5117247959062087,0.35018040926986144,0.18781702043249496,-0.10552852123682405,0.4949667868557442,-0.14478637758588275,0.48221170410065967,-0.17566110164938434,0.3938918660331871,-0.20607484560069214,0.43939015773739143,0.6376811594202898,0.2916779190806651,0.26403727783010794,0.14858213795973663,0.1723955579058699,0.061343204653622425
ATMOS_ONLY__pessimistic__L075,ATMOS_ONLY,pessimistic,0.75,300,0.6199719309806824,0.7539756782039289,0.24147159198711504,0.5125040862168138,0.33309973232211204,0.17244250152205787,-0.10276845558804643,0.48268677757743483,-0.1495870452553228,0.48221170410065967,-0.18330391938036555,0.4030230979504572,-0.23058059642839934,0.43939015773739143,0.6376811594202898,0.2916779190806651,0.26647031512442965,0.15258494290265393,0.1723955579058699,0.08672659968270756
ATMOS_ONLY__pessimistic__L075,ATMOS_ONLY,pessimistic,0.75,400,0.6199719309806824,0.7511693171188026,0.2354565445009843,0.5157127726178183,0.2898329582095756,0.13312832118772522,-0.12127967371384546,0.4238035911343687,-0.1339706329247931,0.48221170410065967,-0.2089207776488856,0.3574525936310444,-0.2243242724433192,0.43939015773739143,0.6376811594202898,0.2916779190806651,0.27202113363149777,0.16053210479047328,0.1723955579058699,0.14648334214701217
ATMOS_ONLY__pessimistic__L100,ATMOS_ONLY,pessimistic,1.0,25,0.6199719309806824,0.9822263797942001,0.5072580765674326,0.47496830322676753,0.29648834349619396,0.15747942154527395,-0.05898351038894256,0.3783981928389957,-0.08190984934280171,0.49381869695825636,-0.02465177712226818,0.13808489850176722,0.019394523043506723,0.4509971505949881,0.644927536231884,0.298888798717174,0.25817666269259393,0.14172955261899525,0.7022739291380222,0.012162876784769964
ATMOS_ONLY__pessimistic__L100,ATMOS_ONLY,pessimistic,1.0,50,0.6199719309806824,0.9644527595884004,0.491296369540136,0.4731563900482644,0.30617740932027815,0.1650250853815818,-0.06632670771750704,0.4383543494562461,-0.13217694013596792,0.49381869695825636,-0.03395784420754669,0.1931941498024025,-0.028169064420820678,0.4509971505949881,0.644927536231884,0.298888798717174,0.2734751843179795,0.1554433743108186,0.7022739291380222,0.02538339502908514
ATMOS_ONLY__pessimistic__L100,ATMOS_ONLY,pessimistic,1.0,75,0.6199719309806824,0.9260991580916744,0.4743932186897066,0.45170593940196785,0.25690097945996937,0.11176268506873999,-0.1943240372136516,0.45564985997327934,-0.19874888051330997,0.49381869695825636,-0.193387755146959,0.22617888021161103,-0.11441619514287105,0.4509971505949881,0.644927536231884,0.298888798717174,0.26737429692875536,0.14705005218909561,0.7022739291380222,0.03860391327340032
ATMOS_ONLY__pessimistic__L100,ATMOS_ONLY,pessimistic,1.0,100,0.6199719309806824,0.9195509822263798,0.45656516362223,0.4629858186041498,0.250803986024133,0.10538809311178449,-0.24560396320357092,0.5081097020656945,-0.2573057160415615,0.49381869695825636,-0.25783928828451563,0.3029578290929555,-0.197569735981171,0.4509971505949881,0.644927536231884,0.298888798717174,0.2511542715971208,0.13255823100898753,0.7022739291380222,0.05182443151771549
ATMOS_ONLY__pessimistic__L100,ATMOS_ONLY,pessimistic,1.0,125,0.6199719309806824,0.90177736202058,0.43781515976213664,0.46396220225844337,0.2346664371375432,0.08908573394967029,-0.26255914125430785,0.5438740587792048,-0.3092076216416616,0.49381869695825636,-0.27687872157153776,0.3525713320018364,-0.2634855980521661,0.4509971505949881,0.644927536231884,0.298888798717174,0.24120185678547637,0.12418526327299495,0.7022739291380222,0.06504494976203067
ATMOS_ONLY__pessimistic__L100,ATMOS_ONLY,pessimistic,1.0,150,0.6199719309806824,0.8849391955098223,0.4252193913272805,0.45971980418254177,0.23354761412457262,0.08534063569711445,-0.25344724518693296,0.5582951860097414,-0.3247475718851688,0.49381869695825636,-0.28170360864009447,0.3924622473397753,-0.30712161164266083,0.4509971505949881,0.644927536231884,0.298888798717174,0.24086702182724748,0.12125513413430024,0.7022739291380222,0.07826546800634585
ATMOS_ONLY__pessimistic__L100,ATMOS_ONLY,pessimistic,1.0,200,0.6199719309806824,0.8681010289990645,0.40009912018887084,0.46800190881019366,0.22632319795895567,0.07932543553203274,-0.22936008440883598,0.5312656241115343,-0.30494242615257866,0.49381869695825636,-0.274345922835175,0.4012104298006792,-0.3218849942686465,0.4509971505949881,0.644927536231884,0.298888798717174,0.22608196242144254,0.11166075525901319,0.7022739291380222,0.1047065044949762
ATMOS_ONLY__pessimistic__L100,ATMOS_ONLY,pessimistic,1.0,250,0.6199719309806824,0.8063610851262862,0.36805175802397694,0.4383093271023093,0.22316850352195206,0.06922627410536049,-0.23254042698473343,0.5221594795716555,-0.2989909760497035,0.49381869695825636,-0.2942518479765188,0.4152973625398076,-0.3460710884344471,0.4509971505949881,0.644927536231884,0.298888798717174,0.23555161174097614,0.1169932617741795,0.7022739291380222,0.13114754098360656
ATMOS_ONLY__pessimistic__L100,ATMOS_ONLY,pessimistic,1.0,300,0.6199719309806824,0.7876520112254444,0.3471567717893896,0.4404952394360548,0.22811203577096528,0.06979465299660294,-0.20775615213919318,0.4586242477666093,-0.23051221199564403,0.49381869695825636,-0.2859517679058205,0.3728189826918394,-0.30302432969523646,0.4509971505949881,0.644927536231884,0.298888798717174,0.24153649807369848,0.12025924642659648,0.7022739291380222,0.15758857747223692
ATMOS_ONLY__pessimistic__L100,ATMOS_ONLY,pessimistic,1.0,400,0.6199719309806824,0.7736202057998129,0.32807277376343164,0.4455474320363813,0.20007421086182148,0.042254356053700086,-0.2110384210615996,0.438964533345597,-0.2388903224837755,0.49381869695825636,-0.29979474278291074,0.3717768289362879,-0.3295224728825878,0.4509971505949881,0.644927536231884,0.298888798717174,0.21161467498354533,0.0927340918599034,0.7022739291380222,0.21047065044949761
THERM_ONLY__reported__L010,THERM_ONLY,reported,0.1,25,0.5397567749023438,0.8203928905519177,0.5472644640567013,0.2731284264952164,0.34798785254387354,0.18441212023480802,-0.00748400134126298,0.33653781410078343,0.011450038443090116,0.04083730415179189,0.0022809215672658922,0.17630480120393544,0.008107319030872584,-0.0019842422114763336,0.028985507246376812,0.016304347826086956,0.3699363503123409,0.23359103642928372,0.2548915917503966,0.0010576414595452142
THERM_ONLY__reported__L010,THERM_ONLY,reported,0.1,50,0.5397567749023438,0.804490177736202,0.47265535197554664,0.33183482576065537,0.383102554499696,0.20709533005408964,0.010598437461910803,0.39617312585854697,-0.01307057135885098,0.04083730415179189,0.008112400464961145,0.2329076840078802,-0.025812353953790557,-0.0019842422114763336,0.028985507246376812,0.016304347826086956,0.3958621420389536,0.2454008075619637,0.24378635642517188,0.0026441036488630354
THERM_ONLY__reported__L010,THERM_ONLY,reported,0.1,75,0.5397567749023438,0.794200187090739,0.36037667030431175,0.4338235167864273,0.48147814728085525,0.3242188379372042,0.03025313060723428,0.4571706793971344,0.024307467883720846,0.04083730415179189,0.019068397721505204,0.30009471892332296,0.02412411901388123,-0.0019842422114763336,0.028985507246376812,0.016304347826086956,0.491363000194125,0.35714868308319087,0.08302485457429931,0.004230565838180857
THERM_ONLY__reported__L010,THERM_ONLY,reported,0.1,100,0.5397567749023438,0.7885874649204865,0.29754168061419917,0.4910457843062873,0.5167513691272819,0.3638110072137106,0.020343419899577997,0.5189060086342396,-0.0021546395069577118,0.04083730415179189,0.0005836258174105047,0.37327994112689433,-0.009468933913183708,-0.0019842422114763336,0.028985507246376812,0.016304347826086956,0.5143292853206874,0.3745316157680416,0.07139079851930195,0.006345848757271285
THERM_ONLY__reported__L010,THERM_ONLY,reported,0.1,125,0.5397567749023438,0.7764265668849392,0.270076147334926,0.5063504195500131,0.4984158968874462,0.36349229042672165,0.001190318495595144,0.5143399186307513,-0.01592402174330515,0.04083730415179189,-0.0024721650944863893,0.3751967394659054,-0.011704449039183773,-0.0019842422114763336,0.028985507246376812,0.016304347826086956,0.45471130258464715,0.3392568034683565,0.06980433632998413,0.010576414595452142
THERM_ONLY__reported__L010,THERM_ONLY,reported,0.1,150,0.5397567749023438,0.7689429373246024,0.2361964980272278,0.5327464392973746,0.5067270994425266,0.37923369894624737,0.019732240131020984,0.5096414009222813,-0.0029143014797546885,0.04083730415179189,0.012189454609038475,0.3627405822567549,0.016493116689492493,-0.0019842422114763336,0.028985507246376812,0.016304347826086956,0.4405963676688324,0.33304130648471847,0.06927551560021153,0.015335801163405606
THERM_ONLY__reported__L010,THERM_ONLY,reported,0.1,200,0.5397567749023438,0.5537885874649204,0.16564003074855324,0.38814855671636717,0.4622508213038874,0.35798787954027284,0.00656753893609574,0.4510055247369096,0.011245296566977814,0.04083730415179189,0.00431652117306508,0.34201931967265153,0.0159685598676213,-0.0019842422114763336,0.028985507246376812,0.016304347826086956,0.34438999403993925,0.26791064236106926,0.04177683765203596,0.021152829190904283
THERM_ONLY__reported__L010,THERM_ONLY,reported,0.1,250,0.5397567749023438,0.5285313376987839,0.13464072055420043,0.3938906171445835,0.46441690628050875,0.37265586244426,0.008707975773823262,0.4474091808841665,0.017007725396342266,0.04083730415179189,0.009177740362380726,0.35563703281196424,0.017018829632295784,-0.0019842422114763336,0.028985507246376812,0.016304347826086956,0.3337479482992187,0.2718288892582364,0.040719196192490745,0.030671602326811213
THERM_ONLY__reported__L010,THERM_ONLY,reported,0.1,300,0.5397567749023438,0.29560336763330214,0.11831239735220894,0.1772909702810932,0.4318626428456722,0.35040275223507483,-0.004005545064486249,0.436701016810275,-0.0048383739646027935,0.04083730415179189,-0.005343668667348589,0.3557085929644257,-0.005305840729350864,-0.0019842422114763336,0.028985507246376812,0.016304347826086956,0.2788413180202501,0.23016413135607558,0.040719196192490745,0.04389212057112639
THERM_ONLY__reported__L010,THERM_ONLY,reported,0.1,400,0.5397567749023438,0.23666978484565013,0.10250586106595384,0.13416392377969627,0.4179082708097259,0.3497945194877975,0.006795638886304856,0.36721526370687324,0.05069300710285268,0.04083730415179189,0.007745420651186663,0.2951514840946607,0.05464303539313681,-0.0019842422114763336,0.028985507246376812,0.016304347826086956,0.251356525825007,0.22164194827571834,0.040719196192490745,0.07826546800634585
THERM_ONLY__reported__L025,THERM_ONLY,reported,0.25,25,0.5397567749023438,0.8250701590271281,0.5481328565558424,0.2769373024712857,0.36599333674062495,0.20694368131973312,0.010521482855488429,0.34106124008860617,0.024932096652018787,0.04239504660251253,0.024812482652190992,0.18013524538247452,0.026808435937258596,-0.0004264997607556914,0.028985507246376812,0.016304347826086956,0.39569616091829013,0.26281532350838127,0.25383395029085143,0.0005288207297726071
THERM_ONLY__reported__L025,THERM_ONLY,reported,0.25,50,0.5397567749023438,0.80355472404116,0.43019731804657857,0.37335740599458145,0.46944231223446453,0.29795444186280273,0.09693819519667934,0.39881375163567473,0.0706285605987898,0.04239504660251253,0.09897151227367423,0.23302270237408204,0.06493173948872069,-0.0004264997607556914,0.028985507246376812,0.016304347826086956,0.5020383668123664,0.3574314094731783,0.15970386039132733,0.0021152829190904283
THERM_ONLY__reported__L025,THERM_ONLY,reported,0.25,75,0.5397567749023438,0.7970065481758652,0.36317661892473335,0.4338299292511319,0.5181364911240799,0.3591820958925152,0.06691147445045892,0.5032501244211884,0.014886366702891451,0.04239504660251253,0.054031655676816226,0.316551989128076,0.042630106764439235,-0.0004264997607556914,0.028985507246376812,0.016304347826086956,0.5440476497476744,0.41050774012502905,0.08302485457429931,0.0031729243786356425
THERM_ONLY__reported__L025,THERM_ONLY,reported,0.25,100,0.5397567749023438,0.7867165575304023,0.29641062687661335,0.4903059306537889,0.533493841411793,0.37532152596657076,0.037085892184089086,0.5480691378340267,-0.014575296422233652,0.04239504660251253,0.012094144570270637,0.3681285656628289,0.0071929603037418355,-0.0004264997607556914,0.028985507246376812,0.016304347826086956,0.5153333941135713,0.3824483992722639,0.07191961924907457,0.005817028027498678
THERM_ONLY__reported__L025,THERM_ONLY,reported,0.25,125,0.5397567749023438,0.7839101964452759,0.265383278378709,0.5185269180665669,0.523834697190566,0.3661062256977438,0.026609118798714915,0.5555872921357254,-0.031752594945159474,0.04239504660251253,0.0001417701765357715,0.3957695484318247,-0.0296633227340809,-0.0004264997607556914,0.028985507246376812,0.016304347826086956,0.48869279527886916,0.34534749934160985,0.07033315705975675,0.012162876784769964
THERM_ONLY__reported__L025,THERM_ONLY,reported,0.25,150,0.5397567749023438,0.7726847521047708,0.2333594055312607,0.5393253465735102,0.5100434039598821,0.3820839144366066,0.023048544648376523,0.5397899985260752,-0.029746594566193107,0.04239504660251253,0.015039670099397717,0.3845288229596849,-0.0024449085230782708,-0.0004264997607556914,0.028985507246376812,0.016304347826086956,0.45530889399861424,0.3485513181328022,0.06557377049180328,0.014278159703860392
THERM_ONLY__reported__L025,THERM_ONLY,reported,0.25,200,0.5397567749023438,0.5893358278765201,0.1639881025327067,0.4253477253438134,0.4696411899889387,0.36938328044077695,0.01395790762114707,0.49075697061767004,-0.021115780628731318,0.04239504660251253,0.015711922073569196,0.3726507366368551,-0.0032674561960781556,-0.0004264997607556914,0.028985507246376812,0.016304347826086956,0.35302527954610824,0.28438758728469676,0.04336329984135378,0.0222104706504495
THERM_ONLY__reported__L025,THERM_ONLY,reported,0.25,250,0.5397567749023438,0.5855940130963517,0.1316121729026713,0.45398184019368043,0.4848485791167105,0.3903883113858161,0.029139648610024993,0.46830960016992373,0.016538978946786742,0.04239504660251253,0.026910189303936793,0.37125280775144925,0.019135503634366835,-0.0004264997607556914,0.028985507246376812,0.016304347826086956,0.3605578928048316,0.2990844295256782,0.040719196192490745,0.03278688524590164
THERM_ONLY__reported__L025,THERM_ONLY,reported,0.25,300,0.5397567749023438,0.529466791393826,0.1184074513925529,0.4110593400012731,0.4807907981814453,0.3992541358224967,0.044922610271286856,0.470568768835291,0.010222029346154349,0.04239504660251253,0.04350771492007327,0.38643557905169357,0.012818556770803125,-0.0004264997607556914,0.028985507246376812,0.016304347826086956,0.3486555907004518,0.3011305440538269,0.040719196192490745,0.04547858276044421
THERM_ONLY__reported__L025,THERM_ONLY,reported,0.25,400,0.5397567749023438,0.30121608980355474,0.10018693807785055,0.20102915172570418,0.42461313844359866,0.35391998760950244,0.013500506520177591,0.37826524217302004,0.046347896270578615,0.04239504660251253,0.011870888772891608,0.30483733988950973,0.04908264771999271,-0.0004264997607556914,0.028985507246376812,0.016304347826086956,0.25369424388838163,0.21979786439203933,0.040719196192490745,0.07826546800634585
THERM_ONLY__reported__L050,THERM_ONLY,reported,0.5,25,0.5397567749023438,0.8437792329279701,0.5442838382621183,0.29949539466585173,0.3887144507195847,0.23128472696486677,0.03324259683444819,0.3063182435181182,0.08239620720146651,0.04296116605730867,0.04915352829732464,0.13580108348525863,0.09548364347960814,0.00013961969404044372,0.028985507246376812,0.016304347826086956,0.4267399329676825,0.2958791382169002,0.24325753569539926,0.0010576414595452142
THERM_ONLY__reported__L050,THERM_ONLY,reported,0.5,50,0.5397567749023438,0.8278765201122544,0.4227125290500668,0.40516399106218765,0.49715723759841585,0.3284595136925756,0.12465312056063066,0.42351875376741094,0.07363848383100491,0.04296116605730867,0.1294765841034471,0.2013976314308119,0.12706188226176368,0.00013961969404044372,0.028985507246376812,0.016304347826086956,0.5359149568126079,0.39599095821280966,0.13907985193019567,0.0010576414595452142
THERM_ONLY__reported__L050,THERM_ONLY,reported,0.5,75,0.5397567749023438,0.8147801683816651,0.32590252561537625,0.48887764276628887,0.5716423219723736,0.38494729540851486,0.12041730529875266,0.4627505564593728,0.10889176551300084,0.04296116605730867,0.07979685519281587,0.23785175167974007,0.14709554372877479,0.00013961969404044372,0.028985507246376812,0.016304347826086956,0.6046012296593916,0.4431809632100436,0.07033315705975675,0.0037017451084082496
THERM_ONLY__reported__L050,THERM_ONLY,reported,0.5,100,0.5397567749023438,0.7857811038353602,0.27480619825183733,0.5109749055835229,0.5538732969563877,0.3942599907296642,0.057465347728683724,0.5214362268418059,0.032437070114581745,0.04296116605730867,0.031032609333364103,0.33069398435404196,0.06356600637562226,0.00013961969404044372,0.028985507246376812,0.016304347826086956,0.5353020939558947,0.40963832296358677,0.07033315705975675,0.006345848757271285
THERM_ONLY__reported__L050,THERM_ONLY,reported,0.5,125,0.5397567749023438,0.7839101964452759,0.25368967485275473,0.5302205215925212,0.5350020661701432,0.38557190388690243,0.03777648777829218,0.5624710898750349,-0.027469023704891682,0.04296116605730867,0.01960744836569439,0.3871791096021482,-0.001607205715245752,0.00013961969404044372,0.028985507246376812,0.016304347826086956,0.4994529237569867,0.37315411611988997,0.06874669487043893,0.010047593865679535
THERM_ONLY__reported__L050,THERM_ONLY,reported,0.5,150,0.5397567749023438,0.7792329279700655,0.21010828258835962,0.5691246453817058,0.5518769118881313,0.4236195820080589,0.06488205257662566,0.5743183702323399,-0.02244145834420863,0.04296116605730867,0.05657533767084999,0.4143965861601747,0.009222995847884163,0.00013961969404044372,0.028985507246376812,0.016304347826086956,0.5045147521760925,0.4065536903873996,0.04336329984135378,0.015864621893178214
THERM_ONLY__reported__L050,THERM_ONLY,reported,0.5,200,0.5397567749023438,0.7698783910196445,0.16976457638073003,0.6001138146389144,0.5505953777161189,0.44461180802785893,0.09491209534832723,0.52484020972591,0.025755167990208938,0.04296116605730867,0.09094044966065118,0.3931133642200594,0.051498443807799554,0.00013961969404044372,0.028985507246376812,0.016304347826086956,0.48612552387417374,0.4110540906331844,0.041248016922263354,0.024854574299312534
THERM_ONLY__reported__L050,THERM_ONLY,reported,0.5,250,0.5397567749023438,0.6978484565014031,0.13923149129215356,0.5586169652092496,0.5182943805007787,0.42556434408610716,0.06258544999409321,0.4996396980638161,0.01865468243696261,0.04296116605730867,0.062086222004227865,0.3977036456489505,0.02786069843715666,0.00013961969404044372,0.028985507246376812,0.016304347826086956,0.43621955479468505,0.3784433491826696,0.041248016922263354,0.033315705975674244
THERM_ONLY__reported__L050,THERM_ONLY,reported,0.5,300,0.5397567749023438,0.5360149672591207,0.11585190360974523,0.42016306364937545,0.4716208426491789,0.38960059084380244,0.03575265473902045,0.4816318823929386,-0.010011039743759664,0.04296116605730867,0.03385416994137902,0.39707921969816723,-0.007478628854364788,0.00013961969404044372,0.028985507246376812,0.016304347826086956,0.34643537166543115,0.29706919463198583,0.041248016922263354,0.04547858276044421
THERM_ONLY__reported__L050,THERM_ONLY,reported,0.5,400,0.5397567749023438,0.45182413470533206,0.09086392116649647,0.36096021353883556,0.4617634264894147,0.3948541874573316,0.05065079456599364,0.39840224980115974,0.06336117668825497,0.04296116605730867,0.05280508862072075,0.3312481143512457,0.0636060731060859,0.00013961969404044372,0.028985507246376812,0.016304347826086956,0.31409773604045865,0.2803361799149459,0.035430988894764676,0.074034902168165
THERM_ONLY__reported__L075,THERM_ONLY,reported,0.75,25,0.5397567749023438,0.8437792329279701,0.5437760512233182,0.3000031817046519,0.3891605609749159,0.23321686548828788,0.03368870708977939,0.30960209164118396,0.07955846933373195,0.04332259549573316,0.05108566682074575,0.15666362511112245,0.07655324037716543,0.0005010491324649383,0.028985507246376812,0.016304347826086956,0.42716077512732237,0.29844342022578285,0.24378635642517188,0.0015864621893178213
THERM_ONLY__reported__L075,THERM_ONLY,reported,0.75,50,0.5397567749023438,0.8269410664172123,0.4029241253517635,0.42401694106544885,0.514770501369385,0.30694880825902526,0.14226638433159977,0.45731691307849043,0.05745358829089453,0.04332259549573316,0.10796587866989676,0.22481916052286646,0.0821296477361588,0.0005010491324649383,0.028985507246376812,0.016304347826086956,0.5524858450958879,0.38588489871287196,0.13537810682178741,0.0026441036488630354
THERM_ONLY__reported__L075,THERM_ONLY,reported,0.75,75,0.5397567749023438,0.8166510757717493,0.32465430874346396,0.4919967670282854,0.5731810415891987,0.38347521445519084,0.12195602491557772,0.500071408008762,0.07310963358043665,0.04332259549573316,0.07832477423949186,0.28217404955770403,0.1013011648974868,0.0005010491324649383,0.028985507246376812,0.016304347826086956,0.6053094640127294,0.44773034523479,0.07086197778952935,0.005288207297726071
THERM_ONLY__reported__L075,THERM_ONLY,reported,0.75,100,0.5397567749023438,0.7829747427502338,0.27540885725668335,0.5075658854935505,0.5297802577472535,0.36340953547256727,0.03337230851954953,0.5244365593053806,0.0053436984418728795,0.04332259549573316,0.0001821540762671492,0.32048197652520444,0.04292755894736283,0.0005010491324649383,0.028985507246376812,0.016304347826086956,0.500954684913007,0.37102481938023585,0.07086197778952935,0.008989952406134321
THERM_ONLY__reported__L075,THERM_ONLY,reported,0.75,125,0.5397567749023438,0.7820392890551918,0.2259078667733208,0.556131422281871,0.5771867679975888,0.428692570125217,0.07996118960573778,0.555860228976623,0.021326539020965818,0.04332259549573316,0.06272811460400896,0.3728644783895839,0.05582809173563308,0.0005010491324649383,0.028985507246376812,0.016304347826086956,0.5471905393388096,0.43494383023719513,0.04389212057112639,0.011634056054997356
THERM_ONLY__reported__L075,THERM_ONLY,reported,0.75,150,0.5397567749023438,0.7792329279700655,0.2110678483934556,0.5681650795766099,0.5509144300073485,0.4205102779437268,0.06391957069584292,0.5720432793893331,-0.02112884938198456,0.04332259549573316,0.053466033606517915,0.3965164508018963,0.023993827141830515,0.0005010491324649383,0.028985507246376812,0.016304347826086956,0.5035609200381305,0.402045805360788,0.04389212057112639,0.014278159703860392
THERM_ONLY__reported__L075,THERM_ONLY,reported,0.75,200,0.5397567749023438,0.7586529466791394,0.18467499733074388,0.5739779493483955,0.5475710675387718,0.43224932092074897,0.09188778517098017,0.5421954319724499,0.0053756355663219235,0.04332259549573316,0.07857796255354121,0.41672508120412116,0.015524239716627808,0.0005010491324649383,0.028985507246376812,0.016304347826086956,0.4920672072607013,0.4097983345445031,0.041248016922263354,0.026441036488630356
THERM_ONLY__reported__L075,THERM_ONLY,reported,0.75,250,0.5397567749023438,0.6697848456501403,0.1369619138753022,0.5328229317748381,0.5141560398274543,0.4189750096263912,0.0584471093207688,0.4949667868557442,0.01918925297171009,0.04332259549573316,0.05549688754451193,0.3938918660331871,0.025083143593204127,0.0005010491324649383,0.028985507246376812,0.016304347826086956,0.42964280299990415,0.3667653944812012,0.041248016922263354,0.03648863035430989
THERM_ONLY__reported__L075,THERM_ONLY,reported,0.75,300,0.5397567749023438,0.6314312441534145,0.12309408441577448,0.5083371597376399,0.5025928720133291,0.4147518719086949,0.06672468410317067,0.48268677757743483,0.019906094435894306,0.04332259549573316,0.05900545100627147,0.4030230979504572,0.011728773958237682,0.0005010491324649383,0.028985507246376812,0.016304347826086956,0.3958004261286476,0.33972273984157947,0.03648863035430989,0.0449497620306716
THERM_ONLY__reported__L075,THERM_ONLY,reported,0.75,400,0.5397567749023438,0.5079513564078578,0.08949230560213531,0.41845905080572254,0.4523544535067384,0.3835733991825236,0.04124182158331735,0.4238035911343687,0.0285508623723697,0.04332259549573316,0.04152430034591276,0.3574525936310444,0.026120805551479165,0.0005010491324649383,0.028985507246376812,0.016304347826086956,0.3571720515032872,0.31974029303205426,0.033844526705446853,0.07297726070861978
THERM_ONLY__reported__L100,THERM_ONLY,reported,1.0,25,0.5397567749023438,0.8437792329279701,0.5421165939446267,0.30166263898334333,0.3907441357496913,0.23384724977599217,0.03527228186455478,0.3783981928389957,0.012345942910695629,0.04357319763831762,0.05171605110845004,0.13808489850176722,0.09576235127422494,0.0007516512750493989,0.028985507246376812,0.016304347826086956,0.4286880672754334,0.298230082376993,0.24484399788471709,0.0010576414595452142
THERM_ONLY__reported__L100,THERM_ONLY,reported,1.0,50,0.5397567749023438,0.8213283442469598,0.39912837015556657,0.4221999740913932,0.50015911058236,0.29385662851314703,0.12765499354457477,0.4383543494562461,0.06180476112611388,0.04357319763831762,0.09487369892401853,0.1931941498024025,0.10066247871074455,0.0007516512750493989,0.028985507246376812,0.016304347826086956,0.5300362745818086,0.36583891492311044,0.12956107879428874,0.0026441036488630354
THERM_ONLY__reported__L100,THERM_ONLY,reported,1.0,75,0.5397567749023438,0.8147801683816651,0.3161523250217558,0.49862784335990934,0.5830318452079506,0.39556611429089733,0.13180682853432962,0.45564985997327934,0.12738198523467126,0.04357319763831762,0.09041567407519835,0.22617888021161103,0.1693872340792863,0.0007516512750493989,0.028985507246376812,0.016304347826086956,0.6155399071239441,0.4665680171113091,0.06874669487043893,0.005817028027498678
THERM_ONLY__reported__L100,THERM_ONLY,reported,1.0,100,0.5397567749023438,0.8007483629560337,0.2692838212270408,0.5314645417289929,0.5595378576056066,0.39104369558911456,0.06312990837790267,0.5081097020656945,0.05142815553991209,0.04357319763831762,0.02781631419281444,0.3029578290929555,0.08808586649615907,0.0007516512750493989,0.028985507246376812,0.016304347826086956,0.5626206646089565,0.42959287963965004,0.06874669487043893,0.007932310946589107
THERM_ONLY__reported__L100,THERM_ONLY,reported,1.0,125,0.5397567749023438,0.7698783910196445,0.23289410279456937,0.5369842882250752,0.5683429584469973,0.42126781794107615,0.07111738005514628,0.5438740587792048,0.024468899667792532,0.04357319763831762,0.05530336241986811,0.3525713320018364,0.06869648593923977,0.0007516512750493989,0.028985507246376812,0.016304347826086956,0.5627702528452502,0.4526565458328619,0.05023796932839767,0.011634056054997356
THERM_ONLY__reported__L100,THERM_ONLY,reported,1.0,150,0.5397567749023438,0.7698783910196445,0.2158055082817546,0.5540728827378899,0.5849997768181124,0.4478710330280603,0.09800491750660684,0.5582951860097414,0.026704590808371065,0.04357319763831762,0.08082678869085141,0.3924622473397753,0.055408785688285,0.0007516512750493989,0.028985507246376812,0.016304347826086956,0.5790155566983074,0.4791990967762054,0.048651507139079855,0.015335801163405606
THERM_ONLY__reported__L100,THERM_ONLY,reported,1.0,200,0.5397567749023438,0.7567820392890552,0.17422471287901103,0.5825573264100441,0.5410964162898224,0.4282687807946201,0.08541313392203076,0.5312656241115343,0.009830792178288084,0.04357319763831762,0.07459742242741235,0.4012104298006792,0.027058350993940883,0.0007516512750493989,0.028985507246376812,0.016304347826086956,0.4766133920421718,0.39952619963856045,0.04177683765203596,0.02538339502908514
THERM_ONLY__reported__L100,THERM_ONLY,reported,1.0,250,0.5397567749023438,0.6445275958840038,0.14543914336265368,0.4990884525213501,0.5068847990167092,0.41203231020209496,0.05117586851002376,0.5221594795716555,-0.015274680554946296,0.04357319763831762,0.04855418812021567,0.4152973625398076,-0.003265052337712626,0.0007516512750493989,0.028985507246376812,0.016304347826086956,0.4109859973745553,0.34833246609060664,0.04177683765203596,0.03437334743521946
THERM_ONLY__reported__L100,THERM_ONLY,reported,1.0,300,0.5397567749023438,0.6351730589335828,0.12702180628718035,0.5081512526464025,0.4990505377053548,0.41299701520215576,0.06318234979519632,0.4586242477666093,0.040426289938745474,0.04357319763831762,0.05725059429973234,0.3728189826918394,0.040178032510316375,0.0007516512750493989,0.028985507246376812,0.016304347826086956,0.3839012443793511,0.327764925074239,0.03648863035430989,0.047593865679534636
THERM_ONLY__reported__L100,THERM_ONLY,reported,1.0,400,0.5397567749023438,0.5042095416276894,0.09157419967307195,0.41263534195461743,0.4268412778610977,0.3550597022895956,0.015728645937676644,0.438964533345597,-0.012123255484499273,0.04357319763831762,0.01301060345298477,0.3717768289362879,-0.016717126646692282,0.0007516512750493989,0.028985507246376812,0.016304347826086956,0.3274852460524414,0.28610960812178754,0.035430988894764676,0.07086197778952935
THERM_ONLY__optimistic__L010,THERM_ONLY,optimistic,0.1,25,0.5397567749023438,0.8203928905519177,0.5473861078794586,0.27300678267245904,0.3477836025391065,0.185682503512296,-0.007688251346030017,0.33653781410078343,0.011245788438323079,0.03943903052190308,0.003551304844753883,0.17630480120393544,0.009377702308360575,-0.00338251584136514,0.028985507246376812,0.016304347826086956,0.3696924089947849,0.2351657637074347,0.25647805393971446,0.0010576414595452142
THERM_ONLY__optimistic__L010,THERM_ONLY,optimistic,0.1,50,0.5397567749023438,0.8072965388213283,0.4738553366397222,0.33344120218160617,0.3826709013618578,0.20797162065477942,0.010166784324072586,0.39617312585854697,-0.013502224496689197,0.03943903052190308,0.008988691065650922,0.2329076840078802,-0.02493606335310078,-0.00338251584136514,0.028985507246376812,0.016304347826086956,0.39442128195352905,0.2455533588882475,0.2453728186144897,0.0026441036488630354
THERM_ONLY__optimistic__L010,THERM_ONLY,optimistic,0.1,75,0.5397567749023438,0.7960710944808232,0.3669016192529898,0.42916947522783344,0.47573159407701043,0.3159349197535861,0.024506577403389462,0.4571706793971344,0.01856091467987603,0.03943903052190308,0.010784479537887137,0.30009471892332296,0.015840200830263163,-0.00338251584136514,0.028985507246376812,0.016304347826086956,0.4851348364605175,0.34950027366647807,0.08302485457429931,0.004230565838180857
THERM_ONLY__optimistic__L010,THERM_ONLY,optimistic,0.1,100,0.5397567749023438,0.7885874649204865,0.32395635656150507,0.4646311083589814,0.49119149416352836,0.3434643617070271,-0.0052164550641755625,0.5189060086342396,-0.02771451447071127,0.03943903052190308,-0.01976301968927302,0.37327994112689433,-0.029815579419867233,-0.00338251584136514,0.028985507246376812,0.016304347826086956,0.4895081344623963,0.3530899878579981,0.08302485457429931,0.007403490216816499
THERM_ONLY__optimistic__L010,THERM_ONLY,optimistic,0.1,125,0.5397567749023438,0.7773620205799813,0.2823984629503892,0.4949635576295921,0.4869100254229439,0.3457204974694557,-0.010315552968907127,0.5143399186307513,-0.02742989320780742,0.03943903052190308,-0.02024395805175233,0.3751967394659054,-0.029476241996449715,-0.00338251584136514,0.028985507246376812,0.016304347826086956,0.4432986116962823,0.31578151862160414,0.06980433632998413,0.01110523532522475
THERM_ONLY__optimistic__L010,THERM_ONLY,optimistic,0.1,150,0.5397567749023438,0.7652011225444341,0.2474245723733005,0.5177765501711336,0.47244835476173036,0.35160671582171793,-0.014546504549775241,0.5096414009222813,-0.03719304616055091,0.03943903052190308,-0.015437528515490961,0.3627405822567549,-0.011133866435036943,-0.00338251584136514,0.028985507246376812,0.016304347826086956,0.3968890271473729,0.2941568759318026,0.06927551560021153,0.015864621893178214
THERM_ONLY__optimistic__L010,THERM_ONLY,optimistic,0.1,200,0.5397567749023438,0.5884003741814781,0.1645515566929129,0.4238488174885652,0.46822892244162573,0.3665679921759776,0.012545640073834075,0.4510055247369096,0.017223397704716148,0.03943903052190308,0.01289663380876982,0.34201931967265153,0.02454867250332604,-0.00338251584136514,0.028985507246376812,0.016304347826086956,0.3525330037659293,0.27887875164514025,0.041248016922263354,0.021152829190904283
THERM_ONLY__optimistic__L010,THERM_ONLY,optimistic,0.1,250,0.5397567749023438,0.4583723105706268,0.1324637724429198,0.325908538127707,0.4565615475679539,0.3685486932717657,0.0008526170612684347,0.4474091808841665,0.009152366683787438,0.03943903052190308,0.005070571189886408,0.35563703281196424,0.012911660459801466,-0.00338251584136514,0.028985507246376812,0.016304347826086956,0.32138209330608625,0.26404223846405783,0.041248016922263354,0.030671602326811213
THERM_ONLY__optimistic__L010,THERM_ONLY,optimistic,0.1,300,0.5397567749023438,0.41253507951356405,0.11996877091513988,0.29256630859842414,0.44488986790282065,0.3617938845450388,0.00902167999266218,0.436701016810275,0.008188851092545635,0.03943903052190308,0.0060474636426153805,0.3557085929644257,0.006085291580613106,-0.00338251584136514,0.028985507246376812,0.016304347826086956,0.29813203536543464,0.2477689058126833,0.04019037546271814,0.04336329984135378
THERM_ONLY__optimistic__L010,THERM_ONLY,optimistic,0.1,400,0.5397567749023438,0.21141253507951357,0.1020799364354859,0.10933259864402768,0.4136557169312554,0.3468440534496777,0.0025430850078343448,0.36721526370687324,0.04644045322438217,0.03943903052190308,0.004794954613066893,0.2951514840946607,0.05169256935501704,-0.00338251584136514,0.028985507246376812,0.016304347826086956,0.24485596326446815,0.21663513127055464,0.04019037546271814,0.07932310946589106
THERM_ONLY__optimistic__L025,THERM_ONLY,optimistic,0.25,25,0.5397567749023438,0.8203928905519177,0.5493045136765082,0.27108837687540943,0.3451381542526236,0.18443677231003944,-0.010333699632512905,0.34106124008860617,0.004076914164017453,0.04120938798958877,0.0023055736424973106,0.18013524538247452,0.004301526927564914,-0.001612158373679451,0.028985507246376812,0.016304347826086956,0.36659798603929544,0.2316527730734642,0.2527763088313062,0.0010576414595452142
THERM_ONLY__optimistic__L025,THERM_ONLY,optimistic,0.25,50,0.5397567749023438,0.8091674462114126,0.46332319846174347,0.3458442477496691,0.4321848471550808,0.2582678853562305,0.05968073011729563,0.39881375163567473,0.03337109551940609,0.04120938798958877,0.05928495576710202,0.23302270237408204,0.02524518298214848,-0.001612158373679451,0.028985507246376812,0.016304347826086956,0.4600439697671088,0.3048949523579594,0.24167107350608144,0.0026441036488630354
THERM_ONLY__optimistic__L025,THERM_ONLY,optimistic,0.25,75,0.5397567749023438,0.7960710944808232,0.3642109874117932,0.43186010706903005,0.5168650292219654,0.35847500748297767,0.06564001254834445,0.5032501244211884,0.013614904800776984,0.04120938798958877,0.05332456726727869,0.316551989128076,0.0419230183549017,-0.001612158373679451,0.028985507246376812,0.016304347826086956,0.5431331402562304,0.40805312210037054,0.08302485457429931,0.0037017451084082496
THERM_ONLY__optimistic__L025,THERM_ONLY,optimistic,0.25,100,0.5397567749023438,0.7867165575304023,0.2982996037039138,0.4884169538264885,0.5317054560987913,0.37351569455610967,0.03529750687108735,0.5480691378340267,-0.01636368173523539,0.04120938798958877,0.010288313159809548,0.3681285656628289,0.005387128893280746,-0.001612158373679451,0.028985507246376812,0.016304347826086956,0.5136197552688997,0.3815176948759247,0.07139079851930195,0.006345848757271285
THERM_ONLY__optimistic__L025,THERM_ONLY,optimistic,0.25,125,0.5397567749023438,0.7811038353601497,0.2771740380286383,0.5039297973315113,0.5076463699091786,0.36293783941165525,0.010420791517327499,0.5555872921357254,-0.04794092222654689,0.04120938798958877,-0.0030266161095527933,0.3957695484318247,-0.032831709020169464,-0.001612158373679451,0.028985507246376812,0.016304347826086956,0.47042183848947405,0.3381899132503751,0.06980433632998413,0.011634056054997356
THERM_ONLY__optimistic__L025,THERM_ONLY,optimistic,0.25,150,0.5397567749023438,0.7652011225444341,0.24955610663867245,0.5156450159057616,0.47040901981606126,0.3502971934570887,-0.016585839495444343,0.5397899985260752,-0.06938097871001397,0.04120938798958877,-0.016747050880120185,0.3845288229596849,-0.03423162950259617,-0.001612158373679451,0.028985507246376812,0.016304347826086956,0.3949212186964677,0.2925070507991498,0.06927551560021153,0.015335801163405606
THERM_ONLY__optimistic__L025,THERM_ONLY,optimistic,0.25,200,0.5397567749023438,0.5537885874649204,0.16545073091278975,0.3883378565521307,0.4624313331745663,0.3630166419836696,0.0067480508067746525,0.49075697061767004,-0.028325637443103735,0.04120938798958877,0.009345283616461864,0.3726507366368551,-0.009634094653185488,-0.001612158373679451,0.028985507246376812,0.016304347826086956,0.344563782418105,0.27430926962879376,0.040719196192490745,0.020624008461131677
THERM_ONLY__optimistic__L025,THERM_ONLY,optimistic,0.25,250,0.5397567749023438,0.5332086061739943,0.13724440154087347,0.3959642046331209,0.46347912228170446,0.37564759167845896,0.007770191775018975,0.46830960016992373,-0.004830477888219276,0.04120938798958877,0.012169469596579663,0.37125280775144925,0.0043947839270097044,-0.001612158373679451,0.028985507246376812,0.016304347826086956,0.33372049336835025,0.27569250698159803,0.040719196192490745,0.030142781597038603
THERM_ONLY__optimistic__L025,THERM_ONLY,optimistic,0.25,300,0.5397567749023438,0.49859681945743684,0.11888029685949957,0.37971652259793726,0.4602363096782496,0.3799944808798907,0.02436812176809111,0.470568768835291,-0.010332459157041396,0.04120938798958877,0.024248059977467262,0.38643557905169357,-0.006441098171802884,-0.001612158373679451,0.028985507246376812,0.016304347826086956,0.3201351861532154,0.2738526965338917,0.040719196192490745,0.04547858276044421
THERM_ONLY__optimistic__L025,THERM_ONLY,optimistic,0.25,400,0.5397567749023438,0.24789522918615528,0.10307376057324445,0.14482146861291084,0.42458598653458746,0.3566990795904709,0.013473354611166388,0.37826524217302004,0.04632074436156741,0.04120938798958877,0.014649980753860092,0.30483733988950973,0.051861739700961196,-0.001612158373679451,0.028985507246376812,0.016304347826086956,0.26110164979323885,0.23162977467090964,0.040719196192490745,0.07826546800634585
THERM_ONLY__optimistic__L050,THERM_ONLY,optimistic,0.5,25,0.5397567749023438,0.8437792329279701,0.542104314121677,0.30167491880629305,0.3906319331570819,0.23242990075642994,0.035160079271945366,0.3063182435181182,0.08431368963896368,0.04216385030991136,0.050298702088887814,0.13580108348525863,0.09662881727117131,-0.0006576960533568599,0.028985507246376812,0.016304347826086956,0.4285214808253788,0.29648161163138903,0.2459016393442623,0.0010576414595452142
THERM_ONLY__optimistic__L050,THERM_ONLY,optimistic,0.5,50,0.5397567749023438,0.8222637979420019,0.4276253382243855,0.3946384597176164,0.4904655743147431,0.32266964748298904,0.11796145727695789,0.42351875376741094,0.06694682054733214,0.04216385030991136,0.12368671789386054,0.2013976314308119,0.12127201605217713,-0.0006576960533568599,0.028985507246376812,0.016304347826086956,0.5311859755157153,0.39084211179359324,0.15177154944473822,0.0010576414595452142
THERM_ONLY__optimistic__L050,THERM_ONLY,optimistic,0.5,75,0.5397567749023438,0.8101028999064547,0.3641198199789538,0.44598307992750086,0.5087600288664236,0.3540975530800458,0.057535012192802604,0.4627505564593728,0.04600947240705078,0.04216385030991136,0.04894711286434683,0.23785175167974007,0.11624580140030574,-0.0006576960533568599,0.028985507246376812,0.016304347826086956,0.5315402344388218,0.4033530428220209,0.08302485457429931,0.0037017451084082496
THERM_ONLY__optimistic__L050,THERM_ONLY,optimistic,0.5,100,0.5397567749023438,0.7867165575304023,0.29626804305913684,0.4904485144712654,0.5336307741519116,0.37584127530677996,0.0372228249242077,0.5214362268418059,0.012194547310105719,0.04216385030991136,0.012613893910479845,0.33069398435404196,0.045147290952738006,-0.0006576960533568599,0.028985507246376812,0.016304347826086956,0.515466468878888,0.3821445515630439,0.06927551560021153,0.006874669487043892
THERM_ONLY__optimistic__L050,THERM_ONLY,optimistic,0.5,125,0.5397567749023438,0.6941066417212348,0.26727968932602536,0.42682695239520946,0.49229303169799576,0.36153985122819704,-0.004932546693855289,0.5624710898750349,-0.07017805817703915,0.04216385030991136,-0.004424604293011003,0.3871791096021482,-0.025639258373951146,-0.0006576960533568599,0.028985507246376812,0.016304347826086956,0.44147885458737096,0.33479534431231156,0.06768905341089371,0.01110523532522475
THERM_ONLY__optimistic__L050,THERM_ONLY,optimistic,0.5,150,0.5397567749023438,0.6828811973807296,0.2523031095770421,0.4305780878036875,0.4622093205522848,0.3421296278375195,-0.024785538759220793,0.5743183702323399,-0.11210904968005508,0.04216385030991136,-0.0249146164996894,0.4143965861601747,-0.07226695832265523,-0.0006576960533568599,0.028985507246376812,0.016304347826086956,0.3923877981083485,0.3010589943731365,0.06768905341089371,0.013749338974087784
THERM_ONLY__optimistic__L050,THERM_ONLY,optimistic,0.5,200,0.5397567749023438,0.5940130963517306,0.1626176993357322,0.4313953970159984,0.473486147204055,0.37528704369501653,0.017802864836263366,0.52484020972591,-0.051354062521854926,0.04216385030991136,0.021615685327808776,0.3931133642200594,-0.01782632052504285,-0.0006576960533568599,0.028985507246376812,0.016304347826086956,0.3580178140998207,0.29206716753631334,0.041248016922263354,0.022739291380222106
THERM_ONLY__optimistic__L050,THERM_ONLY,optimistic,0.5,250,0.5397567749023438,0.5884003741814781,0.14022612367483658,0.4481742505066415,0.47697868010348143,0.38863774240944765,0.02126974959679595,0.4996396980638161,-0.02266101796033465,0.04216385030991136,0.025159620327568355,0.3977036456489505,-0.009065903239502848,-0.0006576960533568599,0.028985507246376812,0.016304347826086956,0.3545391720187128,0.3005699633451279,0.041248016922263354,0.033315705975674244
THERM_ONLY__optimistic__L050,THERM_ONLY,optimistic,0.5,300,0.5397567749023438,0.5163704396632367,0.11694037766538556,0.39943006199785114,0.46919017447063815,0.3871458390425168,0.03332198656047969,0.4816318823929386,-0.012441707922300427,0.04216385030991136,0.031399418140093394,0.39707921969816723,-0.009933380655650415,-0.0006576960533568599,0.028985507246376812,0.016304347826086956,0.31002185196161397,0.2615361153287639,0.040719196192490745,0.047593865679534636
THERM_ONLY__optimistic__L050,THERM_ONLY,optimistic,0.5,400,0.5397567749023438,0.28344246959775493,0.09834126467915608,0.18510120491859886,0.41433614655750056,0.34450686977267697,0.003223514634079494,0.39840224980115974,0.015933896756340826,0.04216385030991136,0.0024577709360661393,0.3312481143512457,0.01325875542143129,-0.0006576960533568599,0.028985507246376812,0.016304347826086956,0.22028186665770902,0.18699743515222758,0.035959809624537285,0.07773664727657324
THERM_ONLY__optimistic__L075,THERM_ONLY,optimistic,0.75,25,0.5397567749023438,0.8437792329279701,0.5425360534954198,0.3012431794325503,0.3903632042857316,0.23372230420107323,0.0348913504005951,0.30960209164118396,0.08076111264454766,0.04265171238799773,0.051591105533531106,0.15666362511112245,0.07705867908995079,-0.00016983397527049054,0.028985507246376812,0.016304347826086956,0.42836942533716876,0.29877844403262893,0.24431517715494447,0.0010576414595452142
THERM_ONLY__optimistic__L075,THERM_ONLY,optimistic,0.75,50,0.5397567749023438,0.8278765201122544,0.43574883400144854,0.3921276861108059,0.48346399191607325,0.3141093166197558,0.11095987487828807,0.45731691307849043,0.026147078837582827,0.04265171238799773,0.11512638703062728,0.22481916052286646,0.08929015609688931,-0.00016983397527049054,0.028985507246376812,0.016304347826086956,0.5219486179005953,0.38126535771209596,0.15124272871496564,0.0015864621893178213
THERM_ONLY__optimistic__L075,THERM_ONLY,optimistic,0.75,75,0.5397567749023438,0.8082319925163705,0.37057412676806556,0.4376578657483049,0.47962896478995287,0.32182888292156014,0.0284039481163319,0.500071408008762,-0.02044244321880917,0.04265171238799773,0.016678442705861163,0.28217404955770403,0.03965483336385611,-0.00016983397527049054,0.028985507246376812,0.016304347826086956,0.4921802361516967,0.36111992641781004,0.08302485457429931,0.004230565838180857
THERM_ONLY__optimistic__L075,THERM_ONLY,optimistic,0.75,100,0.5397567749023438,0.7839101964452759,0.2926386846425287,0.49127151180274725,0.5138203576790228,0.3623422187387276,0.01741240845131886,0.5244365593053806,-0.01061620162635779,0.04265171238799773,-0.0008851626575725469,0.32048197652520444,0.041860242213523136,-0.00016983397527049054,0.028985507246376812,0.016304347826086956,0.48538529356166477,0.36814764639473374,0.07086197778952935,0.007932310946589107
THERM_ONLY__optimistic__L075,THERM_ONLY,optimistic,0.75,125,0.5397567749023438,0.7811038353601497,0.26533660174899665,0.5157672336111531,0.4996596068805076,0.3568071040099268,0.0024340284886565366,0.555860228976623,-0.05620062209611543,0.04265171238799773,-0.00915735151128122,0.3728644783895839,-0.016057374379657097,-0.00016983397527049054,0.028985507246376812,0.016304347826086956,0.4535476127932941,0.34472159748188397,0.06927551560021153,0.01110523532522475
THERM_ONLY__optimistic__L075,THERM_ONLY,optimistic,0.75,150,0.5397567749023438,0.7782974742750234,0.22090439016131858,0.5573930841137048,0.5382587259581298,0.4243822066983745,0.051263866646624245,0.5720432793893331,-0.033784553431203235,0.04265171238799773,0.05733796236116562,0.3965164508018963,0.027865755896478217,-0.00016983397527049054,0.028985507246376812,0.016304347826086956,0.4890155251280077,0.4064316773204424,0.05023796932839767,0.016922263352723427
THERM_ONLY__optimistic__L075,THERM_ONLY,optimistic,0.75,200,0.5397567749023438,0.7717492984097287,0.17823617336181877,0.59351312504791,0.5431353686969737,0.4420697370160292,0.087452086329182,0.5421954319724499,0.0009399367245237489,0.04265171238799773,0.08839837864882144,0.41672508120412116,0.025344655811908035,-0.00016983397527049054,0.028985507246376812,0.016304347826086956,0.47834611603080485,0.40896205801105756,0.04547858276044421,0.024325753569539928
THERM_ONLY__optimistic__L075,THERM_ONLY,optimistic,0.75,250,0.5397567749023438,0.656688493919551,0.1466623180907967,0.5100261758287543,0.4985808571811539,0.40682585768311197,0.04287192667446843,0.4949667868557442,0.003614070325409724,0.04265171238799773,0.04334773560123267,0.3938918660331871,0.01293399164992487,-0.00016983397527049054,0.028985507246376812,0.016304347826086956,0.40993810564819716,0.351837775516547,0.041248016922263354,0.035959809624537285
THERM_ONLY__optimistic__L075,THERM_ONLY,optimistic,0.75,300,0.5397567749023438,0.5360149672591207,0.12063172446277445,0.4153832427963462,0.46706291791453514,0.3850981744295841,0.03119473000437667,0.48268677757743483,-0.015623859662899697,0.04265171238799773,0.029351753527160684,0.4030230979504572,-0.017924923520873104,-0.00016983397527049054,0.028985507246376812,0.016304347826086956,0.34204721511674374,0.2923635589038314,0.041248016922263354,0.048122686409307246
THERM_ONLY__optimistic__L075,THERM_ONLY,optimistic,0.75,400,0.5397567749023438,0.45182413470533206,0.09436596812812187,0.3574581665772102,0.4584239568818539,0.39129138470350994,0.04731132495843282,0.4238035911343687,0.03462036574748517,0.04265171238799773,0.049242285866899105,0.3574525936310444,0.03383879107246551,-0.00016983397527049054,0.028985507246376812,0.016304347826086956,0.31088265104439056,0.27816722025572727,0.035430988894764676,0.0750925436277102
THERM_ONLY__optimistic__L100,THERM_ONLY,optimistic,1.0,25,0.5397567749023438,0.8437792329279701,0.5431930024982189,0.3005862304297512,0.3897582161308457,0.23310263716376678,0.03428636224570919,0.3783981928389957,0.011360023291850041,0.04306421078223033,0.05097143849622465,0.13808489850176722,0.09501773866199956,0.00024266441896210467,0.028985507246376812,0.016304347826086956,0.42776148588532675,0.29841391958355495,0.24378635642517188,0.0010576414595452142
THERM_ONLY__optimistic__L100,THERM_ONLY,optimistic,1.0,50,0.5397567749023438,0.8288119738072965,0.4437270720305171,0.38508490177677945,0.47538798212175665,0.3098552088319207,0.10288386508397146,0.4383543494562461,0.037033632665510574,0.04306421078223033,0.1108722792427922,0.1931941498024025,0.1166610590295182,0.00024266441896210467,0.028985507246376812,0.016304347826086956,0.5133978243097056,0.3905786386881365,0.15758857747223692,0.0026441036488630354
THERM_ONLY__optimistic__L100,THERM_ONLY,optimistic,1.0,75,0.5397567749023438,0.8072965388213283,0.35471025392633687,0.4525862848949915,0.4946698376066686,0.34335963471767456,0.043444820933047634,0.45564985997327934,0.03901997763338927,0.04306421078223033,0.038209194501975574,0.22617888021161103,0.11718075450606352,0.00024266441896210467,0.028985507246376812,0.016304347826086956,0.5070666792842771,0.39080206806875717,0.08038075092543628,0.004759386567953464
THERM_ONLY__optimistic__L100,THERM_ONLY,optimistic,1.0,100,0.5397567749023438,0.784845650140318,0.29763093092346926,0.4872147192168488,0.5089443227730731,0.36276584542590606,0.012536373545369184,0.5081097020656945,0.0008346207073786083,0.04306421078223033,-0.0004615359703940558,0.3029578290929555,0.059808016332950575,0.00024266441896210467,0.028985507246376812,0.016304347826086956,0.4801353818974126,0.37266095907069463,0.07086197778952935,0.010576414595452142
THERM_ONLY__optimistic__L100,THERM_ONLY,optimistic,1.0,125,0.5397567749023438,0.7839101964452759,0.2658376262890196,0.5180725701562563,0.5396031580421091,0.39761089361434343,0.04237757965025807,0.5438740587792048,-0.004270900737095684,0.04306421078223033,0.03164643809313539,0.3525713320018364,0.04503956161250705,0.00024266441896210467,0.028985507246376812,0.016304347826086956,0.5103386129063485,0.4033323019093893,0.06927551560021153,0.014278159703860392
THERM_ONLY__optimistic__L100,THERM_ONLY,optimistic,1.0,150,0.5397567749023438,0.7811038353601497,0.2081736366805419,0.5729301986796078,0.5543195882676225,0.43062958493304176,0.06732472895611691,0.5582951860097414,-0.003975597742118864,0.04306421078223033,0.06358534059583287,0.3924622473397753,0.03816733759326646,0.00024266441896210467,0.028985507246376812,0.016304347826086956,0.5062587047810855,0.41494873769404966,0.04389212057112639,0.016922263352723427
THERM_ONLY__optimistic__L100,THERM_ONLY,optimistic,1.0,200,0.5397567749023438,0.7605238540692236,0.17558822078591946,0.5849356332833042,0.5568560674844012,0.4541785165330173,0.10117278511660954,0.5312656241115343,0.025590443372866867,0.04306421078223033,0.10050715816580952,0.4012104298006792,0.05296808673233805,0.00024266441896210467,0.028985507246376812,0.016304347826086956,0.5004113384427983,0.42900045062601105,0.04230565838180857,0.026441036488630356
THERM_ONLY__optimistic__L100,THERM_ONLY,optimistic,1.0,250,0.5397567749023438,0.6679139382600561,0.14230923011315988,0.5256047081468962,0.5064440670923401,0.413620718447866,0.05073513658565465,0.5221594795716555,-0.015715412479315405,0.04306421078223033,0.050142596365986725,0.4152973625398076,-0.0016766440919415704,0.00024266441896210467,0.028985507246376812,0.016304347826086956,0.4210322220997717,0.3622290089838878,0.041248016922263354,0.035430988894764676
THERM_ONLY__optimistic__L100,THERM_ONLY,optimistic,1.0,300,0.5397567749023438,0.5884003741814781,0.1283469051375251,0.46005346904395295,0.4751163331783707,0.3934295552274742,0.03924814526821224,0.4586242477666093,0.016492085411761392,0.04306421078223033,0.03768313432505077,0.3728189826918394,0.020610572535634808,0.00024266441896210467,0.028985507246376812,0.016304347826086956,0.3589887580603799,0.30899993842492574,0.041248016922263354,0.046536224219989424
THERM_ONLY__optimistic__L100,THERM_ONLY,optimistic,1.0,400,0.5397567749023438,0.46585594013096354,0.09214209918036254,0.373713840950601,0.4358972654688752,0.3660200296055239,0.024784633545454127,0.438964533345597,-0.003067267876721791,0.04306421078223033,0.023970930768913046,0.3717768289362879,-0.005756799330764006,0.00024266441896210467,0.028985507246376812,0.016304347826086956,0.33343484051390343,0.2956689953854359,0.033844526705446853,0.07720782654680064
THERM_ONLY__pessimistic__L010,THERM_ONLY,pessimistic,0.1,25,0.5397567749023438,0.8288119738072965,0.5502150130184201,0.2785969607888764,0.3308894222105613,0.16085464776254843,-0.024582431674575245,0.33653781410078343,-0.005648391890222149,0.34748954590026404,-0.021276550904993696,0.17630480120393544,-0.015450153441387005,0.3046679995369958,0.5652173913043478,0.1947384423356963,0.34021200407595337,0.19808908056667426,0.25594923320994184,0.0010576414595452142
THERM_ONLY__pessimistic__L010,THERM_ONLY,pessimistic,0.1,50,0.5397567749023438,0.8082319925163705,0.4681597772403729,0.34007221527599757,0.4109538126176629,0.23488515699094056,0.03844969557987771,0.39617312585854697,0.014780686759115924,0.34748954590026404,0.035902227401812065,0.2329076840078802,0.0019774729830603632,0.3046679995369958,0.5652173913043478,0.1947384423356963,0.42975663611266773,0.2733891754328189,0.24431517715494447,0.0026441036488630354
THERM_ONLY__pessimistic__L010,THERM_ONLY,pessimistic,0.1,75,0.5397567749023438,0.7960710944808232,0.37261202687284195,0.4234590676079813,0.492810883445947,0.3328911976789246,0.04158586677232601,0.4571706793971344,0.035640204048812574,0.34748954590026404,0.02774075746322563,0.30009471892332296,0.032796478755601655,0.3046679995369958,0.5652173913043478,0.1947384423356963,0.510027739630911,0.37266847705780864,0.08461131676361713,0.004230565838180857
THERM_ONLY__pessimistic__L010,THERM_ONLY,pessimistic,0.1,100,0.5397567749023438,0.7857811038353602,0.3220904594098535,0.46369064442550667,0.49245158376027665,0.3318687249338105,-0.003956365467427281,0.5189060086342396,-0.02645442487396299,0.34748954590026404,-0.03135865646248964,0.37327994112689433,-0.041411216193083855,0.3046679995369958,0.5652173913043478,0.1947384423356963,0.4660592168285334,0.324782457839069,0.08196721311475409,0.005817028027498678
THERM_ONLY__pessimistic__L010,THERM_ONLY,pessimistic,0.1,125,0.5397567749023438,0.7782974742750234,0.2827965054025985,0.4955009688724249,0.4677458872094634,0.31778232212898927,-0.029479691182387635,0.5143399186307513,-0.04659403142128793,0.34748954590026404,-0.04818213339221877,0.3751967394659054,-0.05741441733691616,0.3046679995369958,0.5652173913043478,0.1947384423356963,0.40199909486042446,0.2631564885175003,0.06874669487043893,0.01110523532522475
THERM_ONLY__pessimistic__L010,THERM_ONLY,pessimistic,0.1,150,0.5397567749023438,0.774555659494855,0.23364133467259496,0.5409143248222601,0.4992212541222569,0.36669185153546324,0.012226394810751273,0.5096414009222813,-0.010420146800024399,0.34748954590026404,-0.000352392801745649,0.3627405822567549,0.003951269278708369,0.3046679995369958,0.5652173913043478,0.1947384423356963,0.42534762915134183,0.3094713200238366,0.06821787414066631,0.013749338974087784
THERM_ONLY__pessimistic__L010,THERM_ONLY,pessimistic,0.1,200,0.5397567749023438,0.5996258185219832,0.16474530187576086,0.4348805166462223,0.49461573693346733,0.39136880549912306,0.03893245456567568,0.4510055247369096,0.04361021219655775,0.34748954590026404,0.03769744713191531,0.34201931967265153,0.04934948582647153,0.3046679995369958,0.5652173913043478,0.1947384423356963,0.3856634593667782,0.3095729142089294,0.04336329984135378,0.023796932839767318
THERM_ONLY__pessimistic__L010,THERM_ONLY,pessimistic,0.1,250,0.5397567749023438,0.5275958840037418,0.12938765011176243,0.39820823389197935,0.47002497862817916,0.3792825916730848,0.014316048121493674,0.4474091808841665,0.022615797744012678,0.34748954590026404,0.015804469591205517,0.35563703281196424,0.023645558861120575,0.3046679995369958,0.5652173913043478,0.1947384423356963,0.33761308421082914,0.27581518010723133,0.041248016922263354,0.03172924378635643
THERM_ONLY__pessimistic__L010,THERM_ONLY,pessimistic,0.1,300,0.5397567749023438,0.2815715622076707,0.11348525154023885,0.16808631066743185,0.42881600090138705,0.3478723013033378,-0.007052187008771416,0.436701016810275,-0.00788501590888796,0.34748954590026404,-0.007874119599085627,0.3557085929644257,-0.007836291661087902,0.3046679995369958,0.5652173913043478,0.1947384423356963,0.27030056051150614,0.2216099211733077,0.04019037546271814,0.04230565838180857
THERM_ONLY__pessimistic__L010,THERM_ONLY,pessimistic,0.1,400,0.5397567749023438,0.23386342376052385,0.10312108553218531,0.13074233822833853,0.40926268988317627,0.33708057948772363,-0.0018499420402448008,0.36721526370687324,0.04204742617630303,0.34748954590026404,-0.0049685193488872015,0.2951514840946607,0.04192909539306294,0.3046679995369958,0.5652173913043478,0.1947384423356963,0.23851995757421204,0.2014174263965467,0.04019037546271814,0.07562136435748282
THERM_ONLY__pessimistic__L025,THERM_ONLY,pessimistic,0.25,25,0.5397567749023438,0.8082319925163705,0.5320847541411985,0.27614723837517197,0.3419390786810999,0.16466612594673277,-0.013532775204036618,0.34106124008860617,0.0008778385924937404,0.49231386184622855,-0.017465072720809355,0.18013524538247452,-0.015469119435741752,0.4494923154829603,0.6884057971014492,0.3037420055154609,0.3579025425432218,0.20638618394016625,0.25647805393971446,0.0010576414595452142
THERM_ONLY__pessimistic__L025,THERM_ONLY,pessimistic,0.25,50,0.5397567749023438,0.8026192703461179,0.44924224945927727,0.35337702088684064,0.43443832453852116,0.25617985946836525,0.06193420750073597,0.39881375163567473,0.03562457290284643,0.49231386184622855,0.057196929879236746,0.23302270237408204,0.023157157094283204,0.4494923154829603,0.6884057971014492,0.3037420055154609,0.4583929317236339,0.3156755945614064,0.16129032258064516,0.0031729243786356425
THERM_ONLY__pessimistic__L025,THERM_ONLY,pessimistic,0.25,75,0.5397567749023438,0.7988774555659495,0.3637212813358057,0.43515617423014374,0.502712533175809,0.3377253102952886,0.051487516502188024,0.5032501244211884,-0.0005375912453794429,0.49231386184622855,0.032574870079589646,0.316551989128076,0.021173321167212655,0.4494923154829603,0.6884057971014492,0.3037420055154609,0.5189525725349399,0.3793331677010597,0.08408249603384453,0.0037017451084082496
THERM_ONLY__pessimistic__L025,THERM_ONLY,pessimistic,0.25,100,0.5397567749023438,0.7857811038353602,0.29736338719663497,0.4884177166387252,0.5046285205150451,0.33851083364410267,0.008220571287341216,0.5480691378340267,-0.04344061731898152,0.49231386184622855,-0.02471654775219745,0.3681285656628289,-0.02961773201872625,0.4494923154829603,0.6884057971014492,0.3037420055154609,0.4587824987898477,0.31477736379808313,0.07033315705975675,0.007403490216816499
THERM_ONLY__pessimistic__L025,THERM_ONLY,pessimistic,0.25,125,0.5397567749023438,0.7820392890551918,0.265387479519027,0.5166518095361647,0.49557423676814677,0.33119902282598634,-0.0016513416237042833,0.5555872921357254,-0.06001305536757867,0.49231386184622855,-0.0347654326952217,0.3957695484318247,-0.06457052560583837,0.4494923154829603,0.6884057971014492,0.3037420055154609,0.43302661966695116,0.28045854703196427,0.06874669487043893,0.008989952406134321
THERM_ONLY__pessimistic__L025,THERM_ONLY,pessimistic,0.25,150,0.5397567749023438,0.7811038353601497,0.23421109487650082,0.5468927404836489,0.5251246947765335,0.3701711957272127,0.03812983546502785,0.5397899985260752,-0.01466530374954178,0.49231386184622855,0.003126951390003796,0.3845288229596849,-0.014357627232472192,0.4494923154829603,0.6884057971014492,0.3037420055154609,0.4618519231986813,0.3186665858942787,0.0671602326811211,0.01269169751454257
THERM_ONLY__pessimistic__L025,THERM_ONLY,pessimistic,0.25,200,0.5397567749023438,0.7633302151543498,0.18042681673431907,0.5829033984200308,0.5465344329412724,0.4147470014689491,0.0908511505734807,0.49075697061767004,0.05577746232360231,0.49231386184622855,0.06107564310174135,0.3726507366368551,0.042096264832094,0.4494923154829603,0.6884057971014492,0.3037420055154609,0.471543921308692,0.3561413407569,0.05817028027498678,0.026441036488630356
THERM_ONLY__pessimistic__L025,THERM_ONLY,pessimistic,0.25,250,0.5397567749023438,0.5930776426566885,0.14458864117659184,0.4484890014800966,0.5355122891414548,0.426540947328046,0.07980335863476928,0.46830960016992373,0.06720268897153103,0.49231386184622855,0.06306282524616669,0.37125280775144925,0.05528813957659673,0.4494923154829603,0.6884057971014492,0.3037420055154609,0.43794415088599675,0.35563565274474745,0.04336329984135378,0.04019037546271814
THERM_ONLY__pessimistic__L025,THERM_ONLY,pessimistic,0.25,300,0.5397567749023438,0.5509822263797942,0.12442003641353944,0.4265621899662548,0.5047704654194259,0.41044543513262866,0.06890227750926747,0.470568768835291,0.034201696584134966,0.49231386184622855,0.054699014230205234,0.38643557905169357,0.024009856080935088,0.4494923154829603,0.6884057971014492,0.3037420055154609,0.38639899116190607,0.3233008042808158,0.040719196192490745,0.059227921734531994
THERM_ONLY__pessimistic__L025,THERM_ONLY,pessimistic,0.25,400,0.5397567749023438,0.5463049579045838,0.11405546628302372,0.43224949162156007,0.4829732104928053,0.3928267050509083,0.07186057856938421,0.37826524217302004,0.10470796831978524,0.49231386184622855,0.050777606214297444,0.30483733988950973,0.08798936516139855,0.4494923154829603,0.6884057971014492,0.3037420055154609,0.35702766046435297,0.2990094172721692,0.040719196192490745,0.12109994711792703
THERM_ONLY__pessimistic__L050,THERM_ONLY,pessimistic,0.5,25,0.5397567749023438,0.8381665107577175,0.5253483710449822,0.3128181397127353,0.36572630977721116,0.18387967335235283,0.010254455892074632,0.3063182435181182,0.05940806625909295,0.5571620014908952,0.001748474684810708,0.13580108348525863,0.04807858986709421,0.514340455127627,0.717391304347826,0.35446363323937685,0.38351934673961424,0.22663298957866462,0.24431517715494447,0.0015864621893178213
THERM_ONLY__pessimistic__L050,THERM_ONLY,pessimistic,0.5,50,0.5397567749023438,0.8185219831618334,0.4266942152814288,0.39182776788040463,0.4559569823884989,0.27977558532802904,0.08345286535071372,0.42351875376741094,0.03243822862108797,0.5571620014908952,0.08079265573890054,0.2013976314308119,0.07837795389721713,0.514340455127627,0.717391304347826,0.35446363323937685,0.4784871207440182,0.33881888469453053,0.10840824960338445,0.0037017451084082496
THERM_ONLY__pessimistic__L050,THERM_ONLY,pessimistic,0.5,75,0.5397567749023438,0.8119738072965388,0.38130823251194934,0.43066557478458944,0.4749582666765252,0.29710303244924774,0.023733250002904216,0.4627505564593728,0.01220771021715239,0.5571620014908952,-0.008047407766451242,0.23785175167974007,0.05925128076950767,0.514340455127627,0.717391304347826,0.35446363323937685,0.4739989890181626,0.3249795917159127,0.09888947646747752,0.007932310946589107
THERM_ONLY__pessimistic__L050,THERM_ONLY,pessimistic,0.5,100,0.5397567749023438,0.8072965388213283,0.2989858027624347,0.5083107360588937,0.5314206556028412,0.32861068319039854,0.035012706375137315,0.5214362268418059,0.009984428761035335,0.5571620014908952,-0.034616698205901575,0.33069398435404196,-0.002083301163643414,0.514340455127627,0.717391304347826,0.35446363323937685,0.4968191844126068,0.32332667724940944,0.06821787414066631,0.01269169751454257
THERM_ONLY__pessimistic__L050,THERM_ONLY,pessimistic,0.5,125,0.5397567749023438,0.7923292797006548,0.2698634021704741,0.5224658775301807,0.5362691442803273,0.3475438632473832,0.039043565888476295,0.5624710898750349,-0.026201945594707565,0.5571620014908952,-0.018420592273824865,0.3871791096021482,-0.03963524635476501,0.514340455127627,0.717391304347826,0.35446363323937685,0.4964070986337415,0.3332798151229467,0.06451612903225806,0.019037546271813855
THERM_ONLY__pessimistic__L050,THERM_ONLY,pessimistic,0.5,150,0.5397567749023438,0.7923292797006548,0.24805740585532549,0.5442718738453294,0.5575281835868964,0.37129929453604144,0.07053332427539077,0.5743183702323399,-0.016790186645443517,0.5571620014908952,0.004255050198832544,0.4143965861601747,-0.04309729162413328,0.514340455127627,0.717391304347826,0.35446363323937685,0.5171530850503496,0.3572610704534877,0.06451612903225806,0.022739291380222106
THERM_ONLY__pessimistic__L050,THERM_ONLY,pessimistic,0.5,200,0.5397567749023438,0.7885874649204865,0.22617012255945654,0.5624173423610299,0.5774169091995082,0.40130193125641206,0.12173362683171651,0.52484020972591,0.05257669947359822,0.5571620014908952,0.0476305728892043,0.3931133642200594,0.008188567036352679,0.514340455127627,0.717391304347826,0.35446363323937685,0.5376404919602158,0.38814783176172996,0.06451612903225806,0.04230565838180857
THERM_ONLY__pessimistic__L050,THERM_ONLY,pessimistic,0.5,250,0.5397567749023438,0.7680074836295603,0.22274752608367415,0.5452599575458861,0.5586787750327261,0.3832719893267816,0.10296984452604063,0.4996396980638161,0.05903907696891003,0.5571620014908952,0.019793867244902286,0.3977036456489505,-0.014431656322168918,0.514340455127627,0.717391304347826,0.35446363323937685,0.5152273854860588,0.365526989541662,0.06451612903225806,0.07667900581702802
THERM_ONLY__pessimistic__L050,THERM_ONLY,pessimistic,0.5,300,0.5397567749023438,0.7680074836295603,0.1965473874464068,0.5714600961831535,0.5837701156650245,0.4329881850054921,0.147901927754866,0.4816318823929386,0.10213823327208588,0.5571620014908952,0.07724176410306866,0.39707921969816723,0.03590896530732485,0.514340455127627,0.717391304347826,0.35446363323937685,0.5394462319537604,0.40945226092273984,0.06292966684294024,0.10259122157588578
THERM_ONLY__pessimistic__L050,THERM_ONLY,pessimistic,0.5,400,0.5397567749023438,0.6838166510757717,0.12196816395026971,0.5618484871255021,0.5478949350262331,0.4398921165557552,0.13678230310281203,0.39840224980115974,0.14949268522507336,0.5571620014908952,0.09784301771914439,0.3312481143512457,0.10864400220450954,0.514340455127627,0.717391304347826,0.35446363323937685,0.4560549690614757,0.3703262214764172,0.041248016922263354,0.13061872025383395
THERM_ONLY__pessimistic__L075,THERM_ONLY,pessimistic,0.75,25,0.5397567749023438,0.8344246959775491,0.5191551403798887,0.31526955559766034,0.3378119596332276,0.14196308815649797,-0.017659894251908947,0.30960209164118396,0.028209867992043614,0.5687977160449089,-0.04016811051104416,0.15666362511112245,-0.014700536954624477,0.5259761696816407,0.7391304347826086,0.3784983577317673,0.31710656605445103,0.14364628521970255,0.2760444209413009,0.0015864621893178213
THERM_ONLY__pessimistic__L075,THERM_ONLY,pessimistic,0.75,50,0.5397567749023438,0.813844714686623,0.4402958625709457,0.3735488521156773,0.3866700533464051,0.20359277412869803,0.014165936308619897,0.45731691307849043,-0.07064685973208534,0.5687977160449089,0.00460984453956953,0.22481916052286646,-0.021226386394168434,0.5259761696816407,0.7391304347826086,0.3784983577317673,0.34784160319739327,0.1973850772089565,0.23373876255949233,0.006345848757271285
THERM_ONLY__pessimistic__L075,THERM_ONLY,pessimistic,0.75,75,0.5397567749023438,0.8072965388213283,0.4108081704336909,0.39648836838763746,0.4169782005500571,0.23723232369210792,-0.034246816123563895,0.500071408008762,-0.08309320745870497,0.5687977160449089,-0.06791811652359106,0.28217404955770403,-0.04494172586559611,0.5259761696816407,0.7391304347826086,0.3784983577317673,0.3820291897910306,0.2340556605127385,0.20518244315177156,0.014278159703860392
THERM_ONLY__pessimistic__L075,THERM_ONLY,pessimistic,0.75,100,0.5397567749023438,0.7988774555659495,0.40653698823623163,0.39234046732971783,0.41829722794819074,0.24003476170403873,-0.07811072127951318,0.5244365593053806,-0.10613933135718984,0.5687977160449089,-0.12319261969226139,0.32048197652520444,-0.08044721482116571,0.5259761696816407,0.7391304347826086,0.3784983577317673,0.3860226281049229,0.24069045058606156,0.20518244315177156,0.02009518773135907
THERM_ONLY__pessimistic__L075,THERM_ONLY,pessimistic,0.75,125,0.5397567749023438,0.7960710944808232,0.3929863240842367,0.4030847703965865,0.43051000587869503,0.24866623984729538,-0.06671557251315602,0.555860228976623,-0.12535022309792798,0.5687977160449089,-0.11729821567391266,0.3728644783895839,-0.12419823854228854,0.5259761696816407,0.7391304347826086,0.3784983577317673,0.3988113778964681,0.24945254742911638,0.20518244315177156,0.030671602326811213
THERM_ONLY__pessimistic__L075,THERM_ONLY,pessimistic,0.75,150,0.5397567749023438,0.794200187090739,0.3398359133101531,0.4543642737805859,0.48370380118086564,0.24855791779415307,-0.0032910581306399567,0.5720432793893331,-0.08833947820846744,0.5687977160449089,-0.11848632654305583,0.3965164508018963,-0.14795853300774323,0.5259761696816407,0.7391304347826086,0.3784983577317673,0.4524236232788281,0.24985706789870468,0.165520888418826,0.046007403490216814
THERM_ONLY__pessimistic__L075,THERM_ONLY,pessimistic,0.75,200,0.5397567749023438,0.7923292797006548,0.3393153387618035,0.45301394093885133,0.47996904267456203,0.24468129866387733,0.024285760306770376,0.5421954319724499,-0.062226389297887874,0.5687977160449089,-0.10899005970333042,0.41672508120412116,-0.17204378254024383,0.5259761696816407,0.7391304347826086,0.3784983577317673,0.4529015413187841,0.25012066261628535,0.165520888418826,0.08778424114225278
THERM_ONLY__pessimistic__L075,THERM_ONLY,pessimistic,0.75,250,0.5397567749023438,0.7923292797006548,0.26200881517719493,0.5303204645234598,0.5629246665171161,0.3632874955750733,0.10721573601043066,0.4949667868557442,0.06795787966137196,0.5687977160449089,-0.00019062650680601312,0.3938918660331871,-0.030604370458113817,0.5259761696816407,0.7391304347826086,0.3784983577317673,0.5384021310880414,0.3693772774836727,0.08038075092543628,0.09730301427815971
THERM_ONLY__pessimistic__L075,THERM_ONLY,pessimistic,0.75,300,0.5397567749023438,0.7885874649204865,0.20374313246162315,0.5848443324588634,0.6004352536843738,0.44294160330420956,0.16456706577421532,0.48268677757743483,0.11774847610693895,0.5687977160449089,0.08719518240178614,0.4030230979504572,0.039918505353752354,0.5259761696816407,0.7391304347826086,0.3784983577317673,0.5665348212336346,0.443938724580979,0.0671602326811211,0.10576414595452142
THERM_ONLY__pessimistic__L075,THERM_ONLY,pessimistic,0.75,400,0.5397567749023438,0.7586529466791394,0.15118584912759467,0.6074670975515447,0.5441075429470179,0.4245785377645181,0.13299491102359684,0.4238035911343687,0.12030395181264919,0.5687977160449089,0.08252943892790726,0.3574525936310444,0.06712594413347367,0.5259761696816407,0.7391304347826086,0.3784983577317673,0.46363426968064053,0.369380481575491,0.0449497620306716,0.1427815970386039
THERM_ONLY__pessimistic__L100,THERM_ONLY,pessimistic,1.0,25,0.5397567749023438,0.9438727782974743,0.6217966153855722,0.3220761629119021,0.26452663365258977,0.15606236828103276,-0.09094522023254675,0.3783981928389957,-0.1138715591864059,0.5718415120949579,-0.026068830386509367,0.13808489850176722,0.017977469779265537,0.5290199657316897,0.7608695652173914,0.3980028171675769,0.19162029343383102,0.10029261664903544,0.9116869381279746,0.012162876784769964
THERM_ONLY__pessimistic__L100,THERM_ONLY,pessimistic,1.0,50,0.5397567749023438,0.8980355472404116,0.6128338324913174,0.28520171474909417,0.2553272359547373,0.144527768781832,-0.11717688108304791,0.4383543494562461,-0.1830271135015088,0.5718415120949579,-0.05445516080729651,0.1931941498024025,-0.0486663810205705,0.5290199657316897,0.7608695652173914,0.3980028171675769,0.19578861878148798,0.10231148942186045,0.9116869381279746,0.02538339502908514
THERM_ONLY__pessimistic__L100,THERM_ONLY,pessimistic,1.0,75,0.5397567749023438,0.8512628624883068,0.6063353542865879,0.24492750820171894,0.24609181679935083,0.1347095230842244,-0.20513319987427014,0.45564985997327934,-0.2095580431739285,0.5718415120949579,-0.17044091713147458,0.22617888021161103,-0.09146935712738663,0.5290199657316897,0.7608695652173914,0.3980028171675769,0.20184218801053433,0.10800003039418576,0.9116869381279746,0.03860391327340032
THERM_ONLY__pessimistic__L100,THERM_ONLY,pessimistic,1.0,100,0.5397567749023438,0.8091674462114126,0.601403743568476,0.20776370264293653,0.2368914808552861,0.1249422349273974,-0.2595164683724178,0.5081097020656945,-0.2712182212104084,0.5718415120949579,-0.23828514646890273,0.3029578290929555,-0.1780155941655581,0.5290199657316897,0.7608695652173914,0.3980028171675769,0.20642073974240036,0.11230452807057205,0.9116869381279746,0.05182443151771549
THERM_ONLY__pessimistic__L100,THERM_ONLY,pessimistic,1.0,125,0.5397567749023438,0.7998129092609916,0.5988856162841318,0.20092729297685974,0.23261694766299418,0.12017264027624674,-0.2646086307288569,0.5438740587792048,-0.3112571111162106,0.5718415120949579,-0.2457918152449613,0.3525713320018364,-0.23239869172558963,0.5290199657316897,0.7608695652173914,0.3980028171675769,0.20879080828695148,0.11436220033847892,0.9116869381279746,0.06504494976203067
THERM_ONLY__pessimistic__L100,THERM_ONLY,pessimistic,1.0,150,0.5397567749023438,0.7988774555659495,0.5976043033476185,0.20127315221833098,0.23353960618841804,0.12093225581286508,-0.2534552531230876,0.5582951860097414,-0.3247555798213233,0.5718415120949579,-0.2461119885243438,0.3924622473397753,-0.2715299915269102,0.5290199657316897,0.7608695652173914,0.3980028171675769,0.20998826188642775,0.11541490669323701,0.9116869381279746,0.07826546800634585
THERM_ONLY__pessimistic__L100,THERM_ONLY,pessimistic,1.0,200,0.5397567749023438,0.7904583723105706,0.33076883672325097,0.4596895355873196,0.47685120390214214,0.22602996467796405,0.021167921534350487,0.5312656241115343,-0.05441442020939219,0.5718415120949579,-0.1276413936892437,0.4012104298006792,-0.17518046512271518,0.5290199657316897,0.7608695652173914,0.3980028171675769,0.44361557815149055,0.22253895276568425,0.22845055526176627,0.09254362771020624
THERM_ONLY__pessimistic__L100,THERM_ONLY,pessimistic,1.0,250,0.5397567749023438,0.7904583723105706,0.2758593056216801,0.5145990666888904,0.5422130869497521,0.3437446024567245,0.08650415644306664,0.5221594795716555,0.020053607378096583,0.5718415120949579,-0.019733519625154794,0.4152973625398076,-0.07155276008308309,0.5290199657316897,0.7608695652173914,0.3980028171675769,0.5147796579140331,0.3581828159514617,0.08090957165520889,0.10153358011634056
THERM_ONLY__pessimistic__L100,THERM_ONLY,pessimistic,1.0,300,0.5397567749023438,0.7904583723105706,0.21262110697879713,0.5778372653317735,0.6044049305916075,0.43772410939860623,0.16853674268144903,0.4586242477666093,0.14578068282499818,0.5718415120949579,0.08197768849618281,0.3728189826918394,0.06490512670676685,0.5290199657316897,0.7608695652173914,0.3980028171675769,0.5758072034781153,0.44557465128568446,0.06187202538339503,0.11422527763088314
THERM_ONLY__pessimistic__L100,THERM_ONLY,pessimistic,1.0,400,0.5397567749023438,0.7539756782039289,0.15431782789189535,0.5996578503120336,0.5764773220361676,0.4474592574726973,0.16536469011274657,0.438964533345597,0.13751278869057065,0.5718415120949579,0.10541015863608649,0.3717768289362879,0.07568242853640944,0.5290199657316897,0.7608695652173914,0.3980028171675769,0.5146180940649362,0.41891406241669493,0.04336329984135378,0.1496562665256478
SUBSTR_ONLY__reported__L010,SUBSTR_ONLY,reported,0.1,25,0.3854069113731384,0.8456501403180543,0.5482965982284738,0.29735354208958054,0.3548174654358605,0.19766826162582796,-0.000654388449276011,0.33653781410078343,0.018279651335077085,0.040444676006293735,0.01553706295828583,0.17630480120393544,0.02136346042189252,-0.002376870356974488,0.06521739130434782,0.028985507246376812,0.36820953467247514,0.2329137476977616,0.257006874669487,0.0010576414595452142
SUBSTR_ONLY__reported__L010,SUBSTR_ONLY,reported,0.1,50,0.3854069113731384,0.8269410664172123,0.4805546899937534,0.34638637642345893,0.421457700234016,0.2589210993904355,0.04895358319623083,0.39617312585854697,0.02528457437546905,0.040444676006293735,0.059938169801307006,0.2329076840078802,0.026013415382555305,-0.002376870356974488,0.06521739130434782,0.028985507246376812,0.4439357498121503,0.29911343928158357,0.2469592808038075,0.0021152829190904283
SUBSTR_ONLY__reported__L010,SUBSTR_ONLY,reported,0.1,75,0.3854069113731384,0.8082319925163705,0.3881945648468844,0.42003742766948604,0.49720112074644346,0.3515355430063114,0.04597610407282249,0.4571706793971344,0.040030441349309054,0.040444676006293735,0.04638510279061242,0.30009471892332296,0.051440824082988446,-0.002376870356974488,0.06521739130434782,0.028985507246376812,0.5198346424964005,0.387527445068009,0.10047593865679534,0.004230565838180857
SUBSTR_ONLY__reported__L010,SUBSTR_ONLY,reported,0.1,100,0.3854069113731384,0.8016838166510758,0.3402587731393602,0.4614250435117156,0.5199748129750459,0.3848703970475409,0.02356686374734196,0.5189060086342396,0.0010688043408062509,0.040444676006293735,0.02164301565124077,0.37327994112689433,0.011590455920646558,-0.002376870356974488,0.06521739130434782,0.028985507246376812,0.5106488342453944,0.3906053283663046,0.08619777895293496,0.007403490216816499
SUBSTR_ONLY__reported__L010,SUBSTR_ONLY,reported,0.1,125,0.3854069113731384,0.7867165575304023,0.28089055543188474,0.5058260020985175,0.5117166349531641,0.3771072515858457,0.014491056561313054,0.5143399186307513,-0.0026232836775872403,0.040444676006293735,0.011142796064637639,0.3751967394659054,0.0019105121199402553,-0.002376870356974488,0.06521739130434782,0.028985507246376812,0.47427650312944714,0.3535908345621375,0.06557377049180328,0.011634056054997356
SUBSTR_ONLY__reported__L010,SUBSTR_ONLY,reported,0.1,150,0.3854069113731384,0.7839101964452759,0.23899289143934543,0.5449173050059305,0.5113727727831348,0.39124923980349924,0.024377913471629153,0.5096414009222813,0.0017313718608534812,0.040444676006293735,0.024204995466290347,0.3627405822567549,0.028508657546744365,-0.002376870356974488,0.06521739130434782,0.028985507246376812,0.45568295633884714,0.35688560367576017,0.06504494976203067,0.01639344262295082
SUBSTR_ONLY__reported__L010,SUBSTR_ONLY,reported,0.1,200,0.3854069113731384,0.6014967259120674,0.17378290694539555,0.4277138189666718,0.46532870746031874,0.3614950308415311,0.009645425092527082,0.4510055247369096,0.014323182723409156,0.040444676006293735,0.007823672474323362,0.34201931967265153,0.019475711168879584,-0.002376870356974488,0.06521739130434782,0.028985507246376812,0.36530641743522874,0.28475484683347324,0.048651507139079855,0.02168164992067689
SUBSTR_ONLY__reported__L010,SUBSTR_ONLY,reported,0.1,250,0.3854069113731384,0.558465855940131,0.1286773716051869,0.4297884843349441,0.480593685720392,0.3834786820911195,0.024884755213706533,0.4474091808841665,0.03318450483622554,0.040444676006293735,0.02000056000924022,0.35563703281196424,0.02784164927915528,-0.002376870356974488,0.06521739130434782,0.028985507246376812,0.36858098730425953,0.2994559598642312,0.03437334743521946,0.03225806451612903
SUBSTR_ONLY__reported__L010,SUBSTR_ONLY,reported,0.1,300,0.3854069113731384,0.4069223573433115,0.11007866274141964,0.29684369460189186,0.4628927929716049,0.379087032425546,0.02702460506144644,0.436701016810275,0.026191776161329894,0.040444676006293735,0.023340611523122556,0.3557085929644257,0.02337843946112028,-0.002376870356974488,0.06521739130434782,0.028985507246376812,0.3342603047212575,0.2777751137057041,0.03120042305658382,0.044420941300899
SUBSTR_ONLY__reported__L010,SUBSTR_ONLY,reported,0.1,400,0.3854069113731384,0.2460243217960711,0.08830837338368878,0.1577159484123823,0.4384588439742241,0.37059907828681043,0.02734621205080301,0.36721526370687324,0.07124358026735084,0.040444676006293735,0.028549979450199603,0.2951514840946607,0.07544759419214975,-0.002376870356974488,0.06521739130434782,0.028985507246376812,0.2842394574733991,0.24283454893592268,0.03120042305658382,0.06980433632998413
SUBSTR_ONLY__reported__L025,SUBSTR_ONLY,reported,0.25,25,0.3854069113731384,0.8484565014031805,0.545588206976811,0.30286829442636953,0.3380053100811154,0.18324267502711833,-0.01746654380402113,0.34106124008860617,-0.0030559300074907703,0.04044922213890708,0.0011114763595762023,0.18013524538247452,0.0031074296446438054,-0.002372324224361143,0.06521739130434782,0.028985507246376812,0.34327516371438627,0.20977359529034537,0.25753569539925963,0.0005288207297726071
SUBSTR_ONLY__reported__L025,SUBSTR_ONLY,reported,0.25,50,0.3854069113731384,0.8250701590271281,0.47061284271079007,0.35445731631633803,0.39208240239513814,0.24229001409385523,0.019578285357352954,0.39881375163567473,-0.006731349240536588,0.04044922213890708,0.04330708450472673,0.23302270237408204,0.009267311719773186,-0.002372324224361143,0.06521739130434782,0.028985507246376812,0.39806412497796284,0.25311365469798885,0.2474881015335801,0.0015864621893178213
SUBSTR_ONLY__reported__L025,SUBSTR_ONLY,reported,0.25,75,0.3854069113731384,0.8091674462114126,0.40577640018135697,0.4033910460300556,0.4393146851238697,0.2966263241014797,-0.011910331549751296,0.5032501244211884,-0.06393543929731876,0.04044922213890708,-0.008524116114219271,0.316551989128076,-0.019925665026596262,-0.002372324224361143,0.06521739130434782,0.028985507246376812,0.44378371465943856,0.3117493107732968,0.15335801163405605,0.004230565838180857
SUBSTR_ONLY__reported__L025,SUBSTR_ONLY,reported,0.25,100,0.3854069113731384,0.8026192703461179,0.3567493184533781,0.4458699518927398,0.46853027232239836,0.32976680876329584,-0.02787767690530557,0.5480691378340267,-0.07953886551162831,0.04044922213890708,-0.03346057263300428,0.3681285656628289,-0.038361756899533084,-0.002372324224361143,0.06521739130434782,0.028985507246376812,0.46707864537267213,0.3438207010881708,0.08619777895293496,0.007932310946589107
SUBSTR_ONLY__reported__L025,SUBSTR_ONLY,reported,0.25,125,0.3854069113731384,0.7932647333956969,0.2929833408469801,0.5002813925487168,0.5197012993878448,0.3779217368976932,0.022475720995993764,0.5555872921357254,-0.035885992747880624,0.04044922213890708,0.011957281376485163,0.3957695484318247,-0.017847811534131508,-0.002372324224361143,0.06521739130434782,0.028985507246376812,0.513033802513422,0.3839573242406444,0.07033315705975675,0.01269169751454257
SUBSTR_ONLY__reported__L025,SUBSTR_ONLY,reported,0.25,150,0.3854069113731384,0.7839101964452759,0.25767130547544764,0.5262388909698283,0.49344415548621706,0.3556236486482007,0.006449296174711461,0.5397899985260752,-0.04634584303985817,0.04044922213890708,-0.011420595689008217,0.3845288229596849,-0.028905174311484205,-0.002372324224361143,0.06521739130434782,0.028985507246376812,0.43835377528163016,0.3111908280799892,0.07033315705975675,0.015335801163405606
SUBSTR_ONLY__reported__L025,SUBSTR_ONLY,reported,0.25,200,0.3854069113731384,0.7670720299345183,0.2118142404153879,0.5552577895191304,0.49430687328676076,0.37373559867381323,0.03862359091896911,0.49075697061767004,0.003549902669090721,0.04044922213890708,0.020064240306605474,0.3726507366368551,0.001084862036958123,-0.002372324224361143,0.06521739130434782,0.028985507246376812,0.42541075988246324,0.3129030912474314,0.06768905341089371,0.023268112109994712
SUBSTR_ONLY__reported__L025,SUBSTR_ONLY,reported,0.25,250,0.3854069113731384,0.5612722170252572,0.14434314538200602,0.4169290716432512,0.4721694761821237,0.37354689296829025,0.0164605456754382,0.46830960016992373,0.0038598760121999476,0.04044922213890708,0.01006877088641095,0.37125280775144925,0.002294085216840991,-0.002372324224361143,0.06521739130434782,0.028985507246376812,0.362988361847064,0.27837229406089065,0.044420941300899,0.03278688524590164
SUBSTR_ONLY__reported__L025,SUBSTR_ONLY,reported,0.25,300,0.3854069113731384,0.49672591206735267,0.11249223564740474,0.38423367641994793,0.4872166536173521,0.4006953130874376,0.05134846570719365,0.470568768835291,0.01664788478206114,0.04044922213890708,0.04494889218501419,0.38643557905169357,0.014259734035744043,-0.002372324224361143,0.06521739130434782,0.028985507246376812,0.37069896514988243,0.30398112128290417,0.03120042305658382,0.04336329984135378
SUBSTR_ONLY__reported__L025,SUBSTR_ONLY,reported,0.25,400,0.3854069113731384,0.2460243217960711,0.08859232313733406,0.15743199865873703,0.4381880761682057,0.3667143428548637,0.02707544424478464,0.37826524217302004,0.059922833995185665,0.04044922213890708,0.024665244018252874,0.30483733988950973,0.06187700296535398,-0.002372324224361143,0.06521739130434782,0.028985507246376812,0.28397877490615037,0.2372054762616661,0.03120042305658382,0.06927551560021153
SUBSTR_ONLY__reported__L050,SUBSTR_ONLY,reported,0.5,25,0.3854069113731384,0.9008419083255379,0.6215056580332909,0.27933625029224696,0.27833664579613154,0.15000360761202514,-0.07713520808900498,0.3063182435181182,-0.027981597721986662,0.0404915237422787,-0.03212759105551699,0.13580108348525863,0.014202524126766508,-0.0023300226209895247,0.06521739130434782,0.028985507246376812,0.26555097512259446,0.15153409139090454,0.45161290322580644,0.0005288207297726071
SUBSTR_ONLY__reported__L050,SUBSTR_ONLY,reported,0.5,50,0.3854069113731384,0.8391019644527596,0.4927426362074702,0.3463593282452894,0.3723962380186343,0.2253224625192307,-0.0001078790191508805,0.42351875376741094,-0.05112251574877663,0.0404915237422787,0.02633953293010219,0.2013976314308119,0.02392483108841878,-0.0023300226209895247,0.06521739130434782,0.028985507246376812,0.37249905854000015,0.22420634038749687,0.2474881015335801,0.0021152829190904283
SUBSTR_ONLY__reported__L050,SUBSTR_ONLY,reported,0.5,75,0.3854069113731384,0.823199251637044,0.4449671389292705,0.3782321127077735,0.3967688597074702,0.2479948197197157,-0.05445615696615075,0.4627505564593728,-0.06598169675190257,0.0404915237422787,-0.05715562049598327,0.23785175167974007,0.010143068039975639,-0.0023300226209895247,0.06521739130434782,0.028985507246376812,0.39405753791122256,0.24375078910408488,0.2464304600740349,0.006345848757271285
SUBSTR_ONLY__reported__L050,SUBSTR_ONLY,reported,0.5,100,0.3854069113731384,0.804490177736202,0.382199570435349,0.422290607300853,0.41869298252732184,0.27317368820451593,-0.07771496670038208,0.5214362268418059,-0.10274324431448406,0.0404915237422787,-0.09005369319178419,0.33069398435404196,-0.05752029614952603,-0.0023300226209895247,0.06521739130434782,0.028985507246376812,0.382145746353631,0.24058859763785642,0.15335801163405605,0.008461131676361713
SUBSTR_ONLY__reported__L050,SUBSTR_ONLY,reported,0.5,125,0.3854069113731384,0.7988774555659495,0.3348792153907482,0.46399824017520125,0.4658778565769157,0.32549618656490265,-0.031347721814935336,0.5624710898750349,-0.0965932332981192,0.0404915237422787,-0.0404682689563054,0.3871791096021482,-0.06168292303724554,-0.0023300226209895247,0.06521739130434782,0.028985507246376812,0.43163513701599204,0.2979468597916511,0.08619777895293496,0.011634056054997356
SUBSTR_ONLY__reported__L050,SUBSTR_ONLY,reported,0.5,150,0.3854069113731384,0.7979420018709074,0.3118881243222486,0.48605387754865875,0.48797946158221245,0.35449207916003633,0.000984602270706847,0.5743183702323399,-0.08633890865012744,0.0404915237422787,-0.012552165177172558,0.4143965861601747,-0.059904507000138385,-0.0023300226209895247,0.06521739130434782,0.028985507246376812,0.4534904753835621,0.3215442739599326,0.08619777895293496,0.015335801163405606
SUBSTR_ONLY__reported__L050,SUBSTR_ONLY,reported,0.5,200,0.3854069113731384,0.7726847521047708,0.21315222628202785,0.559532525822743,0.49484120378834684,0.37038939281342503,0.039157921420555186,0.52484020972591,-0.029999005937563106,0.0404915237422787,0.016718034446217278,0.3931133642200594,-0.022723971406634347,-0.0023300226209895247,0.06521739130434782,0.028985507246376812,0.4241097065494141,0.3091812573258794,0.06768905341089371,0.024325753569539928
SUBSTR_ONLY__reported__L050,SUBSTR_ONLY,reported,0.5,250,0.3854069113731384,0.5612722170252572,0.14486331580789355,0.4164089012173636,0.4716749352342904,0.36990545064013725,0.0159660047276049,0.4996396980638161,-0.027964762829525702,0.0404915237422787,0.00642732855825795,0.3977036456489505,-0.027798195008813253,-0.0023300226209895247,0.06521739130434782,0.028985507246376812,0.3625130882938641,0.2745181583904615,0.044420941300899,0.03172924378635643
SUBSTR_ONLY__reported__L050,SUBSTR_ONLY,reported,0.5,300,0.3854069113731384,0.49672591206735267,0.11320170590905575,0.3835242061582969,0.48654160079883985,0.39812143326416577,0.05067341288868138,0.4816318823929386,0.004909718405901264,0.0404915237422787,0.04237501236174235,0.39707921969816723,0.0010422135659985399,-0.0023300226209895247,0.06521739130434782,0.028985507246376812,0.3700499032185168,0.30033276560380034,0.03120042305658382,0.04177683765203596
SUBSTR_ONLY__reported__L050,SUBSTR_ONLY,reported,0.5,400,0.3854069113731384,0.2460243217960711,0.08863964809627495,0.15738467369979614,0.438142948200536,0.3664988164882068,0.02703031627711494,0.39840224980115974,0.03974069839937627,0.0404915237422787,0.02444971765159598,0.3312481143512457,0.03525070213696113,-0.0023300226209895247,0.06521739130434782,0.028985507246376812,0.2839353278116089,0.23711523378744934,0.03120042305658382,0.06980433632998413
SUBSTR_ONLY__reported__L075,SUBSTR_ONLY,reported,0.75,25,0.3854069113731384,0.8942937324602432,0.6082763764324647,0.28601735602777856,0.2861417600333872,0.16205947386906788,-0.06933009385174932,0.30960209164118396,-0.02346033160779676,0.04047688134589499,-0.020071724798474244,0.15666362511112245,0.005395848757945437,-0.0023446650173732306,0.06521739130434782,0.028985507246376812,0.24784017507375802,0.123165917286301,0.46060285563194076,0.0021152829190904283
SUBSTR_ONLY__reported__L075,SUBSTR_ONLY,reported,0.75,50,0.3854069113731384,0.8391019644527596,0.4859379376254929,0.3531640268272667,0.3924850795914037,0.2303907103058642,0.01998096255361853,0.45731691307849043,-0.06483183348708671,0.04047688134589499,0.031407780716735695,0.22481916052286646,0.005571549782997731,-0.0023446650173732306,0.06521739130434782,0.028985507246376812,0.3743423100433407,0.2167923997826964,0.2548915917503966,0.0037017451084082496
SUBSTR_ONLY__reported__L075,SUBSTR_ONLY,reported,0.75,75,0.3854069113731384,0.8222637979420019,0.43425532852144655,0.38800846942055534,0.38428559437751947,0.22962984592806612,-0.0669394222961015,0.500071408008762,-0.11578581363124257,0.04047688134589499,-0.07552059428763286,0.28217404955770403,-0.05254420362963791,-0.0023446650173732306,0.06521739130434782,0.028985507246376812,0.34817282942668243,0.1933943477982394,0.24484399788471709,0.007403490216816499
SUBSTR_ONLY__reported__L075,SUBSTR_ONLY,reported,0.75,100,0.3854069113731384,0.804490177736202,0.3757968909111034,0.4286932868250986,0.42484944242755784,0.2782353186996974,-0.07155850680014608,0.5244365593053806,-0.09958711687782273,0.04047688134589499,-0.0849920626966027,0.32048197652520444,-0.04224665782550702,-0.0023446650173732306,0.06521739130434782,0.028985507246376812,0.3881015039898245,0.24660542464511934,0.15071390798519302,0.008989952406134321
SUBSTR_ONLY__reported__L075,SUBSTR_ONLY,reported,0.75,125,0.3854069113731384,0.7932647333956969,0.331110326526378,0.4621544068693189,0.44588009273306317,0.3045528906072975,-0.05134548565878788,0.555860228976623,-0.10998013624355985,0.04047688134589499,-0.06141156491391053,0.3728644783895839,-0.06831158778228641,-0.0023446650173732306,0.06521739130434782,0.028985507246376812,0.4046965391615833,0.26773187979906266,0.08619777895293496,0.01110523532522475
SUBSTR_ONLY__reported__L075,SUBSTR_ONLY,reported,0.75,150,0.3854069113731384,0.7923292797006548,0.3129296775414102,0.4793996021592446,0.4634553678322385,0.3289276228239104,-0.023539491479267094,0.5720432793893331,-0.10858791155709457,0.04047688134589499,-0.038116621513298476,0.3965164508018963,-0.06758882797798588,-0.0023446650173732306,0.06521739130434782,0.028985507246376812,0.4222289645138633,0.2891288781438728,0.08619777895293496,0.014806980433632998
SUBSTR_ONLY__reported__L075,SUBSTR_ONLY,reported,0.75,200,0.3854069113731384,0.7782974742750234,0.2128213556919039,0.5654761185831194,0.5128022916890307,0.38810237916106494,0.057119009321239034,0.5421954319724499,-0.029393140283419217,0.04047688134589499,0.03443102079385718,0.41672508120412116,-0.028622702043056225,-0.0023446650173732306,0.06521739130434782,0.028985507246376812,0.44941119172444804,0.33427668058117144,0.06768905341089371,0.024325753569539928
SUBSTR_ONLY__reported__L075,SUBSTR_ONLY,reported,0.75,250,0.3854069113731384,0.5612722170252572,0.1449582154464627,0.4163140015787945,0.47158363243065743,0.36846633693732295,0.015874701923971946,0.4949667868557442,-0.02338315442508676,0.04047688134589499,0.004988214855443651,0.3938918660331871,-0.025425529095864152,-0.0023446650173732306,0.06521739130434782,0.028985507246376812,0.3624241717455779,0.27447066362820166,0.044420941300899,0.03278688524590164
SUBSTR_ONLY__reported__L075,SUBSTR_ONLY,reported,0.75,300,0.3854069113731384,0.49672591206735267,0.11244410244353939,0.3842818096238133,0.48726551497808956,0.3997162863283928,0.0513973270679311,0.48268677757743483,0.004578737400654731,0.04047688134589499,0.04396986542596937,0.4030230979504572,-0.0033068116220644206,-0.0023446650173732306,0.06521739130434782,0.028985507246376812,0.3707477012179364,0.3011691020991723,0.03120042305658382,0.04230565838180857
SUBSTR_ONLY__reported__L075,SUBSTR_ONLY,reported,0.75,400,0.3854069113731384,0.2460243217960711,0.0876458239585164,0.1583784978375547,0.43909063552160044,0.3704524203939497,0.02797800359817937,0.4238035911343687,0.015287044387231719,0.04047688134589499,0.02840332155733888,0.3574525936310444,0.012999826762905287,-0.0023446650173732306,0.06521739130434782,0.028985507246376812,0.28484771679697957,0.24177788067794204,0.03120042305658382,0.06980433632998413
SUBSTR_ONLY__reported__L100,SUBSTR_ONLY,reported,1.0,25,0.3854069113731384,0.8999064546304958,0.6053254688301547,0.2945809858003411,0.3314589002960478,0.20553705130983393,-0.024012953589088726,0.3783981928389957,-0.046939292542947875,0.04046585085973229,0.023405852642291808,0.13808489850176722,0.06745215280806671,-0.002355695503535933,0.06521739130434782,0.028985507246376812,0.3342681217420145,0.2043543342589987,0.4621893178212586,0.0026441036488630354
SUBSTR_ONLY__reported__L100,SUBSTR_ONLY,reported,1.0,50,0.3854069113731384,0.8419083255378859,0.49586081170065494,0.3460475138372309,0.36278620739076756,0.2087894039956962,-0.00971790964701763,0.4383543494562461,-0.07556814206547852,0.04046585085973229,0.009806474406567706,0.1931941498024025,0.015595254193293717,-0.002355695503535933,0.06521739130434782,0.028985507246376812,0.3362935696299237,0.18653158295021474,0.25594923320994184,0.004759386567953464
SUBSTR_ONLY__reported__L100,SUBSTR_ONLY,reported,1.0,75,0.3854069113731384,0.8194574368568756,0.4379527099126561,0.38150472694421944,0.37912300744316013,0.2219234257544927,-0.07210200923046084,0.45564985997327934,-0.0765268525301192,0.04046585085973229,-0.08322701446120628,0.22617888021161103,-0.004255454457118335,-0.002355695503535933,0.06521739130434782,0.028985507246376812,0.34366739577322675,0.1883195976158223,0.24431517715494447,0.006874669487043892
SUBSTR_ONLY__reported__L100,SUBSTR_ONLY,reported,1.0,100,0.3854069113731384,0.7988774555659495,0.37936405544689317,0.4195134001190563,0.39768775020164804,0.24660146875555736,-0.09872019902605589,0.5081097020656945,-0.11042195186404646,0.04046585085973229,-0.11662591264074276,0.3029578290929555,-0.05635636033739813,-0.002355695503535933,0.06521739130434782,0.028985507246376812,0.354165547866303,0.21276941276969583,0.15071390798519302,0.008989952406134321
SUBSTR_ONLY__reported__L100,SUBSTR_ONLY,reported,1.0,125,0.3854069113731384,0.7932647333956969,0.32829426809273365,0.46497046530296327,0.44847950239428647,0.3078962809348993,-0.048746075997564586,0.5438740587792048,-0.09539455638491834,0.04046585085973229,-0.05806817458630875,0.3525713320018364,-0.04467505106693709,-0.002355695503535933,0.06521739130434782,0.028985507246376812,0.40714998460220947,0.26989841182675217,0.08619777895293496,0.010576414595452142
SUBSTR_ONLY__reported__L100,SUBSTR_ONLY,reported,1.0,150,0.3854069113731384,0.7923292797006548,0.3135189506367026,0.4788103290639522,0.4628149600500115,0.3269490152462661,-0.02417989926149411,0.5582951860097414,-0.09548022595972988,0.04046585085973229,-0.04009522909094282,0.3924622473397753,-0.06551323209350923,-0.002355695503535933,0.06521739130434782,0.028985507246376812,0.4215675304715967,0.28852157229848835,0.08619777895293496,0.015335801163405606
SUBSTR_ONLY__reported__L100,SUBSTR_ONLY,reported,1.0,200,0.3854069113731384,0.7726847521047708,0.2169441753349528,0.555740576769818,0.49120372300889886,0.36647683315859647,0.03552044064110721,0.5312656241115343,-0.04006190110263547,0.04046585085973229,0.012805474791388716,0.4012104298006792,-0.034733596642082754,-0.002355695503535933,0.06521739130434782,0.028985507246376812,0.4205948049219956,0.30556417741020747,0.06768905341089371,0.024854574299312534
SUBSTR_ONLY__reported__L100,SUBSTR_ONLY,reported,1.0,250,0.3854069113731384,0.5612722170252572,0.1469021758651989,0.41437004116005827,0.46971658548739376,0.3680196493627683,0.014007654980708273,0.5221594795716555,-0.05244289408426178,0.04046585085973229,0.004541527280889024,0.4152973625398076,-0.04727771317703927,-0.002355695503535933,0.06521739130434782,0.028985507246376812,0.3606190404885719,0.2742127382379386,0.044420941300899,0.033315705975674244
SUBSTR_ONLY__reported__L100,SUBSTR_ONLY,reported,1.0,300,0.3854069113731384,0.49672591206735267,0.11239677748459846,0.3843291345827542,0.4873106429457592,0.4000676047090727,0.05144245503560074,0.4586242477666093,0.028686395179149893,0.04046585085973229,0.04432118380664929,0.3728189826918394,0.027248622017233326,-0.002355695503535933,0.06521739130434782,0.028985507246376812,0.3707911483124779,0.30151105953559737,0.03120042305658382,0.041248016922263354
SUBSTR_ONLY__reported__L100,SUBSTR_ONLY,reported,1.0,400,0.3854069113731384,0.2460243217960711,0.08693594957440313,0.15908837222166794,0.43976755503664666,0.3716580844724759,0.028654923113225594,0.438964533345597,0.0008030216910496768,0.04046585085973229,0.02960898563586506,0.3717768289362879,-0.00011874446381199277,-0.002355695503535933,0.06521739130434782,0.028985507246376812,0.2854994232151015,0.2427617603873757,0.03120042305658382,0.06927551560021153
SUBSTR_ONLY__optimistic__L010,SUBSTR_ONLY,optimistic,0.1,25,0.3854069113731384,0.8456501403180543,0.5540453502026583,0.291604790115396,0.34948790456170264,0.1843991775082824,-0.005983949323433879,0.33653781410078343,0.012950090460919217,0.04045565536509917,0.0022679788407402868,0.17630480120393544,0.008094376304346979,-0.00236589099816905,0.06521739130434782,0.028985507246376812,0.3632476636677224,0.22423695873919583,0.257006874669487,0.0010576414595452142
SUBSTR_ONLY__optimistic__L010,SUBSTR_ONLY,optimistic,0.1,50,0.3854069113731384,0.8269410664172123,0.48274892182945894,0.3441921445877534,0.4193050752157866,0.25598934546316715,0.046800958178001395,0.39617312585854697,0.023131949357239612,0.04045565536509917,0.05700641587403865,0.2329076840078802,0.02308166145528695,-0.00236589099816905,0.06521739130434782,0.028985507246376812,0.44181499964626164,0.2987680842345945,0.2469592808038075,0.0026441036488630354
SUBSTR_ONLY__optimistic__L010,SUBSTR_ONLY,optimistic,0.1,75,0.3854069113731384,0.8082319925163705,0.38970232899145607,0.4185296635249144,0.4957882427958782,0.34987386994127656,0.044563226122257216,0.4571706793971344,0.03861756339874378,0.04045565536509917,0.04472342972557758,0.30009471892332296,0.049779151017953605,-0.00236589099816905,0.06521739130434782,0.028985507246376812,0.5184864023923178,0.3858659968826596,0.10047593865679534,0.005288207297726071
SUBSTR_ONLY__optimistic__L010,SUBSTR_ONLY,optimistic,0.1,100,0.3854069113731384,0.8016838166510758,0.33817818124080185,0.46350563541027395,0.5219528512741753,0.38879050206247195,0.02554490204647142,0.5189060086342396,0.0030468426399357096,0.04045565536509917,0.025563120666171835,0.37327994112689433,0.015510560935577622,-0.00236589099816905,0.06521739130434782,0.028985507246376812,0.5125497506775715,0.3945029478520783,0.08619777895293496,0.007403490216816499
SUBSTR_ONLY__optimistic__L010,SUBSTR_ONLY,optimistic,0.1,125,0.3854069113731384,0.7867165575304023,0.2780958234121119,0.5086207341182903,0.5143905734631876,0.38452372366149046,0.017164995071336564,0.5143399186307513,5.065483243626989e-05,0.04045565536509917,0.018559268140282414,0.3751967394659054,0.00932698419558503,-0.00236589099816905,0.06521739130434782,0.028985507246376812,0.4768560152988642,0.3626303583448327,0.06398730830248546,0.010576414595452142
SUBSTR_ONLY__optimistic__L010,SUBSTR_ONLY,optimistic,0.1,150,0.3854069113731384,0.7792329279700655,0.2308465522364052,0.5483863757336602,0.5152424501494859,0.3965796516294244,0.028247590837980285,0.5096414009222813,0.005601049227204613,0.04045565536509917,0.029535407292215488,0.3627405822567549,0.033839069372669506,-0.00236589099816905,0.06521739130434782,0.028985507246376812,0.4455210452546907,0.3489373220466166,0.061343204653622425,0.015335801163405606
SUBSTR_ONLY__optimistic__L010,SUBSTR_ONLY,optimistic,0.1,200,0.3854069113731384,0.6304957904583723,0.17236315817716907,0.45813263228120327,0.45531723481550174,0.35163161619303346,-0.0003660475522899165,0.4510055247369096,0.004311710078592157,0.04045565536509917,-0.002039742174174297,0.34201931967265153,0.009612296520381924,-0.00236589099816905,0.06521739130434782,0.028985507246376812,0.3363798194492717,0.25766100033673606,0.04706504494976203,0.0222104706504495
SUBSTR_ONLY__optimistic__L010,SUBSTR_ONLY,optimistic,0.1,250,0.3854069113731384,0.40130963517305895,0.1345456665138565,0.2667639686592025,0.4525888541439101,0.36053185827116724,-0.0031200763627753925,0.4474091808841665,0.005179673259743611,0.04045565536509917,-0.0029462638107120576,0.35563703281196424,0.0048948254592030005,-0.00236589099816905,0.06521739130434782,0.028985507246376812,0.3156366138655801,0.25386111456826194,0.040719196192490745,0.033844526705446853
SUBSTR_ONLY__optimistic__L010,SUBSTR_ONLY,optimistic,0.1,300,0.3854069113731384,0.333021515434986,0.11244410244353939,0.2205774129914466,0.4447756003519519,0.363200877083785,0.008907412441793439,0.436701016810275,0.008074583541676894,0.04045565536509917,0.007454456181361591,0.3557085929644257,0.007492284119359316,-0.00236589099816905,0.06521739130434782,0.028985507246376812,0.2940486433021717,0.2461393239021709,0.033844526705446853,0.044420941300899
SUBSTR_ONLY__optimistic__L010,SUBSTR_ONLY,optimistic,0.1,400,0.3854069113731384,0.21515434985968196,0.08717257436910757,0.12798177549057438,0.4278241180315843,0.35966407764545116,0.016711486108163254,0.36721526370687324,0.06060885432471108,0.04045565536509917,0.01761497880884033,0.2951514840946607,0.06451259355079048,-0.00236589099816905,0.06521739130434782,0.028985507246376812,0.25722444263716865,0.2232319947751541,0.03120042305658382,0.07191961924907457
SUBSTR_ONLY__optimistic__L025,SUBSTR_ONLY,optimistic,0.25,25,0.3854069113731384,0.8456501403180543,0.5389712636489856,0.3066788766690687,0.3644294127625796,0.20135668124563763,0.008957558877443095,0.34106124008860617,0.023368172673973453,0.040452208847653284,0.019225482578095504,0.18013524538247452,0.021221435863163107,-0.0023693375156149388,0.06521739130434782,0.028985507246376812,0.37808786054380034,0.23540296484772863,0.25859333685880487,0.0010576414595452142
SUBSTR_ONLY__optimistic__L025,SUBSTR_ONLY,optimistic,0.25,50,0.3854069113731384,0.8269410664172123,0.4805627114212749,0.34637835499593744,0.42158063300567,0.25836939735483727,0.049076515967884815,0.39881375163567473,0.022766881369995273,0.040452208847653284,0.05938646776570877,0.23302270237408204,0.02534669498075523,-0.0023693375156149388,0.06521739130434782,0.028985507246376812,0.4441312914114259,0.2984833242203078,0.2453728186144897,0.0021152829190904283
SUBSTR_ONLY__optimistic__L025,SUBSTR_ONLY,optimistic,0.25,75,0.3854069113731384,0.8026192703461179,0.37365221910360596,0.42896705124251194,0.48713388792240114,0.3393177087628468,0.03590887124878017,0.5032501244211884,-0.016116236498787295,0.040452208847653284,0.0341672685471478,0.316551989128076,0.02276571963477081,-0.0023693375156149388,0.06521739130434782,0.028985507246376812,0.47796326626305735,0.3444819434266415,0.08619777895293496,0.004230565838180857
SUBSTR_ONLY__optimistic__L025,SUBSTR_ONLY,optimistic,0.25,100,0.3854069113731384,0.8016838166510758,0.3428212724753456,0.4588625441757302,0.5175058273392523,0.37848090656501654,0.021097878111548396,0.5480691378340267,-0.030563310494774343,0.040452208847653284,0.01525352516871642,0.3681285656628289,0.010352340902187618,-0.0023693375156149388,0.06521739130434782,0.028985507246376812,0.5082570750710499,0.3831100186783658,0.08619777895293496,0.007403490216816499
SUBSTR_ONLY__optimistic__L025,SUBSTR_ONLY,optimistic,0.25,125,0.3854069113731384,0.7867165575304023,0.28472576301092006,0.5019907945194821,0.5080521243275519,0.3686783654840602,0.010826545935700815,0.5555872921357254,-0.04753516780817357,0.040452208847653284,0.0027139099628521457,0.3957695484318247,-0.027091182947764525,-0.0023693375156149388,0.06521739130434782,0.028985507246376812,0.4707443327087413,0.3447242660526624,0.07033315705975675,0.011634056054997356
SUBSTR_ONLY__optimistic__L025,SUBSTR_ONLY,optimistic,0.25,150,0.3854069113731384,0.7782974742750234,0.24377783117689608,0.5345196430981273,0.4832613574671516,0.35816842239660507,-0.0037335018443540036,0.5397899985260752,-0.056528641058923634,0.040452208847653284,-0.008875821940603823,0.3845288229596849,-0.02636040056307981,-0.0023693375156149388,0.06521739130434782,0.028985507246376812,0.4209576578302317,0.3161513884599178,0.06980433632998413,0.01639344262295082
SUBSTR_ONLY__optimistic__L025,SUBSTR_ONLY,optimistic,0.25,200,0.3854069113731384,0.5360149672591207,0.1660186304200803,0.3699963368390404,0.4633980244577533,0.3612297210794952,0.007714742089961646,0.49075697061767004,-0.02735894615991674,0.040452208847653284,0.007558362712287436,0.3726507366368551,-0.011421015557359915,-0.0023693375156149388,0.06521739130434782,0.028985507246376812,0.35893668367956005,0.2827022350276172,0.0449497620306716,0.02168164992067689
SUBSTR_ONLY__optimistic__L025,SUBSTR_ONLY,optimistic,0.25,250,0.3854069113731384,0.49672591206735267,0.129293808438805,0.36743210362854767,0.4711906250049928,0.38315867982383944,0.01548169449830733,0.46830960016992373,0.0028810248350690792,0.040452208847653284,0.019680557741960147,0.37125280775144925,0.011905872072390189,-0.0023693375156149388,0.06521739130434782,0.028985507246376812,0.3552673131273956,0.2925912885483661,0.03120042305658382,0.03278688524590164
SUBSTR_ONLY__optimistic__L025,SUBSTR_ONLY,optimistic,0.25,300,0.3854069113731384,0.48175865294667913,0.11627863648513762,0.3654800164615415,0.46934429995287186,0.3894127101528465,0.03347611204271339,0.470568768835291,-0.0012244688824191163,0.040452208847653284,0.03366628925042309,0.38643557905169357,0.002977131101152941,-0.0023693375156149388,0.06521739130434782,0.028985507246376812,0.34670773258698895,0.2883494090114338,0.03120042305658382,0.044420941300899
SUBSTR_ONLY__optimistic__L025,SUBSTR_ONLY,optimistic,0.25,400,0.3854069113731384,0.2460243217960711,0.08740919916381196,0.15861512263225913,0.4393162753599492,0.37073702272731024,0.028203643436528147,0.37826524217302004,0.06105103318692917,0.040452208847653284,0.028687923890699407,0.30483733988950973,0.06589968283780051,-0.0023693375156149388,0.06521739130434782,0.028985507246376812,0.2850649522696869,0.24303402208556815,0.03120042305658382,0.06980433632998413
SUBSTR_ONLY__optimistic__L050,SUBSTR_ONLY,optimistic,0.5,25,0.3854069113731384,0.8484565014031805,0.545588206976811,0.30286829442636953,0.3380053100811154,0.18324267502711833,-0.01746654380402113,0.3063182435181182,0.03168706656299719,0.04044922213890708,0.0011114763595762023,0.13580108348525863,0.0474415915418597,-0.002372324224361143,0.06521739130434782,0.028985507246376812,0.34327516371438627,0.20977359529034537,0.25753569539925963,0.0005288207297726071
SUBSTR_ONLY__optimistic__L050,SUBSTR_ONLY,optimistic,0.5,50,0.3854069113731384,0.8250701590271281,0.47061284271079007,0.35445731631633803,0.39208240239513814,0.24229001409385523,0.019578285357352954,0.42351875376741094,-0.0314363513722728,0.04044922213890708,0.04330708450472673,0.2013976314308119,0.04089238266304332,-0.002372324224361143,0.06521739130434782,0.028985507246376812,0.39806412497796284,0.25311365469798885,0.2474881015335801,0.0015864621893178213
SUBSTR_ONLY__optimistic__L050,SUBSTR_ONLY,optimistic,0.5,75,0.3854069113731384,0.8091674462114126,0.40577640018135697,0.4033910460300556,0.4393146851238697,0.2966263241014797,-0.011910331549751296,0.4627505564593728,-0.023435871335503122,0.04044922213890708,-0.008524116114219271,0.23785175167974007,0.05877457242173964,-0.002372324224361143,0.06521739130434782,0.028985507246376812,0.44378371465943856,0.3117493107732968,0.15335801163405605,0.004230565838180857
SUBSTR_ONLY__optimistic__L050,SUBSTR_ONLY,optimistic,0.5,100,0.3854069113731384,0.8026192703461179,0.3567493184533781,0.4458699518927398,0.46853027232239836,0.32976680876329584,-0.02787767690530557,0.5214362268418059,-0.05290595451940755,0.04044922213890708,-0.03346057263300428,0.33069398435404196,-0.000927175590746121,-0.002372324224361143,0.06521739130434782,0.028985507246376812,0.46707864537267213,0.3438207010881708,0.08619777895293496,0.007932310946589107
SUBSTR_ONLY__optimistic__L050,SUBSTR_ONLY,optimistic,0.5,125,0.3854069113731384,0.7932647333956969,0.2929833408469801,0.5002813925487168,0.5197012993878448,0.3779217368976932,0.022475720995993764,0.5624710898750349,-0.042769790487190096,0.04044922213890708,0.011957281376485163,0.3871791096021482,-0.00925737270445498,-0.002372324224361143,0.06521739130434782,0.028985507246376812,0.513033802513422,0.3839573242406444,0.07033315705975675,0.01269169751454257
SUBSTR_ONLY__optimistic__L050,SUBSTR_ONLY,optimistic,0.5,150,0.3854069113731384,0.7839101964452759,0.25767130547544764,0.5262388909698283,0.49344415548621706,0.3556236486482007,0.006449296174711461,0.5743183702323399,-0.08087421474612283,0.04044922213890708,-0.011420595689008217,0.4143965861601747,-0.058772937511974044,-0.002372324224361143,0.06521739130434782,0.028985507246376812,0.43835377528163016,0.3111908280799892,0.07033315705975675,0.015335801163405606
SUBSTR_ONLY__optimistic__L050,SUBSTR_ONLY,optimistic,0.5,200,0.3854069113731384,0.7670720299345183,0.2118142404153879,0.5552577895191304,0.49430687328676076,0.37373559867381323,0.03862359091896911,0.52484020972591,-0.030533336439149183,0.04044922213890708,0.020064240306605474,0.3931133642200594,-0.01937776554624615,-0.002372324224361143,0.06521739130434782,0.028985507246376812,0.42541075988246324,0.3129030912474314,0.06768905341089371,0.023268112109994712
SUBSTR_ONLY__optimistic__L050,SUBSTR_ONLY,optimistic,0.5,250,0.3854069113731384,0.5612722170252572,0.14434314538200602,0.4169290716432512,0.4721694761821237,0.37354689296829025,0.0164605456754382,0.4996396980638161,-0.027470221881692403,0.04044922213890708,0.01006877088641095,0.3977036456489505,-0.024156752680660254,-0.002372324224361143,0.06521739130434782,0.028985507246376812,0.362988361847064,0.27837229406089065,0.044420941300899,0.03278688524590164
SUBSTR_ONLY__optimistic__L050,SUBSTR_ONLY,optimistic,0.5,300,0.3854069113731384,0.49672591206735267,0.11249223564740474,0.38423367641994793,0.4872166536173521,0.4006953130874376,0.05134846570719365,0.4816318823929386,0.005584771224413532,0.04044922213890708,0.04494889218501419,0.39707921969816723,0.0036160933892703806,-0.002372324224361143,0.06521739130434782,0.028985507246376812,0.37069896514988243,0.30398112128290417,0.03120042305658382,0.04336329984135378
SUBSTR_ONLY__optimistic__L050,SUBSTR_ONLY,optimistic,0.5,400,0.3854069113731384,0.2460243217960711,0.08859232313733406,0.15743199865873703,0.4381880761682057,0.3667143428548637,0.02707544424478464,0.39840224980115974,0.03978582636704597,0.04044922213890708,0.024665244018252874,0.3312481143512457,0.035466228503618025,-0.002372324224361143,0.06521739130434782,0.028985507246376812,0.28397877490615037,0.2372054762616661,0.03120042305658382,0.06927551560021153
SUBSTR_ONLY__optimistic__L075,SUBSTR_ONLY,optimistic,0.75,25,0.3854069113731384,0.8465855940130963,0.5440012501961148,0.3025843438169815,0.3784395011905965,0.2176903073311243,0.02296764730545997,0.30960209164118396,0.06883740954941253,0.04049596454819199,0.03555910866358217,0.15666362511112245,0.06102668222000185,-0.002325581815076236,0.06521739130434782,0.028985507246376812,0.4017774922329469,0.27098000327411287,0.2591221575885775,0.0005288207297726071
SUBSTR_ONLY__optimistic__L075,SUBSTR_ONLY,optimistic,0.75,50,0.3854069113731384,0.8269410664172123,0.4644963850035812,0.3624446814136311,0.4363230163365589,0.28604095161848153,0.06381889929877371,0.45731691307849043,-0.020993896741931528,0.04049596454819199,0.08705802202935303,0.22481916052286646,0.06122179109561507,-0.002325581815076236,0.06521739130434782,0.028985507246376812,0.45795768415485055,0.3123983456328194,0.2474881015335801,0.0015864621893178213
SUBSTR_ONLY__optimistic__L075,SUBSTR_ONLY,optimistic,0.75,75,0.3854069113731384,0.8082319925163705,0.40527311620244777,0.4029588763139227,0.4201290393338365,0.2772774373322105,-0.031095977339784475,0.500071408008762,-0.07994236867492555,0.04049596454819199,-0.027873002883488485,0.28217404955770403,-0.004896612225493535,-0.002325581815076236,0.06521739130434782,0.028985507246376812,0.4163742562766691,0.2809633215569305,0.15335801163405605,0.004230565838180857
SUBSTR_ONLY__optimistic__L075,SUBSTR_ONLY,optimistic,0.75,100,0.3854069113731384,0.7988774555659495,0.35188534440244107,0.4469921111635084,0.4494368537615219,0.3069481286794492,-0.046971095466182,0.5244365593053806,-0.07499970554385865,0.04049596454819199,-0.056279252716850914,0.32048197652520444,-0.013533847845755231,-0.002325581815076236,0.06521739130434782,0.028985507246376812,0.41565836950446805,0.28053621939690604,0.08619777895293496,0.006874669487043892
SUBSTR_ONLY__optimistic__L075,SUBSTR_ONLY,optimistic,0.75,125,0.3854069113731384,0.7988774555659495,0.3373866299696906,0.46149082559625887,0.4634898076834871,0.3259724710605616,-0.03373577070836398,0.555860228976623,-0.09237042129313594,0.04049596454819199,-0.039991984460646446,0.3728644783895839,-0.04689200732902232,-0.002325581815076236,0.06521739130434782,0.028985507246376812,0.4293377299788071,0.2987439910859656,0.08619777895293496,0.011634056054997356
SUBSTR_ONLY__optimistic__L075,SUBSTR_ONLY,optimistic,0.75,150,0.3854069113731384,0.7904583723105706,0.29644370541311704,0.49401466689745355,0.49281626678076856,0.35526986104639446,0.0058214074692629625,0.5720432793893331,-0.07922701260856452,0.04049596454819199,-0.011774383290814427,0.3965164508018963,-0.04124658975550183,-0.002325581815076236,0.06521739130434782,0.028985507246376812,0.4537396926798305,0.31522600687798114,0.08355367530407191,0.015864621893178214
SUBSTR_ONLY__optimistic__L075,SUBSTR_ONLY,optimistic,0.75,200,0.3854069113731384,0.7726847521047708,0.21456959521797686,0.5581151568867939,0.4934985021913555,0.3709666505772405,0.03781521982356384,0.5421954319724499,-0.04869692978109441,0.04049596454819199,0.01729529221003273,0.41672508120412116,-0.045758430626880675,-0.002325581815076236,0.06521739130434782,0.028985507246376812,0.4228220717433966,0.30982172780178363,0.06768905341089371,0.024325753569539928
SUBSTR_ONLY__optimistic__L075,SUBSTR_ONLY,optimistic,0.75,250,0.3854069113731384,0.5612722170252572,0.14434314538200602,0.4169290716432512,0.4721694761821237,0.37354689296829025,0.0164605456754382,0.4949667868557442,-0.022797310673620508,0.04049596454819199,0.01006877088641095,0.3938918660331871,-0.020344973064896854,-0.002325581815076236,0.06521739130434782,0.028985507246376812,0.362988361847064,0.27837229406089065,0.044420941300899,0.03278688524590164
SUBSTR_ONLY__optimistic__L075,SUBSTR_ONLY,optimistic,0.75,300,0.3854069113731384,0.49672591206735267,0.11263421052422738,0.3840917015431253,0.48708126971434285,0.4006241884407109,0.05121308180418438,0.48268677757743483,0.0043944921369080125,0.04049596454819199,0.04487776753828748,0.4030230979504572,-0.0023989095097463053,-0.002325581815076236,0.06521739130434782,0.028985507246376812,0.37056862386625805,0.3039336265206443,0.03120042305658382,0.04230565838180857
SUBSTR_ONLY__optimistic__L075,SUBSTR_ONLY,optimistic,0.75,400,0.3854069113731384,0.2460243217960711,0.08887627289097938,0.1571480489050917,0.4379173083621873,0.36628867118774183,0.026804676438766217,0.4238035911343687,0.014113717227818567,0.04049596454819199,0.024239572351131,0.3574525936310444,0.008836077556697408,-0.002325581815076236,0.06521739130434782,0.028985507246376812,0.2837180923389016,0.23689438678182542,0.03120042305658382,0.07033315705975675
SUBSTR_ONLY__optimistic__L100,SUBSTR_ONLY,optimistic,1.0,25,0.3854069113731384,0.9008419083255379,0.6215056580332909,0.27933625029224696,0.27833664579613154,0.15000360761202514,-0.07713520808900498,0.3783981928389957,-0.10006154704286413,0.0404915237422787,-0.03212759105551699,0.13808489850176722,0.011918709110257913,-0.0023300226209895247,0.06521739130434782,0.028985507246376812,0.26555097512259446,0.15153409139090454,0.45161290322580644,0.0005288207297726071
SUBSTR_ONLY__optimistic__L100,SUBSTR_ONLY,optimistic,1.0,50,0.3854069113731384,0.8391019644527596,0.4927426362074702,0.3463593282452894,0.3723962380186343,0.2253224625192307,-0.0001078790191508805,0.4383543494562461,-0.06595811143761177,0.0404915237422787,0.02633953293010219,0.1931941498024025,0.0321283127168282,-0.0023300226209895247,0.06521739130434782,0.028985507246376812,0.37249905854000015,0.22420634038749687,0.2474881015335801,0.0021152829190904283
SUBSTR_ONLY__optimistic__L100,SUBSTR_ONLY,optimistic,1.0,75,0.3854069113731384,0.823199251637044,0.4449671389292705,0.3782321127077735,0.3967688597074702,0.2479948197197157,-0.05445615696615075,0.45564985997327934,-0.058881000265809114,0.0404915237422787,-0.05715562049598327,0.22617888021161103,0.021815939508104676,-0.0023300226209895247,0.06521739130434782,0.028985507246376812,0.39405753791122256,0.24375078910408488,0.2464304600740349,0.006345848757271285
SUBSTR_ONLY__optimistic__L100,SUBSTR_ONLY,optimistic,1.0,100,0.3854069113731384,0.804490177736202,0.382199570435349,0.422290607300853,0.41869298252732184,0.27317368820451593,-0.07771496670038208,0.5081097020656945,-0.08941671953837266,0.0404915237422787,-0.09005369319178419,0.3029578290929555,-0.02978414088843956,-0.0023300226209895247,0.06521739130434782,0.028985507246376812,0.382145746353631,0.24058859763785642,0.15335801163405605,0.008461131676361713
SUBSTR_ONLY__optimistic__L100,SUBSTR_ONLY,optimistic,1.0,125,0.3854069113731384,0.7988774555659495,0.3348792153907482,0.46399824017520125,0.4658778565769157,0.32549618656490265,-0.031347721814935336,0.5438740587792048,-0.07799620220228909,0.0404915237422787,-0.0404682689563054,0.3525713320018364,-0.027075145436933734,-0.0023300226209895247,0.06521739130434782,0.028985507246376812,0.43163513701599204,0.2979468597916511,0.08619777895293496,0.011634056054997356
SUBSTR_ONLY__optimistic__L100,SUBSTR_ONLY,optimistic,1.0,150,0.3854069113731384,0.7979420018709074,0.3118881243222486,0.48605387754865875,0.48797946158221245,0.35449207916003633,0.000984602270706847,0.5582951860097414,-0.07031572442752893,0.0404915237422787,-0.012552165177172558,0.3924622473397753,-0.03797016817973897,-0.0023300226209895247,0.06521739130434782,0.028985507246376812,0.4534904753835621,0.3215442739599326,0.08619777895293496,0.015335801163405606
SUBSTR_ONLY__optimistic__L100,SUBSTR_ONLY,optimistic,1.0,200,0.3854069113731384,0.7726847521047708,0.21315222628202785,0.559532525822743,0.49484120378834684,0.37038939281342503,0.039157921420555186,0.5312656241115343,-0.03642442032318749,0.0404915237422787,0.016718034446217278,0.4012104298006792,-0.03082103698725419,-0.0023300226209895247,0.06521739130434782,0.028985507246376812,0.4241097065494141,0.3091812573258794,0.06768905341089371,0.024325753569539928
SUBSTR_ONLY__optimistic__L100,SUBSTR_ONLY,optimistic,1.0,250,0.3854069113731384,0.5612722170252572,0.14486331580789355,0.4164089012173636,0.4716749352342904,0.36990545064013725,0.0159660047276049,0.5221594795716555,-0.050484544337365156,0.0404915237422787,0.00642732855825795,0.4152973625398076,-0.045391911899670345,-0.0023300226209895247,0.06521739130434782,0.028985507246376812,0.3625130882938641,0.2745181583904615,0.044420941300899,0.03172924378635643
SUBSTR_ONLY__optimistic__L100,SUBSTR_ONLY,optimistic,1.0,300,0.3854069113731384,0.49672591206735267,0.11320170590905575,0.3835242061582969,0.48654160079883985,0.39812143326416577,0.05067341288868138,0.4586242477666093,0.02791735303223053,0.0404915237422787,0.04237501236174235,0.3728189826918394,0.025302450572326385,-0.0023300226209895247,0.06521739130434782,0.028985507246376812,0.3700499032185168,0.30033276560380034,0.03120042305658382,0.04177683765203596
SUBSTR_ONLY__optimistic__L100,SUBSTR_ONLY,optimistic,1.0,400,0.3854069113731384,0.2460243217960711,0.08863964809627495,0.15738467369979614,0.438142948200536,0.3664988164882068,0.02703031627711494,0.438964533345597,-0.0008215851450609768,0.0404915237422787,0.02444971765159598,0.3717768289362879,-0.005278012448081071,-0.0023300226209895247,0.06521739130434782,0.028985507246376812,0.2839353278116089,0.23711523378744934,0.03120042305658382,0.06980433632998413
SUBSTR_ONLY__pessimistic__L010,SUBSTR_ONLY,pessimistic,0.1,25,0.3854069113731384,0.8250701590271281,0.5526128375620938,0.2724573214650343,0.3287664842114165,0.15976786966627732,-0.026705369673720003,0.33653781410078343,-0.007771329889366907,0.1786630272957664,-0.02236332900126481,0.17630480120393544,-0.016536931537658117,0.1358414809324982,0.5289855072463768,0.15310472644568754,0.3402603913007396,0.2017276843923038,0.257006874669487,0.0010576414595452142
SUBSTR_ONLY__pessimistic__L010,SUBSTR_ONLY,pessimistic,0.1,50,0.3854069113731384,0.8241347053320861,0.482948070224858,0.34118663510722813,0.4021933914658112,0.23312107128421955,0.02968927442802599,0.39617312585854697,0.006020265607264208,0.1786630272957664,0.03413814169509105,0.2329076840078802,0.00021338727633934962,0.1358414809324982,0.5289855072463768,0.15310472644568754,0.41630017407859726,0.267132351417517,0.2459016393442623,0.0037017451084082496
SUBSTR_ONLY__pessimistic__L010,SUBSTR_ONLY,pessimistic,0.1,75,0.3854069113731384,0.7988774555659495,0.3805871808766551,0.41829027468929436,0.48569647816997424,0.33574858367755933,0.03447146149635327,0.4571706793971344,0.02852579877283984,0.1786630272957664,0.03059814346186035,0.30009471892332296,0.035653864754236375,0.1358414809324982,0.5289855072463768,0.15310472644568754,0.502033596846438,0.36685014826990336,0.08778424114225278,0.005817028027498678
SUBSTR_ONLY__pessimistic__L010,SUBSTR_ONLY,pessimistic,0.1,100,0.3854069113731384,0.7932647333956969,0.3277377051759409,0.465527028219756,0.4751754016430587,0.3268584115465686,-0.02123254758464521,0.5189060086342396,-0.04373060699118092,0.1786630272957664,-0.036368969849731536,0.37327994112689433,-0.04642152958032575,0.1358414809324982,0.5289855072463768,0.15310472644568754,0.4422689370883608,0.3068415791166378,0.08514013749338974,0.007932310946589107
SUBSTR_ONLY__pessimistic__L010,SUBSTR_ONLY,pessimistic,0.1,125,0.3854069113731384,0.784845650140318,0.2798950391796521,0.504950610960666,0.49701950972548103,0.3559568747886987,-0.00020606866637001842,0.5143399186307513,-0.017320408905270313,0.1786630272957664,-0.010007580732509347,0.3751967394659054,-0.01923986467720673,0.1358414809324982,0.5289855072463768,0.15310472644568754,0.44178300641936546,0.3159632794103294,0.06980433632998413,0.01110523532522475
SUBSTR_ONLY__pessimistic__L010,SUBSTR_ONLY,pessimistic,0.1,150,0.3854069113731384,0.7698783910196445,0.22824176838162455,0.5416366226380199,0.4998452078747075,0.35548232976744587,0.012850348563201885,0.5096414009222813,-0.009796193047573787,0.1786630272957664,-0.011561914569763021,0.3627405822567549,-0.007258252489309003,0.1358414809324982,0.5289855072463768,0.15310472644568754,0.42477517650286223,0.2931112928837642,0.06980433632998413,0.013749338974087784
SUBSTR_ONLY__pessimistic__L010,SUBSTR_ONLY,pessimistic,0.1,200,0.3854069113731384,0.6426566884939195,0.16990023969993204,0.4727564487939875,0.5004320805461339,0.3917092844793872,0.04474879817834221,0.4510055247369096,0.04942655580922428,0.1786630272957664,0.03803792611217943,0.34201931967265153,0.049689964806735654,0.1358414809324982,0.5289855072463768,0.15310472644568754,0.397911550058468,0.3150279901965704,0.046536224219989424,0.021152829190904283
SUBSTR_ONLY__pessimistic__L010,SUBSTR_ONLY,pessimistic,0.1,250,0.3854069113731384,0.5594013096351731,0.1381900924747667,0.4212112171604064,0.41331676315691535,0.31966149803880406,-0.04239216734977014,0.4474091808841665,-0.034092417727251134,0.1786630272957664,-0.043816624043075236,0.35563703281196424,-0.03597553477316018,0.1358414809324982,0.5289855072463768,0.15310472644568754,0.2613606283298215,0.20012409010235857,0.040719196192490745,0.034902168164992066
SUBSTR_ONLY__pessimistic__L010,SUBSTR_ONLY,pessimistic,0.1,300,0.3854069113731384,0.3910196445275959,0.12058480362629578,0.2704348409013001,0.39815804785363884,0.31716922061647457,-0.037710140056519625,0.436701016810275,-0.03854296895663617,0.1786630272957664,-0.038577200285948854,0.3557085929644257,-0.03853937234795113,0.1358414809324982,0.5289855072463768,0.15310472644568754,0.23158637443893446,0.1872700427166474,0.040719196192490745,0.046007403490216814
SUBSTR_ONLY__pessimistic__L010,SUBSTR_ONLY,pessimistic,0.1,400,0.3854069113731384,0.25257249766136575,0.09810463988445169,0.15446785777691407,0.3298725849883817,0.2582549850246497,-0.08124004693503939,0.36721526370687324,-0.03734267871849156,0.1786630272957664,-0.08379411381196111,0.2951514840946607,-0.03689649907001097,0.1358414809324982,0.5289855072463768,0.15310472644568754,0.08230277988266847,0.05071582624528911,0.033844526705446853,0.07773664727657324
SUBSTR_ONLY__pessimistic__L025,SUBSTR_ONLY,pessimistic,0.25,25,0.3854069113731384,0.8260056127221702,0.5424936065827487,0.2835120061394215,0.3395439631021608,0.17405704203662706,-0.01592789078297574,0.34106124008860617,-0.0015172769864453817,0.19004776968175446,-0.00807415663091507,0.18013524538247452,-0.006078203345847466,0.14722622331848623,0.5652173913043478,0.19564355044904239,0.35108737569577536,0.21381620796878117,0.257006874669487,0.0010576414595452142
SUBSTR_ONLY__pessimistic__L025,SUBSTR_ONLY,pessimistic,0.25,50,0.3854069113731384,0.8147801683816651,0.47817072398001426,0.33660944440165086,0.4039575063293002,0.2392184303950326,0.03145338929151503,0.39881375163567473,0.005143754693625491,0.19004776968175446,0.0402355008059041,0.23302270237408204,0.006195728020950558,0.14722622331848623,0.5652173913043478,0.19564355044904239,0.4212192137178305,0.27664532120799834,0.24431517715494447,0.0026441036488630354
SUBSTR_ONLY__pessimistic__L025,SUBSTR_ONLY,pessimistic,0.25,75,0.3854069113731384,0.8054256314312441,0.3935930278472112,0.41183260358403295,0.4751526649080868,0.3125693484197367,0.023927648234465804,0.5032501244211884,-0.028097459513101664,0.19004776968175446,0.007418908204037733,0.316551989128076,-0.003982640708339258,0.14722622331848623,0.5652173913043478,0.19564355044904239,0.4895995089296989,0.3537034841750463,0.08725542041248018,0.005817028027498678
SUBSTR_ONLY__pessimistic__L025,SUBSTR_ONLY,pessimistic,0.25,100,0.3854069113731384,0.7970065481758652,0.32686545048762355,0.4701410976882417,0.5159168037830962,0.37079243177170124,0.019508854555392308,0.5480691378340267,-0.03215233405093043,0.19004776968175446,0.007565050375401117,0.3681285656628289,0.002663866108872315,0.14722622331848623,0.5652173913043478,0.19564355044904239,0.49873947570133836,0.3652031166516343,0.08514013749338974,0.007932310946589107
SUBSTR_ONLY__pessimistic__L025,SUBSTR_ONLY,pessimistic,0.25,125,0.3854069113731384,0.7839101964452759,0.28370512050720936,0.5002050759380665,0.47854039235962004,0.336002005496863,-0.018685186032231016,0.5555872921357254,-0.0770468997761054,0.19004776968175446,-0.029962450024345055,0.3957695484318247,-0.059767542934961726,0.14722622331848623,0.5652173913043478,0.19564355044904239,0.4159264875423778,0.2878563703226229,0.07086197778952935,0.011634056054997356
SUBSTR_ONLY__pessimistic__L025,SUBSTR_ONLY,pessimistic,0.25,150,0.3854069113731384,0.7782974742750234,0.23960656401251115,0.5386909102625123,0.5190488156060555,0.367705481025994,0.032053956294549935,0.5397899985260752,-0.020741182920019696,0.19004776968175446,0.000661236688785094,0.3845288229596849,-0.016823341933690894,0.14722622331848623,0.5652173913043478,0.19564355044904239,0.45689595447757925,0.32253763697915505,0.06927551560021153,0.014806980433632998
SUBSTR_ONLY__pessimistic__L025,SUBSTR_ONLY,pessimistic,0.25,200,0.3854069113731384,0.764265668849392,0.1839249965673845,0.5803406722820075,0.535730238736396,0.4136124950408615,0.08004695636860437,0.49075697061767004,0.044973268118725984,0.19004776968175446,0.05994113667365375,0.3726507366368551,0.0409617584040064,0.14722622331848623,0.5652173913043478,0.19564355044904239,0.4586320813737918,0.35998707910756106,0.06240084611316764,0.0222104706504495
SUBSTR_ONLY__pessimistic__L025,SUBSTR_ONLY,pessimistic,0.25,250,0.3854069113731384,0.7567820392890552,0.16844407727924451,0.5883379620098107,0.5335885533131914,0.4174253079983389,0.07787962280650595,0.46830960016992373,0.0652789531432677,0.19004776968175446,0.053947185916459583,0.37125280775144925,0.046172500246889625,0.14722622331848623,0.5652173913043478,0.19564355044904239,0.45065408188121414,0.36120681479783984,0.0597567424643046,0.03648863035430989
SUBSTR_ONLY__pessimistic__L025,SUBSTR_ONLY,pessimistic,0.25,300,0.3854069113731384,0.5565949485500468,0.1328905053183122,0.42370444323173456,0.428678344590064,0.3377306432184884,-0.00718984332009448,0.470568768835291,-0.04189042424522699,0.19004776968175446,-0.01801577768393503,0.38643557905169357,-0.048704935833205176,0.14722622331848623,0.5652173913043478,0.19564355044904239,0.28585108208582216,0.23032930451955755,0.04019037546271814,0.04970914859862507
SUBSTR_ONLY__pessimistic__L025,SUBSTR_ONLY,pessimistic,0.25,400,0.3854069113731384,0.4639850327408793,0.11145149067316751,0.3525335420677118,0.37291245703824644,0.28414651787809797,-0.03820017488517463,0.37826524217302004,-0.005352785134773608,0.19004776968175446,-0.05790258095851286,0.30483733988950973,-0.020690822011411758,0.14722622331848623,0.5652173913043478,0.19564355044904239,0.15272856145227234,0.10074828555751192,0.033315705975674244,0.09095716552088842
SUBSTR_ONLY__pessimistic__L050,SUBSTR_ONLY,pessimistic,0.5,25,0.3854069113731384,0.8746492048643593,0.5720979258379452,0.3025512790264141,0.28559912123001163,0.12630674279259946,-0.06987273265512489,0.3063182435181182,-0.020719122288106573,0.19327625174374294,-0.05582445587494267,0.13580108348525863,-0.00949434069265917,0.15045470538047473,0.5869565217391305,0.19999137653599894,0.2632683028723419,0.11677539848191737,0.36065573770491804,0.0010576414595452142
SUBSTR_ONLY__pessimistic__L050,SUBSTR_ONLY,pessimistic,0.5,50,0.3854069113731384,0.8157156220767072,0.480850089859234,0.3348655322174732,0.34433931768276776,0.1716696298767341,-0.028164799355017422,0.42351875376741094,-0.07917943608464317,0.19327625174374294,-0.027313299712394407,0.2013976314308119,-0.029728001554077815,0.15045470538047473,0.5869565217391305,0.19999137653599894,0.3347112839183503,0.17906409196662798,0.2453728186144897,0.004230565838180857
SUBSTR_ONLY__pessimistic__L050,SUBSTR_ONLY,pessimistic,0.5,75,0.3854069113731384,0.8091674462114126,0.40456035376917066,0.4046070924422419,0.4196969619281674,0.25422754669418723,-0.03152805474545356,0.4627505564593728,-0.043053594531205386,0.19327625174374294,-0.05092289352151175,0.23785175167974007,0.016375795014447164,0.15045470538047473,0.5869565217391305,0.19999137653599894,0.4121318832316403,0.26739605192276444,0.20624008461131677,0.007403490216816499
SUBSTR_ONLY__pessimistic__L050,SUBSTR_ONLY,pessimistic,0.5,100,0.3854069113731384,0.7932647333956969,0.3343803271167601,0.45888440627893684,0.4668405407350889,0.3082340241468043,-0.02956740849261502,0.5214362268418059,-0.054595686106717,0.19327625174374294,-0.05499335724949583,0.33069398435404196,-0.022459960207237673,0.15045470538047473,0.5869565217391305,0.19999137653599894,0.4422049585027002,0.29346486618766876,0.12162876784769963,0.010047593865679535
SUBSTR_ONLY__pessimistic__L050,SUBSTR_ONLY,pessimistic,0.5,125,0.3854069113731384,0.7839101964452759,0.2803770025117999,0.503533193933476,0.501156487556246,0.3140073097902092,0.0039309091643949245,0.5624710898750349,-0.061314602318788936,0.19327625174374294,-0.051957145730998855,0.3871791096021482,-0.073171799811939,0.15045470538047473,0.5869565217391305,0.19999137653599894,0.47012738906714474,0.28982814152659686,0.12162876784769963,0.013749338974087784
SUBSTR_ONLY__pessimistic__L050,SUBSTR_ONLY,pessimistic,0.5,150,0.3854069113731384,0.7801683816651076,0.24700842049835967,0.5331599611667479,0.475118482888947,0.3126078613698324,-0.011876376422558621,0.5743183702323399,-0.09919988734339291,0.19327625174374294,-0.05443638296737652,0.4143965861601747,-0.10178872479034234,0.15045470538047473,0.5869565217391305,0.19999137653599894,0.4203554274989468,0.27486883174783944,0.07667900581702802,0.01639344262295082
SUBSTR_ONLY__pessimistic__L050,SUBSTR_ONLY,pessimistic,0.5,200,0.3854069113731384,0.7661365762394762,0.21341892232141904,0.5527176539180572,0.4423458597906595,0.2963606902783287,-0.013337422577132163,0.52484020972591,-0.08249434993525046,0.19327625174374294,-0.05731066808887908,0.3931133642200594,-0.0967526739417307,0.15045470538047473,0.5869565217391305,0.19999137653599894,0.3394330391651787,0.21667159971161812,0.07667900581702802,0.028027498677948175
SUBSTR_ONLY__pessimistic__L050,SUBSTR_ONLY,pessimistic,0.5,250,0.3854069113731384,0.7623947614593077,0.18924438744800576,0.573150374011302,0.45938034834901836,0.3180178972064046,0.0036714178423328803,0.4996396980638161,-0.04025934971479772,0.19327625174374294,-0.045460224875474686,0.3977036456489505,-0.07968574844254589,0.15045470538047473,0.5869565217391305,0.19999137653599894,0.3540375328242899,0.23925352824220958,0.06610259122157588,0.03860391327340032
SUBSTR_ONLY__pessimistic__L050,SUBSTR_ONLY,pessimistic,0.5,300,0.3854069113731384,0.7567820392890552,0.1848379126744947,0.5719441266145605,0.425056624756377,0.2870379084436656,-0.010811563153781456,0.4816318823929386,-0.05657525763656157,0.19327625174374294,-0.06870851245875781,0.39707921969816723,-0.11004131125450162,0.15045470538047473,0.5869565217391305,0.19999137653599894,0.26227915761114334,0.15170742485324865,0.06610259122157588,0.060814383923849816
SUBSTR_ONLY__pessimistic__L050,SUBSTR_ONLY,pessimistic,0.5,400,0.3854069113731384,0.7521047708138447,0.176458970207185,0.5756458006066597,0.40364371050724146,0.2692873804713391,-0.007468921416179608,0.39840224980115974,0.005241460706081724,0.19327625174374294,-0.07276171836527173,0.3312481143512457,-0.06196073387990658,0.15045470538047473,0.5869565217391305,0.19999137653599894,0.2560962713766301,0.14835338743734625,0.06610259122157588,0.1115811739820201
SUBSTR_ONLY__pessimistic__L075,SUBSTR_ONLY,pessimistic,0.75,25,0.3854069113731384,0.883068288119738,0.6186321144637409,0.26443617365599714,0.218869077907082,0.060571010813310566,-0.13660277597805454,0.30960209164118396,-0.09073301373410197,0.1963130460093135,-0.12156018785423156,0.15666362511112245,-0.09609261429781188,0.1534914996460453,0.6014492753623188,0.20433920262295546,0.15934662547162415,0.007061952673477552,0.46589106292966687,0.0015864621893178213
SUBSTR_ONLY__pessimistic__L075,SUBSTR_ONLY,pessimistic,0.75,50,0.3854069113731384,0.8157156220767072,0.4362483931826208,0.3794672288940864,0.36459196415048695,0.18033203852502905,-0.00791215288729824,0.45731691307849043,-0.09272494892800348,0.1963130460093135,-0.01865089106409945,0.22481916052286646,-0.044487121997837414,0.1534914996460453,0.6014492753623188,0.20433920262295546,0.31972518681373774,0.14903927157404886,0.2617662612374405,0.004759386567953464
SUBSTR_ONLY__pessimistic__L075,SUBSTR_ONLY,pessimistic,0.75,75,0.3854069113731384,0.804490177736202,0.2950551026562077,0.5094350750799943,0.5019818019054794,0.294736866874023,0.05075678523185839,0.500071408008762,0.0019103938967173217,0.1963130460093135,-0.010413573341675975,0.28217404955770403,0.012562817316318975,0.1534914996460453,0.6014492753623188,0.20433920262295546,0.45951608021327256,0.27958308060544745,0.19566367001586463,0.007932310946589107
SUBSTR_ONLY__pessimistic__L075,SUBSTR_ONLY,pessimistic,0.75,100,0.3854069113731384,0.7857811038353602,0.2668498373241745,0.5189312665111856,0.4873644459253808,0.29190685712536646,-0.00904350330232312,0.5244365593053806,-0.03707211337999977,0.1963130460093135,-0.07132052427093366,0.32048197652520444,-0.028575119399837978,0.1534914996460453,0.6014492753623188,0.20433920262295546,0.419147567706484,0.24128466515678085,0.18244315177154943,0.01110523532522475
SUBSTR_ONLY__pessimistic__L075,SUBSTR_ONLY,pessimistic,0.75,125,0.3854069113731384,0.7801683816651076,0.25376701761770903,0.5264013640473986,0.4980568351775214,0.3100429123858206,0.0008312567856703645,0.555860228976623,-0.0578033937991016,0.1963130460093135,-0.05592154313538744,0.3728644783895839,-0.06282156600376332,0.1534914996460453,0.6014492753623188,0.20433920262295546,0.43128213717424585,0.25566756622256354,0.18244315177154943,0.014806980433632998
SUBSTR_ONLY__pessimistic__L075,SUBSTR_ONLY,pessimistic,0.75,150,0.3854069113731384,0.775491113189897,0.23724643698750628,0.5382446762023908,0.5076836888889074,0.33579325715868746,0.020688829577401757,0.5720432793893331,-0.06435959050042572,0.1963130460093135,-0.03125098717852143,0.3965164508018963,-0.06072319364320883,0.1534914996460453,0.6014492753623188,0.20433920262295546,0.4395306121504312,0.28644726060075315,0.18244315177154943,0.017979904812268643
SUBSTR_ONLY__pessimistic__L075,SUBSTR_ONLY,pessimistic,0.75,200,0.3854069113731384,0.7652011225444341,0.22584042313710795,0.5393606994073261,0.4421951163473565,0.27550917777480805,-0.013488166020435177,0.5421954319724499,-0.10000031562509343,0.1963130460093135,-0.07816218059239971,0.41672508120412116,-0.14121590342931312,0.1534914996460453,0.6014492753623188,0.20433920262295546,0.3444505621156382,0.19799406730147293,0.18244315177154943,0.03172924378635643
SUBSTR_ONLY__pessimistic__L075,SUBSTR_ONLY,pessimistic,0.75,250,0.3854069113731384,0.7614593077642656,0.22110792724301956,0.5403513805212461,0.43561400186562055,0.2736896476034789,-0.020094928641064935,0.4949667868557442,-0.05935278499012364,0.1963130460093135,-0.08978847447840038,0.3938918660331871,-0.12020221842970819,0.1534914996460453,0.6014492753623188,0.20433920262295546,0.3335174937920063,0.1939186579898536,0.18244315177154943,0.05129561078794289
SUBSTR_ONLY__pessimistic__L075,SUBSTR_ONLY,pessimistic,0.75,300,0.3854069113731384,0.754911131898971,0.21795533799711422,0.5369557939018568,0.39564471106349436,0.23562095226427957,-0.04022347684666411,0.48268677757743483,-0.08704206651394047,0.1963130460093135,-0.12012546863814386,0.4030230979504572,-0.16740214568617764,0.1534914996460453,0.6014492753623188,0.20433920262295546,0.2339214977110485,0.09650039161978168,0.1723955579058699,0.0750925436277102
SUBSTR_ONLY__pessimistic__L075,SUBSTR_ONLY,pessimistic,0.75,400,0.3854069113731384,0.7521047708138447,0.211519143581154,0.5405856272326908,0.37237034996069673,0.2156225463745292,-0.038742281962724334,0.4238035911343687,-0.051433241173671984,0.1963130460093135,-0.12642655246208162,0.3574525936310444,-0.1418300472565152,0.1534914996460453,0.6014492753623188,0.20433920262295546,0.239830302568687,0.10435575020893646,0.1723955579058699,0.1263881544156531
SUBSTR_ONLY__pessimistic__L100,SUBSTR_ONLY,pessimistic,1.0,25,0.3854069113731384,0.9850327408793265,0.5218345650259112,0.4631981758534153,0.3577771056863823,0.23395438624935466,0.0023052518012458,0.3783981928389957,-0.02062108715261335,0.1922925716010522,0.051823187581812535,0.13808489850176722,0.09586948774758744,0.149471025237784,0.6014492753623188,0.19709282581136126,0.28126774508840374,0.16403347132411225,0.4272871496562665,0.008989952406134321
SUBSTR_ONLY__pessimistic__L100,SUBSTR_ONLY,pessimistic,1.0,50,0.3854069113731384,0.9672591206735267,0.4990422414944287,0.468216879179098,0.3741886338781051,0.2436549391888608,0.001684516840319894,0.4383543494562461,-0.06416571557814099,0.1922925716010522,0.044672009599732304,0.1931941498024025,0.050460789386458316,0.149471025237784,0.6014492753623188,0.19709282581136126,0.3032107778188908,0.177742276157331,0.4071919619249075,0.020624008461131677
SUBSTR_ONLY__pessimistic__L100,SUBSTR_ONLY,pessimistic,1.0,75,0.3854069113731384,0.9644527595884004,0.47530302655683543,0.48914973303156495,0.29965480296367925,0.1683283045762229,-0.15157021370994173,0.45564985997327934,-0.1559950570096001,0.1922925716010522,-0.1368221356394761,0.22617888021161103,-0.057850575635388146,0.149471025237784,0.6014492753623188,0.19709282581136126,0.2710601299434444,0.14577871147690033,0.3738762559492332,0.03172924378635643
SUBSTR_ONLY__pessimistic__L100,SUBSTR_ONLY,pessimistic,1.0,100,0.3854069113731384,0.941066417212348,0.45586901068680646,0.4851974065255415,0.2543543142009885,0.12241623492181007,-0.24205363502671545,0.5081097020656945,-0.25375538786470603,0.1922925716010522,-0.24081114647449003,0.3029578290929555,-0.1805415941711454,0.149471025237784,0.6014492753623188,0.19709282581136126,0.2621468433413907,0.13957466809212984,0.35378106821787414,0.04336329984135378
SUBSTR_ONLY__pessimistic__L100,SUBSTR_ONLY,pessimistic,1.0,125,0.3854069113731384,0.921421889616464,0.4307759686319816,0.4906459209844824,0.26192874024277957,0.12822496856243473,-0.23529683814907149,0.5438740587792048,-0.28194531853642524,0.1922925716010522,-0.2377394869587733,0.3525713320018364,-0.22434636343940165,0.149471025237784,0.6014492753623188,0.19709282581136126,0.2696870887842772,0.14538743286595537,0.33897408778424115,0.05605499735589635
SUBSTR_ONLY__pessimistic__L100,SUBSTR_ONLY,pessimistic,1.0,150,0.3854069113731384,0.9027128157156221,0.4087846435367991,0.493928172178823,0.26284269026202983,0.12325639014891378,-0.22415216904947577,0.5582951860097414,-0.29545249574771154,0.1922925716010522,-0.24378785418829513,0.3924622473397753,-0.26920585719086154,0.149471025237784,0.6014492753623188,0.19709282581136126,0.26866038962957134,0.1366312050365249,0.32575356953992596,0.06927551560021153
SUBSTR_ONLY__pessimistic__L100,SUBSTR_ONLY,pessimistic,1.0,200,0.3854069113731384,0.8858746492048644,0.37257792030327896,0.5132967289015854,0.2642584311123772,0.12236131489397895,-0.19142485125541447,0.5312656241115343,-0.26700719299915715,0.1922925716010522,-0.2313100434732288,0.4012104298006792,-0.2788491149067003,0.149471025237784,0.6014492753623188,0.19709282581136126,0.2758151497684837,0.14150222121326697,0.30988894764674774,0.09465891062929667
SUBSTR_ONLY__pessimistic__L100,SUBSTR_ONLY,pessimistic,1.0,250,0.3854069113731384,0.8681010289990645,0.3404924090048249,0.5276086199942396,0.26320318321260283,0.11831301731886346,-0.19250574729408265,0.5221594795716555,-0.2589562963590527,0.1922925716010522,-0.24516510476301584,0.4152973625398076,-0.29698434522094413,0.149471025237784,0.6014492753623188,0.19709282581136126,0.2668981325182734,0.12738528067287833,0.30988894764674774,0.12004230565838181
SUBSTR_ONLY__pessimistic__L100,SUBSTR_ONLY,pessimistic,1.0,300,0.3854069113731384,0.8419083255378859,0.30961478897444733,0.5322935365634385,0.27384184237200265,0.12797207054407925,-0.1620263455381558,0.4586242477666093,-0.18478240539460666,0.1922925716010522,-0.22777435035834417,0.3728189826918394,-0.24484691214776014,0.149471025237784,0.6014492753623188,0.19709282581136126,0.27981569220116326,0.1411159619086246,0.30988894764674774,0.14595452141723955
SUBSTR_ONLY__pessimistic__L100,SUBSTR_ONLY,pessimistic,1.0,400,0.3854069113731384,0.784845650140318,0.25771872357413333,0.5271269265661847,0.28250964065419576,0.12860623452678008,-0.1286029912692253,0.438964533345597,-0.15645489269140123,0.1922925716010522,-0.21344286430983075,0.3717768289362879,-0.2431705944095078,0.149471025237784,0.6014492753623188,0.19709282581136126,0.29453033608478635,0.14935779587719406,0.30988894764674774,0.19883659439450027
