sample_id,article_group,view,mask_fraction,replicate,distance_threshold,rule,eligible_pairs,reference_close_pairs,accepted_pairs,contradictory_pairs,retained_reference_close_pairs,point_defined_pairs
e116-s21-prasad-2018,article:e116,material_identity,0.0,0,0.1,reported_point,119,4,4,0,4,119
e116-s21-prasad-2018,article:e116,material_identity,0.0,0,0.1,interval_upper,119,4,0,0,0,119
e116-s21-prasad-2018,article:e116,material_identity,0.0,0,0.1,coverage_0.5,119,4,0,0,0,119
e116-s21-prasad-2018,article:e116,material_identity,0.0,0,0.1,coverage_0.75,119,4,0,0,0,119
e116-s21-prasad-2018,article:e116,material_identity,0.0,0,0.2,reported_point,119,4,4,0,4,119
e116-s21-prasad-2018,article:e116,material_identity,0.0,0,0.2,interval_upper,119,4,0,0,0,119
e116-s21-prasad-2018,article:e116,material_identity,0.0,0,0.2,coverage_0.5,119,4,0,0,0,119
e116-s21-prasad-2018,article:e116,material_identity,0.0,0,0.2,coverage_0.75,119,4,0,0,0,119
e116-s21-prasad-2018,article:e116,material_identity,0.0,0,0.3,reported_point,119,18,18,0,18,119
e116-s21-prasad-2018,article:e116,material_identity,0.0,0,0.3,interval_upper,119,18,0,0,0,119
e116-s21-prasad-2018,article:e116,material_identity,0.0,0,0.3,coverage_0.5,119,18,0,0,0,119
e116-s21-prasad-2018,article:e116,material_identity,0.0,0,0.3,coverage_0.75,119,18,0,0,0,119
e116-s21-prasad-2018,article:e116,material_identity,0.0,0,0.4,reported_point,119,23,23,0,23,119
e116-s21-prasad-2018,article:e116,material_identity,0.0,0,0.4,interval_upper,119,23,0,0,0,119
e116-s21-prasad-2018,article:e116,material_identity,0.0,0,0.4,coverage_0.5,119,23,0,0,0,119
e116-s21-prasad-2018,article:e116,material_identity,0.0,0,0.4,coverage_0.75,119,23,0,0,0,119
e116-s21-prasad-2018,article:e116,material_identity,0.0,0,0.5,reported_point,119,32,32,0,32,119
e116-s21-prasad-2018,article:e116,material_identity,0.0,0,0.5,interval_upper,119,32,0,0,0,119
e116-s21-prasad-2018,article:e116,material_identity,0.0,0,0.5,coverage_0.5,119,32,0,0,0,119
e116-s21-prasad-2018,article:e116,material_identity,0.0,0,0.5,coverage_0.75,119,32,0,0,0,119
e116-s21-prasad-2018,article:e116,experimental_protocol,0.0,0,0.1,reported_point,119,0,0,0,0,119
e116-s21-prasad-2018,article:e116,experimental_protocol,0.0,0,0.1,interval_upper,119,0,0,0,0,119
e116-s21-prasad-2018,article:e116,experimental_protocol,0.0,0,0.1,coverage_0.5,119,0,0,0,0,119
e116-s21-prasad-2018,article:e116,experimental_protocol,0.0,0,0.1,coverage_0.75,119,0,0,0,0,119
e116-s21-prasad-2018,article:e116,experimental_protocol,0.0,0,0.2,reported_point,119,0,0,0,0,119
e116-s21-prasad-2018,article:e116,experimental_protocol,0.0,0,0.2,interval_upper,119,0,0,0,0,119
e116-s21-prasad-2018,article:e116,experimental_protocol,0.0,0,0.2,coverage_0.5,119,0,0,0,0,119
e116-s21-prasad-2018,article:e116,experimental_protocol,0.0,0,0.2,coverage_0.75,119,0,0,0,0,119
e116-s21-prasad-2018,article:e116,experimental_protocol,0.0,0,0.3,reported_point,119,0,0,0,0,119
e116-s21-prasad-2018,article:e116,experimental_protocol,0.0,0,0.3,interval_upper,119,0,0,0,0,119
e116-s21-prasad-2018,article:e116,experimental_protocol,0.0,0,0.3,coverage_0.5,119,0,0,0,0,119
e116-s21-prasad-2018,article:e116,experimental_protocol,0.0,0,0.3,coverage_0.75,119,0,0,0,0,119
e116-s21-prasad-2018,article:e116,experimental_protocol,0.0,0,0.4,reported_point,119,2,2,0,2,119
e116-s21-prasad-2018,article:e116,experimental_protocol,0.0,0,0.4,interval_upper,119,2,0,0,0,119
e116-s21-prasad-2018,article:e116,experimental_protocol,0.0,0,0.4,coverage_0.5,119,2,2,0,2,119
e116-s21-prasad-2018,article:e116,experimental_protocol,0.0,0,0.4,coverage_0.75,119,2,0,0,0,119
e116-s21-prasad-2018,article:e116,experimental_protocol,0.0,0,0.5,reported_point,119,2,2,0,2,119
e116-s21-prasad-2018,article:e116,experimental_protocol,0.0,0,0.5,interval_upper,119,2,0,0,0,119
e116-s21-prasad-2018,article:e116,experimental_protocol,0.0,0,0.5,coverage_0.5,119,2,2,0,2,119
e116-s21-prasad-2018,article:e116,experimental_protocol,0.0,0,0.5,coverage_0.75,119,2,0,0,0,119
e116-s21-prasad-2018,article:e116,balanced_instance,0.0,0,0.1,reported_point,119,0,0,0,0,119
e116-s21-prasad-2018,article:e116,balanced_instance,0.0,0,0.1,interval_upper,119,0,0,0,0,119
e116-s21-prasad-2018,article:e116,balanced_instance,0.0,0,0.1,coverage_0.5,119,0,0,0,0,119
e116-s21-prasad-2018,article:e116,balanced_instance,0.0,0,0.1,coverage_0.75,119,0,0,0,0,119
e116-s21-prasad-2018,article:e116,balanced_instance,0.0,0,0.2,reported_point,119,0,0,0,0,119
e116-s21-prasad-2018,article:e116,balanced_instance,0.0,0,0.2,interval_upper,119,0,0,0,0,119
e116-s21-prasad-2018,article:e116,balanced_instance,0.0,0,0.2,coverage_0.5,119,0,0,0,0,119
e116-s21-prasad-2018,article:e116,balanced_instance,0.0,0,0.2,coverage_0.75,119,0,0,0,0,119
e116-s21-prasad-2018,article:e116,balanced_instance,0.0,0,0.3,reported_point,119,0,0,0,0,119
e116-s21-prasad-2018,article:e116,balanced_instance,0.0,0,0.3,interval_upper,119,0,0,0,0,119
e116-s21-prasad-2018,article:e116,balanced_instance,0.0,0,0.3,coverage_0.5,119,0,0,0,0,119
e116-s21-prasad-2018,article:e116,balanced_instance,0.0,0,0.3,coverage_0.75,119,0,0,0,0,119
e116-s21-prasad-2018,article:e116,balanced_instance,0.0,0,0.4,reported_point,119,1,1,0,1,119
e116-s21-prasad-2018,article:e116,balanced_instance,0.0,0,0.4,interval_upper,119,1,0,0,0,119
e116-s21-prasad-2018,article:e116,balanced_instance,0.0,0,0.4,coverage_0.5,119,1,1,0,1,119
e116-s21-prasad-2018,article:e116,balanced_instance,0.0,0,0.4,coverage_0.75,119,1,0,0,0,119
e116-s21-prasad-2018,article:e116,balanced_instance,0.0,0,0.5,reported_point,119,4,4,0,4,119
e116-s21-prasad-2018,article:e116,balanced_instance,0.0,0,0.5,interval_upper,119,4,0,0,0,119
e116-s21-prasad-2018,article:e116,balanced_instance,0.0,0,0.5,coverage_0.5,119,4,3,0,3,119
e116-s21-prasad-2018,article:e116,balanced_instance,0.0,0,0.5,coverage_0.75,119,4,0,0,0,119
l225-s8-ma-2007,article:l225,material_identity,0.0,0,0.1,reported_point,118,3,3,0,3,118
l225-s8-ma-2007,article:l225,material_identity,0.0,0,0.1,interval_upper,118,3,0,0,0,118
l225-s8-ma-2007,article:l225,material_identity,0.0,0,0.1,coverage_0.5,118,3,0,0,0,118
l225-s8-ma-2007,article:l225,material_identity,0.0,0,0.1,coverage_0.75,118,3,0,0,0,118
l225-s8-ma-2007,article:l225,material_identity,0.0,0,0.2,reported_point,118,4,4,0,4,118
l225-s8-ma-2007,article:l225,material_identity,0.0,0,0.2,interval_upper,118,4,0,0,0,118
l225-s8-ma-2007,article:l225,material_identity,0.0,0,0.2,coverage_0.5,118,4,0,0,0,118
l225-s8-ma-2007,article:l225,material_identity,0.0,0,0.2,coverage_0.75,118,4,0,0,0,118
l225-s8-ma-2007,article:l225,material_identity,0.0,0,0.3,reported_point,118,13,13,0,13,118
l225-s8-ma-2007,article:l225,material_identity,0.0,0,0.3,interval_upper,118,13,0,0,0,118
l225-s8-ma-2007,article:l225,material_identity,0.0,0,0.3,coverage_0.5,118,13,0,0,0,118
l225-s8-ma-2007,article:l225,material_identity,0.0,0,0.3,coverage_0.75,118,13,0,0,0,118
l225-s8-ma-2007,article:l225,material_identity,0.0,0,0.4,reported_point,118,18,18,0,18,118
l225-s8-ma-2007,article:l225,material_identity,0.0,0,0.4,interval_upper,118,18,0,0,0,118
l225-s8-ma-2007,article:l225,material_identity,0.0,0,0.4,coverage_0.5,118,18,0,0,0,118
l225-s8-ma-2007,article:l225,material_identity,0.0,0,0.4,coverage_0.75,118,18,0,0,0,118
l225-s8-ma-2007,article:l225,material_identity,0.0,0,0.5,reported_point,118,26,26,0,26,118
l225-s8-ma-2007,article:l225,material_identity,0.0,0,0.5,interval_upper,118,26,0,0,0,118
l225-s8-ma-2007,article:l225,material_identity,0.0,0,0.5,coverage_0.5,118,26,0,0,0,118
l225-s8-ma-2007,article:l225,material_identity,0.0,0,0.5,coverage_0.75,118,26,0,0,0,118
l225-s8-ma-2007,article:l225,experimental_protocol,0.0,0,0.1,reported_point,118,0,0,0,0,118
l225-s8-ma-2007,article:l225,experimental_protocol,0.0,0,0.1,interval_upper,118,0,0,0,0,118
l225-s8-ma-2007,article:l225,experimental_protocol,0.0,0,0.1,coverage_0.5,118,0,0,0,0,118
l225-s8-ma-2007,article:l225,experimental_protocol,0.0,0,0.1,coverage_0.75,118,0,0,0,0,118
l225-s8-ma-2007,article:l225,experimental_protocol,0.0,0,0.2,reported_point,118,0,0,0,0,118
l225-s8-ma-2007,article:l225,experimental_protocol,0.0,0,0.2,interval_upper,118,0,0,0,0,118
l225-s8-ma-2007,article:l225,experimental_protocol,0.0,0,0.2,coverage_0.5,118,0,0,0,0,118
l225-s8-ma-2007,article:l225,experimental_protocol,0.0,0,0.2,coverage_0.75,118,0,0,0,0,118
l225-s8-ma-2007,article:l225,experimental_protocol,0.0,0,0.3,reported_point,118,0,0,0,0,118
l225-s8-ma-2007,article:l225,experimental_protocol,0.0,0,0.3,interval_upper,118,0,0,0,0,118
l225-s8-ma-2007,article:l225,experimental_protocol,0.0,0,0.3,coverage_0.5,118,0,0,0,0,118
l225-s8-ma-2007,article:l225,experimental_protocol,0.0,0,0.3,coverage_0.75,118,0,0,0,0,118
l225-s8-ma-2007,article:l225,experimental_protocol,0.0,0,0.4,reported_point,118,2,2,0,2,118
l225-s8-ma-2007,article:l225,experimental_protocol,0.0,0,0.4,interval_upper,118,2,0,0,0,118
l225-s8-ma-2007,article:l225,experimental_protocol,0.0,0,0.4,coverage_0.5,118,2,2,0,2,118
l225-s8-ma-2007,article:l225,experimental_protocol,0.0,0,0.4,coverage_0.75,118,2,0,0,0,118
l225-s8-ma-2007,article:l225,experimental_protocol,0.0,0,0.5,reported_point,118,4,4,0,4,118
l225-s8-ma-2007,article:l225,experimental_protocol,0.0,0,0.5,interval_upper,118,4,2,0,2,118
l225-s8-ma-2007,article:l225,experimental_protocol,0.0,0,0.5,coverage_0.5,118,4,4,0,4,118
l225-s8-ma-2007,article:l225,experimental_protocol,0.0,0,0.5,coverage_0.75,118,4,0,0,0,118
l225-s8-ma-2007,article:l225,balanced_instance,0.0,0,0.1,reported_point,118,0,0,0,0,118
l225-s8-ma-2007,article:l225,balanced_instance,0.0,0,0.1,interval_upper,118,0,0,0,0,118
l225-s8-ma-2007,article:l225,balanced_instance,0.0,0,0.1,coverage_0.5,118,0,0,0,0,118
l225-s8-ma-2007,article:l225,balanced_instance,0.0,0,0.1,coverage_0.75,118,0,0,0,0,118
l225-s8-ma-2007,article:l225,balanced_instance,0.0,0,0.2,reported_point,118,0,0,0,0,118
l225-s8-ma-2007,article:l225,balanced_instance,0.0,0,0.2,interval_upper,118,0,0,0,0,118
l225-s8-ma-2007,article:l225,balanced_instance,0.0,0,0.2,coverage_0.5,118,0,0,0,0,118
l225-s8-ma-2007,article:l225,balanced_instance,0.0,0,0.2,coverage_0.75,118,0,0,0,0,118
l225-s8-ma-2007,article:l225,balanced_instance,0.0,0,0.3,reported_point,118,0,0,0,0,118
l225-s8-ma-2007,article:l225,balanced_instance,0.0,0,0.3,interval_upper,118,0,0,0,0,118
l225-s8-ma-2007,article:l225,balanced_instance,0.0,0,0.3,coverage_0.5,118,0,0,0,0,118
l225-s8-ma-2007,article:l225,balanced_instance,0.0,0,0.3,coverage_0.75,118,0,0,0,0,118
l225-s8-ma-2007,article:l225,balanced_instance,0.0,0,0.4,reported_point,118,2,2,0,2,118
l225-s8-ma-2007,article:l225,balanced_instance,0.0,0,0.4,interval_upper,118,2,0,0,0,118
l225-s8-ma-2007,article:l225,balanced_instance,0.0,0,0.4,coverage_0.5,118,2,2,0,2,118
l225-s8-ma-2007,article:l225,balanced_instance,0.0,0,0.4,coverage_0.75,118,2,0,0,0,118
l225-s8-ma-2007,article:l225,balanced_instance,0.0,0,0.5,reported_point,118,12,12,0,12,118
l225-s8-ma-2007,article:l225,balanced_instance,0.0,0,0.5,interval_upper,118,12,0,0,0,118
l225-s8-ma-2007,article:l225,balanced_instance,0.0,0,0.5,coverage_0.5,118,12,10,0,10,118
l225-s8-ma-2007,article:l225,balanced_instance,0.0,0,0.5,coverage_0.75,118,12,0,0,0,118
l182-s7-hoepfner-2017,article:l182,material_identity,0.0,0,0.1,reported_point,119,0,0,0,0,119
l182-s7-hoepfner-2017,article:l182,material_identity,0.0,0,0.1,interval_upper,119,0,0,0,0,119
l182-s7-hoepfner-2017,article:l182,material_identity,0.0,0,0.1,coverage_0.5,119,0,0,0,0,119
l182-s7-hoepfner-2017,article:l182,material_identity,0.0,0,0.1,coverage_0.75,119,0,0,0,0,119
l182-s7-hoepfner-2017,article:l182,material_identity,0.0,0,0.2,reported_point,119,0,0,0,0,119
l182-s7-hoepfner-2017,article:l182,material_identity,0.0,0,0.2,interval_upper,119,0,0,0,0,119
l182-s7-hoepfner-2017,article:l182,material_identity,0.0,0,0.2,coverage_0.5,119,0,0,0,0,119
l182-s7-hoepfner-2017,article:l182,material_identity,0.0,0,0.2,coverage_0.75,119,0,0,0,0,119
l182-s7-hoepfner-2017,article:l182,material_identity,0.0,0,0.3,reported_point,119,8,8,0,8,119
l182-s7-hoepfner-2017,article:l182,material_identity,0.0,0,0.3,interval_upper,119,8,0,0,0,119
l182-s7-hoepfner-2017,article:l182,material_identity,0.0,0,0.3,coverage_0.5,119,8,0,0,0,119
l182-s7-hoepfner-2017,article:l182,material_identity,0.0,0,0.3,coverage_0.75,119,8,0,0,0,119
l182-s7-hoepfner-2017,article:l182,material_identity,0.0,0,0.4,reported_point,119,12,12,0,12,119
l182-s7-hoepfner-2017,article:l182,material_identity,0.0,0,0.4,interval_upper,119,12,0,0,0,119
l182-s7-hoepfner-2017,article:l182,material_identity,0.0,0,0.4,coverage_0.5,119,12,0,0,0,119
l182-s7-hoepfner-2017,article:l182,material_identity,0.0,0,0.4,coverage_0.75,119,12,0,0,0,119
l182-s7-hoepfner-2017,article:l182,material_identity,0.0,0,0.5,reported_point,119,13,13,0,13,119
l182-s7-hoepfner-2017,article:l182,material_identity,0.0,0,0.5,interval_upper,119,13,0,0,0,119
l182-s7-hoepfner-2017,article:l182,material_identity,0.0,0,0.5,coverage_0.5,119,13,0,0,0,119
l182-s7-hoepfner-2017,article:l182,material_identity,0.0,0,0.5,coverage_0.75,119,13,0,0,0,119
l182-s7-hoepfner-2017,article:l182,experimental_protocol,0.0,0,0.1,reported_point,119,0,0,0,0,119
l182-s7-hoepfner-2017,article:l182,experimental_protocol,0.0,0,0.1,interval_upper,119,0,0,0,0,119
l182-s7-hoepfner-2017,article:l182,experimental_protocol,0.0,0,0.1,coverage_0.5,119,0,0,0,0,119
l182-s7-hoepfner-2017,article:l182,experimental_protocol,0.0,0,0.1,coverage_0.75,119,0,0,0,0,119
l182-s7-hoepfner-2017,article:l182,experimental_protocol,0.0,0,0.2,reported_point,119,0,0,0,0,119
l182-s7-hoepfner-2017,article:l182,experimental_protocol,0.0,0,0.2,interval_upper,119,0,0,0,0,119
l182-s7-hoepfner-2017,article:l182,experimental_protocol,0.0,0,0.2,coverage_0.5,119,0,0,0,0,119
l182-s7-hoepfner-2017,article:l182,experimental_protocol,0.0,0,0.2,coverage_0.75,119,0,0,0,0,119
l182-s7-hoepfner-2017,article:l182,experimental_protocol,0.0,0,0.3,reported_point,119,0,0,0,0,119
l182-s7-hoepfner-2017,article:l182,experimental_protocol,0.0,0,0.3,interval_upper,119,0,0,0,0,119
l182-s7-hoepfner-2017,article:l182,experimental_protocol,0.0,0,0.3,coverage_0.5,119,0,0,0,0,119
l182-s7-hoepfner-2017,article:l182,experimental_protocol,0.0,0,0.3,coverage_0.75,119,0,0,0,0,119
l182-s7-hoepfner-2017,article:l182,experimental_protocol,0.0,0,0.4,reported_point,119,3,3,0,3,119
l182-s7-hoepfner-2017,article:l182,experimental_protocol,0.0,0,0.4,interval_upper,119,3,0,0,0,119
l182-s7-hoepfner-2017,article:l182,experimental_protocol,0.0,0,0.4,coverage_0.5,119,3,3,0,3,119
l182-s7-hoepfner-2017,article:l182,experimental_protocol,0.0,0,0.4,coverage_0.75,119,3,0,0,0,119
l182-s7-hoepfner-2017,article:l182,experimental_protocol,0.0,0,0.5,reported_point,119,7,7,0,7,119
l182-s7-hoepfner-2017,article:l182,experimental_protocol,0.0,0,0.5,interval_upper,119,7,0,0,0,119
l182-s7-hoepfner-2017,article:l182,experimental_protocol,0.0,0,0.5,coverage_0.5,119,7,7,0,7,119
l182-s7-hoepfner-2017,article:l182,experimental_protocol,0.0,0,0.5,coverage_0.75,119,7,0,0,0,119
l182-s7-hoepfner-2017,article:l182,balanced_instance,0.0,0,0.1,reported_point,119,0,0,0,0,119
l182-s7-hoepfner-2017,article:l182,balanced_instance,0.0,0,0.1,interval_upper,119,0,0,0,0,119
l182-s7-hoepfner-2017,article:l182,balanced_instance,0.0,0,0.1,coverage_0.5,119,0,0,0,0,119
l182-s7-hoepfner-2017,article:l182,balanced_instance,0.0,0,0.1,coverage_0.75,119,0,0,0,0,119
l182-s7-hoepfner-2017,article:l182,balanced_instance,0.0,0,0.2,reported_point,119,0,0,0,0,119
l182-s7-hoepfner-2017,article:l182,balanced_instance,0.0,0,0.2,interval_upper,119,0,0,0,0,119
l182-s7-hoepfner-2017,article:l182,balanced_instance,0.0,0,0.2,coverage_0.5,119,0,0,0,0,119
l182-s7-hoepfner-2017,article:l182,balanced_instance,0.0,0,0.2,coverage_0.75,119,0,0,0,0,119
l182-s7-hoepfner-2017,article:l182,balanced_instance,0.0,0,0.3,reported_point,119,0,0,0,0,119
l182-s7-hoepfner-2017,article:l182,balanced_instance,0.0,0,0.3,interval_upper,119,0,0,0,0,119
l182-s7-hoepfner-2017,article:l182,balanced_instance,0.0,0,0.3,coverage_0.5,119,0,0,0,0,119
l182-s7-hoepfner-2017,article:l182,balanced_instance,0.0,0,0.3,coverage_0.75,119,0,0,0,0,119
l182-s7-hoepfner-2017,article:l182,balanced_instance,0.0,0,0.4,reported_point,119,3,3,0,3,119
l182-s7-hoepfner-2017,article:l182,balanced_instance,0.0,0,0.4,interval_upper,119,3,0,0,0,119
l182-s7-hoepfner-2017,article:l182,balanced_instance,0.0,0,0.4,coverage_0.5,119,3,3,0,3,119
l182-s7-hoepfner-2017,article:l182,balanced_instance,0.0,0,0.4,coverage_0.75,119,3,0,0,0,119
l182-s7-hoepfner-2017,article:l182,balanced_instance,0.0,0,0.5,reported_point,119,14,14,0,14,119
l182-s7-hoepfner-2017,article:l182,balanced_instance,0.0,0,0.5,interval_upper,119,14,0,0,0,119
l182-s7-hoepfner-2017,article:l182,balanced_instance,0.0,0,0.5,coverage_0.5,119,14,14,0,14,119
l182-s7-hoepfner-2017,article:l182,balanced_instance,0.0,0,0.5,coverage_0.75,119,14,0,0,0,119
l254-s7-castillo-2011,article:l254,material_identity,0.0,0,0.1,reported_point,119,0,0,0,0,119
l254-s7-castillo-2011,article:l254,material_identity,0.0,0,0.1,interval_upper,119,0,0,0,0,119
l254-s7-castillo-2011,article:l254,material_identity,0.0,0,0.1,coverage_0.5,119,0,0,0,0,119
l254-s7-castillo-2011,article:l254,material_identity,0.0,0,0.1,coverage_0.75,119,0,0,0,0,119
l254-s7-castillo-2011,article:l254,material_identity,0.0,0,0.2,reported_point,119,1,1,0,1,119
l254-s7-castillo-2011,article:l254,material_identity,0.0,0,0.2,interval_upper,119,1,0,0,0,119
l254-s7-castillo-2011,article:l254,material_identity,0.0,0,0.2,coverage_0.5,119,1,0,0,0,119
l254-s7-castillo-2011,article:l254,material_identity,0.0,0,0.2,coverage_0.75,119,1,0,0,0,119
l254-s7-castillo-2011,article:l254,material_identity,0.0,0,0.3,reported_point,119,6,6,0,6,119
l254-s7-castillo-2011,article:l254,material_identity,0.0,0,0.3,interval_upper,119,6,0,0,0,119
l254-s7-castillo-2011,article:l254,material_identity,0.0,0,0.3,coverage_0.5,119,6,0,0,0,119
l254-s7-castillo-2011,article:l254,material_identity,0.0,0,0.3,coverage_0.75,119,6,0,0,0,119
l254-s7-castillo-2011,article:l254,material_identity,0.0,0,0.4,reported_point,119,6,6,0,6,119
l254-s7-castillo-2011,article:l254,material_identity,0.0,0,0.4,interval_upper,119,6,0,0,0,119
l254-s7-castillo-2011,article:l254,material_identity,0.0,0,0.4,coverage_0.5,119,6,0,0,0,119
l254-s7-castillo-2011,article:l254,material_identity,0.0,0,0.4,coverage_0.75,119,6,0,0,0,119
l254-s7-castillo-2011,article:l254,material_identity,0.0,0,0.5,reported_point,119,7,7,0,7,119
l254-s7-castillo-2011,article:l254,material_identity,0.0,0,0.5,interval_upper,119,7,0,0,0,119
l254-s7-castillo-2011,article:l254,material_identity,0.0,0,0.5,coverage_0.5,119,7,0,0,0,119
l254-s7-castillo-2011,article:l254,material_identity,0.0,0,0.5,coverage_0.75,119,7,0,0,0,119
l254-s7-castillo-2011,article:l254,experimental_protocol,0.0,0,0.1,reported_point,119,0,0,0,0,119
l254-s7-castillo-2011,article:l254,experimental_protocol,0.0,0,0.1,interval_upper,119,0,0,0,0,119
l254-s7-castillo-2011,article:l254,experimental_protocol,0.0,0,0.1,coverage_0.5,119,0,0,0,0,119
l254-s7-castillo-2011,article:l254,experimental_protocol,0.0,0,0.1,coverage_0.75,119,0,0,0,0,119
l254-s7-castillo-2011,article:l254,experimental_protocol,0.0,0,0.2,reported_point,119,0,0,0,0,119
l254-s7-castillo-2011,article:l254,experimental_protocol,0.0,0,0.2,interval_upper,119,0,0,0,0,119
l254-s7-castillo-2011,article:l254,experimental_protocol,0.0,0,0.2,coverage_0.5,119,0,0,0,0,119
l254-s7-castillo-2011,article:l254,experimental_protocol,0.0,0,0.2,coverage_0.75,119,0,0,0,0,119
l254-s7-castillo-2011,article:l254,experimental_protocol,0.0,0,0.3,reported_point,119,0,0,0,0,119
l254-s7-castillo-2011,article:l254,experimental_protocol,0.0,0,0.3,interval_upper,119,0,0,0,0,119
l254-s7-castillo-2011,article:l254,experimental_protocol,0.0,0,0.3,coverage_0.5,119,0,0,0,0,119
l254-s7-castillo-2011,article:l254,experimental_protocol,0.0,0,0.3,coverage_0.75,119,0,0,0,0,119
l254-s7-castillo-2011,article:l254,experimental_protocol,0.0,0,0.4,reported_point,119,0,0,0,0,119
l254-s7-castillo-2011,article:l254,experimental_protocol,0.0,0,0.4,interval_upper,119,0,0,0,0,119
l254-s7-castillo-2011,article:l254,experimental_protocol,0.0,0,0.4,coverage_0.5,119,0,0,0,0,119
l254-s7-castillo-2011,article:l254,experimental_protocol,0.0,0,0.4,coverage_0.75,119,0,0,0,0,119
l254-s7-castillo-2011,article:l254,experimental_protocol,0.0,0,0.5,reported_point,119,1,1,0,1,119
l254-s7-castillo-2011,article:l254,experimental_protocol,0.0,0,0.5,interval_upper,119,1,0,0,0,119
l254-s7-castillo-2011,article:l254,experimental_protocol,0.0,0,0.5,coverage_0.5,119,1,1,0,1,119
l254-s7-castillo-2011,article:l254,experimental_protocol,0.0,0,0.5,coverage_0.75,119,1,0,0,0,119
l254-s7-castillo-2011,article:l254,balanced_instance,0.0,0,0.1,reported_point,119,0,0,0,0,119
l254-s7-castillo-2011,article:l254,balanced_instance,0.0,0,0.1,interval_upper,119,0,0,0,0,119
l254-s7-castillo-2011,article:l254,balanced_instance,0.0,0,0.1,coverage_0.5,119,0,0,0,0,119
l254-s7-castillo-2011,article:l254,balanced_instance,0.0,0,0.1,coverage_0.75,119,0,0,0,0,119
l254-s7-castillo-2011,article:l254,balanced_instance,0.0,0,0.2,reported_point,119,0,0,0,0,119
l254-s7-castillo-2011,article:l254,balanced_instance,0.0,0,0.2,interval_upper,119,0,0,0,0,119
l254-s7-castillo-2011,article:l254,balanced_instance,0.0,0,0.2,coverage_0.5,119,0,0,0,0,119
l254-s7-castillo-2011,article:l254,balanced_instance,0.0,0,0.2,coverage_0.75,119,0,0,0,0,119
l254-s7-castillo-2011,article:l254,balanced_instance,0.0,0,0.3,reported_point,119,0,0,0,0,119
l254-s7-castillo-2011,article:l254,balanced_instance,0.0,0,0.3,interval_upper,119,0,0,0,0,119
l254-s7-castillo-2011,article:l254,balanced_instance,0.0,0,0.3,coverage_0.5,119,0,0,0,0,119
l254-s7-castillo-2011,article:l254,balanced_instance,0.0,0,0.3,coverage_0.75,119,0,0,0,0,119
l254-s7-castillo-2011,article:l254,balanced_instance,0.0,0,0.4,reported_point,119,0,0,0,0,119
l254-s7-castillo-2011,article:l254,balanced_instance,0.0,0,0.4,interval_upper,119,0,0,0,0,119
l254-s7-castillo-2011,article:l254,balanced_instance,0.0,0,0.4,coverage_0.5,119,0,0,0,0,119
l254-s7-castillo-2011,article:l254,balanced_instance,0.0,0,0.4,coverage_0.75,119,0,0,0,0,119
l254-s7-castillo-2011,article:l254,balanced_instance,0.0,0,0.5,reported_point,119,1,1,0,1,119
l254-s7-castillo-2011,article:l254,balanced_instance,0.0,0,0.5,interval_upper,119,1,0,0,0,119
l254-s7-castillo-2011,article:l254,balanced_instance,0.0,0,0.5,coverage_0.5,119,1,1,0,1,119
l254-s7-castillo-2011,article:l254,balanced_instance,0.0,0,0.5,coverage_0.75,119,1,0,0,0,119
l171-s15-rittigstein-2006,article:l171,material_identity,0.0,0,0.1,reported_point,119,4,4,0,4,119
l171-s15-rittigstein-2006,article:l171,material_identity,0.0,0,0.1,interval_upper,119,4,0,0,0,119
l171-s15-rittigstein-2006,article:l171,material_identity,0.0,0,0.1,coverage_0.5,119,4,0,0,0,119
l171-s15-rittigstein-2006,article:l171,material_identity,0.0,0,0.1,coverage_0.75,119,4,0,0,0,119
l171-s15-rittigstein-2006,article:l171,material_identity,0.0,0,0.2,reported_point,119,5,5,0,5,119
l171-s15-rittigstein-2006,article:l171,material_identity,0.0,0,0.2,interval_upper,119,5,0,0,0,119
l171-s15-rittigstein-2006,article:l171,material_identity,0.0,0,0.2,coverage_0.5,119,5,0,0,0,119
l171-s15-rittigstein-2006,article:l171,material_identity,0.0,0,0.2,coverage_0.75,119,5,0,0,0,119
l171-s15-rittigstein-2006,article:l171,material_identity,0.0,0,0.3,reported_point,119,6,6,0,6,119
l171-s15-rittigstein-2006,article:l171,material_identity,0.0,0,0.3,interval_upper,119,6,0,0,0,119
l171-s15-rittigstein-2006,article:l171,material_identity,0.0,0,0.3,coverage_0.5,119,6,0,0,0,119
l171-s15-rittigstein-2006,article:l171,material_identity,0.0,0,0.3,coverage_0.75,119,6,0,0,0,119
l171-s15-rittigstein-2006,article:l171,material_identity,0.0,0,0.4,reported_point,119,11,11,0,11,119
l171-s15-rittigstein-2006,article:l171,material_identity,0.0,0,0.4,interval_upper,119,11,0,0,0,119
l171-s15-rittigstein-2006,article:l171,material_identity,0.0,0,0.4,coverage_0.5,119,11,0,0,0,119
l171-s15-rittigstein-2006,article:l171,material_identity,0.0,0,0.4,coverage_0.75,119,11,0,0,0,119
l171-s15-rittigstein-2006,article:l171,material_identity,0.0,0,0.5,reported_point,119,13,13,0,13,119
l171-s15-rittigstein-2006,article:l171,material_identity,0.0,0,0.5,interval_upper,119,13,0,0,0,119
l171-s15-rittigstein-2006,article:l171,material_identity,0.0,0,0.5,coverage_0.5,119,13,0,0,0,119
l171-s15-rittigstein-2006,article:l171,material_identity,0.0,0,0.5,coverage_0.75,119,13,0,0,0,119
l171-s15-rittigstein-2006,article:l171,experimental_protocol,0.0,0,0.1,reported_point,119,0,0,0,0,119
l171-s15-rittigstein-2006,article:l171,experimental_protocol,0.0,0,0.1,interval_upper,119,0,0,0,0,119
l171-s15-rittigstein-2006,article:l171,experimental_protocol,0.0,0,0.1,coverage_0.5,119,0,0,0,0,119
l171-s15-rittigstein-2006,article:l171,experimental_protocol,0.0,0,0.1,coverage_0.75,119,0,0,0,0,119
l171-s15-rittigstein-2006,article:l171,experimental_protocol,0.0,0,0.2,reported_point,119,0,0,0,0,119
l171-s15-rittigstein-2006,article:l171,experimental_protocol,0.0,0,0.2,interval_upper,119,0,0,0,0,119
l171-s15-rittigstein-2006,article:l171,experimental_protocol,0.0,0,0.2,coverage_0.5,119,0,0,0,0,119
l171-s15-rittigstein-2006,article:l171,experimental_protocol,0.0,0,0.2,coverage_0.75,119,0,0,0,0,119
l171-s15-rittigstein-2006,article:l171,experimental_protocol,0.0,0,0.3,reported_point,119,0,0,0,0,119
l171-s15-rittigstein-2006,article:l171,experimental_protocol,0.0,0,0.3,interval_upper,119,0,0,0,0,119
l171-s15-rittigstein-2006,article:l171,experimental_protocol,0.0,0,0.3,coverage_0.5,119,0,0,0,0,119
l171-s15-rittigstein-2006,article:l171,experimental_protocol,0.0,0,0.3,coverage_0.75,119,0,0,0,0,119
l171-s15-rittigstein-2006,article:l171,experimental_protocol,0.0,0,0.4,reported_point,119,0,0,0,0,119
l171-s15-rittigstein-2006,article:l171,experimental_protocol,0.0,0,0.4,interval_upper,119,0,0,0,0,119
l171-s15-rittigstein-2006,article:l171,experimental_protocol,0.0,0,0.4,coverage_0.5,119,0,0,0,0,119
l171-s15-rittigstein-2006,article:l171,experimental_protocol,0.0,0,0.4,coverage_0.75,119,0,0,0,0,119
l171-s15-rittigstein-2006,article:l171,experimental_protocol,0.0,0,0.5,reported_point,119,1,1,0,1,119
l171-s15-rittigstein-2006,article:l171,experimental_protocol,0.0,0,0.5,interval_upper,119,1,0,0,0,119
l171-s15-rittigstein-2006,article:l171,experimental_protocol,0.0,0,0.5,coverage_0.5,119,1,1,0,1,119
l171-s15-rittigstein-2006,article:l171,experimental_protocol,0.0,0,0.5,coverage_0.75,119,1,0,0,0,119
l171-s15-rittigstein-2006,article:l171,balanced_instance,0.0,0,0.1,reported_point,119,0,0,0,0,119
l171-s15-rittigstein-2006,article:l171,balanced_instance,0.0,0,0.1,interval_upper,119,0,0,0,0,119
l171-s15-rittigstein-2006,article:l171,balanced_instance,0.0,0,0.1,coverage_0.5,119,0,0,0,0,119
l171-s15-rittigstein-2006,article:l171,balanced_instance,0.0,0,0.1,coverage_0.75,119,0,0,0,0,119
l171-s15-rittigstein-2006,article:l171,balanced_instance,0.0,0,0.2,reported_point,119,0,0,0,0,119
l171-s15-rittigstein-2006,article:l171,balanced_instance,0.0,0,0.2,interval_upper,119,0,0,0,0,119
l171-s15-rittigstein-2006,article:l171,balanced_instance,0.0,0,0.2,coverage_0.5,119,0,0,0,0,119
l171-s15-rittigstein-2006,article:l171,balanced_instance,0.0,0,0.2,coverage_0.75,119,0,0,0,0,119
l171-s15-rittigstein-2006,article:l171,balanced_instance,0.0,0,0.3,reported_point,119,0,0,0,0,119
l171-s15-rittigstein-2006,article:l171,balanced_instance,0.0,0,0.3,interval_upper,119,0,0,0,0,119
l171-s15-rittigstein-2006,article:l171,balanced_instance,0.0,0,0.3,coverage_0.5,119,0,0,0,0,119
l171-s15-rittigstein-2006,article:l171,balanced_instance,0.0,0,0.3,coverage_0.75,119,0,0,0,0,119
l171-s15-rittigstein-2006,article:l171,balanced_instance,0.0,0,0.4,reported_point,119,0,0,0,0,119
l171-s15-rittigstein-2006,article:l171,balanced_instance,0.0,0,0.4,interval_upper,119,0,0,0,0,119
l171-s15-rittigstein-2006,article:l171,balanced_instance,0.0,0,0.4,coverage_0.5,119,0,0,0,0,119
l171-s15-rittigstein-2006,article:l171,balanced_instance,0.0,0,0.4,coverage_0.75,119,0,0,0,0,119
l171-s15-rittigstein-2006,article:l171,balanced_instance,0.0,0,0.5,reported_point,119,2,2,0,2,119
l171-s15-rittigstein-2006,article:l171,balanced_instance,0.0,0,0.5,interval_upper,119,2,0,0,0,119
l171-s15-rittigstein-2006,article:l171,balanced_instance,0.0,0,0.5,coverage_0.5,119,2,1,0,1,119
l171-s15-rittigstein-2006,article:l171,balanced_instance,0.0,0,0.5,coverage_0.75,119,2,0,0,0,119
l320-s2-wang-2014,article:l320,material_identity,0.0,0,0.1,reported_point,119,5,5,0,5,119
l320-s2-wang-2014,article:l320,material_identity,0.0,0,0.1,interval_upper,119,5,0,0,0,119
l320-s2-wang-2014,article:l320,material_identity,0.0,0,0.1,coverage_0.5,119,5,0,0,0,119
l320-s2-wang-2014,article:l320,material_identity,0.0,0,0.1,coverage_0.75,119,5,0,0,0,119
l320-s2-wang-2014,article:l320,material_identity,0.0,0,0.2,reported_point,119,5,5,0,5,119
l320-s2-wang-2014,article:l320,material_identity,0.0,0,0.2,interval_upper,119,5,0,0,0,119
l320-s2-wang-2014,article:l320,material_identity,0.0,0,0.2,coverage_0.5,119,5,0,0,0,119
l320-s2-wang-2014,article:l320,material_identity,0.0,0,0.2,coverage_0.75,119,5,0,0,0,119
l320-s2-wang-2014,article:l320,material_identity,0.0,0,0.3,reported_point,119,16,16,0,16,119
l320-s2-wang-2014,article:l320,material_identity,0.0,0,0.3,interval_upper,119,16,0,0,0,119
l320-s2-wang-2014,article:l320,material_identity,0.0,0,0.3,coverage_0.5,119,16,0,0,0,119
l320-s2-wang-2014,article:l320,material_identity,0.0,0,0.3,coverage_0.75,119,16,0,0,0,119
l320-s2-wang-2014,article:l320,material_identity,0.0,0,0.4,reported_point,119,30,30,0,30,119
l320-s2-wang-2014,article:l320,material_identity,0.0,0,0.4,interval_upper,119,30,0,0,0,119
l320-s2-wang-2014,article:l320,material_identity,0.0,0,0.4,coverage_0.5,119,30,0,0,0,119
l320-s2-wang-2014,article:l320,material_identity,0.0,0,0.4,coverage_0.75,119,30,0,0,0,119
l320-s2-wang-2014,article:l320,material_identity,0.0,0,0.5,reported_point,119,32,32,0,32,119
l320-s2-wang-2014,article:l320,material_identity,0.0,0,0.5,interval_upper,119,32,0,0,0,119
l320-s2-wang-2014,article:l320,material_identity,0.0,0,0.5,coverage_0.5,119,32,0,0,0,119
l320-s2-wang-2014,article:l320,material_identity,0.0,0,0.5,coverage_0.75,119,32,0,0,0,119
l320-s2-wang-2014,article:l320,experimental_protocol,0.0,0,0.1,reported_point,119,0,0,0,0,119
l320-s2-wang-2014,article:l320,experimental_protocol,0.0,0,0.1,interval_upper,119,0,0,0,0,119
l320-s2-wang-2014,article:l320,experimental_protocol,0.0,0,0.1,coverage_0.5,119,0,0,0,0,119
l320-s2-wang-2014,article:l320,experimental_protocol,0.0,0,0.1,coverage_0.75,119,0,0,0,0,119
l320-s2-wang-2014,article:l320,experimental_protocol,0.0,0,0.2,reported_point,119,0,0,0,0,119
l320-s2-wang-2014,article:l320,experimental_protocol,0.0,0,0.2,interval_upper,119,0,0,0,0,119
l320-s2-wang-2014,article:l320,experimental_protocol,0.0,0,0.2,coverage_0.5,119,0,0,0,0,119
l320-s2-wang-2014,article:l320,experimental_protocol,0.0,0,0.2,coverage_0.75,119,0,0,0,0,119
l320-s2-wang-2014,article:l320,experimental_protocol,0.0,0,0.3,reported_point,119,1,1,0,1,119
l320-s2-wang-2014,article:l320,experimental_protocol,0.0,0,0.3,interval_upper,119,1,0,0,0,119
l320-s2-wang-2014,article:l320,experimental_protocol,0.0,0,0.3,coverage_0.5,119,1,1,0,1,119
l320-s2-wang-2014,article:l320,experimental_protocol,0.0,0,0.3,coverage_0.75,119,1,0,0,0,119
l320-s2-wang-2014,article:l320,experimental_protocol,0.0,0,0.4,reported_point,119,4,4,0,4,119
l320-s2-wang-2014,article:l320,experimental_protocol,0.0,0,0.4,interval_upper,119,4,1,0,1,119
l320-s2-wang-2014,article:l320,experimental_protocol,0.0,0,0.4,coverage_0.5,119,4,4,0,4,119
l320-s2-wang-2014,article:l320,experimental_protocol,0.0,0,0.4,coverage_0.75,119,4,0,0,0,119
l320-s2-wang-2014,article:l320,experimental_protocol,0.0,0,0.5,reported_point,119,5,5,0,5,119
l320-s2-wang-2014,article:l320,experimental_protocol,0.0,0,0.5,interval_upper,119,5,1,0,1,119
l320-s2-wang-2014,article:l320,experimental_protocol,0.0,0,0.5,coverage_0.5,119,5,5,0,5,119
l320-s2-wang-2014,article:l320,experimental_protocol,0.0,0,0.5,coverage_0.75,119,5,0,0,0,119
l320-s2-wang-2014,article:l320,balanced_instance,0.0,0,0.1,reported_point,119,0,0,0,0,119
l320-s2-wang-2014,article:l320,balanced_instance,0.0,0,0.1,interval_upper,119,0,0,0,0,119
l320-s2-wang-2014,article:l320,balanced_instance,0.0,0,0.1,coverage_0.5,119,0,0,0,0,119
l320-s2-wang-2014,article:l320,balanced_instance,0.0,0,0.1,coverage_0.75,119,0,0,0,0,119
l320-s2-wang-2014,article:l320,balanced_instance,0.0,0,0.2,reported_point,119,0,0,0,0,119
l320-s2-wang-2014,article:l320,balanced_instance,0.0,0,0.2,interval_upper,119,0,0,0,0,119
l320-s2-wang-2014,article:l320,balanced_instance,0.0,0,0.2,coverage_0.5,119,0,0,0,0,119
l320-s2-wang-2014,article:l320,balanced_instance,0.0,0,0.2,coverage_0.75,119,0,0,0,0,119
l320-s2-wang-2014,article:l320,balanced_instance,0.0,0,0.3,reported_point,119,3,3,0,3,119
l320-s2-wang-2014,article:l320,balanced_instance,0.0,0,0.3,interval_upper,119,3,0,0,0,119
l320-s2-wang-2014,article:l320,balanced_instance,0.0,0,0.3,coverage_0.5,119,3,3,0,3,119
l320-s2-wang-2014,article:l320,balanced_instance,0.0,0,0.3,coverage_0.75,119,3,0,0,0,119
l320-s2-wang-2014,article:l320,balanced_instance,0.0,0,0.4,reported_point,119,4,4,0,4,119
l320-s2-wang-2014,article:l320,balanced_instance,0.0,0,0.4,interval_upper,119,4,0,0,0,119
l320-s2-wang-2014,article:l320,balanced_instance,0.0,0,0.4,coverage_0.5,119,4,4,0,4,119
l320-s2-wang-2014,article:l320,balanced_instance,0.0,0,0.4,coverage_0.75,119,4,0,0,0,119
l320-s2-wang-2014,article:l320,balanced_instance,0.0,0,0.5,reported_point,119,13,13,0,13,119
l320-s2-wang-2014,article:l320,balanced_instance,0.0,0,0.5,interval_upper,119,13,0,0,0,119
l320-s2-wang-2014,article:l320,balanced_instance,0.0,0,0.5,coverage_0.5,119,13,11,0,11,119
l320-s2-wang-2014,article:l320,balanced_instance,0.0,0,0.5,coverage_0.75,119,13,0,0,0,119
l324-s5-zhu-2017,article:l324,material_identity,0.0,0,0.1,reported_point,118,0,0,0,0,118
l324-s5-zhu-2017,article:l324,material_identity,0.0,0,0.1,interval_upper,118,0,0,0,0,118
l324-s5-zhu-2017,article:l324,material_identity,0.0,0,0.1,coverage_0.5,118,0,0,0,0,118
l324-s5-zhu-2017,article:l324,material_identity,0.0,0,0.1,coverage_0.75,118,0,0,0,0,118
l324-s5-zhu-2017,article:l324,material_identity,0.0,0,0.2,reported_point,118,0,0,0,0,118
l324-s5-zhu-2017,article:l324,material_identity,0.0,0,0.2,interval_upper,118,0,0,0,0,118
l324-s5-zhu-2017,article:l324,material_identity,0.0,0,0.2,coverage_0.5,118,0,0,0,0,118
l324-s5-zhu-2017,article:l324,material_identity,0.0,0,0.2,coverage_0.75,118,0,0,0,0,118
l324-s5-zhu-2017,article:l324,material_identity,0.0,0,0.3,reported_point,118,1,1,0,1,118
l324-s5-zhu-2017,article:l324,material_identity,0.0,0,0.3,interval_upper,118,1,0,0,0,118
l324-s5-zhu-2017,article:l324,material_identity,0.0,0,0.3,coverage_0.5,118,1,0,0,0,118
l324-s5-zhu-2017,article:l324,material_identity,0.0,0,0.3,coverage_0.75,118,1,0,0,0,118
l324-s5-zhu-2017,article:l324,material_identity,0.0,0,0.4,reported_point,118,3,3,0,3,118
l324-s5-zhu-2017,article:l324,material_identity,0.0,0,0.4,interval_upper,118,3,0,0,0,118
l324-s5-zhu-2017,article:l324,material_identity,0.0,0,0.4,coverage_0.5,118,3,0,0,0,118
l324-s5-zhu-2017,article:l324,material_identity,0.0,0,0.4,coverage_0.75,118,3,0,0,0,118
l324-s5-zhu-2017,article:l324,material_identity,0.0,0,0.5,reported_point,118,11,11,0,11,118
l324-s5-zhu-2017,article:l324,material_identity,0.0,0,0.5,interval_upper,118,11,0,0,0,118
l324-s5-zhu-2017,article:l324,material_identity,0.0,0,0.5,coverage_0.5,118,11,0,0,0,118
l324-s5-zhu-2017,article:l324,material_identity,0.0,0,0.5,coverage_0.75,118,11,0,0,0,118
l324-s5-zhu-2017,article:l324,experimental_protocol,0.0,0,0.1,reported_point,118,0,0,0,0,118
l324-s5-zhu-2017,article:l324,experimental_protocol,0.0,0,0.1,interval_upper,118,0,0,0,0,118
l324-s5-zhu-2017,article:l324,experimental_protocol,0.0,0,0.1,coverage_0.5,118,0,0,0,0,118
l324-s5-zhu-2017,article:l324,experimental_protocol,0.0,0,0.1,coverage_0.75,118,0,0,0,0,118
l324-s5-zhu-2017,article:l324,experimental_protocol,0.0,0,0.2,reported_point,118,0,0,0,0,118
l324-s5-zhu-2017,article:l324,experimental_protocol,0.0,0,0.2,interval_upper,118,0,0,0,0,118
l324-s5-zhu-2017,article:l324,experimental_protocol,0.0,0,0.2,coverage_0.5,118,0,0,0,0,118
l324-s5-zhu-2017,article:l324,experimental_protocol,0.0,0,0.2,coverage_0.75,118,0,0,0,0,118
l324-s5-zhu-2017,article:l324,experimental_protocol,0.0,0,0.3,reported_point,118,0,0,0,0,118
l324-s5-zhu-2017,article:l324,experimental_protocol,0.0,0,0.3,interval_upper,118,0,0,0,0,118
l324-s5-zhu-2017,article:l324,experimental_protocol,0.0,0,0.3,coverage_0.5,118,0,0,0,0,118
l324-s5-zhu-2017,article:l324,experimental_protocol,0.0,0,0.3,coverage_0.75,118,0,0,0,0,118
l324-s5-zhu-2017,article:l324,experimental_protocol,0.0,0,0.4,reported_point,118,2,2,0,2,118
l324-s5-zhu-2017,article:l324,experimental_protocol,0.0,0,0.4,interval_upper,118,2,0,0,0,118
l324-s5-zhu-2017,article:l324,experimental_protocol,0.0,0,0.4,coverage_0.5,118,2,2,0,2,118
l324-s5-zhu-2017,article:l324,experimental_protocol,0.0,0,0.4,coverage_0.75,118,2,0,0,0,118
l324-s5-zhu-2017,article:l324,experimental_protocol,0.0,0,0.5,reported_point,118,8,8,0,8,118
l324-s5-zhu-2017,article:l324,experimental_protocol,0.0,0,0.5,interval_upper,118,8,1,0,1,118
l324-s5-zhu-2017,article:l324,experimental_protocol,0.0,0,0.5,coverage_0.5,118,8,8,0,8,118
l324-s5-zhu-2017,article:l324,experimental_protocol,0.0,0,0.5,coverage_0.75,118,8,0,0,0,118
l324-s5-zhu-2017,article:l324,balanced_instance,0.0,0,0.1,reported_point,118,0,0,0,0,118
l324-s5-zhu-2017,article:l324,balanced_instance,0.0,0,0.1,interval_upper,118,0,0,0,0,118
l324-s5-zhu-2017,article:l324,balanced_instance,0.0,0,0.1,coverage_0.5,118,0,0,0,0,118
l324-s5-zhu-2017,article:l324,balanced_instance,0.0,0,0.1,coverage_0.75,118,0,0,0,0,118
l324-s5-zhu-2017,article:l324,balanced_instance,0.0,0,0.2,reported_point,118,0,0,0,0,118
l324-s5-zhu-2017,article:l324,balanced_instance,0.0,0,0.2,interval_upper,118,0,0,0,0,118
l324-s5-zhu-2017,article:l324,balanced_instance,0.0,0,0.2,coverage_0.5,118,0,0,0,0,118
l324-s5-zhu-2017,article:l324,balanced_instance,0.0,0,0.2,coverage_0.75,118,0,0,0,0,118
l324-s5-zhu-2017,article:l324,balanced_instance,0.0,0,0.3,reported_point,118,0,0,0,0,118
l324-s5-zhu-2017,article:l324,balanced_instance,0.0,0,0.3,interval_upper,118,0,0,0,0,118
l324-s5-zhu-2017,article:l324,balanced_instance,0.0,0,0.3,coverage_0.5,118,0,0,0,0,118
l324-s5-zhu-2017,article:l324,balanced_instance,0.0,0,0.3,coverage_0.75,118,0,0,0,0,118
l324-s5-zhu-2017,article:l324,balanced_instance,0.0,0,0.4,reported_point,118,0,0,0,0,118
l324-s5-zhu-2017,article:l324,balanced_instance,0.0,0,0.4,interval_upper,118,0,0,0,0,118
l324-s5-zhu-2017,article:l324,balanced_instance,0.0,0,0.4,coverage_0.5,118,0,0,0,0,118
l324-s5-zhu-2017,article:l324,balanced_instance,0.0,0,0.4,coverage_0.75,118,0,0,0,0,118
l324-s5-zhu-2017,article:l324,balanced_instance,0.0,0,0.5,reported_point,118,5,5,0,5,118
l324-s5-zhu-2017,article:l324,balanced_instance,0.0,0,0.5,interval_upper,118,5,0,0,0,118
l324-s5-zhu-2017,article:l324,balanced_instance,0.0,0,0.5,coverage_0.5,118,5,5,0,5,118
l324-s5-zhu-2017,article:l324,balanced_instance,0.0,0,0.5,coverage_0.75,118,5,0,0,0,118
l174-s6-ramanathan-2008,article:l174,material_identity,0.0,0,0.1,reported_point,119,0,0,0,0,119
l174-s6-ramanathan-2008,article:l174,material_identity,0.0,0,0.1,interval_upper,119,0,0,0,0,119
l174-s6-ramanathan-2008,article:l174,material_identity,0.0,0,0.1,coverage_0.5,119,0,0,0,0,119
l174-s6-ramanathan-2008,article:l174,material_identity,0.0,0,0.1,coverage_0.75,119,0,0,0,0,119
l174-s6-ramanathan-2008,article:l174,material_identity,0.0,0,0.2,reported_point,119,0,0,0,0,119
l174-s6-ramanathan-2008,article:l174,material_identity,0.0,0,0.2,interval_upper,119,0,0,0,0,119
l174-s6-ramanathan-2008,article:l174,material_identity,0.0,0,0.2,coverage_0.5,119,0,0,0,0,119
l174-s6-ramanathan-2008,article:l174,material_identity,0.0,0,0.2,coverage_0.75,119,0,0,0,0,119
l174-s6-ramanathan-2008,article:l174,material_identity,0.0,0,0.3,reported_point,119,9,9,0,9,119
l174-s6-ramanathan-2008,article:l174,material_identity,0.0,0,0.3,interval_upper,119,9,0,0,0,119
l174-s6-ramanathan-2008,article:l174,material_identity,0.0,0,0.3,coverage_0.5,119,9,0,0,0,119
l174-s6-ramanathan-2008,article:l174,material_identity,0.0,0,0.3,coverage_0.75,119,9,0,0,0,119
l174-s6-ramanathan-2008,article:l174,material_identity,0.0,0,0.4,reported_point,119,10,10,0,10,119
l174-s6-ramanathan-2008,article:l174,material_identity,0.0,0,0.4,interval_upper,119,10,0,0,0,119
l174-s6-ramanathan-2008,article:l174,material_identity,0.0,0,0.4,coverage_0.5,119,10,0,0,0,119
l174-s6-ramanathan-2008,article:l174,material_identity,0.0,0,0.4,coverage_0.75,119,10,0,0,0,119
l174-s6-ramanathan-2008,article:l174,material_identity,0.0,0,0.5,reported_point,119,12,12,0,12,119
l174-s6-ramanathan-2008,article:l174,material_identity,0.0,0,0.5,interval_upper,119,12,0,0,0,119
l174-s6-ramanathan-2008,article:l174,material_identity,0.0,0,0.5,coverage_0.5,119,12,0,0,0,119
l174-s6-ramanathan-2008,article:l174,material_identity,0.0,0,0.5,coverage_0.75,119,12,0,0,0,119
l174-s6-ramanathan-2008,article:l174,experimental_protocol,0.0,0,0.1,reported_point,119,0,0,0,0,119
l174-s6-ramanathan-2008,article:l174,experimental_protocol,0.0,0,0.1,interval_upper,119,0,0,0,0,119
l174-s6-ramanathan-2008,article:l174,experimental_protocol,0.0,0,0.1,coverage_0.5,119,0,0,0,0,119
l174-s6-ramanathan-2008,article:l174,experimental_protocol,0.0,0,0.1,coverage_0.75,119,0,0,0,0,119
l174-s6-ramanathan-2008,article:l174,experimental_protocol,0.0,0,0.2,reported_point,119,1,1,0,1,119
l174-s6-ramanathan-2008,article:l174,experimental_protocol,0.0,0,0.2,interval_upper,119,1,0,0,0,119
l174-s6-ramanathan-2008,article:l174,experimental_protocol,0.0,0,0.2,coverage_0.5,119,1,1,0,1,119
l174-s6-ramanathan-2008,article:l174,experimental_protocol,0.0,0,0.2,coverage_0.75,119,1,0,0,0,119
l174-s6-ramanathan-2008,article:l174,experimental_protocol,0.0,0,0.3,reported_point,119,1,1,0,1,119
l174-s6-ramanathan-2008,article:l174,experimental_protocol,0.0,0,0.3,interval_upper,119,1,0,0,0,119
l174-s6-ramanathan-2008,article:l174,experimental_protocol,0.0,0,0.3,coverage_0.5,119,1,1,0,1,119
l174-s6-ramanathan-2008,article:l174,experimental_protocol,0.0,0,0.3,coverage_0.75,119,1,0,0,0,119
l174-s6-ramanathan-2008,article:l174,experimental_protocol,0.0,0,0.4,reported_point,119,2,2,0,2,119
l174-s6-ramanathan-2008,article:l174,experimental_protocol,0.0,0,0.4,interval_upper,119,2,0,0,0,119
l174-s6-ramanathan-2008,article:l174,experimental_protocol,0.0,0,0.4,coverage_0.5,119,2,2,0,2,119
l174-s6-ramanathan-2008,article:l174,experimental_protocol,0.0,0,0.4,coverage_0.75,119,2,0,0,0,119
l174-s6-ramanathan-2008,article:l174,experimental_protocol,0.0,0,0.5,reported_point,119,6,6,0,6,119
l174-s6-ramanathan-2008,article:l174,experimental_protocol,0.0,0,0.5,interval_upper,119,6,1,0,1,119
l174-s6-ramanathan-2008,article:l174,experimental_protocol,0.0,0,0.5,coverage_0.5,119,6,6,0,6,119
l174-s6-ramanathan-2008,article:l174,experimental_protocol,0.0,0,0.5,coverage_0.75,119,6,0,0,0,119
l174-s6-ramanathan-2008,article:l174,balanced_instance,0.0,0,0.1,reported_point,119,0,0,0,0,119
l174-s6-ramanathan-2008,article:l174,balanced_instance,0.0,0,0.1,interval_upper,119,0,0,0,0,119
l174-s6-ramanathan-2008,article:l174,balanced_instance,0.0,0,0.1,coverage_0.5,119,0,0,0,0,119
l174-s6-ramanathan-2008,article:l174,balanced_instance,0.0,0,0.1,coverage_0.75,119,0,0,0,0,119
l174-s6-ramanathan-2008,article:l174,balanced_instance,0.0,0,0.2,reported_point,119,0,0,0,0,119
l174-s6-ramanathan-2008,article:l174,balanced_instance,0.0,0,0.2,interval_upper,119,0,0,0,0,119
l174-s6-ramanathan-2008,article:l174,balanced_instance,0.0,0,0.2,coverage_0.5,119,0,0,0,0,119
l174-s6-ramanathan-2008,article:l174,balanced_instance,0.0,0,0.2,coverage_0.75,119,0,0,0,0,119
l174-s6-ramanathan-2008,article:l174,balanced_instance,0.0,0,0.3,reported_point,119,0,0,0,0,119
l174-s6-ramanathan-2008,article:l174,balanced_instance,0.0,0,0.3,interval_upper,119,0,0,0,0,119
l174-s6-ramanathan-2008,article:l174,balanced_instance,0.0,0,0.3,coverage_0.5,119,0,0,0,0,119
l174-s6-ramanathan-2008,article:l174,balanced_instance,0.0,0,0.3,coverage_0.75,119,0,0,0,0,119
l174-s6-ramanathan-2008,article:l174,balanced_instance,0.0,0,0.4,reported_point,119,1,1,0,1,119
l174-s6-ramanathan-2008,article:l174,balanced_instance,0.0,0,0.4,interval_upper,119,1,0,0,0,119
l174-s6-ramanathan-2008,article:l174,balanced_instance,0.0,0,0.4,coverage_0.5,119,1,1,0,1,119
l174-s6-ramanathan-2008,article:l174,balanced_instance,0.0,0,0.4,coverage_0.75,119,1,0,0,0,119
l174-s6-ramanathan-2008,article:l174,balanced_instance,0.0,0,0.5,reported_point,119,9,9,0,9,119
l174-s6-ramanathan-2008,article:l174,balanced_instance,0.0,0,0.5,interval_upper,119,9,0,0,0,119
l174-s6-ramanathan-2008,article:l174,balanced_instance,0.0,0,0.5,coverage_0.5,119,9,8,0,8,119
l174-s6-ramanathan-2008,article:l174,balanced_instance,0.0,0,0.5,coverage_0.75,119,9,0,0,0,119
l225-s1-ma-2007,article:l225,material_identity,0.0,0,0.1,reported_point,118,21,21,0,21,118
l225-s1-ma-2007,article:l225,material_identity,0.0,0,0.1,interval_upper,118,21,0,0,0,118
l225-s1-ma-2007,article:l225,material_identity,0.0,0,0.1,coverage_0.5,118,21,0,0,0,118
l225-s1-ma-2007,article:l225,material_identity,0.0,0,0.1,coverage_0.75,118,21,0,0,0,118
l225-s1-ma-2007,article:l225,material_identity,0.0,0,0.2,reported_point,118,21,21,0,21,118
l225-s1-ma-2007,article:l225,material_identity,0.0,0,0.2,interval_upper,118,21,0,0,0,118
l225-s1-ma-2007,article:l225,material_identity,0.0,0,0.2,coverage_0.5,118,21,0,0,0,118
l225-s1-ma-2007,article:l225,material_identity,0.0,0,0.2,coverage_0.75,118,21,0,0,0,118
l225-s1-ma-2007,article:l225,material_identity,0.0,0,0.3,reported_point,118,21,21,0,21,118
l225-s1-ma-2007,article:l225,material_identity,0.0,0,0.3,interval_upper,118,21,0,0,0,118
l225-s1-ma-2007,article:l225,material_identity,0.0,0,0.3,coverage_0.5,118,21,0,0,0,118
l225-s1-ma-2007,article:l225,material_identity,0.0,0,0.3,coverage_0.75,118,21,0,0,0,118
l225-s1-ma-2007,article:l225,material_identity,0.0,0,0.4,reported_point,118,21,21,0,21,118
l225-s1-ma-2007,article:l225,material_identity,0.0,0,0.4,interval_upper,118,21,0,0,0,118
l225-s1-ma-2007,article:l225,material_identity,0.0,0,0.4,coverage_0.5,118,21,0,0,0,118
l225-s1-ma-2007,article:l225,material_identity,0.0,0,0.4,coverage_0.75,118,21,0,0,0,118
l225-s1-ma-2007,article:l225,material_identity,0.0,0,0.5,reported_point,118,22,22,0,22,118
l225-s1-ma-2007,article:l225,material_identity,0.0,0,0.5,interval_upper,118,22,0,0,0,118
l225-s1-ma-2007,article:l225,material_identity,0.0,0,0.5,coverage_0.5,118,22,0,0,0,118
l225-s1-ma-2007,article:l225,material_identity,0.0,0,0.5,coverage_0.75,118,22,0,0,0,118
l225-s1-ma-2007,article:l225,experimental_protocol,0.0,0,0.1,reported_point,118,0,0,0,0,118
l225-s1-ma-2007,article:l225,experimental_protocol,0.0,0,0.1,interval_upper,118,0,0,0,0,118
l225-s1-ma-2007,article:l225,experimental_protocol,0.0,0,0.1,coverage_0.5,118,0,0,0,0,118
l225-s1-ma-2007,article:l225,experimental_protocol,0.0,0,0.1,coverage_0.75,118,0,0,0,0,118
l225-s1-ma-2007,article:l225,experimental_protocol,0.0,0,0.2,reported_point,118,0,0,0,0,118
l225-s1-ma-2007,article:l225,experimental_protocol,0.0,0,0.2,interval_upper,118,0,0,0,0,118
l225-s1-ma-2007,article:l225,experimental_protocol,0.0,0,0.2,coverage_0.5,118,0,0,0,0,118
l225-s1-ma-2007,article:l225,experimental_protocol,0.0,0,0.2,coverage_0.75,118,0,0,0,0,118
l225-s1-ma-2007,article:l225,experimental_protocol,0.0,0,0.3,reported_point,118,1,1,0,1,118
l225-s1-ma-2007,article:l225,experimental_protocol,0.0,0,0.3,interval_upper,118,1,0,0,0,118
l225-s1-ma-2007,article:l225,experimental_protocol,0.0,0,0.3,coverage_0.5,118,1,1,0,1,118
l225-s1-ma-2007,article:l225,experimental_protocol,0.0,0,0.3,coverage_0.75,118,1,0,0,0,118
l225-s1-ma-2007,article:l225,experimental_protocol,0.0,0,0.4,reported_point,118,1,1,0,1,118
l225-s1-ma-2007,article:l225,experimental_protocol,0.0,0,0.4,interval_upper,118,1,0,0,0,118
l225-s1-ma-2007,article:l225,experimental_protocol,0.0,0,0.4,coverage_0.5,118,1,1,0,1,118
l225-s1-ma-2007,article:l225,experimental_protocol,0.0,0,0.4,coverage_0.75,118,1,0,0,0,118
l225-s1-ma-2007,article:l225,experimental_protocol,0.0,0,0.5,reported_point,118,4,4,0,4,118
l225-s1-ma-2007,article:l225,experimental_protocol,0.0,0,0.5,interval_upper,118,4,0,0,0,118
l225-s1-ma-2007,article:l225,experimental_protocol,0.0,0,0.5,coverage_0.5,118,4,4,0,4,118
l225-s1-ma-2007,article:l225,experimental_protocol,0.0,0,0.5,coverage_0.75,118,4,0,0,0,118
l225-s1-ma-2007,article:l225,balanced_instance,0.0,0,0.1,reported_point,118,0,0,0,0,118
l225-s1-ma-2007,article:l225,balanced_instance,0.0,0,0.1,interval_upper,118,0,0,0,0,118
l225-s1-ma-2007,article:l225,balanced_instance,0.0,0,0.1,coverage_0.5,118,0,0,0,0,118
l225-s1-ma-2007,article:l225,balanced_instance,0.0,0,0.1,coverage_0.75,118,0,0,0,0,118
l225-s1-ma-2007,article:l225,balanced_instance,0.0,0,0.2,reported_point,118,0,0,0,0,118
l225-s1-ma-2007,article:l225,balanced_instance,0.0,0,0.2,interval_upper,118,0,0,0,0,118
l225-s1-ma-2007,article:l225,balanced_instance,0.0,0,0.2,coverage_0.5,118,0,0,0,0,118
l225-s1-ma-2007,article:l225,balanced_instance,0.0,0,0.2,coverage_0.75,118,0,0,0,0,118
l225-s1-ma-2007,article:l225,balanced_instance,0.0,0,0.3,reported_point,118,0,0,0,0,118
l225-s1-ma-2007,article:l225,balanced_instance,0.0,0,0.3,interval_upper,118,0,0,0,0,118
l225-s1-ma-2007,article:l225,balanced_instance,0.0,0,0.3,coverage_0.5,118,0,0,0,0,118
l225-s1-ma-2007,article:l225,balanced_instance,0.0,0,0.3,coverage_0.75,118,0,0,0,0,118
l225-s1-ma-2007,article:l225,balanced_instance,0.0,0,0.4,reported_point,118,2,2,0,2,118
l225-s1-ma-2007,article:l225,balanced_instance,0.0,0,0.4,interval_upper,118,2,0,0,0,118
l225-s1-ma-2007,article:l225,balanced_instance,0.0,0,0.4,coverage_0.5,118,2,0,0,0,118
l225-s1-ma-2007,article:l225,balanced_instance,0.0,0,0.4,coverage_0.75,118,2,0,0,0,118
l225-s1-ma-2007,article:l225,balanced_instance,0.0,0,0.5,reported_point,118,11,11,0,11,118
l225-s1-ma-2007,article:l225,balanced_instance,0.0,0,0.5,interval_upper,118,11,0,0,0,118
l225-s1-ma-2007,article:l225,balanced_instance,0.0,0,0.5,coverage_0.5,118,11,0,0,0,118
l225-s1-ma-2007,article:l225,balanced_instance,0.0,0,0.5,coverage_0.75,118,11,0,0,0,118
l196-s4-petersson-2006,article:l196,material_identity,0.0,0,0.1,reported_point,119,0,0,0,0,119
l196-s4-petersson-2006,article:l196,material_identity,0.0,0,0.1,interval_upper,119,0,0,0,0,119
l196-s4-petersson-2006,article:l196,material_identity,0.0,0,0.1,coverage_0.5,119,0,0,0,0,119
l196-s4-petersson-2006,article:l196,material_identity,0.0,0,0.1,coverage_0.75,119,0,0,0,0,119
l196-s4-petersson-2006,article:l196,material_identity,0.0,0,0.2,reported_point,119,0,0,0,0,119
l196-s4-petersson-2006,article:l196,material_identity,0.0,0,0.2,interval_upper,119,0,0,0,0,119
l196-s4-petersson-2006,article:l196,material_identity,0.0,0,0.2,coverage_0.5,119,0,0,0,0,119
l196-s4-petersson-2006,article:l196,material_identity,0.0,0,0.2,coverage_0.75,119,0,0,0,0,119
l196-s4-petersson-2006,article:l196,material_identity,0.0,0,0.3,reported_point,119,1,1,0,1,119
l196-s4-petersson-2006,article:l196,material_identity,0.0,0,0.3,interval_upper,119,1,0,0,0,119
l196-s4-petersson-2006,article:l196,material_identity,0.0,0,0.3,coverage_0.5,119,1,0,0,0,119
l196-s4-petersson-2006,article:l196,material_identity,0.0,0,0.3,coverage_0.75,119,1,0,0,0,119
l196-s4-petersson-2006,article:l196,material_identity,0.0,0,0.4,reported_point,119,3,3,0,3,119
l196-s4-petersson-2006,article:l196,material_identity,0.0,0,0.4,interval_upper,119,3,0,0,0,119
l196-s4-petersson-2006,article:l196,material_identity,0.0,0,0.4,coverage_0.5,119,3,0,0,0,119
l196-s4-petersson-2006,article:l196,material_identity,0.0,0,0.4,coverage_0.75,119,3,0,0,0,119
l196-s4-petersson-2006,article:l196,material_identity,0.0,0,0.5,reported_point,119,4,4,0,4,119
l196-s4-petersson-2006,article:l196,material_identity,0.0,0,0.5,interval_upper,119,4,0,0,0,119
l196-s4-petersson-2006,article:l196,material_identity,0.0,0,0.5,coverage_0.5,119,4,0,0,0,119
l196-s4-petersson-2006,article:l196,material_identity,0.0,0,0.5,coverage_0.75,119,4,0,0,0,119
l196-s4-petersson-2006,article:l196,experimental_protocol,0.0,0,0.1,reported_point,119,0,0,0,0,119
l196-s4-petersson-2006,article:l196,experimental_protocol,0.0,0,0.1,interval_upper,119,0,0,0,0,119
l196-s4-petersson-2006,article:l196,experimental_protocol,0.0,0,0.1,coverage_0.5,119,0,0,0,0,119
l196-s4-petersson-2006,article:l196,experimental_protocol,0.0,0,0.1,coverage_0.75,119,0,0,0,0,119
l196-s4-petersson-2006,article:l196,experimental_protocol,0.0,0,0.2,reported_point,119,0,0,0,0,119
l196-s4-petersson-2006,article:l196,experimental_protocol,0.0,0,0.2,interval_upper,119,0,0,0,0,119
l196-s4-petersson-2006,article:l196,experimental_protocol,0.0,0,0.2,coverage_0.5,119,0,0,0,0,119
l196-s4-petersson-2006,article:l196,experimental_protocol,0.0,0,0.2,coverage_0.75,119,0,0,0,0,119
l196-s4-petersson-2006,article:l196,experimental_protocol,0.0,0,0.3,reported_point,119,0,0,0,0,119
l196-s4-petersson-2006,article:l196,experimental_protocol,0.0,0,0.3,interval_upper,119,0,0,0,0,119
l196-s4-petersson-2006,article:l196,experimental_protocol,0.0,0,0.3,coverage_0.5,119,0,0,0,0,119
l196-s4-petersson-2006,article:l196,experimental_protocol,0.0,0,0.3,coverage_0.75,119,0,0,0,0,119
l196-s4-petersson-2006,article:l196,experimental_protocol,0.0,0,0.4,reported_point,119,0,0,0,0,119
l196-s4-petersson-2006,article:l196,experimental_protocol,0.0,0,0.4,interval_upper,119,0,0,0,0,119
l196-s4-petersson-2006,article:l196,experimental_protocol,0.0,0,0.4,coverage_0.5,119,0,0,0,0,119
l196-s4-petersson-2006,article:l196,experimental_protocol,0.0,0,0.4,coverage_0.75,119,0,0,0,0,119
l196-s4-petersson-2006,article:l196,experimental_protocol,0.0,0,0.5,reported_point,119,1,1,0,1,119
l196-s4-petersson-2006,article:l196,experimental_protocol,0.0,0,0.5,interval_upper,119,1,0,0,0,119
l196-s4-petersson-2006,article:l196,experimental_protocol,0.0,0,0.5,coverage_0.5,119,1,1,0,1,119
l196-s4-petersson-2006,article:l196,experimental_protocol,0.0,0,0.5,coverage_0.75,119,1,0,0,0,119
l196-s4-petersson-2006,article:l196,balanced_instance,0.0,0,0.1,reported_point,119,0,0,0,0,119
l196-s4-petersson-2006,article:l196,balanced_instance,0.0,0,0.1,interval_upper,119,0,0,0,0,119
l196-s4-petersson-2006,article:l196,balanced_instance,0.0,0,0.1,coverage_0.5,119,0,0,0,0,119
l196-s4-petersson-2006,article:l196,balanced_instance,0.0,0,0.1,coverage_0.75,119,0,0,0,0,119
l196-s4-petersson-2006,article:l196,balanced_instance,0.0,0,0.2,reported_point,119,0,0,0,0,119
l196-s4-petersson-2006,article:l196,balanced_instance,0.0,0,0.2,interval_upper,119,0,0,0,0,119
l196-s4-petersson-2006,article:l196,balanced_instance,0.0,0,0.2,coverage_0.5,119,0,0,0,0,119
l196-s4-petersson-2006,article:l196,balanced_instance,0.0,0,0.2,coverage_0.75,119,0,0,0,0,119
l196-s4-petersson-2006,article:l196,balanced_instance,0.0,0,0.3,reported_point,119,0,0,0,0,119
l196-s4-petersson-2006,article:l196,balanced_instance,0.0,0,0.3,interval_upper,119,0,0,0,0,119
l196-s4-petersson-2006,article:l196,balanced_instance,0.0,0,0.3,coverage_0.5,119,0,0,0,0,119
l196-s4-petersson-2006,article:l196,balanced_instance,0.0,0,0.3,coverage_0.75,119,0,0,0,0,119
l196-s4-petersson-2006,article:l196,balanced_instance,0.0,0,0.4,reported_point,119,0,0,0,0,119
l196-s4-petersson-2006,article:l196,balanced_instance,0.0,0,0.4,interval_upper,119,0,0,0,0,119
l196-s4-petersson-2006,article:l196,balanced_instance,0.0,0,0.4,coverage_0.5,119,0,0,0,0,119
l196-s4-petersson-2006,article:l196,balanced_instance,0.0,0,0.4,coverage_0.75,119,0,0,0,0,119
l196-s4-petersson-2006,article:l196,balanced_instance,0.0,0,0.5,reported_point,119,1,1,0,1,119
l196-s4-petersson-2006,article:l196,balanced_instance,0.0,0,0.5,interval_upper,119,1,0,0,0,119
l196-s4-petersson-2006,article:l196,balanced_instance,0.0,0,0.5,coverage_0.5,119,1,1,0,1,119
l196-s4-petersson-2006,article:l196,balanced_instance,0.0,0,0.5,coverage_0.75,119,1,0,0,0,119
l385-s3-bailey-2019,article:l385,material_identity,0.0,0,0.1,reported_point,119,0,0,0,0,119
l385-s3-bailey-2019,article:l385,material_identity,0.0,0,0.1,interval_upper,119,0,0,0,0,119
l385-s3-bailey-2019,article:l385,material_identity,0.0,0,0.1,coverage_0.5,119,0,0,0,0,119
l385-s3-bailey-2019,article:l385,material_identity,0.0,0,0.1,coverage_0.75,119,0,0,0,0,119
l385-s3-bailey-2019,article:l385,material_identity,0.0,0,0.2,reported_point,119,0,0,0,0,119
l385-s3-bailey-2019,article:l385,material_identity,0.0,0,0.2,interval_upper,119,0,0,0,0,119
l385-s3-bailey-2019,article:l385,material_identity,0.0,0,0.2,coverage_0.5,119,0,0,0,0,119
l385-s3-bailey-2019,article:l385,material_identity,0.0,0,0.2,coverage_0.75,119,0,0,0,0,119
l385-s3-bailey-2019,article:l385,material_identity,0.0,0,0.3,reported_point,119,0,0,0,0,119
l385-s3-bailey-2019,article:l385,material_identity,0.0,0,0.3,interval_upper,119,0,0,0,0,119
l385-s3-bailey-2019,article:l385,material_identity,0.0,0,0.3,coverage_0.5,119,0,0,0,0,119
l385-s3-bailey-2019,article:l385,material_identity,0.0,0,0.3,coverage_0.75,119,0,0,0,0,119
l385-s3-bailey-2019,article:l385,material_identity,0.0,0,0.4,reported_point,119,0,0,0,0,119
l385-s3-bailey-2019,article:l385,material_identity,0.0,0,0.4,interval_upper,119,0,0,0,0,119
l385-s3-bailey-2019,article:l385,material_identity,0.0,0,0.4,coverage_0.5,119,0,0,0,0,119
l385-s3-bailey-2019,article:l385,material_identity,0.0,0,0.4,coverage_0.75,119,0,0,0,0,119
l385-s3-bailey-2019,article:l385,material_identity,0.0,0,0.5,reported_point,119,1,1,0,1,119
l385-s3-bailey-2019,article:l385,material_identity,0.0,0,0.5,interval_upper,119,1,0,0,0,119
l385-s3-bailey-2019,article:l385,material_identity,0.0,0,0.5,coverage_0.5,119,1,0,0,0,119
l385-s3-bailey-2019,article:l385,material_identity,0.0,0,0.5,coverage_0.75,119,1,0,0,0,119
l385-s3-bailey-2019,article:l385,experimental_protocol,0.0,0,0.1,reported_point,119,0,0,0,0,119
l385-s3-bailey-2019,article:l385,experimental_protocol,0.0,0,0.1,interval_upper,119,0,0,0,0,119
l385-s3-bailey-2019,article:l385,experimental_protocol,0.0,0,0.1,coverage_0.5,119,0,0,0,0,119
l385-s3-bailey-2019,article:l385,experimental_protocol,0.0,0,0.1,coverage_0.75,119,0,0,0,0,119
l385-s3-bailey-2019,article:l385,experimental_protocol,0.0,0,0.2,reported_point,119,0,0,0,0,119
l385-s3-bailey-2019,article:l385,experimental_protocol,0.0,0,0.2,interval_upper,119,0,0,0,0,119
l385-s3-bailey-2019,article:l385,experimental_protocol,0.0,0,0.2,coverage_0.5,119,0,0,0,0,119
l385-s3-bailey-2019,article:l385,experimental_protocol,0.0,0,0.2,coverage_0.75,119,0,0,0,0,119
l385-s3-bailey-2019,article:l385,experimental_protocol,0.0,0,0.3,reported_point,119,0,0,0,0,119
l385-s3-bailey-2019,article:l385,experimental_protocol,0.0,0,0.3,interval_upper,119,0,0,0,0,119
l385-s3-bailey-2019,article:l385,experimental_protocol,0.0,0,0.3,coverage_0.5,119,0,0,0,0,119
l385-s3-bailey-2019,article:l385,experimental_protocol,0.0,0,0.3,coverage_0.75,119,0,0,0,0,119
l385-s3-bailey-2019,article:l385,experimental_protocol,0.0,0,0.4,reported_point,119,0,0,0,0,119
l385-s3-bailey-2019,article:l385,experimental_protocol,0.0,0,0.4,interval_upper,119,0,0,0,0,119
l385-s3-bailey-2019,article:l385,experimental_protocol,0.0,0,0.4,coverage_0.5,119,0,0,0,0,119
l385-s3-bailey-2019,article:l385,experimental_protocol,0.0,0,0.4,coverage_0.75,119,0,0,0,0,119
l385-s3-bailey-2019,article:l385,experimental_protocol,0.0,0,0.5,reported_point,119,0,0,0,0,119
l385-s3-bailey-2019,article:l385,experimental_protocol,0.0,0,0.5,interval_upper,119,0,0,0,0,119
l385-s3-bailey-2019,article:l385,experimental_protocol,0.0,0,0.5,coverage_0.5,119,0,0,0,0,119
l385-s3-bailey-2019,article:l385,experimental_protocol,0.0,0,0.5,coverage_0.75,119,0,0,0,0,119
l385-s3-bailey-2019,article:l385,balanced_instance,0.0,0,0.1,reported_point,119,0,0,0,0,119
l385-s3-bailey-2019,article:l385,balanced_instance,0.0,0,0.1,interval_upper,119,0,0,0,0,119
l385-s3-bailey-2019,article:l385,balanced_instance,0.0,0,0.1,coverage_0.5,119,0,0,0,0,119
l385-s3-bailey-2019,article:l385,balanced_instance,0.0,0,0.1,coverage_0.75,119,0,0,0,0,119
l385-s3-bailey-2019,article:l385,balanced_instance,0.0,0,0.2,reported_point,119,0,0,0,0,119
l385-s3-bailey-2019,article:l385,balanced_instance,0.0,0,0.2,interval_upper,119,0,0,0,0,119
l385-s3-bailey-2019,article:l385,balanced_instance,0.0,0,0.2,coverage_0.5,119,0,0,0,0,119
l385-s3-bailey-2019,article:l385,balanced_instance,0.0,0,0.2,coverage_0.75,119,0,0,0,0,119
l385-s3-bailey-2019,article:l385,balanced_instance,0.0,0,0.3,reported_point,119,0,0,0,0,119
l385-s3-bailey-2019,article:l385,balanced_instance,0.0,0,0.3,interval_upper,119,0,0,0,0,119
l385-s3-bailey-2019,article:l385,balanced_instance,0.0,0,0.3,coverage_0.5,119,0,0,0,0,119
l385-s3-bailey-2019,article:l385,balanced_instance,0.0,0,0.3,coverage_0.75,119,0,0,0,0,119
l385-s3-bailey-2019,article:l385,balanced_instance,0.0,0,0.4,reported_point,119,0,0,0,0,119
l385-s3-bailey-2019,article:l385,balanced_instance,0.0,0,0.4,interval_upper,119,0,0,0,0,119
l385-s3-bailey-2019,article:l385,balanced_instance,0.0,0,0.4,coverage_0.5,119,0,0,0,0,119
l385-s3-bailey-2019,article:l385,balanced_instance,0.0,0,0.4,coverage_0.75,119,0,0,0,0,119
l385-s3-bailey-2019,article:l385,balanced_instance,0.0,0,0.5,reported_point,119,1,1,0,1,119
l385-s3-bailey-2019,article:l385,balanced_instance,0.0,0,0.5,interval_upper,119,1,0,0,0,119
l385-s3-bailey-2019,article:l385,balanced_instance,0.0,0,0.5,coverage_0.5,119,1,1,0,1,119
l385-s3-bailey-2019,article:l385,balanced_instance,0.0,0,0.5,coverage_0.75,119,1,0,0,0,119
l308-s4-demetrio-2013,article:l308,material_identity,0.0,0,0.1,reported_point,118,0,0,0,0,118
l308-s4-demetrio-2013,article:l308,material_identity,0.0,0,0.1,interval_upper,118,0,0,0,0,118
l308-s4-demetrio-2013,article:l308,material_identity,0.0,0,0.1,coverage_0.5,118,0,0,0,0,118
l308-s4-demetrio-2013,article:l308,material_identity,0.0,0,0.1,coverage_0.75,118,0,0,0,0,118
l308-s4-demetrio-2013,article:l308,material_identity,0.0,0,0.2,reported_point,118,0,0,0,0,118
l308-s4-demetrio-2013,article:l308,material_identity,0.0,0,0.2,interval_upper,118,0,0,0,0,118
l308-s4-demetrio-2013,article:l308,material_identity,0.0,0,0.2,coverage_0.5,118,0,0,0,0,118
l308-s4-demetrio-2013,article:l308,material_identity,0.0,0,0.2,coverage_0.75,118,0,0,0,0,118
l308-s4-demetrio-2013,article:l308,material_identity,0.0,0,0.3,reported_point,118,5,5,0,5,118
l308-s4-demetrio-2013,article:l308,material_identity,0.0,0,0.3,interval_upper,118,5,0,0,0,118
l308-s4-demetrio-2013,article:l308,material_identity,0.0,0,0.3,coverage_0.5,118,5,0,0,0,118
l308-s4-demetrio-2013,article:l308,material_identity,0.0,0,0.3,coverage_0.75,118,5,0,0,0,118
l308-s4-demetrio-2013,article:l308,material_identity,0.0,0,0.4,reported_point,118,6,6,0,6,118
l308-s4-demetrio-2013,article:l308,material_identity,0.0,0,0.4,interval_upper,118,6,0,0,0,118
l308-s4-demetrio-2013,article:l308,material_identity,0.0,0,0.4,coverage_0.5,118,6,0,0,0,118
l308-s4-demetrio-2013,article:l308,material_identity,0.0,0,0.4,coverage_0.75,118,6,0,0,0,118
l308-s4-demetrio-2013,article:l308,material_identity,0.0,0,0.5,reported_point,118,7,7,0,7,118
l308-s4-demetrio-2013,article:l308,material_identity,0.0,0,0.5,interval_upper,118,7,0,0,0,118
l308-s4-demetrio-2013,article:l308,material_identity,0.0,0,0.5,coverage_0.5,118,7,0,0,0,118
l308-s4-demetrio-2013,article:l308,material_identity,0.0,0,0.5,coverage_0.75,118,7,0,0,0,118
l308-s4-demetrio-2013,article:l308,experimental_protocol,0.0,0,0.1,reported_point,118,0,0,0,0,118
l308-s4-demetrio-2013,article:l308,experimental_protocol,0.0,0,0.1,interval_upper,118,0,0,0,0,118
l308-s4-demetrio-2013,article:l308,experimental_protocol,0.0,0,0.1,coverage_0.5,118,0,0,0,0,118
l308-s4-demetrio-2013,article:l308,experimental_protocol,0.0,0,0.1,coverage_0.75,118,0,0,0,0,118
l308-s4-demetrio-2013,article:l308,experimental_protocol,0.0,0,0.2,reported_point,118,0,0,0,0,118
l308-s4-demetrio-2013,article:l308,experimental_protocol,0.0,0,0.2,interval_upper,118,0,0,0,0,118
l308-s4-demetrio-2013,article:l308,experimental_protocol,0.0,0,0.2,coverage_0.5,118,0,0,0,0,118
l308-s4-demetrio-2013,article:l308,experimental_protocol,0.0,0,0.2,coverage_0.75,118,0,0,0,0,118
l308-s4-demetrio-2013,article:l308,experimental_protocol,0.0,0,0.3,reported_point,118,0,0,0,0,118
l308-s4-demetrio-2013,article:l308,experimental_protocol,0.0,0,0.3,interval_upper,118,0,0,0,0,118
l308-s4-demetrio-2013,article:l308,experimental_protocol,0.0,0,0.3,coverage_0.5,118,0,0,0,0,118
l308-s4-demetrio-2013,article:l308,experimental_protocol,0.0,0,0.3,coverage_0.75,118,0,0,0,0,118
l308-s4-demetrio-2013,article:l308,experimental_protocol,0.0,0,0.4,reported_point,118,0,0,0,0,118
l308-s4-demetrio-2013,article:l308,experimental_protocol,0.0,0,0.4,interval_upper,118,0,0,0,0,118
l308-s4-demetrio-2013,article:l308,experimental_protocol,0.0,0,0.4,coverage_0.5,118,0,0,0,0,118
l308-s4-demetrio-2013,article:l308,experimental_protocol,0.0,0,0.4,coverage_0.75,118,0,0,0,0,118
l308-s4-demetrio-2013,article:l308,experimental_protocol,0.0,0,0.5,reported_point,118,3,3,0,3,118
l308-s4-demetrio-2013,article:l308,experimental_protocol,0.0,0,0.5,interval_upper,118,3,2,0,2,118
l308-s4-demetrio-2013,article:l308,experimental_protocol,0.0,0,0.5,coverage_0.5,118,3,3,0,3,118
l308-s4-demetrio-2013,article:l308,experimental_protocol,0.0,0,0.5,coverage_0.75,118,3,0,0,0,118
l308-s4-demetrio-2013,article:l308,balanced_instance,0.0,0,0.1,reported_point,118,0,0,0,0,118
l308-s4-demetrio-2013,article:l308,balanced_instance,0.0,0,0.1,interval_upper,118,0,0,0,0,118
l308-s4-demetrio-2013,article:l308,balanced_instance,0.0,0,0.1,coverage_0.5,118,0,0,0,0,118
l308-s4-demetrio-2013,article:l308,balanced_instance,0.0,0,0.1,coverage_0.75,118,0,0,0,0,118
l308-s4-demetrio-2013,article:l308,balanced_instance,0.0,0,0.2,reported_point,118,0,0,0,0,118
l308-s4-demetrio-2013,article:l308,balanced_instance,0.0,0,0.2,interval_upper,118,0,0,0,0,118
l308-s4-demetrio-2013,article:l308,balanced_instance,0.0,0,0.2,coverage_0.5,118,0,0,0,0,118
l308-s4-demetrio-2013,article:l308,balanced_instance,0.0,0,0.2,coverage_0.75,118,0,0,0,0,118
l308-s4-demetrio-2013,article:l308,balanced_instance,0.0,0,0.3,reported_point,118,0,0,0,0,118
l308-s4-demetrio-2013,article:l308,balanced_instance,0.0,0,0.3,interval_upper,118,0,0,0,0,118
l308-s4-demetrio-2013,article:l308,balanced_instance,0.0,0,0.3,coverage_0.5,118,0,0,0,0,118
l308-s4-demetrio-2013,article:l308,balanced_instance,0.0,0,0.3,coverage_0.75,118,0,0,0,0,118
l308-s4-demetrio-2013,article:l308,balanced_instance,0.0,0,0.4,reported_point,118,0,0,0,0,118
l308-s4-demetrio-2013,article:l308,balanced_instance,0.0,0,0.4,interval_upper,118,0,0,0,0,118
l308-s4-demetrio-2013,article:l308,balanced_instance,0.0,0,0.4,coverage_0.5,118,0,0,0,0,118
l308-s4-demetrio-2013,article:l308,balanced_instance,0.0,0,0.4,coverage_0.75,118,0,0,0,0,118
l308-s4-demetrio-2013,article:l308,balanced_instance,0.0,0,0.5,reported_point,118,2,2,0,2,118
l308-s4-demetrio-2013,article:l308,balanced_instance,0.0,0,0.5,interval_upper,118,2,0,0,0,118
l308-s4-demetrio-2013,article:l308,balanced_instance,0.0,0,0.5,coverage_0.5,118,2,2,0,2,118
l308-s4-demetrio-2013,article:l308,balanced_instance,0.0,0,0.5,coverage_0.75,118,2,0,0,0,118
l240-s6-hong-2005,article:l240,material_identity,0.0,0,0.1,reported_point,119,0,0,0,0,119
l240-s6-hong-2005,article:l240,material_identity,0.0,0,0.1,interval_upper,119,0,0,0,0,119
l240-s6-hong-2005,article:l240,material_identity,0.0,0,0.1,coverage_0.5,119,0,0,0,0,119
l240-s6-hong-2005,article:l240,material_identity,0.0,0,0.1,coverage_0.75,119,0,0,0,0,119
l240-s6-hong-2005,article:l240,material_identity,0.0,0,0.2,reported_point,119,0,0,0,0,119
l240-s6-hong-2005,article:l240,material_identity,0.0,0,0.2,interval_upper,119,0,0,0,0,119
l240-s6-hong-2005,article:l240,material_identity,0.0,0,0.2,coverage_0.5,119,0,0,0,0,119
l240-s6-hong-2005,article:l240,material_identity,0.0,0,0.2,coverage_0.75,119,0,0,0,0,119
l240-s6-hong-2005,article:l240,material_identity,0.0,0,0.3,reported_point,119,0,0,0,0,119
l240-s6-hong-2005,article:l240,material_identity,0.0,0,0.3,interval_upper,119,0,0,0,0,119
l240-s6-hong-2005,article:l240,material_identity,0.0,0,0.3,coverage_0.5,119,0,0,0,0,119
l240-s6-hong-2005,article:l240,material_identity,0.0,0,0.3,coverage_0.75,119,0,0,0,0,119
l240-s6-hong-2005,article:l240,material_identity,0.0,0,0.4,reported_point,119,0,0,0,0,119
l240-s6-hong-2005,article:l240,material_identity,0.0,0,0.4,interval_upper,119,0,0,0,0,119
l240-s6-hong-2005,article:l240,material_identity,0.0,0,0.4,coverage_0.5,119,0,0,0,0,119
l240-s6-hong-2005,article:l240,material_identity,0.0,0,0.4,coverage_0.75,119,0,0,0,0,119
l240-s6-hong-2005,article:l240,material_identity,0.0,0,0.5,reported_point,119,0,0,0,0,119
l240-s6-hong-2005,article:l240,material_identity,0.0,0,0.5,interval_upper,119,0,0,0,0,119
l240-s6-hong-2005,article:l240,material_identity,0.0,0,0.5,coverage_0.5,119,0,0,0,0,119
l240-s6-hong-2005,article:l240,material_identity,0.0,0,0.5,coverage_0.75,119,0,0,0,0,119
l240-s6-hong-2005,article:l240,experimental_protocol,0.0,0,0.1,reported_point,119,0,0,0,0,119
l240-s6-hong-2005,article:l240,experimental_protocol,0.0,0,0.1,interval_upper,119,0,0,0,0,119
l240-s6-hong-2005,article:l240,experimental_protocol,0.0,0,0.1,coverage_0.5,119,0,0,0,0,119
l240-s6-hong-2005,article:l240,experimental_protocol,0.0,0,0.1,coverage_0.75,119,0,0,0,0,119
l240-s6-hong-2005,article:l240,experimental_protocol,0.0,0,0.2,reported_point,119,0,0,0,0,119
l240-s6-hong-2005,article:l240,experimental_protocol,0.0,0,0.2,interval_upper,119,0,0,0,0,119
l240-s6-hong-2005,article:l240,experimental_protocol,0.0,0,0.2,coverage_0.5,119,0,0,0,0,119
l240-s6-hong-2005,article:l240,experimental_protocol,0.0,0,0.2,coverage_0.75,119,0,0,0,0,119
l240-s6-hong-2005,article:l240,experimental_protocol,0.0,0,0.3,reported_point,119,1,1,0,1,119
l240-s6-hong-2005,article:l240,experimental_protocol,0.0,0,0.3,interval_upper,119,1,0,0,0,119
l240-s6-hong-2005,article:l240,experimental_protocol,0.0,0,0.3,coverage_0.5,119,1,1,0,1,119
l240-s6-hong-2005,article:l240,experimental_protocol,0.0,0,0.3,coverage_0.75,119,1,0,0,0,119
l240-s6-hong-2005,article:l240,experimental_protocol,0.0,0,0.4,reported_point,119,3,3,0,3,119
l240-s6-hong-2005,article:l240,experimental_protocol,0.0,0,0.4,interval_upper,119,3,0,0,0,119
l240-s6-hong-2005,article:l240,experimental_protocol,0.0,0,0.4,coverage_0.5,119,3,3,0,3,119
l240-s6-hong-2005,article:l240,experimental_protocol,0.0,0,0.4,coverage_0.75,119,3,0,0,0,119
l240-s6-hong-2005,article:l240,experimental_protocol,0.0,0,0.5,reported_point,119,3,3,0,3,119
l240-s6-hong-2005,article:l240,experimental_protocol,0.0,0,0.5,interval_upper,119,3,1,0,1,119
l240-s6-hong-2005,article:l240,experimental_protocol,0.0,0,0.5,coverage_0.5,119,3,3,0,3,119
l240-s6-hong-2005,article:l240,experimental_protocol,0.0,0,0.5,coverage_0.75,119,3,0,0,0,119
l240-s6-hong-2005,article:l240,balanced_instance,0.0,0,0.1,reported_point,119,0,0,0,0,119
l240-s6-hong-2005,article:l240,balanced_instance,0.0,0,0.1,interval_upper,119,0,0,0,0,119
l240-s6-hong-2005,article:l240,balanced_instance,0.0,0,0.1,coverage_0.5,119,0,0,0,0,119
l240-s6-hong-2005,article:l240,balanced_instance,0.0,0,0.1,coverage_0.75,119,0,0,0,0,119
l240-s6-hong-2005,article:l240,balanced_instance,0.0,0,0.2,reported_point,119,0,0,0,0,119
l240-s6-hong-2005,article:l240,balanced_instance,0.0,0,0.2,interval_upper,119,0,0,0,0,119
l240-s6-hong-2005,article:l240,balanced_instance,0.0,0,0.2,coverage_0.5,119,0,0,0,0,119
l240-s6-hong-2005,article:l240,balanced_instance,0.0,0,0.2,coverage_0.75,119,0,0,0,0,119
l240-s6-hong-2005,article:l240,balanced_instance,0.0,0,0.3,reported_point,119,0,0,0,0,119
l240-s6-hong-2005,article:l240,balanced_instance,0.0,0,0.3,interval_upper,119,0,0,0,0,119
l240-s6-hong-2005,article:l240,balanced_instance,0.0,0,0.3,coverage_0.5,119,0,0,0,0,119
l240-s6-hong-2005,article:l240,balanced_instance,0.0,0,0.3,coverage_0.75,119,0,0,0,0,119
l240-s6-hong-2005,article:l240,balanced_instance,0.0,0,0.4,reported_point,119,0,0,0,0,119
l240-s6-hong-2005,article:l240,balanced_instance,0.0,0,0.4,interval_upper,119,0,0,0,0,119
l240-s6-hong-2005,article:l240,balanced_instance,0.0,0,0.4,coverage_0.5,119,0,0,0,0,119
l240-s6-hong-2005,article:l240,balanced_instance,0.0,0,0.4,coverage_0.75,119,0,0,0,0,119
l240-s6-hong-2005,article:l240,balanced_instance,0.0,0,0.5,reported_point,119,1,1,0,1,119
l240-s6-hong-2005,article:l240,balanced_instance,0.0,0,0.5,interval_upper,119,1,0,0,0,119
l240-s6-hong-2005,article:l240,balanced_instance,0.0,0,0.5,coverage_0.5,119,1,1,0,1,119
l240-s6-hong-2005,article:l240,balanced_instance,0.0,0,0.5,coverage_0.75,119,1,0,0,0,119
l262-s5-oyarzabal-2016,article:l262,material_identity,0.0,0,0.1,reported_point,119,0,0,0,0,119
l262-s5-oyarzabal-2016,article:l262,material_identity,0.0,0,0.1,interval_upper,119,0,0,0,0,119
l262-s5-oyarzabal-2016,article:l262,material_identity,0.0,0,0.1,coverage_0.5,119,0,0,0,0,119
l262-s5-oyarzabal-2016,article:l262,material_identity,0.0,0,0.1,coverage_0.75,119,0,0,0,0,119
l262-s5-oyarzabal-2016,article:l262,material_identity,0.0,0,0.2,reported_point,119,0,0,0,0,119
l262-s5-oyarzabal-2016,article:l262,material_identity,0.0,0,0.2,interval_upper,119,0,0,0,0,119
l262-s5-oyarzabal-2016,article:l262,material_identity,0.0,0,0.2,coverage_0.5,119,0,0,0,0,119
l262-s5-oyarzabal-2016,article:l262,material_identity,0.0,0,0.2,coverage_0.75,119,0,0,0,0,119
l262-s5-oyarzabal-2016,article:l262,material_identity,0.0,0,0.3,reported_point,119,1,1,0,1,119
l262-s5-oyarzabal-2016,article:l262,material_identity,0.0,0,0.3,interval_upper,119,1,0,0,0,119
l262-s5-oyarzabal-2016,article:l262,material_identity,0.0,0,0.3,coverage_0.5,119,1,0,0,0,119
l262-s5-oyarzabal-2016,article:l262,material_identity,0.0,0,0.3,coverage_0.75,119,1,0,0,0,119
l262-s5-oyarzabal-2016,article:l262,material_identity,0.0,0,0.4,reported_point,119,5,5,0,5,119
l262-s5-oyarzabal-2016,article:l262,material_identity,0.0,0,0.4,interval_upper,119,5,0,0,0,119
l262-s5-oyarzabal-2016,article:l262,material_identity,0.0,0,0.4,coverage_0.5,119,5,0,0,0,119
l262-s5-oyarzabal-2016,article:l262,material_identity,0.0,0,0.4,coverage_0.75,119,5,0,0,0,119
l262-s5-oyarzabal-2016,article:l262,material_identity,0.0,0,0.5,reported_point,119,12,12,0,12,119
l262-s5-oyarzabal-2016,article:l262,material_identity,0.0,0,0.5,interval_upper,119,12,0,0,0,119
l262-s5-oyarzabal-2016,article:l262,material_identity,0.0,0,0.5,coverage_0.5,119,12,0,0,0,119
l262-s5-oyarzabal-2016,article:l262,material_identity,0.0,0,0.5,coverage_0.75,119,12,0,0,0,119
l262-s5-oyarzabal-2016,article:l262,experimental_protocol,0.0,0,0.1,reported_point,119,0,0,0,0,119
l262-s5-oyarzabal-2016,article:l262,experimental_protocol,0.0,0,0.1,interval_upper,119,0,0,0,0,119
l262-s5-oyarzabal-2016,article:l262,experimental_protocol,0.0,0,0.1,coverage_0.5,119,0,0,0,0,119
l262-s5-oyarzabal-2016,article:l262,experimental_protocol,0.0,0,0.1,coverage_0.75,119,0,0,0,0,119
l262-s5-oyarzabal-2016,article:l262,experimental_protocol,0.0,0,0.2,reported_point,119,1,1,0,1,119
l262-s5-oyarzabal-2016,article:l262,experimental_protocol,0.0,0,0.2,interval_upper,119,1,0,0,0,119
l262-s5-oyarzabal-2016,article:l262,experimental_protocol,0.0,0,0.2,coverage_0.5,119,1,1,0,1,119
l262-s5-oyarzabal-2016,article:l262,experimental_protocol,0.0,0,0.2,coverage_0.75,119,1,0,0,0,119
l262-s5-oyarzabal-2016,article:l262,experimental_protocol,0.0,0,0.3,reported_point,119,4,4,0,4,119
l262-s5-oyarzabal-2016,article:l262,experimental_protocol,0.0,0,0.3,interval_upper,119,4,0,0,0,119
l262-s5-oyarzabal-2016,article:l262,experimental_protocol,0.0,0,0.3,coverage_0.5,119,4,4,0,4,119
l262-s5-oyarzabal-2016,article:l262,experimental_protocol,0.0,0,0.3,coverage_0.75,119,4,0,0,0,119
l262-s5-oyarzabal-2016,article:l262,experimental_protocol,0.0,0,0.4,reported_point,119,4,4,0,4,119
l262-s5-oyarzabal-2016,article:l262,experimental_protocol,0.0,0,0.4,interval_upper,119,4,4,0,4,119
l262-s5-oyarzabal-2016,article:l262,experimental_protocol,0.0,0,0.4,coverage_0.5,119,4,4,0,4,119
l262-s5-oyarzabal-2016,article:l262,experimental_protocol,0.0,0,0.4,coverage_0.75,119,4,0,0,0,119
l262-s5-oyarzabal-2016,article:l262,experimental_protocol,0.0,0,0.5,reported_point,119,7,7,0,7,119
l262-s5-oyarzabal-2016,article:l262,experimental_protocol,0.0,0,0.5,interval_upper,119,7,4,0,4,119
l262-s5-oyarzabal-2016,article:l262,experimental_protocol,0.0,0,0.5,coverage_0.5,119,7,7,0,7,119
l262-s5-oyarzabal-2016,article:l262,experimental_protocol,0.0,0,0.5,coverage_0.75,119,7,0,0,0,119
l262-s5-oyarzabal-2016,article:l262,balanced_instance,0.0,0,0.1,reported_point,119,0,0,0,0,119
l262-s5-oyarzabal-2016,article:l262,balanced_instance,0.0,0,0.1,interval_upper,119,0,0,0,0,119
l262-s5-oyarzabal-2016,article:l262,balanced_instance,0.0,0,0.1,coverage_0.5,119,0,0,0,0,119
l262-s5-oyarzabal-2016,article:l262,balanced_instance,0.0,0,0.1,coverage_0.75,119,0,0,0,0,119
l262-s5-oyarzabal-2016,article:l262,balanced_instance,0.0,0,0.2,reported_point,119,0,0,0,0,119
l262-s5-oyarzabal-2016,article:l262,balanced_instance,0.0,0,0.2,interval_upper,119,0,0,0,0,119
l262-s5-oyarzabal-2016,article:l262,balanced_instance,0.0,0,0.2,coverage_0.5,119,0,0,0,0,119
l262-s5-oyarzabal-2016,article:l262,balanced_instance,0.0,0,0.2,coverage_0.75,119,0,0,0,0,119
l262-s5-oyarzabal-2016,article:l262,balanced_instance,0.0,0,0.3,reported_point,119,1,1,0,1,119
l262-s5-oyarzabal-2016,article:l262,balanced_instance,0.0,0,0.3,interval_upper,119,1,0,0,0,119
l262-s5-oyarzabal-2016,article:l262,balanced_instance,0.0,0,0.3,coverage_0.5,119,1,1,0,1,119
l262-s5-oyarzabal-2016,article:l262,balanced_instance,0.0,0,0.3,coverage_0.75,119,1,0,0,0,119
l262-s5-oyarzabal-2016,article:l262,balanced_instance,0.0,0,0.4,reported_point,119,1,1,0,1,119
l262-s5-oyarzabal-2016,article:l262,balanced_instance,0.0,0,0.4,interval_upper,119,1,0,0,0,119
l262-s5-oyarzabal-2016,article:l262,balanced_instance,0.0,0,0.4,coverage_0.5,119,1,1,0,1,119
l262-s5-oyarzabal-2016,article:l262,balanced_instance,0.0,0,0.4,coverage_0.75,119,1,0,0,0,119
l262-s5-oyarzabal-2016,article:l262,balanced_instance,0.0,0,0.5,reported_point,119,6,6,0,6,119
l262-s5-oyarzabal-2016,article:l262,balanced_instance,0.0,0,0.5,interval_upper,119,6,0,0,0,119
l262-s5-oyarzabal-2016,article:l262,balanced_instance,0.0,0,0.5,coverage_0.5,119,6,4,0,4,119
l262-s5-oyarzabal-2016,article:l262,balanced_instance,0.0,0,0.5,coverage_0.75,119,6,0,0,0,119
l378-s1-sotta-2017,article:l378,material_identity,0.0,0,0.1,reported_point,119,1,1,0,1,119
l378-s1-sotta-2017,article:l378,material_identity,0.0,0,0.1,interval_upper,119,1,0,0,0,119
l378-s1-sotta-2017,article:l378,material_identity,0.0,0,0.1,coverage_0.5,119,1,0,0,0,119
l378-s1-sotta-2017,article:l378,material_identity,0.0,0,0.1,coverage_0.75,119,1,0,0,0,119
l378-s1-sotta-2017,article:l378,material_identity,0.0,0,0.2,reported_point,119,1,1,0,1,119
l378-s1-sotta-2017,article:l378,material_identity,0.0,0,0.2,interval_upper,119,1,0,0,0,119
l378-s1-sotta-2017,article:l378,material_identity,0.0,0,0.2,coverage_0.5,119,1,0,0,0,119
l378-s1-sotta-2017,article:l378,material_identity,0.0,0,0.2,coverage_0.75,119,1,0,0,0,119
l378-s1-sotta-2017,article:l378,material_identity,0.0,0,0.3,reported_point,119,1,1,0,1,119
l378-s1-sotta-2017,article:l378,material_identity,0.0,0,0.3,interval_upper,119,1,0,0,0,119
l378-s1-sotta-2017,article:l378,material_identity,0.0,0,0.3,coverage_0.5,119,1,0,0,0,119
l378-s1-sotta-2017,article:l378,material_identity,0.0,0,0.3,coverage_0.75,119,1,0,0,0,119
l378-s1-sotta-2017,article:l378,material_identity,0.0,0,0.4,reported_point,119,1,1,0,1,119
l378-s1-sotta-2017,article:l378,material_identity,0.0,0,0.4,interval_upper,119,1,0,0,0,119
l378-s1-sotta-2017,article:l378,material_identity,0.0,0,0.4,coverage_0.5,119,1,0,0,0,119
l378-s1-sotta-2017,article:l378,material_identity,0.0,0,0.4,coverage_0.75,119,1,0,0,0,119
l378-s1-sotta-2017,article:l378,material_identity,0.0,0,0.5,reported_point,119,1,1,0,1,119
l378-s1-sotta-2017,article:l378,material_identity,0.0,0,0.5,interval_upper,119,1,0,0,0,119
l378-s1-sotta-2017,article:l378,material_identity,0.0,0,0.5,coverage_0.5,119,1,0,0,0,119
l378-s1-sotta-2017,article:l378,material_identity,0.0,0,0.5,coverage_0.75,119,1,0,0,0,119
l378-s1-sotta-2017,article:l378,experimental_protocol,0.0,0,0.1,reported_point,119,1,1,0,1,119
l378-s1-sotta-2017,article:l378,experimental_protocol,0.0,0,0.1,interval_upper,119,1,0,0,0,119
l378-s1-sotta-2017,article:l378,experimental_protocol,0.0,0,0.1,coverage_0.5,119,1,1,0,1,119
l378-s1-sotta-2017,article:l378,experimental_protocol,0.0,0,0.1,coverage_0.75,119,1,0,0,0,119
l378-s1-sotta-2017,article:l378,experimental_protocol,0.0,0,0.2,reported_point,119,1,1,0,1,119
l378-s1-sotta-2017,article:l378,experimental_protocol,0.0,0,0.2,interval_upper,119,1,0,0,0,119
l378-s1-sotta-2017,article:l378,experimental_protocol,0.0,0,0.2,coverage_0.5,119,1,1,0,1,119
l378-s1-sotta-2017,article:l378,experimental_protocol,0.0,0,0.2,coverage_0.75,119,1,0,0,0,119
l378-s1-sotta-2017,article:l378,experimental_protocol,0.0,0,0.3,reported_point,119,1,1,0,1,119
l378-s1-sotta-2017,article:l378,experimental_protocol,0.0,0,0.3,interval_upper,119,1,0,0,0,119
l378-s1-sotta-2017,article:l378,experimental_protocol,0.0,0,0.3,coverage_0.5,119,1,1,0,1,119
l378-s1-sotta-2017,article:l378,experimental_protocol,0.0,0,0.3,coverage_0.75,119,1,0,0,0,119
l378-s1-sotta-2017,article:l378,experimental_protocol,0.0,0,0.4,reported_point,119,3,3,0,3,119
l378-s1-sotta-2017,article:l378,experimental_protocol,0.0,0,0.4,interval_upper,119,3,0,0,0,119
l378-s1-sotta-2017,article:l378,experimental_protocol,0.0,0,0.4,coverage_0.5,119,3,3,0,3,119
l378-s1-sotta-2017,article:l378,experimental_protocol,0.0,0,0.4,coverage_0.75,119,3,0,0,0,119
l378-s1-sotta-2017,article:l378,experimental_protocol,0.0,0,0.5,reported_point,119,5,5,0,5,119
l378-s1-sotta-2017,article:l378,experimental_protocol,0.0,0,0.5,interval_upper,119,5,3,0,3,119
l378-s1-sotta-2017,article:l378,experimental_protocol,0.0,0,0.5,coverage_0.5,119,5,5,0,5,119
l378-s1-sotta-2017,article:l378,experimental_protocol,0.0,0,0.5,coverage_0.75,119,5,0,0,0,119
l378-s1-sotta-2017,article:l378,balanced_instance,0.0,0,0.1,reported_point,119,0,0,0,0,119
l378-s1-sotta-2017,article:l378,balanced_instance,0.0,0,0.1,interval_upper,119,0,0,0,0,119
l378-s1-sotta-2017,article:l378,balanced_instance,0.0,0,0.1,coverage_0.5,119,0,0,0,0,119
l378-s1-sotta-2017,article:l378,balanced_instance,0.0,0,0.1,coverage_0.75,119,0,0,0,0,119
l378-s1-sotta-2017,article:l378,balanced_instance,0.0,0,0.2,reported_point,119,0,0,0,0,119
l378-s1-sotta-2017,article:l378,balanced_instance,0.0,0,0.2,interval_upper,119,0,0,0,0,119
l378-s1-sotta-2017,article:l378,balanced_instance,0.0,0,0.2,coverage_0.5,119,0,0,0,0,119
l378-s1-sotta-2017,article:l378,balanced_instance,0.0,0,0.2,coverage_0.75,119,0,0,0,0,119
l378-s1-sotta-2017,article:l378,balanced_instance,0.0,0,0.3,reported_point,119,0,0,0,0,119
l378-s1-sotta-2017,article:l378,balanced_instance,0.0,0,0.3,interval_upper,119,0,0,0,0,119
l378-s1-sotta-2017,article:l378,balanced_instance,0.0,0,0.3,coverage_0.5,119,0,0,0,0,119
l378-s1-sotta-2017,article:l378,balanced_instance,0.0,0,0.3,coverage_0.75,119,0,0,0,0,119
l378-s1-sotta-2017,article:l378,balanced_instance,0.0,0,0.4,reported_point,119,3,3,0,3,119
l378-s1-sotta-2017,article:l378,balanced_instance,0.0,0,0.4,interval_upper,119,3,0,0,0,119
l378-s1-sotta-2017,article:l378,balanced_instance,0.0,0,0.4,coverage_0.5,119,3,0,0,0,119
l378-s1-sotta-2017,article:l378,balanced_instance,0.0,0,0.4,coverage_0.75,119,3,0,0,0,119
l378-s1-sotta-2017,article:l378,balanced_instance,0.0,0,0.5,reported_point,119,4,4,0,4,119
l378-s1-sotta-2017,article:l378,balanced_instance,0.0,0,0.5,interval_upper,119,4,0,0,0,119
l378-s1-sotta-2017,article:l378,balanced_instance,0.0,0,0.5,coverage_0.5,119,4,0,0,0,119
l378-s1-sotta-2017,article:l378,balanced_instance,0.0,0,0.5,coverage_0.75,119,4,0,0,0,119
l110-s7-singha-2008,article:l110,material_identity,0.0,0,0.1,reported_point,119,4,4,0,4,119
l110-s7-singha-2008,article:l110,material_identity,0.0,0,0.1,interval_upper,119,4,0,0,0,119
l110-s7-singha-2008,article:l110,material_identity,0.0,0,0.1,coverage_0.5,119,4,0,0,0,119
l110-s7-singha-2008,article:l110,material_identity,0.0,0,0.1,coverage_0.75,119,4,0,0,0,119
l110-s7-singha-2008,article:l110,material_identity,0.0,0,0.2,reported_point,119,5,5,0,5,119
l110-s7-singha-2008,article:l110,material_identity,0.0,0,0.2,interval_upper,119,5,0,0,0,119
l110-s7-singha-2008,article:l110,material_identity,0.0,0,0.2,coverage_0.5,119,5,0,0,0,119
l110-s7-singha-2008,article:l110,material_identity,0.0,0,0.2,coverage_0.75,119,5,0,0,0,119
l110-s7-singha-2008,article:l110,material_identity,0.0,0,0.3,reported_point,119,16,16,0,16,119
l110-s7-singha-2008,article:l110,material_identity,0.0,0,0.3,interval_upper,119,16,0,0,0,119
l110-s7-singha-2008,article:l110,material_identity,0.0,0,0.3,coverage_0.5,119,16,0,0,0,119
l110-s7-singha-2008,article:l110,material_identity,0.0,0,0.3,coverage_0.75,119,16,0,0,0,119
l110-s7-singha-2008,article:l110,material_identity,0.0,0,0.4,reported_point,119,23,23,0,23,119
l110-s7-singha-2008,article:l110,material_identity,0.0,0,0.4,interval_upper,119,23,0,0,0,119
l110-s7-singha-2008,article:l110,material_identity,0.0,0,0.4,coverage_0.5,119,23,0,0,0,119
l110-s7-singha-2008,article:l110,material_identity,0.0,0,0.4,coverage_0.75,119,23,0,0,0,119
l110-s7-singha-2008,article:l110,material_identity,0.0,0,0.5,reported_point,119,27,27,0,27,119
l110-s7-singha-2008,article:l110,material_identity,0.0,0,0.5,interval_upper,119,27,0,0,0,119
l110-s7-singha-2008,article:l110,material_identity,0.0,0,0.5,coverage_0.5,119,27,0,0,0,119
l110-s7-singha-2008,article:l110,material_identity,0.0,0,0.5,coverage_0.75,119,27,0,0,0,119
l110-s7-singha-2008,article:l110,experimental_protocol,0.0,0,0.1,reported_point,119,0,0,0,0,119
l110-s7-singha-2008,article:l110,experimental_protocol,0.0,0,0.1,interval_upper,119,0,0,0,0,119
l110-s7-singha-2008,article:l110,experimental_protocol,0.0,0,0.1,coverage_0.5,119,0,0,0,0,119
l110-s7-singha-2008,article:l110,experimental_protocol,0.0,0,0.1,coverage_0.75,119,0,0,0,0,119
l110-s7-singha-2008,article:l110,experimental_protocol,0.0,0,0.2,reported_point,119,0,0,0,0,119
l110-s7-singha-2008,article:l110,experimental_protocol,0.0,0,0.2,interval_upper,119,0,0,0,0,119
l110-s7-singha-2008,article:l110,experimental_protocol,0.0,0,0.2,coverage_0.5,119,0,0,0,0,119
l110-s7-singha-2008,article:l110,experimental_protocol,0.0,0,0.2,coverage_0.75,119,0,0,0,0,119
l110-s7-singha-2008,article:l110,experimental_protocol,0.0,0,0.3,reported_point,119,0,0,0,0,119
l110-s7-singha-2008,article:l110,experimental_protocol,0.0,0,0.3,interval_upper,119,0,0,0,0,119
l110-s7-singha-2008,article:l110,experimental_protocol,0.0,0,0.3,coverage_0.5,119,0,0,0,0,119
l110-s7-singha-2008,article:l110,experimental_protocol,0.0,0,0.3,coverage_0.75,119,0,0,0,0,119
l110-s7-singha-2008,article:l110,experimental_protocol,0.0,0,0.4,reported_point,119,3,3,0,3,119
l110-s7-singha-2008,article:l110,experimental_protocol,0.0,0,0.4,interval_upper,119,3,0,0,0,119
l110-s7-singha-2008,article:l110,experimental_protocol,0.0,0,0.4,coverage_0.5,119,3,3,0,3,119
l110-s7-singha-2008,article:l110,experimental_protocol,0.0,0,0.4,coverage_0.75,119,3,0,0,0,119
l110-s7-singha-2008,article:l110,experimental_protocol,0.0,0,0.5,reported_point,119,6,6,0,6,119
l110-s7-singha-2008,article:l110,experimental_protocol,0.0,0,0.5,interval_upper,119,6,0,0,0,119
l110-s7-singha-2008,article:l110,experimental_protocol,0.0,0,0.5,coverage_0.5,119,6,6,0,6,119
l110-s7-singha-2008,article:l110,experimental_protocol,0.0,0,0.5,coverage_0.75,119,6,0,0,0,119
l110-s7-singha-2008,article:l110,balanced_instance,0.0,0,0.1,reported_point,119,0,0,0,0,119
l110-s7-singha-2008,article:l110,balanced_instance,0.0,0,0.1,interval_upper,119,0,0,0,0,119
l110-s7-singha-2008,article:l110,balanced_instance,0.0,0,0.1,coverage_0.5,119,0,0,0,0,119
l110-s7-singha-2008,article:l110,balanced_instance,0.0,0,0.1,coverage_0.75,119,0,0,0,0,119
l110-s7-singha-2008,article:l110,balanced_instance,0.0,0,0.2,reported_point,119,0,0,0,0,119
l110-s7-singha-2008,article:l110,balanced_instance,0.0,0,0.2,interval_upper,119,0,0,0,0,119
l110-s7-singha-2008,article:l110,balanced_instance,0.0,0,0.2,coverage_0.5,119,0,0,0,0,119
l110-s7-singha-2008,article:l110,balanced_instance,0.0,0,0.2,coverage_0.75,119,0,0,0,0,119
l110-s7-singha-2008,article:l110,balanced_instance,0.0,0,0.3,reported_point,119,0,0,0,0,119
l110-s7-singha-2008,article:l110,balanced_instance,0.0,0,0.3,interval_upper,119,0,0,0,0,119
l110-s7-singha-2008,article:l110,balanced_instance,0.0,0,0.3,coverage_0.5,119,0,0,0,0,119
l110-s7-singha-2008,article:l110,balanced_instance,0.0,0,0.3,coverage_0.75,119,0,0,0,0,119
l110-s7-singha-2008,article:l110,balanced_instance,0.0,0,0.4,reported_point,119,4,4,0,4,119
l110-s7-singha-2008,article:l110,balanced_instance,0.0,0,0.4,interval_upper,119,4,0,0,0,119
l110-s7-singha-2008,article:l110,balanced_instance,0.0,0,0.4,coverage_0.5,119,4,3,0,3,119
l110-s7-singha-2008,article:l110,balanced_instance,0.0,0,0.4,coverage_0.75,119,4,0,0,0,119
l110-s7-singha-2008,article:l110,balanced_instance,0.0,0,0.5,reported_point,119,10,10,0,10,119
l110-s7-singha-2008,article:l110,balanced_instance,0.0,0,0.5,interval_upper,119,10,0,0,0,119
l110-s7-singha-2008,article:l110,balanced_instance,0.0,0,0.5,coverage_0.5,119,10,8,0,8,119
l110-s7-singha-2008,article:l110,balanced_instance,0.0,0,0.5,coverage_0.75,119,10,0,0,0,119
l238-s3-zhao-2008,article:l238,material_identity,0.0,0,0.1,reported_point,119,4,4,0,4,119
l238-s3-zhao-2008,article:l238,material_identity,0.0,0,0.1,interval_upper,119,4,0,0,0,119
l238-s3-zhao-2008,article:l238,material_identity,0.0,0,0.1,coverage_0.5,119,4,0,0,0,119
l238-s3-zhao-2008,article:l238,material_identity,0.0,0,0.1,coverage_0.75,119,4,0,0,0,119
l238-s3-zhao-2008,article:l238,material_identity,0.0,0,0.2,reported_point,119,5,5,0,5,119
l238-s3-zhao-2008,article:l238,material_identity,0.0,0,0.2,interval_upper,119,5,0,0,0,119
l238-s3-zhao-2008,article:l238,material_identity,0.0,0,0.2,coverage_0.5,119,5,0,0,0,119
l238-s3-zhao-2008,article:l238,material_identity,0.0,0,0.2,coverage_0.75,119,5,0,0,0,119
l238-s3-zhao-2008,article:l238,material_identity,0.0,0,0.3,reported_point,119,7,7,0,7,119
l238-s3-zhao-2008,article:l238,material_identity,0.0,0,0.3,interval_upper,119,7,0,0,0,119
l238-s3-zhao-2008,article:l238,material_identity,0.0,0,0.3,coverage_0.5,119,7,0,0,0,119
l238-s3-zhao-2008,article:l238,material_identity,0.0,0,0.3,coverage_0.75,119,7,0,0,0,119
l238-s3-zhao-2008,article:l238,material_identity,0.0,0,0.4,reported_point,119,16,16,0,16,119
l238-s3-zhao-2008,article:l238,material_identity,0.0,0,0.4,interval_upper,119,16,0,0,0,119
l238-s3-zhao-2008,article:l238,material_identity,0.0,0,0.4,coverage_0.5,119,16,0,0,0,119
l238-s3-zhao-2008,article:l238,material_identity,0.0,0,0.4,coverage_0.75,119,16,0,0,0,119
l238-s3-zhao-2008,article:l238,material_identity,0.0,0,0.5,reported_point,119,28,28,0,28,119
l238-s3-zhao-2008,article:l238,material_identity,0.0,0,0.5,interval_upper,119,28,0,0,0,119
l238-s3-zhao-2008,article:l238,material_identity,0.0,0,0.5,coverage_0.5,119,28,0,0,0,119
l238-s3-zhao-2008,article:l238,material_identity,0.0,0,0.5,coverage_0.75,119,28,0,0,0,119
l238-s3-zhao-2008,article:l238,experimental_protocol,0.0,0,0.1,reported_point,119,0,0,0,0,119
l238-s3-zhao-2008,article:l238,experimental_protocol,0.0,0,0.1,interval_upper,119,0,0,0,0,119
l238-s3-zhao-2008,article:l238,experimental_protocol,0.0,0,0.1,coverage_0.5,119,0,0,0,0,119
l238-s3-zhao-2008,article:l238,experimental_protocol,0.0,0,0.1,coverage_0.75,119,0,0,0,0,119
l238-s3-zhao-2008,article:l238,experimental_protocol,0.0,0,0.2,reported_point,119,0,0,0,0,119
l238-s3-zhao-2008,article:l238,experimental_protocol,0.0,0,0.2,interval_upper,119,0,0,0,0,119
l238-s3-zhao-2008,article:l238,experimental_protocol,0.0,0,0.2,coverage_0.5,119,0,0,0,0,119
l238-s3-zhao-2008,article:l238,experimental_protocol,0.0,0,0.2,coverage_0.75,119,0,0,0,0,119
l238-s3-zhao-2008,article:l238,experimental_protocol,0.0,0,0.3,reported_point,119,0,0,0,0,119
l238-s3-zhao-2008,article:l238,experimental_protocol,0.0,0,0.3,interval_upper,119,0,0,0,0,119
l238-s3-zhao-2008,article:l238,experimental_protocol,0.0,0,0.3,coverage_0.5,119,0,0,0,0,119
l238-s3-zhao-2008,article:l238,experimental_protocol,0.0,0,0.3,coverage_0.75,119,0,0,0,0,119
l238-s3-zhao-2008,article:l238,experimental_protocol,0.0,0,0.4,reported_point,119,1,1,0,1,119
l238-s3-zhao-2008,article:l238,experimental_protocol,0.0,0,0.4,interval_upper,119,1,0,0,0,119
l238-s3-zhao-2008,article:l238,experimental_protocol,0.0,0,0.4,coverage_0.5,119,1,1,0,1,119
l238-s3-zhao-2008,article:l238,experimental_protocol,0.0,0,0.4,coverage_0.75,119,1,0,0,0,119
l238-s3-zhao-2008,article:l238,experimental_protocol,0.0,0,0.5,reported_point,119,1,1,0,1,119
l238-s3-zhao-2008,article:l238,experimental_protocol,0.0,0,0.5,interval_upper,119,1,1,0,1,119
l238-s3-zhao-2008,article:l238,experimental_protocol,0.0,0,0.5,coverage_0.5,119,1,1,0,1,119
l238-s3-zhao-2008,article:l238,experimental_protocol,0.0,0,0.5,coverage_0.75,119,1,0,0,0,119
l238-s3-zhao-2008,article:l238,balanced_instance,0.0,0,0.1,reported_point,119,0,0,0,0,119
l238-s3-zhao-2008,article:l238,balanced_instance,0.0,0,0.1,interval_upper,119,0,0,0,0,119
l238-s3-zhao-2008,article:l238,balanced_instance,0.0,0,0.1,coverage_0.5,119,0,0,0,0,119
l238-s3-zhao-2008,article:l238,balanced_instance,0.0,0,0.1,coverage_0.75,119,0,0,0,0,119
l238-s3-zhao-2008,article:l238,balanced_instance,0.0,0,0.2,reported_point,119,0,0,0,0,119
l238-s3-zhao-2008,article:l238,balanced_instance,0.0,0,0.2,interval_upper,119,0,0,0,0,119
l238-s3-zhao-2008,article:l238,balanced_instance,0.0,0,0.2,coverage_0.5,119,0,0,0,0,119
l238-s3-zhao-2008,article:l238,balanced_instance,0.0,0,0.2,coverage_0.75,119,0,0,0,0,119
l238-s3-zhao-2008,article:l238,balanced_instance,0.0,0,0.3,reported_point,119,0,0,0,0,119
l238-s3-zhao-2008,article:l238,balanced_instance,0.0,0,0.3,interval_upper,119,0,0,0,0,119
l238-s3-zhao-2008,article:l238,balanced_instance,0.0,0,0.3,coverage_0.5,119,0,0,0,0,119
l238-s3-zhao-2008,article:l238,balanced_instance,0.0,0,0.3,coverage_0.75,119,0,0,0,0,119
l238-s3-zhao-2008,article:l238,balanced_instance,0.0,0,0.4,reported_point,119,1,1,0,1,119
l238-s3-zhao-2008,article:l238,balanced_instance,0.0,0,0.4,interval_upper,119,1,0,0,0,119
l238-s3-zhao-2008,article:l238,balanced_instance,0.0,0,0.4,coverage_0.5,119,1,1,0,1,119
l238-s3-zhao-2008,article:l238,balanced_instance,0.0,0,0.4,coverage_0.75,119,1,0,0,0,119
l238-s3-zhao-2008,article:l238,balanced_instance,0.0,0,0.5,reported_point,119,5,5,0,5,119
l238-s3-zhao-2008,article:l238,balanced_instance,0.0,0,0.5,interval_upper,119,5,0,0,0,119
l238-s3-zhao-2008,article:l238,balanced_instance,0.0,0,0.5,coverage_0.5,119,5,2,0,2,119
l238-s3-zhao-2008,article:l238,balanced_instance,0.0,0,0.5,coverage_0.75,119,5,0,0,0,119
l242-s4-narayanan-2006,article:l242,material_identity,0.0,0,0.1,reported_point,119,8,8,0,8,119
l242-s4-narayanan-2006,article:l242,material_identity,0.0,0,0.1,interval_upper,119,8,0,0,0,119
l242-s4-narayanan-2006,article:l242,material_identity,0.0,0,0.1,coverage_0.5,119,8,0,0,0,119
l242-s4-narayanan-2006,article:l242,material_identity,0.0,0,0.1,coverage_0.75,119,8,0,0,0,119
l242-s4-narayanan-2006,article:l242,material_identity,0.0,0,0.2,reported_point,119,9,9,0,9,119
l242-s4-narayanan-2006,article:l242,material_identity,0.0,0,0.2,interval_upper,119,9,0,0,0,119
l242-s4-narayanan-2006,article:l242,material_identity,0.0,0,0.2,coverage_0.5,119,9,0,0,0,119
l242-s4-narayanan-2006,article:l242,material_identity,0.0,0,0.2,coverage_0.75,119,9,0,0,0,119
l242-s4-narayanan-2006,article:l242,material_identity,0.0,0,0.3,reported_point,119,19,19,0,19,119
l242-s4-narayanan-2006,article:l242,material_identity,0.0,0,0.3,interval_upper,119,19,0,0,0,119
l242-s4-narayanan-2006,article:l242,material_identity,0.0,0,0.3,coverage_0.5,119,19,0,0,0,119
l242-s4-narayanan-2006,article:l242,material_identity,0.0,0,0.3,coverage_0.75,119,19,0,0,0,119
l242-s4-narayanan-2006,article:l242,material_identity,0.0,0,0.4,reported_point,119,21,21,0,21,119
l242-s4-narayanan-2006,article:l242,material_identity,0.0,0,0.4,interval_upper,119,21,0,0,0,119
l242-s4-narayanan-2006,article:l242,material_identity,0.0,0,0.4,coverage_0.5,119,21,0,0,0,119
l242-s4-narayanan-2006,article:l242,material_identity,0.0,0,0.4,coverage_0.75,119,21,0,0,0,119
l242-s4-narayanan-2006,article:l242,material_identity,0.0,0,0.5,reported_point,119,22,22,0,22,119
l242-s4-narayanan-2006,article:l242,material_identity,0.0,0,0.5,interval_upper,119,22,0,0,0,119
l242-s4-narayanan-2006,article:l242,material_identity,0.0,0,0.5,coverage_0.5,119,22,0,0,0,119
l242-s4-narayanan-2006,article:l242,material_identity,0.0,0,0.5,coverage_0.75,119,22,0,0,0,119
l242-s4-narayanan-2006,article:l242,experimental_protocol,0.0,0,0.1,reported_point,119,3,3,0,3,119
l242-s4-narayanan-2006,article:l242,experimental_protocol,0.0,0,0.1,interval_upper,119,3,0,0,0,119
l242-s4-narayanan-2006,article:l242,experimental_protocol,0.0,0,0.1,coverage_0.5,119,3,3,0,3,119
l242-s4-narayanan-2006,article:l242,experimental_protocol,0.0,0,0.1,coverage_0.75,119,3,0,0,0,119
l242-s4-narayanan-2006,article:l242,experimental_protocol,0.0,0,0.2,reported_point,119,3,3,0,3,119
l242-s4-narayanan-2006,article:l242,experimental_protocol,0.0,0,0.2,interval_upper,119,3,0,0,0,119
l242-s4-narayanan-2006,article:l242,experimental_protocol,0.0,0,0.2,coverage_0.5,119,3,3,0,3,119
l242-s4-narayanan-2006,article:l242,experimental_protocol,0.0,0,0.2,coverage_0.75,119,3,0,0,0,119
l242-s4-narayanan-2006,article:l242,experimental_protocol,0.0,0,0.3,reported_point,119,8,8,0,8,119
l242-s4-narayanan-2006,article:l242,experimental_protocol,0.0,0,0.3,interval_upper,119,8,0,0,0,119
l242-s4-narayanan-2006,article:l242,experimental_protocol,0.0,0,0.3,coverage_0.5,119,8,8,0,8,119
l242-s4-narayanan-2006,article:l242,experimental_protocol,0.0,0,0.3,coverage_0.75,119,8,0,0,0,119
l242-s4-narayanan-2006,article:l242,experimental_protocol,0.0,0,0.4,reported_point,119,10,10,0,10,119
l242-s4-narayanan-2006,article:l242,experimental_protocol,0.0,0,0.4,interval_upper,119,10,0,0,0,119
l242-s4-narayanan-2006,article:l242,experimental_protocol,0.0,0,0.4,coverage_0.5,119,10,10,0,10,119
l242-s4-narayanan-2006,article:l242,experimental_protocol,0.0,0,0.4,coverage_0.75,119,10,0,0,0,119
l242-s4-narayanan-2006,article:l242,experimental_protocol,0.0,0,0.5,reported_point,119,10,10,0,10,119
l242-s4-narayanan-2006,article:l242,experimental_protocol,0.0,0,0.5,interval_upper,119,10,3,0,3,119
l242-s4-narayanan-2006,article:l242,experimental_protocol,0.0,0,0.5,coverage_0.5,119,10,10,0,10,119
l242-s4-narayanan-2006,article:l242,experimental_protocol,0.0,0,0.5,coverage_0.75,119,10,0,0,0,119
l242-s4-narayanan-2006,article:l242,balanced_instance,0.0,0,0.1,reported_point,119,0,0,0,0,119
l242-s4-narayanan-2006,article:l242,balanced_instance,0.0,0,0.1,interval_upper,119,0,0,0,0,119
l242-s4-narayanan-2006,article:l242,balanced_instance,0.0,0,0.1,coverage_0.5,119,0,0,0,0,119
l242-s4-narayanan-2006,article:l242,balanced_instance,0.0,0,0.1,coverage_0.75,119,0,0,0,0,119
l242-s4-narayanan-2006,article:l242,balanced_instance,0.0,0,0.2,reported_point,119,1,1,0,1,119
l242-s4-narayanan-2006,article:l242,balanced_instance,0.0,0,0.2,interval_upper,119,1,0,0,0,119
l242-s4-narayanan-2006,article:l242,balanced_instance,0.0,0,0.2,coverage_0.5,119,1,0,0,0,119
l242-s4-narayanan-2006,article:l242,balanced_instance,0.0,0,0.2,coverage_0.75,119,1,0,0,0,119
l242-s4-narayanan-2006,article:l242,balanced_instance,0.0,0,0.3,reported_point,119,2,2,0,2,119
l242-s4-narayanan-2006,article:l242,balanced_instance,0.0,0,0.3,interval_upper,119,2,0,0,0,119
l242-s4-narayanan-2006,article:l242,balanced_instance,0.0,0,0.3,coverage_0.5,119,2,0,0,0,119
l242-s4-narayanan-2006,article:l242,balanced_instance,0.0,0,0.3,coverage_0.75,119,2,0,0,0,119
l242-s4-narayanan-2006,article:l242,balanced_instance,0.0,0,0.4,reported_point,119,4,4,0,4,119
l242-s4-narayanan-2006,article:l242,balanced_instance,0.0,0,0.4,interval_upper,119,4,0,0,0,119
l242-s4-narayanan-2006,article:l242,balanced_instance,0.0,0,0.4,coverage_0.5,119,4,0,0,0,119
l242-s4-narayanan-2006,article:l242,balanced_instance,0.0,0,0.4,coverage_0.75,119,4,0,0,0,119
l242-s4-narayanan-2006,article:l242,balanced_instance,0.0,0,0.5,reported_point,119,9,9,0,9,119
l242-s4-narayanan-2006,article:l242,balanced_instance,0.0,0,0.5,interval_upper,119,9,0,0,0,119
l242-s4-narayanan-2006,article:l242,balanced_instance,0.0,0,0.5,coverage_0.5,119,9,0,0,0,119
l242-s4-narayanan-2006,article:l242,balanced_instance,0.0,0,0.5,coverage_0.75,119,9,0,0,0,119
l140-s9-gao-2012,article:l140,material_identity,0.0,0,0.1,reported_point,119,4,4,0,4,119
l140-s9-gao-2012,article:l140,material_identity,0.0,0,0.1,interval_upper,119,4,0,0,0,119
l140-s9-gao-2012,article:l140,material_identity,0.0,0,0.1,coverage_0.5,119,4,0,0,0,119
l140-s9-gao-2012,article:l140,material_identity,0.0,0,0.1,coverage_0.75,119,4,0,0,0,119
l140-s9-gao-2012,article:l140,material_identity,0.0,0,0.2,reported_point,119,4,4,0,4,119
l140-s9-gao-2012,article:l140,material_identity,0.0,0,0.2,interval_upper,119,4,0,0,0,119
l140-s9-gao-2012,article:l140,material_identity,0.0,0,0.2,coverage_0.5,119,4,0,0,0,119
l140-s9-gao-2012,article:l140,material_identity,0.0,0,0.2,coverage_0.75,119,4,0,0,0,119
l140-s9-gao-2012,article:l140,material_identity,0.0,0,0.3,reported_point,119,11,11,0,11,119
l140-s9-gao-2012,article:l140,material_identity,0.0,0,0.3,interval_upper,119,11,0,0,0,119
l140-s9-gao-2012,article:l140,material_identity,0.0,0,0.3,coverage_0.5,119,11,0,0,0,119
l140-s9-gao-2012,article:l140,material_identity,0.0,0,0.3,coverage_0.75,119,11,0,0,0,119
l140-s9-gao-2012,article:l140,material_identity,0.0,0,0.4,reported_point,119,17,17,0,17,119
l140-s9-gao-2012,article:l140,material_identity,0.0,0,0.4,interval_upper,119,17,0,0,0,119
l140-s9-gao-2012,article:l140,material_identity,0.0,0,0.4,coverage_0.5,119,17,0,0,0,119
l140-s9-gao-2012,article:l140,material_identity,0.0,0,0.4,coverage_0.75,119,17,0,0,0,119
l140-s9-gao-2012,article:l140,material_identity,0.0,0,0.5,reported_point,119,35,35,0,35,119
l140-s9-gao-2012,article:l140,material_identity,0.0,0,0.5,interval_upper,119,35,0,0,0,119
l140-s9-gao-2012,article:l140,material_identity,0.0,0,0.5,coverage_0.5,119,35,0,0,0,119
l140-s9-gao-2012,article:l140,material_identity,0.0,0,0.5,coverage_0.75,119,35,0,0,0,119
l140-s9-gao-2012,article:l140,experimental_protocol,0.0,0,0.1,reported_point,119,0,0,0,0,119
l140-s9-gao-2012,article:l140,experimental_protocol,0.0,0,0.1,interval_upper,119,0,0,0,0,119
l140-s9-gao-2012,article:l140,experimental_protocol,0.0,0,0.1,coverage_0.5,119,0,0,0,0,119
l140-s9-gao-2012,article:l140,experimental_protocol,0.0,0,0.1,coverage_0.75,119,0,0,0,0,119
l140-s9-gao-2012,article:l140,experimental_protocol,0.0,0,0.2,reported_point,119,0,0,0,0,119
l140-s9-gao-2012,article:l140,experimental_protocol,0.0,0,0.2,interval_upper,119,0,0,0,0,119
l140-s9-gao-2012,article:l140,experimental_protocol,0.0,0,0.2,coverage_0.5,119,0,0,0,0,119
l140-s9-gao-2012,article:l140,experimental_protocol,0.0,0,0.2,coverage_0.75,119,0,0,0,0,119
l140-s9-gao-2012,article:l140,experimental_protocol,0.0,0,0.3,reported_point,119,0,0,0,0,119
l140-s9-gao-2012,article:l140,experimental_protocol,0.0,0,0.3,interval_upper,119,0,0,0,0,119
l140-s9-gao-2012,article:l140,experimental_protocol,0.0,0,0.3,coverage_0.5,119,0,0,0,0,119
l140-s9-gao-2012,article:l140,experimental_protocol,0.0,0,0.3,coverage_0.75,119,0,0,0,0,119
l140-s9-gao-2012,article:l140,experimental_protocol,0.0,0,0.4,reported_point,119,0,0,0,0,119
l140-s9-gao-2012,article:l140,experimental_protocol,0.0,0,0.4,interval_upper,119,0,0,0,0,119
l140-s9-gao-2012,article:l140,experimental_protocol,0.0,0,0.4,coverage_0.5,119,0,0,0,0,119
l140-s9-gao-2012,article:l140,experimental_protocol,0.0,0,0.4,coverage_0.75,119,0,0,0,0,119
l140-s9-gao-2012,article:l140,experimental_protocol,0.0,0,0.5,reported_point,119,4,4,0,4,119
l140-s9-gao-2012,article:l140,experimental_protocol,0.0,0,0.5,interval_upper,119,4,0,0,0,119
l140-s9-gao-2012,article:l140,experimental_protocol,0.0,0,0.5,coverage_0.5,119,4,4,0,4,119
l140-s9-gao-2012,article:l140,experimental_protocol,0.0,0,0.5,coverage_0.75,119,4,0,0,0,119
l140-s9-gao-2012,article:l140,balanced_instance,0.0,0,0.1,reported_point,119,0,0,0,0,119
l140-s9-gao-2012,article:l140,balanced_instance,0.0,0,0.1,interval_upper,119,0,0,0,0,119
l140-s9-gao-2012,article:l140,balanced_instance,0.0,0,0.1,coverage_0.5,119,0,0,0,0,119
l140-s9-gao-2012,article:l140,balanced_instance,0.0,0,0.1,coverage_0.75,119,0,0,0,0,119
l140-s9-gao-2012,article:l140,balanced_instance,0.0,0,0.2,reported_point,119,0,0,0,0,119
l140-s9-gao-2012,article:l140,balanced_instance,0.0,0,0.2,interval_upper,119,0,0,0,0,119
l140-s9-gao-2012,article:l140,balanced_instance,0.0,0,0.2,coverage_0.5,119,0,0,0,0,119
l140-s9-gao-2012,article:l140,balanced_instance,0.0,0,0.2,coverage_0.75,119,0,0,0,0,119
l140-s9-gao-2012,article:l140,balanced_instance,0.0,0,0.3,reported_point,119,0,0,0,0,119
l140-s9-gao-2012,article:l140,balanced_instance,0.0,0,0.3,interval_upper,119,0,0,0,0,119
l140-s9-gao-2012,article:l140,balanced_instance,0.0,0,0.3,coverage_0.5,119,0,0,0,0,119
l140-s9-gao-2012,article:l140,balanced_instance,0.0,0,0.3,coverage_0.75,119,0,0,0,0,119
l140-s9-gao-2012,article:l140,balanced_instance,0.0,0,0.4,reported_point,119,2,2,0,2,119
l140-s9-gao-2012,article:l140,balanced_instance,0.0,0,0.4,interval_upper,119,2,0,0,0,119
l140-s9-gao-2012,article:l140,balanced_instance,0.0,0,0.4,coverage_0.5,119,2,1,0,1,119
l140-s9-gao-2012,article:l140,balanced_instance,0.0,0,0.4,coverage_0.75,119,2,0,0,0,119
l140-s9-gao-2012,article:l140,balanced_instance,0.0,0,0.5,reported_point,119,9,9,0,9,119
l140-s9-gao-2012,article:l140,balanced_instance,0.0,0,0.5,interval_upper,119,9,0,0,0,119
l140-s9-gao-2012,article:l140,balanced_instance,0.0,0,0.5,coverage_0.5,119,9,6,0,6,119
l140-s9-gao-2012,article:l140,balanced_instance,0.0,0,0.5,coverage_0.75,119,9,0,0,0,119
l210-s4-zhang-2014,article:l210,material_identity,0.0,0,0.1,reported_point,119,0,0,0,0,119
l210-s4-zhang-2014,article:l210,material_identity,0.0,0,0.1,interval_upper,119,0,0,0,0,119
l210-s4-zhang-2014,article:l210,material_identity,0.0,0,0.1,coverage_0.5,119,0,0,0,0,119
l210-s4-zhang-2014,article:l210,material_identity,0.0,0,0.1,coverage_0.75,119,0,0,0,0,119
l210-s4-zhang-2014,article:l210,material_identity,0.0,0,0.2,reported_point,119,0,0,0,0,119
l210-s4-zhang-2014,article:l210,material_identity,0.0,0,0.2,interval_upper,119,0,0,0,0,119
l210-s4-zhang-2014,article:l210,material_identity,0.0,0,0.2,coverage_0.5,119,0,0,0,0,119
l210-s4-zhang-2014,article:l210,material_identity,0.0,0,0.2,coverage_0.75,119,0,0,0,0,119
l210-s4-zhang-2014,article:l210,material_identity,0.0,0,0.3,reported_point,119,5,5,0,5,119
l210-s4-zhang-2014,article:l210,material_identity,0.0,0,0.3,interval_upper,119,5,0,0,0,119
l210-s4-zhang-2014,article:l210,material_identity,0.0,0,0.3,coverage_0.5,119,5,0,0,0,119
l210-s4-zhang-2014,article:l210,material_identity,0.0,0,0.3,coverage_0.75,119,5,0,0,0,119
l210-s4-zhang-2014,article:l210,material_identity,0.0,0,0.4,reported_point,119,8,8,0,8,119
l210-s4-zhang-2014,article:l210,material_identity,0.0,0,0.4,interval_upper,119,8,0,0,0,119
l210-s4-zhang-2014,article:l210,material_identity,0.0,0,0.4,coverage_0.5,119,8,0,0,0,119
l210-s4-zhang-2014,article:l210,material_identity,0.0,0,0.4,coverage_0.75,119,8,0,0,0,119
l210-s4-zhang-2014,article:l210,material_identity,0.0,0,0.5,reported_point,119,9,9,0,9,119
l210-s4-zhang-2014,article:l210,material_identity,0.0,0,0.5,interval_upper,119,9,0,0,0,119
l210-s4-zhang-2014,article:l210,material_identity,0.0,0,0.5,coverage_0.5,119,9,0,0,0,119
l210-s4-zhang-2014,article:l210,material_identity,0.0,0,0.5,coverage_0.75,119,9,0,0,0,119
l210-s4-zhang-2014,article:l210,experimental_protocol,0.0,0,0.1,reported_point,119,0,0,0,0,119
l210-s4-zhang-2014,article:l210,experimental_protocol,0.0,0,0.1,interval_upper,119,0,0,0,0,119
l210-s4-zhang-2014,article:l210,experimental_protocol,0.0,0,0.1,coverage_0.5,119,0,0,0,0,119
l210-s4-zhang-2014,article:l210,experimental_protocol,0.0,0,0.1,coverage_0.75,119,0,0,0,0,119
l210-s4-zhang-2014,article:l210,experimental_protocol,0.0,0,0.2,reported_point,119,0,0,0,0,119
l210-s4-zhang-2014,article:l210,experimental_protocol,0.0,0,0.2,interval_upper,119,0,0,0,0,119
l210-s4-zhang-2014,article:l210,experimental_protocol,0.0,0,0.2,coverage_0.5,119,0,0,0,0,119
l210-s4-zhang-2014,article:l210,experimental_protocol,0.0,0,0.2,coverage_0.75,119,0,0,0,0,119
l210-s4-zhang-2014,article:l210,experimental_protocol,0.0,0,0.3,reported_point,119,0,0,0,0,119
l210-s4-zhang-2014,article:l210,experimental_protocol,0.0,0,0.3,interval_upper,119,0,0,0,0,119
l210-s4-zhang-2014,article:l210,experimental_protocol,0.0,0,0.3,coverage_0.5,119,0,0,0,0,119
l210-s4-zhang-2014,article:l210,experimental_protocol,0.0,0,0.3,coverage_0.75,119,0,0,0,0,119
l210-s4-zhang-2014,article:l210,experimental_protocol,0.0,0,0.4,reported_point,119,0,0,0,0,119
l210-s4-zhang-2014,article:l210,experimental_protocol,0.0,0,0.4,interval_upper,119,0,0,0,0,119
l210-s4-zhang-2014,article:l210,experimental_protocol,0.0,0,0.4,coverage_0.5,119,0,0,0,0,119
l210-s4-zhang-2014,article:l210,experimental_protocol,0.0,0,0.4,coverage_0.75,119,0,0,0,0,119
l210-s4-zhang-2014,article:l210,experimental_protocol,0.0,0,0.5,reported_point,119,2,2,0,2,119
l210-s4-zhang-2014,article:l210,experimental_protocol,0.0,0,0.5,interval_upper,119,2,0,0,0,119
l210-s4-zhang-2014,article:l210,experimental_protocol,0.0,0,0.5,coverage_0.5,119,2,2,0,2,119
l210-s4-zhang-2014,article:l210,experimental_protocol,0.0,0,0.5,coverage_0.75,119,2,0,0,0,119
l210-s4-zhang-2014,article:l210,balanced_instance,0.0,0,0.1,reported_point,119,0,0,0,0,119
l210-s4-zhang-2014,article:l210,balanced_instance,0.0,0,0.1,interval_upper,119,0,0,0,0,119
l210-s4-zhang-2014,article:l210,balanced_instance,0.0,0,0.1,coverage_0.5,119,0,0,0,0,119
l210-s4-zhang-2014,article:l210,balanced_instance,0.0,0,0.1,coverage_0.75,119,0,0,0,0,119
l210-s4-zhang-2014,article:l210,balanced_instance,0.0,0,0.2,reported_point,119,0,0,0,0,119
l210-s4-zhang-2014,article:l210,balanced_instance,0.0,0,0.2,interval_upper,119,0,0,0,0,119
l210-s4-zhang-2014,article:l210,balanced_instance,0.0,0,0.2,coverage_0.5,119,0,0,0,0,119
l210-s4-zhang-2014,article:l210,balanced_instance,0.0,0,0.2,coverage_0.75,119,0,0,0,0,119
l210-s4-zhang-2014,article:l210,balanced_instance,0.0,0,0.3,reported_point,119,0,0,0,0,119
l210-s4-zhang-2014,article:l210,balanced_instance,0.0,0,0.3,interval_upper,119,0,0,0,0,119
l210-s4-zhang-2014,article:l210,balanced_instance,0.0,0,0.3,coverage_0.5,119,0,0,0,0,119
l210-s4-zhang-2014,article:l210,balanced_instance,0.0,0,0.3,coverage_0.75,119,0,0,0,0,119
l210-s4-zhang-2014,article:l210,balanced_instance,0.0,0,0.4,reported_point,119,0,0,0,0,119
l210-s4-zhang-2014,article:l210,balanced_instance,0.0,0,0.4,interval_upper,119,0,0,0,0,119
l210-s4-zhang-2014,article:l210,balanced_instance,0.0,0,0.4,coverage_0.5,119,0,0,0,0,119
l210-s4-zhang-2014,article:l210,balanced_instance,0.0,0,0.4,coverage_0.75,119,0,0,0,0,119
l210-s4-zhang-2014,article:l210,balanced_instance,0.0,0,0.5,reported_point,119,4,4,0,4,119
l210-s4-zhang-2014,article:l210,balanced_instance,0.0,0,0.5,interval_upper,119,4,0,0,0,119
l210-s4-zhang-2014,article:l210,balanced_instance,0.0,0,0.5,coverage_0.5,119,4,4,0,4,119
l210-s4-zhang-2014,article:l210,balanced_instance,0.0,0,0.5,coverage_0.75,119,4,0,0,0,119
l380-s1-zhao-2017,article:l380,material_identity,0.0,0,0.1,reported_point,119,3,3,0,3,119
l380-s1-zhao-2017,article:l380,material_identity,0.0,0,0.1,interval_upper,119,3,0,0,0,119
l380-s1-zhao-2017,article:l380,material_identity,0.0,0,0.1,coverage_0.5,119,3,0,0,0,119
l380-s1-zhao-2017,article:l380,material_identity,0.0,0,0.1,coverage_0.75,119,3,0,0,0,119
l380-s1-zhao-2017,article:l380,material_identity,0.0,0,0.2,reported_point,119,3,3,0,3,119
l380-s1-zhao-2017,article:l380,material_identity,0.0,0,0.2,interval_upper,119,3,0,0,0,119
l380-s1-zhao-2017,article:l380,material_identity,0.0,0,0.2,coverage_0.5,119,3,0,0,0,119
l380-s1-zhao-2017,article:l380,material_identity,0.0,0,0.2,coverage_0.75,119,3,0,0,0,119
l380-s1-zhao-2017,article:l380,material_identity,0.0,0,0.3,reported_point,119,3,3,0,3,119
l380-s1-zhao-2017,article:l380,material_identity,0.0,0,0.3,interval_upper,119,3,0,0,0,119
l380-s1-zhao-2017,article:l380,material_identity,0.0,0,0.3,coverage_0.5,119,3,0,0,0,119
l380-s1-zhao-2017,article:l380,material_identity,0.0,0,0.3,coverage_0.75,119,3,0,0,0,119
l380-s1-zhao-2017,article:l380,material_identity,0.0,0,0.4,reported_point,119,3,3,0,3,119
l380-s1-zhao-2017,article:l380,material_identity,0.0,0,0.4,interval_upper,119,3,0,0,0,119
l380-s1-zhao-2017,article:l380,material_identity,0.0,0,0.4,coverage_0.5,119,3,0,0,0,119
l380-s1-zhao-2017,article:l380,material_identity,0.0,0,0.4,coverage_0.75,119,3,0,0,0,119
l380-s1-zhao-2017,article:l380,material_identity,0.0,0,0.5,reported_point,119,3,3,0,3,119
l380-s1-zhao-2017,article:l380,material_identity,0.0,0,0.5,interval_upper,119,3,0,0,0,119
l380-s1-zhao-2017,article:l380,material_identity,0.0,0,0.5,coverage_0.5,119,3,0,0,0,119
l380-s1-zhao-2017,article:l380,material_identity,0.0,0,0.5,coverage_0.75,119,3,0,0,0,119
l380-s1-zhao-2017,article:l380,experimental_protocol,0.0,0,0.1,reported_point,119,0,0,0,0,119
l380-s1-zhao-2017,article:l380,experimental_protocol,0.0,0,0.1,interval_upper,119,0,0,0,0,119
l380-s1-zhao-2017,article:l380,experimental_protocol,0.0,0,0.1,coverage_0.5,119,0,0,0,0,119
l380-s1-zhao-2017,article:l380,experimental_protocol,0.0,0,0.1,coverage_0.75,119,0,0,0,0,119
l380-s1-zhao-2017,article:l380,experimental_protocol,0.0,0,0.2,reported_point,119,2,2,0,2,119
l380-s1-zhao-2017,article:l380,experimental_protocol,0.0,0,0.2,interval_upper,119,2,0,0,0,119
l380-s1-zhao-2017,article:l380,experimental_protocol,0.0,0,0.2,coverage_0.5,119,2,2,0,2,119
l380-s1-zhao-2017,article:l380,experimental_protocol,0.0,0,0.2,coverage_0.75,119,2,2,0,2,119
l380-s1-zhao-2017,article:l380,experimental_protocol,0.0,0,0.3,reported_point,119,4,4,0,4,119
l380-s1-zhao-2017,article:l380,experimental_protocol,0.0,0,0.3,interval_upper,119,4,2,0,2,119
l380-s1-zhao-2017,article:l380,experimental_protocol,0.0,0,0.3,coverage_0.5,119,4,4,0,4,119
l380-s1-zhao-2017,article:l380,experimental_protocol,0.0,0,0.3,coverage_0.75,119,4,3,0,3,119
l380-s1-zhao-2017,article:l380,experimental_protocol,0.0,0,0.4,reported_point,119,6,6,0,6,119
l380-s1-zhao-2017,article:l380,experimental_protocol,0.0,0,0.4,interval_upper,119,6,3,0,3,119
l380-s1-zhao-2017,article:l380,experimental_protocol,0.0,0,0.4,coverage_0.5,119,6,6,0,6,119
l380-s1-zhao-2017,article:l380,experimental_protocol,0.0,0,0.4,coverage_0.75,119,6,3,0,3,119
l380-s1-zhao-2017,article:l380,experimental_protocol,0.0,0,0.5,reported_point,119,13,13,0,13,119
l380-s1-zhao-2017,article:l380,experimental_protocol,0.0,0,0.5,interval_upper,119,13,5,0,5,119
l380-s1-zhao-2017,article:l380,experimental_protocol,0.0,0,0.5,coverage_0.5,119,13,13,0,13,119
l380-s1-zhao-2017,article:l380,experimental_protocol,0.0,0,0.5,coverage_0.75,119,13,4,0,4,119
l380-s1-zhao-2017,article:l380,balanced_instance,0.0,0,0.1,reported_point,119,0,0,0,0,119
l380-s1-zhao-2017,article:l380,balanced_instance,0.0,0,0.1,interval_upper,119,0,0,0,0,119
l380-s1-zhao-2017,article:l380,balanced_instance,0.0,0,0.1,coverage_0.5,119,0,0,0,0,119
l380-s1-zhao-2017,article:l380,balanced_instance,0.0,0,0.1,coverage_0.75,119,0,0,0,0,119
l380-s1-zhao-2017,article:l380,balanced_instance,0.0,0,0.2,reported_point,119,0,0,0,0,119
l380-s1-zhao-2017,article:l380,balanced_instance,0.0,0,0.2,interval_upper,119,0,0,0,0,119
l380-s1-zhao-2017,article:l380,balanced_instance,0.0,0,0.2,coverage_0.5,119,0,0,0,0,119
l380-s1-zhao-2017,article:l380,balanced_instance,0.0,0,0.2,coverage_0.75,119,0,0,0,0,119
l380-s1-zhao-2017,article:l380,balanced_instance,0.0,0,0.3,reported_point,119,2,2,0,2,119
l380-s1-zhao-2017,article:l380,balanced_instance,0.0,0,0.3,interval_upper,119,2,0,0,0,119
l380-s1-zhao-2017,article:l380,balanced_instance,0.0,0,0.3,coverage_0.5,119,2,2,0,2,119
l380-s1-zhao-2017,article:l380,balanced_instance,0.0,0,0.3,coverage_0.75,119,2,0,0,0,119
l380-s1-zhao-2017,article:l380,balanced_instance,0.0,0,0.4,reported_point,119,3,3,0,3,119
l380-s1-zhao-2017,article:l380,balanced_instance,0.0,0,0.4,interval_upper,119,3,0,0,0,119
l380-s1-zhao-2017,article:l380,balanced_instance,0.0,0,0.4,coverage_0.5,119,3,3,0,3,119
l380-s1-zhao-2017,article:l380,balanced_instance,0.0,0,0.4,coverage_0.75,119,3,0,0,0,119
l380-s1-zhao-2017,article:l380,balanced_instance,0.0,0,0.5,reported_point,119,7,7,0,7,119
l380-s1-zhao-2017,article:l380,balanced_instance,0.0,0,0.5,interval_upper,119,7,0,0,0,119
l380-s1-zhao-2017,article:l380,balanced_instance,0.0,0,0.5,coverage_0.5,119,7,3,0,3,119
l380-s1-zhao-2017,article:l380,balanced_instance,0.0,0,0.5,coverage_0.75,119,7,0,0,0,119
l386-s54-jimenez-2019,article:l386,material_identity,0.0,0,0.1,reported_point,119,0,0,0,0,119
l386-s54-jimenez-2019,article:l386,material_identity,0.0,0,0.1,interval_upper,119,0,0,0,0,119
l386-s54-jimenez-2019,article:l386,material_identity,0.0,0,0.1,coverage_0.5,119,0,0,0,0,119
l386-s54-jimenez-2019,article:l386,material_identity,0.0,0,0.1,coverage_0.75,119,0,0,0,0,119
l386-s54-jimenez-2019,article:l386,material_identity,0.0,0,0.2,reported_point,119,0,0,0,0,119
l386-s54-jimenez-2019,article:l386,material_identity,0.0,0,0.2,interval_upper,119,0,0,0,0,119
l386-s54-jimenez-2019,article:l386,material_identity,0.0,0,0.2,coverage_0.5,119,0,0,0,0,119
l386-s54-jimenez-2019,article:l386,material_identity,0.0,0,0.2,coverage_0.75,119,0,0,0,0,119
l386-s54-jimenez-2019,article:l386,material_identity,0.0,0,0.3,reported_point,119,1,1,0,1,119
l386-s54-jimenez-2019,article:l386,material_identity,0.0,0,0.3,interval_upper,119,1,0,0,0,119
l386-s54-jimenez-2019,article:l386,material_identity,0.0,0,0.3,coverage_0.5,119,1,0,0,0,119
l386-s54-jimenez-2019,article:l386,material_identity,0.0,0,0.3,coverage_0.75,119,1,0,0,0,119
l386-s54-jimenez-2019,article:l386,material_identity,0.0,0,0.4,reported_point,119,5,5,0,5,119
l386-s54-jimenez-2019,article:l386,material_identity,0.0,0,0.4,interval_upper,119,5,0,0,0,119
l386-s54-jimenez-2019,article:l386,material_identity,0.0,0,0.4,coverage_0.5,119,5,0,0,0,119
l386-s54-jimenez-2019,article:l386,material_identity,0.0,0,0.4,coverage_0.75,119,5,0,0,0,119
l386-s54-jimenez-2019,article:l386,material_identity,0.0,0,0.5,reported_point,119,16,16,0,16,119
l386-s54-jimenez-2019,article:l386,material_identity,0.0,0,0.5,interval_upper,119,16,0,0,0,119
l386-s54-jimenez-2019,article:l386,material_identity,0.0,0,0.5,coverage_0.5,119,16,0,0,0,119
l386-s54-jimenez-2019,article:l386,material_identity,0.0,0,0.5,coverage_0.75,119,16,0,0,0,119
l386-s54-jimenez-2019,article:l386,experimental_protocol,0.0,0,0.1,reported_point,119,0,0,0,0,119
l386-s54-jimenez-2019,article:l386,experimental_protocol,0.0,0,0.1,interval_upper,119,0,0,0,0,119
l386-s54-jimenez-2019,article:l386,experimental_protocol,0.0,0,0.1,coverage_0.5,119,0,0,0,0,119
l386-s54-jimenez-2019,article:l386,experimental_protocol,0.0,0,0.1,coverage_0.75,119,0,0,0,0,119
l386-s54-jimenez-2019,article:l386,experimental_protocol,0.0,0,0.2,reported_point,119,0,0,0,0,119
l386-s54-jimenez-2019,article:l386,experimental_protocol,0.0,0,0.2,interval_upper,119,0,0,0,0,119
l386-s54-jimenez-2019,article:l386,experimental_protocol,0.0,0,0.2,coverage_0.5,119,0,0,0,0,119
l386-s54-jimenez-2019,article:l386,experimental_protocol,0.0,0,0.2,coverage_0.75,119,0,0,0,0,119
l386-s54-jimenez-2019,article:l386,experimental_protocol,0.0,0,0.3,reported_point,119,0,0,0,0,119
l386-s54-jimenez-2019,article:l386,experimental_protocol,0.0,0,0.3,interval_upper,119,0,0,0,0,119
l386-s54-jimenez-2019,article:l386,experimental_protocol,0.0,0,0.3,coverage_0.5,119,0,0,0,0,119
l386-s54-jimenez-2019,article:l386,experimental_protocol,0.0,0,0.3,coverage_0.75,119,0,0,0,0,119
l386-s54-jimenez-2019,article:l386,experimental_protocol,0.0,0,0.4,reported_point,119,0,0,0,0,119
l386-s54-jimenez-2019,article:l386,experimental_protocol,0.0,0,0.4,interval_upper,119,0,0,0,0,119
l386-s54-jimenez-2019,article:l386,experimental_protocol,0.0,0,0.4,coverage_0.5,119,0,0,0,0,119
l386-s54-jimenez-2019,article:l386,experimental_protocol,0.0,0,0.4,coverage_0.75,119,0,0,0,0,119
l386-s54-jimenez-2019,article:l386,experimental_protocol,0.0,0,0.5,reported_point,119,0,0,0,0,119
l386-s54-jimenez-2019,article:l386,experimental_protocol,0.0,0,0.5,interval_upper,119,0,0,0,0,119
l386-s54-jimenez-2019,article:l386,experimental_protocol,0.0,0,0.5,coverage_0.5,119,0,0,0,0,119
l386-s54-jimenez-2019,article:l386,experimental_protocol,0.0,0,0.5,coverage_0.75,119,0,0,0,0,119
l386-s54-jimenez-2019,article:l386,balanced_instance,0.0,0,0.1,reported_point,119,0,0,0,0,119
l386-s54-jimenez-2019,article:l386,balanced_instance,0.0,0,0.1,interval_upper,119,0,0,0,0,119
l386-s54-jimenez-2019,article:l386,balanced_instance,0.0,0,0.1,coverage_0.5,119,0,0,0,0,119
l386-s54-jimenez-2019,article:l386,balanced_instance,0.0,0,0.1,coverage_0.75,119,0,0,0,0,119
l386-s54-jimenez-2019,article:l386,balanced_instance,0.0,0,0.2,reported_point,119,0,0,0,0,119
l386-s54-jimenez-2019,article:l386,balanced_instance,0.0,0,0.2,interval_upper,119,0,0,0,0,119
l386-s54-jimenez-2019,article:l386,balanced_instance,0.0,0,0.2,coverage_0.5,119,0,0,0,0,119
l386-s54-jimenez-2019,article:l386,balanced_instance,0.0,0,0.2,coverage_0.75,119,0,0,0,0,119
l386-s54-jimenez-2019,article:l386,balanced_instance,0.0,0,0.3,reported_point,119,0,0,0,0,119
l386-s54-jimenez-2019,article:l386,balanced_instance,0.0,0,0.3,interval_upper,119,0,0,0,0,119
l386-s54-jimenez-2019,article:l386,balanced_instance,0.0,0,0.3,coverage_0.5,119,0,0,0,0,119
l386-s54-jimenez-2019,article:l386,balanced_instance,0.0,0,0.3,coverage_0.75,119,0,0,0,0,119
l386-s54-jimenez-2019,article:l386,balanced_instance,0.0,0,0.4,reported_point,119,0,0,0,0,119
l386-s54-jimenez-2019,article:l386,balanced_instance,0.0,0,0.4,interval_upper,119,0,0,0,0,119
l386-s54-jimenez-2019,article:l386,balanced_instance,0.0,0,0.4,coverage_0.5,119,0,0,0,0,119
l386-s54-jimenez-2019,article:l386,balanced_instance,0.0,0,0.4,coverage_0.75,119,0,0,0,0,119
l386-s54-jimenez-2019,article:l386,balanced_instance,0.0,0,0.5,reported_point,119,2,2,0,2,119
l386-s54-jimenez-2019,article:l386,balanced_instance,0.0,0,0.5,interval_upper,119,2,0,0,0,119
l386-s54-jimenez-2019,article:l386,balanced_instance,0.0,0,0.5,coverage_0.5,119,2,2,0,2,119
l386-s54-jimenez-2019,article:l386,balanced_instance,0.0,0,0.5,coverage_0.75,119,2,0,0,0,119
l121-s8-nelson-2005,article:l121,material_identity,0.0,0,0.1,reported_point,119,4,4,0,4,119
l121-s8-nelson-2005,article:l121,material_identity,0.0,0,0.1,interval_upper,119,4,0,0,0,119
l121-s8-nelson-2005,article:l121,material_identity,0.0,0,0.1,coverage_0.5,119,4,0,0,0,119
l121-s8-nelson-2005,article:l121,material_identity,0.0,0,0.1,coverage_0.75,119,4,0,0,0,119
l121-s8-nelson-2005,article:l121,material_identity,0.0,0,0.2,reported_point,119,4,4,0,4,119
l121-s8-nelson-2005,article:l121,material_identity,0.0,0,0.2,interval_upper,119,4,0,0,0,119
l121-s8-nelson-2005,article:l121,material_identity,0.0,0,0.2,coverage_0.5,119,4,0,0,0,119
l121-s8-nelson-2005,article:l121,material_identity,0.0,0,0.2,coverage_0.75,119,4,0,0,0,119
l121-s8-nelson-2005,article:l121,material_identity,0.0,0,0.3,reported_point,119,5,5,0,5,119
l121-s8-nelson-2005,article:l121,material_identity,0.0,0,0.3,interval_upper,119,5,0,0,0,119
l121-s8-nelson-2005,article:l121,material_identity,0.0,0,0.3,coverage_0.5,119,5,0,0,0,119
l121-s8-nelson-2005,article:l121,material_identity,0.0,0,0.3,coverage_0.75,119,5,0,0,0,119
l121-s8-nelson-2005,article:l121,material_identity,0.0,0,0.4,reported_point,119,5,5,0,5,119
l121-s8-nelson-2005,article:l121,material_identity,0.0,0,0.4,interval_upper,119,5,0,0,0,119
l121-s8-nelson-2005,article:l121,material_identity,0.0,0,0.4,coverage_0.5,119,5,0,0,0,119
l121-s8-nelson-2005,article:l121,material_identity,0.0,0,0.4,coverage_0.75,119,5,0,0,0,119
l121-s8-nelson-2005,article:l121,material_identity,0.0,0,0.5,reported_point,119,6,6,0,6,119
l121-s8-nelson-2005,article:l121,material_identity,0.0,0,0.5,interval_upper,119,6,0,0,0,119
l121-s8-nelson-2005,article:l121,material_identity,0.0,0,0.5,coverage_0.5,119,6,0,0,0,119
l121-s8-nelson-2005,article:l121,material_identity,0.0,0,0.5,coverage_0.75,119,6,0,0,0,119
l121-s8-nelson-2005,article:l121,experimental_protocol,0.0,0,0.1,reported_point,119,0,0,0,0,119
l121-s8-nelson-2005,article:l121,experimental_protocol,0.0,0,0.1,interval_upper,119,0,0,0,0,119
l121-s8-nelson-2005,article:l121,experimental_protocol,0.0,0,0.1,coverage_0.5,119,0,0,0,0,119
l121-s8-nelson-2005,article:l121,experimental_protocol,0.0,0,0.1,coverage_0.75,119,0,0,0,0,119
l121-s8-nelson-2005,article:l121,experimental_protocol,0.0,0,0.2,reported_point,119,0,0,0,0,119
l121-s8-nelson-2005,article:l121,experimental_protocol,0.0,0,0.2,interval_upper,119,0,0,0,0,119
l121-s8-nelson-2005,article:l121,experimental_protocol,0.0,0,0.2,coverage_0.5,119,0,0,0,0,119
l121-s8-nelson-2005,article:l121,experimental_protocol,0.0,0,0.2,coverage_0.75,119,0,0,0,0,119
l121-s8-nelson-2005,article:l121,experimental_protocol,0.0,0,0.3,reported_point,119,0,0,0,0,119
l121-s8-nelson-2005,article:l121,experimental_protocol,0.0,0,0.3,interval_upper,119,0,0,0,0,119
l121-s8-nelson-2005,article:l121,experimental_protocol,0.0,0,0.3,coverage_0.5,119,0,0,0,0,119
l121-s8-nelson-2005,article:l121,experimental_protocol,0.0,0,0.3,coverage_0.75,119,0,0,0,0,119
l121-s8-nelson-2005,article:l121,experimental_protocol,0.0,0,0.4,reported_point,119,0,0,0,0,119
l121-s8-nelson-2005,article:l121,experimental_protocol,0.0,0,0.4,interval_upper,119,0,0,0,0,119
l121-s8-nelson-2005,article:l121,experimental_protocol,0.0,0,0.4,coverage_0.5,119,0,0,0,0,119
l121-s8-nelson-2005,article:l121,experimental_protocol,0.0,0,0.4,coverage_0.75,119,0,0,0,0,119
l121-s8-nelson-2005,article:l121,experimental_protocol,0.0,0,0.5,reported_point,119,0,0,0,0,119
l121-s8-nelson-2005,article:l121,experimental_protocol,0.0,0,0.5,interval_upper,119,0,0,0,0,119
l121-s8-nelson-2005,article:l121,experimental_protocol,0.0,0,0.5,coverage_0.5,119,0,0,0,0,119
l121-s8-nelson-2005,article:l121,experimental_protocol,0.0,0,0.5,coverage_0.75,119,0,0,0,0,119
l121-s8-nelson-2005,article:l121,balanced_instance,0.0,0,0.1,reported_point,119,0,0,0,0,119
l121-s8-nelson-2005,article:l121,balanced_instance,0.0,0,0.1,interval_upper,119,0,0,0,0,119
l121-s8-nelson-2005,article:l121,balanced_instance,0.0,0,0.1,coverage_0.5,119,0,0,0,0,119
l121-s8-nelson-2005,article:l121,balanced_instance,0.0,0,0.1,coverage_0.75,119,0,0,0,0,119
l121-s8-nelson-2005,article:l121,balanced_instance,0.0,0,0.2,reported_point,119,0,0,0,0,119
l121-s8-nelson-2005,article:l121,balanced_instance,0.0,0,0.2,interval_upper,119,0,0,0,0,119
l121-s8-nelson-2005,article:l121,balanced_instance,0.0,0,0.2,coverage_0.5,119,0,0,0,0,119
l121-s8-nelson-2005,article:l121,balanced_instance,0.0,0,0.2,coverage_0.75,119,0,0,0,0,119
l121-s8-nelson-2005,article:l121,balanced_instance,0.0,0,0.3,reported_point,119,0,0,0,0,119
l121-s8-nelson-2005,article:l121,balanced_instance,0.0,0,0.3,interval_upper,119,0,0,0,0,119
l121-s8-nelson-2005,article:l121,balanced_instance,0.0,0,0.3,coverage_0.5,119,0,0,0,0,119
l121-s8-nelson-2005,article:l121,balanced_instance,0.0,0,0.3,coverage_0.75,119,0,0,0,0,119
l121-s8-nelson-2005,article:l121,balanced_instance,0.0,0,0.4,reported_point,119,1,1,0,1,119
l121-s8-nelson-2005,article:l121,balanced_instance,0.0,0,0.4,interval_upper,119,1,0,0,0,119
l121-s8-nelson-2005,article:l121,balanced_instance,0.0,0,0.4,coverage_0.5,119,1,0,0,0,119
l121-s8-nelson-2005,article:l121,balanced_instance,0.0,0,0.4,coverage_0.75,119,1,0,0,0,119
l121-s8-nelson-2005,article:l121,balanced_instance,0.0,0,0.5,reported_point,119,2,2,0,2,119
l121-s8-nelson-2005,article:l121,balanced_instance,0.0,0,0.5,interval_upper,119,2,0,0,0,119
l121-s8-nelson-2005,article:l121,balanced_instance,0.0,0,0.5,coverage_0.5,119,2,0,0,0,119
l121-s8-nelson-2005,article:l121,balanced_instance,0.0,0,0.5,coverage_0.75,119,2,0,0,0,119
l379-s8-liu-2017,article:l379,material_identity,0.0,0,0.1,reported_point,119,0,0,0,0,119
l379-s8-liu-2017,article:l379,material_identity,0.0,0,0.1,interval_upper,119,0,0,0,0,119
l379-s8-liu-2017,article:l379,material_identity,0.0,0,0.1,coverage_0.5,119,0,0,0,0,119
l379-s8-liu-2017,article:l379,material_identity,0.0,0,0.1,coverage_0.75,119,0,0,0,0,119
l379-s8-liu-2017,article:l379,material_identity,0.0,0,0.2,reported_point,119,0,0,0,0,119
l379-s8-liu-2017,article:l379,material_identity,0.0,0,0.2,interval_upper,119,0,0,0,0,119
l379-s8-liu-2017,article:l379,material_identity,0.0,0,0.2,coverage_0.5,119,0,0,0,0,119
l379-s8-liu-2017,article:l379,material_identity,0.0,0,0.2,coverage_0.75,119,0,0,0,0,119
l379-s8-liu-2017,article:l379,material_identity,0.0,0,0.3,reported_point,119,0,0,0,0,119
l379-s8-liu-2017,article:l379,material_identity,0.0,0,0.3,interval_upper,119,0,0,0,0,119
l379-s8-liu-2017,article:l379,material_identity,0.0,0,0.3,coverage_0.5,119,0,0,0,0,119
l379-s8-liu-2017,article:l379,material_identity,0.0,0,0.3,coverage_0.75,119,0,0,0,0,119
l379-s8-liu-2017,article:l379,material_identity,0.0,0,0.4,reported_point,119,0,0,0,0,119
l379-s8-liu-2017,article:l379,material_identity,0.0,0,0.4,interval_upper,119,0,0,0,0,119
l379-s8-liu-2017,article:l379,material_identity,0.0,0,0.4,coverage_0.5,119,0,0,0,0,119
l379-s8-liu-2017,article:l379,material_identity,0.0,0,0.4,coverage_0.75,119,0,0,0,0,119
l379-s8-liu-2017,article:l379,material_identity,0.0,0,0.5,reported_point,119,0,0,0,0,119
l379-s8-liu-2017,article:l379,material_identity,0.0,0,0.5,interval_upper,119,0,0,0,0,119
l379-s8-liu-2017,article:l379,material_identity,0.0,0,0.5,coverage_0.5,119,0,0,0,0,119
l379-s8-liu-2017,article:l379,material_identity,0.0,0,0.5,coverage_0.75,119,0,0,0,0,119
l379-s8-liu-2017,article:l379,experimental_protocol,0.0,0,0.1,reported_point,119,0,0,0,0,119
l379-s8-liu-2017,article:l379,experimental_protocol,0.0,0,0.1,interval_upper,119,0,0,0,0,119
l379-s8-liu-2017,article:l379,experimental_protocol,0.0,0,0.1,coverage_0.5,119,0,0,0,0,119
l379-s8-liu-2017,article:l379,experimental_protocol,0.0,0,0.1,coverage_0.75,119,0,0,0,0,119
l379-s8-liu-2017,article:l379,experimental_protocol,0.0,0,0.2,reported_point,119,0,0,0,0,119
l379-s8-liu-2017,article:l379,experimental_protocol,0.0,0,0.2,interval_upper,119,0,0,0,0,119
l379-s8-liu-2017,article:l379,experimental_protocol,0.0,0,0.2,coverage_0.5,119,0,0,0,0,119
l379-s8-liu-2017,article:l379,experimental_protocol,0.0,0,0.2,coverage_0.75,119,0,0,0,0,119
l379-s8-liu-2017,article:l379,experimental_protocol,0.0,0,0.3,reported_point,119,0,0,0,0,119
l379-s8-liu-2017,article:l379,experimental_protocol,0.0,0,0.3,interval_upper,119,0,0,0,0,119
l379-s8-liu-2017,article:l379,experimental_protocol,0.0,0,0.3,coverage_0.5,119,0,0,0,0,119
l379-s8-liu-2017,article:l379,experimental_protocol,0.0,0,0.3,coverage_0.75,119,0,0,0,0,119
l379-s8-liu-2017,article:l379,experimental_protocol,0.0,0,0.4,reported_point,119,0,0,0,0,119
l379-s8-liu-2017,article:l379,experimental_protocol,0.0,0,0.4,interval_upper,119,0,0,0,0,119
l379-s8-liu-2017,article:l379,experimental_protocol,0.0,0,0.4,coverage_0.5,119,0,0,0,0,119
l379-s8-liu-2017,article:l379,experimental_protocol,0.0,0,0.4,coverage_0.75,119,0,0,0,0,119
l379-s8-liu-2017,article:l379,experimental_protocol,0.0,0,0.5,reported_point,119,0,0,0,0,119
l379-s8-liu-2017,article:l379,experimental_protocol,0.0,0,0.5,interval_upper,119,0,0,0,0,119
l379-s8-liu-2017,article:l379,experimental_protocol,0.0,0,0.5,coverage_0.5,119,0,0,0,0,119
l379-s8-liu-2017,article:l379,experimental_protocol,0.0,0,0.5,coverage_0.75,119,0,0,0,0,119
l379-s8-liu-2017,article:l379,balanced_instance,0.0,0,0.1,reported_point,119,0,0,0,0,119
l379-s8-liu-2017,article:l379,balanced_instance,0.0,0,0.1,interval_upper,119,0,0,0,0,119
l379-s8-liu-2017,article:l379,balanced_instance,0.0,0,0.1,coverage_0.5,119,0,0,0,0,119
l379-s8-liu-2017,article:l379,balanced_instance,0.0,0,0.1,coverage_0.75,119,0,0,0,0,119
l379-s8-liu-2017,article:l379,balanced_instance,0.0,0,0.2,reported_point,119,0,0,0,0,119
l379-s8-liu-2017,article:l379,balanced_instance,0.0,0,0.2,interval_upper,119,0,0,0,0,119
l379-s8-liu-2017,article:l379,balanced_instance,0.0,0,0.2,coverage_0.5,119,0,0,0,0,119
l379-s8-liu-2017,article:l379,balanced_instance,0.0,0,0.2,coverage_0.75,119,0,0,0,0,119
l379-s8-liu-2017,article:l379,balanced_instance,0.0,0,0.3,reported_point,119,0,0,0,0,119
l379-s8-liu-2017,article:l379,balanced_instance,0.0,0,0.3,interval_upper,119,0,0,0,0,119
l379-s8-liu-2017,article:l379,balanced_instance,0.0,0,0.3,coverage_0.5,119,0,0,0,0,119
l379-s8-liu-2017,article:l379,balanced_instance,0.0,0,0.3,coverage_0.75,119,0,0,0,0,119
l379-s8-liu-2017,article:l379,balanced_instance,0.0,0,0.4,reported_point,119,0,0,0,0,119
l379-s8-liu-2017,article:l379,balanced_instance,0.0,0,0.4,interval_upper,119,0,0,0,0,119
l379-s8-liu-2017,article:l379,balanced_instance,0.0,0,0.4,coverage_0.5,119,0,0,0,0,119
l379-s8-liu-2017,article:l379,balanced_instance,0.0,0,0.4,coverage_0.75,119,0,0,0,0,119
l379-s8-liu-2017,article:l379,balanced_instance,0.0,0,0.5,reported_point,119,0,0,0,0,119
l379-s8-liu-2017,article:l379,balanced_instance,0.0,0,0.5,interval_upper,119,0,0,0,0,119
l379-s8-liu-2017,article:l379,balanced_instance,0.0,0,0.5,coverage_0.5,119,0,0,0,0,119
l379-s8-liu-2017,article:l379,balanced_instance,0.0,0,0.5,coverage_0.75,119,0,0,0,0,119
l211-s17-ash-2004,article:l211,material_identity,0.0,0,0.1,reported_point,118,7,7,0,7,118
l211-s17-ash-2004,article:l211,material_identity,0.0,0,0.1,interval_upper,118,7,0,0,0,118
l211-s17-ash-2004,article:l211,material_identity,0.0,0,0.1,coverage_0.5,118,7,0,0,0,118
l211-s17-ash-2004,article:l211,material_identity,0.0,0,0.1,coverage_0.75,118,7,0,0,0,118
l211-s17-ash-2004,article:l211,material_identity,0.0,0,0.2,reported_point,118,8,8,0,8,118
l211-s17-ash-2004,article:l211,material_identity,0.0,0,0.2,interval_upper,118,8,0,0,0,118
l211-s17-ash-2004,article:l211,material_identity,0.0,0,0.2,coverage_0.5,118,8,0,0,0,118
l211-s17-ash-2004,article:l211,material_identity,0.0,0,0.2,coverage_0.75,118,8,0,0,0,118
l211-s17-ash-2004,article:l211,material_identity,0.0,0,0.3,reported_point,118,18,18,0,18,118
l211-s17-ash-2004,article:l211,material_identity,0.0,0,0.3,interval_upper,118,18,0,0,0,118
l211-s17-ash-2004,article:l211,material_identity,0.0,0,0.3,coverage_0.5,118,18,0,0,0,118
l211-s17-ash-2004,article:l211,material_identity,0.0,0,0.3,coverage_0.75,118,18,0,0,0,118
l211-s17-ash-2004,article:l211,material_identity,0.0,0,0.4,reported_point,118,20,20,0,20,118
l211-s17-ash-2004,article:l211,material_identity,0.0,0,0.4,interval_upper,118,20,0,0,0,118
l211-s17-ash-2004,article:l211,material_identity,0.0,0,0.4,coverage_0.5,118,20,0,0,0,118
l211-s17-ash-2004,article:l211,material_identity,0.0,0,0.4,coverage_0.75,118,20,0,0,0,118
l211-s17-ash-2004,article:l211,material_identity,0.0,0,0.5,reported_point,118,21,21,0,21,118
l211-s17-ash-2004,article:l211,material_identity,0.0,0,0.5,interval_upper,118,21,0,0,0,118
l211-s17-ash-2004,article:l211,material_identity,0.0,0,0.5,coverage_0.5,118,21,0,0,0,118
l211-s17-ash-2004,article:l211,material_identity,0.0,0,0.5,coverage_0.75,118,21,0,0,0,118
l211-s17-ash-2004,article:l211,experimental_protocol,0.0,0,0.1,reported_point,118,0,0,0,0,118
l211-s17-ash-2004,article:l211,experimental_protocol,0.0,0,0.1,interval_upper,118,0,0,0,0,118
l211-s17-ash-2004,article:l211,experimental_protocol,0.0,0,0.1,coverage_0.5,118,0,0,0,0,118
l211-s17-ash-2004,article:l211,experimental_protocol,0.0,0,0.1,coverage_0.75,118,0,0,0,0,118
l211-s17-ash-2004,article:l211,experimental_protocol,0.0,0,0.2,reported_point,118,0,0,0,0,118
l211-s17-ash-2004,article:l211,experimental_protocol,0.0,0,0.2,interval_upper,118,0,0,0,0,118
l211-s17-ash-2004,article:l211,experimental_protocol,0.0,0,0.2,coverage_0.5,118,0,0,0,0,118
l211-s17-ash-2004,article:l211,experimental_protocol,0.0,0,0.2,coverage_0.75,118,0,0,0,0,118
l211-s17-ash-2004,article:l211,experimental_protocol,0.0,0,0.3,reported_point,118,0,0,0,0,118
l211-s17-ash-2004,article:l211,experimental_protocol,0.0,0,0.3,interval_upper,118,0,0,0,0,118
l211-s17-ash-2004,article:l211,experimental_protocol,0.0,0,0.3,coverage_0.5,118,0,0,0,0,118
l211-s17-ash-2004,article:l211,experimental_protocol,0.0,0,0.3,coverage_0.75,118,0,0,0,0,118
l211-s17-ash-2004,article:l211,experimental_protocol,0.0,0,0.4,reported_point,118,0,0,0,0,118
l211-s17-ash-2004,article:l211,experimental_protocol,0.0,0,0.4,interval_upper,118,0,0,0,0,118
l211-s17-ash-2004,article:l211,experimental_protocol,0.0,0,0.4,coverage_0.5,118,0,0,0,0,118
l211-s17-ash-2004,article:l211,experimental_protocol,0.0,0,0.4,coverage_0.75,118,0,0,0,0,118
l211-s17-ash-2004,article:l211,experimental_protocol,0.0,0,0.5,reported_point,118,0,0,0,0,118
l211-s17-ash-2004,article:l211,experimental_protocol,0.0,0,0.5,interval_upper,118,0,0,0,0,118
l211-s17-ash-2004,article:l211,experimental_protocol,0.0,0,0.5,coverage_0.5,118,0,0,0,0,118
l211-s17-ash-2004,article:l211,experimental_protocol,0.0,0,0.5,coverage_0.75,118,0,0,0,0,118
l211-s17-ash-2004,article:l211,balanced_instance,0.0,0,0.1,reported_point,118,0,0,0,0,118
l211-s17-ash-2004,article:l211,balanced_instance,0.0,0,0.1,interval_upper,118,0,0,0,0,118
l211-s17-ash-2004,article:l211,balanced_instance,0.0,0,0.1,coverage_0.5,118,0,0,0,0,118
l211-s17-ash-2004,article:l211,balanced_instance,0.0,0,0.1,coverage_0.75,118,0,0,0,0,118
l211-s17-ash-2004,article:l211,balanced_instance,0.0,0,0.2,reported_point,118,0,0,0,0,118
l211-s17-ash-2004,article:l211,balanced_instance,0.0,0,0.2,interval_upper,118,0,0,0,0,118
l211-s17-ash-2004,article:l211,balanced_instance,0.0,0,0.2,coverage_0.5,118,0,0,0,0,118
l211-s17-ash-2004,article:l211,balanced_instance,0.0,0,0.2,coverage_0.75,118,0,0,0,0,118
l211-s17-ash-2004,article:l211,balanced_instance,0.0,0,0.3,reported_point,118,0,0,0,0,118
l211-s17-ash-2004,article:l211,balanced_instance,0.0,0,0.3,interval_upper,118,0,0,0,0,118
l211-s17-ash-2004,article:l211,balanced_instance,0.0,0,0.3,coverage_0.5,118,0,0,0,0,118
l211-s17-ash-2004,article:l211,balanced_instance,0.0,0,0.3,coverage_0.75,118,0,0,0,0,118
l211-s17-ash-2004,article:l211,balanced_instance,0.0,0,0.4,reported_point,118,0,0,0,0,118
l211-s17-ash-2004,article:l211,balanced_instance,0.0,0,0.4,interval_upper,118,0,0,0,0,118
l211-s17-ash-2004,article:l211,balanced_instance,0.0,0,0.4,coverage_0.5,118,0,0,0,0,118
l211-s17-ash-2004,article:l211,balanced_instance,0.0,0,0.4,coverage_0.75,118,0,0,0,0,118
l211-s17-ash-2004,article:l211,balanced_instance,0.0,0,0.5,reported_point,118,6,6,0,6,118
l211-s17-ash-2004,article:l211,balanced_instance,0.0,0,0.5,interval_upper,118,6,0,0,0,118
l211-s17-ash-2004,article:l211,balanced_instance,0.0,0,0.5,coverage_0.5,118,6,6,0,6,118
l211-s17-ash-2004,article:l211,balanced_instance,0.0,0,0.5,coverage_0.75,118,6,0,0,0,118
l396-s6-ghosh-2013,article:l396,material_identity,0.0,0,0.1,reported_point,118,0,0,0,0,118
l396-s6-ghosh-2013,article:l396,material_identity,0.0,0,0.1,interval_upper,118,0,0,0,0,118
l396-s6-ghosh-2013,article:l396,material_identity,0.0,0,0.1,coverage_0.5,118,0,0,0,0,118
l396-s6-ghosh-2013,article:l396,material_identity,0.0,0,0.1,coverage_0.75,118,0,0,0,0,118
l396-s6-ghosh-2013,article:l396,material_identity,0.0,0,0.2,reported_point,118,0,0,0,0,118
l396-s6-ghosh-2013,article:l396,material_identity,0.0,0,0.2,interval_upper,118,0,0,0,0,118
l396-s6-ghosh-2013,article:l396,material_identity,0.0,0,0.2,coverage_0.5,118,0,0,0,0,118
l396-s6-ghosh-2013,article:l396,material_identity,0.0,0,0.2,coverage_0.75,118,0,0,0,0,118
l396-s6-ghosh-2013,article:l396,material_identity,0.0,0,0.3,reported_point,118,2,2,0,2,118
l396-s6-ghosh-2013,article:l396,material_identity,0.0,0,0.3,interval_upper,118,2,0,0,0,118
l396-s6-ghosh-2013,article:l396,material_identity,0.0,0,0.3,coverage_0.5,118,2,0,0,0,118
l396-s6-ghosh-2013,article:l396,material_identity,0.0,0,0.3,coverage_0.75,118,2,0,0,0,118
l396-s6-ghosh-2013,article:l396,material_identity,0.0,0,0.4,reported_point,118,3,3,0,3,118
l396-s6-ghosh-2013,article:l396,material_identity,0.0,0,0.4,interval_upper,118,3,0,0,0,118
l396-s6-ghosh-2013,article:l396,material_identity,0.0,0,0.4,coverage_0.5,118,3,0,0,0,118
l396-s6-ghosh-2013,article:l396,material_identity,0.0,0,0.4,coverage_0.75,118,3,0,0,0,118
l396-s6-ghosh-2013,article:l396,material_identity,0.0,0,0.5,reported_point,118,14,14,0,14,118
l396-s6-ghosh-2013,article:l396,material_identity,0.0,0,0.5,interval_upper,118,14,0,0,0,118
l396-s6-ghosh-2013,article:l396,material_identity,0.0,0,0.5,coverage_0.5,118,14,0,0,0,118
l396-s6-ghosh-2013,article:l396,material_identity,0.0,0,0.5,coverage_0.75,118,14,0,0,0,118
l396-s6-ghosh-2013,article:l396,experimental_protocol,0.0,0,0.1,reported_point,118,0,0,0,0,118
l396-s6-ghosh-2013,article:l396,experimental_protocol,0.0,0,0.1,interval_upper,118,0,0,0,0,118
l396-s6-ghosh-2013,article:l396,experimental_protocol,0.0,0,0.1,coverage_0.5,118,0,0,0,0,118
l396-s6-ghosh-2013,article:l396,experimental_protocol,0.0,0,0.1,coverage_0.75,118,0,0,0,0,118
l396-s6-ghosh-2013,article:l396,experimental_protocol,0.0,0,0.2,reported_point,118,0,0,0,0,118
l396-s6-ghosh-2013,article:l396,experimental_protocol,0.0,0,0.2,interval_upper,118,0,0,0,0,118
l396-s6-ghosh-2013,article:l396,experimental_protocol,0.0,0,0.2,coverage_0.5,118,0,0,0,0,118
l396-s6-ghosh-2013,article:l396,experimental_protocol,0.0,0,0.2,coverage_0.75,118,0,0,0,0,118
l396-s6-ghosh-2013,article:l396,experimental_protocol,0.0,0,0.3,reported_point,118,0,0,0,0,118
l396-s6-ghosh-2013,article:l396,experimental_protocol,0.0,0,0.3,interval_upper,118,0,0,0,0,118
l396-s6-ghosh-2013,article:l396,experimental_protocol,0.0,0,0.3,coverage_0.5,118,0,0,0,0,118
l396-s6-ghosh-2013,article:l396,experimental_protocol,0.0,0,0.3,coverage_0.75,118,0,0,0,0,118
l396-s6-ghosh-2013,article:l396,experimental_protocol,0.0,0,0.4,reported_point,118,0,0,0,0,118
l396-s6-ghosh-2013,article:l396,experimental_protocol,0.0,0,0.4,interval_upper,118,0,0,0,0,118
l396-s6-ghosh-2013,article:l396,experimental_protocol,0.0,0,0.4,coverage_0.5,118,0,0,0,0,118
l396-s6-ghosh-2013,article:l396,experimental_protocol,0.0,0,0.4,coverage_0.75,118,0,0,0,0,118
l396-s6-ghosh-2013,article:l396,experimental_protocol,0.0,0,0.5,reported_point,118,0,0,0,0,118
l396-s6-ghosh-2013,article:l396,experimental_protocol,0.0,0,0.5,interval_upper,118,0,0,0,0,118
l396-s6-ghosh-2013,article:l396,experimental_protocol,0.0,0,0.5,coverage_0.5,118,0,0,0,0,118
l396-s6-ghosh-2013,article:l396,experimental_protocol,0.0,0,0.5,coverage_0.75,118,0,0,0,0,118
l396-s6-ghosh-2013,article:l396,balanced_instance,0.0,0,0.1,reported_point,118,0,0,0,0,118
l396-s6-ghosh-2013,article:l396,balanced_instance,0.0,0,0.1,interval_upper,118,0,0,0,0,118
l396-s6-ghosh-2013,article:l396,balanced_instance,0.0,0,0.1,coverage_0.5,118,0,0,0,0,118
l396-s6-ghosh-2013,article:l396,balanced_instance,0.0,0,0.1,coverage_0.75,118,0,0,0,0,118
l396-s6-ghosh-2013,article:l396,balanced_instance,0.0,0,0.2,reported_point,118,0,0,0,0,118
l396-s6-ghosh-2013,article:l396,balanced_instance,0.0,0,0.2,interval_upper,118,0,0,0,0,118
l396-s6-ghosh-2013,article:l396,balanced_instance,0.0,0,0.2,coverage_0.5,118,0,0,0,0,118
l396-s6-ghosh-2013,article:l396,balanced_instance,0.0,0,0.2,coverage_0.75,118,0,0,0,0,118
l396-s6-ghosh-2013,article:l396,balanced_instance,0.0,0,0.3,reported_point,118,0,0,0,0,118
l396-s6-ghosh-2013,article:l396,balanced_instance,0.0,0,0.3,interval_upper,118,0,0,0,0,118
l396-s6-ghosh-2013,article:l396,balanced_instance,0.0,0,0.3,coverage_0.5,118,0,0,0,0,118
l396-s6-ghosh-2013,article:l396,balanced_instance,0.0,0,0.3,coverage_0.75,118,0,0,0,0,118
l396-s6-ghosh-2013,article:l396,balanced_instance,0.0,0,0.4,reported_point,118,0,0,0,0,118
l396-s6-ghosh-2013,article:l396,balanced_instance,0.0,0,0.4,interval_upper,118,0,0,0,0,118
l396-s6-ghosh-2013,article:l396,balanced_instance,0.0,0,0.4,coverage_0.5,118,0,0,0,0,118
l396-s6-ghosh-2013,article:l396,balanced_instance,0.0,0,0.4,coverage_0.75,118,0,0,0,0,118
l396-s6-ghosh-2013,article:l396,balanced_instance,0.0,0,0.5,reported_point,118,2,2,0,2,118
l396-s6-ghosh-2013,article:l396,balanced_instance,0.0,0,0.5,interval_upper,118,2,0,0,0,118
l396-s6-ghosh-2013,article:l396,balanced_instance,0.0,0,0.5,coverage_0.5,118,2,2,0,2,118
l396-s6-ghosh-2013,article:l396,balanced_instance,0.0,0,0.5,coverage_0.75,118,2,0,0,0,118
l111-s3-singha-2009,article:l111,material_identity,0.0,0,0.1,reported_point,118,4,4,0,4,118
l111-s3-singha-2009,article:l111,material_identity,0.0,0,0.1,interval_upper,118,4,0,0,0,118
l111-s3-singha-2009,article:l111,material_identity,0.0,0,0.1,coverage_0.5,118,4,0,0,0,118
l111-s3-singha-2009,article:l111,material_identity,0.0,0,0.1,coverage_0.75,118,4,0,0,0,118
l111-s3-singha-2009,article:l111,material_identity,0.0,0,0.2,reported_point,118,4,4,0,4,118
l111-s3-singha-2009,article:l111,material_identity,0.0,0,0.2,interval_upper,118,4,0,0,0,118
l111-s3-singha-2009,article:l111,material_identity,0.0,0,0.2,coverage_0.5,118,4,0,0,0,118
l111-s3-singha-2009,article:l111,material_identity,0.0,0,0.2,coverage_0.75,118,4,0,0,0,118
l111-s3-singha-2009,article:l111,material_identity,0.0,0,0.3,reported_point,118,11,11,0,11,118
l111-s3-singha-2009,article:l111,material_identity,0.0,0,0.3,interval_upper,118,11,0,0,0,118
l111-s3-singha-2009,article:l111,material_identity,0.0,0,0.3,coverage_0.5,118,11,0,0,0,118
l111-s3-singha-2009,article:l111,material_identity,0.0,0,0.3,coverage_0.75,118,11,0,0,0,118
l111-s3-singha-2009,article:l111,material_identity,0.0,0,0.4,reported_point,118,16,16,0,16,118
l111-s3-singha-2009,article:l111,material_identity,0.0,0,0.4,interval_upper,118,16,0,0,0,118
l111-s3-singha-2009,article:l111,material_identity,0.0,0,0.4,coverage_0.5,118,16,0,0,0,118
l111-s3-singha-2009,article:l111,material_identity,0.0,0,0.4,coverage_0.75,118,16,0,0,0,118
l111-s3-singha-2009,article:l111,material_identity,0.0,0,0.5,reported_point,118,20,20,0,20,118
l111-s3-singha-2009,article:l111,material_identity,0.0,0,0.5,interval_upper,118,20,0,0,0,118
l111-s3-singha-2009,article:l111,material_identity,0.0,0,0.5,coverage_0.5,118,20,0,0,0,118
l111-s3-singha-2009,article:l111,material_identity,0.0,0,0.5,coverage_0.75,118,20,0,0,0,118
l111-s3-singha-2009,article:l111,experimental_protocol,0.0,0,0.1,reported_point,118,0,0,0,0,118
l111-s3-singha-2009,article:l111,experimental_protocol,0.0,0,0.1,interval_upper,118,0,0,0,0,118
l111-s3-singha-2009,article:l111,experimental_protocol,0.0,0,0.1,coverage_0.5,118,0,0,0,0,118
l111-s3-singha-2009,article:l111,experimental_protocol,0.0,0,0.1,coverage_0.75,118,0,0,0,0,118
l111-s3-singha-2009,article:l111,experimental_protocol,0.0,0,0.2,reported_point,118,0,0,0,0,118
l111-s3-singha-2009,article:l111,experimental_protocol,0.0,0,0.2,interval_upper,118,0,0,0,0,118
l111-s3-singha-2009,article:l111,experimental_protocol,0.0,0,0.2,coverage_0.5,118,0,0,0,0,118
l111-s3-singha-2009,article:l111,experimental_protocol,0.0,0,0.2,coverage_0.75,118,0,0,0,0,118
l111-s3-singha-2009,article:l111,experimental_protocol,0.0,0,0.3,reported_point,118,0,0,0,0,118
l111-s3-singha-2009,article:l111,experimental_protocol,0.0,0,0.3,interval_upper,118,0,0,0,0,118
l111-s3-singha-2009,article:l111,experimental_protocol,0.0,0,0.3,coverage_0.5,118,0,0,0,0,118
l111-s3-singha-2009,article:l111,experimental_protocol,0.0,0,0.3,coverage_0.75,118,0,0,0,0,118
l111-s3-singha-2009,article:l111,experimental_protocol,0.0,0,0.4,reported_point,118,0,0,0,0,118
l111-s3-singha-2009,article:l111,experimental_protocol,0.0,0,0.4,interval_upper,118,0,0,0,0,118
l111-s3-singha-2009,article:l111,experimental_protocol,0.0,0,0.4,coverage_0.5,118,0,0,0,0,118
l111-s3-singha-2009,article:l111,experimental_protocol,0.0,0,0.4,coverage_0.75,118,0,0,0,0,118
l111-s3-singha-2009,article:l111,experimental_protocol,0.0,0,0.5,reported_point,118,0,0,0,0,118
l111-s3-singha-2009,article:l111,experimental_protocol,0.0,0,0.5,interval_upper,118,0,0,0,0,118
l111-s3-singha-2009,article:l111,experimental_protocol,0.0,0,0.5,coverage_0.5,118,0,0,0,0,118
l111-s3-singha-2009,article:l111,experimental_protocol,0.0,0,0.5,coverage_0.75,118,0,0,0,0,118
l111-s3-singha-2009,article:l111,balanced_instance,0.0,0,0.1,reported_point,118,0,0,0,0,118
l111-s3-singha-2009,article:l111,balanced_instance,0.0,0,0.1,interval_upper,118,0,0,0,0,118
l111-s3-singha-2009,article:l111,balanced_instance,0.0,0,0.1,coverage_0.5,118,0,0,0,0,118
l111-s3-singha-2009,article:l111,balanced_instance,0.0,0,0.1,coverage_0.75,118,0,0,0,0,118
l111-s3-singha-2009,article:l111,balanced_instance,0.0,0,0.2,reported_point,118,0,0,0,0,118
l111-s3-singha-2009,article:l111,balanced_instance,0.0,0,0.2,interval_upper,118,0,0,0,0,118
l111-s3-singha-2009,article:l111,balanced_instance,0.0,0,0.2,coverage_0.5,118,0,0,0,0,118
l111-s3-singha-2009,article:l111,balanced_instance,0.0,0,0.2,coverage_0.75,118,0,0,0,0,118
l111-s3-singha-2009,article:l111,balanced_instance,0.0,0,0.3,reported_point,118,0,0,0,0,118
l111-s3-singha-2009,article:l111,balanced_instance,0.0,0,0.3,interval_upper,118,0,0,0,0,118
l111-s3-singha-2009,article:l111,balanced_instance,0.0,0,0.3,coverage_0.5,118,0,0,0,0,118
l111-s3-singha-2009,article:l111,balanced_instance,0.0,0,0.3,coverage_0.75,118,0,0,0,0,118
l111-s3-singha-2009,article:l111,balanced_instance,0.0,0,0.4,reported_point,118,2,2,0,2,118
l111-s3-singha-2009,article:l111,balanced_instance,0.0,0,0.4,interval_upper,118,2,0,0,0,118
l111-s3-singha-2009,article:l111,balanced_instance,0.0,0,0.4,coverage_0.5,118,2,1,0,1,118
l111-s3-singha-2009,article:l111,balanced_instance,0.0,0,0.4,coverage_0.75,118,2,0,0,0,118
l111-s3-singha-2009,article:l111,balanced_instance,0.0,0,0.5,reported_point,118,3,3,0,3,118
l111-s3-singha-2009,article:l111,balanced_instance,0.0,0,0.5,interval_upper,118,3,0,0,0,118
l111-s3-singha-2009,article:l111,balanced_instance,0.0,0,0.5,coverage_0.5,118,3,2,0,2,118
l111-s3-singha-2009,article:l111,balanced_instance,0.0,0,0.5,coverage_0.75,118,3,0,0,0,118
l211-s15-ash-2004,article:l211,material_identity,0.0,0,0.1,reported_point,118,7,7,0,7,118
l211-s15-ash-2004,article:l211,material_identity,0.0,0,0.1,interval_upper,118,7,0,0,0,118
l211-s15-ash-2004,article:l211,material_identity,0.0,0,0.1,coverage_0.5,118,7,0,0,0,118
l211-s15-ash-2004,article:l211,material_identity,0.0,0,0.1,coverage_0.75,118,7,0,0,0,118
l211-s15-ash-2004,article:l211,material_identity,0.0,0,0.2,reported_point,118,8,8,0,8,118
l211-s15-ash-2004,article:l211,material_identity,0.0,0,0.2,interval_upper,118,8,0,0,0,118
l211-s15-ash-2004,article:l211,material_identity,0.0,0,0.2,coverage_0.5,118,8,0,0,0,118
l211-s15-ash-2004,article:l211,material_identity,0.0,0,0.2,coverage_0.75,118,8,0,0,0,118
l211-s15-ash-2004,article:l211,material_identity,0.0,0,0.3,reported_point,118,18,18,0,18,118
l211-s15-ash-2004,article:l211,material_identity,0.0,0,0.3,interval_upper,118,18,0,0,0,118
l211-s15-ash-2004,article:l211,material_identity,0.0,0,0.3,coverage_0.5,118,18,0,0,0,118
l211-s15-ash-2004,article:l211,material_identity,0.0,0,0.3,coverage_0.75,118,18,0,0,0,118
l211-s15-ash-2004,article:l211,material_identity,0.0,0,0.4,reported_point,118,20,20,0,20,118
l211-s15-ash-2004,article:l211,material_identity,0.0,0,0.4,interval_upper,118,20,0,0,0,118
l211-s15-ash-2004,article:l211,material_identity,0.0,0,0.4,coverage_0.5,118,20,0,0,0,118
l211-s15-ash-2004,article:l211,material_identity,0.0,0,0.4,coverage_0.75,118,20,0,0,0,118
l211-s15-ash-2004,article:l211,material_identity,0.0,0,0.5,reported_point,118,21,21,0,21,118
l211-s15-ash-2004,article:l211,material_identity,0.0,0,0.5,interval_upper,118,21,0,0,0,118
l211-s15-ash-2004,article:l211,material_identity,0.0,0,0.5,coverage_0.5,118,21,0,0,0,118
l211-s15-ash-2004,article:l211,material_identity,0.0,0,0.5,coverage_0.75,118,21,0,0,0,118
l211-s15-ash-2004,article:l211,experimental_protocol,0.0,0,0.1,reported_point,118,0,0,0,0,118
l211-s15-ash-2004,article:l211,experimental_protocol,0.0,0,0.1,interval_upper,118,0,0,0,0,118
l211-s15-ash-2004,article:l211,experimental_protocol,0.0,0,0.1,coverage_0.5,118,0,0,0,0,118
l211-s15-ash-2004,article:l211,experimental_protocol,0.0,0,0.1,coverage_0.75,118,0,0,0,0,118
l211-s15-ash-2004,article:l211,experimental_protocol,0.0,0,0.2,reported_point,118,0,0,0,0,118
l211-s15-ash-2004,article:l211,experimental_protocol,0.0,0,0.2,interval_upper,118,0,0,0,0,118
l211-s15-ash-2004,article:l211,experimental_protocol,0.0,0,0.2,coverage_0.5,118,0,0,0,0,118
l211-s15-ash-2004,article:l211,experimental_protocol,0.0,0,0.2,coverage_0.75,118,0,0,0,0,118
l211-s15-ash-2004,article:l211,experimental_protocol,0.0,0,0.3,reported_point,118,0,0,0,0,118
l211-s15-ash-2004,article:l211,experimental_protocol,0.0,0,0.3,interval_upper,118,0,0,0,0,118
l211-s15-ash-2004,article:l211,experimental_protocol,0.0,0,0.3,coverage_0.5,118,0,0,0,0,118
l211-s15-ash-2004,article:l211,experimental_protocol,0.0,0,0.3,coverage_0.75,118,0,0,0,0,118
l211-s15-ash-2004,article:l211,experimental_protocol,0.0,0,0.4,reported_point,118,0,0,0,0,118
l211-s15-ash-2004,article:l211,experimental_protocol,0.0,0,0.4,interval_upper,118,0,0,0,0,118
l211-s15-ash-2004,article:l211,experimental_protocol,0.0,0,0.4,coverage_0.5,118,0,0,0,0,118
l211-s15-ash-2004,article:l211,experimental_protocol,0.0,0,0.4,coverage_0.75,118,0,0,0,0,118
l211-s15-ash-2004,article:l211,experimental_protocol,0.0,0,0.5,reported_point,118,0,0,0,0,118
l211-s15-ash-2004,article:l211,experimental_protocol,0.0,0,0.5,interval_upper,118,0,0,0,0,118
l211-s15-ash-2004,article:l211,experimental_protocol,0.0,0,0.5,coverage_0.5,118,0,0,0,0,118
l211-s15-ash-2004,article:l211,experimental_protocol,0.0,0,0.5,coverage_0.75,118,0,0,0,0,118
l211-s15-ash-2004,article:l211,balanced_instance,0.0,0,0.1,reported_point,118,0,0,0,0,118
l211-s15-ash-2004,article:l211,balanced_instance,0.0,0,0.1,interval_upper,118,0,0,0,0,118
l211-s15-ash-2004,article:l211,balanced_instance,0.0,0,0.1,coverage_0.5,118,0,0,0,0,118
l211-s15-ash-2004,article:l211,balanced_instance,0.0,0,0.1,coverage_0.75,118,0,0,0,0,118
l211-s15-ash-2004,article:l211,balanced_instance,0.0,0,0.2,reported_point,118,0,0,0,0,118
l211-s15-ash-2004,article:l211,balanced_instance,0.0,0,0.2,interval_upper,118,0,0,0,0,118
l211-s15-ash-2004,article:l211,balanced_instance,0.0,0,0.2,coverage_0.5,118,0,0,0,0,118
l211-s15-ash-2004,article:l211,balanced_instance,0.0,0,0.2,coverage_0.75,118,0,0,0,0,118
l211-s15-ash-2004,article:l211,balanced_instance,0.0,0,0.3,reported_point,118,0,0,0,0,118
l211-s15-ash-2004,article:l211,balanced_instance,0.0,0,0.3,interval_upper,118,0,0,0,0,118
l211-s15-ash-2004,article:l211,balanced_instance,0.0,0,0.3,coverage_0.5,118,0,0,0,0,118
l211-s15-ash-2004,article:l211,balanced_instance,0.0,0,0.3,coverage_0.75,118,0,0,0,0,118
l211-s15-ash-2004,article:l211,balanced_instance,0.0,0,0.4,reported_point,118,0,0,0,0,118
l211-s15-ash-2004,article:l211,balanced_instance,0.0,0,0.4,interval_upper,118,0,0,0,0,118
l211-s15-ash-2004,article:l211,balanced_instance,0.0,0,0.4,coverage_0.5,118,0,0,0,0,118
l211-s15-ash-2004,article:l211,balanced_instance,0.0,0,0.4,coverage_0.75,118,0,0,0,0,118
l211-s15-ash-2004,article:l211,balanced_instance,0.0,0,0.5,reported_point,118,6,6,0,6,118
l211-s15-ash-2004,article:l211,balanced_instance,0.0,0,0.5,interval_upper,118,6,0,0,0,118
l211-s15-ash-2004,article:l211,balanced_instance,0.0,0,0.5,coverage_0.5,118,6,6,0,6,118
l211-s15-ash-2004,article:l211,balanced_instance,0.0,0,0.5,coverage_0.75,118,6,0,0,0,118
l313-s2-huang-2014,article:l313,material_identity,0.0,0,0.1,reported_point,119,0,0,0,0,119
l313-s2-huang-2014,article:l313,material_identity,0.0,0,0.1,interval_upper,119,0,0,0,0,119
l313-s2-huang-2014,article:l313,material_identity,0.0,0,0.1,coverage_0.5,119,0,0,0,0,119
l313-s2-huang-2014,article:l313,material_identity,0.0,0,0.1,coverage_0.75,119,0,0,0,0,119
l313-s2-huang-2014,article:l313,material_identity,0.0,0,0.2,reported_point,119,0,0,0,0,119
l313-s2-huang-2014,article:l313,material_identity,0.0,0,0.2,interval_upper,119,0,0,0,0,119
l313-s2-huang-2014,article:l313,material_identity,0.0,0,0.2,coverage_0.5,119,0,0,0,0,119
l313-s2-huang-2014,article:l313,material_identity,0.0,0,0.2,coverage_0.75,119,0,0,0,0,119
l313-s2-huang-2014,article:l313,material_identity,0.0,0,0.3,reported_point,119,0,0,0,0,119
l313-s2-huang-2014,article:l313,material_identity,0.0,0,0.3,interval_upper,119,0,0,0,0,119
l313-s2-huang-2014,article:l313,material_identity,0.0,0,0.3,coverage_0.5,119,0,0,0,0,119
l313-s2-huang-2014,article:l313,material_identity,0.0,0,0.3,coverage_0.75,119,0,0,0,0,119
l313-s2-huang-2014,article:l313,material_identity,0.0,0,0.4,reported_point,119,0,0,0,0,119
l313-s2-huang-2014,article:l313,material_identity,0.0,0,0.4,interval_upper,119,0,0,0,0,119
l313-s2-huang-2014,article:l313,material_identity,0.0,0,0.4,coverage_0.5,119,0,0,0,0,119
l313-s2-huang-2014,article:l313,material_identity,0.0,0,0.4,coverage_0.75,119,0,0,0,0,119
l313-s2-huang-2014,article:l313,material_identity,0.0,0,0.5,reported_point,119,0,0,0,0,119
l313-s2-huang-2014,article:l313,material_identity,0.0,0,0.5,interval_upper,119,0,0,0,0,119
l313-s2-huang-2014,article:l313,material_identity,0.0,0,0.5,coverage_0.5,119,0,0,0,0,119
l313-s2-huang-2014,article:l313,material_identity,0.0,0,0.5,coverage_0.75,119,0,0,0,0,119
l313-s2-huang-2014,article:l313,experimental_protocol,0.0,0,0.1,reported_point,119,0,0,0,0,119
l313-s2-huang-2014,article:l313,experimental_protocol,0.0,0,0.1,interval_upper,119,0,0,0,0,119
l313-s2-huang-2014,article:l313,experimental_protocol,0.0,0,0.1,coverage_0.5,119,0,0,0,0,119
l313-s2-huang-2014,article:l313,experimental_protocol,0.0,0,0.1,coverage_0.75,119,0,0,0,0,119
l313-s2-huang-2014,article:l313,experimental_protocol,0.0,0,0.2,reported_point,119,0,0,0,0,119
l313-s2-huang-2014,article:l313,experimental_protocol,0.0,0,0.2,interval_upper,119,0,0,0,0,119
l313-s2-huang-2014,article:l313,experimental_protocol,0.0,0,0.2,coverage_0.5,119,0,0,0,0,119
l313-s2-huang-2014,article:l313,experimental_protocol,0.0,0,0.2,coverage_0.75,119,0,0,0,0,119
l313-s2-huang-2014,article:l313,experimental_protocol,0.0,0,0.3,reported_point,119,1,1,0,1,119
l313-s2-huang-2014,article:l313,experimental_protocol,0.0,0,0.3,interval_upper,119,1,0,0,0,119
l313-s2-huang-2014,article:l313,experimental_protocol,0.0,0,0.3,coverage_0.5,119,1,1,0,1,119
l313-s2-huang-2014,article:l313,experimental_protocol,0.0,0,0.3,coverage_0.75,119,1,0,0,0,119
l313-s2-huang-2014,article:l313,experimental_protocol,0.0,0,0.4,reported_point,119,3,3,0,3,119
l313-s2-huang-2014,article:l313,experimental_protocol,0.0,0,0.4,interval_upper,119,3,0,0,0,119
l313-s2-huang-2014,article:l313,experimental_protocol,0.0,0,0.4,coverage_0.5,119,3,3,0,3,119
l313-s2-huang-2014,article:l313,experimental_protocol,0.0,0,0.4,coverage_0.75,119,3,0,0,0,119
l313-s2-huang-2014,article:l313,experimental_protocol,0.0,0,0.5,reported_point,119,6,6,0,6,119
l313-s2-huang-2014,article:l313,experimental_protocol,0.0,0,0.5,interval_upper,119,6,3,0,3,119
l313-s2-huang-2014,article:l313,experimental_protocol,0.0,0,0.5,coverage_0.5,119,6,6,0,6,119
l313-s2-huang-2014,article:l313,experimental_protocol,0.0,0,0.5,coverage_0.75,119,6,0,0,0,119
l313-s2-huang-2014,article:l313,balanced_instance,0.0,0,0.1,reported_point,119,0,0,0,0,119
l313-s2-huang-2014,article:l313,balanced_instance,0.0,0,0.1,interval_upper,119,0,0,0,0,119
l313-s2-huang-2014,article:l313,balanced_instance,0.0,0,0.1,coverage_0.5,119,0,0,0,0,119
l313-s2-huang-2014,article:l313,balanced_instance,0.0,0,0.1,coverage_0.75,119,0,0,0,0,119
l313-s2-huang-2014,article:l313,balanced_instance,0.0,0,0.2,reported_point,119,0,0,0,0,119
l313-s2-huang-2014,article:l313,balanced_instance,0.0,0,0.2,interval_upper,119,0,0,0,0,119
l313-s2-huang-2014,article:l313,balanced_instance,0.0,0,0.2,coverage_0.5,119,0,0,0,0,119
l313-s2-huang-2014,article:l313,balanced_instance,0.0,0,0.2,coverage_0.75,119,0,0,0,0,119
l313-s2-huang-2014,article:l313,balanced_instance,0.0,0,0.3,reported_point,119,0,0,0,0,119
l313-s2-huang-2014,article:l313,balanced_instance,0.0,0,0.3,interval_upper,119,0,0,0,0,119
l313-s2-huang-2014,article:l313,balanced_instance,0.0,0,0.3,coverage_0.5,119,0,0,0,0,119
l313-s2-huang-2014,article:l313,balanced_instance,0.0,0,0.3,coverage_0.75,119,0,0,0,0,119
l313-s2-huang-2014,article:l313,balanced_instance,0.0,0,0.4,reported_point,119,1,1,0,1,119
l313-s2-huang-2014,article:l313,balanced_instance,0.0,0,0.4,interval_upper,119,1,0,0,0,119
l313-s2-huang-2014,article:l313,balanced_instance,0.0,0,0.4,coverage_0.5,119,1,1,0,1,119
l313-s2-huang-2014,article:l313,balanced_instance,0.0,0,0.4,coverage_0.75,119,1,0,0,0,119
l313-s2-huang-2014,article:l313,balanced_instance,0.0,0,0.5,reported_point,119,5,5,0,5,119
l313-s2-huang-2014,article:l313,balanced_instance,0.0,0,0.5,interval_upper,119,5,0,0,0,119
l313-s2-huang-2014,article:l313,balanced_instance,0.0,0,0.5,coverage_0.5,119,5,5,0,5,119
l313-s2-huang-2014,article:l313,balanced_instance,0.0,0,0.5,coverage_0.75,119,5,0,0,0,119
l290-s24-si-2006,article:l290,material_identity,0.0,0,0.1,reported_point,119,0,0,0,0,119
l290-s24-si-2006,article:l290,material_identity,0.0,0,0.1,interval_upper,119,0,0,0,0,119
l290-s24-si-2006,article:l290,material_identity,0.0,0,0.1,coverage_0.5,119,0,0,0,0,119
l290-s24-si-2006,article:l290,material_identity,0.0,0,0.1,coverage_0.75,119,0,0,0,0,119
l290-s24-si-2006,article:l290,material_identity,0.0,0,0.2,reported_point,119,0,0,0,0,119
l290-s24-si-2006,article:l290,material_identity,0.0,0,0.2,interval_upper,119,0,0,0,0,119
l290-s24-si-2006,article:l290,material_identity,0.0,0,0.2,coverage_0.5,119,0,0,0,0,119
l290-s24-si-2006,article:l290,material_identity,0.0,0,0.2,coverage_0.75,119,0,0,0,0,119
l290-s24-si-2006,article:l290,material_identity,0.0,0,0.3,reported_point,119,0,0,0,0,119
l290-s24-si-2006,article:l290,material_identity,0.0,0,0.3,interval_upper,119,0,0,0,0,119
l290-s24-si-2006,article:l290,material_identity,0.0,0,0.3,coverage_0.5,119,0,0,0,0,119
l290-s24-si-2006,article:l290,material_identity,0.0,0,0.3,coverage_0.75,119,0,0,0,0,119
l290-s24-si-2006,article:l290,material_identity,0.0,0,0.4,reported_point,119,4,4,0,4,119
l290-s24-si-2006,article:l290,material_identity,0.0,0,0.4,interval_upper,119,4,0,0,0,119
l290-s24-si-2006,article:l290,material_identity,0.0,0,0.4,coverage_0.5,119,4,0,0,0,119
l290-s24-si-2006,article:l290,material_identity,0.0,0,0.4,coverage_0.75,119,4,0,0,0,119
l290-s24-si-2006,article:l290,material_identity,0.0,0,0.5,reported_point,119,6,6,0,6,119
l290-s24-si-2006,article:l290,material_identity,0.0,0,0.5,interval_upper,119,6,0,0,0,119
l290-s24-si-2006,article:l290,material_identity,0.0,0,0.5,coverage_0.5,119,6,0,0,0,119
l290-s24-si-2006,article:l290,material_identity,0.0,0,0.5,coverage_0.75,119,6,0,0,0,119
l290-s24-si-2006,article:l290,experimental_protocol,0.0,0,0.1,reported_point,119,0,0,0,0,119
l290-s24-si-2006,article:l290,experimental_protocol,0.0,0,0.1,interval_upper,119,0,0,0,0,119
l290-s24-si-2006,article:l290,experimental_protocol,0.0,0,0.1,coverage_0.5,119,0,0,0,0,119
l290-s24-si-2006,article:l290,experimental_protocol,0.0,0,0.1,coverage_0.75,119,0,0,0,0,119
l290-s24-si-2006,article:l290,experimental_protocol,0.0,0,0.2,reported_point,119,1,1,0,1,119
l290-s24-si-2006,article:l290,experimental_protocol,0.0,0,0.2,interval_upper,119,1,0,0,0,119
l290-s24-si-2006,article:l290,experimental_protocol,0.0,0,0.2,coverage_0.5,119,1,1,0,1,119
l290-s24-si-2006,article:l290,experimental_protocol,0.0,0,0.2,coverage_0.75,119,1,0,0,0,119
l290-s24-si-2006,article:l290,experimental_protocol,0.0,0,0.3,reported_point,119,1,1,0,1,119
l290-s24-si-2006,article:l290,experimental_protocol,0.0,0,0.3,interval_upper,119,1,0,0,0,119
l290-s24-si-2006,article:l290,experimental_protocol,0.0,0,0.3,coverage_0.5,119,1,1,0,1,119
l290-s24-si-2006,article:l290,experimental_protocol,0.0,0,0.3,coverage_0.75,119,1,0,0,0,119
l290-s24-si-2006,article:l290,experimental_protocol,0.0,0,0.4,reported_point,119,2,2,0,2,119
l290-s24-si-2006,article:l290,experimental_protocol,0.0,0,0.4,interval_upper,119,2,0,0,0,119
l290-s24-si-2006,article:l290,experimental_protocol,0.0,0,0.4,coverage_0.5,119,2,2,0,2,119
l290-s24-si-2006,article:l290,experimental_protocol,0.0,0,0.4,coverage_0.75,119,2,0,0,0,119
l290-s24-si-2006,article:l290,experimental_protocol,0.0,0,0.5,reported_point,119,10,10,0,10,119
l290-s24-si-2006,article:l290,experimental_protocol,0.0,0,0.5,interval_upper,119,10,4,0,4,119
l290-s24-si-2006,article:l290,experimental_protocol,0.0,0,0.5,coverage_0.5,119,10,10,0,10,119
l290-s24-si-2006,article:l290,experimental_protocol,0.0,0,0.5,coverage_0.75,119,10,0,0,0,119
l290-s24-si-2006,article:l290,balanced_instance,0.0,0,0.1,reported_point,119,0,0,0,0,119
l290-s24-si-2006,article:l290,balanced_instance,0.0,0,0.1,interval_upper,119,0,0,0,0,119
l290-s24-si-2006,article:l290,balanced_instance,0.0,0,0.1,coverage_0.5,119,0,0,0,0,119
l290-s24-si-2006,article:l290,balanced_instance,0.0,0,0.1,coverage_0.75,119,0,0,0,0,119
l290-s24-si-2006,article:l290,balanced_instance,0.0,0,0.2,reported_point,119,0,0,0,0,119
l290-s24-si-2006,article:l290,balanced_instance,0.0,0,0.2,interval_upper,119,0,0,0,0,119
l290-s24-si-2006,article:l290,balanced_instance,0.0,0,0.2,coverage_0.5,119,0,0,0,0,119
l290-s24-si-2006,article:l290,balanced_instance,0.0,0,0.2,coverage_0.75,119,0,0,0,0,119
l290-s24-si-2006,article:l290,balanced_instance,0.0,0,0.3,reported_point,119,0,0,0,0,119
l290-s24-si-2006,article:l290,balanced_instance,0.0,0,0.3,interval_upper,119,0,0,0,0,119
l290-s24-si-2006,article:l290,balanced_instance,0.0,0,0.3,coverage_0.5,119,0,0,0,0,119
l290-s24-si-2006,article:l290,balanced_instance,0.0,0,0.3,coverage_0.75,119,0,0,0,0,119
l290-s24-si-2006,article:l290,balanced_instance,0.0,0,0.4,reported_point,119,1,1,0,1,119
l290-s24-si-2006,article:l290,balanced_instance,0.0,0,0.4,interval_upper,119,1,0,0,0,119
l290-s24-si-2006,article:l290,balanced_instance,0.0,0,0.4,coverage_0.5,119,1,1,0,1,119
l290-s24-si-2006,article:l290,balanced_instance,0.0,0,0.4,coverage_0.75,119,1,0,0,0,119
l290-s24-si-2006,article:l290,balanced_instance,0.0,0,0.5,reported_point,119,5,5,0,5,119
l290-s24-si-2006,article:l290,balanced_instance,0.0,0,0.5,interval_upper,119,5,0,0,0,119
l290-s24-si-2006,article:l290,balanced_instance,0.0,0,0.5,coverage_0.5,119,5,5,0,5,119
l290-s24-si-2006,article:l290,balanced_instance,0.0,0,0.5,coverage_0.75,119,5,0,0,0,119
l229-s2-bao-2011,article:l229,material_identity,0.0,0,0.1,reported_point,118,4,4,0,4,118
l229-s2-bao-2011,article:l229,material_identity,0.0,0,0.1,interval_upper,118,4,0,0,0,118
l229-s2-bao-2011,article:l229,material_identity,0.0,0,0.1,coverage_0.5,118,4,0,0,0,118
l229-s2-bao-2011,article:l229,material_identity,0.0,0,0.1,coverage_0.75,118,4,0,0,0,118
l229-s2-bao-2011,article:l229,material_identity,0.0,0,0.2,reported_point,118,4,4,0,4,118
l229-s2-bao-2011,article:l229,material_identity,0.0,0,0.2,interval_upper,118,4,0,0,0,118
l229-s2-bao-2011,article:l229,material_identity,0.0,0,0.2,coverage_0.5,118,4,0,0,0,118
l229-s2-bao-2011,article:l229,material_identity,0.0,0,0.2,coverage_0.75,118,4,0,0,0,118
l229-s2-bao-2011,article:l229,material_identity,0.0,0,0.3,reported_point,118,12,12,0,12,118
l229-s2-bao-2011,article:l229,material_identity,0.0,0,0.3,interval_upper,118,12,0,0,0,118
l229-s2-bao-2011,article:l229,material_identity,0.0,0,0.3,coverage_0.5,118,12,0,0,0,118
l229-s2-bao-2011,article:l229,material_identity,0.0,0,0.3,coverage_0.75,118,12,0,0,0,118
l229-s2-bao-2011,article:l229,material_identity,0.0,0,0.4,reported_point,118,17,17,0,17,118
l229-s2-bao-2011,article:l229,material_identity,0.0,0,0.4,interval_upper,118,17,0,0,0,118
l229-s2-bao-2011,article:l229,material_identity,0.0,0,0.4,coverage_0.5,118,17,0,0,0,118
l229-s2-bao-2011,article:l229,material_identity,0.0,0,0.4,coverage_0.75,118,17,0,0,0,118
l229-s2-bao-2011,article:l229,material_identity,0.0,0,0.5,reported_point,118,23,23,0,23,118
l229-s2-bao-2011,article:l229,material_identity,0.0,0,0.5,interval_upper,118,23,0,0,0,118
l229-s2-bao-2011,article:l229,material_identity,0.0,0,0.5,coverage_0.5,118,23,0,0,0,118
l229-s2-bao-2011,article:l229,material_identity,0.0,0,0.5,coverage_0.75,118,23,0,0,0,118
l229-s2-bao-2011,article:l229,experimental_protocol,0.0,0,0.1,reported_point,118,0,0,0,0,118
l229-s2-bao-2011,article:l229,experimental_protocol,0.0,0,0.1,interval_upper,118,0,0,0,0,118
l229-s2-bao-2011,article:l229,experimental_protocol,0.0,0,0.1,coverage_0.5,118,0,0,0,0,118
l229-s2-bao-2011,article:l229,experimental_protocol,0.0,0,0.1,coverage_0.75,118,0,0,0,0,118
l229-s2-bao-2011,article:l229,experimental_protocol,0.0,0,0.2,reported_point,118,0,0,0,0,118
l229-s2-bao-2011,article:l229,experimental_protocol,0.0,0,0.2,interval_upper,118,0,0,0,0,118
l229-s2-bao-2011,article:l229,experimental_protocol,0.0,0,0.2,coverage_0.5,118,0,0,0,0,118
l229-s2-bao-2011,article:l229,experimental_protocol,0.0,0,0.2,coverage_0.75,118,0,0,0,0,118
l229-s2-bao-2011,article:l229,experimental_protocol,0.0,0,0.3,reported_point,118,0,0,0,0,118
l229-s2-bao-2011,article:l229,experimental_protocol,0.0,0,0.3,interval_upper,118,0,0,0,0,118
l229-s2-bao-2011,article:l229,experimental_protocol,0.0,0,0.3,coverage_0.5,118,0,0,0,0,118
l229-s2-bao-2011,article:l229,experimental_protocol,0.0,0,0.3,coverage_0.75,118,0,0,0,0,118
l229-s2-bao-2011,article:l229,experimental_protocol,0.0,0,0.4,reported_point,118,2,2,0,2,118
l229-s2-bao-2011,article:l229,experimental_protocol,0.0,0,0.4,interval_upper,118,2,0,0,0,118
l229-s2-bao-2011,article:l229,experimental_protocol,0.0,0,0.4,coverage_0.5,118,2,2,0,2,118
l229-s2-bao-2011,article:l229,experimental_protocol,0.0,0,0.4,coverage_0.75,118,2,0,0,0,118
l229-s2-bao-2011,article:l229,experimental_protocol,0.0,0,0.5,reported_point,118,4,4,0,4,118
l229-s2-bao-2011,article:l229,experimental_protocol,0.0,0,0.5,interval_upper,118,4,0,0,0,118
l229-s2-bao-2011,article:l229,experimental_protocol,0.0,0,0.5,coverage_0.5,118,4,4,0,4,118
l229-s2-bao-2011,article:l229,experimental_protocol,0.0,0,0.5,coverage_0.75,118,4,0,0,0,118
l229-s2-bao-2011,article:l229,balanced_instance,0.0,0,0.1,reported_point,118,0,0,0,0,118
l229-s2-bao-2011,article:l229,balanced_instance,0.0,0,0.1,interval_upper,118,0,0,0,0,118
l229-s2-bao-2011,article:l229,balanced_instance,0.0,0,0.1,coverage_0.5,118,0,0,0,0,118
l229-s2-bao-2011,article:l229,balanced_instance,0.0,0,0.1,coverage_0.75,118,0,0,0,0,118
l229-s2-bao-2011,article:l229,balanced_instance,0.0,0,0.2,reported_point,118,0,0,0,0,118
l229-s2-bao-2011,article:l229,balanced_instance,0.0,0,0.2,interval_upper,118,0,0,0,0,118
l229-s2-bao-2011,article:l229,balanced_instance,0.0,0,0.2,coverage_0.5,118,0,0,0,0,118
l229-s2-bao-2011,article:l229,balanced_instance,0.0,0,0.2,coverage_0.75,118,0,0,0,0,118
l229-s2-bao-2011,article:l229,balanced_instance,0.0,0,0.3,reported_point,118,0,0,0,0,118
l229-s2-bao-2011,article:l229,balanced_instance,0.0,0,0.3,interval_upper,118,0,0,0,0,118
l229-s2-bao-2011,article:l229,balanced_instance,0.0,0,0.3,coverage_0.5,118,0,0,0,0,118
l229-s2-bao-2011,article:l229,balanced_instance,0.0,0,0.3,coverage_0.75,118,0,0,0,0,118
l229-s2-bao-2011,article:l229,balanced_instance,0.0,0,0.4,reported_point,118,3,3,0,3,118
l229-s2-bao-2011,article:l229,balanced_instance,0.0,0,0.4,interval_upper,118,3,0,0,0,118
l229-s2-bao-2011,article:l229,balanced_instance,0.0,0,0.4,coverage_0.5,118,3,2,0,2,118
l229-s2-bao-2011,article:l229,balanced_instance,0.0,0,0.4,coverage_0.75,118,3,0,0,0,118
l229-s2-bao-2011,article:l229,balanced_instance,0.0,0,0.5,reported_point,118,16,16,0,16,118
l229-s2-bao-2011,article:l229,balanced_instance,0.0,0,0.5,interval_upper,118,16,0,0,0,118
l229-s2-bao-2011,article:l229,balanced_instance,0.0,0,0.5,coverage_0.5,118,16,14,0,14,118
l229-s2-bao-2011,article:l229,balanced_instance,0.0,0,0.5,coverage_0.75,118,16,0,0,0,118
l203-s17-ma-2009,article:l203,material_identity,0.0,0,0.1,reported_point,119,4,4,0,4,119
l203-s17-ma-2009,article:l203,material_identity,0.0,0,0.1,interval_upper,119,4,0,0,0,119
l203-s17-ma-2009,article:l203,material_identity,0.0,0,0.1,coverage_0.5,119,4,0,0,0,119
l203-s17-ma-2009,article:l203,material_identity,0.0,0,0.1,coverage_0.75,119,4,0,0,0,119
l203-s17-ma-2009,article:l203,material_identity,0.0,0,0.2,reported_point,119,5,5,0,5,119
l203-s17-ma-2009,article:l203,material_identity,0.0,0,0.2,interval_upper,119,5,0,0,0,119
l203-s17-ma-2009,article:l203,material_identity,0.0,0,0.2,coverage_0.5,119,5,0,0,0,119
l203-s17-ma-2009,article:l203,material_identity,0.0,0,0.2,coverage_0.75,119,5,0,0,0,119
l203-s17-ma-2009,article:l203,material_identity,0.0,0,0.3,reported_point,119,10,10,0,10,119
l203-s17-ma-2009,article:l203,material_identity,0.0,0,0.3,interval_upper,119,10,0,0,0,119
l203-s17-ma-2009,article:l203,material_identity,0.0,0,0.3,coverage_0.5,119,10,0,0,0,119
l203-s17-ma-2009,article:l203,material_identity,0.0,0,0.3,coverage_0.75,119,10,0,0,0,119
l203-s17-ma-2009,article:l203,material_identity,0.0,0,0.4,reported_point,119,23,23,0,23,119
l203-s17-ma-2009,article:l203,material_identity,0.0,0,0.4,interval_upper,119,23,0,0,0,119
l203-s17-ma-2009,article:l203,material_identity,0.0,0,0.4,coverage_0.5,119,23,0,0,0,119
l203-s17-ma-2009,article:l203,material_identity,0.0,0,0.4,coverage_0.75,119,23,0,0,0,119
l203-s17-ma-2009,article:l203,material_identity,0.0,0,0.5,reported_point,119,28,28,0,28,119
l203-s17-ma-2009,article:l203,material_identity,0.0,0,0.5,interval_upper,119,28,0,0,0,119
l203-s17-ma-2009,article:l203,material_identity,0.0,0,0.5,coverage_0.5,119,28,0,0,0,119
l203-s17-ma-2009,article:l203,material_identity,0.0,0,0.5,coverage_0.75,119,28,0,0,0,119
l203-s17-ma-2009,article:l203,experimental_protocol,0.0,0,0.1,reported_point,119,0,0,0,0,119
l203-s17-ma-2009,article:l203,experimental_protocol,0.0,0,0.1,interval_upper,119,0,0,0,0,119
l203-s17-ma-2009,article:l203,experimental_protocol,0.0,0,0.1,coverage_0.5,119,0,0,0,0,119
l203-s17-ma-2009,article:l203,experimental_protocol,0.0,0,0.1,coverage_0.75,119,0,0,0,0,119
l203-s17-ma-2009,article:l203,experimental_protocol,0.0,0,0.2,reported_point,119,0,0,0,0,119
l203-s17-ma-2009,article:l203,experimental_protocol,0.0,0,0.2,interval_upper,119,0,0,0,0,119
l203-s17-ma-2009,article:l203,experimental_protocol,0.0,0,0.2,coverage_0.5,119,0,0,0,0,119
l203-s17-ma-2009,article:l203,experimental_protocol,0.0,0,0.2,coverage_0.75,119,0,0,0,0,119
l203-s17-ma-2009,article:l203,experimental_protocol,0.0,0,0.3,reported_point,119,0,0,0,0,119
l203-s17-ma-2009,article:l203,experimental_protocol,0.0,0,0.3,interval_upper,119,0,0,0,0,119
l203-s17-ma-2009,article:l203,experimental_protocol,0.0,0,0.3,coverage_0.5,119,0,0,0,0,119
l203-s17-ma-2009,article:l203,experimental_protocol,0.0,0,0.3,coverage_0.75,119,0,0,0,0,119
l203-s17-ma-2009,article:l203,experimental_protocol,0.0,0,0.4,reported_point,119,1,1,0,1,119
l203-s17-ma-2009,article:l203,experimental_protocol,0.0,0,0.4,interval_upper,119,1,0,0,0,119
l203-s17-ma-2009,article:l203,experimental_protocol,0.0,0,0.4,coverage_0.5,119,1,1,0,1,119
l203-s17-ma-2009,article:l203,experimental_protocol,0.0,0,0.4,coverage_0.75,119,1,0,0,0,119
l203-s17-ma-2009,article:l203,experimental_protocol,0.0,0,0.5,reported_point,119,2,2,0,2,119
l203-s17-ma-2009,article:l203,experimental_protocol,0.0,0,0.5,interval_upper,119,2,1,0,1,119
l203-s17-ma-2009,article:l203,experimental_protocol,0.0,0,0.5,coverage_0.5,119,2,2,0,2,119
l203-s17-ma-2009,article:l203,experimental_protocol,0.0,0,0.5,coverage_0.75,119,2,0,0,0,119
l203-s17-ma-2009,article:l203,balanced_instance,0.0,0,0.1,reported_point,119,0,0,0,0,119
l203-s17-ma-2009,article:l203,balanced_instance,0.0,0,0.1,interval_upper,119,0,0,0,0,119
l203-s17-ma-2009,article:l203,balanced_instance,0.0,0,0.1,coverage_0.5,119,0,0,0,0,119
l203-s17-ma-2009,article:l203,balanced_instance,0.0,0,0.1,coverage_0.75,119,0,0,0,0,119
l203-s17-ma-2009,article:l203,balanced_instance,0.0,0,0.2,reported_point,119,0,0,0,0,119
l203-s17-ma-2009,article:l203,balanced_instance,0.0,0,0.2,interval_upper,119,0,0,0,0,119
l203-s17-ma-2009,article:l203,balanced_instance,0.0,0,0.2,coverage_0.5,119,0,0,0,0,119
l203-s17-ma-2009,article:l203,balanced_instance,0.0,0,0.2,coverage_0.75,119,0,0,0,0,119
l203-s17-ma-2009,article:l203,balanced_instance,0.0,0,0.3,reported_point,119,0,0,0,0,119
l203-s17-ma-2009,article:l203,balanced_instance,0.0,0,0.3,interval_upper,119,0,0,0,0,119
l203-s17-ma-2009,article:l203,balanced_instance,0.0,0,0.3,coverage_0.5,119,0,0,0,0,119
l203-s17-ma-2009,article:l203,balanced_instance,0.0,0,0.3,coverage_0.75,119,0,0,0,0,119
l203-s17-ma-2009,article:l203,balanced_instance,0.0,0,0.4,reported_point,119,1,1,0,1,119
l203-s17-ma-2009,article:l203,balanced_instance,0.0,0,0.4,interval_upper,119,1,0,0,0,119
l203-s17-ma-2009,article:l203,balanced_instance,0.0,0,0.4,coverage_0.5,119,1,1,0,1,119
l203-s17-ma-2009,article:l203,balanced_instance,0.0,0,0.4,coverage_0.75,119,1,0,0,0,119
l203-s17-ma-2009,article:l203,balanced_instance,0.0,0,0.5,reported_point,119,10,10,0,10,119
l203-s17-ma-2009,article:l203,balanced_instance,0.0,0,0.5,interval_upper,119,10,0,0,0,119
l203-s17-ma-2009,article:l203,balanced_instance,0.0,0,0.5,coverage_0.5,119,10,7,0,7,119
l203-s17-ma-2009,article:l203,balanced_instance,0.0,0,0.5,coverage_0.75,119,10,0,0,0,119
l383-s1-sadeghi-2017,article:l383,material_identity,0.0,0,0.1,reported_point,119,1,1,0,1,119
l383-s1-sadeghi-2017,article:l383,material_identity,0.0,0,0.1,interval_upper,119,1,0,0,0,119
l383-s1-sadeghi-2017,article:l383,material_identity,0.0,0,0.1,coverage_0.5,119,1,0,0,0,119
l383-s1-sadeghi-2017,article:l383,material_identity,0.0,0,0.1,coverage_0.75,119,1,0,0,0,119
l383-s1-sadeghi-2017,article:l383,material_identity,0.0,0,0.2,reported_point,119,1,1,0,1,119
l383-s1-sadeghi-2017,article:l383,material_identity,0.0,0,0.2,interval_upper,119,1,0,0,0,119
l383-s1-sadeghi-2017,article:l383,material_identity,0.0,0,0.2,coverage_0.5,119,1,0,0,0,119
l383-s1-sadeghi-2017,article:l383,material_identity,0.0,0,0.2,coverage_0.75,119,1,0,0,0,119
l383-s1-sadeghi-2017,article:l383,material_identity,0.0,0,0.3,reported_point,119,1,1,0,1,119
l383-s1-sadeghi-2017,article:l383,material_identity,0.0,0,0.3,interval_upper,119,1,0,0,0,119
l383-s1-sadeghi-2017,article:l383,material_identity,0.0,0,0.3,coverage_0.5,119,1,0,0,0,119
l383-s1-sadeghi-2017,article:l383,material_identity,0.0,0,0.3,coverage_0.75,119,1,0,0,0,119
l383-s1-sadeghi-2017,article:l383,material_identity,0.0,0,0.4,reported_point,119,1,1,0,1,119
l383-s1-sadeghi-2017,article:l383,material_identity,0.0,0,0.4,interval_upper,119,1,0,0,0,119
l383-s1-sadeghi-2017,article:l383,material_identity,0.0,0,0.4,coverage_0.5,119,1,0,0,0,119
l383-s1-sadeghi-2017,article:l383,material_identity,0.0,0,0.4,coverage_0.75,119,1,0,0,0,119
l383-s1-sadeghi-2017,article:l383,material_identity,0.0,0,0.5,reported_point,119,1,1,0,1,119
l383-s1-sadeghi-2017,article:l383,material_identity,0.0,0,0.5,interval_upper,119,1,0,0,0,119
l383-s1-sadeghi-2017,article:l383,material_identity,0.0,0,0.5,coverage_0.5,119,1,0,0,0,119
l383-s1-sadeghi-2017,article:l383,material_identity,0.0,0,0.5,coverage_0.75,119,1,0,0,0,119
l383-s1-sadeghi-2017,article:l383,experimental_protocol,0.0,0,0.1,reported_point,119,0,0,0,0,119
l383-s1-sadeghi-2017,article:l383,experimental_protocol,0.0,0,0.1,interval_upper,119,0,0,0,0,119
l383-s1-sadeghi-2017,article:l383,experimental_protocol,0.0,0,0.1,coverage_0.5,119,0,0,0,0,119
l383-s1-sadeghi-2017,article:l383,experimental_protocol,0.0,0,0.1,coverage_0.75,119,0,0,0,0,119
l383-s1-sadeghi-2017,article:l383,experimental_protocol,0.0,0,0.2,reported_point,119,0,0,0,0,119
l383-s1-sadeghi-2017,article:l383,experimental_protocol,0.0,0,0.2,interval_upper,119,0,0,0,0,119
l383-s1-sadeghi-2017,article:l383,experimental_protocol,0.0,0,0.2,coverage_0.5,119,0,0,0,0,119
l383-s1-sadeghi-2017,article:l383,experimental_protocol,0.0,0,0.2,coverage_0.75,119,0,0,0,0,119
l383-s1-sadeghi-2017,article:l383,experimental_protocol,0.0,0,0.3,reported_point,119,4,4,0,4,119
l383-s1-sadeghi-2017,article:l383,experimental_protocol,0.0,0,0.3,interval_upper,119,4,2,0,2,119
l383-s1-sadeghi-2017,article:l383,experimental_protocol,0.0,0,0.3,coverage_0.5,119,4,4,0,4,119
l383-s1-sadeghi-2017,article:l383,experimental_protocol,0.0,0,0.3,coverage_0.75,119,4,3,0,3,119
l383-s1-sadeghi-2017,article:l383,experimental_protocol,0.0,0,0.4,reported_point,119,6,6,0,6,119
l383-s1-sadeghi-2017,article:l383,experimental_protocol,0.0,0,0.4,interval_upper,119,6,3,0,3,119
l383-s1-sadeghi-2017,article:l383,experimental_protocol,0.0,0,0.4,coverage_0.5,119,6,6,0,6,119
l383-s1-sadeghi-2017,article:l383,experimental_protocol,0.0,0,0.4,coverage_0.75,119,6,3,0,3,119
l383-s1-sadeghi-2017,article:l383,experimental_protocol,0.0,0,0.5,reported_point,119,14,14,0,14,119
l383-s1-sadeghi-2017,article:l383,experimental_protocol,0.0,0,0.5,interval_upper,119,14,5,0,5,119
l383-s1-sadeghi-2017,article:l383,experimental_protocol,0.0,0,0.5,coverage_0.5,119,14,14,0,14,119
l383-s1-sadeghi-2017,article:l383,experimental_protocol,0.0,0,0.5,coverage_0.75,119,14,4,0,4,119
l383-s1-sadeghi-2017,article:l383,balanced_instance,0.0,0,0.1,reported_point,119,0,0,0,0,119
l383-s1-sadeghi-2017,article:l383,balanced_instance,0.0,0,0.1,interval_upper,119,0,0,0,0,119
l383-s1-sadeghi-2017,article:l383,balanced_instance,0.0,0,0.1,coverage_0.5,119,0,0,0,0,119
l383-s1-sadeghi-2017,article:l383,balanced_instance,0.0,0,0.1,coverage_0.75,119,0,0,0,0,119
l383-s1-sadeghi-2017,article:l383,balanced_instance,0.0,0,0.2,reported_point,119,0,0,0,0,119
l383-s1-sadeghi-2017,article:l383,balanced_instance,0.0,0,0.2,interval_upper,119,0,0,0,0,119
l383-s1-sadeghi-2017,article:l383,balanced_instance,0.0,0,0.2,coverage_0.5,119,0,0,0,0,119
l383-s1-sadeghi-2017,article:l383,balanced_instance,0.0,0,0.2,coverage_0.75,119,0,0,0,0,119
l383-s1-sadeghi-2017,article:l383,balanced_instance,0.0,0,0.3,reported_point,119,0,0,0,0,119
l383-s1-sadeghi-2017,article:l383,balanced_instance,0.0,0,0.3,interval_upper,119,0,0,0,0,119
l383-s1-sadeghi-2017,article:l383,balanced_instance,0.0,0,0.3,coverage_0.5,119,0,0,0,0,119
l383-s1-sadeghi-2017,article:l383,balanced_instance,0.0,0,0.3,coverage_0.75,119,0,0,0,0,119
l383-s1-sadeghi-2017,article:l383,balanced_instance,0.0,0,0.4,reported_point,119,3,3,0,3,119
l383-s1-sadeghi-2017,article:l383,balanced_instance,0.0,0,0.4,interval_upper,119,3,0,0,0,119
l383-s1-sadeghi-2017,article:l383,balanced_instance,0.0,0,0.4,coverage_0.5,119,3,3,0,3,119
l383-s1-sadeghi-2017,article:l383,balanced_instance,0.0,0,0.4,coverage_0.75,119,3,0,0,0,119
l383-s1-sadeghi-2017,article:l383,balanced_instance,0.0,0,0.5,reported_point,119,3,3,0,3,119
l383-s1-sadeghi-2017,article:l383,balanced_instance,0.0,0,0.5,interval_upper,119,3,0,0,0,119
l383-s1-sadeghi-2017,article:l383,balanced_instance,0.0,0,0.5,coverage_0.5,119,3,3,0,3,119
l383-s1-sadeghi-2017,article:l383,balanced_instance,0.0,0,0.5,coverage_0.75,119,3,0,0,0,119
l309-s4-torki-2010,article:l309,material_identity,0.0,0,0.1,reported_point,119,0,0,0,0,119
l309-s4-torki-2010,article:l309,material_identity,0.0,0,0.1,interval_upper,119,0,0,0,0,119
l309-s4-torki-2010,article:l309,material_identity,0.0,0,0.1,coverage_0.5,119,0,0,0,0,119
l309-s4-torki-2010,article:l309,material_identity,0.0,0,0.1,coverage_0.75,119,0,0,0,0,119
l309-s4-torki-2010,article:l309,material_identity,0.0,0,0.2,reported_point,119,0,0,0,0,119
l309-s4-torki-2010,article:l309,material_identity,0.0,0,0.2,interval_upper,119,0,0,0,0,119
l309-s4-torki-2010,article:l309,material_identity,0.0,0,0.2,coverage_0.5,119,0,0,0,0,119
l309-s4-torki-2010,article:l309,material_identity,0.0,0,0.2,coverage_0.75,119,0,0,0,0,119
l309-s4-torki-2010,article:l309,material_identity,0.0,0,0.3,reported_point,119,2,2,0,2,119
l309-s4-torki-2010,article:l309,material_identity,0.0,0,0.3,interval_upper,119,2,0,0,0,119
l309-s4-torki-2010,article:l309,material_identity,0.0,0,0.3,coverage_0.5,119,2,0,0,0,119
l309-s4-torki-2010,article:l309,material_identity,0.0,0,0.3,coverage_0.75,119,2,0,0,0,119
l309-s4-torki-2010,article:l309,material_identity,0.0,0,0.4,reported_point,119,7,7,0,7,119
l309-s4-torki-2010,article:l309,material_identity,0.0,0,0.4,interval_upper,119,7,0,0,0,119
l309-s4-torki-2010,article:l309,material_identity,0.0,0,0.4,coverage_0.5,119,7,0,0,0,119
l309-s4-torki-2010,article:l309,material_identity,0.0,0,0.4,coverage_0.75,119,7,0,0,0,119
l309-s4-torki-2010,article:l309,material_identity,0.0,0,0.5,reported_point,119,7,7,0,7,119
l309-s4-torki-2010,article:l309,material_identity,0.0,0,0.5,interval_upper,119,7,0,0,0,119
l309-s4-torki-2010,article:l309,material_identity,0.0,0,0.5,coverage_0.5,119,7,0,0,0,119
l309-s4-torki-2010,article:l309,material_identity,0.0,0,0.5,coverage_0.75,119,7,0,0,0,119
l309-s4-torki-2010,article:l309,experimental_protocol,0.0,0,0.1,reported_point,119,2,2,0,2,119
l309-s4-torki-2010,article:l309,experimental_protocol,0.0,0,0.1,interval_upper,119,2,0,0,0,119
l309-s4-torki-2010,article:l309,experimental_protocol,0.0,0,0.1,coverage_0.5,119,2,2,0,2,119
l309-s4-torki-2010,article:l309,experimental_protocol,0.0,0,0.1,coverage_0.75,119,2,2,0,2,119
l309-s4-torki-2010,article:l309,experimental_protocol,0.0,0,0.2,reported_point,119,3,3,0,3,119
l309-s4-torki-2010,article:l309,experimental_protocol,0.0,0,0.2,interval_upper,119,3,0,0,0,119
l309-s4-torki-2010,article:l309,experimental_protocol,0.0,0,0.2,coverage_0.5,119,3,3,0,3,119
l309-s4-torki-2010,article:l309,experimental_protocol,0.0,0,0.2,coverage_0.75,119,3,3,0,3,119
l309-s4-torki-2010,article:l309,experimental_protocol,0.0,0,0.3,reported_point,119,4,4,0,4,119
l309-s4-torki-2010,article:l309,experimental_protocol,0.0,0,0.3,interval_upper,119,4,3,0,3,119
l309-s4-torki-2010,article:l309,experimental_protocol,0.0,0,0.3,coverage_0.5,119,4,4,0,4,119
l309-s4-torki-2010,article:l309,experimental_protocol,0.0,0,0.3,coverage_0.75,119,4,3,0,3,119
l309-s4-torki-2010,article:l309,experimental_protocol,0.0,0,0.4,reported_point,119,4,4,0,4,119
l309-s4-torki-2010,article:l309,experimental_protocol,0.0,0,0.4,interval_upper,119,4,4,0,4,119
l309-s4-torki-2010,article:l309,experimental_protocol,0.0,0,0.4,coverage_0.5,119,4,4,0,4,119
l309-s4-torki-2010,article:l309,experimental_protocol,0.0,0,0.4,coverage_0.75,119,4,3,0,3,119
l309-s4-torki-2010,article:l309,experimental_protocol,0.0,0,0.5,reported_point,119,14,14,0,14,119
l309-s4-torki-2010,article:l309,experimental_protocol,0.0,0,0.5,interval_upper,119,14,4,0,4,119
l309-s4-torki-2010,article:l309,experimental_protocol,0.0,0,0.5,coverage_0.5,119,14,14,0,14,119
l309-s4-torki-2010,article:l309,experimental_protocol,0.0,0,0.5,coverage_0.75,119,14,5,0,5,119
l309-s4-torki-2010,article:l309,balanced_instance,0.0,0,0.1,reported_point,119,0,0,0,0,119
l309-s4-torki-2010,article:l309,balanced_instance,0.0,0,0.1,interval_upper,119,0,0,0,0,119
l309-s4-torki-2010,article:l309,balanced_instance,0.0,0,0.1,coverage_0.5,119,0,0,0,0,119
l309-s4-torki-2010,article:l309,balanced_instance,0.0,0,0.1,coverage_0.75,119,0,0,0,0,119
l309-s4-torki-2010,article:l309,balanced_instance,0.0,0,0.2,reported_point,119,0,0,0,0,119
l309-s4-torki-2010,article:l309,balanced_instance,0.0,0,0.2,interval_upper,119,0,0,0,0,119
l309-s4-torki-2010,article:l309,balanced_instance,0.0,0,0.2,coverage_0.5,119,0,0,0,0,119
l309-s4-torki-2010,article:l309,balanced_instance,0.0,0,0.2,coverage_0.75,119,0,0,0,0,119
l309-s4-torki-2010,article:l309,balanced_instance,0.0,0,0.3,reported_point,119,1,1,0,1,119
l309-s4-torki-2010,article:l309,balanced_instance,0.0,0,0.3,interval_upper,119,1,0,0,0,119
l309-s4-torki-2010,article:l309,balanced_instance,0.0,0,0.3,coverage_0.5,119,1,1,0,1,119
l309-s4-torki-2010,article:l309,balanced_instance,0.0,0,0.3,coverage_0.75,119,1,0,0,0,119
l309-s4-torki-2010,article:l309,balanced_instance,0.0,0,0.4,reported_point,119,4,4,0,4,119
l309-s4-torki-2010,article:l309,balanced_instance,0.0,0,0.4,interval_upper,119,4,0,0,0,119
l309-s4-torki-2010,article:l309,balanced_instance,0.0,0,0.4,coverage_0.5,119,4,4,0,4,119
l309-s4-torki-2010,article:l309,balanced_instance,0.0,0,0.4,coverage_0.75,119,4,0,0,0,119
l309-s4-torki-2010,article:l309,balanced_instance,0.0,0,0.5,reported_point,119,13,13,0,13,119
l309-s4-torki-2010,article:l309,balanced_instance,0.0,0,0.5,interval_upper,119,13,0,0,0,119
l309-s4-torki-2010,article:l309,balanced_instance,0.0,0,0.5,coverage_0.5,119,13,13,0,13,119
l309-s4-torki-2010,article:l309,balanced_instance,0.0,0,0.5,coverage_0.75,119,13,0,0,0,119
l142-s2-gao-2014,article:l142,material_identity,0.0,0,0.1,reported_point,119,1,1,0,1,119
l142-s2-gao-2014,article:l142,material_identity,0.0,0,0.1,interval_upper,119,1,0,0,0,119
l142-s2-gao-2014,article:l142,material_identity,0.0,0,0.1,coverage_0.5,119,1,0,0,0,119
l142-s2-gao-2014,article:l142,material_identity,0.0,0,0.1,coverage_0.75,119,1,0,0,0,119
l142-s2-gao-2014,article:l142,material_identity,0.0,0,0.2,reported_point,119,1,1,0,1,119
l142-s2-gao-2014,article:l142,material_identity,0.0,0,0.2,interval_upper,119,1,0,0,0,119
l142-s2-gao-2014,article:l142,material_identity,0.0,0,0.2,coverage_0.5,119,1,0,0,0,119
l142-s2-gao-2014,article:l142,material_identity,0.0,0,0.2,coverage_0.75,119,1,0,0,0,119
l142-s2-gao-2014,article:l142,material_identity,0.0,0,0.3,reported_point,119,1,1,0,1,119
l142-s2-gao-2014,article:l142,material_identity,0.0,0,0.3,interval_upper,119,1,0,0,0,119
l142-s2-gao-2014,article:l142,material_identity,0.0,0,0.3,coverage_0.5,119,1,0,0,0,119
l142-s2-gao-2014,article:l142,material_identity,0.0,0,0.3,coverage_0.75,119,1,0,0,0,119
l142-s2-gao-2014,article:l142,material_identity,0.0,0,0.4,reported_point,119,1,1,0,1,119
l142-s2-gao-2014,article:l142,material_identity,0.0,0,0.4,interval_upper,119,1,0,0,0,119
l142-s2-gao-2014,article:l142,material_identity,0.0,0,0.4,coverage_0.5,119,1,0,0,0,119
l142-s2-gao-2014,article:l142,material_identity,0.0,0,0.4,coverage_0.75,119,1,0,0,0,119
l142-s2-gao-2014,article:l142,material_identity,0.0,0,0.5,reported_point,119,1,1,0,1,119
l142-s2-gao-2014,article:l142,material_identity,0.0,0,0.5,interval_upper,119,1,0,0,0,119
l142-s2-gao-2014,article:l142,material_identity,0.0,0,0.5,coverage_0.5,119,1,0,0,0,119
l142-s2-gao-2014,article:l142,material_identity,0.0,0,0.5,coverage_0.75,119,1,0,0,0,119
l142-s2-gao-2014,article:l142,experimental_protocol,0.0,0,0.1,reported_point,119,0,0,0,0,119
l142-s2-gao-2014,article:l142,experimental_protocol,0.0,0,0.1,interval_upper,119,0,0,0,0,119
l142-s2-gao-2014,article:l142,experimental_protocol,0.0,0,0.1,coverage_0.5,119,0,0,0,0,119
l142-s2-gao-2014,article:l142,experimental_protocol,0.0,0,0.1,coverage_0.75,119,0,0,0,0,119
l142-s2-gao-2014,article:l142,experimental_protocol,0.0,0,0.2,reported_point,119,0,0,0,0,119
l142-s2-gao-2014,article:l142,experimental_protocol,0.0,0,0.2,interval_upper,119,0,0,0,0,119
l142-s2-gao-2014,article:l142,experimental_protocol,0.0,0,0.2,coverage_0.5,119,0,0,0,0,119
l142-s2-gao-2014,article:l142,experimental_protocol,0.0,0,0.2,coverage_0.75,119,0,0,0,0,119
l142-s2-gao-2014,article:l142,experimental_protocol,0.0,0,0.3,reported_point,119,1,1,0,1,119
l142-s2-gao-2014,article:l142,experimental_protocol,0.0,0,0.3,interval_upper,119,1,0,0,0,119
l142-s2-gao-2014,article:l142,experimental_protocol,0.0,0,0.3,coverage_0.5,119,1,1,0,1,119
l142-s2-gao-2014,article:l142,experimental_protocol,0.0,0,0.3,coverage_0.75,119,1,0,0,0,119
l142-s2-gao-2014,article:l142,experimental_protocol,0.0,0,0.4,reported_point,119,1,1,0,1,119
l142-s2-gao-2014,article:l142,experimental_protocol,0.0,0,0.4,interval_upper,119,1,0,0,0,119
l142-s2-gao-2014,article:l142,experimental_protocol,0.0,0,0.4,coverage_0.5,119,1,1,0,1,119
l142-s2-gao-2014,article:l142,experimental_protocol,0.0,0,0.4,coverage_0.75,119,1,0,0,0,119
l142-s2-gao-2014,article:l142,experimental_protocol,0.0,0,0.5,reported_point,119,7,7,0,7,119
l142-s2-gao-2014,article:l142,experimental_protocol,0.0,0,0.5,interval_upper,119,7,1,0,1,119
l142-s2-gao-2014,article:l142,experimental_protocol,0.0,0,0.5,coverage_0.5,119,7,7,0,7,119
l142-s2-gao-2014,article:l142,experimental_protocol,0.0,0,0.5,coverage_0.75,119,7,0,0,0,119
l142-s2-gao-2014,article:l142,balanced_instance,0.0,0,0.1,reported_point,119,0,0,0,0,119
l142-s2-gao-2014,article:l142,balanced_instance,0.0,0,0.1,interval_upper,119,0,0,0,0,119
l142-s2-gao-2014,article:l142,balanced_instance,0.0,0,0.1,coverage_0.5,119,0,0,0,0,119
l142-s2-gao-2014,article:l142,balanced_instance,0.0,0,0.1,coverage_0.75,119,0,0,0,0,119
l142-s2-gao-2014,article:l142,balanced_instance,0.0,0,0.2,reported_point,119,0,0,0,0,119
l142-s2-gao-2014,article:l142,balanced_instance,0.0,0,0.2,interval_upper,119,0,0,0,0,119
l142-s2-gao-2014,article:l142,balanced_instance,0.0,0,0.2,coverage_0.5,119,0,0,0,0,119
l142-s2-gao-2014,article:l142,balanced_instance,0.0,0,0.2,coverage_0.75,119,0,0,0,0,119
l142-s2-gao-2014,article:l142,balanced_instance,0.0,0,0.3,reported_point,119,0,0,0,0,119
l142-s2-gao-2014,article:l142,balanced_instance,0.0,0,0.3,interval_upper,119,0,0,0,0,119
l142-s2-gao-2014,article:l142,balanced_instance,0.0,0,0.3,coverage_0.5,119,0,0,0,0,119
l142-s2-gao-2014,article:l142,balanced_instance,0.0,0,0.3,coverage_0.75,119,0,0,0,0,119
l142-s2-gao-2014,article:l142,balanced_instance,0.0,0,0.4,reported_point,119,0,0,0,0,119
l142-s2-gao-2014,article:l142,balanced_instance,0.0,0,0.4,interval_upper,119,0,0,0,0,119
l142-s2-gao-2014,article:l142,balanced_instance,0.0,0,0.4,coverage_0.5,119,0,0,0,0,119
l142-s2-gao-2014,article:l142,balanced_instance,0.0,0,0.4,coverage_0.75,119,0,0,0,0,119
l142-s2-gao-2014,article:l142,balanced_instance,0.0,0,0.5,reported_point,119,2,2,0,2,119
l142-s2-gao-2014,article:l142,balanced_instance,0.0,0,0.5,interval_upper,119,2,0,0,0,119
l142-s2-gao-2014,article:l142,balanced_instance,0.0,0,0.5,coverage_0.5,119,2,2,0,2,119
l142-s2-gao-2014,article:l142,balanced_instance,0.0,0,0.5,coverage_0.75,119,2,0,0,0,119
l177-s2-yang-2013,article:l177,material_identity,0.0,0,0.1,reported_point,119,0,0,0,0,119
l177-s2-yang-2013,article:l177,material_identity,0.0,0,0.1,interval_upper,119,0,0,0,0,119
l177-s2-yang-2013,article:l177,material_identity,0.0,0,0.1,coverage_0.5,119,0,0,0,0,119
l177-s2-yang-2013,article:l177,material_identity,0.0,0,0.1,coverage_0.75,119,0,0,0,0,119
l177-s2-yang-2013,article:l177,material_identity,0.0,0,0.2,reported_point,119,0,0,0,0,119
l177-s2-yang-2013,article:l177,material_identity,0.0,0,0.2,interval_upper,119,0,0,0,0,119
l177-s2-yang-2013,article:l177,material_identity,0.0,0,0.2,coverage_0.5,119,0,0,0,0,119
l177-s2-yang-2013,article:l177,material_identity,0.0,0,0.2,coverage_0.75,119,0,0,0,0,119
l177-s2-yang-2013,article:l177,material_identity,0.0,0,0.3,reported_point,119,0,0,0,0,119
l177-s2-yang-2013,article:l177,material_identity,0.0,0,0.3,interval_upper,119,0,0,0,0,119
l177-s2-yang-2013,article:l177,material_identity,0.0,0,0.3,coverage_0.5,119,0,0,0,0,119
l177-s2-yang-2013,article:l177,material_identity,0.0,0,0.3,coverage_0.75,119,0,0,0,0,119
l177-s2-yang-2013,article:l177,material_identity,0.0,0,0.4,reported_point,119,1,1,0,1,119
l177-s2-yang-2013,article:l177,material_identity,0.0,0,0.4,interval_upper,119,1,0,0,0,119
l177-s2-yang-2013,article:l177,material_identity,0.0,0,0.4,coverage_0.5,119,1,0,0,0,119
l177-s2-yang-2013,article:l177,material_identity,0.0,0,0.4,coverage_0.75,119,1,0,0,0,119
l177-s2-yang-2013,article:l177,material_identity,0.0,0,0.5,reported_point,119,2,2,0,2,119
l177-s2-yang-2013,article:l177,material_identity,0.0,0,0.5,interval_upper,119,2,0,0,0,119
l177-s2-yang-2013,article:l177,material_identity,0.0,0,0.5,coverage_0.5,119,2,0,0,0,119
l177-s2-yang-2013,article:l177,material_identity,0.0,0,0.5,coverage_0.75,119,2,0,0,0,119
l177-s2-yang-2013,article:l177,experimental_protocol,0.0,0,0.1,reported_point,119,2,2,0,2,119
l177-s2-yang-2013,article:l177,experimental_protocol,0.0,0,0.1,interval_upper,119,2,0,0,0,119
l177-s2-yang-2013,article:l177,experimental_protocol,0.0,0,0.1,coverage_0.5,119,2,2,0,2,119
l177-s2-yang-2013,article:l177,experimental_protocol,0.0,0,0.1,coverage_0.75,119,2,0,0,0,119
l177-s2-yang-2013,article:l177,experimental_protocol,0.0,0,0.2,reported_point,119,3,3,0,3,119
l177-s2-yang-2013,article:l177,experimental_protocol,0.0,0,0.2,interval_upper,119,3,0,0,0,119
l177-s2-yang-2013,article:l177,experimental_protocol,0.0,0,0.2,coverage_0.5,119,3,3,0,3,119
l177-s2-yang-2013,article:l177,experimental_protocol,0.0,0,0.2,coverage_0.75,119,3,0,0,0,119
l177-s2-yang-2013,article:l177,experimental_protocol,0.0,0,0.3,reported_point,119,3,3,0,3,119
l177-s2-yang-2013,article:l177,experimental_protocol,0.0,0,0.3,interval_upper,119,3,0,0,0,119
l177-s2-yang-2013,article:l177,experimental_protocol,0.0,0,0.3,coverage_0.5,119,3,3,0,3,119
l177-s2-yang-2013,article:l177,experimental_protocol,0.0,0,0.3,coverage_0.75,119,3,0,0,0,119
l177-s2-yang-2013,article:l177,experimental_protocol,0.0,0,0.4,reported_point,119,3,3,0,3,119
l177-s2-yang-2013,article:l177,experimental_protocol,0.0,0,0.4,interval_upper,119,3,1,0,1,119
l177-s2-yang-2013,article:l177,experimental_protocol,0.0,0,0.4,coverage_0.5,119,3,3,0,3,119
l177-s2-yang-2013,article:l177,experimental_protocol,0.0,0,0.4,coverage_0.75,119,3,0,0,0,119
l177-s2-yang-2013,article:l177,experimental_protocol,0.0,0,0.5,reported_point,119,9,9,0,9,119
l177-s2-yang-2013,article:l177,experimental_protocol,0.0,0,0.5,interval_upper,119,9,3,0,3,119
l177-s2-yang-2013,article:l177,experimental_protocol,0.0,0,0.5,coverage_0.5,119,9,9,0,9,119
l177-s2-yang-2013,article:l177,experimental_protocol,0.0,0,0.5,coverage_0.75,119,9,4,0,4,119
l177-s2-yang-2013,article:l177,balanced_instance,0.0,0,0.1,reported_point,119,0,0,0,0,119
l177-s2-yang-2013,article:l177,balanced_instance,0.0,0,0.1,interval_upper,119,0,0,0,0,119
l177-s2-yang-2013,article:l177,balanced_instance,0.0,0,0.1,coverage_0.5,119,0,0,0,0,119
l177-s2-yang-2013,article:l177,balanced_instance,0.0,0,0.1,coverage_0.75,119,0,0,0,0,119
l177-s2-yang-2013,article:l177,balanced_instance,0.0,0,0.2,reported_point,119,2,2,0,2,119
l177-s2-yang-2013,article:l177,balanced_instance,0.0,0,0.2,interval_upper,119,2,0,0,0,119
l177-s2-yang-2013,article:l177,balanced_instance,0.0,0,0.2,coverage_0.5,119,2,1,0,1,119
l177-s2-yang-2013,article:l177,balanced_instance,0.0,0,0.2,coverage_0.75,119,2,0,0,0,119
l177-s2-yang-2013,article:l177,balanced_instance,0.0,0,0.3,reported_point,119,3,3,0,3,119
l177-s2-yang-2013,article:l177,balanced_instance,0.0,0,0.3,interval_upper,119,3,0,0,0,119
l177-s2-yang-2013,article:l177,balanced_instance,0.0,0,0.3,coverage_0.5,119,3,2,0,2,119
l177-s2-yang-2013,article:l177,balanced_instance,0.0,0,0.3,coverage_0.75,119,3,0,0,0,119
l177-s2-yang-2013,article:l177,balanced_instance,0.0,0,0.4,reported_point,119,3,3,0,3,119
l177-s2-yang-2013,article:l177,balanced_instance,0.0,0,0.4,interval_upper,119,3,0,0,0,119
l177-s2-yang-2013,article:l177,balanced_instance,0.0,0,0.4,coverage_0.5,119,3,2,0,2,119
l177-s2-yang-2013,article:l177,balanced_instance,0.0,0,0.4,coverage_0.75,119,3,0,0,0,119
l177-s2-yang-2013,article:l177,balanced_instance,0.0,0,0.5,reported_point,119,5,5,0,5,119
l177-s2-yang-2013,article:l177,balanced_instance,0.0,0,0.5,interval_upper,119,5,0,0,0,119
l177-s2-yang-2013,article:l177,balanced_instance,0.0,0,0.5,coverage_0.5,119,5,4,0,4,119
l177-s2-yang-2013,article:l177,balanced_instance,0.0,0,0.5,coverage_0.75,119,5,0,0,0,119
l274-s3-goh-2003,article:l274,material_identity,0.0,0,0.1,reported_point,119,0,0,0,0,119
l274-s3-goh-2003,article:l274,material_identity,0.0,0,0.1,interval_upper,119,0,0,0,0,119
l274-s3-goh-2003,article:l274,material_identity,0.0,0,0.1,coverage_0.5,119,0,0,0,0,119
l274-s3-goh-2003,article:l274,material_identity,0.0,0,0.1,coverage_0.75,119,0,0,0,0,119
l274-s3-goh-2003,article:l274,material_identity,0.0,0,0.2,reported_point,119,0,0,0,0,119
l274-s3-goh-2003,article:l274,material_identity,0.0,0,0.2,interval_upper,119,0,0,0,0,119
l274-s3-goh-2003,article:l274,material_identity,0.0,0,0.2,coverage_0.5,119,0,0,0,0,119
l274-s3-goh-2003,article:l274,material_identity,0.0,0,0.2,coverage_0.75,119,0,0,0,0,119
l274-s3-goh-2003,article:l274,material_identity,0.0,0,0.3,reported_point,119,7,7,0,7,119
l274-s3-goh-2003,article:l274,material_identity,0.0,0,0.3,interval_upper,119,7,0,0,0,119
l274-s3-goh-2003,article:l274,material_identity,0.0,0,0.3,coverage_0.5,119,7,0,0,0,119
l274-s3-goh-2003,article:l274,material_identity,0.0,0,0.3,coverage_0.75,119,7,0,0,0,119
l274-s3-goh-2003,article:l274,material_identity,0.0,0,0.4,reported_point,119,9,9,0,9,119
l274-s3-goh-2003,article:l274,material_identity,0.0,0,0.4,interval_upper,119,9,0,0,0,119
l274-s3-goh-2003,article:l274,material_identity,0.0,0,0.4,coverage_0.5,119,9,0,0,0,119
l274-s3-goh-2003,article:l274,material_identity,0.0,0,0.4,coverage_0.75,119,9,0,0,0,119
l274-s3-goh-2003,article:l274,material_identity,0.0,0,0.5,reported_point,119,10,10,0,10,119
l274-s3-goh-2003,article:l274,material_identity,0.0,0,0.5,interval_upper,119,10,0,0,0,119
l274-s3-goh-2003,article:l274,material_identity,0.0,0,0.5,coverage_0.5,119,10,0,0,0,119
l274-s3-goh-2003,article:l274,material_identity,0.0,0,0.5,coverage_0.75,119,10,0,0,0,119
l274-s3-goh-2003,article:l274,experimental_protocol,0.0,0,0.1,reported_point,119,0,0,0,0,119
l274-s3-goh-2003,article:l274,experimental_protocol,0.0,0,0.1,interval_upper,119,0,0,0,0,119
l274-s3-goh-2003,article:l274,experimental_protocol,0.0,0,0.1,coverage_0.5,119,0,0,0,0,119
l274-s3-goh-2003,article:l274,experimental_protocol,0.0,0,0.1,coverage_0.75,119,0,0,0,0,119
l274-s3-goh-2003,article:l274,experimental_protocol,0.0,0,0.2,reported_point,119,0,0,0,0,119
l274-s3-goh-2003,article:l274,experimental_protocol,0.0,0,0.2,interval_upper,119,0,0,0,0,119
l274-s3-goh-2003,article:l274,experimental_protocol,0.0,0,0.2,coverage_0.5,119,0,0,0,0,119
l274-s3-goh-2003,article:l274,experimental_protocol,0.0,0,0.2,coverage_0.75,119,0,0,0,0,119
l274-s3-goh-2003,article:l274,experimental_protocol,0.0,0,0.3,reported_point,119,0,0,0,0,119
l274-s3-goh-2003,article:l274,experimental_protocol,0.0,0,0.3,interval_upper,119,0,0,0,0,119
l274-s3-goh-2003,article:l274,experimental_protocol,0.0,0,0.3,coverage_0.5,119,0,0,0,0,119
l274-s3-goh-2003,article:l274,experimental_protocol,0.0,0,0.3,coverage_0.75,119,0,0,0,0,119
l274-s3-goh-2003,article:l274,experimental_protocol,0.0,0,0.4,reported_point,119,1,1,0,1,119
l274-s3-goh-2003,article:l274,experimental_protocol,0.0,0,0.4,interval_upper,119,1,0,0,0,119
l274-s3-goh-2003,article:l274,experimental_protocol,0.0,0,0.4,coverage_0.5,119,1,1,0,1,119
l274-s3-goh-2003,article:l274,experimental_protocol,0.0,0,0.4,coverage_0.75,119,1,0,0,0,119
l274-s3-goh-2003,article:l274,experimental_protocol,0.0,0,0.5,reported_point,119,8,8,0,8,119
l274-s3-goh-2003,article:l274,experimental_protocol,0.0,0,0.5,interval_upper,119,8,0,0,0,119
l274-s3-goh-2003,article:l274,experimental_protocol,0.0,0,0.5,coverage_0.5,119,8,8,0,8,119
l274-s3-goh-2003,article:l274,experimental_protocol,0.0,0,0.5,coverage_0.75,119,8,0,0,0,119
l274-s3-goh-2003,article:l274,balanced_instance,0.0,0,0.1,reported_point,119,0,0,0,0,119
l274-s3-goh-2003,article:l274,balanced_instance,0.0,0,0.1,interval_upper,119,0,0,0,0,119
l274-s3-goh-2003,article:l274,balanced_instance,0.0,0,0.1,coverage_0.5,119,0,0,0,0,119
l274-s3-goh-2003,article:l274,balanced_instance,0.0,0,0.1,coverage_0.75,119,0,0,0,0,119
l274-s3-goh-2003,article:l274,balanced_instance,0.0,0,0.2,reported_point,119,0,0,0,0,119
l274-s3-goh-2003,article:l274,balanced_instance,0.0,0,0.2,interval_upper,119,0,0,0,0,119
l274-s3-goh-2003,article:l274,balanced_instance,0.0,0,0.2,coverage_0.5,119,0,0,0,0,119
l274-s3-goh-2003,article:l274,balanced_instance,0.0,0,0.2,coverage_0.75,119,0,0,0,0,119
l274-s3-goh-2003,article:l274,balanced_instance,0.0,0,0.3,reported_point,119,0,0,0,0,119
l274-s3-goh-2003,article:l274,balanced_instance,0.0,0,0.3,interval_upper,119,0,0,0,0,119
l274-s3-goh-2003,article:l274,balanced_instance,0.0,0,0.3,coverage_0.5,119,0,0,0,0,119
l274-s3-goh-2003,article:l274,balanced_instance,0.0,0,0.3,coverage_0.75,119,0,0,0,0,119
l274-s3-goh-2003,article:l274,balanced_instance,0.0,0,0.4,reported_point,119,0,0,0,0,119
l274-s3-goh-2003,article:l274,balanced_instance,0.0,0,0.4,interval_upper,119,0,0,0,0,119
l274-s3-goh-2003,article:l274,balanced_instance,0.0,0,0.4,coverage_0.5,119,0,0,0,0,119
l274-s3-goh-2003,article:l274,balanced_instance,0.0,0,0.4,coverage_0.75,119,0,0,0,0,119
l274-s3-goh-2003,article:l274,balanced_instance,0.0,0,0.5,reported_point,119,6,6,0,6,119
l274-s3-goh-2003,article:l274,balanced_instance,0.0,0,0.5,interval_upper,119,6,0,0,0,119
l274-s3-goh-2003,article:l274,balanced_instance,0.0,0,0.5,coverage_0.5,119,6,6,0,6,119
l274-s3-goh-2003,article:l274,balanced_instance,0.0,0,0.5,coverage_0.75,119,6,0,0,0,119
l221-s8-dai-2008,article:l221,material_identity,0.0,0,0.1,reported_point,118,4,4,0,4,118
l221-s8-dai-2008,article:l221,material_identity,0.0,0,0.1,interval_upper,118,4,0,0,0,118
l221-s8-dai-2008,article:l221,material_identity,0.0,0,0.1,coverage_0.5,118,4,0,0,0,118
l221-s8-dai-2008,article:l221,material_identity,0.0,0,0.1,coverage_0.75,118,4,0,0,0,118
l221-s8-dai-2008,article:l221,material_identity,0.0,0,0.2,reported_point,118,4,4,0,4,118
l221-s8-dai-2008,article:l221,material_identity,0.0,0,0.2,interval_upper,118,4,0,0,0,118
l221-s8-dai-2008,article:l221,material_identity,0.0,0,0.2,coverage_0.5,118,4,0,0,0,118
l221-s8-dai-2008,article:l221,material_identity,0.0,0,0.2,coverage_0.75,118,4,0,0,0,118
l221-s8-dai-2008,article:l221,material_identity,0.0,0,0.3,reported_point,118,9,9,0,9,118
l221-s8-dai-2008,article:l221,material_identity,0.0,0,0.3,interval_upper,118,9,0,0,0,118
l221-s8-dai-2008,article:l221,material_identity,0.0,0,0.3,coverage_0.5,118,9,0,0,0,118
l221-s8-dai-2008,article:l221,material_identity,0.0,0,0.3,coverage_0.75,118,9,0,0,0,118
l221-s8-dai-2008,article:l221,material_identity,0.0,0,0.4,reported_point,118,24,24,0,24,118
l221-s8-dai-2008,article:l221,material_identity,0.0,0,0.4,interval_upper,118,24,0,0,0,118
l221-s8-dai-2008,article:l221,material_identity,0.0,0,0.4,coverage_0.5,118,24,0,0,0,118
l221-s8-dai-2008,article:l221,material_identity,0.0,0,0.4,coverage_0.75,118,24,0,0,0,118
l221-s8-dai-2008,article:l221,material_identity,0.0,0,0.5,reported_point,118,25,25,0,25,118
l221-s8-dai-2008,article:l221,material_identity,0.0,0,0.5,interval_upper,118,25,0,0,0,118
l221-s8-dai-2008,article:l221,material_identity,0.0,0,0.5,coverage_0.5,118,25,0,0,0,118
l221-s8-dai-2008,article:l221,material_identity,0.0,0,0.5,coverage_0.75,118,25,0,0,0,118
l221-s8-dai-2008,article:l221,experimental_protocol,0.0,0,0.1,reported_point,118,0,0,0,0,118
l221-s8-dai-2008,article:l221,experimental_protocol,0.0,0,0.1,interval_upper,118,0,0,0,0,118
l221-s8-dai-2008,article:l221,experimental_protocol,0.0,0,0.1,coverage_0.5,118,0,0,0,0,118
l221-s8-dai-2008,article:l221,experimental_protocol,0.0,0,0.1,coverage_0.75,118,0,0,0,0,118
l221-s8-dai-2008,article:l221,experimental_protocol,0.0,0,0.2,reported_point,118,0,0,0,0,118
l221-s8-dai-2008,article:l221,experimental_protocol,0.0,0,0.2,interval_upper,118,0,0,0,0,118
l221-s8-dai-2008,article:l221,experimental_protocol,0.0,0,0.2,coverage_0.5,118,0,0,0,0,118
l221-s8-dai-2008,article:l221,experimental_protocol,0.0,0,0.2,coverage_0.75,118,0,0,0,0,118
l221-s8-dai-2008,article:l221,experimental_protocol,0.0,0,0.3,reported_point,118,0,0,0,0,118
l221-s8-dai-2008,article:l221,experimental_protocol,0.0,0,0.3,interval_upper,118,0,0,0,0,118
l221-s8-dai-2008,article:l221,experimental_protocol,0.0,0,0.3,coverage_0.5,118,0,0,0,0,118
l221-s8-dai-2008,article:l221,experimental_protocol,0.0,0,0.3,coverage_0.75,118,0,0,0,0,118
l221-s8-dai-2008,article:l221,experimental_protocol,0.0,0,0.4,reported_point,118,0,0,0,0,118
l221-s8-dai-2008,article:l221,experimental_protocol,0.0,0,0.4,interval_upper,118,0,0,0,0,118
l221-s8-dai-2008,article:l221,experimental_protocol,0.0,0,0.4,coverage_0.5,118,0,0,0,0,118
l221-s8-dai-2008,article:l221,experimental_protocol,0.0,0,0.4,coverage_0.75,118,0,0,0,0,118
l221-s8-dai-2008,article:l221,experimental_protocol,0.0,0,0.5,reported_point,118,8,8,0,8,118
l221-s8-dai-2008,article:l221,experimental_protocol,0.0,0,0.5,interval_upper,118,8,2,0,2,118
l221-s8-dai-2008,article:l221,experimental_protocol,0.0,0,0.5,coverage_0.5,118,8,8,0,8,118
l221-s8-dai-2008,article:l221,experimental_protocol,0.0,0,0.5,coverage_0.75,118,8,0,0,0,118
l221-s8-dai-2008,article:l221,balanced_instance,0.0,0,0.1,reported_point,118,0,0,0,0,118
l221-s8-dai-2008,article:l221,balanced_instance,0.0,0,0.1,interval_upper,118,0,0,0,0,118
l221-s8-dai-2008,article:l221,balanced_instance,0.0,0,0.1,coverage_0.5,118,0,0,0,0,118
l221-s8-dai-2008,article:l221,balanced_instance,0.0,0,0.1,coverage_0.75,118,0,0,0,0,118
l221-s8-dai-2008,article:l221,balanced_instance,0.0,0,0.2,reported_point,118,0,0,0,0,118
l221-s8-dai-2008,article:l221,balanced_instance,0.0,0,0.2,interval_upper,118,0,0,0,0,118
l221-s8-dai-2008,article:l221,balanced_instance,0.0,0,0.2,coverage_0.5,118,0,0,0,0,118
l221-s8-dai-2008,article:l221,balanced_instance,0.0,0,0.2,coverage_0.75,118,0,0,0,0,118
l221-s8-dai-2008,article:l221,balanced_instance,0.0,0,0.3,reported_point,118,0,0,0,0,118
l221-s8-dai-2008,article:l221,balanced_instance,0.0,0,0.3,interval_upper,118,0,0,0,0,118
l221-s8-dai-2008,article:l221,balanced_instance,0.0,0,0.3,coverage_0.5,118,0,0,0,0,118
l221-s8-dai-2008,article:l221,balanced_instance,0.0,0,0.3,coverage_0.75,118,0,0,0,0,118
l221-s8-dai-2008,article:l221,balanced_instance,0.0,0,0.4,reported_point,118,2,2,0,2,118
l221-s8-dai-2008,article:l221,balanced_instance,0.0,0,0.4,interval_upper,118,2,0,0,0,118
l221-s8-dai-2008,article:l221,balanced_instance,0.0,0,0.4,coverage_0.5,118,2,1,0,1,118
l221-s8-dai-2008,article:l221,balanced_instance,0.0,0,0.4,coverage_0.75,118,2,0,0,0,118
l221-s8-dai-2008,article:l221,balanced_instance,0.0,0,0.5,reported_point,118,9,9,0,9,118
l221-s8-dai-2008,article:l221,balanced_instance,0.0,0,0.5,interval_upper,118,9,0,0,0,118
l221-s8-dai-2008,article:l221,balanced_instance,0.0,0,0.5,coverage_0.5,118,9,8,0,8,118
l221-s8-dai-2008,article:l221,balanced_instance,0.0,0,0.5,coverage_0.75,118,9,0,0,0,118
l191-s3-xie-2004,article:l191,material_identity,0.0,0,0.1,reported_point,118,0,0,0,0,118
l191-s3-xie-2004,article:l191,material_identity,0.0,0,0.1,interval_upper,118,0,0,0,0,118
l191-s3-xie-2004,article:l191,material_identity,0.0,0,0.1,coverage_0.5,118,0,0,0,0,118
l191-s3-xie-2004,article:l191,material_identity,0.0,0,0.1,coverage_0.75,118,0,0,0,0,118
l191-s3-xie-2004,article:l191,material_identity,0.0,0,0.2,reported_point,118,0,0,0,0,118
l191-s3-xie-2004,article:l191,material_identity,0.0,0,0.2,interval_upper,118,0,0,0,0,118
l191-s3-xie-2004,article:l191,material_identity,0.0,0,0.2,coverage_0.5,118,0,0,0,0,118
l191-s3-xie-2004,article:l191,material_identity,0.0,0,0.2,coverage_0.75,118,0,0,0,0,118
l191-s3-xie-2004,article:l191,material_identity,0.0,0,0.3,reported_point,118,0,0,0,0,118
l191-s3-xie-2004,article:l191,material_identity,0.0,0,0.3,interval_upper,118,0,0,0,0,118
l191-s3-xie-2004,article:l191,material_identity,0.0,0,0.3,coverage_0.5,118,0,0,0,0,118
l191-s3-xie-2004,article:l191,material_identity,0.0,0,0.3,coverage_0.75,118,0,0,0,0,118
l191-s3-xie-2004,article:l191,material_identity,0.0,0,0.4,reported_point,118,0,0,0,0,118
l191-s3-xie-2004,article:l191,material_identity,0.0,0,0.4,interval_upper,118,0,0,0,0,118
l191-s3-xie-2004,article:l191,material_identity,0.0,0,0.4,coverage_0.5,118,0,0,0,0,118
l191-s3-xie-2004,article:l191,material_identity,0.0,0,0.4,coverage_0.75,118,0,0,0,0,118
l191-s3-xie-2004,article:l191,material_identity,0.0,0,0.5,reported_point,118,0,0,0,0,118
l191-s3-xie-2004,article:l191,material_identity,0.0,0,0.5,interval_upper,118,0,0,0,0,118
l191-s3-xie-2004,article:l191,material_identity,0.0,0,0.5,coverage_0.5,118,0,0,0,0,118
l191-s3-xie-2004,article:l191,material_identity,0.0,0,0.5,coverage_0.75,118,0,0,0,0,118
l191-s3-xie-2004,article:l191,experimental_protocol,0.0,0,0.1,reported_point,118,0,0,0,0,118
l191-s3-xie-2004,article:l191,experimental_protocol,0.0,0,0.1,interval_upper,118,0,0,0,0,118
l191-s3-xie-2004,article:l191,experimental_protocol,0.0,0,0.1,coverage_0.5,118,0,0,0,0,118
l191-s3-xie-2004,article:l191,experimental_protocol,0.0,0,0.1,coverage_0.75,118,0,0,0,0,118
l191-s3-xie-2004,article:l191,experimental_protocol,0.0,0,0.2,reported_point,118,0,0,0,0,118
l191-s3-xie-2004,article:l191,experimental_protocol,0.0,0,0.2,interval_upper,118,0,0,0,0,118
l191-s3-xie-2004,article:l191,experimental_protocol,0.0,0,0.2,coverage_0.5,118,0,0,0,0,118
l191-s3-xie-2004,article:l191,experimental_protocol,0.0,0,0.2,coverage_0.75,118,0,0,0,0,118
l191-s3-xie-2004,article:l191,experimental_protocol,0.0,0,0.3,reported_point,118,0,0,0,0,118
l191-s3-xie-2004,article:l191,experimental_protocol,0.0,0,0.3,interval_upper,118,0,0,0,0,118
l191-s3-xie-2004,article:l191,experimental_protocol,0.0,0,0.3,coverage_0.5,118,0,0,0,0,118
l191-s3-xie-2004,article:l191,experimental_protocol,0.0,0,0.3,coverage_0.75,118,0,0,0,0,118
l191-s3-xie-2004,article:l191,experimental_protocol,0.0,0,0.4,reported_point,118,0,0,0,0,118
l191-s3-xie-2004,article:l191,experimental_protocol,0.0,0,0.4,interval_upper,118,0,0,0,0,118
l191-s3-xie-2004,article:l191,experimental_protocol,0.0,0,0.4,coverage_0.5,118,0,0,0,0,118
l191-s3-xie-2004,article:l191,experimental_protocol,0.0,0,0.4,coverage_0.75,118,0,0,0,0,118
l191-s3-xie-2004,article:l191,experimental_protocol,0.0,0,0.5,reported_point,118,4,4,0,4,118
l191-s3-xie-2004,article:l191,experimental_protocol,0.0,0,0.5,interval_upper,118,4,2,0,2,118
l191-s3-xie-2004,article:l191,experimental_protocol,0.0,0,0.5,coverage_0.5,118,4,4,0,4,118
l191-s3-xie-2004,article:l191,experimental_protocol,0.0,0,0.5,coverage_0.75,118,4,0,0,0,118
l191-s3-xie-2004,article:l191,balanced_instance,0.0,0,0.1,reported_point,118,0,0,0,0,118
l191-s3-xie-2004,article:l191,balanced_instance,0.0,0,0.1,interval_upper,118,0,0,0,0,118
l191-s3-xie-2004,article:l191,balanced_instance,0.0,0,0.1,coverage_0.5,118,0,0,0,0,118
l191-s3-xie-2004,article:l191,balanced_instance,0.0,0,0.1,coverage_0.75,118,0,0,0,0,118
l191-s3-xie-2004,article:l191,balanced_instance,0.0,0,0.2,reported_point,118,0,0,0,0,118
l191-s3-xie-2004,article:l191,balanced_instance,0.0,0,0.2,interval_upper,118,0,0,0,0,118
l191-s3-xie-2004,article:l191,balanced_instance,0.0,0,0.2,coverage_0.5,118,0,0,0,0,118
l191-s3-xie-2004,article:l191,balanced_instance,0.0,0,0.2,coverage_0.75,118,0,0,0,0,118
l191-s3-xie-2004,article:l191,balanced_instance,0.0,0,0.3,reported_point,118,0,0,0,0,118
l191-s3-xie-2004,article:l191,balanced_instance,0.0,0,0.3,interval_upper,118,0,0,0,0,118
l191-s3-xie-2004,article:l191,balanced_instance,0.0,0,0.3,coverage_0.5,118,0,0,0,0,118
l191-s3-xie-2004,article:l191,balanced_instance,0.0,0,0.3,coverage_0.75,118,0,0,0,0,118
l191-s3-xie-2004,article:l191,balanced_instance,0.0,0,0.4,reported_point,118,2,2,0,2,118
l191-s3-xie-2004,article:l191,balanced_instance,0.0,0,0.4,interval_upper,118,2,0,0,0,118
l191-s3-xie-2004,article:l191,balanced_instance,0.0,0,0.4,coverage_0.5,118,2,2,0,2,118
l191-s3-xie-2004,article:l191,balanced_instance,0.0,0,0.4,coverage_0.75,118,2,0,0,0,118
l191-s3-xie-2004,article:l191,balanced_instance,0.0,0,0.5,reported_point,118,4,4,0,4,118
l191-s3-xie-2004,article:l191,balanced_instance,0.0,0,0.5,interval_upper,118,4,0,0,0,118
l191-s3-xie-2004,article:l191,balanced_instance,0.0,0,0.5,coverage_0.5,118,4,4,0,4,118
l191-s3-xie-2004,article:l191,balanced_instance,0.0,0,0.5,coverage_0.75,118,4,0,0,0,118
l275-s1-zhou-2006,article:l275,material_identity,0.0,0,0.1,reported_point,119,22,22,0,22,119
l275-s1-zhou-2006,article:l275,material_identity,0.0,0,0.1,interval_upper,119,22,0,0,0,119
l275-s1-zhou-2006,article:l275,material_identity,0.0,0,0.1,coverage_0.5,119,22,0,0,0,119
l275-s1-zhou-2006,article:l275,material_identity,0.0,0,0.1,coverage_0.75,119,22,0,0,0,119
l275-s1-zhou-2006,article:l275,material_identity,0.0,0,0.2,reported_point,119,22,22,0,22,119
l275-s1-zhou-2006,article:l275,material_identity,0.0,0,0.2,interval_upper,119,22,0,0,0,119
l275-s1-zhou-2006,article:l275,material_identity,0.0,0,0.2,coverage_0.5,119,22,0,0,0,119
l275-s1-zhou-2006,article:l275,material_identity,0.0,0,0.2,coverage_0.75,119,22,0,0,0,119
l275-s1-zhou-2006,article:l275,material_identity,0.0,0,0.3,reported_point,119,22,22,0,22,119
l275-s1-zhou-2006,article:l275,material_identity,0.0,0,0.3,interval_upper,119,22,0,0,0,119
l275-s1-zhou-2006,article:l275,material_identity,0.0,0,0.3,coverage_0.5,119,22,0,0,0,119
l275-s1-zhou-2006,article:l275,material_identity,0.0,0,0.3,coverage_0.75,119,22,0,0,0,119
l275-s1-zhou-2006,article:l275,material_identity,0.0,0,0.4,reported_point,119,22,22,0,22,119
l275-s1-zhou-2006,article:l275,material_identity,0.0,0,0.4,interval_upper,119,22,0,0,0,119
l275-s1-zhou-2006,article:l275,material_identity,0.0,0,0.4,coverage_0.5,119,22,0,0,0,119
l275-s1-zhou-2006,article:l275,material_identity,0.0,0,0.4,coverage_0.75,119,22,0,0,0,119
l275-s1-zhou-2006,article:l275,material_identity,0.0,0,0.5,reported_point,119,23,23,0,23,119
l275-s1-zhou-2006,article:l275,material_identity,0.0,0,0.5,interval_upper,119,23,0,0,0,119
l275-s1-zhou-2006,article:l275,material_identity,0.0,0,0.5,coverage_0.5,119,23,0,0,0,119
l275-s1-zhou-2006,article:l275,material_identity,0.0,0,0.5,coverage_0.75,119,23,0,0,0,119
l275-s1-zhou-2006,article:l275,experimental_protocol,0.0,0,0.1,reported_point,119,0,0,0,0,119
l275-s1-zhou-2006,article:l275,experimental_protocol,0.0,0,0.1,interval_upper,119,0,0,0,0,119
l275-s1-zhou-2006,article:l275,experimental_protocol,0.0,0,0.1,coverage_0.5,119,0,0,0,0,119
l275-s1-zhou-2006,article:l275,experimental_protocol,0.0,0,0.1,coverage_0.75,119,0,0,0,0,119
l275-s1-zhou-2006,article:l275,experimental_protocol,0.0,0,0.2,reported_point,119,0,0,0,0,119
l275-s1-zhou-2006,article:l275,experimental_protocol,0.0,0,0.2,interval_upper,119,0,0,0,0,119
l275-s1-zhou-2006,article:l275,experimental_protocol,0.0,0,0.2,coverage_0.5,119,0,0,0,0,119
l275-s1-zhou-2006,article:l275,experimental_protocol,0.0,0,0.2,coverage_0.75,119,0,0,0,0,119
l275-s1-zhou-2006,article:l275,experimental_protocol,0.0,0,0.3,reported_point,119,4,4,0,4,119
l275-s1-zhou-2006,article:l275,experimental_protocol,0.0,0,0.3,interval_upper,119,4,0,0,0,119
l275-s1-zhou-2006,article:l275,experimental_protocol,0.0,0,0.3,coverage_0.5,119,4,4,0,4,119
l275-s1-zhou-2006,article:l275,experimental_protocol,0.0,0,0.3,coverage_0.75,119,4,0,0,0,119
l275-s1-zhou-2006,article:l275,experimental_protocol,0.0,0,0.4,reported_point,119,4,4,0,4,119
l275-s1-zhou-2006,article:l275,experimental_protocol,0.0,0,0.4,interval_upper,119,4,2,0,2,119
l275-s1-zhou-2006,article:l275,experimental_protocol,0.0,0,0.4,coverage_0.5,119,4,4,0,4,119
l275-s1-zhou-2006,article:l275,experimental_protocol,0.0,0,0.4,coverage_0.75,119,4,0,0,0,119
l275-s1-zhou-2006,article:l275,experimental_protocol,0.0,0,0.5,reported_point,119,5,5,0,5,119
l275-s1-zhou-2006,article:l275,experimental_protocol,0.0,0,0.5,interval_upper,119,5,4,0,4,119
l275-s1-zhou-2006,article:l275,experimental_protocol,0.0,0,0.5,coverage_0.5,119,5,5,0,5,119
l275-s1-zhou-2006,article:l275,experimental_protocol,0.0,0,0.5,coverage_0.75,119,5,0,0,0,119
l275-s1-zhou-2006,article:l275,balanced_instance,0.0,0,0.1,reported_point,119,0,0,0,0,119
l275-s1-zhou-2006,article:l275,balanced_instance,0.0,0,0.1,interval_upper,119,0,0,0,0,119
l275-s1-zhou-2006,article:l275,balanced_instance,0.0,0,0.1,coverage_0.5,119,0,0,0,0,119
l275-s1-zhou-2006,article:l275,balanced_instance,0.0,0,0.1,coverage_0.75,119,0,0,0,0,119
l275-s1-zhou-2006,article:l275,balanced_instance,0.0,0,0.2,reported_point,119,2,2,0,2,119
l275-s1-zhou-2006,article:l275,balanced_instance,0.0,0,0.2,interval_upper,119,2,0,0,0,119
l275-s1-zhou-2006,article:l275,balanced_instance,0.0,0,0.2,coverage_0.5,119,2,0,0,0,119
l275-s1-zhou-2006,article:l275,balanced_instance,0.0,0,0.2,coverage_0.75,119,2,0,0,0,119
l275-s1-zhou-2006,article:l275,balanced_instance,0.0,0,0.3,reported_point,119,2,2,0,2,119
l275-s1-zhou-2006,article:l275,balanced_instance,0.0,0,0.3,interval_upper,119,2,0,0,0,119
l275-s1-zhou-2006,article:l275,balanced_instance,0.0,0,0.3,coverage_0.5,119,2,0,0,0,119
l275-s1-zhou-2006,article:l275,balanced_instance,0.0,0,0.3,coverage_0.75,119,2,0,0,0,119
l275-s1-zhou-2006,article:l275,balanced_instance,0.0,0,0.4,reported_point,119,7,7,0,7,119
l275-s1-zhou-2006,article:l275,balanced_instance,0.0,0,0.4,interval_upper,119,7,0,0,0,119
l275-s1-zhou-2006,article:l275,balanced_instance,0.0,0,0.4,coverage_0.5,119,7,0,0,0,119
l275-s1-zhou-2006,article:l275,balanced_instance,0.0,0,0.4,coverage_0.75,119,7,0,0,0,119
l275-s1-zhou-2006,article:l275,balanced_instance,0.0,0,0.5,reported_point,119,17,17,0,17,119
l275-s1-zhou-2006,article:l275,balanced_instance,0.0,0,0.5,interval_upper,119,17,0,0,0,119
l275-s1-zhou-2006,article:l275,balanced_instance,0.0,0,0.5,coverage_0.5,119,17,0,0,0,119
l275-s1-zhou-2006,article:l275,balanced_instance,0.0,0,0.5,coverage_0.75,119,17,0,0,0,119
l382-s1-huang-2019,article:l382,material_identity,0.0,0,0.1,reported_point,119,0,0,0,0,119
l382-s1-huang-2019,article:l382,material_identity,0.0,0,0.1,interval_upper,119,0,0,0,0,119
l382-s1-huang-2019,article:l382,material_identity,0.0,0,0.1,coverage_0.5,119,0,0,0,0,119
l382-s1-huang-2019,article:l382,material_identity,0.0,0,0.1,coverage_0.75,119,0,0,0,0,119
l382-s1-huang-2019,article:l382,material_identity,0.0,0,0.2,reported_point,119,0,0,0,0,119
l382-s1-huang-2019,article:l382,material_identity,0.0,0,0.2,interval_upper,119,0,0,0,0,119
l382-s1-huang-2019,article:l382,material_identity,0.0,0,0.2,coverage_0.5,119,0,0,0,0,119
l382-s1-huang-2019,article:l382,material_identity,0.0,0,0.2,coverage_0.75,119,0,0,0,0,119
l382-s1-huang-2019,article:l382,material_identity,0.0,0,0.3,reported_point,119,0,0,0,0,119
l382-s1-huang-2019,article:l382,material_identity,0.0,0,0.3,interval_upper,119,0,0,0,0,119
l382-s1-huang-2019,article:l382,material_identity,0.0,0,0.3,coverage_0.5,119,0,0,0,0,119
l382-s1-huang-2019,article:l382,material_identity,0.0,0,0.3,coverage_0.75,119,0,0,0,0,119
l382-s1-huang-2019,article:l382,material_identity,0.0,0,0.4,reported_point,119,0,0,0,0,119
l382-s1-huang-2019,article:l382,material_identity,0.0,0,0.4,interval_upper,119,0,0,0,0,119
l382-s1-huang-2019,article:l382,material_identity,0.0,0,0.4,coverage_0.5,119,0,0,0,0,119
l382-s1-huang-2019,article:l382,material_identity,0.0,0,0.4,coverage_0.75,119,0,0,0,0,119
l382-s1-huang-2019,article:l382,material_identity,0.0,0,0.5,reported_point,119,0,0,0,0,119
l382-s1-huang-2019,article:l382,material_identity,0.0,0,0.5,interval_upper,119,0,0,0,0,119
l382-s1-huang-2019,article:l382,material_identity,0.0,0,0.5,coverage_0.5,119,0,0,0,0,119
l382-s1-huang-2019,article:l382,material_identity,0.0,0,0.5,coverage_0.75,119,0,0,0,0,119
l382-s1-huang-2019,article:l382,experimental_protocol,0.0,0,0.1,reported_point,119,0,0,0,0,119
l382-s1-huang-2019,article:l382,experimental_protocol,0.0,0,0.1,interval_upper,119,0,0,0,0,119
l382-s1-huang-2019,article:l382,experimental_protocol,0.0,0,0.1,coverage_0.5,119,0,0,0,0,119
l382-s1-huang-2019,article:l382,experimental_protocol,0.0,0,0.1,coverage_0.75,119,0,0,0,0,119
l382-s1-huang-2019,article:l382,experimental_protocol,0.0,0,0.2,reported_point,119,0,0,0,0,119
l382-s1-huang-2019,article:l382,experimental_protocol,0.0,0,0.2,interval_upper,119,0,0,0,0,119
l382-s1-huang-2019,article:l382,experimental_protocol,0.0,0,0.2,coverage_0.5,119,0,0,0,0,119
l382-s1-huang-2019,article:l382,experimental_protocol,0.0,0,0.2,coverage_0.75,119,0,0,0,0,119
l382-s1-huang-2019,article:l382,experimental_protocol,0.0,0,0.3,reported_point,119,0,0,0,0,119
l382-s1-huang-2019,article:l382,experimental_protocol,0.0,0,0.3,interval_upper,119,0,0,0,0,119
l382-s1-huang-2019,article:l382,experimental_protocol,0.0,0,0.3,coverage_0.5,119,0,0,0,0,119
l382-s1-huang-2019,article:l382,experimental_protocol,0.0,0,0.3,coverage_0.75,119,0,0,0,0,119
l382-s1-huang-2019,article:l382,experimental_protocol,0.0,0,0.4,reported_point,119,0,0,0,0,119
l382-s1-huang-2019,article:l382,experimental_protocol,0.0,0,0.4,interval_upper,119,0,0,0,0,119
l382-s1-huang-2019,article:l382,experimental_protocol,0.0,0,0.4,coverage_0.5,119,0,0,0,0,119
l382-s1-huang-2019,article:l382,experimental_protocol,0.0,0,0.4,coverage_0.75,119,0,0,0,0,119
l382-s1-huang-2019,article:l382,experimental_protocol,0.0,0,0.5,reported_point,119,2,2,0,2,119
l382-s1-huang-2019,article:l382,experimental_protocol,0.0,0,0.5,interval_upper,119,2,0,0,0,119
l382-s1-huang-2019,article:l382,experimental_protocol,0.0,0,0.5,coverage_0.5,119,2,2,0,2,119
l382-s1-huang-2019,article:l382,experimental_protocol,0.0,0,0.5,coverage_0.75,119,2,0,0,0,119
l382-s1-huang-2019,article:l382,balanced_instance,0.0,0,0.1,reported_point,119,0,0,0,0,119
l382-s1-huang-2019,article:l382,balanced_instance,0.0,0,0.1,interval_upper,119,0,0,0,0,119
l382-s1-huang-2019,article:l382,balanced_instance,0.0,0,0.1,coverage_0.5,119,0,0,0,0,119
l382-s1-huang-2019,article:l382,balanced_instance,0.0,0,0.1,coverage_0.75,119,0,0,0,0,119
l382-s1-huang-2019,article:l382,balanced_instance,0.0,0,0.2,reported_point,119,0,0,0,0,119
l382-s1-huang-2019,article:l382,balanced_instance,0.0,0,0.2,interval_upper,119,0,0,0,0,119
l382-s1-huang-2019,article:l382,balanced_instance,0.0,0,0.2,coverage_0.5,119,0,0,0,0,119
l382-s1-huang-2019,article:l382,balanced_instance,0.0,0,0.2,coverage_0.75,119,0,0,0,0,119
l382-s1-huang-2019,article:l382,balanced_instance,0.0,0,0.3,reported_point,119,0,0,0,0,119
l382-s1-huang-2019,article:l382,balanced_instance,0.0,0,0.3,interval_upper,119,0,0,0,0,119
l382-s1-huang-2019,article:l382,balanced_instance,0.0,0,0.3,coverage_0.5,119,0,0,0,0,119
l382-s1-huang-2019,article:l382,balanced_instance,0.0,0,0.3,coverage_0.75,119,0,0,0,0,119
l382-s1-huang-2019,article:l382,balanced_instance,0.0,0,0.4,reported_point,119,0,0,0,0,119
l382-s1-huang-2019,article:l382,balanced_instance,0.0,0,0.4,interval_upper,119,0,0,0,0,119
l382-s1-huang-2019,article:l382,balanced_instance,0.0,0,0.4,coverage_0.5,119,0,0,0,0,119
l382-s1-huang-2019,article:l382,balanced_instance,0.0,0,0.4,coverage_0.75,119,0,0,0,0,119
l382-s1-huang-2019,article:l382,balanced_instance,0.0,0,0.5,reported_point,119,2,2,0,2,119
l382-s1-huang-2019,article:l382,balanced_instance,0.0,0,0.5,interval_upper,119,2,0,0,0,119
l382-s1-huang-2019,article:l382,balanced_instance,0.0,0,0.5,coverage_0.5,119,2,0,0,0,119
l382-s1-huang-2019,article:l382,balanced_instance,0.0,0,0.5,coverage_0.75,119,2,0,0,0,119
l258-s4-du-2004,article:l258,material_identity,0.0,0,0.1,reported_point,119,4,4,0,4,119
l258-s4-du-2004,article:l258,material_identity,0.0,0,0.1,interval_upper,119,4,0,0,0,119
l258-s4-du-2004,article:l258,material_identity,0.0,0,0.1,coverage_0.5,119,4,0,0,0,119
l258-s4-du-2004,article:l258,material_identity,0.0,0,0.1,coverage_0.75,119,4,0,0,0,119
l258-s4-du-2004,article:l258,material_identity,0.0,0,0.2,reported_point,119,4,4,0,4,119
l258-s4-du-2004,article:l258,material_identity,0.0,0,0.2,interval_upper,119,4,0,0,0,119
l258-s4-du-2004,article:l258,material_identity,0.0,0,0.2,coverage_0.5,119,4,0,0,0,119
l258-s4-du-2004,article:l258,material_identity,0.0,0,0.2,coverage_0.75,119,4,0,0,0,119
l258-s4-du-2004,article:l258,material_identity,0.0,0,0.3,reported_point,119,20,20,0,20,119
l258-s4-du-2004,article:l258,material_identity,0.0,0,0.3,interval_upper,119,20,0,0,0,119
l258-s4-du-2004,article:l258,material_identity,0.0,0,0.3,coverage_0.5,119,20,0,0,0,119
l258-s4-du-2004,article:l258,material_identity,0.0,0,0.3,coverage_0.75,119,20,0,0,0,119
l258-s4-du-2004,article:l258,material_identity,0.0,0,0.4,reported_point,119,22,22,0,22,119
l258-s4-du-2004,article:l258,material_identity,0.0,0,0.4,interval_upper,119,22,0,0,0,119
l258-s4-du-2004,article:l258,material_identity,0.0,0,0.4,coverage_0.5,119,22,0,0,0,119
l258-s4-du-2004,article:l258,material_identity,0.0,0,0.4,coverage_0.75,119,22,0,0,0,119
l258-s4-du-2004,article:l258,material_identity,0.0,0,0.5,reported_point,119,23,23,0,23,119
l258-s4-du-2004,article:l258,material_identity,0.0,0,0.5,interval_upper,119,23,0,0,0,119
l258-s4-du-2004,article:l258,material_identity,0.0,0,0.5,coverage_0.5,119,23,0,0,0,119
l258-s4-du-2004,article:l258,material_identity,0.0,0,0.5,coverage_0.75,119,23,0,0,0,119
l258-s4-du-2004,article:l258,experimental_protocol,0.0,0,0.1,reported_point,119,0,0,0,0,119
l258-s4-du-2004,article:l258,experimental_protocol,0.0,0,0.1,interval_upper,119,0,0,0,0,119
l258-s4-du-2004,article:l258,experimental_protocol,0.0,0,0.1,coverage_0.5,119,0,0,0,0,119
l258-s4-du-2004,article:l258,experimental_protocol,0.0,0,0.1,coverage_0.75,119,0,0,0,0,119
l258-s4-du-2004,article:l258,experimental_protocol,0.0,0,0.2,reported_point,119,2,2,0,2,119
l258-s4-du-2004,article:l258,experimental_protocol,0.0,0,0.2,interval_upper,119,2,0,0,0,119
l258-s4-du-2004,article:l258,experimental_protocol,0.0,0,0.2,coverage_0.5,119,2,2,0,2,119
l258-s4-du-2004,article:l258,experimental_protocol,0.0,0,0.2,coverage_0.75,119,2,0,0,0,119
l258-s4-du-2004,article:l258,experimental_protocol,0.0,0,0.3,reported_point,119,3,3,0,3,119
l258-s4-du-2004,article:l258,experimental_protocol,0.0,0,0.3,interval_upper,119,3,0,0,0,119
l258-s4-du-2004,article:l258,experimental_protocol,0.0,0,0.3,coverage_0.5,119,3,3,0,3,119
l258-s4-du-2004,article:l258,experimental_protocol,0.0,0,0.3,coverage_0.75,119,3,0,0,0,119
l258-s4-du-2004,article:l258,experimental_protocol,0.0,0,0.4,reported_point,119,5,5,0,5,119
l258-s4-du-2004,article:l258,experimental_protocol,0.0,0,0.4,interval_upper,119,5,0,0,0,119
l258-s4-du-2004,article:l258,experimental_protocol,0.0,0,0.4,coverage_0.5,119,5,5,0,5,119
l258-s4-du-2004,article:l258,experimental_protocol,0.0,0,0.4,coverage_0.75,119,5,0,0,0,119
l258-s4-du-2004,article:l258,experimental_protocol,0.0,0,0.5,reported_point,119,6,6,0,6,119
l258-s4-du-2004,article:l258,experimental_protocol,0.0,0,0.5,interval_upper,119,6,0,0,0,119
l258-s4-du-2004,article:l258,experimental_protocol,0.0,0,0.5,coverage_0.5,119,6,6,0,6,119
l258-s4-du-2004,article:l258,experimental_protocol,0.0,0,0.5,coverage_0.75,119,6,0,0,0,119
l258-s4-du-2004,article:l258,balanced_instance,0.0,0,0.1,reported_point,119,0,0,0,0,119
l258-s4-du-2004,article:l258,balanced_instance,0.0,0,0.1,interval_upper,119,0,0,0,0,119
l258-s4-du-2004,article:l258,balanced_instance,0.0,0,0.1,coverage_0.5,119,0,0,0,0,119
l258-s4-du-2004,article:l258,balanced_instance,0.0,0,0.1,coverage_0.75,119,0,0,0,0,119
l258-s4-du-2004,article:l258,balanced_instance,0.0,0,0.2,reported_point,119,0,0,0,0,119
l258-s4-du-2004,article:l258,balanced_instance,0.0,0,0.2,interval_upper,119,0,0,0,0,119
l258-s4-du-2004,article:l258,balanced_instance,0.0,0,0.2,coverage_0.5,119,0,0,0,0,119
l258-s4-du-2004,article:l258,balanced_instance,0.0,0,0.2,coverage_0.75,119,0,0,0,0,119
l258-s4-du-2004,article:l258,balanced_instance,0.0,0,0.3,reported_point,119,2,2,0,2,119
l258-s4-du-2004,article:l258,balanced_instance,0.0,0,0.3,interval_upper,119,2,0,0,0,119
l258-s4-du-2004,article:l258,balanced_instance,0.0,0,0.3,coverage_0.5,119,2,2,0,2,119
l258-s4-du-2004,article:l258,balanced_instance,0.0,0,0.3,coverage_0.75,119,2,0,0,0,119
l258-s4-du-2004,article:l258,balanced_instance,0.0,0,0.4,reported_point,119,4,4,0,4,119
l258-s4-du-2004,article:l258,balanced_instance,0.0,0,0.4,interval_upper,119,4,0,0,0,119
l258-s4-du-2004,article:l258,balanced_instance,0.0,0,0.4,coverage_0.5,119,4,3,0,3,119
l258-s4-du-2004,article:l258,balanced_instance,0.0,0,0.4,coverage_0.75,119,4,0,0,0,119
l258-s4-du-2004,article:l258,balanced_instance,0.0,0,0.5,reported_point,119,9,9,0,9,119
l258-s4-du-2004,article:l258,balanced_instance,0.0,0,0.5,interval_upper,119,9,0,0,0,119
l258-s4-du-2004,article:l258,balanced_instance,0.0,0,0.5,coverage_0.5,119,9,8,0,8,119
l258-s4-du-2004,article:l258,balanced_instance,0.0,0,0.5,coverage_0.75,119,9,0,0,0,119
l200-s4-schoch-2008,article:l200,material_identity,0.0,0,0.1,reported_point,119,0,0,0,0,119
l200-s4-schoch-2008,article:l200,material_identity,0.0,0,0.1,interval_upper,119,0,0,0,0,119
l200-s4-schoch-2008,article:l200,material_identity,0.0,0,0.1,coverage_0.5,119,0,0,0,0,119
l200-s4-schoch-2008,article:l200,material_identity,0.0,0,0.1,coverage_0.75,119,0,0,0,0,119
l200-s4-schoch-2008,article:l200,material_identity,0.0,0,0.2,reported_point,119,0,0,0,0,119
l200-s4-schoch-2008,article:l200,material_identity,0.0,0,0.2,interval_upper,119,0,0,0,0,119
l200-s4-schoch-2008,article:l200,material_identity,0.0,0,0.2,coverage_0.5,119,0,0,0,0,119
l200-s4-schoch-2008,article:l200,material_identity,0.0,0,0.2,coverage_0.75,119,0,0,0,0,119
l200-s4-schoch-2008,article:l200,material_identity,0.0,0,0.3,reported_point,119,4,4,0,4,119
l200-s4-schoch-2008,article:l200,material_identity,0.0,0,0.3,interval_upper,119,4,0,0,0,119
l200-s4-schoch-2008,article:l200,material_identity,0.0,0,0.3,coverage_0.5,119,4,0,0,0,119
l200-s4-schoch-2008,article:l200,material_identity,0.0,0,0.3,coverage_0.75,119,4,0,0,0,119
l200-s4-schoch-2008,article:l200,material_identity,0.0,0,0.4,reported_point,119,4,4,0,4,119
l200-s4-schoch-2008,article:l200,material_identity,0.0,0,0.4,interval_upper,119,4,0,0,0,119
l200-s4-schoch-2008,article:l200,material_identity,0.0,0,0.4,coverage_0.5,119,4,0,0,0,119
l200-s4-schoch-2008,article:l200,material_identity,0.0,0,0.4,coverage_0.75,119,4,0,0,0,119
l200-s4-schoch-2008,article:l200,material_identity,0.0,0,0.5,reported_point,119,4,4,0,4,119
l200-s4-schoch-2008,article:l200,material_identity,0.0,0,0.5,interval_upper,119,4,0,0,0,119
l200-s4-schoch-2008,article:l200,material_identity,0.0,0,0.5,coverage_0.5,119,4,0,0,0,119
l200-s4-schoch-2008,article:l200,material_identity,0.0,0,0.5,coverage_0.75,119,4,0,0,0,119
l200-s4-schoch-2008,article:l200,experimental_protocol,0.0,0,0.1,reported_point,119,0,0,0,0,119
l200-s4-schoch-2008,article:l200,experimental_protocol,0.0,0,0.1,interval_upper,119,0,0,0,0,119
l200-s4-schoch-2008,article:l200,experimental_protocol,0.0,0,0.1,coverage_0.5,119,0,0,0,0,119
l200-s4-schoch-2008,article:l200,experimental_protocol,0.0,0,0.1,coverage_0.75,119,0,0,0,0,119
l200-s4-schoch-2008,article:l200,experimental_protocol,0.0,0,0.2,reported_point,119,0,0,0,0,119
l200-s4-schoch-2008,article:l200,experimental_protocol,0.0,0,0.2,interval_upper,119,0,0,0,0,119
l200-s4-schoch-2008,article:l200,experimental_protocol,0.0,0,0.2,coverage_0.5,119,0,0,0,0,119
l200-s4-schoch-2008,article:l200,experimental_protocol,0.0,0,0.2,coverage_0.75,119,0,0,0,0,119
l200-s4-schoch-2008,article:l200,experimental_protocol,0.0,0,0.3,reported_point,119,0,0,0,0,119
l200-s4-schoch-2008,article:l200,experimental_protocol,0.0,0,0.3,interval_upper,119,0,0,0,0,119
l200-s4-schoch-2008,article:l200,experimental_protocol,0.0,0,0.3,coverage_0.5,119,0,0,0,0,119
l200-s4-schoch-2008,article:l200,experimental_protocol,0.0,0,0.3,coverage_0.75,119,0,0,0,0,119
l200-s4-schoch-2008,article:l200,experimental_protocol,0.0,0,0.4,reported_point,119,1,1,0,1,119
l200-s4-schoch-2008,article:l200,experimental_protocol,0.0,0,0.4,interval_upper,119,1,0,0,0,119
l200-s4-schoch-2008,article:l200,experimental_protocol,0.0,0,0.4,coverage_0.5,119,1,1,0,1,119
l200-s4-schoch-2008,article:l200,experimental_protocol,0.0,0,0.4,coverage_0.75,119,1,0,0,0,119
l200-s4-schoch-2008,article:l200,experimental_protocol,0.0,0,0.5,reported_point,119,3,3,0,3,119
l200-s4-schoch-2008,article:l200,experimental_protocol,0.0,0,0.5,interval_upper,119,3,1,0,1,119
l200-s4-schoch-2008,article:l200,experimental_protocol,0.0,0,0.5,coverage_0.5,119,3,3,0,3,119
l200-s4-schoch-2008,article:l200,experimental_protocol,0.0,0,0.5,coverage_0.75,119,3,0,0,0,119
l200-s4-schoch-2008,article:l200,balanced_instance,0.0,0,0.1,reported_point,119,0,0,0,0,119
l200-s4-schoch-2008,article:l200,balanced_instance,0.0,0,0.1,interval_upper,119,0,0,0,0,119
l200-s4-schoch-2008,article:l200,balanced_instance,0.0,0,0.1,coverage_0.5,119,0,0,0,0,119
l200-s4-schoch-2008,article:l200,balanced_instance,0.0,0,0.1,coverage_0.75,119,0,0,0,0,119
l200-s4-schoch-2008,article:l200,balanced_instance,0.0,0,0.2,reported_point,119,0,0,0,0,119
l200-s4-schoch-2008,article:l200,balanced_instance,0.0,0,0.2,interval_upper,119,0,0,0,0,119
l200-s4-schoch-2008,article:l200,balanced_instance,0.0,0,0.2,coverage_0.5,119,0,0,0,0,119
l200-s4-schoch-2008,article:l200,balanced_instance,0.0,0,0.2,coverage_0.75,119,0,0,0,0,119
l200-s4-schoch-2008,article:l200,balanced_instance,0.0,0,0.3,reported_point,119,0,0,0,0,119
l200-s4-schoch-2008,article:l200,balanced_instance,0.0,0,0.3,interval_upper,119,0,0,0,0,119
l200-s4-schoch-2008,article:l200,balanced_instance,0.0,0,0.3,coverage_0.5,119,0,0,0,0,119
l200-s4-schoch-2008,article:l200,balanced_instance,0.0,0,0.3,coverage_0.75,119,0,0,0,0,119
l200-s4-schoch-2008,article:l200,balanced_instance,0.0,0,0.4,reported_point,119,0,0,0,0,119
l200-s4-schoch-2008,article:l200,balanced_instance,0.0,0,0.4,interval_upper,119,0,0,0,0,119
l200-s4-schoch-2008,article:l200,balanced_instance,0.0,0,0.4,coverage_0.5,119,0,0,0,0,119
l200-s4-schoch-2008,article:l200,balanced_instance,0.0,0,0.4,coverage_0.75,119,0,0,0,0,119
l200-s4-schoch-2008,article:l200,balanced_instance,0.0,0,0.5,reported_point,119,6,6,0,6,119
l200-s4-schoch-2008,article:l200,balanced_instance,0.0,0,0.5,interval_upper,119,6,0,0,0,119
l200-s4-schoch-2008,article:l200,balanced_instance,0.0,0,0.5,coverage_0.5,119,6,5,0,5,119
l200-s4-schoch-2008,article:l200,balanced_instance,0.0,0,0.5,coverage_0.75,119,6,0,0,0,119
l325-s5-manafi-2015,article:l325,material_identity,0.0,0,0.1,reported_point,119,0,0,0,0,119
l325-s5-manafi-2015,article:l325,material_identity,0.0,0,0.1,interval_upper,119,0,0,0,0,119
l325-s5-manafi-2015,article:l325,material_identity,0.0,0,0.1,coverage_0.5,119,0,0,0,0,119
l325-s5-manafi-2015,article:l325,material_identity,0.0,0,0.1,coverage_0.75,119,0,0,0,0,119
l325-s5-manafi-2015,article:l325,material_identity,0.0,0,0.2,reported_point,119,0,0,0,0,119
l325-s5-manafi-2015,article:l325,material_identity,0.0,0,0.2,interval_upper,119,0,0,0,0,119
l325-s5-manafi-2015,article:l325,material_identity,0.0,0,0.2,coverage_0.5,119,0,0,0,0,119
l325-s5-manafi-2015,article:l325,material_identity,0.0,0,0.2,coverage_0.75,119,0,0,0,0,119
l325-s5-manafi-2015,article:l325,material_identity,0.0,0,0.3,reported_point,119,10,10,0,10,119
l325-s5-manafi-2015,article:l325,material_identity,0.0,0,0.3,interval_upper,119,10,0,0,0,119
l325-s5-manafi-2015,article:l325,material_identity,0.0,0,0.3,coverage_0.5,119,10,0,0,0,119
l325-s5-manafi-2015,article:l325,material_identity,0.0,0,0.3,coverage_0.75,119,10,0,0,0,119
l325-s5-manafi-2015,article:l325,material_identity,0.0,0,0.4,reported_point,119,13,13,0,13,119
l325-s5-manafi-2015,article:l325,material_identity,0.0,0,0.4,interval_upper,119,13,0,0,0,119
l325-s5-manafi-2015,article:l325,material_identity,0.0,0,0.4,coverage_0.5,119,13,0,0,0,119
l325-s5-manafi-2015,article:l325,material_identity,0.0,0,0.4,coverage_0.75,119,13,0,0,0,119
l325-s5-manafi-2015,article:l325,material_identity,0.0,0,0.5,reported_point,119,15,15,0,15,119
l325-s5-manafi-2015,article:l325,material_identity,0.0,0,0.5,interval_upper,119,15,0,0,0,119
l325-s5-manafi-2015,article:l325,material_identity,0.0,0,0.5,coverage_0.5,119,15,0,0,0,119
l325-s5-manafi-2015,article:l325,material_identity,0.0,0,0.5,coverage_0.75,119,15,0,0,0,119
l325-s5-manafi-2015,article:l325,experimental_protocol,0.0,0,0.1,reported_point,119,0,0,0,0,119
l325-s5-manafi-2015,article:l325,experimental_protocol,0.0,0,0.1,interval_upper,119,0,0,0,0,119
l325-s5-manafi-2015,article:l325,experimental_protocol,0.0,0,0.1,coverage_0.5,119,0,0,0,0,119
l325-s5-manafi-2015,article:l325,experimental_protocol,0.0,0,0.1,coverage_0.75,119,0,0,0,0,119
l325-s5-manafi-2015,article:l325,experimental_protocol,0.0,0,0.2,reported_point,119,0,0,0,0,119
l325-s5-manafi-2015,article:l325,experimental_protocol,0.0,0,0.2,interval_upper,119,0,0,0,0,119
l325-s5-manafi-2015,article:l325,experimental_protocol,0.0,0,0.2,coverage_0.5,119,0,0,0,0,119
l325-s5-manafi-2015,article:l325,experimental_protocol,0.0,0,0.2,coverage_0.75,119,0,0,0,0,119
l325-s5-manafi-2015,article:l325,experimental_protocol,0.0,0,0.3,reported_point,119,1,1,0,1,119
l325-s5-manafi-2015,article:l325,experimental_protocol,0.0,0,0.3,interval_upper,119,1,0,0,0,119
l325-s5-manafi-2015,article:l325,experimental_protocol,0.0,0,0.3,coverage_0.5,119,1,1,0,1,119
l325-s5-manafi-2015,article:l325,experimental_protocol,0.0,0,0.3,coverage_0.75,119,1,0,0,0,119
l325-s5-manafi-2015,article:l325,experimental_protocol,0.0,0,0.4,reported_point,119,3,3,0,3,119
l325-s5-manafi-2015,article:l325,experimental_protocol,0.0,0,0.4,interval_upper,119,3,0,0,0,119
l325-s5-manafi-2015,article:l325,experimental_protocol,0.0,0,0.4,coverage_0.5,119,3,3,0,3,119
l325-s5-manafi-2015,article:l325,experimental_protocol,0.0,0,0.4,coverage_0.75,119,3,0,0,0,119
l325-s5-manafi-2015,article:l325,experimental_protocol,0.0,0,0.5,reported_point,119,7,7,0,7,119
l325-s5-manafi-2015,article:l325,experimental_protocol,0.0,0,0.5,interval_upper,119,7,2,0,2,119
l325-s5-manafi-2015,article:l325,experimental_protocol,0.0,0,0.5,coverage_0.5,119,7,7,0,7,119
l325-s5-manafi-2015,article:l325,experimental_protocol,0.0,0,0.5,coverage_0.75,119,7,0,0,0,119
l325-s5-manafi-2015,article:l325,balanced_instance,0.0,0,0.1,reported_point,119,0,0,0,0,119
l325-s5-manafi-2015,article:l325,balanced_instance,0.0,0,0.1,interval_upper,119,0,0,0,0,119
l325-s5-manafi-2015,article:l325,balanced_instance,0.0,0,0.1,coverage_0.5,119,0,0,0,0,119
l325-s5-manafi-2015,article:l325,balanced_instance,0.0,0,0.1,coverage_0.75,119,0,0,0,0,119
l325-s5-manafi-2015,article:l325,balanced_instance,0.0,0,0.2,reported_point,119,0,0,0,0,119
l325-s5-manafi-2015,article:l325,balanced_instance,0.0,0,0.2,interval_upper,119,0,0,0,0,119
l325-s5-manafi-2015,article:l325,balanced_instance,0.0,0,0.2,coverage_0.5,119,0,0,0,0,119
l325-s5-manafi-2015,article:l325,balanced_instance,0.0,0,0.2,coverage_0.75,119,0,0,0,0,119
l325-s5-manafi-2015,article:l325,balanced_instance,0.0,0,0.3,reported_point,119,0,0,0,0,119
l325-s5-manafi-2015,article:l325,balanced_instance,0.0,0,0.3,interval_upper,119,0,0,0,0,119
l325-s5-manafi-2015,article:l325,balanced_instance,0.0,0,0.3,coverage_0.5,119,0,0,0,0,119
l325-s5-manafi-2015,article:l325,balanced_instance,0.0,0,0.3,coverage_0.75,119,0,0,0,0,119
l325-s5-manafi-2015,article:l325,balanced_instance,0.0,0,0.4,reported_point,119,3,3,0,3,119
l325-s5-manafi-2015,article:l325,balanced_instance,0.0,0,0.4,interval_upper,119,3,0,0,0,119
l325-s5-manafi-2015,article:l325,balanced_instance,0.0,0,0.4,coverage_0.5,119,3,3,0,3,119
l325-s5-manafi-2015,article:l325,balanced_instance,0.0,0,0.4,coverage_0.75,119,3,0,0,0,119
l325-s5-manafi-2015,article:l325,balanced_instance,0.0,0,0.5,reported_point,119,12,12,0,12,119
l325-s5-manafi-2015,article:l325,balanced_instance,0.0,0,0.5,interval_upper,119,12,0,0,0,119
l325-s5-manafi-2015,article:l325,balanced_instance,0.0,0,0.5,coverage_0.5,119,12,12,0,12,119
l325-s5-manafi-2015,article:l325,balanced_instance,0.0,0,0.5,coverage_0.75,119,12,0,0,0,119
l180-s3-maillard-2012,article:l180,material_identity,0.0,0,0.1,reported_point,119,1,1,0,1,119
l180-s3-maillard-2012,article:l180,material_identity,0.0,0,0.1,interval_upper,119,1,0,0,0,119
l180-s3-maillard-2012,article:l180,material_identity,0.0,0,0.1,coverage_0.5,119,1,0,0,0,119
l180-s3-maillard-2012,article:l180,material_identity,0.0,0,0.1,coverage_0.75,119,1,0,0,0,119
l180-s3-maillard-2012,article:l180,material_identity,0.0,0,0.2,reported_point,119,1,1,0,1,119
l180-s3-maillard-2012,article:l180,material_identity,0.0,0,0.2,interval_upper,119,1,0,0,0,119
l180-s3-maillard-2012,article:l180,material_identity,0.0,0,0.2,coverage_0.5,119,1,0,0,0,119
l180-s3-maillard-2012,article:l180,material_identity,0.0,0,0.2,coverage_0.75,119,1,0,0,0,119
l180-s3-maillard-2012,article:l180,material_identity,0.0,0,0.3,reported_point,119,3,3,0,3,119
l180-s3-maillard-2012,article:l180,material_identity,0.0,0,0.3,interval_upper,119,3,0,0,0,119
l180-s3-maillard-2012,article:l180,material_identity,0.0,0,0.3,coverage_0.5,119,3,0,0,0,119
l180-s3-maillard-2012,article:l180,material_identity,0.0,0,0.3,coverage_0.75,119,3,0,0,0,119
l180-s3-maillard-2012,article:l180,material_identity,0.0,0,0.4,reported_point,119,9,9,0,9,119
l180-s3-maillard-2012,article:l180,material_identity,0.0,0,0.4,interval_upper,119,9,0,0,0,119
l180-s3-maillard-2012,article:l180,material_identity,0.0,0,0.4,coverage_0.5,119,9,0,0,0,119
l180-s3-maillard-2012,article:l180,material_identity,0.0,0,0.4,coverage_0.75,119,9,0,0,0,119
l180-s3-maillard-2012,article:l180,material_identity,0.0,0,0.5,reported_point,119,15,15,0,15,119
l180-s3-maillard-2012,article:l180,material_identity,0.0,0,0.5,interval_upper,119,15,0,0,0,119
l180-s3-maillard-2012,article:l180,material_identity,0.0,0,0.5,coverage_0.5,119,15,0,0,0,119
l180-s3-maillard-2012,article:l180,material_identity,0.0,0,0.5,coverage_0.75,119,15,0,0,0,119
l180-s3-maillard-2012,article:l180,experimental_protocol,0.0,0,0.1,reported_point,119,0,0,0,0,119
l180-s3-maillard-2012,article:l180,experimental_protocol,0.0,0,0.1,interval_upper,119,0,0,0,0,119
l180-s3-maillard-2012,article:l180,experimental_protocol,0.0,0,0.1,coverage_0.5,119,0,0,0,0,119
l180-s3-maillard-2012,article:l180,experimental_protocol,0.0,0,0.1,coverage_0.75,119,0,0,0,0,119
l180-s3-maillard-2012,article:l180,experimental_protocol,0.0,0,0.2,reported_point,119,0,0,0,0,119
l180-s3-maillard-2012,article:l180,experimental_protocol,0.0,0,0.2,interval_upper,119,0,0,0,0,119
l180-s3-maillard-2012,article:l180,experimental_protocol,0.0,0,0.2,coverage_0.5,119,0,0,0,0,119
l180-s3-maillard-2012,article:l180,experimental_protocol,0.0,0,0.2,coverage_0.75,119,0,0,0,0,119
l180-s3-maillard-2012,article:l180,experimental_protocol,0.0,0,0.3,reported_point,119,1,1,0,1,119
l180-s3-maillard-2012,article:l180,experimental_protocol,0.0,0,0.3,interval_upper,119,1,0,0,0,119
l180-s3-maillard-2012,article:l180,experimental_protocol,0.0,0,0.3,coverage_0.5,119,1,1,0,1,119
l180-s3-maillard-2012,article:l180,experimental_protocol,0.0,0,0.3,coverage_0.75,119,1,0,0,0,119
l180-s3-maillard-2012,article:l180,experimental_protocol,0.0,0,0.4,reported_point,119,2,2,0,2,119
l180-s3-maillard-2012,article:l180,experimental_protocol,0.0,0,0.4,interval_upper,119,2,0,0,0,119
l180-s3-maillard-2012,article:l180,experimental_protocol,0.0,0,0.4,coverage_0.5,119,2,2,0,2,119
l180-s3-maillard-2012,article:l180,experimental_protocol,0.0,0,0.4,coverage_0.75,119,2,0,0,0,119
l180-s3-maillard-2012,article:l180,experimental_protocol,0.0,0,0.5,reported_point,119,2,2,0,2,119
l180-s3-maillard-2012,article:l180,experimental_protocol,0.0,0,0.5,interval_upper,119,2,0,0,0,119
l180-s3-maillard-2012,article:l180,experimental_protocol,0.0,0,0.5,coverage_0.5,119,2,2,0,2,119
l180-s3-maillard-2012,article:l180,experimental_protocol,0.0,0,0.5,coverage_0.75,119,2,0,0,0,119
l180-s3-maillard-2012,article:l180,balanced_instance,0.0,0,0.1,reported_point,119,0,0,0,0,119
l180-s3-maillard-2012,article:l180,balanced_instance,0.0,0,0.1,interval_upper,119,0,0,0,0,119
l180-s3-maillard-2012,article:l180,balanced_instance,0.0,0,0.1,coverage_0.5,119,0,0,0,0,119
l180-s3-maillard-2012,article:l180,balanced_instance,0.0,0,0.1,coverage_0.75,119,0,0,0,0,119
l180-s3-maillard-2012,article:l180,balanced_instance,0.0,0,0.2,reported_point,119,0,0,0,0,119
l180-s3-maillard-2012,article:l180,balanced_instance,0.0,0,0.2,interval_upper,119,0,0,0,0,119
l180-s3-maillard-2012,article:l180,balanced_instance,0.0,0,0.2,coverage_0.5,119,0,0,0,0,119
l180-s3-maillard-2012,article:l180,balanced_instance,0.0,0,0.2,coverage_0.75,119,0,0,0,0,119
l180-s3-maillard-2012,article:l180,balanced_instance,0.0,0,0.3,reported_point,119,0,0,0,0,119
l180-s3-maillard-2012,article:l180,balanced_instance,0.0,0,0.3,interval_upper,119,0,0,0,0,119
l180-s3-maillard-2012,article:l180,balanced_instance,0.0,0,0.3,coverage_0.5,119,0,0,0,0,119
l180-s3-maillard-2012,article:l180,balanced_instance,0.0,0,0.3,coverage_0.75,119,0,0,0,0,119
l180-s3-maillard-2012,article:l180,balanced_instance,0.0,0,0.4,reported_point,119,0,0,0,0,119
l180-s3-maillard-2012,article:l180,balanced_instance,0.0,0,0.4,interval_upper,119,0,0,0,0,119
l180-s3-maillard-2012,article:l180,balanced_instance,0.0,0,0.4,coverage_0.5,119,0,0,0,0,119
l180-s3-maillard-2012,article:l180,balanced_instance,0.0,0,0.4,coverage_0.75,119,0,0,0,0,119
l180-s3-maillard-2012,article:l180,balanced_instance,0.0,0,0.5,reported_point,119,5,5,0,5,119
l180-s3-maillard-2012,article:l180,balanced_instance,0.0,0,0.5,interval_upper,119,5,0,0,0,119
l180-s3-maillard-2012,article:l180,balanced_instance,0.0,0,0.5,coverage_0.5,119,5,4,0,4,119
l180-s3-maillard-2012,article:l180,balanced_instance,0.0,0,0.5,coverage_0.75,119,5,0,0,0,119
l310-s5-chatterjee-2007,article:l310,material_identity,0.0,0,0.1,reported_point,119,0,0,0,0,119
l310-s5-chatterjee-2007,article:l310,material_identity,0.0,0,0.1,interval_upper,119,0,0,0,0,119
l310-s5-chatterjee-2007,article:l310,material_identity,0.0,0,0.1,coverage_0.5,119,0,0,0,0,119
l310-s5-chatterjee-2007,article:l310,material_identity,0.0,0,0.1,coverage_0.75,119,0,0,0,0,119
l310-s5-chatterjee-2007,article:l310,material_identity,0.0,0,0.2,reported_point,119,0,0,0,0,119
l310-s5-chatterjee-2007,article:l310,material_identity,0.0,0,0.2,interval_upper,119,0,0,0,0,119
l310-s5-chatterjee-2007,article:l310,material_identity,0.0,0,0.2,coverage_0.5,119,0,0,0,0,119
l310-s5-chatterjee-2007,article:l310,material_identity,0.0,0,0.2,coverage_0.75,119,0,0,0,0,119
l310-s5-chatterjee-2007,article:l310,material_identity,0.0,0,0.3,reported_point,119,5,5,0,5,119
l310-s5-chatterjee-2007,article:l310,material_identity,0.0,0,0.3,interval_upper,119,5,0,0,0,119
l310-s5-chatterjee-2007,article:l310,material_identity,0.0,0,0.3,coverage_0.5,119,5,0,0,0,119
l310-s5-chatterjee-2007,article:l310,material_identity,0.0,0,0.3,coverage_0.75,119,5,0,0,0,119
l310-s5-chatterjee-2007,article:l310,material_identity,0.0,0,0.4,reported_point,119,11,11,0,11,119
l310-s5-chatterjee-2007,article:l310,material_identity,0.0,0,0.4,interval_upper,119,11,0,0,0,119
l310-s5-chatterjee-2007,article:l310,material_identity,0.0,0,0.4,coverage_0.5,119,11,0,0,0,119
l310-s5-chatterjee-2007,article:l310,material_identity,0.0,0,0.4,coverage_0.75,119,11,0,0,0,119
l310-s5-chatterjee-2007,article:l310,material_identity,0.0,0,0.5,reported_point,119,25,25,0,25,119
l310-s5-chatterjee-2007,article:l310,material_identity,0.0,0,0.5,interval_upper,119,25,0,0,0,119
l310-s5-chatterjee-2007,article:l310,material_identity,0.0,0,0.5,coverage_0.5,119,25,0,0,0,119
l310-s5-chatterjee-2007,article:l310,material_identity,0.0,0,0.5,coverage_0.75,119,25,0,0,0,119
l310-s5-chatterjee-2007,article:l310,experimental_protocol,0.0,0,0.1,reported_point,119,0,0,0,0,119
l310-s5-chatterjee-2007,article:l310,experimental_protocol,0.0,0,0.1,interval_upper,119,0,0,0,0,119
l310-s5-chatterjee-2007,article:l310,experimental_protocol,0.0,0,0.1,coverage_0.5,119,0,0,0,0,119
l310-s5-chatterjee-2007,article:l310,experimental_protocol,0.0,0,0.1,coverage_0.75,119,0,0,0,0,119
l310-s5-chatterjee-2007,article:l310,experimental_protocol,0.0,0,0.2,reported_point,119,0,0,0,0,119
l310-s5-chatterjee-2007,article:l310,experimental_protocol,0.0,0,0.2,interval_upper,119,0,0,0,0,119
l310-s5-chatterjee-2007,article:l310,experimental_protocol,0.0,0,0.2,coverage_0.5,119,0,0,0,0,119
l310-s5-chatterjee-2007,article:l310,experimental_protocol,0.0,0,0.2,coverage_0.75,119,0,0,0,0,119
l310-s5-chatterjee-2007,article:l310,experimental_protocol,0.0,0,0.3,reported_point,119,0,0,0,0,119
l310-s5-chatterjee-2007,article:l310,experimental_protocol,0.0,0,0.3,interval_upper,119,0,0,0,0,119
l310-s5-chatterjee-2007,article:l310,experimental_protocol,0.0,0,0.3,coverage_0.5,119,0,0,0,0,119
l310-s5-chatterjee-2007,article:l310,experimental_protocol,0.0,0,0.3,coverage_0.75,119,0,0,0,0,119
l310-s5-chatterjee-2007,article:l310,experimental_protocol,0.0,0,0.4,reported_point,119,2,2,0,2,119
l310-s5-chatterjee-2007,article:l310,experimental_protocol,0.0,0,0.4,interval_upper,119,2,0,0,0,119
l310-s5-chatterjee-2007,article:l310,experimental_protocol,0.0,0,0.4,coverage_0.5,119,2,2,0,2,119
l310-s5-chatterjee-2007,article:l310,experimental_protocol,0.0,0,0.4,coverage_0.75,119,2,0,0,0,119
l310-s5-chatterjee-2007,article:l310,experimental_protocol,0.0,0,0.5,reported_point,119,7,7,0,7,119
l310-s5-chatterjee-2007,article:l310,experimental_protocol,0.0,0,0.5,interval_upper,119,7,2,0,2,119
l310-s5-chatterjee-2007,article:l310,experimental_protocol,0.0,0,0.5,coverage_0.5,119,7,7,0,7,119
l310-s5-chatterjee-2007,article:l310,experimental_protocol,0.0,0,0.5,coverage_0.75,119,7,0,0,0,119
l310-s5-chatterjee-2007,article:l310,balanced_instance,0.0,0,0.1,reported_point,119,0,0,0,0,119
l310-s5-chatterjee-2007,article:l310,balanced_instance,0.0,0,0.1,interval_upper,119,0,0,0,0,119
l310-s5-chatterjee-2007,article:l310,balanced_instance,0.0,0,0.1,coverage_0.5,119,0,0,0,0,119
l310-s5-chatterjee-2007,article:l310,balanced_instance,0.0,0,0.1,coverage_0.75,119,0,0,0,0,119
l310-s5-chatterjee-2007,article:l310,balanced_instance,0.0,0,0.2,reported_point,119,0,0,0,0,119
l310-s5-chatterjee-2007,article:l310,balanced_instance,0.0,0,0.2,interval_upper,119,0,0,0,0,119
l310-s5-chatterjee-2007,article:l310,balanced_instance,0.0,0,0.2,coverage_0.5,119,0,0,0,0,119
l310-s5-chatterjee-2007,article:l310,balanced_instance,0.0,0,0.2,coverage_0.75,119,0,0,0,0,119
l310-s5-chatterjee-2007,article:l310,balanced_instance,0.0,0,0.3,reported_point,119,0,0,0,0,119
l310-s5-chatterjee-2007,article:l310,balanced_instance,0.0,0,0.3,interval_upper,119,0,0,0,0,119
l310-s5-chatterjee-2007,article:l310,balanced_instance,0.0,0,0.3,coverage_0.5,119,0,0,0,0,119
l310-s5-chatterjee-2007,article:l310,balanced_instance,0.0,0,0.3,coverage_0.75,119,0,0,0,0,119
l310-s5-chatterjee-2007,article:l310,balanced_instance,0.0,0,0.4,reported_point,119,2,2,0,2,119
l310-s5-chatterjee-2007,article:l310,balanced_instance,0.0,0,0.4,interval_upper,119,2,0,0,0,119
l310-s5-chatterjee-2007,article:l310,balanced_instance,0.0,0,0.4,coverage_0.5,119,2,2,0,2,119
l310-s5-chatterjee-2007,article:l310,balanced_instance,0.0,0,0.4,coverage_0.75,119,2,0,0,0,119
l310-s5-chatterjee-2007,article:l310,balanced_instance,0.0,0,0.5,reported_point,119,15,15,0,15,119
l310-s5-chatterjee-2007,article:l310,balanced_instance,0.0,0,0.5,interval_upper,119,15,0,0,0,119
l310-s5-chatterjee-2007,article:l310,balanced_instance,0.0,0,0.5,coverage_0.5,119,15,12,0,12,119
l310-s5-chatterjee-2007,article:l310,balanced_instance,0.0,0,0.5,coverage_0.75,119,15,0,0,0,119
l413-s3-botta-2018,article:l413,material_identity,0.0,0,0.1,reported_point,119,0,0,0,0,119
l413-s3-botta-2018,article:l413,material_identity,0.0,0,0.1,interval_upper,119,0,0,0,0,119
l413-s3-botta-2018,article:l413,material_identity,0.0,0,0.1,coverage_0.5,119,0,0,0,0,119
l413-s3-botta-2018,article:l413,material_identity,0.0,0,0.1,coverage_0.75,119,0,0,0,0,119
l413-s3-botta-2018,article:l413,material_identity,0.0,0,0.2,reported_point,119,0,0,0,0,119
l413-s3-botta-2018,article:l413,material_identity,0.0,0,0.2,interval_upper,119,0,0,0,0,119
l413-s3-botta-2018,article:l413,material_identity,0.0,0,0.2,coverage_0.5,119,0,0,0,0,119
l413-s3-botta-2018,article:l413,material_identity,0.0,0,0.2,coverage_0.75,119,0,0,0,0,119
l413-s3-botta-2018,article:l413,material_identity,0.0,0,0.3,reported_point,119,0,0,0,0,119
l413-s3-botta-2018,article:l413,material_identity,0.0,0,0.3,interval_upper,119,0,0,0,0,119
l413-s3-botta-2018,article:l413,material_identity,0.0,0,0.3,coverage_0.5,119,0,0,0,0,119
l413-s3-botta-2018,article:l413,material_identity,0.0,0,0.3,coverage_0.75,119,0,0,0,0,119
l413-s3-botta-2018,article:l413,material_identity,0.0,0,0.4,reported_point,119,0,0,0,0,119
l413-s3-botta-2018,article:l413,material_identity,0.0,0,0.4,interval_upper,119,0,0,0,0,119
l413-s3-botta-2018,article:l413,material_identity,0.0,0,0.4,coverage_0.5,119,0,0,0,0,119
l413-s3-botta-2018,article:l413,material_identity,0.0,0,0.4,coverage_0.75,119,0,0,0,0,119
l413-s3-botta-2018,article:l413,material_identity,0.0,0,0.5,reported_point,119,0,0,0,0,119
l413-s3-botta-2018,article:l413,material_identity,0.0,0,0.5,interval_upper,119,0,0,0,0,119
l413-s3-botta-2018,article:l413,material_identity,0.0,0,0.5,coverage_0.5,119,0,0,0,0,119
l413-s3-botta-2018,article:l413,material_identity,0.0,0,0.5,coverage_0.75,119,0,0,0,0,119
l413-s3-botta-2018,article:l413,experimental_protocol,0.0,0,0.1,reported_point,119,0,0,0,0,119
l413-s3-botta-2018,article:l413,experimental_protocol,0.0,0,0.1,interval_upper,119,0,0,0,0,119
l413-s3-botta-2018,article:l413,experimental_protocol,0.0,0,0.1,coverage_0.5,119,0,0,0,0,119
l413-s3-botta-2018,article:l413,experimental_protocol,0.0,0,0.1,coverage_0.75,119,0,0,0,0,119
l413-s3-botta-2018,article:l413,experimental_protocol,0.0,0,0.2,reported_point,119,0,0,0,0,119
l413-s3-botta-2018,article:l413,experimental_protocol,0.0,0,0.2,interval_upper,119,0,0,0,0,119
l413-s3-botta-2018,article:l413,experimental_protocol,0.0,0,0.2,coverage_0.5,119,0,0,0,0,119
l413-s3-botta-2018,article:l413,experimental_protocol,0.0,0,0.2,coverage_0.75,119,0,0,0,0,119
l413-s3-botta-2018,article:l413,experimental_protocol,0.0,0,0.3,reported_point,119,0,0,0,0,119
l413-s3-botta-2018,article:l413,experimental_protocol,0.0,0,0.3,interval_upper,119,0,0,0,0,119
l413-s3-botta-2018,article:l413,experimental_protocol,0.0,0,0.3,coverage_0.5,119,0,0,0,0,119
l413-s3-botta-2018,article:l413,experimental_protocol,0.0,0,0.3,coverage_0.75,119,0,0,0,0,119
l413-s3-botta-2018,article:l413,experimental_protocol,0.0,0,0.4,reported_point,119,0,0,0,0,119
l413-s3-botta-2018,article:l413,experimental_protocol,0.0,0,0.4,interval_upper,119,0,0,0,0,119
l413-s3-botta-2018,article:l413,experimental_protocol,0.0,0,0.4,coverage_0.5,119,0,0,0,0,119
l413-s3-botta-2018,article:l413,experimental_protocol,0.0,0,0.4,coverage_0.75,119,0,0,0,0,119
l413-s3-botta-2018,article:l413,experimental_protocol,0.0,0,0.5,reported_point,119,0,0,0,0,119
l413-s3-botta-2018,article:l413,experimental_protocol,0.0,0,0.5,interval_upper,119,0,0,0,0,119
l413-s3-botta-2018,article:l413,experimental_protocol,0.0,0,0.5,coverage_0.5,119,0,0,0,0,119
l413-s3-botta-2018,article:l413,experimental_protocol,0.0,0,0.5,coverage_0.75,119,0,0,0,0,119
l413-s3-botta-2018,article:l413,balanced_instance,0.0,0,0.1,reported_point,119,0,0,0,0,119
l413-s3-botta-2018,article:l413,balanced_instance,0.0,0,0.1,interval_upper,119,0,0,0,0,119
l413-s3-botta-2018,article:l413,balanced_instance,0.0,0,0.1,coverage_0.5,119,0,0,0,0,119
l413-s3-botta-2018,article:l413,balanced_instance,0.0,0,0.1,coverage_0.75,119,0,0,0,0,119
l413-s3-botta-2018,article:l413,balanced_instance,0.0,0,0.2,reported_point,119,0,0,0,0,119
l413-s3-botta-2018,article:l413,balanced_instance,0.0,0,0.2,interval_upper,119,0,0,0,0,119
l413-s3-botta-2018,article:l413,balanced_instance,0.0,0,0.2,coverage_0.5,119,0,0,0,0,119
l413-s3-botta-2018,article:l413,balanced_instance,0.0,0,0.2,coverage_0.75,119,0,0,0,0,119
l413-s3-botta-2018,article:l413,balanced_instance,0.0,0,0.3,reported_point,119,0,0,0,0,119
l413-s3-botta-2018,article:l413,balanced_instance,0.0,0,0.3,interval_upper,119,0,0,0,0,119
l413-s3-botta-2018,article:l413,balanced_instance,0.0,0,0.3,coverage_0.5,119,0,0,0,0,119
l413-s3-botta-2018,article:l413,balanced_instance,0.0,0,0.3,coverage_0.75,119,0,0,0,0,119
l413-s3-botta-2018,article:l413,balanced_instance,0.0,0,0.4,reported_point,119,0,0,0,0,119
l413-s3-botta-2018,article:l413,balanced_instance,0.0,0,0.4,interval_upper,119,0,0,0,0,119
l413-s3-botta-2018,article:l413,balanced_instance,0.0,0,0.4,coverage_0.5,119,0,0,0,0,119
l413-s3-botta-2018,article:l413,balanced_instance,0.0,0,0.4,coverage_0.75,119,0,0,0,0,119
l413-s3-botta-2018,article:l413,balanced_instance,0.0,0,0.5,reported_point,119,0,0,0,0,119
l413-s3-botta-2018,article:l413,balanced_instance,0.0,0,0.5,interval_upper,119,0,0,0,0,119
l413-s3-botta-2018,article:l413,balanced_instance,0.0,0,0.5,coverage_0.5,119,0,0,0,0,119
l413-s3-botta-2018,article:l413,balanced_instance,0.0,0,0.5,coverage_0.75,119,0,0,0,0,119
l375-s4-rishi-2018,article:l375,material_identity,0.0,0,0.1,reported_point,118,0,0,0,0,118
l375-s4-rishi-2018,article:l375,material_identity,0.0,0,0.1,interval_upper,118,0,0,0,0,118
l375-s4-rishi-2018,article:l375,material_identity,0.0,0,0.1,coverage_0.5,118,0,0,0,0,118
l375-s4-rishi-2018,article:l375,material_identity,0.0,0,0.1,coverage_0.75,118,0,0,0,0,118
l375-s4-rishi-2018,article:l375,material_identity,0.0,0,0.2,reported_point,118,0,0,0,0,118
l375-s4-rishi-2018,article:l375,material_identity,0.0,0,0.2,interval_upper,118,0,0,0,0,118
l375-s4-rishi-2018,article:l375,material_identity,0.0,0,0.2,coverage_0.5,118,0,0,0,0,118
l375-s4-rishi-2018,article:l375,material_identity,0.0,0,0.2,coverage_0.75,118,0,0,0,0,118
l375-s4-rishi-2018,article:l375,material_identity,0.0,0,0.3,reported_point,118,0,0,0,0,118
l375-s4-rishi-2018,article:l375,material_identity,0.0,0,0.3,interval_upper,118,0,0,0,0,118
l375-s4-rishi-2018,article:l375,material_identity,0.0,0,0.3,coverage_0.5,118,0,0,0,0,118
l375-s4-rishi-2018,article:l375,material_identity,0.0,0,0.3,coverage_0.75,118,0,0,0,0,118
l375-s4-rishi-2018,article:l375,material_identity,0.0,0,0.4,reported_point,118,0,0,0,0,118
l375-s4-rishi-2018,article:l375,material_identity,0.0,0,0.4,interval_upper,118,0,0,0,0,118
l375-s4-rishi-2018,article:l375,material_identity,0.0,0,0.4,coverage_0.5,118,0,0,0,0,118
l375-s4-rishi-2018,article:l375,material_identity,0.0,0,0.4,coverage_0.75,118,0,0,0,0,118
l375-s4-rishi-2018,article:l375,material_identity,0.0,0,0.5,reported_point,118,0,0,0,0,118
l375-s4-rishi-2018,article:l375,material_identity,0.0,0,0.5,interval_upper,118,0,0,0,0,118
l375-s4-rishi-2018,article:l375,material_identity,0.0,0,0.5,coverage_0.5,118,0,0,0,0,118
l375-s4-rishi-2018,article:l375,material_identity,0.0,0,0.5,coverage_0.75,118,0,0,0,0,118
l375-s4-rishi-2018,article:l375,experimental_protocol,0.0,0,0.1,reported_point,118,0,0,0,0,118
l375-s4-rishi-2018,article:l375,experimental_protocol,0.0,0,0.1,interval_upper,118,0,0,0,0,118
l375-s4-rishi-2018,article:l375,experimental_protocol,0.0,0,0.1,coverage_0.5,118,0,0,0,0,118
l375-s4-rishi-2018,article:l375,experimental_protocol,0.0,0,0.1,coverage_0.75,118,0,0,0,0,118
l375-s4-rishi-2018,article:l375,experimental_protocol,0.0,0,0.2,reported_point,118,1,1,0,1,118
l375-s4-rishi-2018,article:l375,experimental_protocol,0.0,0,0.2,interval_upper,118,1,0,0,0,118
l375-s4-rishi-2018,article:l375,experimental_protocol,0.0,0,0.2,coverage_0.5,118,1,1,0,1,118
l375-s4-rishi-2018,article:l375,experimental_protocol,0.0,0,0.2,coverage_0.75,118,1,1,0,1,118
l375-s4-rishi-2018,article:l375,experimental_protocol,0.0,0,0.3,reported_point,118,3,3,0,3,118
l375-s4-rishi-2018,article:l375,experimental_protocol,0.0,0,0.3,interval_upper,118,3,2,0,2,118
l375-s4-rishi-2018,article:l375,experimental_protocol,0.0,0,0.3,coverage_0.5,118,3,3,0,3,118
l375-s4-rishi-2018,article:l375,experimental_protocol,0.0,0,0.3,coverage_0.75,118,3,2,0,2,118
l375-s4-rishi-2018,article:l375,experimental_protocol,0.0,0,0.4,reported_point,118,6,6,0,6,118
l375-s4-rishi-2018,article:l375,experimental_protocol,0.0,0,0.4,interval_upper,118,6,2,0,2,118
l375-s4-rishi-2018,article:l375,experimental_protocol,0.0,0,0.4,coverage_0.5,118,6,6,0,6,118
l375-s4-rishi-2018,article:l375,experimental_protocol,0.0,0,0.4,coverage_0.75,118,6,2,0,2,118
l375-s4-rishi-2018,article:l375,experimental_protocol,0.0,0,0.5,reported_point,118,13,13,0,13,118
l375-s4-rishi-2018,article:l375,experimental_protocol,0.0,0,0.5,interval_upper,118,13,4,0,4,118
l375-s4-rishi-2018,article:l375,experimental_protocol,0.0,0,0.5,coverage_0.5,118,13,13,0,13,118
l375-s4-rishi-2018,article:l375,experimental_protocol,0.0,0,0.5,coverage_0.75,118,13,3,0,3,118
l375-s4-rishi-2018,article:l375,balanced_instance,0.0,0,0.1,reported_point,118,0,0,0,0,118
l375-s4-rishi-2018,article:l375,balanced_instance,0.0,0,0.1,interval_upper,118,0,0,0,0,118
l375-s4-rishi-2018,article:l375,balanced_instance,0.0,0,0.1,coverage_0.5,118,0,0,0,0,118
l375-s4-rishi-2018,article:l375,balanced_instance,0.0,0,0.1,coverage_0.75,118,0,0,0,0,118
l375-s4-rishi-2018,article:l375,balanced_instance,0.0,0,0.2,reported_point,118,0,0,0,0,118
l375-s4-rishi-2018,article:l375,balanced_instance,0.0,0,0.2,interval_upper,118,0,0,0,0,118
l375-s4-rishi-2018,article:l375,balanced_instance,0.0,0,0.2,coverage_0.5,118,0,0,0,0,118
l375-s4-rishi-2018,article:l375,balanced_instance,0.0,0,0.2,coverage_0.75,118,0,0,0,0,118
l375-s4-rishi-2018,article:l375,balanced_instance,0.0,0,0.3,reported_point,118,1,1,0,1,118
l375-s4-rishi-2018,article:l375,balanced_instance,0.0,0,0.3,interval_upper,118,1,0,0,0,118
l375-s4-rishi-2018,article:l375,balanced_instance,0.0,0,0.3,coverage_0.5,118,1,1,0,1,118
l375-s4-rishi-2018,article:l375,balanced_instance,0.0,0,0.3,coverage_0.75,118,1,0,0,0,118
l375-s4-rishi-2018,article:l375,balanced_instance,0.0,0,0.4,reported_point,118,3,3,0,3,118
l375-s4-rishi-2018,article:l375,balanced_instance,0.0,0,0.4,interval_upper,118,3,0,0,0,118
l375-s4-rishi-2018,article:l375,balanced_instance,0.0,0,0.4,coverage_0.5,118,3,2,0,2,118
l375-s4-rishi-2018,article:l375,balanced_instance,0.0,0,0.4,coverage_0.75,118,3,0,0,0,118
l375-s4-rishi-2018,article:l375,balanced_instance,0.0,0,0.5,reported_point,118,8,8,0,8,118
l375-s4-rishi-2018,article:l375,balanced_instance,0.0,0,0.5,interval_upper,118,8,0,0,0,118
l375-s4-rishi-2018,article:l375,balanced_instance,0.0,0,0.5,coverage_0.5,118,8,6,0,6,118
l375-s4-rishi-2018,article:l375,balanced_instance,0.0,0,0.5,coverage_0.75,118,8,0,0,0,118
l252-s3-ameli-2014,article:l252,material_identity,0.0,0,0.1,reported_point,119,0,0,0,0,119
l252-s3-ameli-2014,article:l252,material_identity,0.0,0,0.1,interval_upper,119,0,0,0,0,119
l252-s3-ameli-2014,article:l252,material_identity,0.0,0,0.1,coverage_0.5,119,0,0,0,0,119
l252-s3-ameli-2014,article:l252,material_identity,0.0,0,0.1,coverage_0.75,119,0,0,0,0,119
l252-s3-ameli-2014,article:l252,material_identity,0.0,0,0.2,reported_point,119,0,0,0,0,119
l252-s3-ameli-2014,article:l252,material_identity,0.0,0,0.2,interval_upper,119,0,0,0,0,119
l252-s3-ameli-2014,article:l252,material_identity,0.0,0,0.2,coverage_0.5,119,0,0,0,0,119
l252-s3-ameli-2014,article:l252,material_identity,0.0,0,0.2,coverage_0.75,119,0,0,0,0,119
l252-s3-ameli-2014,article:l252,material_identity,0.0,0,0.3,reported_point,119,8,8,0,8,119
l252-s3-ameli-2014,article:l252,material_identity,0.0,0,0.3,interval_upper,119,8,0,0,0,119
l252-s3-ameli-2014,article:l252,material_identity,0.0,0,0.3,coverage_0.5,119,8,0,0,0,119
l252-s3-ameli-2014,article:l252,material_identity,0.0,0,0.3,coverage_0.75,119,8,0,0,0,119
l252-s3-ameli-2014,article:l252,material_identity,0.0,0,0.4,reported_point,119,9,9,0,9,119
l252-s3-ameli-2014,article:l252,material_identity,0.0,0,0.4,interval_upper,119,9,0,0,0,119
l252-s3-ameli-2014,article:l252,material_identity,0.0,0,0.4,coverage_0.5,119,9,0,0,0,119
l252-s3-ameli-2014,article:l252,material_identity,0.0,0,0.4,coverage_0.75,119,9,0,0,0,119
l252-s3-ameli-2014,article:l252,material_identity,0.0,0,0.5,reported_point,119,10,10,0,10,119
l252-s3-ameli-2014,article:l252,material_identity,0.0,0,0.5,interval_upper,119,10,0,0,0,119
l252-s3-ameli-2014,article:l252,material_identity,0.0,0,0.5,coverage_0.5,119,10,0,0,0,119
l252-s3-ameli-2014,article:l252,material_identity,0.0,0,0.5,coverage_0.75,119,10,0,0,0,119
l252-s3-ameli-2014,article:l252,experimental_protocol,0.0,0,0.1,reported_point,119,0,0,0,0,119
l252-s3-ameli-2014,article:l252,experimental_protocol,0.0,0,0.1,interval_upper,119,0,0,0,0,119
l252-s3-ameli-2014,article:l252,experimental_protocol,0.0,0,0.1,coverage_0.5,119,0,0,0,0,119
l252-s3-ameli-2014,article:l252,experimental_protocol,0.0,0,0.1,coverage_0.75,119,0,0,0,0,119
l252-s3-ameli-2014,article:l252,experimental_protocol,0.0,0,0.2,reported_point,119,1,1,0,1,119
l252-s3-ameli-2014,article:l252,experimental_protocol,0.0,0,0.2,interval_upper,119,1,0,0,0,119
l252-s3-ameli-2014,article:l252,experimental_protocol,0.0,0,0.2,coverage_0.5,119,1,1,0,1,119
l252-s3-ameli-2014,article:l252,experimental_protocol,0.0,0,0.2,coverage_0.75,119,1,0,0,0,119
l252-s3-ameli-2014,article:l252,experimental_protocol,0.0,0,0.3,reported_point,119,1,1,0,1,119
l252-s3-ameli-2014,article:l252,experimental_protocol,0.0,0,0.3,interval_upper,119,1,0,0,0,119
l252-s3-ameli-2014,article:l252,experimental_protocol,0.0,0,0.3,coverage_0.5,119,1,1,0,1,119
l252-s3-ameli-2014,article:l252,experimental_protocol,0.0,0,0.3,coverage_0.75,119,1,0,0,0,119
l252-s3-ameli-2014,article:l252,experimental_protocol,0.0,0,0.4,reported_point,119,1,1,0,1,119
l252-s3-ameli-2014,article:l252,experimental_protocol,0.0,0,0.4,interval_upper,119,1,1,0,1,119
l252-s3-ameli-2014,article:l252,experimental_protocol,0.0,0,0.4,coverage_0.5,119,1,1,0,1,119
l252-s3-ameli-2014,article:l252,experimental_protocol,0.0,0,0.4,coverage_0.75,119,1,0,0,0,119
l252-s3-ameli-2014,article:l252,experimental_protocol,0.0,0,0.5,reported_point,119,1,1,0,1,119
l252-s3-ameli-2014,article:l252,experimental_protocol,0.0,0,0.5,interval_upper,119,1,1,0,1,119
l252-s3-ameli-2014,article:l252,experimental_protocol,0.0,0,0.5,coverage_0.5,119,1,1,0,1,119
l252-s3-ameli-2014,article:l252,experimental_protocol,0.0,0,0.5,coverage_0.75,119,1,0,0,0,119
l252-s3-ameli-2014,article:l252,balanced_instance,0.0,0,0.1,reported_point,119,0,0,0,0,119
l252-s3-ameli-2014,article:l252,balanced_instance,0.0,0,0.1,interval_upper,119,0,0,0,0,119
l252-s3-ameli-2014,article:l252,balanced_instance,0.0,0,0.1,coverage_0.5,119,0,0,0,0,119
l252-s3-ameli-2014,article:l252,balanced_instance,0.0,0,0.1,coverage_0.75,119,0,0,0,0,119
l252-s3-ameli-2014,article:l252,balanced_instance,0.0,0,0.2,reported_point,119,1,1,0,1,119
l252-s3-ameli-2014,article:l252,balanced_instance,0.0,0,0.2,interval_upper,119,1,0,0,0,119
l252-s3-ameli-2014,article:l252,balanced_instance,0.0,0,0.2,coverage_0.5,119,1,1,0,1,119
l252-s3-ameli-2014,article:l252,balanced_instance,0.0,0,0.2,coverage_0.75,119,1,0,0,0,119
l252-s3-ameli-2014,article:l252,balanced_instance,0.0,0,0.3,reported_point,119,1,1,0,1,119
l252-s3-ameli-2014,article:l252,balanced_instance,0.0,0,0.3,interval_upper,119,1,0,0,0,119
l252-s3-ameli-2014,article:l252,balanced_instance,0.0,0,0.3,coverage_0.5,119,1,1,0,1,119
l252-s3-ameli-2014,article:l252,balanced_instance,0.0,0,0.3,coverage_0.75,119,1,0,0,0,119
l252-s3-ameli-2014,article:l252,balanced_instance,0.0,0,0.4,reported_point,119,1,1,0,1,119
l252-s3-ameli-2014,article:l252,balanced_instance,0.0,0,0.4,interval_upper,119,1,0,0,0,119
l252-s3-ameli-2014,article:l252,balanced_instance,0.0,0,0.4,coverage_0.5,119,1,1,0,1,119
l252-s3-ameli-2014,article:l252,balanced_instance,0.0,0,0.4,coverage_0.75,119,1,0,0,0,119
l252-s3-ameli-2014,article:l252,balanced_instance,0.0,0,0.5,reported_point,119,1,1,0,1,119
l252-s3-ameli-2014,article:l252,balanced_instance,0.0,0,0.5,interval_upper,119,1,0,0,0,119
l252-s3-ameli-2014,article:l252,balanced_instance,0.0,0,0.5,coverage_0.5,119,1,1,0,1,119
l252-s3-ameli-2014,article:l252,balanced_instance,0.0,0,0.5,coverage_0.75,119,1,0,0,0,119
l154-s3-eitan-2005,article:l154,material_identity,0.0,0,0.1,reported_point,119,0,0,0,0,119
l154-s3-eitan-2005,article:l154,material_identity,0.0,0,0.1,interval_upper,119,0,0,0,0,119
l154-s3-eitan-2005,article:l154,material_identity,0.0,0,0.1,coverage_0.5,119,0,0,0,0,119
l154-s3-eitan-2005,article:l154,material_identity,0.0,0,0.1,coverage_0.75,119,0,0,0,0,119
l154-s3-eitan-2005,article:l154,material_identity,0.0,0,0.2,reported_point,119,1,1,0,1,119
l154-s3-eitan-2005,article:l154,material_identity,0.0,0,0.2,interval_upper,119,1,0,0,0,119
l154-s3-eitan-2005,article:l154,material_identity,0.0,0,0.2,coverage_0.5,119,1,0,0,0,119
l154-s3-eitan-2005,article:l154,material_identity,0.0,0,0.2,coverage_0.75,119,1,0,0,0,119
l154-s3-eitan-2005,article:l154,material_identity,0.0,0,0.3,reported_point,119,1,1,0,1,119
l154-s3-eitan-2005,article:l154,material_identity,0.0,0,0.3,interval_upper,119,1,0,0,0,119
l154-s3-eitan-2005,article:l154,material_identity,0.0,0,0.3,coverage_0.5,119,1,0,0,0,119
l154-s3-eitan-2005,article:l154,material_identity,0.0,0,0.3,coverage_0.75,119,1,0,0,0,119
l154-s3-eitan-2005,article:l154,material_identity,0.0,0,0.4,reported_point,119,6,6,0,6,119
l154-s3-eitan-2005,article:l154,material_identity,0.0,0,0.4,interval_upper,119,6,0,0,0,119
l154-s3-eitan-2005,article:l154,material_identity,0.0,0,0.4,coverage_0.5,119,6,0,0,0,119
l154-s3-eitan-2005,article:l154,material_identity,0.0,0,0.4,coverage_0.75,119,6,0,0,0,119
l154-s3-eitan-2005,article:l154,material_identity,0.0,0,0.5,reported_point,119,7,7,0,7,119
l154-s3-eitan-2005,article:l154,material_identity,0.0,0,0.5,interval_upper,119,7,0,0,0,119
l154-s3-eitan-2005,article:l154,material_identity,0.0,0,0.5,coverage_0.5,119,7,0,0,0,119
l154-s3-eitan-2005,article:l154,material_identity,0.0,0,0.5,coverage_0.75,119,7,0,0,0,119
l154-s3-eitan-2005,article:l154,experimental_protocol,0.0,0,0.1,reported_point,119,0,0,0,0,119
l154-s3-eitan-2005,article:l154,experimental_protocol,0.0,0,0.1,interval_upper,119,0,0,0,0,119
l154-s3-eitan-2005,article:l154,experimental_protocol,0.0,0,0.1,coverage_0.5,119,0,0,0,0,119
l154-s3-eitan-2005,article:l154,experimental_protocol,0.0,0,0.1,coverage_0.75,119,0,0,0,0,119
l154-s3-eitan-2005,article:l154,experimental_protocol,0.0,0,0.2,reported_point,119,0,0,0,0,119
l154-s3-eitan-2005,article:l154,experimental_protocol,0.0,0,0.2,interval_upper,119,0,0,0,0,119
l154-s3-eitan-2005,article:l154,experimental_protocol,0.0,0,0.2,coverage_0.5,119,0,0,0,0,119
l154-s3-eitan-2005,article:l154,experimental_protocol,0.0,0,0.2,coverage_0.75,119,0,0,0,0,119
l154-s3-eitan-2005,article:l154,experimental_protocol,0.0,0,0.3,reported_point,119,0,0,0,0,119
l154-s3-eitan-2005,article:l154,experimental_protocol,0.0,0,0.3,interval_upper,119,0,0,0,0,119
l154-s3-eitan-2005,article:l154,experimental_protocol,0.0,0,0.3,coverage_0.5,119,0,0,0,0,119
l154-s3-eitan-2005,article:l154,experimental_protocol,0.0,0,0.3,coverage_0.75,119,0,0,0,0,119
l154-s3-eitan-2005,article:l154,experimental_protocol,0.0,0,0.4,reported_point,119,0,0,0,0,119
l154-s3-eitan-2005,article:l154,experimental_protocol,0.0,0,0.4,interval_upper,119,0,0,0,0,119
l154-s3-eitan-2005,article:l154,experimental_protocol,0.0,0,0.4,coverage_0.5,119,0,0,0,0,119
l154-s3-eitan-2005,article:l154,experimental_protocol,0.0,0,0.4,coverage_0.75,119,0,0,0,0,119
l154-s3-eitan-2005,article:l154,experimental_protocol,0.0,0,0.5,reported_point,119,3,3,0,3,119
l154-s3-eitan-2005,article:l154,experimental_protocol,0.0,0,0.5,interval_upper,119,3,0,0,0,119
l154-s3-eitan-2005,article:l154,experimental_protocol,0.0,0,0.5,coverage_0.5,119,3,3,0,3,119
l154-s3-eitan-2005,article:l154,experimental_protocol,0.0,0,0.5,coverage_0.75,119,3,0,0,0,119
l154-s3-eitan-2005,article:l154,balanced_instance,0.0,0,0.1,reported_point,119,0,0,0,0,119
l154-s3-eitan-2005,article:l154,balanced_instance,0.0,0,0.1,interval_upper,119,0,0,0,0,119
l154-s3-eitan-2005,article:l154,balanced_instance,0.0,0,0.1,coverage_0.5,119,0,0,0,0,119
l154-s3-eitan-2005,article:l154,balanced_instance,0.0,0,0.1,coverage_0.75,119,0,0,0,0,119
l154-s3-eitan-2005,article:l154,balanced_instance,0.0,0,0.2,reported_point,119,0,0,0,0,119
l154-s3-eitan-2005,article:l154,balanced_instance,0.0,0,0.2,interval_upper,119,0,0,0,0,119
l154-s3-eitan-2005,article:l154,balanced_instance,0.0,0,0.2,coverage_0.5,119,0,0,0,0,119
l154-s3-eitan-2005,article:l154,balanced_instance,0.0,0,0.2,coverage_0.75,119,0,0,0,0,119
l154-s3-eitan-2005,article:l154,balanced_instance,0.0,0,0.3,reported_point,119,0,0,0,0,119
l154-s3-eitan-2005,article:l154,balanced_instance,0.0,0,0.3,interval_upper,119,0,0,0,0,119
l154-s3-eitan-2005,article:l154,balanced_instance,0.0,0,0.3,coverage_0.5,119,0,0,0,0,119
l154-s3-eitan-2005,article:l154,balanced_instance,0.0,0,0.3,coverage_0.75,119,0,0,0,0,119
l154-s3-eitan-2005,article:l154,balanced_instance,0.0,0,0.4,reported_point,119,0,0,0,0,119
l154-s3-eitan-2005,article:l154,balanced_instance,0.0,0,0.4,interval_upper,119,0,0,0,0,119
l154-s3-eitan-2005,article:l154,balanced_instance,0.0,0,0.4,coverage_0.5,119,0,0,0,0,119
l154-s3-eitan-2005,article:l154,balanced_instance,0.0,0,0.4,coverage_0.75,119,0,0,0,0,119
l154-s3-eitan-2005,article:l154,balanced_instance,0.0,0,0.5,reported_point,119,2,2,0,2,119
l154-s3-eitan-2005,article:l154,balanced_instance,0.0,0,0.5,interval_upper,119,2,0,0,0,119
l154-s3-eitan-2005,article:l154,balanced_instance,0.0,0,0.5,coverage_0.5,119,2,2,0,2,119
l154-s3-eitan-2005,article:l154,balanced_instance,0.0,0,0.5,coverage_0.75,119,2,0,0,0,119
l376-s6-carroll-2017,article:l376,material_identity,0.0,0,0.1,reported_point,119,0,0,0,0,119
l376-s6-carroll-2017,article:l376,material_identity,0.0,0,0.1,interval_upper,119,0,0,0,0,119
l376-s6-carroll-2017,article:l376,material_identity,0.0,0,0.1,coverage_0.5,119,0,0,0,0,119
l376-s6-carroll-2017,article:l376,material_identity,0.0,0,0.1,coverage_0.75,119,0,0,0,0,119
l376-s6-carroll-2017,article:l376,material_identity,0.0,0,0.2,reported_point,119,0,0,0,0,119
l376-s6-carroll-2017,article:l376,material_identity,0.0,0,0.2,interval_upper,119,0,0,0,0,119
l376-s6-carroll-2017,article:l376,material_identity,0.0,0,0.2,coverage_0.5,119,0,0,0,0,119
l376-s6-carroll-2017,article:l376,material_identity,0.0,0,0.2,coverage_0.75,119,0,0,0,0,119
l376-s6-carroll-2017,article:l376,material_identity,0.0,0,0.3,reported_point,119,0,0,0,0,119
l376-s6-carroll-2017,article:l376,material_identity,0.0,0,0.3,interval_upper,119,0,0,0,0,119
l376-s6-carroll-2017,article:l376,material_identity,0.0,0,0.3,coverage_0.5,119,0,0,0,0,119
l376-s6-carroll-2017,article:l376,material_identity,0.0,0,0.3,coverage_0.75,119,0,0,0,0,119
l376-s6-carroll-2017,article:l376,material_identity,0.0,0,0.4,reported_point,119,0,0,0,0,119
l376-s6-carroll-2017,article:l376,material_identity,0.0,0,0.4,interval_upper,119,0,0,0,0,119
l376-s6-carroll-2017,article:l376,material_identity,0.0,0,0.4,coverage_0.5,119,0,0,0,0,119
l376-s6-carroll-2017,article:l376,material_identity,0.0,0,0.4,coverage_0.75,119,0,0,0,0,119
l376-s6-carroll-2017,article:l376,material_identity,0.0,0,0.5,reported_point,119,0,0,0,0,119
l376-s6-carroll-2017,article:l376,material_identity,0.0,0,0.5,interval_upper,119,0,0,0,0,119
l376-s6-carroll-2017,article:l376,material_identity,0.0,0,0.5,coverage_0.5,119,0,0,0,0,119
l376-s6-carroll-2017,article:l376,material_identity,0.0,0,0.5,coverage_0.75,119,0,0,0,0,119
l376-s6-carroll-2017,article:l376,experimental_protocol,0.0,0,0.1,reported_point,119,0,0,0,0,119
l376-s6-carroll-2017,article:l376,experimental_protocol,0.0,0,0.1,interval_upper,119,0,0,0,0,119
l376-s6-carroll-2017,article:l376,experimental_protocol,0.0,0,0.1,coverage_0.5,119,0,0,0,0,119
l376-s6-carroll-2017,article:l376,experimental_protocol,0.0,0,0.1,coverage_0.75,119,0,0,0,0,119
l376-s6-carroll-2017,article:l376,experimental_protocol,0.0,0,0.2,reported_point,119,0,0,0,0,119
l376-s6-carroll-2017,article:l376,experimental_protocol,0.0,0,0.2,interval_upper,119,0,0,0,0,119
l376-s6-carroll-2017,article:l376,experimental_protocol,0.0,0,0.2,coverage_0.5,119,0,0,0,0,119
l376-s6-carroll-2017,article:l376,experimental_protocol,0.0,0,0.2,coverage_0.75,119,0,0,0,0,119
l376-s6-carroll-2017,article:l376,experimental_protocol,0.0,0,0.3,reported_point,119,0,0,0,0,119
l376-s6-carroll-2017,article:l376,experimental_protocol,0.0,0,0.3,interval_upper,119,0,0,0,0,119
l376-s6-carroll-2017,article:l376,experimental_protocol,0.0,0,0.3,coverage_0.5,119,0,0,0,0,119
l376-s6-carroll-2017,article:l376,experimental_protocol,0.0,0,0.3,coverage_0.75,119,0,0,0,0,119
l376-s6-carroll-2017,article:l376,experimental_protocol,0.0,0,0.4,reported_point,119,0,0,0,0,119
l376-s6-carroll-2017,article:l376,experimental_protocol,0.0,0,0.4,interval_upper,119,0,0,0,0,119
l376-s6-carroll-2017,article:l376,experimental_protocol,0.0,0,0.4,coverage_0.5,119,0,0,0,0,119
l376-s6-carroll-2017,article:l376,experimental_protocol,0.0,0,0.4,coverage_0.75,119,0,0,0,0,119
l376-s6-carroll-2017,article:l376,experimental_protocol,0.0,0,0.5,reported_point,119,1,1,0,1,119
l376-s6-carroll-2017,article:l376,experimental_protocol,0.0,0,0.5,interval_upper,119,1,0,0,0,119
l376-s6-carroll-2017,article:l376,experimental_protocol,0.0,0,0.5,coverage_0.5,119,1,1,0,1,119
l376-s6-carroll-2017,article:l376,experimental_protocol,0.0,0,0.5,coverage_0.75,119,1,0,0,0,119
l376-s6-carroll-2017,article:l376,balanced_instance,0.0,0,0.1,reported_point,119,0,0,0,0,119
l376-s6-carroll-2017,article:l376,balanced_instance,0.0,0,0.1,interval_upper,119,0,0,0,0,119
l376-s6-carroll-2017,article:l376,balanced_instance,0.0,0,0.1,coverage_0.5,119,0,0,0,0,119
l376-s6-carroll-2017,article:l376,balanced_instance,0.0,0,0.1,coverage_0.75,119,0,0,0,0,119
l376-s6-carroll-2017,article:l376,balanced_instance,0.0,0,0.2,reported_point,119,0,0,0,0,119
l376-s6-carroll-2017,article:l376,balanced_instance,0.0,0,0.2,interval_upper,119,0,0,0,0,119
l376-s6-carroll-2017,article:l376,balanced_instance,0.0,0,0.2,coverage_0.5,119,0,0,0,0,119
l376-s6-carroll-2017,article:l376,balanced_instance,0.0,0,0.2,coverage_0.75,119,0,0,0,0,119
l376-s6-carroll-2017,article:l376,balanced_instance,0.0,0,0.3,reported_point,119,0,0,0,0,119
l376-s6-carroll-2017,article:l376,balanced_instance,0.0,0,0.3,interval_upper,119,0,0,0,0,119
l376-s6-carroll-2017,article:l376,balanced_instance,0.0,0,0.3,coverage_0.5,119,0,0,0,0,119
l376-s6-carroll-2017,article:l376,balanced_instance,0.0,0,0.3,coverage_0.75,119,0,0,0,0,119
l376-s6-carroll-2017,article:l376,balanced_instance,0.0,0,0.4,reported_point,119,0,0,0,0,119
l376-s6-carroll-2017,article:l376,balanced_instance,0.0,0,0.4,interval_upper,119,0,0,0,0,119
l376-s6-carroll-2017,article:l376,balanced_instance,0.0,0,0.4,coverage_0.5,119,0,0,0,0,119
l376-s6-carroll-2017,article:l376,balanced_instance,0.0,0,0.4,coverage_0.75,119,0,0,0,0,119
l376-s6-carroll-2017,article:l376,balanced_instance,0.0,0,0.5,reported_point,119,0,0,0,0,119
l376-s6-carroll-2017,article:l376,balanced_instance,0.0,0,0.5,interval_upper,119,0,0,0,0,119
l376-s6-carroll-2017,article:l376,balanced_instance,0.0,0,0.5,coverage_0.5,119,0,0,0,0,119
l376-s6-carroll-2017,article:l376,balanced_instance,0.0,0,0.5,coverage_0.75,119,0,0,0,0,119
l111-s4-singha-2009,article:l111,material_identity,0.0,0,0.1,reported_point,118,4,4,0,4,118
l111-s4-singha-2009,article:l111,material_identity,0.0,0,0.1,interval_upper,118,4,0,0,0,118
l111-s4-singha-2009,article:l111,material_identity,0.0,0,0.1,coverage_0.5,118,4,0,0,0,118
l111-s4-singha-2009,article:l111,material_identity,0.0,0,0.1,coverage_0.75,118,4,0,0,0,118
l111-s4-singha-2009,article:l111,material_identity,0.0,0,0.2,reported_point,118,4,4,0,4,118
l111-s4-singha-2009,article:l111,material_identity,0.0,0,0.2,interval_upper,118,4,0,0,0,118
l111-s4-singha-2009,article:l111,material_identity,0.0,0,0.2,coverage_0.5,118,4,0,0,0,118
l111-s4-singha-2009,article:l111,material_identity,0.0,0,0.2,coverage_0.75,118,4,0,0,0,118
l111-s4-singha-2009,article:l111,material_identity,0.0,0,0.3,reported_point,118,12,12,0,12,118
l111-s4-singha-2009,article:l111,material_identity,0.0,0,0.3,interval_upper,118,12,0,0,0,118
l111-s4-singha-2009,article:l111,material_identity,0.0,0,0.3,coverage_0.5,118,12,0,0,0,118
l111-s4-singha-2009,article:l111,material_identity,0.0,0,0.3,coverage_0.75,118,12,0,0,0,118
l111-s4-singha-2009,article:l111,material_identity,0.0,0,0.4,reported_point,118,18,18,0,18,118
l111-s4-singha-2009,article:l111,material_identity,0.0,0,0.4,interval_upper,118,18,0,0,0,118
l111-s4-singha-2009,article:l111,material_identity,0.0,0,0.4,coverage_0.5,118,18,0,0,0,118
l111-s4-singha-2009,article:l111,material_identity,0.0,0,0.4,coverage_0.75,118,18,0,0,0,118
l111-s4-singha-2009,article:l111,material_identity,0.0,0,0.5,reported_point,118,20,20,0,20,118
l111-s4-singha-2009,article:l111,material_identity,0.0,0,0.5,interval_upper,118,20,0,0,0,118
l111-s4-singha-2009,article:l111,material_identity,0.0,0,0.5,coverage_0.5,118,20,0,0,0,118
l111-s4-singha-2009,article:l111,material_identity,0.0,0,0.5,coverage_0.75,118,20,0,0,0,118
l111-s4-singha-2009,article:l111,experimental_protocol,0.0,0,0.1,reported_point,118,0,0,0,0,118
l111-s4-singha-2009,article:l111,experimental_protocol,0.0,0,0.1,interval_upper,118,0,0,0,0,118
l111-s4-singha-2009,article:l111,experimental_protocol,0.0,0,0.1,coverage_0.5,118,0,0,0,0,118
l111-s4-singha-2009,article:l111,experimental_protocol,0.0,0,0.1,coverage_0.75,118,0,0,0,0,118
l111-s4-singha-2009,article:l111,experimental_protocol,0.0,0,0.2,reported_point,118,0,0,0,0,118
l111-s4-singha-2009,article:l111,experimental_protocol,0.0,0,0.2,interval_upper,118,0,0,0,0,118
l111-s4-singha-2009,article:l111,experimental_protocol,0.0,0,0.2,coverage_0.5,118,0,0,0,0,118
l111-s4-singha-2009,article:l111,experimental_protocol,0.0,0,0.2,coverage_0.75,118,0,0,0,0,118
l111-s4-singha-2009,article:l111,experimental_protocol,0.0,0,0.3,reported_point,118,0,0,0,0,118
l111-s4-singha-2009,article:l111,experimental_protocol,0.0,0,0.3,interval_upper,118,0,0,0,0,118
l111-s4-singha-2009,article:l111,experimental_protocol,0.0,0,0.3,coverage_0.5,118,0,0,0,0,118
l111-s4-singha-2009,article:l111,experimental_protocol,0.0,0,0.3,coverage_0.75,118,0,0,0,0,118
l111-s4-singha-2009,article:l111,experimental_protocol,0.0,0,0.4,reported_point,118,0,0,0,0,118
l111-s4-singha-2009,article:l111,experimental_protocol,0.0,0,0.4,interval_upper,118,0,0,0,0,118
l111-s4-singha-2009,article:l111,experimental_protocol,0.0,0,0.4,coverage_0.5,118,0,0,0,0,118
l111-s4-singha-2009,article:l111,experimental_protocol,0.0,0,0.4,coverage_0.75,118,0,0,0,0,118
l111-s4-singha-2009,article:l111,experimental_protocol,0.0,0,0.5,reported_point,118,0,0,0,0,118
l111-s4-singha-2009,article:l111,experimental_protocol,0.0,0,0.5,interval_upper,118,0,0,0,0,118
l111-s4-singha-2009,article:l111,experimental_protocol,0.0,0,0.5,coverage_0.5,118,0,0,0,0,118
l111-s4-singha-2009,article:l111,experimental_protocol,0.0,0,0.5,coverage_0.75,118,0,0,0,0,118
l111-s4-singha-2009,article:l111,balanced_instance,0.0,0,0.1,reported_point,118,0,0,0,0,118
l111-s4-singha-2009,article:l111,balanced_instance,0.0,0,0.1,interval_upper,118,0,0,0,0,118
l111-s4-singha-2009,article:l111,balanced_instance,0.0,0,0.1,coverage_0.5,118,0,0,0,0,118
l111-s4-singha-2009,article:l111,balanced_instance,0.0,0,0.1,coverage_0.75,118,0,0,0,0,118
l111-s4-singha-2009,article:l111,balanced_instance,0.0,0,0.2,reported_point,118,0,0,0,0,118
l111-s4-singha-2009,article:l111,balanced_instance,0.0,0,0.2,interval_upper,118,0,0,0,0,118
l111-s4-singha-2009,article:l111,balanced_instance,0.0,0,0.2,coverage_0.5,118,0,0,0,0,118
l111-s4-singha-2009,article:l111,balanced_instance,0.0,0,0.2,coverage_0.75,118,0,0,0,0,118
l111-s4-singha-2009,article:l111,balanced_instance,0.0,0,0.3,reported_point,118,0,0,0,0,118
l111-s4-singha-2009,article:l111,balanced_instance,0.0,0,0.3,interval_upper,118,0,0,0,0,118
l111-s4-singha-2009,article:l111,balanced_instance,0.0,0,0.3,coverage_0.5,118,0,0,0,0,118
l111-s4-singha-2009,article:l111,balanced_instance,0.0,0,0.3,coverage_0.75,118,0,0,0,0,118
l111-s4-singha-2009,article:l111,balanced_instance,0.0,0,0.4,reported_point,118,2,2,0,2,118
l111-s4-singha-2009,article:l111,balanced_instance,0.0,0,0.4,interval_upper,118,2,0,0,0,118
l111-s4-singha-2009,article:l111,balanced_instance,0.0,0,0.4,coverage_0.5,118,2,1,0,1,118
l111-s4-singha-2009,article:l111,balanced_instance,0.0,0,0.4,coverage_0.75,118,2,0,0,0,118
l111-s4-singha-2009,article:l111,balanced_instance,0.0,0,0.5,reported_point,118,3,3,0,3,118
l111-s4-singha-2009,article:l111,balanced_instance,0.0,0,0.5,interval_upper,118,3,0,0,0,118
l111-s4-singha-2009,article:l111,balanced_instance,0.0,0,0.5,coverage_0.5,118,3,2,0,2,118
l111-s4-singha-2009,article:l111,balanced_instance,0.0,0,0.5,coverage_0.75,118,3,0,0,0,118
l179-s5-ramanathan-2007,article:l179,material_identity,0.0,0,0.1,reported_point,119,4,4,0,4,119
l179-s5-ramanathan-2007,article:l179,material_identity,0.0,0,0.1,interval_upper,119,4,0,0,0,119
l179-s5-ramanathan-2007,article:l179,material_identity,0.0,0,0.1,coverage_0.5,119,4,0,0,0,119
l179-s5-ramanathan-2007,article:l179,material_identity,0.0,0,0.1,coverage_0.75,119,4,0,0,0,119
l179-s5-ramanathan-2007,article:l179,material_identity,0.0,0,0.2,reported_point,119,4,4,0,4,119
l179-s5-ramanathan-2007,article:l179,material_identity,0.0,0,0.2,interval_upper,119,4,0,0,0,119
l179-s5-ramanathan-2007,article:l179,material_identity,0.0,0,0.2,coverage_0.5,119,4,0,0,0,119
l179-s5-ramanathan-2007,article:l179,material_identity,0.0,0,0.2,coverage_0.75,119,4,0,0,0,119
l179-s5-ramanathan-2007,article:l179,material_identity,0.0,0,0.3,reported_point,119,17,17,0,17,119
l179-s5-ramanathan-2007,article:l179,material_identity,0.0,0,0.3,interval_upper,119,17,0,0,0,119
l179-s5-ramanathan-2007,article:l179,material_identity,0.0,0,0.3,coverage_0.5,119,17,0,0,0,119
l179-s5-ramanathan-2007,article:l179,material_identity,0.0,0,0.3,coverage_0.75,119,17,0,0,0,119
l179-s5-ramanathan-2007,article:l179,material_identity,0.0,0,0.4,reported_point,119,21,21,0,21,119
l179-s5-ramanathan-2007,article:l179,material_identity,0.0,0,0.4,interval_upper,119,21,0,0,0,119
l179-s5-ramanathan-2007,article:l179,material_identity,0.0,0,0.4,coverage_0.5,119,21,0,0,0,119
l179-s5-ramanathan-2007,article:l179,material_identity,0.0,0,0.4,coverage_0.75,119,21,0,0,0,119
l179-s5-ramanathan-2007,article:l179,material_identity,0.0,0,0.5,reported_point,119,22,22,0,22,119
l179-s5-ramanathan-2007,article:l179,material_identity,0.0,0,0.5,interval_upper,119,22,0,0,0,119
l179-s5-ramanathan-2007,article:l179,material_identity,0.0,0,0.5,coverage_0.5,119,22,0,0,0,119
l179-s5-ramanathan-2007,article:l179,material_identity,0.0,0,0.5,coverage_0.75,119,22,0,0,0,119
l179-s5-ramanathan-2007,article:l179,experimental_protocol,0.0,0,0.1,reported_point,119,0,0,0,0,119
l179-s5-ramanathan-2007,article:l179,experimental_protocol,0.0,0,0.1,interval_upper,119,0,0,0,0,119
l179-s5-ramanathan-2007,article:l179,experimental_protocol,0.0,0,0.1,coverage_0.5,119,0,0,0,0,119
l179-s5-ramanathan-2007,article:l179,experimental_protocol,0.0,0,0.1,coverage_0.75,119,0,0,0,0,119
l179-s5-ramanathan-2007,article:l179,experimental_protocol,0.0,0,0.2,reported_point,119,0,0,0,0,119
l179-s5-ramanathan-2007,article:l179,experimental_protocol,0.0,0,0.2,interval_upper,119,0,0,0,0,119
l179-s5-ramanathan-2007,article:l179,experimental_protocol,0.0,0,0.2,coverage_0.5,119,0,0,0,0,119
l179-s5-ramanathan-2007,article:l179,experimental_protocol,0.0,0,0.2,coverage_0.75,119,0,0,0,0,119
l179-s5-ramanathan-2007,article:l179,experimental_protocol,0.0,0,0.3,reported_point,119,0,0,0,0,119
l179-s5-ramanathan-2007,article:l179,experimental_protocol,0.0,0,0.3,interval_upper,119,0,0,0,0,119
l179-s5-ramanathan-2007,article:l179,experimental_protocol,0.0,0,0.3,coverage_0.5,119,0,0,0,0,119
l179-s5-ramanathan-2007,article:l179,experimental_protocol,0.0,0,0.3,coverage_0.75,119,0,0,0,0,119
l179-s5-ramanathan-2007,article:l179,experimental_protocol,0.0,0,0.4,reported_point,119,2,2,0,2,119
l179-s5-ramanathan-2007,article:l179,experimental_protocol,0.0,0,0.4,interval_upper,119,2,0,0,0,119
l179-s5-ramanathan-2007,article:l179,experimental_protocol,0.0,0,0.4,coverage_0.5,119,2,2,0,2,119
l179-s5-ramanathan-2007,article:l179,experimental_protocol,0.0,0,0.4,coverage_0.75,119,2,0,0,0,119
l179-s5-ramanathan-2007,article:l179,experimental_protocol,0.0,0,0.5,reported_point,119,6,6,0,6,119
l179-s5-ramanathan-2007,article:l179,experimental_protocol,0.0,0,0.5,interval_upper,119,6,0,0,0,119
l179-s5-ramanathan-2007,article:l179,experimental_protocol,0.0,0,0.5,coverage_0.5,119,6,6,0,6,119
l179-s5-ramanathan-2007,article:l179,experimental_protocol,0.0,0,0.5,coverage_0.75,119,6,0,0,0,119
l179-s5-ramanathan-2007,article:l179,balanced_instance,0.0,0,0.1,reported_point,119,0,0,0,0,119
l179-s5-ramanathan-2007,article:l179,balanced_instance,0.0,0,0.1,interval_upper,119,0,0,0,0,119
l179-s5-ramanathan-2007,article:l179,balanced_instance,0.0,0,0.1,coverage_0.5,119,0,0,0,0,119
l179-s5-ramanathan-2007,article:l179,balanced_instance,0.0,0,0.1,coverage_0.75,119,0,0,0,0,119
l179-s5-ramanathan-2007,article:l179,balanced_instance,0.0,0,0.2,reported_point,119,0,0,0,0,119
l179-s5-ramanathan-2007,article:l179,balanced_instance,0.0,0,0.2,interval_upper,119,0,0,0,0,119
l179-s5-ramanathan-2007,article:l179,balanced_instance,0.0,0,0.2,coverage_0.5,119,0,0,0,0,119
l179-s5-ramanathan-2007,article:l179,balanced_instance,0.0,0,0.2,coverage_0.75,119,0,0,0,0,119
l179-s5-ramanathan-2007,article:l179,balanced_instance,0.0,0,0.3,reported_point,119,0,0,0,0,119
l179-s5-ramanathan-2007,article:l179,balanced_instance,0.0,0,0.3,interval_upper,119,0,0,0,0,119
l179-s5-ramanathan-2007,article:l179,balanced_instance,0.0,0,0.3,coverage_0.5,119,0,0,0,0,119
l179-s5-ramanathan-2007,article:l179,balanced_instance,0.0,0,0.3,coverage_0.75,119,0,0,0,0,119
l179-s5-ramanathan-2007,article:l179,balanced_instance,0.0,0,0.4,reported_point,119,2,2,0,2,119
l179-s5-ramanathan-2007,article:l179,balanced_instance,0.0,0,0.4,interval_upper,119,2,0,0,0,119
l179-s5-ramanathan-2007,article:l179,balanced_instance,0.0,0,0.4,coverage_0.5,119,2,2,0,2,119
l179-s5-ramanathan-2007,article:l179,balanced_instance,0.0,0,0.4,coverage_0.75,119,2,0,0,0,119
l179-s5-ramanathan-2007,article:l179,balanced_instance,0.0,0,0.5,reported_point,119,6,6,0,6,119
l179-s5-ramanathan-2007,article:l179,balanced_instance,0.0,0,0.5,interval_upper,119,6,0,0,0,119
l179-s5-ramanathan-2007,article:l179,balanced_instance,0.0,0,0.5,coverage_0.5,119,6,4,0,4,119
l179-s5-ramanathan-2007,article:l179,balanced_instance,0.0,0,0.5,coverage_0.75,119,6,0,0,0,119
l221-s4-dai-2008,article:l221,material_identity,0.0,0,0.1,reported_point,118,4,4,0,4,118
l221-s4-dai-2008,article:l221,material_identity,0.0,0,0.1,interval_upper,118,4,0,0,0,118
l221-s4-dai-2008,article:l221,material_identity,0.0,0,0.1,coverage_0.5,118,4,0,0,0,118
l221-s4-dai-2008,article:l221,material_identity,0.0,0,0.1,coverage_0.75,118,4,0,0,0,118
l221-s4-dai-2008,article:l221,material_identity,0.0,0,0.2,reported_point,118,4,4,0,4,118
l221-s4-dai-2008,article:l221,material_identity,0.0,0,0.2,interval_upper,118,4,0,0,0,118
l221-s4-dai-2008,article:l221,material_identity,0.0,0,0.2,coverage_0.5,118,4,0,0,0,118
l221-s4-dai-2008,article:l221,material_identity,0.0,0,0.2,coverage_0.75,118,4,0,0,0,118
l221-s4-dai-2008,article:l221,material_identity,0.0,0,0.3,reported_point,118,9,9,0,9,118
l221-s4-dai-2008,article:l221,material_identity,0.0,0,0.3,interval_upper,118,9,0,0,0,118
l221-s4-dai-2008,article:l221,material_identity,0.0,0,0.3,coverage_0.5,118,9,0,0,0,118
l221-s4-dai-2008,article:l221,material_identity,0.0,0,0.3,coverage_0.75,118,9,0,0,0,118
l221-s4-dai-2008,article:l221,material_identity,0.0,0,0.4,reported_point,118,24,24,0,24,118
l221-s4-dai-2008,article:l221,material_identity,0.0,0,0.4,interval_upper,118,24,0,0,0,118
l221-s4-dai-2008,article:l221,material_identity,0.0,0,0.4,coverage_0.5,118,24,0,0,0,118
l221-s4-dai-2008,article:l221,material_identity,0.0,0,0.4,coverage_0.75,118,24,0,0,0,118
l221-s4-dai-2008,article:l221,material_identity,0.0,0,0.5,reported_point,118,25,25,0,25,118
l221-s4-dai-2008,article:l221,material_identity,0.0,0,0.5,interval_upper,118,25,0,0,0,118
l221-s4-dai-2008,article:l221,material_identity,0.0,0,0.5,coverage_0.5,118,25,0,0,0,118
l221-s4-dai-2008,article:l221,material_identity,0.0,0,0.5,coverage_0.75,118,25,0,0,0,118
l221-s4-dai-2008,article:l221,experimental_protocol,0.0,0,0.1,reported_point,118,0,0,0,0,118
l221-s4-dai-2008,article:l221,experimental_protocol,0.0,0,0.1,interval_upper,118,0,0,0,0,118
l221-s4-dai-2008,article:l221,experimental_protocol,0.0,0,0.1,coverage_0.5,118,0,0,0,0,118
l221-s4-dai-2008,article:l221,experimental_protocol,0.0,0,0.1,coverage_0.75,118,0,0,0,0,118
l221-s4-dai-2008,article:l221,experimental_protocol,0.0,0,0.2,reported_point,118,0,0,0,0,118
l221-s4-dai-2008,article:l221,experimental_protocol,0.0,0,0.2,interval_upper,118,0,0,0,0,118
l221-s4-dai-2008,article:l221,experimental_protocol,0.0,0,0.2,coverage_0.5,118,0,0,0,0,118
l221-s4-dai-2008,article:l221,experimental_protocol,0.0,0,0.2,coverage_0.75,118,0,0,0,0,118
l221-s4-dai-2008,article:l221,experimental_protocol,0.0,0,0.3,reported_point,118,0,0,0,0,118
l221-s4-dai-2008,article:l221,experimental_protocol,0.0,0,0.3,interval_upper,118,0,0,0,0,118
l221-s4-dai-2008,article:l221,experimental_protocol,0.0,0,0.3,coverage_0.5,118,0,0,0,0,118
l221-s4-dai-2008,article:l221,experimental_protocol,0.0,0,0.3,coverage_0.75,118,0,0,0,0,118
l221-s4-dai-2008,article:l221,experimental_protocol,0.0,0,0.4,reported_point,118,0,0,0,0,118
l221-s4-dai-2008,article:l221,experimental_protocol,0.0,0,0.4,interval_upper,118,0,0,0,0,118
l221-s4-dai-2008,article:l221,experimental_protocol,0.0,0,0.4,coverage_0.5,118,0,0,0,0,118
l221-s4-dai-2008,article:l221,experimental_protocol,0.0,0,0.4,coverage_0.75,118,0,0,0,0,118
l221-s4-dai-2008,article:l221,experimental_protocol,0.0,0,0.5,reported_point,118,8,8,0,8,118
l221-s4-dai-2008,article:l221,experimental_protocol,0.0,0,0.5,interval_upper,118,8,2,0,2,118
l221-s4-dai-2008,article:l221,experimental_protocol,0.0,0,0.5,coverage_0.5,118,8,8,0,8,118
l221-s4-dai-2008,article:l221,experimental_protocol,0.0,0,0.5,coverage_0.75,118,8,0,0,0,118
l221-s4-dai-2008,article:l221,balanced_instance,0.0,0,0.1,reported_point,118,0,0,0,0,118
l221-s4-dai-2008,article:l221,balanced_instance,0.0,0,0.1,interval_upper,118,0,0,0,0,118
l221-s4-dai-2008,article:l221,balanced_instance,0.0,0,0.1,coverage_0.5,118,0,0,0,0,118
l221-s4-dai-2008,article:l221,balanced_instance,0.0,0,0.1,coverage_0.75,118,0,0,0,0,118
l221-s4-dai-2008,article:l221,balanced_instance,0.0,0,0.2,reported_point,118,0,0,0,0,118
l221-s4-dai-2008,article:l221,balanced_instance,0.0,0,0.2,interval_upper,118,0,0,0,0,118
l221-s4-dai-2008,article:l221,balanced_instance,0.0,0,0.2,coverage_0.5,118,0,0,0,0,118
l221-s4-dai-2008,article:l221,balanced_instance,0.0,0,0.2,coverage_0.75,118,0,0,0,0,118
l221-s4-dai-2008,article:l221,balanced_instance,0.0,0,0.3,reported_point,118,0,0,0,0,118
l221-s4-dai-2008,article:l221,balanced_instance,0.0,0,0.3,interval_upper,118,0,0,0,0,118
l221-s4-dai-2008,article:l221,balanced_instance,0.0,0,0.3,coverage_0.5,118,0,0,0,0,118
l221-s4-dai-2008,article:l221,balanced_instance,0.0,0,0.3,coverage_0.75,118,0,0,0,0,118
l221-s4-dai-2008,article:l221,balanced_instance,0.0,0,0.4,reported_point,118,2,2,0,2,118
l221-s4-dai-2008,article:l221,balanced_instance,0.0,0,0.4,interval_upper,118,2,0,0,0,118
l221-s4-dai-2008,article:l221,balanced_instance,0.0,0,0.4,coverage_0.5,118,2,1,0,1,118
l221-s4-dai-2008,article:l221,balanced_instance,0.0,0,0.4,coverage_0.75,118,2,0,0,0,118
l221-s4-dai-2008,article:l221,balanced_instance,0.0,0,0.5,reported_point,118,9,9,0,9,118
l221-s4-dai-2008,article:l221,balanced_instance,0.0,0,0.5,interval_upper,118,9,0,0,0,118
l221-s4-dai-2008,article:l221,balanced_instance,0.0,0,0.5,coverage_0.5,118,9,8,0,8,118
l221-s4-dai-2008,article:l221,balanced_instance,0.0,0,0.5,coverage_0.75,118,9,0,0,0,118
l208-s5-li-2012,article:l208,material_identity,0.0,0,0.1,reported_point,119,0,0,0,0,119
l208-s5-li-2012,article:l208,material_identity,0.0,0,0.1,interval_upper,119,0,0,0,0,119
l208-s5-li-2012,article:l208,material_identity,0.0,0,0.1,coverage_0.5,119,0,0,0,0,119
l208-s5-li-2012,article:l208,material_identity,0.0,0,0.1,coverage_0.75,119,0,0,0,0,119
l208-s5-li-2012,article:l208,material_identity,0.0,0,0.2,reported_point,119,0,0,0,0,119
l208-s5-li-2012,article:l208,material_identity,0.0,0,0.2,interval_upper,119,0,0,0,0,119
l208-s5-li-2012,article:l208,material_identity,0.0,0,0.2,coverage_0.5,119,0,0,0,0,119
l208-s5-li-2012,article:l208,material_identity,0.0,0,0.2,coverage_0.75,119,0,0,0,0,119
l208-s5-li-2012,article:l208,material_identity,0.0,0,0.3,reported_point,119,2,2,0,2,119
l208-s5-li-2012,article:l208,material_identity,0.0,0,0.3,interval_upper,119,2,0,0,0,119
l208-s5-li-2012,article:l208,material_identity,0.0,0,0.3,coverage_0.5,119,2,0,0,0,119
l208-s5-li-2012,article:l208,material_identity,0.0,0,0.3,coverage_0.75,119,2,0,0,0,119
l208-s5-li-2012,article:l208,material_identity,0.0,0,0.4,reported_point,119,14,14,0,14,119
l208-s5-li-2012,article:l208,material_identity,0.0,0,0.4,interval_upper,119,14,0,0,0,119
l208-s5-li-2012,article:l208,material_identity,0.0,0,0.4,coverage_0.5,119,14,0,0,0,119
l208-s5-li-2012,article:l208,material_identity,0.0,0,0.4,coverage_0.75,119,14,0,0,0,119
l208-s5-li-2012,article:l208,material_identity,0.0,0,0.5,reported_point,119,17,17,0,17,119
l208-s5-li-2012,article:l208,material_identity,0.0,0,0.5,interval_upper,119,17,0,0,0,119
l208-s5-li-2012,article:l208,material_identity,0.0,0,0.5,coverage_0.5,119,17,0,0,0,119
l208-s5-li-2012,article:l208,material_identity,0.0,0,0.5,coverage_0.75,119,17,0,0,0,119
l208-s5-li-2012,article:l208,experimental_protocol,0.0,0,0.1,reported_point,119,0,0,0,0,119
l208-s5-li-2012,article:l208,experimental_protocol,0.0,0,0.1,interval_upper,119,0,0,0,0,119
l208-s5-li-2012,article:l208,experimental_protocol,0.0,0,0.1,coverage_0.5,119,0,0,0,0,119
l208-s5-li-2012,article:l208,experimental_protocol,0.0,0,0.1,coverage_0.75,119,0,0,0,0,119
l208-s5-li-2012,article:l208,experimental_protocol,0.0,0,0.2,reported_point,119,0,0,0,0,119
l208-s5-li-2012,article:l208,experimental_protocol,0.0,0,0.2,interval_upper,119,0,0,0,0,119
l208-s5-li-2012,article:l208,experimental_protocol,0.0,0,0.2,coverage_0.5,119,0,0,0,0,119
l208-s5-li-2012,article:l208,experimental_protocol,0.0,0,0.2,coverage_0.75,119,0,0,0,0,119
l208-s5-li-2012,article:l208,experimental_protocol,0.0,0,0.3,reported_point,119,1,1,0,1,119
l208-s5-li-2012,article:l208,experimental_protocol,0.0,0,0.3,interval_upper,119,1,0,0,0,119
l208-s5-li-2012,article:l208,experimental_protocol,0.0,0,0.3,coverage_0.5,119,1,1,0,1,119
l208-s5-li-2012,article:l208,experimental_protocol,0.0,0,0.3,coverage_0.75,119,1,0,0,0,119
l208-s5-li-2012,article:l208,experimental_protocol,0.0,0,0.4,reported_point,119,1,1,0,1,119
l208-s5-li-2012,article:l208,experimental_protocol,0.0,0,0.4,interval_upper,119,1,0,0,0,119
l208-s5-li-2012,article:l208,experimental_protocol,0.0,0,0.4,coverage_0.5,119,1,1,0,1,119
l208-s5-li-2012,article:l208,experimental_protocol,0.0,0,0.4,coverage_0.75,119,1,0,0,0,119
l208-s5-li-2012,article:l208,experimental_protocol,0.0,0,0.5,reported_point,119,9,9,0,9,119
l208-s5-li-2012,article:l208,experimental_protocol,0.0,0,0.5,interval_upper,119,9,1,0,1,119
l208-s5-li-2012,article:l208,experimental_protocol,0.0,0,0.5,coverage_0.5,119,9,9,0,9,119
l208-s5-li-2012,article:l208,experimental_protocol,0.0,0,0.5,coverage_0.75,119,9,0,0,0,119
l208-s5-li-2012,article:l208,balanced_instance,0.0,0,0.1,reported_point,119,0,0,0,0,119
l208-s5-li-2012,article:l208,balanced_instance,0.0,0,0.1,interval_upper,119,0,0,0,0,119
l208-s5-li-2012,article:l208,balanced_instance,0.0,0,0.1,coverage_0.5,119,0,0,0,0,119
l208-s5-li-2012,article:l208,balanced_instance,0.0,0,0.1,coverage_0.75,119,0,0,0,0,119
l208-s5-li-2012,article:l208,balanced_instance,0.0,0,0.2,reported_point,119,0,0,0,0,119
l208-s5-li-2012,article:l208,balanced_instance,0.0,0,0.2,interval_upper,119,0,0,0,0,119
l208-s5-li-2012,article:l208,balanced_instance,0.0,0,0.2,coverage_0.5,119,0,0,0,0,119
l208-s5-li-2012,article:l208,balanced_instance,0.0,0,0.2,coverage_0.75,119,0,0,0,0,119
l208-s5-li-2012,article:l208,balanced_instance,0.0,0,0.3,reported_point,119,0,0,0,0,119
l208-s5-li-2012,article:l208,balanced_instance,0.0,0,0.3,interval_upper,119,0,0,0,0,119
l208-s5-li-2012,article:l208,balanced_instance,0.0,0,0.3,coverage_0.5,119,0,0,0,0,119
l208-s5-li-2012,article:l208,balanced_instance,0.0,0,0.3,coverage_0.75,119,0,0,0,0,119
l208-s5-li-2012,article:l208,balanced_instance,0.0,0,0.4,reported_point,119,1,1,0,1,119
l208-s5-li-2012,article:l208,balanced_instance,0.0,0,0.4,interval_upper,119,1,0,0,0,119
l208-s5-li-2012,article:l208,balanced_instance,0.0,0,0.4,coverage_0.5,119,1,1,0,1,119
l208-s5-li-2012,article:l208,balanced_instance,0.0,0,0.4,coverage_0.75,119,1,0,0,0,119
l208-s5-li-2012,article:l208,balanced_instance,0.0,0,0.5,reported_point,119,7,7,0,7,119
l208-s5-li-2012,article:l208,balanced_instance,0.0,0,0.5,interval_upper,119,7,0,0,0,119
l208-s5-li-2012,article:l208,balanced_instance,0.0,0,0.5,coverage_0.5,119,7,7,0,7,119
l208-s5-li-2012,article:l208,balanced_instance,0.0,0,0.5,coverage_0.75,119,7,0,0,0,119
l209-s7-ash-2001,article:l209,material_identity,0.0,0,0.1,reported_point,118,8,8,0,8,118
l209-s7-ash-2001,article:l209,material_identity,0.0,0,0.1,interval_upper,118,8,0,0,0,118
l209-s7-ash-2001,article:l209,material_identity,0.0,0,0.1,coverage_0.5,118,8,0,0,0,118
l209-s7-ash-2001,article:l209,material_identity,0.0,0,0.1,coverage_0.75,118,8,0,0,0,118
l209-s7-ash-2001,article:l209,material_identity,0.0,0,0.2,reported_point,118,8,8,0,8,118
l209-s7-ash-2001,article:l209,material_identity,0.0,0,0.2,interval_upper,118,8,0,0,0,118
l209-s7-ash-2001,article:l209,material_identity,0.0,0,0.2,coverage_0.5,118,8,0,0,0,118
l209-s7-ash-2001,article:l209,material_identity,0.0,0,0.2,coverage_0.75,118,8,0,0,0,118
l209-s7-ash-2001,article:l209,material_identity,0.0,0,0.3,reported_point,118,18,18,0,18,118
l209-s7-ash-2001,article:l209,material_identity,0.0,0,0.3,interval_upper,118,18,0,0,0,118
l209-s7-ash-2001,article:l209,material_identity,0.0,0,0.3,coverage_0.5,118,18,0,0,0,118
l209-s7-ash-2001,article:l209,material_identity,0.0,0,0.3,coverage_0.75,118,18,0,0,0,118
l209-s7-ash-2001,article:l209,material_identity,0.0,0,0.4,reported_point,118,20,20,0,20,118
l209-s7-ash-2001,article:l209,material_identity,0.0,0,0.4,interval_upper,118,20,0,0,0,118
l209-s7-ash-2001,article:l209,material_identity,0.0,0,0.4,coverage_0.5,118,20,0,0,0,118
l209-s7-ash-2001,article:l209,material_identity,0.0,0,0.4,coverage_0.75,118,20,0,0,0,118
l209-s7-ash-2001,article:l209,material_identity,0.0,0,0.5,reported_point,118,21,21,0,21,118
l209-s7-ash-2001,article:l209,material_identity,0.0,0,0.5,interval_upper,118,21,0,0,0,118
l209-s7-ash-2001,article:l209,material_identity,0.0,0,0.5,coverage_0.5,118,21,0,0,0,118
l209-s7-ash-2001,article:l209,material_identity,0.0,0,0.5,coverage_0.75,118,21,0,0,0,118
l209-s7-ash-2001,article:l209,experimental_protocol,0.0,0,0.1,reported_point,118,0,0,0,0,118
l209-s7-ash-2001,article:l209,experimental_protocol,0.0,0,0.1,interval_upper,118,0,0,0,0,118
l209-s7-ash-2001,article:l209,experimental_protocol,0.0,0,0.1,coverage_0.5,118,0,0,0,0,118
l209-s7-ash-2001,article:l209,experimental_protocol,0.0,0,0.1,coverage_0.75,118,0,0,0,0,118
l209-s7-ash-2001,article:l209,experimental_protocol,0.0,0,0.2,reported_point,118,0,0,0,0,118
l209-s7-ash-2001,article:l209,experimental_protocol,0.0,0,0.2,interval_upper,118,0,0,0,0,118
l209-s7-ash-2001,article:l209,experimental_protocol,0.0,0,0.2,coverage_0.5,118,0,0,0,0,118
l209-s7-ash-2001,article:l209,experimental_protocol,0.0,0,0.2,coverage_0.75,118,0,0,0,0,118
l209-s7-ash-2001,article:l209,experimental_protocol,0.0,0,0.3,reported_point,118,0,0,0,0,118
l209-s7-ash-2001,article:l209,experimental_protocol,0.0,0,0.3,interval_upper,118,0,0,0,0,118
l209-s7-ash-2001,article:l209,experimental_protocol,0.0,0,0.3,coverage_0.5,118,0,0,0,0,118
l209-s7-ash-2001,article:l209,experimental_protocol,0.0,0,0.3,coverage_0.75,118,0,0,0,0,118
l209-s7-ash-2001,article:l209,experimental_protocol,0.0,0,0.4,reported_point,118,0,0,0,0,118
l209-s7-ash-2001,article:l209,experimental_protocol,0.0,0,0.4,interval_upper,118,0,0,0,0,118
l209-s7-ash-2001,article:l209,experimental_protocol,0.0,0,0.4,coverage_0.5,118,0,0,0,0,118
l209-s7-ash-2001,article:l209,experimental_protocol,0.0,0,0.4,coverage_0.75,118,0,0,0,0,118
l209-s7-ash-2001,article:l209,experimental_protocol,0.0,0,0.5,reported_point,118,0,0,0,0,118
l209-s7-ash-2001,article:l209,experimental_protocol,0.0,0,0.5,interval_upper,118,0,0,0,0,118
l209-s7-ash-2001,article:l209,experimental_protocol,0.0,0,0.5,coverage_0.5,118,0,0,0,0,118
l209-s7-ash-2001,article:l209,experimental_protocol,0.0,0,0.5,coverage_0.75,118,0,0,0,0,118
l209-s7-ash-2001,article:l209,balanced_instance,0.0,0,0.1,reported_point,118,0,0,0,0,118
l209-s7-ash-2001,article:l209,balanced_instance,0.0,0,0.1,interval_upper,118,0,0,0,0,118
l209-s7-ash-2001,article:l209,balanced_instance,0.0,0,0.1,coverage_0.5,118,0,0,0,0,118
l209-s7-ash-2001,article:l209,balanced_instance,0.0,0,0.1,coverage_0.75,118,0,0,0,0,118
l209-s7-ash-2001,article:l209,balanced_instance,0.0,0,0.2,reported_point,118,0,0,0,0,118
l209-s7-ash-2001,article:l209,balanced_instance,0.0,0,0.2,interval_upper,118,0,0,0,0,118
l209-s7-ash-2001,article:l209,balanced_instance,0.0,0,0.2,coverage_0.5,118,0,0,0,0,118
l209-s7-ash-2001,article:l209,balanced_instance,0.0,0,0.2,coverage_0.75,118,0,0,0,0,118
l209-s7-ash-2001,article:l209,balanced_instance,0.0,0,0.3,reported_point,118,0,0,0,0,118
l209-s7-ash-2001,article:l209,balanced_instance,0.0,0,0.3,interval_upper,118,0,0,0,0,118
l209-s7-ash-2001,article:l209,balanced_instance,0.0,0,0.3,coverage_0.5,118,0,0,0,0,118
l209-s7-ash-2001,article:l209,balanced_instance,0.0,0,0.3,coverage_0.75,118,0,0,0,0,118
l209-s7-ash-2001,article:l209,balanced_instance,0.0,0,0.4,reported_point,118,0,0,0,0,118
l209-s7-ash-2001,article:l209,balanced_instance,0.0,0,0.4,interval_upper,118,0,0,0,0,118
l209-s7-ash-2001,article:l209,balanced_instance,0.0,0,0.4,coverage_0.5,118,0,0,0,0,118
l209-s7-ash-2001,article:l209,balanced_instance,0.0,0,0.4,coverage_0.75,118,0,0,0,0,118
l209-s7-ash-2001,article:l209,balanced_instance,0.0,0,0.5,reported_point,118,0,0,0,0,118
l209-s7-ash-2001,article:l209,balanced_instance,0.0,0,0.5,interval_upper,118,0,0,0,0,118
l209-s7-ash-2001,article:l209,balanced_instance,0.0,0,0.5,coverage_0.5,118,0,0,0,0,118
l209-s7-ash-2001,article:l209,balanced_instance,0.0,0,0.5,coverage_0.75,118,0,0,0,0,118
l136-s5-vescovo-2010,article:l136,material_identity,0.0,0,0.1,reported_point,119,0,0,0,0,119
l136-s5-vescovo-2010,article:l136,material_identity,0.0,0,0.1,interval_upper,119,0,0,0,0,119
l136-s5-vescovo-2010,article:l136,material_identity,0.0,0,0.1,coverage_0.5,119,0,0,0,0,119
l136-s5-vescovo-2010,article:l136,material_identity,0.0,0,0.1,coverage_0.75,119,0,0,0,0,119
l136-s5-vescovo-2010,article:l136,material_identity,0.0,0,0.2,reported_point,119,0,0,0,0,119
l136-s5-vescovo-2010,article:l136,material_identity,0.0,0,0.2,interval_upper,119,0,0,0,0,119
l136-s5-vescovo-2010,article:l136,material_identity,0.0,0,0.2,coverage_0.5,119,0,0,0,0,119
l136-s5-vescovo-2010,article:l136,material_identity,0.0,0,0.2,coverage_0.75,119,0,0,0,0,119
l136-s5-vescovo-2010,article:l136,material_identity,0.0,0,0.3,reported_point,119,0,0,0,0,119
l136-s5-vescovo-2010,article:l136,material_identity,0.0,0,0.3,interval_upper,119,0,0,0,0,119
l136-s5-vescovo-2010,article:l136,material_identity,0.0,0,0.3,coverage_0.5,119,0,0,0,0,119
l136-s5-vescovo-2010,article:l136,material_identity,0.0,0,0.3,coverage_0.75,119,0,0,0,0,119
l136-s5-vescovo-2010,article:l136,material_identity,0.0,0,0.4,reported_point,119,0,0,0,0,119
l136-s5-vescovo-2010,article:l136,material_identity,0.0,0,0.4,interval_upper,119,0,0,0,0,119
l136-s5-vescovo-2010,article:l136,material_identity,0.0,0,0.4,coverage_0.5,119,0,0,0,0,119
l136-s5-vescovo-2010,article:l136,material_identity,0.0,0,0.4,coverage_0.75,119,0,0,0,0,119
l136-s5-vescovo-2010,article:l136,material_identity,0.0,0,0.5,reported_point,119,0,0,0,0,119
l136-s5-vescovo-2010,article:l136,material_identity,0.0,0,0.5,interval_upper,119,0,0,0,0,119
l136-s5-vescovo-2010,article:l136,material_identity,0.0,0,0.5,coverage_0.5,119,0,0,0,0,119
l136-s5-vescovo-2010,article:l136,material_identity,0.0,0,0.5,coverage_0.75,119,0,0,0,0,119
l136-s5-vescovo-2010,article:l136,experimental_protocol,0.0,0,0.1,reported_point,119,0,0,0,0,119
l136-s5-vescovo-2010,article:l136,experimental_protocol,0.0,0,0.1,interval_upper,119,0,0,0,0,119
l136-s5-vescovo-2010,article:l136,experimental_protocol,0.0,0,0.1,coverage_0.5,119,0,0,0,0,119
l136-s5-vescovo-2010,article:l136,experimental_protocol,0.0,0,0.1,coverage_0.75,119,0,0,0,0,119
l136-s5-vescovo-2010,article:l136,experimental_protocol,0.0,0,0.2,reported_point,119,0,0,0,0,119
l136-s5-vescovo-2010,article:l136,experimental_protocol,0.0,0,0.2,interval_upper,119,0,0,0,0,119
l136-s5-vescovo-2010,article:l136,experimental_protocol,0.0,0,0.2,coverage_0.5,119,0,0,0,0,119
l136-s5-vescovo-2010,article:l136,experimental_protocol,0.0,0,0.2,coverage_0.75,119,0,0,0,0,119
l136-s5-vescovo-2010,article:l136,experimental_protocol,0.0,0,0.3,reported_point,119,0,0,0,0,119
l136-s5-vescovo-2010,article:l136,experimental_protocol,0.0,0,0.3,interval_upper,119,0,0,0,0,119
l136-s5-vescovo-2010,article:l136,experimental_protocol,0.0,0,0.3,coverage_0.5,119,0,0,0,0,119
l136-s5-vescovo-2010,article:l136,experimental_protocol,0.0,0,0.3,coverage_0.75,119,0,0,0,0,119
l136-s5-vescovo-2010,article:l136,experimental_protocol,0.0,0,0.4,reported_point,119,2,2,0,2,119
l136-s5-vescovo-2010,article:l136,experimental_protocol,0.0,0,0.4,interval_upper,119,2,0,0,0,119
l136-s5-vescovo-2010,article:l136,experimental_protocol,0.0,0,0.4,coverage_0.5,119,2,2,0,2,119
l136-s5-vescovo-2010,article:l136,experimental_protocol,0.0,0,0.4,coverage_0.75,119,2,0,0,0,119
l136-s5-vescovo-2010,article:l136,experimental_protocol,0.0,0,0.5,reported_point,119,3,3,0,3,119
l136-s5-vescovo-2010,article:l136,experimental_protocol,0.0,0,0.5,interval_upper,119,3,1,0,1,119
l136-s5-vescovo-2010,article:l136,experimental_protocol,0.0,0,0.5,coverage_0.5,119,3,3,0,3,119
l136-s5-vescovo-2010,article:l136,experimental_protocol,0.0,0,0.5,coverage_0.75,119,3,0,0,0,119
l136-s5-vescovo-2010,article:l136,balanced_instance,0.0,0,0.1,reported_point,119,0,0,0,0,119
l136-s5-vescovo-2010,article:l136,balanced_instance,0.0,0,0.1,interval_upper,119,0,0,0,0,119
l136-s5-vescovo-2010,article:l136,balanced_instance,0.0,0,0.1,coverage_0.5,119,0,0,0,0,119
l136-s5-vescovo-2010,article:l136,balanced_instance,0.0,0,0.1,coverage_0.75,119,0,0,0,0,119
l136-s5-vescovo-2010,article:l136,balanced_instance,0.0,0,0.2,reported_point,119,0,0,0,0,119
l136-s5-vescovo-2010,article:l136,balanced_instance,0.0,0,0.2,interval_upper,119,0,0,0,0,119
l136-s5-vescovo-2010,article:l136,balanced_instance,0.0,0,0.2,coverage_0.5,119,0,0,0,0,119
l136-s5-vescovo-2010,article:l136,balanced_instance,0.0,0,0.2,coverage_0.75,119,0,0,0,0,119
l136-s5-vescovo-2010,article:l136,balanced_instance,0.0,0,0.3,reported_point,119,0,0,0,0,119
l136-s5-vescovo-2010,article:l136,balanced_instance,0.0,0,0.3,interval_upper,119,0,0,0,0,119
l136-s5-vescovo-2010,article:l136,balanced_instance,0.0,0,0.3,coverage_0.5,119,0,0,0,0,119
l136-s5-vescovo-2010,article:l136,balanced_instance,0.0,0,0.3,coverage_0.75,119,0,0,0,0,119
l136-s5-vescovo-2010,article:l136,balanced_instance,0.0,0,0.4,reported_point,119,0,0,0,0,119
l136-s5-vescovo-2010,article:l136,balanced_instance,0.0,0,0.4,interval_upper,119,0,0,0,0,119
l136-s5-vescovo-2010,article:l136,balanced_instance,0.0,0,0.4,coverage_0.5,119,0,0,0,0,119
l136-s5-vescovo-2010,article:l136,balanced_instance,0.0,0,0.4,coverage_0.75,119,0,0,0,0,119
l136-s5-vescovo-2010,article:l136,balanced_instance,0.0,0,0.5,reported_point,119,1,1,0,1,119
l136-s5-vescovo-2010,article:l136,balanced_instance,0.0,0,0.5,interval_upper,119,1,0,0,0,119
l136-s5-vescovo-2010,article:l136,balanced_instance,0.0,0,0.5,coverage_0.5,119,1,1,0,1,119
l136-s5-vescovo-2010,article:l136,balanced_instance,0.0,0,0.5,coverage_0.75,119,1,0,0,0,119
l259-s2-chen-2017,article:l259,material_identity,0.0,0,0.1,reported_point,118,0,0,0,0,118
l259-s2-chen-2017,article:l259,material_identity,0.0,0,0.1,interval_upper,118,0,0,0,0,118
l259-s2-chen-2017,article:l259,material_identity,0.0,0,0.1,coverage_0.5,118,0,0,0,0,118
l259-s2-chen-2017,article:l259,material_identity,0.0,0,0.1,coverage_0.75,118,0,0,0,0,118
l259-s2-chen-2017,article:l259,material_identity,0.0,0,0.2,reported_point,118,0,0,0,0,118
l259-s2-chen-2017,article:l259,material_identity,0.0,0,0.2,interval_upper,118,0,0,0,0,118
l259-s2-chen-2017,article:l259,material_identity,0.0,0,0.2,coverage_0.5,118,0,0,0,0,118
l259-s2-chen-2017,article:l259,material_identity,0.0,0,0.2,coverage_0.75,118,0,0,0,0,118
l259-s2-chen-2017,article:l259,material_identity,0.0,0,0.3,reported_point,118,8,8,0,8,118
l259-s2-chen-2017,article:l259,material_identity,0.0,0,0.3,interval_upper,118,8,0,0,0,118
l259-s2-chen-2017,article:l259,material_identity,0.0,0,0.3,coverage_0.5,118,8,0,0,0,118
l259-s2-chen-2017,article:l259,material_identity,0.0,0,0.3,coverage_0.75,118,8,0,0,0,118
l259-s2-chen-2017,article:l259,material_identity,0.0,0,0.4,reported_point,118,10,10,0,10,118
l259-s2-chen-2017,article:l259,material_identity,0.0,0,0.4,interval_upper,118,10,0,0,0,118
l259-s2-chen-2017,article:l259,material_identity,0.0,0,0.4,coverage_0.5,118,10,0,0,0,118
l259-s2-chen-2017,article:l259,material_identity,0.0,0,0.4,coverage_0.75,118,10,0,0,0,118
l259-s2-chen-2017,article:l259,material_identity,0.0,0,0.5,reported_point,118,13,13,0,13,118
l259-s2-chen-2017,article:l259,material_identity,0.0,0,0.5,interval_upper,118,13,0,0,0,118
l259-s2-chen-2017,article:l259,material_identity,0.0,0,0.5,coverage_0.5,118,13,0,0,0,118
l259-s2-chen-2017,article:l259,material_identity,0.0,0,0.5,coverage_0.75,118,13,0,0,0,118
l259-s2-chen-2017,article:l259,experimental_protocol,0.0,0,0.1,reported_point,118,0,0,0,0,118
l259-s2-chen-2017,article:l259,experimental_protocol,0.0,0,0.1,interval_upper,118,0,0,0,0,118
l259-s2-chen-2017,article:l259,experimental_protocol,0.0,0,0.1,coverage_0.5,118,0,0,0,0,118
l259-s2-chen-2017,article:l259,experimental_protocol,0.0,0,0.1,coverage_0.75,118,0,0,0,0,118
l259-s2-chen-2017,article:l259,experimental_protocol,0.0,0,0.2,reported_point,118,0,0,0,0,118
l259-s2-chen-2017,article:l259,experimental_protocol,0.0,0,0.2,interval_upper,118,0,0,0,0,118
l259-s2-chen-2017,article:l259,experimental_protocol,0.0,0,0.2,coverage_0.5,118,0,0,0,0,118
l259-s2-chen-2017,article:l259,experimental_protocol,0.0,0,0.2,coverage_0.75,118,0,0,0,0,118
l259-s2-chen-2017,article:l259,experimental_protocol,0.0,0,0.3,reported_point,118,0,0,0,0,118
l259-s2-chen-2017,article:l259,experimental_protocol,0.0,0,0.3,interval_upper,118,0,0,0,0,118
l259-s2-chen-2017,article:l259,experimental_protocol,0.0,0,0.3,coverage_0.5,118,0,0,0,0,118
l259-s2-chen-2017,article:l259,experimental_protocol,0.0,0,0.3,coverage_0.75,118,0,0,0,0,118
l259-s2-chen-2017,article:l259,experimental_protocol,0.0,0,0.4,reported_point,118,2,2,0,2,118
l259-s2-chen-2017,article:l259,experimental_protocol,0.0,0,0.4,interval_upper,118,2,0,0,0,118
l259-s2-chen-2017,article:l259,experimental_protocol,0.0,0,0.4,coverage_0.5,118,2,2,0,2,118
l259-s2-chen-2017,article:l259,experimental_protocol,0.0,0,0.4,coverage_0.75,118,2,0,0,0,118
l259-s2-chen-2017,article:l259,experimental_protocol,0.0,0,0.5,reported_point,118,8,8,0,8,118
l259-s2-chen-2017,article:l259,experimental_protocol,0.0,0,0.5,interval_upper,118,8,1,0,1,118
l259-s2-chen-2017,article:l259,experimental_protocol,0.0,0,0.5,coverage_0.5,118,8,8,0,8,118
l259-s2-chen-2017,article:l259,experimental_protocol,0.0,0,0.5,coverage_0.75,118,8,0,0,0,118
l259-s2-chen-2017,article:l259,balanced_instance,0.0,0,0.1,reported_point,118,0,0,0,0,118
l259-s2-chen-2017,article:l259,balanced_instance,0.0,0,0.1,interval_upper,118,0,0,0,0,118
l259-s2-chen-2017,article:l259,balanced_instance,0.0,0,0.1,coverage_0.5,118,0,0,0,0,118
l259-s2-chen-2017,article:l259,balanced_instance,0.0,0,0.1,coverage_0.75,118,0,0,0,0,118
l259-s2-chen-2017,article:l259,balanced_instance,0.0,0,0.2,reported_point,118,0,0,0,0,118
l259-s2-chen-2017,article:l259,balanced_instance,0.0,0,0.2,interval_upper,118,0,0,0,0,118
l259-s2-chen-2017,article:l259,balanced_instance,0.0,0,0.2,coverage_0.5,118,0,0,0,0,118
l259-s2-chen-2017,article:l259,balanced_instance,0.0,0,0.2,coverage_0.75,118,0,0,0,0,118
l259-s2-chen-2017,article:l259,balanced_instance,0.0,0,0.3,reported_point,118,0,0,0,0,118
l259-s2-chen-2017,article:l259,balanced_instance,0.0,0,0.3,interval_upper,118,0,0,0,0,118
l259-s2-chen-2017,article:l259,balanced_instance,0.0,0,0.3,coverage_0.5,118,0,0,0,0,118
l259-s2-chen-2017,article:l259,balanced_instance,0.0,0,0.3,coverage_0.75,118,0,0,0,0,118
l259-s2-chen-2017,article:l259,balanced_instance,0.0,0,0.4,reported_point,118,2,2,0,2,118
l259-s2-chen-2017,article:l259,balanced_instance,0.0,0,0.4,interval_upper,118,2,0,0,0,118
l259-s2-chen-2017,article:l259,balanced_instance,0.0,0,0.4,coverage_0.5,118,2,2,0,2,118
l259-s2-chen-2017,article:l259,balanced_instance,0.0,0,0.4,coverage_0.75,118,2,0,0,0,118
l259-s2-chen-2017,article:l259,balanced_instance,0.0,0,0.5,reported_point,118,13,13,0,13,118
l259-s2-chen-2017,article:l259,balanced_instance,0.0,0,0.5,interval_upper,118,13,0,0,0,118
l259-s2-chen-2017,article:l259,balanced_instance,0.0,0,0.5,coverage_0.5,118,13,13,0,13,118
l259-s2-chen-2017,article:l259,balanced_instance,0.0,0,0.5,coverage_0.75,118,13,0,0,0,118
l314-s4-diezpascual-2011,article:l314,material_identity,0.0,0,0.1,reported_point,119,0,0,0,0,119
l314-s4-diezpascual-2011,article:l314,material_identity,0.0,0,0.1,interval_upper,119,0,0,0,0,119
l314-s4-diezpascual-2011,article:l314,material_identity,0.0,0,0.1,coverage_0.5,119,0,0,0,0,119
l314-s4-diezpascual-2011,article:l314,material_identity,0.0,0,0.1,coverage_0.75,119,0,0,0,0,119
l314-s4-diezpascual-2011,article:l314,material_identity,0.0,0,0.2,reported_point,119,0,0,0,0,119
l314-s4-diezpascual-2011,article:l314,material_identity,0.0,0,0.2,interval_upper,119,0,0,0,0,119
l314-s4-diezpascual-2011,article:l314,material_identity,0.0,0,0.2,coverage_0.5,119,0,0,0,0,119
l314-s4-diezpascual-2011,article:l314,material_identity,0.0,0,0.2,coverage_0.75,119,0,0,0,0,119
l314-s4-diezpascual-2011,article:l314,material_identity,0.0,0,0.3,reported_point,119,5,5,0,5,119
l314-s4-diezpascual-2011,article:l314,material_identity,0.0,0,0.3,interval_upper,119,5,0,0,0,119
l314-s4-diezpascual-2011,article:l314,material_identity,0.0,0,0.3,coverage_0.5,119,5,0,0,0,119
l314-s4-diezpascual-2011,article:l314,material_identity,0.0,0,0.3,coverage_0.75,119,5,0,0,0,119
l314-s4-diezpascual-2011,article:l314,material_identity,0.0,0,0.4,reported_point,119,6,6,0,6,119
l314-s4-diezpascual-2011,article:l314,material_identity,0.0,0,0.4,interval_upper,119,6,0,0,0,119
l314-s4-diezpascual-2011,article:l314,material_identity,0.0,0,0.4,coverage_0.5,119,6,0,0,0,119
l314-s4-diezpascual-2011,article:l314,material_identity,0.0,0,0.4,coverage_0.75,119,6,0,0,0,119
l314-s4-diezpascual-2011,article:l314,material_identity,0.0,0,0.5,reported_point,119,6,6,0,6,119
l314-s4-diezpascual-2011,article:l314,material_identity,0.0,0,0.5,interval_upper,119,6,0,0,0,119
l314-s4-diezpascual-2011,article:l314,material_identity,0.0,0,0.5,coverage_0.5,119,6,0,0,0,119
l314-s4-diezpascual-2011,article:l314,material_identity,0.0,0,0.5,coverage_0.75,119,6,0,0,0,119
l314-s4-diezpascual-2011,article:l314,experimental_protocol,0.0,0,0.1,reported_point,119,0,0,0,0,119
l314-s4-diezpascual-2011,article:l314,experimental_protocol,0.0,0,0.1,interval_upper,119,0,0,0,0,119
l314-s4-diezpascual-2011,article:l314,experimental_protocol,0.0,0,0.1,coverage_0.5,119,0,0,0,0,119
l314-s4-diezpascual-2011,article:l314,experimental_protocol,0.0,0,0.1,coverage_0.75,119,0,0,0,0,119
l314-s4-diezpascual-2011,article:l314,experimental_protocol,0.0,0,0.2,reported_point,119,0,0,0,0,119
l314-s4-diezpascual-2011,article:l314,experimental_protocol,0.0,0,0.2,interval_upper,119,0,0,0,0,119
l314-s4-diezpascual-2011,article:l314,experimental_protocol,0.0,0,0.2,coverage_0.5,119,0,0,0,0,119
l314-s4-diezpascual-2011,article:l314,experimental_protocol,0.0,0,0.2,coverage_0.75,119,0,0,0,0,119
l314-s4-diezpascual-2011,article:l314,experimental_protocol,0.0,0,0.3,reported_point,119,0,0,0,0,119
l314-s4-diezpascual-2011,article:l314,experimental_protocol,0.0,0,0.3,interval_upper,119,0,0,0,0,119
l314-s4-diezpascual-2011,article:l314,experimental_protocol,0.0,0,0.3,coverage_0.5,119,0,0,0,0,119
l314-s4-diezpascual-2011,article:l314,experimental_protocol,0.0,0,0.3,coverage_0.75,119,0,0,0,0,119
l314-s4-diezpascual-2011,article:l314,experimental_protocol,0.0,0,0.4,reported_point,119,4,4,0,4,119
l314-s4-diezpascual-2011,article:l314,experimental_protocol,0.0,0,0.4,interval_upper,119,4,0,0,0,119
l314-s4-diezpascual-2011,article:l314,experimental_protocol,0.0,0,0.4,coverage_0.5,119,4,4,0,4,119
l314-s4-diezpascual-2011,article:l314,experimental_protocol,0.0,0,0.4,coverage_0.75,119,4,0,0,0,119
l314-s4-diezpascual-2011,article:l314,experimental_protocol,0.0,0,0.5,reported_point,119,6,6,0,6,119
l314-s4-diezpascual-2011,article:l314,experimental_protocol,0.0,0,0.5,interval_upper,119,6,2,0,2,119
l314-s4-diezpascual-2011,article:l314,experimental_protocol,0.0,0,0.5,coverage_0.5,119,6,6,0,6,119
l314-s4-diezpascual-2011,article:l314,experimental_protocol,0.0,0,0.5,coverage_0.75,119,6,0,0,0,119
l314-s4-diezpascual-2011,article:l314,balanced_instance,0.0,0,0.1,reported_point,119,0,0,0,0,119
l314-s4-diezpascual-2011,article:l314,balanced_instance,0.0,0,0.1,interval_upper,119,0,0,0,0,119
l314-s4-diezpascual-2011,article:l314,balanced_instance,0.0,0,0.1,coverage_0.5,119,0,0,0,0,119
l314-s4-diezpascual-2011,article:l314,balanced_instance,0.0,0,0.1,coverage_0.75,119,0,0,0,0,119
l314-s4-diezpascual-2011,article:l314,balanced_instance,0.0,0,0.2,reported_point,119,0,0,0,0,119
l314-s4-diezpascual-2011,article:l314,balanced_instance,0.0,0,0.2,interval_upper,119,0,0,0,0,119
l314-s4-diezpascual-2011,article:l314,balanced_instance,0.0,0,0.2,coverage_0.5,119,0,0,0,0,119
l314-s4-diezpascual-2011,article:l314,balanced_instance,0.0,0,0.2,coverage_0.75,119,0,0,0,0,119
l314-s4-diezpascual-2011,article:l314,balanced_instance,0.0,0,0.3,reported_point,119,0,0,0,0,119
l314-s4-diezpascual-2011,article:l314,balanced_instance,0.0,0,0.3,interval_upper,119,0,0,0,0,119
l314-s4-diezpascual-2011,article:l314,balanced_instance,0.0,0,0.3,coverage_0.5,119,0,0,0,0,119
l314-s4-diezpascual-2011,article:l314,balanced_instance,0.0,0,0.3,coverage_0.75,119,0,0,0,0,119
l314-s4-diezpascual-2011,article:l314,balanced_instance,0.0,0,0.4,reported_point,119,2,2,0,2,119
l314-s4-diezpascual-2011,article:l314,balanced_instance,0.0,0,0.4,interval_upper,119,2,0,0,0,119
l314-s4-diezpascual-2011,article:l314,balanced_instance,0.0,0,0.4,coverage_0.5,119,2,2,0,2,119
l314-s4-diezpascual-2011,article:l314,balanced_instance,0.0,0,0.4,coverage_0.75,119,2,0,0,0,119
l314-s4-diezpascual-2011,article:l314,balanced_instance,0.0,0,0.5,reported_point,119,7,7,0,7,119
l314-s4-diezpascual-2011,article:l314,balanced_instance,0.0,0,0.5,interval_upper,119,7,0,0,0,119
l314-s4-diezpascual-2011,article:l314,balanced_instance,0.0,0,0.5,coverage_0.5,119,7,7,0,7,119
l314-s4-diezpascual-2011,article:l314,balanced_instance,0.0,0,0.5,coverage_0.75,119,7,0,0,0,119
l282-s3-cui-2008,article:l282,material_identity,0.0,0,0.1,reported_point,118,5,5,0,5,118
l282-s3-cui-2008,article:l282,material_identity,0.0,0,0.1,interval_upper,118,5,0,0,0,118
l282-s3-cui-2008,article:l282,material_identity,0.0,0,0.1,coverage_0.5,118,5,0,0,0,118
l282-s3-cui-2008,article:l282,material_identity,0.0,0,0.1,coverage_0.75,118,5,0,0,0,118
l282-s3-cui-2008,article:l282,material_identity,0.0,0,0.2,reported_point,118,5,5,0,5,118
l282-s3-cui-2008,article:l282,material_identity,0.0,0,0.2,interval_upper,118,5,0,0,0,118
l282-s3-cui-2008,article:l282,material_identity,0.0,0,0.2,coverage_0.5,118,5,0,0,0,118
l282-s3-cui-2008,article:l282,material_identity,0.0,0,0.2,coverage_0.75,118,5,0,0,0,118
l282-s3-cui-2008,article:l282,material_identity,0.0,0,0.3,reported_point,118,9,9,0,9,118
l282-s3-cui-2008,article:l282,material_identity,0.0,0,0.3,interval_upper,118,9,0,0,0,118
l282-s3-cui-2008,article:l282,material_identity,0.0,0,0.3,coverage_0.5,118,9,0,0,0,118
l282-s3-cui-2008,article:l282,material_identity,0.0,0,0.3,coverage_0.75,118,9,0,0,0,118
l282-s3-cui-2008,article:l282,material_identity,0.0,0,0.4,reported_point,118,22,22,0,22,118
l282-s3-cui-2008,article:l282,material_identity,0.0,0,0.4,interval_upper,118,22,0,0,0,118
l282-s3-cui-2008,article:l282,material_identity,0.0,0,0.4,coverage_0.5,118,22,0,0,0,118
l282-s3-cui-2008,article:l282,material_identity,0.0,0,0.4,coverage_0.75,118,22,0,0,0,118
l282-s3-cui-2008,article:l282,material_identity,0.0,0,0.5,reported_point,118,23,23,0,23,118
l282-s3-cui-2008,article:l282,material_identity,0.0,0,0.5,interval_upper,118,23,0,0,0,118
l282-s3-cui-2008,article:l282,material_identity,0.0,0,0.5,coverage_0.5,118,23,0,0,0,118
l282-s3-cui-2008,article:l282,material_identity,0.0,0,0.5,coverage_0.75,118,23,0,0,0,118
l282-s3-cui-2008,article:l282,experimental_protocol,0.0,0,0.1,reported_point,118,0,0,0,0,118
l282-s3-cui-2008,article:l282,experimental_protocol,0.0,0,0.1,interval_upper,118,0,0,0,0,118
l282-s3-cui-2008,article:l282,experimental_protocol,0.0,0,0.1,coverage_0.5,118,0,0,0,0,118
l282-s3-cui-2008,article:l282,experimental_protocol,0.0,0,0.1,coverage_0.75,118,0,0,0,0,118
l282-s3-cui-2008,article:l282,experimental_protocol,0.0,0,0.2,reported_point,118,0,0,0,0,118
l282-s3-cui-2008,article:l282,experimental_protocol,0.0,0,0.2,interval_upper,118,0,0,0,0,118
l282-s3-cui-2008,article:l282,experimental_protocol,0.0,0,0.2,coverage_0.5,118,0,0,0,0,118
l282-s3-cui-2008,article:l282,experimental_protocol,0.0,0,0.2,coverage_0.75,118,0,0,0,0,118
l282-s3-cui-2008,article:l282,experimental_protocol,0.0,0,0.3,reported_point,118,0,0,0,0,118
l282-s3-cui-2008,article:l282,experimental_protocol,0.0,0,0.3,interval_upper,118,0,0,0,0,118
l282-s3-cui-2008,article:l282,experimental_protocol,0.0,0,0.3,coverage_0.5,118,0,0,0,0,118
l282-s3-cui-2008,article:l282,experimental_protocol,0.0,0,0.3,coverage_0.75,118,0,0,0,0,118
l282-s3-cui-2008,article:l282,experimental_protocol,0.0,0,0.4,reported_point,118,0,0,0,0,118
l282-s3-cui-2008,article:l282,experimental_protocol,0.0,0,0.4,interval_upper,118,0,0,0,0,118
l282-s3-cui-2008,article:l282,experimental_protocol,0.0,0,0.4,coverage_0.5,118,0,0,0,0,118
l282-s3-cui-2008,article:l282,experimental_protocol,0.0,0,0.4,coverage_0.75,118,0,0,0,0,118
l282-s3-cui-2008,article:l282,experimental_protocol,0.0,0,0.5,reported_point,118,8,8,0,8,118
l282-s3-cui-2008,article:l282,experimental_protocol,0.0,0,0.5,interval_upper,118,8,0,0,0,118
l282-s3-cui-2008,article:l282,experimental_protocol,0.0,0,0.5,coverage_0.5,118,8,8,0,8,118
l282-s3-cui-2008,article:l282,experimental_protocol,0.0,0,0.5,coverage_0.75,118,8,0,0,0,118
l282-s3-cui-2008,article:l282,balanced_instance,0.0,0,0.1,reported_point,118,0,0,0,0,118
l282-s3-cui-2008,article:l282,balanced_instance,0.0,0,0.1,interval_upper,118,0,0,0,0,118
l282-s3-cui-2008,article:l282,balanced_instance,0.0,0,0.1,coverage_0.5,118,0,0,0,0,118
l282-s3-cui-2008,article:l282,balanced_instance,0.0,0,0.1,coverage_0.75,118,0,0,0,0,118
l282-s3-cui-2008,article:l282,balanced_instance,0.0,0,0.2,reported_point,118,0,0,0,0,118
l282-s3-cui-2008,article:l282,balanced_instance,0.0,0,0.2,interval_upper,118,0,0,0,0,118
l282-s3-cui-2008,article:l282,balanced_instance,0.0,0,0.2,coverage_0.5,118,0,0,0,0,118
l282-s3-cui-2008,article:l282,balanced_instance,0.0,0,0.2,coverage_0.75,118,0,0,0,0,118
l282-s3-cui-2008,article:l282,balanced_instance,0.0,0,0.3,reported_point,118,1,1,0,1,118
l282-s3-cui-2008,article:l282,balanced_instance,0.0,0,0.3,interval_upper,118,1,0,0,0,118
l282-s3-cui-2008,article:l282,balanced_instance,0.0,0,0.3,coverage_0.5,118,1,0,0,0,118
l282-s3-cui-2008,article:l282,balanced_instance,0.0,0,0.3,coverage_0.75,118,1,0,0,0,118
l282-s3-cui-2008,article:l282,balanced_instance,0.0,0,0.4,reported_point,118,2,2,0,2,118
l282-s3-cui-2008,article:l282,balanced_instance,0.0,0,0.4,interval_upper,118,2,0,0,0,118
l282-s3-cui-2008,article:l282,balanced_instance,0.0,0,0.4,coverage_0.5,118,2,1,0,1,118
l282-s3-cui-2008,article:l282,balanced_instance,0.0,0,0.4,coverage_0.75,118,2,0,0,0,118
l282-s3-cui-2008,article:l282,balanced_instance,0.0,0,0.5,reported_point,118,9,9,0,9,118
l282-s3-cui-2008,article:l282,balanced_instance,0.0,0,0.5,interval_upper,118,9,0,0,0,118
l282-s3-cui-2008,article:l282,balanced_instance,0.0,0,0.5,coverage_0.5,118,9,8,0,8,118
l282-s3-cui-2008,article:l282,balanced_instance,0.0,0,0.5,coverage_0.75,118,9,0,0,0,118
l118-s1-fidelus-2005,article:l118,material_identity,0.0,0,0.1,reported_point,119,22,22,0,22,119
l118-s1-fidelus-2005,article:l118,material_identity,0.0,0,0.1,interval_upper,119,22,0,0,0,119
l118-s1-fidelus-2005,article:l118,material_identity,0.0,0,0.1,coverage_0.5,119,22,0,0,0,119
l118-s1-fidelus-2005,article:l118,material_identity,0.0,0,0.1,coverage_0.75,119,22,0,0,0,119
l118-s1-fidelus-2005,article:l118,material_identity,0.0,0,0.2,reported_point,119,22,22,0,22,119
l118-s1-fidelus-2005,article:l118,material_identity,0.0,0,0.2,interval_upper,119,22,0,0,0,119
l118-s1-fidelus-2005,article:l118,material_identity,0.0,0,0.2,coverage_0.5,119,22,0,0,0,119
l118-s1-fidelus-2005,article:l118,material_identity,0.0,0,0.2,coverage_0.75,119,22,0,0,0,119
l118-s1-fidelus-2005,article:l118,material_identity,0.0,0,0.3,reported_point,119,22,22,0,22,119
l118-s1-fidelus-2005,article:l118,material_identity,0.0,0,0.3,interval_upper,119,22,0,0,0,119
l118-s1-fidelus-2005,article:l118,material_identity,0.0,0,0.3,coverage_0.5,119,22,0,0,0,119
l118-s1-fidelus-2005,article:l118,material_identity,0.0,0,0.3,coverage_0.75,119,22,0,0,0,119
l118-s1-fidelus-2005,article:l118,material_identity,0.0,0,0.4,reported_point,119,22,22,0,22,119
l118-s1-fidelus-2005,article:l118,material_identity,0.0,0,0.4,interval_upper,119,22,0,0,0,119
l118-s1-fidelus-2005,article:l118,material_identity,0.0,0,0.4,coverage_0.5,119,22,0,0,0,119
l118-s1-fidelus-2005,article:l118,material_identity,0.0,0,0.4,coverage_0.75,119,22,0,0,0,119
l118-s1-fidelus-2005,article:l118,material_identity,0.0,0,0.5,reported_point,119,23,23,0,23,119
l118-s1-fidelus-2005,article:l118,material_identity,0.0,0,0.5,interval_upper,119,23,0,0,0,119
l118-s1-fidelus-2005,article:l118,material_identity,0.0,0,0.5,coverage_0.5,119,23,0,0,0,119
l118-s1-fidelus-2005,article:l118,material_identity,0.0,0,0.5,coverage_0.75,119,23,0,0,0,119
l118-s1-fidelus-2005,article:l118,experimental_protocol,0.0,0,0.1,reported_point,119,0,0,0,0,119
l118-s1-fidelus-2005,article:l118,experimental_protocol,0.0,0,0.1,interval_upper,119,0,0,0,0,119
l118-s1-fidelus-2005,article:l118,experimental_protocol,0.0,0,0.1,coverage_0.5,119,0,0,0,0,119
l118-s1-fidelus-2005,article:l118,experimental_protocol,0.0,0,0.1,coverage_0.75,119,0,0,0,0,119
l118-s1-fidelus-2005,article:l118,experimental_protocol,0.0,0,0.2,reported_point,119,0,0,0,0,119
l118-s1-fidelus-2005,article:l118,experimental_protocol,0.0,0,0.2,interval_upper,119,0,0,0,0,119
l118-s1-fidelus-2005,article:l118,experimental_protocol,0.0,0,0.2,coverage_0.5,119,0,0,0,0,119
l118-s1-fidelus-2005,article:l118,experimental_protocol,0.0,0,0.2,coverage_0.75,119,0,0,0,0,119
l118-s1-fidelus-2005,article:l118,experimental_protocol,0.0,0,0.3,reported_point,119,0,0,0,0,119
l118-s1-fidelus-2005,article:l118,experimental_protocol,0.0,0,0.3,interval_upper,119,0,0,0,0,119
l118-s1-fidelus-2005,article:l118,experimental_protocol,0.0,0,0.3,coverage_0.5,119,0,0,0,0,119
l118-s1-fidelus-2005,article:l118,experimental_protocol,0.0,0,0.3,coverage_0.75,119,0,0,0,0,119
l118-s1-fidelus-2005,article:l118,experimental_protocol,0.0,0,0.4,reported_point,119,0,0,0,0,119
l118-s1-fidelus-2005,article:l118,experimental_protocol,0.0,0,0.4,interval_upper,119,0,0,0,0,119
l118-s1-fidelus-2005,article:l118,experimental_protocol,0.0,0,0.4,coverage_0.5,119,0,0,0,0,119
l118-s1-fidelus-2005,article:l118,experimental_protocol,0.0,0,0.4,coverage_0.75,119,0,0,0,0,119
l118-s1-fidelus-2005,article:l118,experimental_protocol,0.0,0,0.5,reported_point,119,2,2,0,2,119
l118-s1-fidelus-2005,article:l118,experimental_protocol,0.0,0,0.5,interval_upper,119,2,0,0,0,119
l118-s1-fidelus-2005,article:l118,experimental_protocol,0.0,0,0.5,coverage_0.5,119,2,2,0,2,119
l118-s1-fidelus-2005,article:l118,experimental_protocol,0.0,0,0.5,coverage_0.75,119,2,0,0,0,119
l118-s1-fidelus-2005,article:l118,balanced_instance,0.0,0,0.1,reported_point,119,0,0,0,0,119
l118-s1-fidelus-2005,article:l118,balanced_instance,0.0,0,0.1,interval_upper,119,0,0,0,0,119
l118-s1-fidelus-2005,article:l118,balanced_instance,0.0,0,0.1,coverage_0.5,119,0,0,0,0,119
l118-s1-fidelus-2005,article:l118,balanced_instance,0.0,0,0.1,coverage_0.75,119,0,0,0,0,119
l118-s1-fidelus-2005,article:l118,balanced_instance,0.0,0,0.2,reported_point,119,0,0,0,0,119
l118-s1-fidelus-2005,article:l118,balanced_instance,0.0,0,0.2,interval_upper,119,0,0,0,0,119
l118-s1-fidelus-2005,article:l118,balanced_instance,0.0,0,0.2,coverage_0.5,119,0,0,0,0,119
l118-s1-fidelus-2005,article:l118,balanced_instance,0.0,0,0.2,coverage_0.75,119,0,0,0,0,119
l118-s1-fidelus-2005,article:l118,balanced_instance,0.0,0,0.3,reported_point,119,0,0,0,0,119
l118-s1-fidelus-2005,article:l118,balanced_instance,0.0,0,0.3,interval_upper,119,0,0,0,0,119
l118-s1-fidelus-2005,article:l118,balanced_instance,0.0,0,0.3,coverage_0.5,119,0,0,0,0,119
l118-s1-fidelus-2005,article:l118,balanced_instance,0.0,0,0.3,coverage_0.75,119,0,0,0,0,119
l118-s1-fidelus-2005,article:l118,balanced_instance,0.0,0,0.4,reported_point,119,7,7,0,7,119
l118-s1-fidelus-2005,article:l118,balanced_instance,0.0,0,0.4,interval_upper,119,7,0,0,0,119
l118-s1-fidelus-2005,article:l118,balanced_instance,0.0,0,0.4,coverage_0.5,119,7,0,0,0,119
l118-s1-fidelus-2005,article:l118,balanced_instance,0.0,0,0.4,coverage_0.75,119,7,0,0,0,119
l118-s1-fidelus-2005,article:l118,balanced_instance,0.0,0,0.5,reported_point,119,12,12,0,12,119
l118-s1-fidelus-2005,article:l118,balanced_instance,0.0,0,0.5,interval_upper,119,12,0,0,0,119
l118-s1-fidelus-2005,article:l118,balanced_instance,0.0,0,0.5,coverage_0.5,119,12,0,0,0,119
l118-s1-fidelus-2005,article:l118,balanced_instance,0.0,0,0.5,coverage_0.75,119,12,0,0,0,119
l278-s2-choi-2001,article:l278,material_identity,0.0,0,0.1,reported_point,118,5,5,0,5,118
l278-s2-choi-2001,article:l278,material_identity,0.0,0,0.1,interval_upper,118,5,0,0,0,118
l278-s2-choi-2001,article:l278,material_identity,0.0,0,0.1,coverage_0.5,118,5,0,0,0,118
l278-s2-choi-2001,article:l278,material_identity,0.0,0,0.1,coverage_0.75,118,5,0,0,0,118
l278-s2-choi-2001,article:l278,material_identity,0.0,0,0.2,reported_point,118,5,5,0,5,118
l278-s2-choi-2001,article:l278,material_identity,0.0,0,0.2,interval_upper,118,5,0,0,0,118
l278-s2-choi-2001,article:l278,material_identity,0.0,0,0.2,coverage_0.5,118,5,0,0,0,118
l278-s2-choi-2001,article:l278,material_identity,0.0,0,0.2,coverage_0.75,118,5,0,0,0,118
l278-s2-choi-2001,article:l278,material_identity,0.0,0,0.3,reported_point,118,15,15,0,15,118
l278-s2-choi-2001,article:l278,material_identity,0.0,0,0.3,interval_upper,118,15,0,0,0,118
l278-s2-choi-2001,article:l278,material_identity,0.0,0,0.3,coverage_0.5,118,15,0,0,0,118
l278-s2-choi-2001,article:l278,material_identity,0.0,0,0.3,coverage_0.75,118,15,0,0,0,118
l278-s2-choi-2001,article:l278,material_identity,0.0,0,0.4,reported_point,118,18,18,0,18,118
l278-s2-choi-2001,article:l278,material_identity,0.0,0,0.4,interval_upper,118,18,0,0,0,118
l278-s2-choi-2001,article:l278,material_identity,0.0,0,0.4,coverage_0.5,118,18,0,0,0,118
l278-s2-choi-2001,article:l278,material_identity,0.0,0,0.4,coverage_0.75,118,18,0,0,0,118
l278-s2-choi-2001,article:l278,material_identity,0.0,0,0.5,reported_point,118,21,21,0,21,118
l278-s2-choi-2001,article:l278,material_identity,0.0,0,0.5,interval_upper,118,21,0,0,0,118
l278-s2-choi-2001,article:l278,material_identity,0.0,0,0.5,coverage_0.5,118,21,0,0,0,118
l278-s2-choi-2001,article:l278,material_identity,0.0,0,0.5,coverage_0.75,118,21,0,0,0,118
l278-s2-choi-2001,article:l278,experimental_protocol,0.0,0,0.1,reported_point,118,0,0,0,0,118
l278-s2-choi-2001,article:l278,experimental_protocol,0.0,0,0.1,interval_upper,118,0,0,0,0,118
l278-s2-choi-2001,article:l278,experimental_protocol,0.0,0,0.1,coverage_0.5,118,0,0,0,0,118
l278-s2-choi-2001,article:l278,experimental_protocol,0.0,0,0.1,coverage_0.75,118,0,0,0,0,118
l278-s2-choi-2001,article:l278,experimental_protocol,0.0,0,0.2,reported_point,118,0,0,0,0,118
l278-s2-choi-2001,article:l278,experimental_protocol,0.0,0,0.2,interval_upper,118,0,0,0,0,118
l278-s2-choi-2001,article:l278,experimental_protocol,0.0,0,0.2,coverage_0.5,118,0,0,0,0,118
l278-s2-choi-2001,article:l278,experimental_protocol,0.0,0,0.2,coverage_0.75,118,0,0,0,0,118
l278-s2-choi-2001,article:l278,experimental_protocol,0.0,0,0.3,reported_point,118,0,0,0,0,118
l278-s2-choi-2001,article:l278,experimental_protocol,0.0,0,0.3,interval_upper,118,0,0,0,0,118
l278-s2-choi-2001,article:l278,experimental_protocol,0.0,0,0.3,coverage_0.5,118,0,0,0,0,118
l278-s2-choi-2001,article:l278,experimental_protocol,0.0,0,0.3,coverage_0.75,118,0,0,0,0,118
l278-s2-choi-2001,article:l278,experimental_protocol,0.0,0,0.4,reported_point,118,0,0,0,0,118
l278-s2-choi-2001,article:l278,experimental_protocol,0.0,0,0.4,interval_upper,118,0,0,0,0,118
l278-s2-choi-2001,article:l278,experimental_protocol,0.0,0,0.4,coverage_0.5,118,0,0,0,0,118
l278-s2-choi-2001,article:l278,experimental_protocol,0.0,0,0.4,coverage_0.75,118,0,0,0,0,118
l278-s2-choi-2001,article:l278,experimental_protocol,0.0,0,0.5,reported_point,118,4,4,0,4,118
l278-s2-choi-2001,article:l278,experimental_protocol,0.0,0,0.5,interval_upper,118,4,0,0,0,118
l278-s2-choi-2001,article:l278,experimental_protocol,0.0,0,0.5,coverage_0.5,118,4,4,0,4,118
l278-s2-choi-2001,article:l278,experimental_protocol,0.0,0,0.5,coverage_0.75,118,4,0,0,0,118
l278-s2-choi-2001,article:l278,balanced_instance,0.0,0,0.1,reported_point,118,0,0,0,0,118
l278-s2-choi-2001,article:l278,balanced_instance,0.0,0,0.1,interval_upper,118,0,0,0,0,118
l278-s2-choi-2001,article:l278,balanced_instance,0.0,0,0.1,coverage_0.5,118,0,0,0,0,118
l278-s2-choi-2001,article:l278,balanced_instance,0.0,0,0.1,coverage_0.75,118,0,0,0,0,118
l278-s2-choi-2001,article:l278,balanced_instance,0.0,0,0.2,reported_point,118,0,0,0,0,118
l278-s2-choi-2001,article:l278,balanced_instance,0.0,0,0.2,interval_upper,118,0,0,0,0,118
l278-s2-choi-2001,article:l278,balanced_instance,0.0,0,0.2,coverage_0.5,118,0,0,0,0,118
l278-s2-choi-2001,article:l278,balanced_instance,0.0,0,0.2,coverage_0.75,118,0,0,0,0,118
l278-s2-choi-2001,article:l278,balanced_instance,0.0,0,0.3,reported_point,118,1,1,0,1,118
l278-s2-choi-2001,article:l278,balanced_instance,0.0,0,0.3,interval_upper,118,1,0,0,0,118
l278-s2-choi-2001,article:l278,balanced_instance,0.0,0,0.3,coverage_0.5,118,1,1,0,1,118
l278-s2-choi-2001,article:l278,balanced_instance,0.0,0,0.3,coverage_0.75,118,1,0,0,0,118
l278-s2-choi-2001,article:l278,balanced_instance,0.0,0,0.4,reported_point,118,2,2,0,2,118
l278-s2-choi-2001,article:l278,balanced_instance,0.0,0,0.4,interval_upper,118,2,0,0,0,118
l278-s2-choi-2001,article:l278,balanced_instance,0.0,0,0.4,coverage_0.5,118,2,2,0,2,118
l278-s2-choi-2001,article:l278,balanced_instance,0.0,0,0.4,coverage_0.75,118,2,0,0,0,118
l278-s2-choi-2001,article:l278,balanced_instance,0.0,0,0.5,reported_point,118,11,11,0,11,118
l278-s2-choi-2001,article:l278,balanced_instance,0.0,0,0.5,interval_upper,118,11,0,0,0,118
l278-s2-choi-2001,article:l278,balanced_instance,0.0,0,0.5,coverage_0.5,118,11,10,0,10,118
l278-s2-choi-2001,article:l278,balanced_instance,0.0,0,0.5,coverage_0.75,118,11,0,0,0,118
l146-s4-tao-2011,article:l146,material_identity,0.0,0,0.1,reported_point,118,4,4,0,4,118
l146-s4-tao-2011,article:l146,material_identity,0.0,0,0.1,interval_upper,118,4,0,0,0,118
l146-s4-tao-2011,article:l146,material_identity,0.0,0,0.1,coverage_0.5,118,4,0,0,0,118
l146-s4-tao-2011,article:l146,material_identity,0.0,0,0.1,coverage_0.75,118,4,0,0,0,118
l146-s4-tao-2011,article:l146,material_identity,0.0,0,0.2,reported_point,118,4,4,0,4,118
l146-s4-tao-2011,article:l146,material_identity,0.0,0,0.2,interval_upper,118,4,0,0,0,118
l146-s4-tao-2011,article:l146,material_identity,0.0,0,0.2,coverage_0.5,118,4,0,0,0,118
l146-s4-tao-2011,article:l146,material_identity,0.0,0,0.2,coverage_0.75,118,4,0,0,0,118
l146-s4-tao-2011,article:l146,material_identity,0.0,0,0.3,reported_point,118,5,5,0,5,118
l146-s4-tao-2011,article:l146,material_identity,0.0,0,0.3,interval_upper,118,5,0,0,0,118
l146-s4-tao-2011,article:l146,material_identity,0.0,0,0.3,coverage_0.5,118,5,0,0,0,118
l146-s4-tao-2011,article:l146,material_identity,0.0,0,0.3,coverage_0.75,118,5,0,0,0,118
l146-s4-tao-2011,article:l146,material_identity,0.0,0,0.4,reported_point,118,6,6,0,6,118
l146-s4-tao-2011,article:l146,material_identity,0.0,0,0.4,interval_upper,118,6,0,0,0,118
l146-s4-tao-2011,article:l146,material_identity,0.0,0,0.4,coverage_0.5,118,6,0,0,0,118
l146-s4-tao-2011,article:l146,material_identity,0.0,0,0.4,coverage_0.75,118,6,0,0,0,118
l146-s4-tao-2011,article:l146,material_identity,0.0,0,0.5,reported_point,118,6,6,0,6,118
l146-s4-tao-2011,article:l146,material_identity,0.0,0,0.5,interval_upper,118,6,0,0,0,118
l146-s4-tao-2011,article:l146,material_identity,0.0,0,0.5,coverage_0.5,118,6,0,0,0,118
l146-s4-tao-2011,article:l146,material_identity,0.0,0,0.5,coverage_0.75,118,6,0,0,0,118
l146-s4-tao-2011,article:l146,experimental_protocol,0.0,0,0.1,reported_point,118,0,0,0,0,118
l146-s4-tao-2011,article:l146,experimental_protocol,0.0,0,0.1,interval_upper,118,0,0,0,0,118
l146-s4-tao-2011,article:l146,experimental_protocol,0.0,0,0.1,coverage_0.5,118,0,0,0,0,118
l146-s4-tao-2011,article:l146,experimental_protocol,0.0,0,0.1,coverage_0.75,118,0,0,0,0,118
l146-s4-tao-2011,article:l146,experimental_protocol,0.0,0,0.2,reported_point,118,0,0,0,0,118
l146-s4-tao-2011,article:l146,experimental_protocol,0.0,0,0.2,interval_upper,118,0,0,0,0,118
l146-s4-tao-2011,article:l146,experimental_protocol,0.0,0,0.2,coverage_0.5,118,0,0,0,0,118
l146-s4-tao-2011,article:l146,experimental_protocol,0.0,0,0.2,coverage_0.75,118,0,0,0,0,118
l146-s4-tao-2011,article:l146,experimental_protocol,0.0,0,0.3,reported_point,118,0,0,0,0,118
l146-s4-tao-2011,article:l146,experimental_protocol,0.0,0,0.3,interval_upper,118,0,0,0,0,118
l146-s4-tao-2011,article:l146,experimental_protocol,0.0,0,0.3,coverage_0.5,118,0,0,0,0,118
l146-s4-tao-2011,article:l146,experimental_protocol,0.0,0,0.3,coverage_0.75,118,0,0,0,0,118
l146-s4-tao-2011,article:l146,experimental_protocol,0.0,0,0.4,reported_point,118,0,0,0,0,118
l146-s4-tao-2011,article:l146,experimental_protocol,0.0,0,0.4,interval_upper,118,0,0,0,0,118
l146-s4-tao-2011,article:l146,experimental_protocol,0.0,0,0.4,coverage_0.5,118,0,0,0,0,118
l146-s4-tao-2011,article:l146,experimental_protocol,0.0,0,0.4,coverage_0.75,118,0,0,0,0,118
l146-s4-tao-2011,article:l146,experimental_protocol,0.0,0,0.5,reported_point,118,0,0,0,0,118
l146-s4-tao-2011,article:l146,experimental_protocol,0.0,0,0.5,interval_upper,118,0,0,0,0,118
l146-s4-tao-2011,article:l146,experimental_protocol,0.0,0,0.5,coverage_0.5,118,0,0,0,0,118
l146-s4-tao-2011,article:l146,experimental_protocol,0.0,0,0.5,coverage_0.75,118,0,0,0,0,118
l146-s4-tao-2011,article:l146,balanced_instance,0.0,0,0.1,reported_point,118,0,0,0,0,118
l146-s4-tao-2011,article:l146,balanced_instance,0.0,0,0.1,interval_upper,118,0,0,0,0,118
l146-s4-tao-2011,article:l146,balanced_instance,0.0,0,0.1,coverage_0.5,118,0,0,0,0,118
l146-s4-tao-2011,article:l146,balanced_instance,0.0,0,0.1,coverage_0.75,118,0,0,0,0,118
l146-s4-tao-2011,article:l146,balanced_instance,0.0,0,0.2,reported_point,118,0,0,0,0,118
l146-s4-tao-2011,article:l146,balanced_instance,0.0,0,0.2,interval_upper,118,0,0,0,0,118
l146-s4-tao-2011,article:l146,balanced_instance,0.0,0,0.2,coverage_0.5,118,0,0,0,0,118
l146-s4-tao-2011,article:l146,balanced_instance,0.0,0,0.2,coverage_0.75,118,0,0,0,0,118
l146-s4-tao-2011,article:l146,balanced_instance,0.0,0,0.3,reported_point,118,0,0,0,0,118
l146-s4-tao-2011,article:l146,balanced_instance,0.0,0,0.3,interval_upper,118,0,0,0,0,118
l146-s4-tao-2011,article:l146,balanced_instance,0.0,0,0.3,coverage_0.5,118,0,0,0,0,118
l146-s4-tao-2011,article:l146,balanced_instance,0.0,0,0.3,coverage_0.75,118,0,0,0,0,118
l146-s4-tao-2011,article:l146,balanced_instance,0.0,0,0.4,reported_point,118,0,0,0,0,118
l146-s4-tao-2011,article:l146,balanced_instance,0.0,0,0.4,interval_upper,118,0,0,0,0,118
l146-s4-tao-2011,article:l146,balanced_instance,0.0,0,0.4,coverage_0.5,118,0,0,0,0,118
l146-s4-tao-2011,article:l146,balanced_instance,0.0,0,0.4,coverage_0.75,118,0,0,0,0,118
l146-s4-tao-2011,article:l146,balanced_instance,0.0,0,0.5,reported_point,118,0,0,0,0,118
l146-s4-tao-2011,article:l146,balanced_instance,0.0,0,0.5,interval_upper,118,0,0,0,0,118
l146-s4-tao-2011,article:l146,balanced_instance,0.0,0,0.5,coverage_0.5,118,0,0,0,0,118
l146-s4-tao-2011,article:l146,balanced_instance,0.0,0,0.5,coverage_0.75,118,0,0,0,0,118
l132-s4-holt-2014,article:l132,material_identity,0.0,0,0.1,reported_point,119,0,0,0,0,119
l132-s4-holt-2014,article:l132,material_identity,0.0,0,0.1,interval_upper,119,0,0,0,0,119
l132-s4-holt-2014,article:l132,material_identity,0.0,0,0.1,coverage_0.5,119,0,0,0,0,119
l132-s4-holt-2014,article:l132,material_identity,0.0,0,0.1,coverage_0.75,119,0,0,0,0,119
l132-s4-holt-2014,article:l132,material_identity,0.0,0,0.2,reported_point,119,0,0,0,0,119
l132-s4-holt-2014,article:l132,material_identity,0.0,0,0.2,interval_upper,119,0,0,0,0,119
l132-s4-holt-2014,article:l132,material_identity,0.0,0,0.2,coverage_0.5,119,0,0,0,0,119
l132-s4-holt-2014,article:l132,material_identity,0.0,0,0.2,coverage_0.75,119,0,0,0,0,119
l132-s4-holt-2014,article:l132,material_identity,0.0,0,0.3,reported_point,119,0,0,0,0,119
l132-s4-holt-2014,article:l132,material_identity,0.0,0,0.3,interval_upper,119,0,0,0,0,119
l132-s4-holt-2014,article:l132,material_identity,0.0,0,0.3,coverage_0.5,119,0,0,0,0,119
l132-s4-holt-2014,article:l132,material_identity,0.0,0,0.3,coverage_0.75,119,0,0,0,0,119
l132-s4-holt-2014,article:l132,material_identity,0.0,0,0.4,reported_point,119,2,2,0,2,119
l132-s4-holt-2014,article:l132,material_identity,0.0,0,0.4,interval_upper,119,2,0,0,0,119
l132-s4-holt-2014,article:l132,material_identity,0.0,0,0.4,coverage_0.5,119,2,0,0,0,119
l132-s4-holt-2014,article:l132,material_identity,0.0,0,0.4,coverage_0.75,119,2,0,0,0,119
l132-s4-holt-2014,article:l132,material_identity,0.0,0,0.5,reported_point,119,4,4,0,4,119
l132-s4-holt-2014,article:l132,material_identity,0.0,0,0.5,interval_upper,119,4,0,0,0,119
l132-s4-holt-2014,article:l132,material_identity,0.0,0,0.5,coverage_0.5,119,4,0,0,0,119
l132-s4-holt-2014,article:l132,material_identity,0.0,0,0.5,coverage_0.75,119,4,0,0,0,119
l132-s4-holt-2014,article:l132,experimental_protocol,0.0,0,0.1,reported_point,119,0,0,0,0,119
l132-s4-holt-2014,article:l132,experimental_protocol,0.0,0,0.1,interval_upper,119,0,0,0,0,119
l132-s4-holt-2014,article:l132,experimental_protocol,0.0,0,0.1,coverage_0.5,119,0,0,0,0,119
l132-s4-holt-2014,article:l132,experimental_protocol,0.0,0,0.1,coverage_0.75,119,0,0,0,0,119
l132-s4-holt-2014,article:l132,experimental_protocol,0.0,0,0.2,reported_point,119,0,0,0,0,119
l132-s4-holt-2014,article:l132,experimental_protocol,0.0,0,0.2,interval_upper,119,0,0,0,0,119
l132-s4-holt-2014,article:l132,experimental_protocol,0.0,0,0.2,coverage_0.5,119,0,0,0,0,119
l132-s4-holt-2014,article:l132,experimental_protocol,0.0,0,0.2,coverage_0.75,119,0,0,0,0,119
l132-s4-holt-2014,article:l132,experimental_protocol,0.0,0,0.3,reported_point,119,0,0,0,0,119
l132-s4-holt-2014,article:l132,experimental_protocol,0.0,0,0.3,interval_upper,119,0,0,0,0,119
l132-s4-holt-2014,article:l132,experimental_protocol,0.0,0,0.3,coverage_0.5,119,0,0,0,0,119
l132-s4-holt-2014,article:l132,experimental_protocol,0.0,0,0.3,coverage_0.75,119,0,0,0,0,119
l132-s4-holt-2014,article:l132,experimental_protocol,0.0,0,0.4,reported_point,119,0,0,0,0,119
l132-s4-holt-2014,article:l132,experimental_protocol,0.0,0,0.4,interval_upper,119,0,0,0,0,119
l132-s4-holt-2014,article:l132,experimental_protocol,0.0,0,0.4,coverage_0.5,119,0,0,0,0,119
l132-s4-holt-2014,article:l132,experimental_protocol,0.0,0,0.4,coverage_0.75,119,0,0,0,0,119
l132-s4-holt-2014,article:l132,experimental_protocol,0.0,0,0.5,reported_point,119,2,2,0,2,119
l132-s4-holt-2014,article:l132,experimental_protocol,0.0,0,0.5,interval_upper,119,2,0,0,0,119
l132-s4-holt-2014,article:l132,experimental_protocol,0.0,0,0.5,coverage_0.5,119,2,2,0,2,119
l132-s4-holt-2014,article:l132,experimental_protocol,0.0,0,0.5,coverage_0.75,119,2,0,0,0,119
l132-s4-holt-2014,article:l132,balanced_instance,0.0,0,0.1,reported_point,119,0,0,0,0,119
l132-s4-holt-2014,article:l132,balanced_instance,0.0,0,0.1,interval_upper,119,0,0,0,0,119
l132-s4-holt-2014,article:l132,balanced_instance,0.0,0,0.1,coverage_0.5,119,0,0,0,0,119
l132-s4-holt-2014,article:l132,balanced_instance,0.0,0,0.1,coverage_0.75,119,0,0,0,0,119
l132-s4-holt-2014,article:l132,balanced_instance,0.0,0,0.2,reported_point,119,0,0,0,0,119
l132-s4-holt-2014,article:l132,balanced_instance,0.0,0,0.2,interval_upper,119,0,0,0,0,119
l132-s4-holt-2014,article:l132,balanced_instance,0.0,0,0.2,coverage_0.5,119,0,0,0,0,119
l132-s4-holt-2014,article:l132,balanced_instance,0.0,0,0.2,coverage_0.75,119,0,0,0,0,119
l132-s4-holt-2014,article:l132,balanced_instance,0.0,0,0.3,reported_point,119,0,0,0,0,119
l132-s4-holt-2014,article:l132,balanced_instance,0.0,0,0.3,interval_upper,119,0,0,0,0,119
l132-s4-holt-2014,article:l132,balanced_instance,0.0,0,0.3,coverage_0.5,119,0,0,0,0,119
l132-s4-holt-2014,article:l132,balanced_instance,0.0,0,0.3,coverage_0.75,119,0,0,0,0,119
l132-s4-holt-2014,article:l132,balanced_instance,0.0,0,0.4,reported_point,119,0,0,0,0,119
l132-s4-holt-2014,article:l132,balanced_instance,0.0,0,0.4,interval_upper,119,0,0,0,0,119
l132-s4-holt-2014,article:l132,balanced_instance,0.0,0,0.4,coverage_0.5,119,0,0,0,0,119
l132-s4-holt-2014,article:l132,balanced_instance,0.0,0,0.4,coverage_0.75,119,0,0,0,0,119
l132-s4-holt-2014,article:l132,balanced_instance,0.0,0,0.5,reported_point,119,1,1,0,1,119
l132-s4-holt-2014,article:l132,balanced_instance,0.0,0,0.5,interval_upper,119,1,0,0,0,119
l132-s4-holt-2014,article:l132,balanced_instance,0.0,0,0.5,coverage_0.5,119,1,1,0,1,119
l132-s4-holt-2014,article:l132,balanced_instance,0.0,0,0.5,coverage_0.75,119,1,0,0,0,119
l137-s8-yang-2014,article:l137,material_identity,0.0,0,0.1,reported_point,119,0,0,0,0,119
l137-s8-yang-2014,article:l137,material_identity,0.0,0,0.1,interval_upper,119,0,0,0,0,119
l137-s8-yang-2014,article:l137,material_identity,0.0,0,0.1,coverage_0.5,119,0,0,0,0,119
l137-s8-yang-2014,article:l137,material_identity,0.0,0,0.1,coverage_0.75,119,0,0,0,0,119
l137-s8-yang-2014,article:l137,material_identity,0.0,0,0.2,reported_point,119,0,0,0,0,119
l137-s8-yang-2014,article:l137,material_identity,0.0,0,0.2,interval_upper,119,0,0,0,0,119
l137-s8-yang-2014,article:l137,material_identity,0.0,0,0.2,coverage_0.5,119,0,0,0,0,119
l137-s8-yang-2014,article:l137,material_identity,0.0,0,0.2,coverage_0.75,119,0,0,0,0,119
l137-s8-yang-2014,article:l137,material_identity,0.0,0,0.3,reported_point,119,0,0,0,0,119
l137-s8-yang-2014,article:l137,material_identity,0.0,0,0.3,interval_upper,119,0,0,0,0,119
l137-s8-yang-2014,article:l137,material_identity,0.0,0,0.3,coverage_0.5,119,0,0,0,0,119
l137-s8-yang-2014,article:l137,material_identity,0.0,0,0.3,coverage_0.75,119,0,0,0,0,119
l137-s8-yang-2014,article:l137,material_identity,0.0,0,0.4,reported_point,119,0,0,0,0,119
l137-s8-yang-2014,article:l137,material_identity,0.0,0,0.4,interval_upper,119,0,0,0,0,119
l137-s8-yang-2014,article:l137,material_identity,0.0,0,0.4,coverage_0.5,119,0,0,0,0,119
l137-s8-yang-2014,article:l137,material_identity,0.0,0,0.4,coverage_0.75,119,0,0,0,0,119
l137-s8-yang-2014,article:l137,material_identity,0.0,0,0.5,reported_point,119,0,0,0,0,119
l137-s8-yang-2014,article:l137,material_identity,0.0,0,0.5,interval_upper,119,0,0,0,0,119
l137-s8-yang-2014,article:l137,material_identity,0.0,0,0.5,coverage_0.5,119,0,0,0,0,119
l137-s8-yang-2014,article:l137,material_identity,0.0,0,0.5,coverage_0.75,119,0,0,0,0,119
l137-s8-yang-2014,article:l137,experimental_protocol,0.0,0,0.1,reported_point,119,0,0,0,0,119
l137-s8-yang-2014,article:l137,experimental_protocol,0.0,0,0.1,interval_upper,119,0,0,0,0,119
l137-s8-yang-2014,article:l137,experimental_protocol,0.0,0,0.1,coverage_0.5,119,0,0,0,0,119
l137-s8-yang-2014,article:l137,experimental_protocol,0.0,0,0.1,coverage_0.75,119,0,0,0,0,119
l137-s8-yang-2014,article:l137,experimental_protocol,0.0,0,0.2,reported_point,119,0,0,0,0,119
l137-s8-yang-2014,article:l137,experimental_protocol,0.0,0,0.2,interval_upper,119,0,0,0,0,119
l137-s8-yang-2014,article:l137,experimental_protocol,0.0,0,0.2,coverage_0.5,119,0,0,0,0,119
l137-s8-yang-2014,article:l137,experimental_protocol,0.0,0,0.2,coverage_0.75,119,0,0,0,0,119
l137-s8-yang-2014,article:l137,experimental_protocol,0.0,0,0.3,reported_point,119,0,0,0,0,119
l137-s8-yang-2014,article:l137,experimental_protocol,0.0,0,0.3,interval_upper,119,0,0,0,0,119
l137-s8-yang-2014,article:l137,experimental_protocol,0.0,0,0.3,coverage_0.5,119,0,0,0,0,119
l137-s8-yang-2014,article:l137,experimental_protocol,0.0,0,0.3,coverage_0.75,119,0,0,0,0,119
l137-s8-yang-2014,article:l137,experimental_protocol,0.0,0,0.4,reported_point,119,3,3,0,3,119
l137-s8-yang-2014,article:l137,experimental_protocol,0.0,0,0.4,interval_upper,119,3,0,0,0,119
l137-s8-yang-2014,article:l137,experimental_protocol,0.0,0,0.4,coverage_0.5,119,3,3,0,3,119
l137-s8-yang-2014,article:l137,experimental_protocol,0.0,0,0.4,coverage_0.75,119,3,0,0,0,119
l137-s8-yang-2014,article:l137,experimental_protocol,0.0,0,0.5,reported_point,119,10,10,0,10,119
l137-s8-yang-2014,article:l137,experimental_protocol,0.0,0,0.5,interval_upper,119,10,2,0,2,119
l137-s8-yang-2014,article:l137,experimental_protocol,0.0,0,0.5,coverage_0.5,119,10,10,0,10,119
l137-s8-yang-2014,article:l137,experimental_protocol,0.0,0,0.5,coverage_0.75,119,10,0,0,0,119
l137-s8-yang-2014,article:l137,balanced_instance,0.0,0,0.1,reported_point,119,0,0,0,0,119
l137-s8-yang-2014,article:l137,balanced_instance,0.0,0,0.1,interval_upper,119,0,0,0,0,119
l137-s8-yang-2014,article:l137,balanced_instance,0.0,0,0.1,coverage_0.5,119,0,0,0,0,119
l137-s8-yang-2014,article:l137,balanced_instance,0.0,0,0.1,coverage_0.75,119,0,0,0,0,119
l137-s8-yang-2014,article:l137,balanced_instance,0.0,0,0.2,reported_point,119,0,0,0,0,119
l137-s8-yang-2014,article:l137,balanced_instance,0.0,0,0.2,interval_upper,119,0,0,0,0,119
l137-s8-yang-2014,article:l137,balanced_instance,0.0,0,0.2,coverage_0.5,119,0,0,0,0,119
l137-s8-yang-2014,article:l137,balanced_instance,0.0,0,0.2,coverage_0.75,119,0,0,0,0,119
l137-s8-yang-2014,article:l137,balanced_instance,0.0,0,0.3,reported_point,119,0,0,0,0,119
l137-s8-yang-2014,article:l137,balanced_instance,0.0,0,0.3,interval_upper,119,0,0,0,0,119
l137-s8-yang-2014,article:l137,balanced_instance,0.0,0,0.3,coverage_0.5,119,0,0,0,0,119
l137-s8-yang-2014,article:l137,balanced_instance,0.0,0,0.3,coverage_0.75,119,0,0,0,0,119
l137-s8-yang-2014,article:l137,balanced_instance,0.0,0,0.4,reported_point,119,0,0,0,0,119
l137-s8-yang-2014,article:l137,balanced_instance,0.0,0,0.4,interval_upper,119,0,0,0,0,119
l137-s8-yang-2014,article:l137,balanced_instance,0.0,0,0.4,coverage_0.5,119,0,0,0,0,119
l137-s8-yang-2014,article:l137,balanced_instance,0.0,0,0.4,coverage_0.75,119,0,0,0,0,119
l137-s8-yang-2014,article:l137,balanced_instance,0.0,0,0.5,reported_point,119,1,1,0,1,119
l137-s8-yang-2014,article:l137,balanced_instance,0.0,0,0.5,interval_upper,119,1,0,0,0,119
l137-s8-yang-2014,article:l137,balanced_instance,0.0,0,0.5,coverage_0.5,119,1,1,0,1,119
l137-s8-yang-2014,article:l137,balanced_instance,0.0,0,0.5,coverage_0.75,119,1,0,0,0,119
l271-s15-sun-2004,article:l271,material_identity,0.0,0,0.1,reported_point,119,0,0,0,0,119
l271-s15-sun-2004,article:l271,material_identity,0.0,0,0.1,interval_upper,119,0,0,0,0,119
l271-s15-sun-2004,article:l271,material_identity,0.0,0,0.1,coverage_0.5,119,0,0,0,0,119
l271-s15-sun-2004,article:l271,material_identity,0.0,0,0.1,coverage_0.75,119,0,0,0,0,119
l271-s15-sun-2004,article:l271,material_identity,0.0,0,0.2,reported_point,119,0,0,0,0,119
l271-s15-sun-2004,article:l271,material_identity,0.0,0,0.2,interval_upper,119,0,0,0,0,119
l271-s15-sun-2004,article:l271,material_identity,0.0,0,0.2,coverage_0.5,119,0,0,0,0,119
l271-s15-sun-2004,article:l271,material_identity,0.0,0,0.2,coverage_0.75,119,0,0,0,0,119
l271-s15-sun-2004,article:l271,material_identity,0.0,0,0.3,reported_point,119,0,0,0,0,119
l271-s15-sun-2004,article:l271,material_identity,0.0,0,0.3,interval_upper,119,0,0,0,0,119
l271-s15-sun-2004,article:l271,material_identity,0.0,0,0.3,coverage_0.5,119,0,0,0,0,119
l271-s15-sun-2004,article:l271,material_identity,0.0,0,0.3,coverage_0.75,119,0,0,0,0,119
l271-s15-sun-2004,article:l271,material_identity,0.0,0,0.4,reported_point,119,1,1,0,1,119
l271-s15-sun-2004,article:l271,material_identity,0.0,0,0.4,interval_upper,119,1,0,0,0,119
l271-s15-sun-2004,article:l271,material_identity,0.0,0,0.4,coverage_0.5,119,1,0,0,0,119
l271-s15-sun-2004,article:l271,material_identity,0.0,0,0.4,coverage_0.75,119,1,0,0,0,119
l271-s15-sun-2004,article:l271,material_identity,0.0,0,0.5,reported_point,119,1,1,0,1,119
l271-s15-sun-2004,article:l271,material_identity,0.0,0,0.5,interval_upper,119,1,0,0,0,119
l271-s15-sun-2004,article:l271,material_identity,0.0,0,0.5,coverage_0.5,119,1,0,0,0,119
l271-s15-sun-2004,article:l271,material_identity,0.0,0,0.5,coverage_0.75,119,1,0,0,0,119
l271-s15-sun-2004,article:l271,experimental_protocol,0.0,0,0.1,reported_point,119,2,2,0,2,119
l271-s15-sun-2004,article:l271,experimental_protocol,0.0,0,0.1,interval_upper,119,2,0,0,0,119
l271-s15-sun-2004,article:l271,experimental_protocol,0.0,0,0.1,coverage_0.5,119,2,2,0,2,119
l271-s15-sun-2004,article:l271,experimental_protocol,0.0,0,0.1,coverage_0.75,119,2,0,0,0,119
l271-s15-sun-2004,article:l271,experimental_protocol,0.0,0,0.2,reported_point,119,3,3,0,3,119
l271-s15-sun-2004,article:l271,experimental_protocol,0.0,0,0.2,interval_upper,119,3,0,0,0,119
l271-s15-sun-2004,article:l271,experimental_protocol,0.0,0,0.2,coverage_0.5,119,3,3,0,3,119
l271-s15-sun-2004,article:l271,experimental_protocol,0.0,0,0.2,coverage_0.75,119,3,0,0,0,119
l271-s15-sun-2004,article:l271,experimental_protocol,0.0,0,0.3,reported_point,119,3,3,0,3,119
l271-s15-sun-2004,article:l271,experimental_protocol,0.0,0,0.3,interval_upper,119,3,0,0,0,119
l271-s15-sun-2004,article:l271,experimental_protocol,0.0,0,0.3,coverage_0.5,119,3,3,0,3,119
l271-s15-sun-2004,article:l271,experimental_protocol,0.0,0,0.3,coverage_0.75,119,3,0,0,0,119
l271-s15-sun-2004,article:l271,experimental_protocol,0.0,0,0.4,reported_point,119,7,7,0,7,119
l271-s15-sun-2004,article:l271,experimental_protocol,0.0,0,0.4,interval_upper,119,7,1,0,1,119
l271-s15-sun-2004,article:l271,experimental_protocol,0.0,0,0.4,coverage_0.5,119,7,7,0,7,119
l271-s15-sun-2004,article:l271,experimental_protocol,0.0,0,0.4,coverage_0.75,119,7,0,0,0,119
l271-s15-sun-2004,article:l271,experimental_protocol,0.0,0,0.5,reported_point,119,9,9,0,9,119
l271-s15-sun-2004,article:l271,experimental_protocol,0.0,0,0.5,interval_upper,119,9,3,0,3,119
l271-s15-sun-2004,article:l271,experimental_protocol,0.0,0,0.5,coverage_0.5,119,9,9,0,9,119
l271-s15-sun-2004,article:l271,experimental_protocol,0.0,0,0.5,coverage_0.75,119,9,0,0,0,119
l271-s15-sun-2004,article:l271,balanced_instance,0.0,0,0.1,reported_point,119,0,0,0,0,119
l271-s15-sun-2004,article:l271,balanced_instance,0.0,0,0.1,interval_upper,119,0,0,0,0,119
l271-s15-sun-2004,article:l271,balanced_instance,0.0,0,0.1,coverage_0.5,119,0,0,0,0,119
l271-s15-sun-2004,article:l271,balanced_instance,0.0,0,0.1,coverage_0.75,119,0,0,0,0,119
l271-s15-sun-2004,article:l271,balanced_instance,0.0,0,0.2,reported_point,119,1,1,0,1,119
l271-s15-sun-2004,article:l271,balanced_instance,0.0,0,0.2,interval_upper,119,1,0,0,0,119
l271-s15-sun-2004,article:l271,balanced_instance,0.0,0,0.2,coverage_0.5,119,1,1,0,1,119
l271-s15-sun-2004,article:l271,balanced_instance,0.0,0,0.2,coverage_0.75,119,1,0,0,0,119
l271-s15-sun-2004,article:l271,balanced_instance,0.0,0,0.3,reported_point,119,2,2,0,2,119
l271-s15-sun-2004,article:l271,balanced_instance,0.0,0,0.3,interval_upper,119,2,0,0,0,119
l271-s15-sun-2004,article:l271,balanced_instance,0.0,0,0.3,coverage_0.5,119,2,1,0,1,119
l271-s15-sun-2004,article:l271,balanced_instance,0.0,0,0.3,coverage_0.75,119,2,0,0,0,119
l271-s15-sun-2004,article:l271,balanced_instance,0.0,0,0.4,reported_point,119,3,3,0,3,119
l271-s15-sun-2004,article:l271,balanced_instance,0.0,0,0.4,interval_upper,119,3,0,0,0,119
l271-s15-sun-2004,article:l271,balanced_instance,0.0,0,0.4,coverage_0.5,119,3,2,0,2,119
l271-s15-sun-2004,article:l271,balanced_instance,0.0,0,0.4,coverage_0.75,119,3,0,0,0,119
l271-s15-sun-2004,article:l271,balanced_instance,0.0,0,0.5,reported_point,119,6,6,0,6,119
l271-s15-sun-2004,article:l271,balanced_instance,0.0,0,0.5,interval_upper,119,6,0,0,0,119
l271-s15-sun-2004,article:l271,balanced_instance,0.0,0,0.5,coverage_0.5,119,6,5,0,5,119
l271-s15-sun-2004,article:l271,balanced_instance,0.0,0,0.5,coverage_0.75,119,6,0,0,0,119
l266-s8-kalaitzidou-2007,article:l266,material_identity,0.0,0,0.1,reported_point,119,0,0,0,0,119
l266-s8-kalaitzidou-2007,article:l266,material_identity,0.0,0,0.1,interval_upper,119,0,0,0,0,119
l266-s8-kalaitzidou-2007,article:l266,material_identity,0.0,0,0.1,coverage_0.5,119,0,0,0,0,119
l266-s8-kalaitzidou-2007,article:l266,material_identity,0.0,0,0.1,coverage_0.75,119,0,0,0,0,119
l266-s8-kalaitzidou-2007,article:l266,material_identity,0.0,0,0.2,reported_point,119,0,0,0,0,119
l266-s8-kalaitzidou-2007,article:l266,material_identity,0.0,0,0.2,interval_upper,119,0,0,0,0,119
l266-s8-kalaitzidou-2007,article:l266,material_identity,0.0,0,0.2,coverage_0.5,119,0,0,0,0,119
l266-s8-kalaitzidou-2007,article:l266,material_identity,0.0,0,0.2,coverage_0.75,119,0,0,0,0,119
l266-s8-kalaitzidou-2007,article:l266,material_identity,0.0,0,0.3,reported_point,119,4,4,0,4,119
l266-s8-kalaitzidou-2007,article:l266,material_identity,0.0,0,0.3,interval_upper,119,4,0,0,0,119
l266-s8-kalaitzidou-2007,article:l266,material_identity,0.0,0,0.3,coverage_0.5,119,4,0,0,0,119
l266-s8-kalaitzidou-2007,article:l266,material_identity,0.0,0,0.3,coverage_0.75,119,4,0,0,0,119
l266-s8-kalaitzidou-2007,article:l266,material_identity,0.0,0,0.4,reported_point,119,6,6,0,6,119
l266-s8-kalaitzidou-2007,article:l266,material_identity,0.0,0,0.4,interval_upper,119,6,0,0,0,119
l266-s8-kalaitzidou-2007,article:l266,material_identity,0.0,0,0.4,coverage_0.5,119,6,0,0,0,119
l266-s8-kalaitzidou-2007,article:l266,material_identity,0.0,0,0.4,coverage_0.75,119,6,0,0,0,119
l266-s8-kalaitzidou-2007,article:l266,material_identity,0.0,0,0.5,reported_point,119,6,6,0,6,119
l266-s8-kalaitzidou-2007,article:l266,material_identity,0.0,0,0.5,interval_upper,119,6,0,0,0,119
l266-s8-kalaitzidou-2007,article:l266,material_identity,0.0,0,0.5,coverage_0.5,119,6,0,0,0,119
l266-s8-kalaitzidou-2007,article:l266,material_identity,0.0,0,0.5,coverage_0.75,119,6,0,0,0,119
l266-s8-kalaitzidou-2007,article:l266,experimental_protocol,0.0,0,0.1,reported_point,119,0,0,0,0,119
l266-s8-kalaitzidou-2007,article:l266,experimental_protocol,0.0,0,0.1,interval_upper,119,0,0,0,0,119
l266-s8-kalaitzidou-2007,article:l266,experimental_protocol,0.0,0,0.1,coverage_0.5,119,0,0,0,0,119
l266-s8-kalaitzidou-2007,article:l266,experimental_protocol,0.0,0,0.1,coverage_0.75,119,0,0,0,0,119
l266-s8-kalaitzidou-2007,article:l266,experimental_protocol,0.0,0,0.2,reported_point,119,1,1,0,1,119
l266-s8-kalaitzidou-2007,article:l266,experimental_protocol,0.0,0,0.2,interval_upper,119,1,0,0,0,119
l266-s8-kalaitzidou-2007,article:l266,experimental_protocol,0.0,0,0.2,coverage_0.5,119,1,1,0,1,119
l266-s8-kalaitzidou-2007,article:l266,experimental_protocol,0.0,0,0.2,coverage_0.75,119,1,0,0,0,119
l266-s8-kalaitzidou-2007,article:l266,experimental_protocol,0.0,0,0.3,reported_point,119,1,1,0,1,119
l266-s8-kalaitzidou-2007,article:l266,experimental_protocol,0.0,0,0.3,interval_upper,119,1,0,0,0,119
l266-s8-kalaitzidou-2007,article:l266,experimental_protocol,0.0,0,0.3,coverage_0.5,119,1,1,0,1,119
l266-s8-kalaitzidou-2007,article:l266,experimental_protocol,0.0,0,0.3,coverage_0.75,119,1,0,0,0,119
l266-s8-kalaitzidou-2007,article:l266,experimental_protocol,0.0,0,0.4,reported_point,119,1,1,0,1,119
l266-s8-kalaitzidou-2007,article:l266,experimental_protocol,0.0,0,0.4,interval_upper,119,1,1,0,1,119
l266-s8-kalaitzidou-2007,article:l266,experimental_protocol,0.0,0,0.4,coverage_0.5,119,1,1,0,1,119
l266-s8-kalaitzidou-2007,article:l266,experimental_protocol,0.0,0,0.4,coverage_0.75,119,1,0,0,0,119
l266-s8-kalaitzidou-2007,article:l266,experimental_protocol,0.0,0,0.5,reported_point,119,2,2,0,2,119
l266-s8-kalaitzidou-2007,article:l266,experimental_protocol,0.0,0,0.5,interval_upper,119,2,1,0,1,119
l266-s8-kalaitzidou-2007,article:l266,experimental_protocol,0.0,0,0.5,coverage_0.5,119,2,2,0,2,119
l266-s8-kalaitzidou-2007,article:l266,experimental_protocol,0.0,0,0.5,coverage_0.75,119,2,0,0,0,119
l266-s8-kalaitzidou-2007,article:l266,balanced_instance,0.0,0,0.1,reported_point,119,0,0,0,0,119
l266-s8-kalaitzidou-2007,article:l266,balanced_instance,0.0,0,0.1,interval_upper,119,0,0,0,0,119
l266-s8-kalaitzidou-2007,article:l266,balanced_instance,0.0,0,0.1,coverage_0.5,119,0,0,0,0,119
l266-s8-kalaitzidou-2007,article:l266,balanced_instance,0.0,0,0.1,coverage_0.75,119,0,0,0,0,119
l266-s8-kalaitzidou-2007,article:l266,balanced_instance,0.0,0,0.2,reported_point,119,1,1,0,1,119
l266-s8-kalaitzidou-2007,article:l266,balanced_instance,0.0,0,0.2,interval_upper,119,1,0,0,0,119
l266-s8-kalaitzidou-2007,article:l266,balanced_instance,0.0,0,0.2,coverage_0.5,119,1,1,0,1,119
l266-s8-kalaitzidou-2007,article:l266,balanced_instance,0.0,0,0.2,coverage_0.75,119,1,0,0,0,119
l266-s8-kalaitzidou-2007,article:l266,balanced_instance,0.0,0,0.3,reported_point,119,1,1,0,1,119
l266-s8-kalaitzidou-2007,article:l266,balanced_instance,0.0,0,0.3,interval_upper,119,1,0,0,0,119
l266-s8-kalaitzidou-2007,article:l266,balanced_instance,0.0,0,0.3,coverage_0.5,119,1,1,0,1,119
l266-s8-kalaitzidou-2007,article:l266,balanced_instance,0.0,0,0.3,coverage_0.75,119,1,0,0,0,119
l266-s8-kalaitzidou-2007,article:l266,balanced_instance,0.0,0,0.4,reported_point,119,1,1,0,1,119
l266-s8-kalaitzidou-2007,article:l266,balanced_instance,0.0,0,0.4,interval_upper,119,1,0,0,0,119
l266-s8-kalaitzidou-2007,article:l266,balanced_instance,0.0,0,0.4,coverage_0.5,119,1,1,0,1,119
l266-s8-kalaitzidou-2007,article:l266,balanced_instance,0.0,0,0.4,coverage_0.75,119,1,0,0,0,119
l266-s8-kalaitzidou-2007,article:l266,balanced_instance,0.0,0,0.5,reported_point,119,1,1,0,1,119
l266-s8-kalaitzidou-2007,article:l266,balanced_instance,0.0,0,0.5,interval_upper,119,1,0,0,0,119
l266-s8-kalaitzidou-2007,article:l266,balanced_instance,0.0,0,0.5,coverage_0.5,119,1,1,0,1,119
l266-s8-kalaitzidou-2007,article:l266,balanced_instance,0.0,0,0.5,coverage_0.75,119,1,0,0,0,119
l261-s2-wang-2016,article:l261,material_identity,0.0,0,0.1,reported_point,119,5,5,0,5,119
l261-s2-wang-2016,article:l261,material_identity,0.0,0,0.1,interval_upper,119,5,0,0,0,119
l261-s2-wang-2016,article:l261,material_identity,0.0,0,0.1,coverage_0.5,119,5,0,0,0,119
l261-s2-wang-2016,article:l261,material_identity,0.0,0,0.1,coverage_0.75,119,5,0,0,0,119
l261-s2-wang-2016,article:l261,material_identity,0.0,0,0.2,reported_point,119,5,5,0,5,119
l261-s2-wang-2016,article:l261,material_identity,0.0,0,0.2,interval_upper,119,5,0,0,0,119
l261-s2-wang-2016,article:l261,material_identity,0.0,0,0.2,coverage_0.5,119,5,0,0,0,119
l261-s2-wang-2016,article:l261,material_identity,0.0,0,0.2,coverage_0.75,119,5,0,0,0,119
l261-s2-wang-2016,article:l261,material_identity,0.0,0,0.3,reported_point,119,22,22,0,22,119
l261-s2-wang-2016,article:l261,material_identity,0.0,0,0.3,interval_upper,119,22,0,0,0,119
l261-s2-wang-2016,article:l261,material_identity,0.0,0,0.3,coverage_0.5,119,22,0,0,0,119
l261-s2-wang-2016,article:l261,material_identity,0.0,0,0.3,coverage_0.75,119,22,0,0,0,119
l261-s2-wang-2016,article:l261,material_identity,0.0,0,0.4,reported_point,119,27,27,0,27,119
l261-s2-wang-2016,article:l261,material_identity,0.0,0,0.4,interval_upper,119,27,0,0,0,119
l261-s2-wang-2016,article:l261,material_identity,0.0,0,0.4,coverage_0.5,119,27,0,0,0,119
l261-s2-wang-2016,article:l261,material_identity,0.0,0,0.4,coverage_0.75,119,27,0,0,0,119
l261-s2-wang-2016,article:l261,material_identity,0.0,0,0.5,reported_point,119,32,32,0,32,119
l261-s2-wang-2016,article:l261,material_identity,0.0,0,0.5,interval_upper,119,32,0,0,0,119
l261-s2-wang-2016,article:l261,material_identity,0.0,0,0.5,coverage_0.5,119,32,0,0,0,119
l261-s2-wang-2016,article:l261,material_identity,0.0,0,0.5,coverage_0.75,119,32,0,0,0,119
l261-s2-wang-2016,article:l261,experimental_protocol,0.0,0,0.1,reported_point,119,0,0,0,0,119
l261-s2-wang-2016,article:l261,experimental_protocol,0.0,0,0.1,interval_upper,119,0,0,0,0,119
l261-s2-wang-2016,article:l261,experimental_protocol,0.0,0,0.1,coverage_0.5,119,0,0,0,0,119
l261-s2-wang-2016,article:l261,experimental_protocol,0.0,0,0.1,coverage_0.75,119,0,0,0,0,119
l261-s2-wang-2016,article:l261,experimental_protocol,0.0,0,0.2,reported_point,119,0,0,0,0,119
l261-s2-wang-2016,article:l261,experimental_protocol,0.0,0,0.2,interval_upper,119,0,0,0,0,119
l261-s2-wang-2016,article:l261,experimental_protocol,0.0,0,0.2,coverage_0.5,119,0,0,0,0,119
l261-s2-wang-2016,article:l261,experimental_protocol,0.0,0,0.2,coverage_0.75,119,0,0,0,0,119
l261-s2-wang-2016,article:l261,experimental_protocol,0.0,0,0.3,reported_point,119,0,0,0,0,119
l261-s2-wang-2016,article:l261,experimental_protocol,0.0,0,0.3,interval_upper,119,0,0,0,0,119
l261-s2-wang-2016,article:l261,experimental_protocol,0.0,0,0.3,coverage_0.5,119,0,0,0,0,119
l261-s2-wang-2016,article:l261,experimental_protocol,0.0,0,0.3,coverage_0.75,119,0,0,0,0,119
l261-s2-wang-2016,article:l261,experimental_protocol,0.0,0,0.4,reported_point,119,1,1,0,1,119
l261-s2-wang-2016,article:l261,experimental_protocol,0.0,0,0.4,interval_upper,119,1,0,0,0,119
l261-s2-wang-2016,article:l261,experimental_protocol,0.0,0,0.4,coverage_0.5,119,1,1,0,1,119
l261-s2-wang-2016,article:l261,experimental_protocol,0.0,0,0.4,coverage_0.75,119,1,0,0,0,119
l261-s2-wang-2016,article:l261,experimental_protocol,0.0,0,0.5,reported_point,119,2,2,0,2,119
l261-s2-wang-2016,article:l261,experimental_protocol,0.0,0,0.5,interval_upper,119,2,0,0,0,119
l261-s2-wang-2016,article:l261,experimental_protocol,0.0,0,0.5,coverage_0.5,119,2,2,0,2,119
l261-s2-wang-2016,article:l261,experimental_protocol,0.0,0,0.5,coverage_0.75,119,2,0,0,0,119
l261-s2-wang-2016,article:l261,balanced_instance,0.0,0,0.1,reported_point,119,0,0,0,0,119
l261-s2-wang-2016,article:l261,balanced_instance,0.0,0,0.1,interval_upper,119,0,0,0,0,119
l261-s2-wang-2016,article:l261,balanced_instance,0.0,0,0.1,coverage_0.5,119,0,0,0,0,119
l261-s2-wang-2016,article:l261,balanced_instance,0.0,0,0.1,coverage_0.75,119,0,0,0,0,119
l261-s2-wang-2016,article:l261,balanced_instance,0.0,0,0.2,reported_point,119,0,0,0,0,119
l261-s2-wang-2016,article:l261,balanced_instance,0.0,0,0.2,interval_upper,119,0,0,0,0,119
l261-s2-wang-2016,article:l261,balanced_instance,0.0,0,0.2,coverage_0.5,119,0,0,0,0,119
l261-s2-wang-2016,article:l261,balanced_instance,0.0,0,0.2,coverage_0.75,119,0,0,0,0,119
l261-s2-wang-2016,article:l261,balanced_instance,0.0,0,0.3,reported_point,119,1,1,0,1,119
l261-s2-wang-2016,article:l261,balanced_instance,0.0,0,0.3,interval_upper,119,1,0,0,0,119
l261-s2-wang-2016,article:l261,balanced_instance,0.0,0,0.3,coverage_0.5,119,1,1,0,1,119
l261-s2-wang-2016,article:l261,balanced_instance,0.0,0,0.3,coverage_0.75,119,1,0,0,0,119
l261-s2-wang-2016,article:l261,balanced_instance,0.0,0,0.4,reported_point,119,2,2,0,2,119
l261-s2-wang-2016,article:l261,balanced_instance,0.0,0,0.4,interval_upper,119,2,0,0,0,119
l261-s2-wang-2016,article:l261,balanced_instance,0.0,0,0.4,coverage_0.5,119,2,2,0,2,119
l261-s2-wang-2016,article:l261,balanced_instance,0.0,0,0.4,coverage_0.75,119,2,0,0,0,119
l261-s2-wang-2016,article:l261,balanced_instance,0.0,0,0.5,reported_point,119,9,9,0,9,119
l261-s2-wang-2016,article:l261,balanced_instance,0.0,0,0.5,interval_upper,119,9,0,0,0,119
l261-s2-wang-2016,article:l261,balanced_instance,0.0,0,0.5,coverage_0.5,119,9,7,0,7,119
l261-s2-wang-2016,article:l261,balanced_instance,0.0,0,0.5,coverage_0.75,119,9,0,0,0,119
l377-s4-wanasekara-2017,article:l377,material_identity,0.0,0,0.1,reported_point,119,0,0,0,0,119
l377-s4-wanasekara-2017,article:l377,material_identity,0.0,0,0.1,interval_upper,119,0,0,0,0,119
l377-s4-wanasekara-2017,article:l377,material_identity,0.0,0,0.1,coverage_0.5,119,0,0,0,0,119
l377-s4-wanasekara-2017,article:l377,material_identity,0.0,0,0.1,coverage_0.75,119,0,0,0,0,119
l377-s4-wanasekara-2017,article:l377,material_identity,0.0,0,0.2,reported_point,119,0,0,0,0,119
l377-s4-wanasekara-2017,article:l377,material_identity,0.0,0,0.2,interval_upper,119,0,0,0,0,119
l377-s4-wanasekara-2017,article:l377,material_identity,0.0,0,0.2,coverage_0.5,119,0,0,0,0,119
l377-s4-wanasekara-2017,article:l377,material_identity,0.0,0,0.2,coverage_0.75,119,0,0,0,0,119
l377-s4-wanasekara-2017,article:l377,material_identity,0.0,0,0.3,reported_point,119,0,0,0,0,119
l377-s4-wanasekara-2017,article:l377,material_identity,0.0,0,0.3,interval_upper,119,0,0,0,0,119
l377-s4-wanasekara-2017,article:l377,material_identity,0.0,0,0.3,coverage_0.5,119,0,0,0,0,119
l377-s4-wanasekara-2017,article:l377,material_identity,0.0,0,0.3,coverage_0.75,119,0,0,0,0,119
l377-s4-wanasekara-2017,article:l377,material_identity,0.0,0,0.4,reported_point,119,0,0,0,0,119
l377-s4-wanasekara-2017,article:l377,material_identity,0.0,0,0.4,interval_upper,119,0,0,0,0,119
l377-s4-wanasekara-2017,article:l377,material_identity,0.0,0,0.4,coverage_0.5,119,0,0,0,0,119
l377-s4-wanasekara-2017,article:l377,material_identity,0.0,0,0.4,coverage_0.75,119,0,0,0,0,119
l377-s4-wanasekara-2017,article:l377,material_identity,0.0,0,0.5,reported_point,119,0,0,0,0,119
l377-s4-wanasekara-2017,article:l377,material_identity,0.0,0,0.5,interval_upper,119,0,0,0,0,119
l377-s4-wanasekara-2017,article:l377,material_identity,0.0,0,0.5,coverage_0.5,119,0,0,0,0,119
l377-s4-wanasekara-2017,article:l377,material_identity,0.0,0,0.5,coverage_0.75,119,0,0,0,0,119
l377-s4-wanasekara-2017,article:l377,experimental_protocol,0.0,0,0.1,reported_point,119,0,0,0,0,119
l377-s4-wanasekara-2017,article:l377,experimental_protocol,0.0,0,0.1,interval_upper,119,0,0,0,0,119
l377-s4-wanasekara-2017,article:l377,experimental_protocol,0.0,0,0.1,coverage_0.5,119,0,0,0,0,119
l377-s4-wanasekara-2017,article:l377,experimental_protocol,0.0,0,0.1,coverage_0.75,119,0,0,0,0,119
l377-s4-wanasekara-2017,article:l377,experimental_protocol,0.0,0,0.2,reported_point,119,0,0,0,0,119
l377-s4-wanasekara-2017,article:l377,experimental_protocol,0.0,0,0.2,interval_upper,119,0,0,0,0,119
l377-s4-wanasekara-2017,article:l377,experimental_protocol,0.0,0,0.2,coverage_0.5,119,0,0,0,0,119
l377-s4-wanasekara-2017,article:l377,experimental_protocol,0.0,0,0.2,coverage_0.75,119,0,0,0,0,119
l377-s4-wanasekara-2017,article:l377,experimental_protocol,0.0,0,0.3,reported_point,119,0,0,0,0,119
l377-s4-wanasekara-2017,article:l377,experimental_protocol,0.0,0,0.3,interval_upper,119,0,0,0,0,119
l377-s4-wanasekara-2017,article:l377,experimental_protocol,0.0,0,0.3,coverage_0.5,119,0,0,0,0,119
l377-s4-wanasekara-2017,article:l377,experimental_protocol,0.0,0,0.3,coverage_0.75,119,0,0,0,0,119
l377-s4-wanasekara-2017,article:l377,experimental_protocol,0.0,0,0.4,reported_point,119,0,0,0,0,119
l377-s4-wanasekara-2017,article:l377,experimental_protocol,0.0,0,0.4,interval_upper,119,0,0,0,0,119
l377-s4-wanasekara-2017,article:l377,experimental_protocol,0.0,0,0.4,coverage_0.5,119,0,0,0,0,119
l377-s4-wanasekara-2017,article:l377,experimental_protocol,0.0,0,0.4,coverage_0.75,119,0,0,0,0,119
l377-s4-wanasekara-2017,article:l377,experimental_protocol,0.0,0,0.5,reported_point,119,1,1,0,1,119
l377-s4-wanasekara-2017,article:l377,experimental_protocol,0.0,0,0.5,interval_upper,119,1,1,0,1,119
l377-s4-wanasekara-2017,article:l377,experimental_protocol,0.0,0,0.5,coverage_0.5,119,1,1,0,1,119
l377-s4-wanasekara-2017,article:l377,experimental_protocol,0.0,0,0.5,coverage_0.75,119,1,0,0,0,119
l377-s4-wanasekara-2017,article:l377,balanced_instance,0.0,0,0.1,reported_point,119,0,0,0,0,119
l377-s4-wanasekara-2017,article:l377,balanced_instance,0.0,0,0.1,interval_upper,119,0,0,0,0,119
l377-s4-wanasekara-2017,article:l377,balanced_instance,0.0,0,0.1,coverage_0.5,119,0,0,0,0,119
l377-s4-wanasekara-2017,article:l377,balanced_instance,0.0,0,0.1,coverage_0.75,119,0,0,0,0,119
l377-s4-wanasekara-2017,article:l377,balanced_instance,0.0,0,0.2,reported_point,119,0,0,0,0,119
l377-s4-wanasekara-2017,article:l377,balanced_instance,0.0,0,0.2,interval_upper,119,0,0,0,0,119
l377-s4-wanasekara-2017,article:l377,balanced_instance,0.0,0,0.2,coverage_0.5,119,0,0,0,0,119
l377-s4-wanasekara-2017,article:l377,balanced_instance,0.0,0,0.2,coverage_0.75,119,0,0,0,0,119
l377-s4-wanasekara-2017,article:l377,balanced_instance,0.0,0,0.3,reported_point,119,0,0,0,0,119
l377-s4-wanasekara-2017,article:l377,balanced_instance,0.0,0,0.3,interval_upper,119,0,0,0,0,119
l377-s4-wanasekara-2017,article:l377,balanced_instance,0.0,0,0.3,coverage_0.5,119,0,0,0,0,119
l377-s4-wanasekara-2017,article:l377,balanced_instance,0.0,0,0.3,coverage_0.75,119,0,0,0,0,119
l377-s4-wanasekara-2017,article:l377,balanced_instance,0.0,0,0.4,reported_point,119,0,0,0,0,119
l377-s4-wanasekara-2017,article:l377,balanced_instance,0.0,0,0.4,interval_upper,119,0,0,0,0,119
l377-s4-wanasekara-2017,article:l377,balanced_instance,0.0,0,0.4,coverage_0.5,119,0,0,0,0,119
l377-s4-wanasekara-2017,article:l377,balanced_instance,0.0,0,0.4,coverage_0.75,119,0,0,0,0,119
l377-s4-wanasekara-2017,article:l377,balanced_instance,0.0,0,0.5,reported_point,119,1,1,0,1,119
l377-s4-wanasekara-2017,article:l377,balanced_instance,0.0,0,0.5,interval_upper,119,1,0,0,0,119
l377-s4-wanasekara-2017,article:l377,balanced_instance,0.0,0,0.5,coverage_0.5,119,1,1,0,1,119
l377-s4-wanasekara-2017,article:l377,balanced_instance,0.0,0,0.5,coverage_0.75,119,1,0,0,0,119
l318-s3-patsidis-2014,article:l318,material_identity,0.0,0,0.1,reported_point,118,4,4,0,4,118
l318-s3-patsidis-2014,article:l318,material_identity,0.0,0,0.1,interval_upper,118,4,0,0,0,118
l318-s3-patsidis-2014,article:l318,material_identity,0.0,0,0.1,coverage_0.5,118,4,0,0,0,118
l318-s3-patsidis-2014,article:l318,material_identity,0.0,0,0.1,coverage_0.75,118,4,0,0,0,118
l318-s3-patsidis-2014,article:l318,material_identity,0.0,0,0.2,reported_point,118,4,4,0,4,118
l318-s3-patsidis-2014,article:l318,material_identity,0.0,0,0.2,interval_upper,118,4,0,0,0,118
l318-s3-patsidis-2014,article:l318,material_identity,0.0,0,0.2,coverage_0.5,118,4,0,0,0,118
l318-s3-patsidis-2014,article:l318,material_identity,0.0,0,0.2,coverage_0.75,118,4,0,0,0,118
l318-s3-patsidis-2014,article:l318,material_identity,0.0,0,0.3,reported_point,118,7,7,0,7,118
l318-s3-patsidis-2014,article:l318,material_identity,0.0,0,0.3,interval_upper,118,7,0,0,0,118
l318-s3-patsidis-2014,article:l318,material_identity,0.0,0,0.3,coverage_0.5,118,7,0,0,0,118
l318-s3-patsidis-2014,article:l318,material_identity,0.0,0,0.3,coverage_0.75,118,7,0,0,0,118
l318-s3-patsidis-2014,article:l318,material_identity,0.0,0,0.4,reported_point,118,21,21,0,21,118
l318-s3-patsidis-2014,article:l318,material_identity,0.0,0,0.4,interval_upper,118,21,0,0,0,118
l318-s3-patsidis-2014,article:l318,material_identity,0.0,0,0.4,coverage_0.5,118,21,0,0,0,118
l318-s3-patsidis-2014,article:l318,material_identity,0.0,0,0.4,coverage_0.75,118,21,0,0,0,118
l318-s3-patsidis-2014,article:l318,material_identity,0.0,0,0.5,reported_point,118,22,22,0,22,118
l318-s3-patsidis-2014,article:l318,material_identity,0.0,0,0.5,interval_upper,118,22,0,0,0,118
l318-s3-patsidis-2014,article:l318,material_identity,0.0,0,0.5,coverage_0.5,118,22,0,0,0,118
l318-s3-patsidis-2014,article:l318,material_identity,0.0,0,0.5,coverage_0.75,118,22,0,0,0,118
l318-s3-patsidis-2014,article:l318,experimental_protocol,0.0,0,0.1,reported_point,118,0,0,0,0,118
l318-s3-patsidis-2014,article:l318,experimental_protocol,0.0,0,0.1,interval_upper,118,0,0,0,0,118
l318-s3-patsidis-2014,article:l318,experimental_protocol,0.0,0,0.1,coverage_0.5,118,0,0,0,0,118
l318-s3-patsidis-2014,article:l318,experimental_protocol,0.0,0,0.1,coverage_0.75,118,0,0,0,0,118
l318-s3-patsidis-2014,article:l318,experimental_protocol,0.0,0,0.2,reported_point,118,0,0,0,0,118
l318-s3-patsidis-2014,article:l318,experimental_protocol,0.0,0,0.2,interval_upper,118,0,0,0,0,118
l318-s3-patsidis-2014,article:l318,experimental_protocol,0.0,0,0.2,coverage_0.5,118,0,0,0,0,118
l318-s3-patsidis-2014,article:l318,experimental_protocol,0.0,0,0.2,coverage_0.75,118,0,0,0,0,118
l318-s3-patsidis-2014,article:l318,experimental_protocol,0.0,0,0.3,reported_point,118,3,3,0,3,118
l318-s3-patsidis-2014,article:l318,experimental_protocol,0.0,0,0.3,interval_upper,118,3,0,0,0,118
l318-s3-patsidis-2014,article:l318,experimental_protocol,0.0,0,0.3,coverage_0.5,118,3,3,0,3,118
l318-s3-patsidis-2014,article:l318,experimental_protocol,0.0,0,0.3,coverage_0.75,118,3,0,0,0,118
l318-s3-patsidis-2014,article:l318,experimental_protocol,0.0,0,0.4,reported_point,118,4,4,0,4,118
l318-s3-patsidis-2014,article:l318,experimental_protocol,0.0,0,0.4,interval_upper,118,4,1,0,1,118
l318-s3-patsidis-2014,article:l318,experimental_protocol,0.0,0,0.4,coverage_0.5,118,4,4,0,4,118
l318-s3-patsidis-2014,article:l318,experimental_protocol,0.0,0,0.4,coverage_0.75,118,4,0,0,0,118
l318-s3-patsidis-2014,article:l318,experimental_protocol,0.0,0,0.5,reported_point,118,7,7,0,7,118
l318-s3-patsidis-2014,article:l318,experimental_protocol,0.0,0,0.5,interval_upper,118,7,4,0,4,118
l318-s3-patsidis-2014,article:l318,experimental_protocol,0.0,0,0.5,coverage_0.5,118,7,7,0,7,118
l318-s3-patsidis-2014,article:l318,experimental_protocol,0.0,0,0.5,coverage_0.75,118,7,0,0,0,118
l318-s3-patsidis-2014,article:l318,balanced_instance,0.0,0,0.1,reported_point,118,0,0,0,0,118
l318-s3-patsidis-2014,article:l318,balanced_instance,0.0,0,0.1,interval_upper,118,0,0,0,0,118
l318-s3-patsidis-2014,article:l318,balanced_instance,0.0,0,0.1,coverage_0.5,118,0,0,0,0,118
l318-s3-patsidis-2014,article:l318,balanced_instance,0.0,0,0.1,coverage_0.75,118,0,0,0,0,118
l318-s3-patsidis-2014,article:l318,balanced_instance,0.0,0,0.2,reported_point,118,1,1,0,1,118
l318-s3-patsidis-2014,article:l318,balanced_instance,0.0,0,0.2,interval_upper,118,1,0,0,0,118
l318-s3-patsidis-2014,article:l318,balanced_instance,0.0,0,0.2,coverage_0.5,118,1,0,0,0,118
l318-s3-patsidis-2014,article:l318,balanced_instance,0.0,0,0.2,coverage_0.75,118,1,0,0,0,118
l318-s3-patsidis-2014,article:l318,balanced_instance,0.0,0,0.3,reported_point,118,3,3,0,3,118
l318-s3-patsidis-2014,article:l318,balanced_instance,0.0,0,0.3,interval_upper,118,3,0,0,0,118
l318-s3-patsidis-2014,article:l318,balanced_instance,0.0,0,0.3,coverage_0.5,118,3,2,0,2,118
l318-s3-patsidis-2014,article:l318,balanced_instance,0.0,0,0.3,coverage_0.75,118,3,0,0,0,118
l318-s3-patsidis-2014,article:l318,balanced_instance,0.0,0,0.4,reported_point,118,5,5,0,5,118
l318-s3-patsidis-2014,article:l318,balanced_instance,0.0,0,0.4,interval_upper,118,5,0,0,0,118
l318-s3-patsidis-2014,article:l318,balanced_instance,0.0,0,0.4,coverage_0.5,118,5,3,0,3,118
l318-s3-patsidis-2014,article:l318,balanced_instance,0.0,0,0.4,coverage_0.75,118,5,0,0,0,118
l318-s3-patsidis-2014,article:l318,balanced_instance,0.0,0,0.5,reported_point,118,13,13,0,13,118
l318-s3-patsidis-2014,article:l318,balanced_instance,0.0,0,0.5,interval_upper,118,13,0,0,0,118
l318-s3-patsidis-2014,article:l318,balanced_instance,0.0,0,0.5,coverage_0.5,118,13,10,0,10,118
l318-s3-patsidis-2014,article:l318,balanced_instance,0.0,0,0.5,coverage_0.75,118,13,0,0,0,118
l375-s1-rishi-2018,article:l375,material_identity,0.0,0,0.1,reported_point,118,0,0,0,0,118
l375-s1-rishi-2018,article:l375,material_identity,0.0,0,0.1,interval_upper,118,0,0,0,0,118
l375-s1-rishi-2018,article:l375,material_identity,0.0,0,0.1,coverage_0.5,118,0,0,0,0,118
l375-s1-rishi-2018,article:l375,material_identity,0.0,0,0.1,coverage_0.75,118,0,0,0,0,118
l375-s1-rishi-2018,article:l375,material_identity,0.0,0,0.2,reported_point,118,0,0,0,0,118
l375-s1-rishi-2018,article:l375,material_identity,0.0,0,0.2,interval_upper,118,0,0,0,0,118
l375-s1-rishi-2018,article:l375,material_identity,0.0,0,0.2,coverage_0.5,118,0,0,0,0,118
l375-s1-rishi-2018,article:l375,material_identity,0.0,0,0.2,coverage_0.75,118,0,0,0,0,118
l375-s1-rishi-2018,article:l375,material_identity,0.0,0,0.3,reported_point,118,0,0,0,0,118
l375-s1-rishi-2018,article:l375,material_identity,0.0,0,0.3,interval_upper,118,0,0,0,0,118
l375-s1-rishi-2018,article:l375,material_identity,0.0,0,0.3,coverage_0.5,118,0,0,0,0,118
l375-s1-rishi-2018,article:l375,material_identity,0.0,0,0.3,coverage_0.75,118,0,0,0,0,118
l375-s1-rishi-2018,article:l375,material_identity,0.0,0,0.4,reported_point,118,0,0,0,0,118
l375-s1-rishi-2018,article:l375,material_identity,0.0,0,0.4,interval_upper,118,0,0,0,0,118
l375-s1-rishi-2018,article:l375,material_identity,0.0,0,0.4,coverage_0.5,118,0,0,0,0,118
l375-s1-rishi-2018,article:l375,material_identity,0.0,0,0.4,coverage_0.75,118,0,0,0,0,118
l375-s1-rishi-2018,article:l375,material_identity,0.0,0,0.5,reported_point,118,0,0,0,0,118
l375-s1-rishi-2018,article:l375,material_identity,0.0,0,0.5,interval_upper,118,0,0,0,0,118
l375-s1-rishi-2018,article:l375,material_identity,0.0,0,0.5,coverage_0.5,118,0,0,0,0,118
l375-s1-rishi-2018,article:l375,material_identity,0.0,0,0.5,coverage_0.75,118,0,0,0,0,118
l375-s1-rishi-2018,article:l375,experimental_protocol,0.0,0,0.1,reported_point,118,0,0,0,0,118
l375-s1-rishi-2018,article:l375,experimental_protocol,0.0,0,0.1,interval_upper,118,0,0,0,0,118
l375-s1-rishi-2018,article:l375,experimental_protocol,0.0,0,0.1,coverage_0.5,118,0,0,0,0,118
l375-s1-rishi-2018,article:l375,experimental_protocol,0.0,0,0.1,coverage_0.75,118,0,0,0,0,118
l375-s1-rishi-2018,article:l375,experimental_protocol,0.0,0,0.2,reported_point,118,1,1,0,1,118
l375-s1-rishi-2018,article:l375,experimental_protocol,0.0,0,0.2,interval_upper,118,1,0,0,0,118
l375-s1-rishi-2018,article:l375,experimental_protocol,0.0,0,0.2,coverage_0.5,118,1,1,0,1,118
l375-s1-rishi-2018,article:l375,experimental_protocol,0.0,0,0.2,coverage_0.75,118,1,1,0,1,118
l375-s1-rishi-2018,article:l375,experimental_protocol,0.0,0,0.3,reported_point,118,3,3,0,3,118
l375-s1-rishi-2018,article:l375,experimental_protocol,0.0,0,0.3,interval_upper,118,3,2,0,2,118
l375-s1-rishi-2018,article:l375,experimental_protocol,0.0,0,0.3,coverage_0.5,118,3,3,0,3,118
l375-s1-rishi-2018,article:l375,experimental_protocol,0.0,0,0.3,coverage_0.75,118,3,2,0,2,118
l375-s1-rishi-2018,article:l375,experimental_protocol,0.0,0,0.4,reported_point,118,6,6,0,6,118
l375-s1-rishi-2018,article:l375,experimental_protocol,0.0,0,0.4,interval_upper,118,6,2,0,2,118
l375-s1-rishi-2018,article:l375,experimental_protocol,0.0,0,0.4,coverage_0.5,118,6,6,0,6,118
l375-s1-rishi-2018,article:l375,experimental_protocol,0.0,0,0.4,coverage_0.75,118,6,2,0,2,118
l375-s1-rishi-2018,article:l375,experimental_protocol,0.0,0,0.5,reported_point,118,13,13,0,13,118
l375-s1-rishi-2018,article:l375,experimental_protocol,0.0,0,0.5,interval_upper,118,13,4,0,4,118
l375-s1-rishi-2018,article:l375,experimental_protocol,0.0,0,0.5,coverage_0.5,118,13,13,0,13,118
l375-s1-rishi-2018,article:l375,experimental_protocol,0.0,0,0.5,coverage_0.75,118,13,3,0,3,118
l375-s1-rishi-2018,article:l375,balanced_instance,0.0,0,0.1,reported_point,118,0,0,0,0,118
l375-s1-rishi-2018,article:l375,balanced_instance,0.0,0,0.1,interval_upper,118,0,0,0,0,118
l375-s1-rishi-2018,article:l375,balanced_instance,0.0,0,0.1,coverage_0.5,118,0,0,0,0,118
l375-s1-rishi-2018,article:l375,balanced_instance,0.0,0,0.1,coverage_0.75,118,0,0,0,0,118
l375-s1-rishi-2018,article:l375,balanced_instance,0.0,0,0.2,reported_point,118,0,0,0,0,118
l375-s1-rishi-2018,article:l375,balanced_instance,0.0,0,0.2,interval_upper,118,0,0,0,0,118
l375-s1-rishi-2018,article:l375,balanced_instance,0.0,0,0.2,coverage_0.5,118,0,0,0,0,118
l375-s1-rishi-2018,article:l375,balanced_instance,0.0,0,0.2,coverage_0.75,118,0,0,0,0,118
l375-s1-rishi-2018,article:l375,balanced_instance,0.0,0,0.3,reported_point,118,1,1,0,1,118
l375-s1-rishi-2018,article:l375,balanced_instance,0.0,0,0.3,interval_upper,118,1,0,0,0,118
l375-s1-rishi-2018,article:l375,balanced_instance,0.0,0,0.3,coverage_0.5,118,1,1,0,1,118
l375-s1-rishi-2018,article:l375,balanced_instance,0.0,0,0.3,coverage_0.75,118,1,0,0,0,118
l375-s1-rishi-2018,article:l375,balanced_instance,0.0,0,0.4,reported_point,118,3,3,0,3,118
l375-s1-rishi-2018,article:l375,balanced_instance,0.0,0,0.4,interval_upper,118,3,0,0,0,118
l375-s1-rishi-2018,article:l375,balanced_instance,0.0,0,0.4,coverage_0.5,118,3,2,0,2,118
l375-s1-rishi-2018,article:l375,balanced_instance,0.0,0,0.4,coverage_0.75,118,3,0,0,0,118
l375-s1-rishi-2018,article:l375,balanced_instance,0.0,0,0.5,reported_point,118,4,4,0,4,118
l375-s1-rishi-2018,article:l375,balanced_instance,0.0,0,0.5,interval_upper,118,4,0,0,0,118
l375-s1-rishi-2018,article:l375,balanced_instance,0.0,0,0.5,coverage_0.5,118,4,2,0,2,118
l375-s1-rishi-2018,article:l375,balanced_instance,0.0,0,0.5,coverage_0.75,118,4,0,0,0,118
l146-s3-tao-2011,article:l146,material_identity,0.0,0,0.1,reported_point,118,4,4,0,4,118
l146-s3-tao-2011,article:l146,material_identity,0.0,0,0.1,interval_upper,118,4,0,0,0,118
l146-s3-tao-2011,article:l146,material_identity,0.0,0,0.1,coverage_0.5,118,4,0,0,0,118
l146-s3-tao-2011,article:l146,material_identity,0.0,0,0.1,coverage_0.75,118,4,0,0,0,118
l146-s3-tao-2011,article:l146,material_identity,0.0,0,0.2,reported_point,118,4,4,0,4,118
l146-s3-tao-2011,article:l146,material_identity,0.0,0,0.2,interval_upper,118,4,0,0,0,118
l146-s3-tao-2011,article:l146,material_identity,0.0,0,0.2,coverage_0.5,118,4,0,0,0,118
l146-s3-tao-2011,article:l146,material_identity,0.0,0,0.2,coverage_0.75,118,4,0,0,0,118
l146-s3-tao-2011,article:l146,material_identity,0.0,0,0.3,reported_point,118,7,7,0,7,118
l146-s3-tao-2011,article:l146,material_identity,0.0,0,0.3,interval_upper,118,7,0,0,0,118
l146-s3-tao-2011,article:l146,material_identity,0.0,0,0.3,coverage_0.5,118,7,0,0,0,118
l146-s3-tao-2011,article:l146,material_identity,0.0,0,0.3,coverage_0.75,118,7,0,0,0,118
l146-s3-tao-2011,article:l146,material_identity,0.0,0,0.4,reported_point,118,15,15,0,15,118
l146-s3-tao-2011,article:l146,material_identity,0.0,0,0.4,interval_upper,118,15,0,0,0,118
l146-s3-tao-2011,article:l146,material_identity,0.0,0,0.4,coverage_0.5,118,15,0,0,0,118
l146-s3-tao-2011,article:l146,material_identity,0.0,0,0.4,coverage_0.75,118,15,0,0,0,118
l146-s3-tao-2011,article:l146,material_identity,0.0,0,0.5,reported_point,118,27,27,0,27,118
l146-s3-tao-2011,article:l146,material_identity,0.0,0,0.5,interval_upper,118,27,0,0,0,118
l146-s3-tao-2011,article:l146,material_identity,0.0,0,0.5,coverage_0.5,118,27,0,0,0,118
l146-s3-tao-2011,article:l146,material_identity,0.0,0,0.5,coverage_0.75,118,27,0,0,0,118
l146-s3-tao-2011,article:l146,experimental_protocol,0.0,0,0.1,reported_point,118,0,0,0,0,118
l146-s3-tao-2011,article:l146,experimental_protocol,0.0,0,0.1,interval_upper,118,0,0,0,0,118
l146-s3-tao-2011,article:l146,experimental_protocol,0.0,0,0.1,coverage_0.5,118,0,0,0,0,118
l146-s3-tao-2011,article:l146,experimental_protocol,0.0,0,0.1,coverage_0.75,118,0,0,0,0,118
l146-s3-tao-2011,article:l146,experimental_protocol,0.0,0,0.2,reported_point,118,0,0,0,0,118
l146-s3-tao-2011,article:l146,experimental_protocol,0.0,0,0.2,interval_upper,118,0,0,0,0,118
l146-s3-tao-2011,article:l146,experimental_protocol,0.0,0,0.2,coverage_0.5,118,0,0,0,0,118
l146-s3-tao-2011,article:l146,experimental_protocol,0.0,0,0.2,coverage_0.75,118,0,0,0,0,118
l146-s3-tao-2011,article:l146,experimental_protocol,0.0,0,0.3,reported_point,118,0,0,0,0,118
l146-s3-tao-2011,article:l146,experimental_protocol,0.0,0,0.3,interval_upper,118,0,0,0,0,118
l146-s3-tao-2011,article:l146,experimental_protocol,0.0,0,0.3,coverage_0.5,118,0,0,0,0,118
l146-s3-tao-2011,article:l146,experimental_protocol,0.0,0,0.3,coverage_0.75,118,0,0,0,0,118
l146-s3-tao-2011,article:l146,experimental_protocol,0.0,0,0.4,reported_point,118,0,0,0,0,118
l146-s3-tao-2011,article:l146,experimental_protocol,0.0,0,0.4,interval_upper,118,0,0,0,0,118
l146-s3-tao-2011,article:l146,experimental_protocol,0.0,0,0.4,coverage_0.5,118,0,0,0,0,118
l146-s3-tao-2011,article:l146,experimental_protocol,0.0,0,0.4,coverage_0.75,118,0,0,0,0,118
l146-s3-tao-2011,article:l146,experimental_protocol,0.0,0,0.5,reported_point,118,0,0,0,0,118
l146-s3-tao-2011,article:l146,experimental_protocol,0.0,0,0.5,interval_upper,118,0,0,0,0,118
l146-s3-tao-2011,article:l146,experimental_protocol,0.0,0,0.5,coverage_0.5,118,0,0,0,0,118
l146-s3-tao-2011,article:l146,experimental_protocol,0.0,0,0.5,coverage_0.75,118,0,0,0,0,118
l146-s3-tao-2011,article:l146,balanced_instance,0.0,0,0.1,reported_point,118,0,0,0,0,118
l146-s3-tao-2011,article:l146,balanced_instance,0.0,0,0.1,interval_upper,118,0,0,0,0,118
l146-s3-tao-2011,article:l146,balanced_instance,0.0,0,0.1,coverage_0.5,118,0,0,0,0,118
l146-s3-tao-2011,article:l146,balanced_instance,0.0,0,0.1,coverage_0.75,118,0,0,0,0,118
l146-s3-tao-2011,article:l146,balanced_instance,0.0,0,0.2,reported_point,118,0,0,0,0,118
l146-s3-tao-2011,article:l146,balanced_instance,0.0,0,0.2,interval_upper,118,0,0,0,0,118
l146-s3-tao-2011,article:l146,balanced_instance,0.0,0,0.2,coverage_0.5,118,0,0,0,0,118
l146-s3-tao-2011,article:l146,balanced_instance,0.0,0,0.2,coverage_0.75,118,0,0,0,0,118
l146-s3-tao-2011,article:l146,balanced_instance,0.0,0,0.3,reported_point,118,0,0,0,0,118
l146-s3-tao-2011,article:l146,balanced_instance,0.0,0,0.3,interval_upper,118,0,0,0,0,118
l146-s3-tao-2011,article:l146,balanced_instance,0.0,0,0.3,coverage_0.5,118,0,0,0,0,118
l146-s3-tao-2011,article:l146,balanced_instance,0.0,0,0.3,coverage_0.75,118,0,0,0,0,118
l146-s3-tao-2011,article:l146,balanced_instance,0.0,0,0.4,reported_point,118,0,0,0,0,118
l146-s3-tao-2011,article:l146,balanced_instance,0.0,0,0.4,interval_upper,118,0,0,0,0,118
l146-s3-tao-2011,article:l146,balanced_instance,0.0,0,0.4,coverage_0.5,118,0,0,0,0,118
l146-s3-tao-2011,article:l146,balanced_instance,0.0,0,0.4,coverage_0.75,118,0,0,0,0,118
l146-s3-tao-2011,article:l146,balanced_instance,0.0,0,0.5,reported_point,118,0,0,0,0,118
l146-s3-tao-2011,article:l146,balanced_instance,0.0,0,0.5,interval_upper,118,0,0,0,0,118
l146-s3-tao-2011,article:l146,balanced_instance,0.0,0,0.5,coverage_0.5,118,0,0,0,0,118
l146-s3-tao-2011,article:l146,balanced_instance,0.0,0,0.5,coverage_0.75,118,0,0,0,0,118
l304-s3-stockelhuber-2011,article:l304,material_identity,0.0,0,0.1,reported_point,119,1,1,0,1,119
l304-s3-stockelhuber-2011,article:l304,material_identity,0.0,0,0.1,interval_upper,119,1,0,0,0,119
l304-s3-stockelhuber-2011,article:l304,material_identity,0.0,0,0.1,coverage_0.5,119,1,0,0,0,119
l304-s3-stockelhuber-2011,article:l304,material_identity,0.0,0,0.1,coverage_0.75,119,1,0,0,0,119
l304-s3-stockelhuber-2011,article:l304,material_identity,0.0,0,0.2,reported_point,119,1,1,0,1,119
l304-s3-stockelhuber-2011,article:l304,material_identity,0.0,0,0.2,interval_upper,119,1,0,0,0,119
l304-s3-stockelhuber-2011,article:l304,material_identity,0.0,0,0.2,coverage_0.5,119,1,0,0,0,119
l304-s3-stockelhuber-2011,article:l304,material_identity,0.0,0,0.2,coverage_0.75,119,1,0,0,0,119
l304-s3-stockelhuber-2011,article:l304,material_identity,0.0,0,0.3,reported_point,119,1,1,0,1,119
l304-s3-stockelhuber-2011,article:l304,material_identity,0.0,0,0.3,interval_upper,119,1,0,0,0,119
l304-s3-stockelhuber-2011,article:l304,material_identity,0.0,0,0.3,coverage_0.5,119,1,0,0,0,119
l304-s3-stockelhuber-2011,article:l304,material_identity,0.0,0,0.3,coverage_0.75,119,1,0,0,0,119
l304-s3-stockelhuber-2011,article:l304,material_identity,0.0,0,0.4,reported_point,119,2,2,0,2,119
l304-s3-stockelhuber-2011,article:l304,material_identity,0.0,0,0.4,interval_upper,119,2,0,0,0,119
l304-s3-stockelhuber-2011,article:l304,material_identity,0.0,0,0.4,coverage_0.5,119,2,0,0,0,119
l304-s3-stockelhuber-2011,article:l304,material_identity,0.0,0,0.4,coverage_0.75,119,2,0,0,0,119
l304-s3-stockelhuber-2011,article:l304,material_identity,0.0,0,0.5,reported_point,119,4,4,0,4,119
l304-s3-stockelhuber-2011,article:l304,material_identity,0.0,0,0.5,interval_upper,119,4,0,0,0,119
l304-s3-stockelhuber-2011,article:l304,material_identity,0.0,0,0.5,coverage_0.5,119,4,0,0,0,119
l304-s3-stockelhuber-2011,article:l304,material_identity,0.0,0,0.5,coverage_0.75,119,4,0,0,0,119
l304-s3-stockelhuber-2011,article:l304,experimental_protocol,0.0,0,0.1,reported_point,119,0,0,0,0,119
l304-s3-stockelhuber-2011,article:l304,experimental_protocol,0.0,0,0.1,interval_upper,119,0,0,0,0,119
l304-s3-stockelhuber-2011,article:l304,experimental_protocol,0.0,0,0.1,coverage_0.5,119,0,0,0,0,119
l304-s3-stockelhuber-2011,article:l304,experimental_protocol,0.0,0,0.1,coverage_0.75,119,0,0,0,0,119
l304-s3-stockelhuber-2011,article:l304,experimental_protocol,0.0,0,0.2,reported_point,119,0,0,0,0,119
l304-s3-stockelhuber-2011,article:l304,experimental_protocol,0.0,0,0.2,interval_upper,119,0,0,0,0,119
l304-s3-stockelhuber-2011,article:l304,experimental_protocol,0.0,0,0.2,coverage_0.5,119,0,0,0,0,119
l304-s3-stockelhuber-2011,article:l304,experimental_protocol,0.0,0,0.2,coverage_0.75,119,0,0,0,0,119
l304-s3-stockelhuber-2011,article:l304,experimental_protocol,0.0,0,0.3,reported_point,119,0,0,0,0,119
l304-s3-stockelhuber-2011,article:l304,experimental_protocol,0.0,0,0.3,interval_upper,119,0,0,0,0,119
l304-s3-stockelhuber-2011,article:l304,experimental_protocol,0.0,0,0.3,coverage_0.5,119,0,0,0,0,119
l304-s3-stockelhuber-2011,article:l304,experimental_protocol,0.0,0,0.3,coverage_0.75,119,0,0,0,0,119
l304-s3-stockelhuber-2011,article:l304,experimental_protocol,0.0,0,0.4,reported_point,119,1,1,0,1,119
l304-s3-stockelhuber-2011,article:l304,experimental_protocol,0.0,0,0.4,interval_upper,119,1,0,0,0,119
l304-s3-stockelhuber-2011,article:l304,experimental_protocol,0.0,0,0.4,coverage_0.5,119,1,1,0,1,119
l304-s3-stockelhuber-2011,article:l304,experimental_protocol,0.0,0,0.4,coverage_0.75,119,1,0,0,0,119
l304-s3-stockelhuber-2011,article:l304,experimental_protocol,0.0,0,0.5,reported_point,119,11,11,0,11,119
l304-s3-stockelhuber-2011,article:l304,experimental_protocol,0.0,0,0.5,interval_upper,119,11,1,0,1,119
l304-s3-stockelhuber-2011,article:l304,experimental_protocol,0.0,0,0.5,coverage_0.5,119,11,11,0,11,119
l304-s3-stockelhuber-2011,article:l304,experimental_protocol,0.0,0,0.5,coverage_0.75,119,11,0,0,0,119
l304-s3-stockelhuber-2011,article:l304,balanced_instance,0.0,0,0.1,reported_point,119,0,0,0,0,119
l304-s3-stockelhuber-2011,article:l304,balanced_instance,0.0,0,0.1,interval_upper,119,0,0,0,0,119
l304-s3-stockelhuber-2011,article:l304,balanced_instance,0.0,0,0.1,coverage_0.5,119,0,0,0,0,119
l304-s3-stockelhuber-2011,article:l304,balanced_instance,0.0,0,0.1,coverage_0.75,119,0,0,0,0,119
l304-s3-stockelhuber-2011,article:l304,balanced_instance,0.0,0,0.2,reported_point,119,0,0,0,0,119
l304-s3-stockelhuber-2011,article:l304,balanced_instance,0.0,0,0.2,interval_upper,119,0,0,0,0,119
l304-s3-stockelhuber-2011,article:l304,balanced_instance,0.0,0,0.2,coverage_0.5,119,0,0,0,0,119
l304-s3-stockelhuber-2011,article:l304,balanced_instance,0.0,0,0.2,coverage_0.75,119,0,0,0,0,119
l304-s3-stockelhuber-2011,article:l304,balanced_instance,0.0,0,0.3,reported_point,119,0,0,0,0,119
l304-s3-stockelhuber-2011,article:l304,balanced_instance,0.0,0,0.3,interval_upper,119,0,0,0,0,119
l304-s3-stockelhuber-2011,article:l304,balanced_instance,0.0,0,0.3,coverage_0.5,119,0,0,0,0,119
l304-s3-stockelhuber-2011,article:l304,balanced_instance,0.0,0,0.3,coverage_0.75,119,0,0,0,0,119
l304-s3-stockelhuber-2011,article:l304,balanced_instance,0.0,0,0.4,reported_point,119,0,0,0,0,119
l304-s3-stockelhuber-2011,article:l304,balanced_instance,0.0,0,0.4,interval_upper,119,0,0,0,0,119
l304-s3-stockelhuber-2011,article:l304,balanced_instance,0.0,0,0.4,coverage_0.5,119,0,0,0,0,119
l304-s3-stockelhuber-2011,article:l304,balanced_instance,0.0,0,0.4,coverage_0.75,119,0,0,0,0,119
l304-s3-stockelhuber-2011,article:l304,balanced_instance,0.0,0,0.5,reported_point,119,5,5,0,5,119
l304-s3-stockelhuber-2011,article:l304,balanced_instance,0.0,0,0.5,interval_upper,119,5,0,0,0,119
l304-s3-stockelhuber-2011,article:l304,balanced_instance,0.0,0,0.5,coverage_0.5,119,5,2,0,2,119
l304-s3-stockelhuber-2011,article:l304,balanced_instance,0.0,0,0.5,coverage_0.75,119,5,0,0,0,119
l229-s7-bao-2011,article:l229,material_identity,0.0,0,0.1,reported_point,118,4,4,0,4,118
l229-s7-bao-2011,article:l229,material_identity,0.0,0,0.1,interval_upper,118,4,0,0,0,118
l229-s7-bao-2011,article:l229,material_identity,0.0,0,0.1,coverage_0.5,118,4,0,0,0,118
l229-s7-bao-2011,article:l229,material_identity,0.0,0,0.1,coverage_0.75,118,4,0,0,0,118
l229-s7-bao-2011,article:l229,material_identity,0.0,0,0.2,reported_point,118,4,4,0,4,118
l229-s7-bao-2011,article:l229,material_identity,0.0,0,0.2,interval_upper,118,4,0,0,0,118
l229-s7-bao-2011,article:l229,material_identity,0.0,0,0.2,coverage_0.5,118,4,0,0,0,118
l229-s7-bao-2011,article:l229,material_identity,0.0,0,0.2,coverage_0.75,118,4,0,0,0,118
l229-s7-bao-2011,article:l229,material_identity,0.0,0,0.3,reported_point,118,13,13,0,13,118
l229-s7-bao-2011,article:l229,material_identity,0.0,0,0.3,interval_upper,118,13,0,0,0,118
l229-s7-bao-2011,article:l229,material_identity,0.0,0,0.3,coverage_0.5,118,13,0,0,0,118
l229-s7-bao-2011,article:l229,material_identity,0.0,0,0.3,coverage_0.75,118,13,0,0,0,118
l229-s7-bao-2011,article:l229,material_identity,0.0,0,0.4,reported_point,118,21,21,0,21,118
l229-s7-bao-2011,article:l229,material_identity,0.0,0,0.4,interval_upper,118,21,0,0,0,118
l229-s7-bao-2011,article:l229,material_identity,0.0,0,0.4,coverage_0.5,118,21,0,0,0,118
l229-s7-bao-2011,article:l229,material_identity,0.0,0,0.4,coverage_0.75,118,21,0,0,0,118
l229-s7-bao-2011,article:l229,material_identity,0.0,0,0.5,reported_point,118,23,23,0,23,118
l229-s7-bao-2011,article:l229,material_identity,0.0,0,0.5,interval_upper,118,23,0,0,0,118
l229-s7-bao-2011,article:l229,material_identity,0.0,0,0.5,coverage_0.5,118,23,0,0,0,118
l229-s7-bao-2011,article:l229,material_identity,0.0,0,0.5,coverage_0.75,118,23,0,0,0,118
l229-s7-bao-2011,article:l229,experimental_protocol,0.0,0,0.1,reported_point,118,0,0,0,0,118
l229-s7-bao-2011,article:l229,experimental_protocol,0.0,0,0.1,interval_upper,118,0,0,0,0,118
l229-s7-bao-2011,article:l229,experimental_protocol,0.0,0,0.1,coverage_0.5,118,0,0,0,0,118
l229-s7-bao-2011,article:l229,experimental_protocol,0.0,0,0.1,coverage_0.75,118,0,0,0,0,118
l229-s7-bao-2011,article:l229,experimental_protocol,0.0,0,0.2,reported_point,118,0,0,0,0,118
l229-s7-bao-2011,article:l229,experimental_protocol,0.0,0,0.2,interval_upper,118,0,0,0,0,118
l229-s7-bao-2011,article:l229,experimental_protocol,0.0,0,0.2,coverage_0.5,118,0,0,0,0,118
l229-s7-bao-2011,article:l229,experimental_protocol,0.0,0,0.2,coverage_0.75,118,0,0,0,0,118
l229-s7-bao-2011,article:l229,experimental_protocol,0.0,0,0.3,reported_point,118,0,0,0,0,118
l229-s7-bao-2011,article:l229,experimental_protocol,0.0,0,0.3,interval_upper,118,0,0,0,0,118
l229-s7-bao-2011,article:l229,experimental_protocol,0.0,0,0.3,coverage_0.5,118,0,0,0,0,118
l229-s7-bao-2011,article:l229,experimental_protocol,0.0,0,0.3,coverage_0.75,118,0,0,0,0,118
l229-s7-bao-2011,article:l229,experimental_protocol,0.0,0,0.4,reported_point,118,2,2,0,2,118
l229-s7-bao-2011,article:l229,experimental_protocol,0.0,0,0.4,interval_upper,118,2,0,0,0,118
l229-s7-bao-2011,article:l229,experimental_protocol,0.0,0,0.4,coverage_0.5,118,2,2,0,2,118
l229-s7-bao-2011,article:l229,experimental_protocol,0.0,0,0.4,coverage_0.75,118,2,0,0,0,118
l229-s7-bao-2011,article:l229,experimental_protocol,0.0,0,0.5,reported_point,118,4,4,0,4,118
l229-s7-bao-2011,article:l229,experimental_protocol,0.0,0,0.5,interval_upper,118,4,0,0,0,118
l229-s7-bao-2011,article:l229,experimental_protocol,0.0,0,0.5,coverage_0.5,118,4,4,0,4,118
l229-s7-bao-2011,article:l229,experimental_protocol,0.0,0,0.5,coverage_0.75,118,4,0,0,0,118
l229-s7-bao-2011,article:l229,balanced_instance,0.0,0,0.1,reported_point,118,0,0,0,0,118
l229-s7-bao-2011,article:l229,balanced_instance,0.0,0,0.1,interval_upper,118,0,0,0,0,118
l229-s7-bao-2011,article:l229,balanced_instance,0.0,0,0.1,coverage_0.5,118,0,0,0,0,118
l229-s7-bao-2011,article:l229,balanced_instance,0.0,0,0.1,coverage_0.75,118,0,0,0,0,118
l229-s7-bao-2011,article:l229,balanced_instance,0.0,0,0.2,reported_point,118,0,0,0,0,118
l229-s7-bao-2011,article:l229,balanced_instance,0.0,0,0.2,interval_upper,118,0,0,0,0,118
l229-s7-bao-2011,article:l229,balanced_instance,0.0,0,0.2,coverage_0.5,118,0,0,0,0,118
l229-s7-bao-2011,article:l229,balanced_instance,0.0,0,0.2,coverage_0.75,118,0,0,0,0,118
l229-s7-bao-2011,article:l229,balanced_instance,0.0,0,0.3,reported_point,118,1,1,0,1,118
l229-s7-bao-2011,article:l229,balanced_instance,0.0,0,0.3,interval_upper,118,1,0,0,0,118
l229-s7-bao-2011,article:l229,balanced_instance,0.0,0,0.3,coverage_0.5,118,1,1,0,1,118
l229-s7-bao-2011,article:l229,balanced_instance,0.0,0,0.3,coverage_0.75,118,1,0,0,0,118
l229-s7-bao-2011,article:l229,balanced_instance,0.0,0,0.4,reported_point,118,3,3,0,3,118
l229-s7-bao-2011,article:l229,balanced_instance,0.0,0,0.4,interval_upper,118,3,0,0,0,118
l229-s7-bao-2011,article:l229,balanced_instance,0.0,0,0.4,coverage_0.5,118,3,2,0,2,118
l229-s7-bao-2011,article:l229,balanced_instance,0.0,0,0.4,coverage_0.75,118,3,0,0,0,118
l229-s7-bao-2011,article:l229,balanced_instance,0.0,0,0.5,reported_point,118,16,16,0,16,118
l229-s7-bao-2011,article:l229,balanced_instance,0.0,0,0.5,interval_upper,118,16,0,0,0,118
l229-s7-bao-2011,article:l229,balanced_instance,0.0,0,0.5,coverage_0.5,118,16,14,0,14,118
l229-s7-bao-2011,article:l229,balanced_instance,0.0,0,0.5,coverage_0.75,118,16,0,0,0,118
l316-s3-chandrasekaran-2013,article:l316,material_identity,0.0,0,0.1,reported_point,117,0,0,0,0,117
l316-s3-chandrasekaran-2013,article:l316,material_identity,0.0,0,0.1,interval_upper,117,0,0,0,0,117
l316-s3-chandrasekaran-2013,article:l316,material_identity,0.0,0,0.1,coverage_0.5,117,0,0,0,0,117
l316-s3-chandrasekaran-2013,article:l316,material_identity,0.0,0,0.1,coverage_0.75,117,0,0,0,0,117
l316-s3-chandrasekaran-2013,article:l316,material_identity,0.0,0,0.2,reported_point,117,0,0,0,0,117
l316-s3-chandrasekaran-2013,article:l316,material_identity,0.0,0,0.2,interval_upper,117,0,0,0,0,117
l316-s3-chandrasekaran-2013,article:l316,material_identity,0.0,0,0.2,coverage_0.5,117,0,0,0,0,117
l316-s3-chandrasekaran-2013,article:l316,material_identity,0.0,0,0.2,coverage_0.75,117,0,0,0,0,117
l316-s3-chandrasekaran-2013,article:l316,material_identity,0.0,0,0.3,reported_point,117,6,6,0,6,117
l316-s3-chandrasekaran-2013,article:l316,material_identity,0.0,0,0.3,interval_upper,117,6,0,0,0,117
l316-s3-chandrasekaran-2013,article:l316,material_identity,0.0,0,0.3,coverage_0.5,117,6,0,0,0,117
l316-s3-chandrasekaran-2013,article:l316,material_identity,0.0,0,0.3,coverage_0.75,117,6,0,0,0,117
l316-s3-chandrasekaran-2013,article:l316,material_identity,0.0,0,0.4,reported_point,117,8,8,0,8,117
l316-s3-chandrasekaran-2013,article:l316,material_identity,0.0,0,0.4,interval_upper,117,8,0,0,0,117
l316-s3-chandrasekaran-2013,article:l316,material_identity,0.0,0,0.4,coverage_0.5,117,8,0,0,0,117
l316-s3-chandrasekaran-2013,article:l316,material_identity,0.0,0,0.4,coverage_0.75,117,8,0,0,0,117
l316-s3-chandrasekaran-2013,article:l316,material_identity,0.0,0,0.5,reported_point,117,11,11,0,11,117
l316-s3-chandrasekaran-2013,article:l316,material_identity,0.0,0,0.5,interval_upper,117,11,0,0,0,117
l316-s3-chandrasekaran-2013,article:l316,material_identity,0.0,0,0.5,coverage_0.5,117,11,0,0,0,117
l316-s3-chandrasekaran-2013,article:l316,material_identity,0.0,0,0.5,coverage_0.75,117,11,0,0,0,117
l316-s3-chandrasekaran-2013,article:l316,experimental_protocol,0.0,0,0.1,reported_point,117,0,0,0,0,117
l316-s3-chandrasekaran-2013,article:l316,experimental_protocol,0.0,0,0.1,interval_upper,117,0,0,0,0,117
l316-s3-chandrasekaran-2013,article:l316,experimental_protocol,0.0,0,0.1,coverage_0.5,117,0,0,0,0,117
l316-s3-chandrasekaran-2013,article:l316,experimental_protocol,0.0,0,0.1,coverage_0.75,117,0,0,0,0,117
l316-s3-chandrasekaran-2013,article:l316,experimental_protocol,0.0,0,0.2,reported_point,117,0,0,0,0,117
l316-s3-chandrasekaran-2013,article:l316,experimental_protocol,0.0,0,0.2,interval_upper,117,0,0,0,0,117
l316-s3-chandrasekaran-2013,article:l316,experimental_protocol,0.0,0,0.2,coverage_0.5,117,0,0,0,0,117
l316-s3-chandrasekaran-2013,article:l316,experimental_protocol,0.0,0,0.2,coverage_0.75,117,0,0,0,0,117
l316-s3-chandrasekaran-2013,article:l316,experimental_protocol,0.0,0,0.3,reported_point,117,3,3,0,3,117
l316-s3-chandrasekaran-2013,article:l316,experimental_protocol,0.0,0,0.3,interval_upper,117,3,0,0,0,117
l316-s3-chandrasekaran-2013,article:l316,experimental_protocol,0.0,0,0.3,coverage_0.5,117,3,3,0,3,117
l316-s3-chandrasekaran-2013,article:l316,experimental_protocol,0.0,0,0.3,coverage_0.75,117,3,0,0,0,117
l316-s3-chandrasekaran-2013,article:l316,experimental_protocol,0.0,0,0.4,reported_point,117,3,3,0,3,117
l316-s3-chandrasekaran-2013,article:l316,experimental_protocol,0.0,0,0.4,interval_upper,117,3,0,0,0,117
l316-s3-chandrasekaran-2013,article:l316,experimental_protocol,0.0,0,0.4,coverage_0.5,117,3,3,0,3,117
l316-s3-chandrasekaran-2013,article:l316,experimental_protocol,0.0,0,0.4,coverage_0.75,117,3,0,0,0,117
l316-s3-chandrasekaran-2013,article:l316,experimental_protocol,0.0,0,0.5,reported_point,117,3,3,0,3,117
l316-s3-chandrasekaran-2013,article:l316,experimental_protocol,0.0,0,0.5,interval_upper,117,3,3,0,3,117
l316-s3-chandrasekaran-2013,article:l316,experimental_protocol,0.0,0,0.5,coverage_0.5,117,3,3,0,3,117
l316-s3-chandrasekaran-2013,article:l316,experimental_protocol,0.0,0,0.5,coverage_0.75,117,3,0,0,0,117
l316-s3-chandrasekaran-2013,article:l316,balanced_instance,0.0,0,0.1,reported_point,117,0,0,0,0,117
l316-s3-chandrasekaran-2013,article:l316,balanced_instance,0.0,0,0.1,interval_upper,117,0,0,0,0,117
l316-s3-chandrasekaran-2013,article:l316,balanced_instance,0.0,0,0.1,coverage_0.5,117,0,0,0,0,117
l316-s3-chandrasekaran-2013,article:l316,balanced_instance,0.0,0,0.1,coverage_0.75,117,0,0,0,0,117
l316-s3-chandrasekaran-2013,article:l316,balanced_instance,0.0,0,0.2,reported_point,117,0,0,0,0,117
l316-s3-chandrasekaran-2013,article:l316,balanced_instance,0.0,0,0.2,interval_upper,117,0,0,0,0,117
l316-s3-chandrasekaran-2013,article:l316,balanced_instance,0.0,0,0.2,coverage_0.5,117,0,0,0,0,117
l316-s3-chandrasekaran-2013,article:l316,balanced_instance,0.0,0,0.2,coverage_0.75,117,0,0,0,0,117
l316-s3-chandrasekaran-2013,article:l316,balanced_instance,0.0,0,0.3,reported_point,117,2,2,0,2,117
l316-s3-chandrasekaran-2013,article:l316,balanced_instance,0.0,0,0.3,interval_upper,117,2,0,0,0,117
l316-s3-chandrasekaran-2013,article:l316,balanced_instance,0.0,0,0.3,coverage_0.5,117,2,2,0,2,117
l316-s3-chandrasekaran-2013,article:l316,balanced_instance,0.0,0,0.3,coverage_0.75,117,2,0,0,0,117
l316-s3-chandrasekaran-2013,article:l316,balanced_instance,0.0,0,0.4,reported_point,117,3,3,0,3,117
l316-s3-chandrasekaran-2013,article:l316,balanced_instance,0.0,0,0.4,interval_upper,117,3,0,0,0,117
l316-s3-chandrasekaran-2013,article:l316,balanced_instance,0.0,0,0.4,coverage_0.5,117,3,2,0,2,117
l316-s3-chandrasekaran-2013,article:l316,balanced_instance,0.0,0,0.4,coverage_0.75,117,3,0,0,0,117
l316-s3-chandrasekaran-2013,article:l316,balanced_instance,0.0,0,0.5,reported_point,117,8,8,0,8,117
l316-s3-chandrasekaran-2013,article:l316,balanced_instance,0.0,0,0.5,interval_upper,117,8,0,0,0,117
l316-s3-chandrasekaran-2013,article:l316,balanced_instance,0.0,0,0.5,coverage_0.5,117,8,7,0,7,117
l316-s3-chandrasekaran-2013,article:l316,balanced_instance,0.0,0,0.5,coverage_0.75,117,8,0,0,0,117
l120-s11-murugaraj-2005,article:l120,material_identity,0.0,0,0.1,reported_point,118,0,0,0,0,118
l120-s11-murugaraj-2005,article:l120,material_identity,0.0,0,0.1,interval_upper,118,0,0,0,0,118
l120-s11-murugaraj-2005,article:l120,material_identity,0.0,0,0.1,coverage_0.5,118,0,0,0,0,118
l120-s11-murugaraj-2005,article:l120,material_identity,0.0,0,0.1,coverage_0.75,118,0,0,0,0,118
l120-s11-murugaraj-2005,article:l120,material_identity,0.0,0,0.2,reported_point,118,0,0,0,0,118
l120-s11-murugaraj-2005,article:l120,material_identity,0.0,0,0.2,interval_upper,118,0,0,0,0,118
l120-s11-murugaraj-2005,article:l120,material_identity,0.0,0,0.2,coverage_0.5,118,0,0,0,0,118
l120-s11-murugaraj-2005,article:l120,material_identity,0.0,0,0.2,coverage_0.75,118,0,0,0,0,118
l120-s11-murugaraj-2005,article:l120,material_identity,0.0,0,0.3,reported_point,118,0,0,0,0,118
l120-s11-murugaraj-2005,article:l120,material_identity,0.0,0,0.3,interval_upper,118,0,0,0,0,118
l120-s11-murugaraj-2005,article:l120,material_identity,0.0,0,0.3,coverage_0.5,118,0,0,0,0,118
l120-s11-murugaraj-2005,article:l120,material_identity,0.0,0,0.3,coverage_0.75,118,0,0,0,0,118
l120-s11-murugaraj-2005,article:l120,material_identity,0.0,0,0.4,reported_point,118,2,2,0,2,118
l120-s11-murugaraj-2005,article:l120,material_identity,0.0,0,0.4,interval_upper,118,2,0,0,0,118
l120-s11-murugaraj-2005,article:l120,material_identity,0.0,0,0.4,coverage_0.5,118,2,0,0,0,118
l120-s11-murugaraj-2005,article:l120,material_identity,0.0,0,0.4,coverage_0.75,118,2,0,0,0,118
l120-s11-murugaraj-2005,article:l120,material_identity,0.0,0,0.5,reported_point,118,3,3,0,3,118
l120-s11-murugaraj-2005,article:l120,material_identity,0.0,0,0.5,interval_upper,118,3,0,0,0,118
l120-s11-murugaraj-2005,article:l120,material_identity,0.0,0,0.5,coverage_0.5,118,3,0,0,0,118
l120-s11-murugaraj-2005,article:l120,material_identity,0.0,0,0.5,coverage_0.75,118,3,0,0,0,118
l120-s11-murugaraj-2005,article:l120,experimental_protocol,0.0,0,0.1,reported_point,118,0,0,0,0,118
l120-s11-murugaraj-2005,article:l120,experimental_protocol,0.0,0,0.1,interval_upper,118,0,0,0,0,118
l120-s11-murugaraj-2005,article:l120,experimental_protocol,0.0,0,0.1,coverage_0.5,118,0,0,0,0,118
l120-s11-murugaraj-2005,article:l120,experimental_protocol,0.0,0,0.1,coverage_0.75,118,0,0,0,0,118
l120-s11-murugaraj-2005,article:l120,experimental_protocol,0.0,0,0.2,reported_point,118,0,0,0,0,118
l120-s11-murugaraj-2005,article:l120,experimental_protocol,0.0,0,0.2,interval_upper,118,0,0,0,0,118
l120-s11-murugaraj-2005,article:l120,experimental_protocol,0.0,0,0.2,coverage_0.5,118,0,0,0,0,118
l120-s11-murugaraj-2005,article:l120,experimental_protocol,0.0,0,0.2,coverage_0.75,118,0,0,0,0,118
l120-s11-murugaraj-2005,article:l120,experimental_protocol,0.0,0,0.3,reported_point,118,0,0,0,0,118
l120-s11-murugaraj-2005,article:l120,experimental_protocol,0.0,0,0.3,interval_upper,118,0,0,0,0,118
l120-s11-murugaraj-2005,article:l120,experimental_protocol,0.0,0,0.3,coverage_0.5,118,0,0,0,0,118
l120-s11-murugaraj-2005,article:l120,experimental_protocol,0.0,0,0.3,coverage_0.75,118,0,0,0,0,118
l120-s11-murugaraj-2005,article:l120,experimental_protocol,0.0,0,0.4,reported_point,118,0,0,0,0,118
l120-s11-murugaraj-2005,article:l120,experimental_protocol,0.0,0,0.4,interval_upper,118,0,0,0,0,118
l120-s11-murugaraj-2005,article:l120,experimental_protocol,0.0,0,0.4,coverage_0.5,118,0,0,0,0,118
l120-s11-murugaraj-2005,article:l120,experimental_protocol,0.0,0,0.4,coverage_0.75,118,0,0,0,0,118
l120-s11-murugaraj-2005,article:l120,experimental_protocol,0.0,0,0.5,reported_point,118,0,0,0,0,118
l120-s11-murugaraj-2005,article:l120,experimental_protocol,0.0,0,0.5,interval_upper,118,0,0,0,0,118
l120-s11-murugaraj-2005,article:l120,experimental_protocol,0.0,0,0.5,coverage_0.5,118,0,0,0,0,118
l120-s11-murugaraj-2005,article:l120,experimental_protocol,0.0,0,0.5,coverage_0.75,118,0,0,0,0,118
l120-s11-murugaraj-2005,article:l120,balanced_instance,0.0,0,0.1,reported_point,118,0,0,0,0,118
l120-s11-murugaraj-2005,article:l120,balanced_instance,0.0,0,0.1,interval_upper,118,0,0,0,0,118
l120-s11-murugaraj-2005,article:l120,balanced_instance,0.0,0,0.1,coverage_0.5,118,0,0,0,0,118
l120-s11-murugaraj-2005,article:l120,balanced_instance,0.0,0,0.1,coverage_0.75,118,0,0,0,0,118
l120-s11-murugaraj-2005,article:l120,balanced_instance,0.0,0,0.2,reported_point,118,0,0,0,0,118
l120-s11-murugaraj-2005,article:l120,balanced_instance,0.0,0,0.2,interval_upper,118,0,0,0,0,118
l120-s11-murugaraj-2005,article:l120,balanced_instance,0.0,0,0.2,coverage_0.5,118,0,0,0,0,118
l120-s11-murugaraj-2005,article:l120,balanced_instance,0.0,0,0.2,coverage_0.75,118,0,0,0,0,118
l120-s11-murugaraj-2005,article:l120,balanced_instance,0.0,0,0.3,reported_point,118,0,0,0,0,118
l120-s11-murugaraj-2005,article:l120,balanced_instance,0.0,0,0.3,interval_upper,118,0,0,0,0,118
l120-s11-murugaraj-2005,article:l120,balanced_instance,0.0,0,0.3,coverage_0.5,118,0,0,0,0,118
l120-s11-murugaraj-2005,article:l120,balanced_instance,0.0,0,0.3,coverage_0.75,118,0,0,0,0,118
l120-s11-murugaraj-2005,article:l120,balanced_instance,0.0,0,0.4,reported_point,118,0,0,0,0,118
l120-s11-murugaraj-2005,article:l120,balanced_instance,0.0,0,0.4,interval_upper,118,0,0,0,0,118
l120-s11-murugaraj-2005,article:l120,balanced_instance,0.0,0,0.4,coverage_0.5,118,0,0,0,0,118
l120-s11-murugaraj-2005,article:l120,balanced_instance,0.0,0,0.4,coverage_0.75,118,0,0,0,0,118
l120-s11-murugaraj-2005,article:l120,balanced_instance,0.0,0,0.5,reported_point,118,0,0,0,0,118
l120-s11-murugaraj-2005,article:l120,balanced_instance,0.0,0,0.5,interval_upper,118,0,0,0,0,118
l120-s11-murugaraj-2005,article:l120,balanced_instance,0.0,0,0.5,coverage_0.5,118,0,0,0,0,118
l120-s11-murugaraj-2005,article:l120,balanced_instance,0.0,0,0.5,coverage_0.75,118,0,0,0,0,118
l297-s1-shen-2004,article:l297,material_identity,0.0,0,0.1,reported_point,118,1,1,0,1,118
l297-s1-shen-2004,article:l297,material_identity,0.0,0,0.1,interval_upper,118,1,0,0,0,118
l297-s1-shen-2004,article:l297,material_identity,0.0,0,0.1,coverage_0.5,118,1,0,0,0,118
l297-s1-shen-2004,article:l297,material_identity,0.0,0,0.1,coverage_0.75,118,1,0,0,0,118
l297-s1-shen-2004,article:l297,material_identity,0.0,0,0.2,reported_point,118,1,1,0,1,118
l297-s1-shen-2004,article:l297,material_identity,0.0,0,0.2,interval_upper,118,1,0,0,0,118
l297-s1-shen-2004,article:l297,material_identity,0.0,0,0.2,coverage_0.5,118,1,0,0,0,118
l297-s1-shen-2004,article:l297,material_identity,0.0,0,0.2,coverage_0.75,118,1,0,0,0,118
l297-s1-shen-2004,article:l297,material_identity,0.0,0,0.3,reported_point,118,1,1,0,1,118
l297-s1-shen-2004,article:l297,material_identity,0.0,0,0.3,interval_upper,118,1,0,0,0,118
l297-s1-shen-2004,article:l297,material_identity,0.0,0,0.3,coverage_0.5,118,1,0,0,0,118
l297-s1-shen-2004,article:l297,material_identity,0.0,0,0.3,coverage_0.75,118,1,0,0,0,118
l297-s1-shen-2004,article:l297,material_identity,0.0,0,0.4,reported_point,118,1,1,0,1,118
l297-s1-shen-2004,article:l297,material_identity,0.0,0,0.4,interval_upper,118,1,0,0,0,118
l297-s1-shen-2004,article:l297,material_identity,0.0,0,0.4,coverage_0.5,118,1,0,0,0,118
l297-s1-shen-2004,article:l297,material_identity,0.0,0,0.4,coverage_0.75,118,1,0,0,0,118
l297-s1-shen-2004,article:l297,material_identity,0.0,0,0.5,reported_point,118,1,1,0,1,118
l297-s1-shen-2004,article:l297,material_identity,0.0,0,0.5,interval_upper,118,1,0,0,0,118
l297-s1-shen-2004,article:l297,material_identity,0.0,0,0.5,coverage_0.5,118,1,0,0,0,118
l297-s1-shen-2004,article:l297,material_identity,0.0,0,0.5,coverage_0.75,118,1,0,0,0,118
l297-s1-shen-2004,article:l297,experimental_protocol,0.0,0,0.1,reported_point,118,0,0,0,0,118
l297-s1-shen-2004,article:l297,experimental_protocol,0.0,0,0.1,interval_upper,118,0,0,0,0,118
l297-s1-shen-2004,article:l297,experimental_protocol,0.0,0,0.1,coverage_0.5,118,0,0,0,0,118
l297-s1-shen-2004,article:l297,experimental_protocol,0.0,0,0.1,coverage_0.75,118,0,0,0,0,118
l297-s1-shen-2004,article:l297,experimental_protocol,0.0,0,0.2,reported_point,118,0,0,0,0,118
l297-s1-shen-2004,article:l297,experimental_protocol,0.0,0,0.2,interval_upper,118,0,0,0,0,118
l297-s1-shen-2004,article:l297,experimental_protocol,0.0,0,0.2,coverage_0.5,118,0,0,0,0,118
l297-s1-shen-2004,article:l297,experimental_protocol,0.0,0,0.2,coverage_0.75,118,0,0,0,0,118
l297-s1-shen-2004,article:l297,experimental_protocol,0.0,0,0.3,reported_point,118,0,0,0,0,118
l297-s1-shen-2004,article:l297,experimental_protocol,0.0,0,0.3,interval_upper,118,0,0,0,0,118
l297-s1-shen-2004,article:l297,experimental_protocol,0.0,0,0.3,coverage_0.5,118,0,0,0,0,118
l297-s1-shen-2004,article:l297,experimental_protocol,0.0,0,0.3,coverage_0.75,118,0,0,0,0,118
l297-s1-shen-2004,article:l297,experimental_protocol,0.0,0,0.4,reported_point,118,0,0,0,0,118
l297-s1-shen-2004,article:l297,experimental_protocol,0.0,0,0.4,interval_upper,118,0,0,0,0,118
l297-s1-shen-2004,article:l297,experimental_protocol,0.0,0,0.4,coverage_0.5,118,0,0,0,0,118
l297-s1-shen-2004,article:l297,experimental_protocol,0.0,0,0.4,coverage_0.75,118,0,0,0,0,118
l297-s1-shen-2004,article:l297,experimental_protocol,0.0,0,0.5,reported_point,118,0,0,0,0,118
l297-s1-shen-2004,article:l297,experimental_protocol,0.0,0,0.5,interval_upper,118,0,0,0,0,118
l297-s1-shen-2004,article:l297,experimental_protocol,0.0,0,0.5,coverage_0.5,118,0,0,0,0,118
l297-s1-shen-2004,article:l297,experimental_protocol,0.0,0,0.5,coverage_0.75,118,0,0,0,0,118
l297-s1-shen-2004,article:l297,balanced_instance,0.0,0,0.1,reported_point,118,0,0,0,0,118
l297-s1-shen-2004,article:l297,balanced_instance,0.0,0,0.1,interval_upper,118,0,0,0,0,118
l297-s1-shen-2004,article:l297,balanced_instance,0.0,0,0.1,coverage_0.5,118,0,0,0,0,118
l297-s1-shen-2004,article:l297,balanced_instance,0.0,0,0.1,coverage_0.75,118,0,0,0,0,118
l297-s1-shen-2004,article:l297,balanced_instance,0.0,0,0.2,reported_point,118,0,0,0,0,118
l297-s1-shen-2004,article:l297,balanced_instance,0.0,0,0.2,interval_upper,118,0,0,0,0,118
l297-s1-shen-2004,article:l297,balanced_instance,0.0,0,0.2,coverage_0.5,118,0,0,0,0,118
l297-s1-shen-2004,article:l297,balanced_instance,0.0,0,0.2,coverage_0.75,118,0,0,0,0,118
l297-s1-shen-2004,article:l297,balanced_instance,0.0,0,0.3,reported_point,118,0,0,0,0,118
l297-s1-shen-2004,article:l297,balanced_instance,0.0,0,0.3,interval_upper,118,0,0,0,0,118
l297-s1-shen-2004,article:l297,balanced_instance,0.0,0,0.3,coverage_0.5,118,0,0,0,0,118
l297-s1-shen-2004,article:l297,balanced_instance,0.0,0,0.3,coverage_0.75,118,0,0,0,0,118
l297-s1-shen-2004,article:l297,balanced_instance,0.0,0,0.4,reported_point,118,0,0,0,0,118
l297-s1-shen-2004,article:l297,balanced_instance,0.0,0,0.4,interval_upper,118,0,0,0,0,118
l297-s1-shen-2004,article:l297,balanced_instance,0.0,0,0.4,coverage_0.5,118,0,0,0,0,118
l297-s1-shen-2004,article:l297,balanced_instance,0.0,0,0.4,coverage_0.75,118,0,0,0,0,118
l297-s1-shen-2004,article:l297,balanced_instance,0.0,0,0.5,reported_point,118,0,0,0,0,118
l297-s1-shen-2004,article:l297,balanced_instance,0.0,0,0.5,interval_upper,118,0,0,0,0,118
l297-s1-shen-2004,article:l297,balanced_instance,0.0,0,0.5,coverage_0.5,118,0,0,0,0,118
l297-s1-shen-2004,article:l297,balanced_instance,0.0,0,0.5,coverage_0.75,118,0,0,0,0,118
l267-s3-kim-2006,article:l267,material_identity,0.0,0,0.1,reported_point,119,4,4,0,4,119
l267-s3-kim-2006,article:l267,material_identity,0.0,0,0.1,interval_upper,119,4,0,0,0,119
l267-s3-kim-2006,article:l267,material_identity,0.0,0,0.1,coverage_0.5,119,4,0,0,0,119
l267-s3-kim-2006,article:l267,material_identity,0.0,0,0.1,coverage_0.75,119,4,0,0,0,119
l267-s3-kim-2006,article:l267,material_identity,0.0,0,0.2,reported_point,119,4,4,0,4,119
l267-s3-kim-2006,article:l267,material_identity,0.0,0,0.2,interval_upper,119,4,0,0,0,119
l267-s3-kim-2006,article:l267,material_identity,0.0,0,0.2,coverage_0.5,119,4,0,0,0,119
l267-s3-kim-2006,article:l267,material_identity,0.0,0,0.2,coverage_0.75,119,4,0,0,0,119
l267-s3-kim-2006,article:l267,material_identity,0.0,0,0.3,reported_point,119,18,18,0,18,119
l267-s3-kim-2006,article:l267,material_identity,0.0,0,0.3,interval_upper,119,18,0,0,0,119
l267-s3-kim-2006,article:l267,material_identity,0.0,0,0.3,coverage_0.5,119,18,0,0,0,119
l267-s3-kim-2006,article:l267,material_identity,0.0,0,0.3,coverage_0.75,119,18,0,0,0,119
l267-s3-kim-2006,article:l267,material_identity,0.0,0,0.4,reported_point,119,23,23,0,23,119
l267-s3-kim-2006,article:l267,material_identity,0.0,0,0.4,interval_upper,119,23,0,0,0,119
l267-s3-kim-2006,article:l267,material_identity,0.0,0,0.4,coverage_0.5,119,23,0,0,0,119
l267-s3-kim-2006,article:l267,material_identity,0.0,0,0.4,coverage_0.75,119,23,0,0,0,119
l267-s3-kim-2006,article:l267,material_identity,0.0,0,0.5,reported_point,119,25,25,0,25,119
l267-s3-kim-2006,article:l267,material_identity,0.0,0,0.5,interval_upper,119,25,0,0,0,119
l267-s3-kim-2006,article:l267,material_identity,0.0,0,0.5,coverage_0.5,119,25,0,0,0,119
l267-s3-kim-2006,article:l267,material_identity,0.0,0,0.5,coverage_0.75,119,25,0,0,0,119
l267-s3-kim-2006,article:l267,experimental_protocol,0.0,0,0.1,reported_point,119,0,0,0,0,119
l267-s3-kim-2006,article:l267,experimental_protocol,0.0,0,0.1,interval_upper,119,0,0,0,0,119
l267-s3-kim-2006,article:l267,experimental_protocol,0.0,0,0.1,coverage_0.5,119,0,0,0,0,119
l267-s3-kim-2006,article:l267,experimental_protocol,0.0,0,0.1,coverage_0.75,119,0,0,0,0,119
l267-s3-kim-2006,article:l267,experimental_protocol,0.0,0,0.2,reported_point,119,0,0,0,0,119
l267-s3-kim-2006,article:l267,experimental_protocol,0.0,0,0.2,interval_upper,119,0,0,0,0,119
l267-s3-kim-2006,article:l267,experimental_protocol,0.0,0,0.2,coverage_0.5,119,0,0,0,0,119
l267-s3-kim-2006,article:l267,experimental_protocol,0.0,0,0.2,coverage_0.75,119,0,0,0,0,119
l267-s3-kim-2006,article:l267,experimental_protocol,0.0,0,0.3,reported_point,119,0,0,0,0,119
l267-s3-kim-2006,article:l267,experimental_protocol,0.0,0,0.3,interval_upper,119,0,0,0,0,119
l267-s3-kim-2006,article:l267,experimental_protocol,0.0,0,0.3,coverage_0.5,119,0,0,0,0,119
l267-s3-kim-2006,article:l267,experimental_protocol,0.0,0,0.3,coverage_0.75,119,0,0,0,0,119
l267-s3-kim-2006,article:l267,experimental_protocol,0.0,0,0.4,reported_point,119,1,1,0,1,119
l267-s3-kim-2006,article:l267,experimental_protocol,0.0,0,0.4,interval_upper,119,1,0,0,0,119
l267-s3-kim-2006,article:l267,experimental_protocol,0.0,0,0.4,coverage_0.5,119,1,1,0,1,119
l267-s3-kim-2006,article:l267,experimental_protocol,0.0,0,0.4,coverage_0.75,119,1,0,0,0,119
l267-s3-kim-2006,article:l267,experimental_protocol,0.0,0,0.5,reported_point,119,2,2,0,2,119
l267-s3-kim-2006,article:l267,experimental_protocol,0.0,0,0.5,interval_upper,119,2,0,0,0,119
l267-s3-kim-2006,article:l267,experimental_protocol,0.0,0,0.5,coverage_0.5,119,2,2,0,2,119
l267-s3-kim-2006,article:l267,experimental_protocol,0.0,0,0.5,coverage_0.75,119,2,0,0,0,119
l267-s3-kim-2006,article:l267,balanced_instance,0.0,0,0.1,reported_point,119,0,0,0,0,119
l267-s3-kim-2006,article:l267,balanced_instance,0.0,0,0.1,interval_upper,119,0,0,0,0,119
l267-s3-kim-2006,article:l267,balanced_instance,0.0,0,0.1,coverage_0.5,119,0,0,0,0,119
l267-s3-kim-2006,article:l267,balanced_instance,0.0,0,0.1,coverage_0.75,119,0,0,0,0,119
l267-s3-kim-2006,article:l267,balanced_instance,0.0,0,0.2,reported_point,119,0,0,0,0,119
l267-s3-kim-2006,article:l267,balanced_instance,0.0,0,0.2,interval_upper,119,0,0,0,0,119
l267-s3-kim-2006,article:l267,balanced_instance,0.0,0,0.2,coverage_0.5,119,0,0,0,0,119
l267-s3-kim-2006,article:l267,balanced_instance,0.0,0,0.2,coverage_0.75,119,0,0,0,0,119
l267-s3-kim-2006,article:l267,balanced_instance,0.0,0,0.3,reported_point,119,1,1,0,1,119
l267-s3-kim-2006,article:l267,balanced_instance,0.0,0,0.3,interval_upper,119,1,0,0,0,119
l267-s3-kim-2006,article:l267,balanced_instance,0.0,0,0.3,coverage_0.5,119,1,1,0,1,119
l267-s3-kim-2006,article:l267,balanced_instance,0.0,0,0.3,coverage_0.75,119,1,0,0,0,119
l267-s3-kim-2006,article:l267,balanced_instance,0.0,0,0.4,reported_point,119,2,2,0,2,119
l267-s3-kim-2006,article:l267,balanced_instance,0.0,0,0.4,interval_upper,119,2,0,0,0,119
l267-s3-kim-2006,article:l267,balanced_instance,0.0,0,0.4,coverage_0.5,119,2,1,0,1,119
l267-s3-kim-2006,article:l267,balanced_instance,0.0,0,0.4,coverage_0.75,119,2,0,0,0,119
l267-s3-kim-2006,article:l267,balanced_instance,0.0,0,0.5,reported_point,119,14,14,0,14,119
l267-s3-kim-2006,article:l267,balanced_instance,0.0,0,0.5,interval_upper,119,14,0,0,0,119
l267-s3-kim-2006,article:l267,balanced_instance,0.0,0,0.5,coverage_0.5,119,14,11,0,11,119
l267-s3-kim-2006,article:l267,balanced_instance,0.0,0,0.5,coverage_0.75,119,14,0,0,0,119
l279-s1-motaung-2012,article:l279,material_identity,0.0,0,0.1,reported_point,119,20,20,0,20,119
l279-s1-motaung-2012,article:l279,material_identity,0.0,0,0.1,interval_upper,119,20,0,0,0,119
l279-s1-motaung-2012,article:l279,material_identity,0.0,0,0.1,coverage_0.5,119,20,0,0,0,119
l279-s1-motaung-2012,article:l279,material_identity,0.0,0,0.1,coverage_0.75,119,20,0,0,0,119
l279-s1-motaung-2012,article:l279,material_identity,0.0,0,0.2,reported_point,119,20,20,0,20,119
l279-s1-motaung-2012,article:l279,material_identity,0.0,0,0.2,interval_upper,119,20,0,0,0,119
l279-s1-motaung-2012,article:l279,material_identity,0.0,0,0.2,coverage_0.5,119,20,0,0,0,119
l279-s1-motaung-2012,article:l279,material_identity,0.0,0,0.2,coverage_0.75,119,20,0,0,0,119
l279-s1-motaung-2012,article:l279,material_identity,0.0,0,0.3,reported_point,119,20,20,0,20,119
l279-s1-motaung-2012,article:l279,material_identity,0.0,0,0.3,interval_upper,119,20,0,0,0,119
l279-s1-motaung-2012,article:l279,material_identity,0.0,0,0.3,coverage_0.5,119,20,0,0,0,119
l279-s1-motaung-2012,article:l279,material_identity,0.0,0,0.3,coverage_0.75,119,20,0,0,0,119
l279-s1-motaung-2012,article:l279,material_identity,0.0,0,0.4,reported_point,119,20,20,0,20,119
l279-s1-motaung-2012,article:l279,material_identity,0.0,0,0.4,interval_upper,119,20,0,0,0,119
l279-s1-motaung-2012,article:l279,material_identity,0.0,0,0.4,coverage_0.5,119,20,0,0,0,119
l279-s1-motaung-2012,article:l279,material_identity,0.0,0,0.4,coverage_0.75,119,20,0,0,0,119
l279-s1-motaung-2012,article:l279,material_identity,0.0,0,0.5,reported_point,119,20,20,0,20,119
l279-s1-motaung-2012,article:l279,material_identity,0.0,0,0.5,interval_upper,119,20,0,0,0,119
l279-s1-motaung-2012,article:l279,material_identity,0.0,0,0.5,coverage_0.5,119,20,0,0,0,119
l279-s1-motaung-2012,article:l279,material_identity,0.0,0,0.5,coverage_0.75,119,20,0,0,0,119
l279-s1-motaung-2012,article:l279,experimental_protocol,0.0,0,0.1,reported_point,119,2,2,0,2,119
l279-s1-motaung-2012,article:l279,experimental_protocol,0.0,0,0.1,interval_upper,119,2,0,0,0,119
l279-s1-motaung-2012,article:l279,experimental_protocol,0.0,0,0.1,coverage_0.5,119,2,2,0,2,119
l279-s1-motaung-2012,article:l279,experimental_protocol,0.0,0,0.1,coverage_0.75,119,2,2,0,2,119
l279-s1-motaung-2012,article:l279,experimental_protocol,0.0,0,0.2,reported_point,119,3,3,0,3,119
l279-s1-motaung-2012,article:l279,experimental_protocol,0.0,0,0.2,interval_upper,119,3,0,0,0,119
l279-s1-motaung-2012,article:l279,experimental_protocol,0.0,0,0.2,coverage_0.5,119,3,3,0,3,119
l279-s1-motaung-2012,article:l279,experimental_protocol,0.0,0,0.2,coverage_0.75,119,3,3,0,3,119
l279-s1-motaung-2012,article:l279,experimental_protocol,0.0,0,0.3,reported_point,119,4,4,0,4,119
l279-s1-motaung-2012,article:l279,experimental_protocol,0.0,0,0.3,interval_upper,119,4,3,0,3,119
l279-s1-motaung-2012,article:l279,experimental_protocol,0.0,0,0.3,coverage_0.5,119,4,4,0,4,119
l279-s1-motaung-2012,article:l279,experimental_protocol,0.0,0,0.3,coverage_0.75,119,4,3,0,3,119
l279-s1-motaung-2012,article:l279,experimental_protocol,0.0,0,0.4,reported_point,119,4,4,0,4,119
l279-s1-motaung-2012,article:l279,experimental_protocol,0.0,0,0.4,interval_upper,119,4,4,0,4,119
l279-s1-motaung-2012,article:l279,experimental_protocol,0.0,0,0.4,coverage_0.5,119,4,4,0,4,119
l279-s1-motaung-2012,article:l279,experimental_protocol,0.0,0,0.4,coverage_0.75,119,4,3,0,3,119
l279-s1-motaung-2012,article:l279,experimental_protocol,0.0,0,0.5,reported_point,119,17,17,0,17,119
l279-s1-motaung-2012,article:l279,experimental_protocol,0.0,0,0.5,interval_upper,119,17,4,0,4,119
l279-s1-motaung-2012,article:l279,experimental_protocol,0.0,0,0.5,coverage_0.5,119,17,17,0,17,119
l279-s1-motaung-2012,article:l279,experimental_protocol,0.0,0,0.5,coverage_0.75,119,17,5,0,5,119
l279-s1-motaung-2012,article:l279,balanced_instance,0.0,0,0.1,reported_point,119,1,1,0,1,119
l279-s1-motaung-2012,article:l279,balanced_instance,0.0,0,0.1,interval_upper,119,1,0,0,0,119
l279-s1-motaung-2012,article:l279,balanced_instance,0.0,0,0.1,coverage_0.5,119,1,1,0,1,119
l279-s1-motaung-2012,article:l279,balanced_instance,0.0,0,0.1,coverage_0.75,119,1,0,0,0,119
l279-s1-motaung-2012,article:l279,balanced_instance,0.0,0,0.2,reported_point,119,1,1,0,1,119
l279-s1-motaung-2012,article:l279,balanced_instance,0.0,0,0.2,interval_upper,119,1,0,0,0,119
l279-s1-motaung-2012,article:l279,balanced_instance,0.0,0,0.2,coverage_0.5,119,1,1,0,1,119
l279-s1-motaung-2012,article:l279,balanced_instance,0.0,0,0.2,coverage_0.75,119,1,0,0,0,119
l279-s1-motaung-2012,article:l279,balanced_instance,0.0,0,0.3,reported_point,119,1,1,0,1,119
l279-s1-motaung-2012,article:l279,balanced_instance,0.0,0,0.3,interval_upper,119,1,0,0,0,119
l279-s1-motaung-2012,article:l279,balanced_instance,0.0,0,0.3,coverage_0.5,119,1,1,0,1,119
l279-s1-motaung-2012,article:l279,balanced_instance,0.0,0,0.3,coverage_0.75,119,1,0,0,0,119
l279-s1-motaung-2012,article:l279,balanced_instance,0.0,0,0.4,reported_point,119,3,3,0,3,119
l279-s1-motaung-2012,article:l279,balanced_instance,0.0,0,0.4,interval_upper,119,3,0,0,0,119
l279-s1-motaung-2012,article:l279,balanced_instance,0.0,0,0.4,coverage_0.5,119,3,2,0,2,119
l279-s1-motaung-2012,article:l279,balanced_instance,0.0,0,0.4,coverage_0.75,119,3,0,0,0,119
l279-s1-motaung-2012,article:l279,balanced_instance,0.0,0,0.5,reported_point,119,6,6,0,6,119
l279-s1-motaung-2012,article:l279,balanced_instance,0.0,0,0.5,interval_upper,119,6,0,0,0,119
l279-s1-motaung-2012,article:l279,balanced_instance,0.0,0,0.5,coverage_0.5,119,6,2,0,2,119
l279-s1-motaung-2012,article:l279,balanced_instance,0.0,0,0.5,coverage_0.75,119,6,0,0,0,119
l302-s3-bandyopadhyay-2005,article:l302,material_identity,0.0,0,0.1,reported_point,119,0,0,0,0,119
l302-s3-bandyopadhyay-2005,article:l302,material_identity,0.0,0,0.1,interval_upper,119,0,0,0,0,119
l302-s3-bandyopadhyay-2005,article:l302,material_identity,0.0,0,0.1,coverage_0.5,119,0,0,0,0,119
l302-s3-bandyopadhyay-2005,article:l302,material_identity,0.0,0,0.1,coverage_0.75,119,0,0,0,0,119
l302-s3-bandyopadhyay-2005,article:l302,material_identity,0.0,0,0.2,reported_point,119,0,0,0,0,119
l302-s3-bandyopadhyay-2005,article:l302,material_identity,0.0,0,0.2,interval_upper,119,0,0,0,0,119
l302-s3-bandyopadhyay-2005,article:l302,material_identity,0.0,0,0.2,coverage_0.5,119,0,0,0,0,119
l302-s3-bandyopadhyay-2005,article:l302,material_identity,0.0,0,0.2,coverage_0.75,119,0,0,0,0,119
l302-s3-bandyopadhyay-2005,article:l302,material_identity,0.0,0,0.3,reported_point,119,1,1,0,1,119
l302-s3-bandyopadhyay-2005,article:l302,material_identity,0.0,0,0.3,interval_upper,119,1,0,0,0,119
l302-s3-bandyopadhyay-2005,article:l302,material_identity,0.0,0,0.3,coverage_0.5,119,1,0,0,0,119
l302-s3-bandyopadhyay-2005,article:l302,material_identity,0.0,0,0.3,coverage_0.75,119,1,0,0,0,119
l302-s3-bandyopadhyay-2005,article:l302,material_identity,0.0,0,0.4,reported_point,119,11,11,0,11,119
l302-s3-bandyopadhyay-2005,article:l302,material_identity,0.0,0,0.4,interval_upper,119,11,0,0,0,119
l302-s3-bandyopadhyay-2005,article:l302,material_identity,0.0,0,0.4,coverage_0.5,119,11,0,0,0,119
l302-s3-bandyopadhyay-2005,article:l302,material_identity,0.0,0,0.4,coverage_0.75,119,11,0,0,0,119
l302-s3-bandyopadhyay-2005,article:l302,material_identity,0.0,0,0.5,reported_point,119,14,14,0,14,119
l302-s3-bandyopadhyay-2005,article:l302,material_identity,0.0,0,0.5,interval_upper,119,14,0,0,0,119
l302-s3-bandyopadhyay-2005,article:l302,material_identity,0.0,0,0.5,coverage_0.5,119,14,0,0,0,119
l302-s3-bandyopadhyay-2005,article:l302,material_identity,0.0,0,0.5,coverage_0.75,119,14,0,0,0,119
l302-s3-bandyopadhyay-2005,article:l302,experimental_protocol,0.0,0,0.1,reported_point,119,0,0,0,0,119
l302-s3-bandyopadhyay-2005,article:l302,experimental_protocol,0.0,0,0.1,interval_upper,119,0,0,0,0,119
l302-s3-bandyopadhyay-2005,article:l302,experimental_protocol,0.0,0,0.1,coverage_0.5,119,0,0,0,0,119
l302-s3-bandyopadhyay-2005,article:l302,experimental_protocol,0.0,0,0.1,coverage_0.75,119,0,0,0,0,119
l302-s3-bandyopadhyay-2005,article:l302,experimental_protocol,0.0,0,0.2,reported_point,119,0,0,0,0,119
l302-s3-bandyopadhyay-2005,article:l302,experimental_protocol,0.0,0,0.2,interval_upper,119,0,0,0,0,119
l302-s3-bandyopadhyay-2005,article:l302,experimental_protocol,0.0,0,0.2,coverage_0.5,119,0,0,0,0,119
l302-s3-bandyopadhyay-2005,article:l302,experimental_protocol,0.0,0,0.2,coverage_0.75,119,0,0,0,0,119
l302-s3-bandyopadhyay-2005,article:l302,experimental_protocol,0.0,0,0.3,reported_point,119,0,0,0,0,119
l302-s3-bandyopadhyay-2005,article:l302,experimental_protocol,0.0,0,0.3,interval_upper,119,0,0,0,0,119
l302-s3-bandyopadhyay-2005,article:l302,experimental_protocol,0.0,0,0.3,coverage_0.5,119,0,0,0,0,119
l302-s3-bandyopadhyay-2005,article:l302,experimental_protocol,0.0,0,0.3,coverage_0.75,119,0,0,0,0,119
l302-s3-bandyopadhyay-2005,article:l302,experimental_protocol,0.0,0,0.4,reported_point,119,0,0,0,0,119
l302-s3-bandyopadhyay-2005,article:l302,experimental_protocol,0.0,0,0.4,interval_upper,119,0,0,0,0,119
l302-s3-bandyopadhyay-2005,article:l302,experimental_protocol,0.0,0,0.4,coverage_0.5,119,0,0,0,0,119
l302-s3-bandyopadhyay-2005,article:l302,experimental_protocol,0.0,0,0.4,coverage_0.75,119,0,0,0,0,119
l302-s3-bandyopadhyay-2005,article:l302,experimental_protocol,0.0,0,0.5,reported_point,119,0,0,0,0,119
l302-s3-bandyopadhyay-2005,article:l302,experimental_protocol,0.0,0,0.5,interval_upper,119,0,0,0,0,119
l302-s3-bandyopadhyay-2005,article:l302,experimental_protocol,0.0,0,0.5,coverage_0.5,119,0,0,0,0,119
l302-s3-bandyopadhyay-2005,article:l302,experimental_protocol,0.0,0,0.5,coverage_0.75,119,0,0,0,0,119
l302-s3-bandyopadhyay-2005,article:l302,balanced_instance,0.0,0,0.1,reported_point,119,0,0,0,0,119
l302-s3-bandyopadhyay-2005,article:l302,balanced_instance,0.0,0,0.1,interval_upper,119,0,0,0,0,119
l302-s3-bandyopadhyay-2005,article:l302,balanced_instance,0.0,0,0.1,coverage_0.5,119,0,0,0,0,119
l302-s3-bandyopadhyay-2005,article:l302,balanced_instance,0.0,0,0.1,coverage_0.75,119,0,0,0,0,119
l302-s3-bandyopadhyay-2005,article:l302,balanced_instance,0.0,0,0.2,reported_point,119,0,0,0,0,119
l302-s3-bandyopadhyay-2005,article:l302,balanced_instance,0.0,0,0.2,interval_upper,119,0,0,0,0,119
l302-s3-bandyopadhyay-2005,article:l302,balanced_instance,0.0,0,0.2,coverage_0.5,119,0,0,0,0,119
l302-s3-bandyopadhyay-2005,article:l302,balanced_instance,0.0,0,0.2,coverage_0.75,119,0,0,0,0,119
l302-s3-bandyopadhyay-2005,article:l302,balanced_instance,0.0,0,0.3,reported_point,119,0,0,0,0,119
l302-s3-bandyopadhyay-2005,article:l302,balanced_instance,0.0,0,0.3,interval_upper,119,0,0,0,0,119
l302-s3-bandyopadhyay-2005,article:l302,balanced_instance,0.0,0,0.3,coverage_0.5,119,0,0,0,0,119
l302-s3-bandyopadhyay-2005,article:l302,balanced_instance,0.0,0,0.3,coverage_0.75,119,0,0,0,0,119
l302-s3-bandyopadhyay-2005,article:l302,balanced_instance,0.0,0,0.4,reported_point,119,0,0,0,0,119
l302-s3-bandyopadhyay-2005,article:l302,balanced_instance,0.0,0,0.4,interval_upper,119,0,0,0,0,119
l302-s3-bandyopadhyay-2005,article:l302,balanced_instance,0.0,0,0.4,coverage_0.5,119,0,0,0,0,119
l302-s3-bandyopadhyay-2005,article:l302,balanced_instance,0.0,0,0.4,coverage_0.75,119,0,0,0,0,119
l302-s3-bandyopadhyay-2005,article:l302,balanced_instance,0.0,0,0.5,reported_point,119,1,1,0,1,119
l302-s3-bandyopadhyay-2005,article:l302,balanced_instance,0.0,0,0.5,interval_upper,119,1,0,0,0,119
l302-s3-bandyopadhyay-2005,article:l302,balanced_instance,0.0,0,0.5,coverage_0.5,119,1,1,0,1,119
l302-s3-bandyopadhyay-2005,article:l302,balanced_instance,0.0,0,0.5,coverage_0.75,119,1,0,0,0,119
l396-s4-ghosh-2013,article:l396,material_identity,0.0,0,0.1,reported_point,118,0,0,0,0,118
l396-s4-ghosh-2013,article:l396,material_identity,0.0,0,0.1,interval_upper,118,0,0,0,0,118
l396-s4-ghosh-2013,article:l396,material_identity,0.0,0,0.1,coverage_0.5,118,0,0,0,0,118
l396-s4-ghosh-2013,article:l396,material_identity,0.0,0,0.1,coverage_0.75,118,0,0,0,0,118
l396-s4-ghosh-2013,article:l396,material_identity,0.0,0,0.2,reported_point,118,0,0,0,0,118
l396-s4-ghosh-2013,article:l396,material_identity,0.0,0,0.2,interval_upper,118,0,0,0,0,118
l396-s4-ghosh-2013,article:l396,material_identity,0.0,0,0.2,coverage_0.5,118,0,0,0,0,118
l396-s4-ghosh-2013,article:l396,material_identity,0.0,0,0.2,coverage_0.75,118,0,0,0,0,118
l396-s4-ghosh-2013,article:l396,material_identity,0.0,0,0.3,reported_point,118,2,2,0,2,118
l396-s4-ghosh-2013,article:l396,material_identity,0.0,0,0.3,interval_upper,118,2,0,0,0,118
l396-s4-ghosh-2013,article:l396,material_identity,0.0,0,0.3,coverage_0.5,118,2,0,0,0,118
l396-s4-ghosh-2013,article:l396,material_identity,0.0,0,0.3,coverage_0.75,118,2,0,0,0,118
l396-s4-ghosh-2013,article:l396,material_identity,0.0,0,0.4,reported_point,118,3,3,0,3,118
l396-s4-ghosh-2013,article:l396,material_identity,0.0,0,0.4,interval_upper,118,3,0,0,0,118
l396-s4-ghosh-2013,article:l396,material_identity,0.0,0,0.4,coverage_0.5,118,3,0,0,0,118
l396-s4-ghosh-2013,article:l396,material_identity,0.0,0,0.4,coverage_0.75,118,3,0,0,0,118
l396-s4-ghosh-2013,article:l396,material_identity,0.0,0,0.5,reported_point,118,14,14,0,14,118
l396-s4-ghosh-2013,article:l396,material_identity,0.0,0,0.5,interval_upper,118,14,0,0,0,118
l396-s4-ghosh-2013,article:l396,material_identity,0.0,0,0.5,coverage_0.5,118,14,0,0,0,118
l396-s4-ghosh-2013,article:l396,material_identity,0.0,0,0.5,coverage_0.75,118,14,0,0,0,118
l396-s4-ghosh-2013,article:l396,experimental_protocol,0.0,0,0.1,reported_point,118,0,0,0,0,118
l396-s4-ghosh-2013,article:l396,experimental_protocol,0.0,0,0.1,interval_upper,118,0,0,0,0,118
l396-s4-ghosh-2013,article:l396,experimental_protocol,0.0,0,0.1,coverage_0.5,118,0,0,0,0,118
l396-s4-ghosh-2013,article:l396,experimental_protocol,0.0,0,0.1,coverage_0.75,118,0,0,0,0,118
l396-s4-ghosh-2013,article:l396,experimental_protocol,0.0,0,0.2,reported_point,118,0,0,0,0,118
l396-s4-ghosh-2013,article:l396,experimental_protocol,0.0,0,0.2,interval_upper,118,0,0,0,0,118
l396-s4-ghosh-2013,article:l396,experimental_protocol,0.0,0,0.2,coverage_0.5,118,0,0,0,0,118
l396-s4-ghosh-2013,article:l396,experimental_protocol,0.0,0,0.2,coverage_0.75,118,0,0,0,0,118
l396-s4-ghosh-2013,article:l396,experimental_protocol,0.0,0,0.3,reported_point,118,0,0,0,0,118
l396-s4-ghosh-2013,article:l396,experimental_protocol,0.0,0,0.3,interval_upper,118,0,0,0,0,118
l396-s4-ghosh-2013,article:l396,experimental_protocol,0.0,0,0.3,coverage_0.5,118,0,0,0,0,118
l396-s4-ghosh-2013,article:l396,experimental_protocol,0.0,0,0.3,coverage_0.75,118,0,0,0,0,118
l396-s4-ghosh-2013,article:l396,experimental_protocol,0.0,0,0.4,reported_point,118,0,0,0,0,118
l396-s4-ghosh-2013,article:l396,experimental_protocol,0.0,0,0.4,interval_upper,118,0,0,0,0,118
l396-s4-ghosh-2013,article:l396,experimental_protocol,0.0,0,0.4,coverage_0.5,118,0,0,0,0,118
l396-s4-ghosh-2013,article:l396,experimental_protocol,0.0,0,0.4,coverage_0.75,118,0,0,0,0,118
l396-s4-ghosh-2013,article:l396,experimental_protocol,0.0,0,0.5,reported_point,118,0,0,0,0,118
l396-s4-ghosh-2013,article:l396,experimental_protocol,0.0,0,0.5,interval_upper,118,0,0,0,0,118
l396-s4-ghosh-2013,article:l396,experimental_protocol,0.0,0,0.5,coverage_0.5,118,0,0,0,0,118
l396-s4-ghosh-2013,article:l396,experimental_protocol,0.0,0,0.5,coverage_0.75,118,0,0,0,0,118
l396-s4-ghosh-2013,article:l396,balanced_instance,0.0,0,0.1,reported_point,118,0,0,0,0,118
l396-s4-ghosh-2013,article:l396,balanced_instance,0.0,0,0.1,interval_upper,118,0,0,0,0,118
l396-s4-ghosh-2013,article:l396,balanced_instance,0.0,0,0.1,coverage_0.5,118,0,0,0,0,118
l396-s4-ghosh-2013,article:l396,balanced_instance,0.0,0,0.1,coverage_0.75,118,0,0,0,0,118
l396-s4-ghosh-2013,article:l396,balanced_instance,0.0,0,0.2,reported_point,118,0,0,0,0,118
l396-s4-ghosh-2013,article:l396,balanced_instance,0.0,0,0.2,interval_upper,118,0,0,0,0,118
l396-s4-ghosh-2013,article:l396,balanced_instance,0.0,0,0.2,coverage_0.5,118,0,0,0,0,118
l396-s4-ghosh-2013,article:l396,balanced_instance,0.0,0,0.2,coverage_0.75,118,0,0,0,0,118
l396-s4-ghosh-2013,article:l396,balanced_instance,0.0,0,0.3,reported_point,118,0,0,0,0,118
l396-s4-ghosh-2013,article:l396,balanced_instance,0.0,0,0.3,interval_upper,118,0,0,0,0,118
l396-s4-ghosh-2013,article:l396,balanced_instance,0.0,0,0.3,coverage_0.5,118,0,0,0,0,118
l396-s4-ghosh-2013,article:l396,balanced_instance,0.0,0,0.3,coverage_0.75,118,0,0,0,0,118
l396-s4-ghosh-2013,article:l396,balanced_instance,0.0,0,0.4,reported_point,118,0,0,0,0,118
l396-s4-ghosh-2013,article:l396,balanced_instance,0.0,0,0.4,interval_upper,118,0,0,0,0,118
l396-s4-ghosh-2013,article:l396,balanced_instance,0.0,0,0.4,coverage_0.5,118,0,0,0,0,118
l396-s4-ghosh-2013,article:l396,balanced_instance,0.0,0,0.4,coverage_0.75,118,0,0,0,0,118
l396-s4-ghosh-2013,article:l396,balanced_instance,0.0,0,0.5,reported_point,118,2,2,0,2,118
l396-s4-ghosh-2013,article:l396,balanced_instance,0.0,0,0.5,interval_upper,118,2,0,0,0,118
l396-s4-ghosh-2013,article:l396,balanced_instance,0.0,0,0.5,coverage_0.5,118,2,2,0,2,118
l396-s4-ghosh-2013,article:l396,balanced_instance,0.0,0,0.5,coverage_0.75,118,2,0,0,0,118
l297-s2-shen-2004,article:l297,material_identity,0.0,0,0.1,reported_point,118,0,0,0,0,118
l297-s2-shen-2004,article:l297,material_identity,0.0,0,0.1,interval_upper,118,0,0,0,0,118
l297-s2-shen-2004,article:l297,material_identity,0.0,0,0.1,coverage_0.5,118,0,0,0,0,118
l297-s2-shen-2004,article:l297,material_identity,0.0,0,0.1,coverage_0.75,118,0,0,0,0,118
l297-s2-shen-2004,article:l297,material_identity,0.0,0,0.2,reported_point,118,0,0,0,0,118
l297-s2-shen-2004,article:l297,material_identity,0.0,0,0.2,interval_upper,118,0,0,0,0,118
l297-s2-shen-2004,article:l297,material_identity,0.0,0,0.2,coverage_0.5,118,0,0,0,0,118
l297-s2-shen-2004,article:l297,material_identity,0.0,0,0.2,coverage_0.75,118,0,0,0,0,118
l297-s2-shen-2004,article:l297,material_identity,0.0,0,0.3,reported_point,118,1,1,0,1,118
l297-s2-shen-2004,article:l297,material_identity,0.0,0,0.3,interval_upper,118,1,0,0,0,118
l297-s2-shen-2004,article:l297,material_identity,0.0,0,0.3,coverage_0.5,118,1,0,0,0,118
l297-s2-shen-2004,article:l297,material_identity,0.0,0,0.3,coverage_0.75,118,1,0,0,0,118
l297-s2-shen-2004,article:l297,material_identity,0.0,0,0.4,reported_point,118,14,14,0,14,118
l297-s2-shen-2004,article:l297,material_identity,0.0,0,0.4,interval_upper,118,14,0,0,0,118
l297-s2-shen-2004,article:l297,material_identity,0.0,0,0.4,coverage_0.5,118,14,0,0,0,118
l297-s2-shen-2004,article:l297,material_identity,0.0,0,0.4,coverage_0.75,118,14,0,0,0,118
l297-s2-shen-2004,article:l297,material_identity,0.0,0,0.5,reported_point,118,14,14,0,14,118
l297-s2-shen-2004,article:l297,material_identity,0.0,0,0.5,interval_upper,118,14,0,0,0,118
l297-s2-shen-2004,article:l297,material_identity,0.0,0,0.5,coverage_0.5,118,14,0,0,0,118
l297-s2-shen-2004,article:l297,material_identity,0.0,0,0.5,coverage_0.75,118,14,0,0,0,118
l297-s2-shen-2004,article:l297,experimental_protocol,0.0,0,0.1,reported_point,118,0,0,0,0,118
l297-s2-shen-2004,article:l297,experimental_protocol,0.0,0,0.1,interval_upper,118,0,0,0,0,118
l297-s2-shen-2004,article:l297,experimental_protocol,0.0,0,0.1,coverage_0.5,118,0,0,0,0,118
l297-s2-shen-2004,article:l297,experimental_protocol,0.0,0,0.1,coverage_0.75,118,0,0,0,0,118
l297-s2-shen-2004,article:l297,experimental_protocol,0.0,0,0.2,reported_point,118,0,0,0,0,118
l297-s2-shen-2004,article:l297,experimental_protocol,0.0,0,0.2,interval_upper,118,0,0,0,0,118
l297-s2-shen-2004,article:l297,experimental_protocol,0.0,0,0.2,coverage_0.5,118,0,0,0,0,118
l297-s2-shen-2004,article:l297,experimental_protocol,0.0,0,0.2,coverage_0.75,118,0,0,0,0,118
l297-s2-shen-2004,article:l297,experimental_protocol,0.0,0,0.3,reported_point,118,0,0,0,0,118
l297-s2-shen-2004,article:l297,experimental_protocol,0.0,0,0.3,interval_upper,118,0,0,0,0,118
l297-s2-shen-2004,article:l297,experimental_protocol,0.0,0,0.3,coverage_0.5,118,0,0,0,0,118
l297-s2-shen-2004,article:l297,experimental_protocol,0.0,0,0.3,coverage_0.75,118,0,0,0,0,118
l297-s2-shen-2004,article:l297,experimental_protocol,0.0,0,0.4,reported_point,118,0,0,0,0,118
l297-s2-shen-2004,article:l297,experimental_protocol,0.0,0,0.4,interval_upper,118,0,0,0,0,118
l297-s2-shen-2004,article:l297,experimental_protocol,0.0,0,0.4,coverage_0.5,118,0,0,0,0,118
l297-s2-shen-2004,article:l297,experimental_protocol,0.0,0,0.4,coverage_0.75,118,0,0,0,0,118
l297-s2-shen-2004,article:l297,experimental_protocol,0.0,0,0.5,reported_point,118,0,0,0,0,118
l297-s2-shen-2004,article:l297,experimental_protocol,0.0,0,0.5,interval_upper,118,0,0,0,0,118
l297-s2-shen-2004,article:l297,experimental_protocol,0.0,0,0.5,coverage_0.5,118,0,0,0,0,118
l297-s2-shen-2004,article:l297,experimental_protocol,0.0,0,0.5,coverage_0.75,118,0,0,0,0,118
l297-s2-shen-2004,article:l297,balanced_instance,0.0,0,0.1,reported_point,118,0,0,0,0,118
l297-s2-shen-2004,article:l297,balanced_instance,0.0,0,0.1,interval_upper,118,0,0,0,0,118
l297-s2-shen-2004,article:l297,balanced_instance,0.0,0,0.1,coverage_0.5,118,0,0,0,0,118
l297-s2-shen-2004,article:l297,balanced_instance,0.0,0,0.1,coverage_0.75,118,0,0,0,0,118
l297-s2-shen-2004,article:l297,balanced_instance,0.0,0,0.2,reported_point,118,0,0,0,0,118
l297-s2-shen-2004,article:l297,balanced_instance,0.0,0,0.2,interval_upper,118,0,0,0,0,118
l297-s2-shen-2004,article:l297,balanced_instance,0.0,0,0.2,coverage_0.5,118,0,0,0,0,118
l297-s2-shen-2004,article:l297,balanced_instance,0.0,0,0.2,coverage_0.75,118,0,0,0,0,118
l297-s2-shen-2004,article:l297,balanced_instance,0.0,0,0.3,reported_point,118,0,0,0,0,118
l297-s2-shen-2004,article:l297,balanced_instance,0.0,0,0.3,interval_upper,118,0,0,0,0,118
l297-s2-shen-2004,article:l297,balanced_instance,0.0,0,0.3,coverage_0.5,118,0,0,0,0,118
l297-s2-shen-2004,article:l297,balanced_instance,0.0,0,0.3,coverage_0.75,118,0,0,0,0,118
l297-s2-shen-2004,article:l297,balanced_instance,0.0,0,0.4,reported_point,118,0,0,0,0,118
l297-s2-shen-2004,article:l297,balanced_instance,0.0,0,0.4,interval_upper,118,0,0,0,0,118
l297-s2-shen-2004,article:l297,balanced_instance,0.0,0,0.4,coverage_0.5,118,0,0,0,0,118
l297-s2-shen-2004,article:l297,balanced_instance,0.0,0,0.4,coverage_0.75,118,0,0,0,0,118
l297-s2-shen-2004,article:l297,balanced_instance,0.0,0,0.5,reported_point,118,2,2,0,2,118
l297-s2-shen-2004,article:l297,balanced_instance,0.0,0,0.5,interval_upper,118,2,0,0,0,118
l297-s2-shen-2004,article:l297,balanced_instance,0.0,0,0.5,coverage_0.5,118,2,2,0,2,118
l297-s2-shen-2004,article:l297,balanced_instance,0.0,0,0.5,coverage_0.75,118,2,0,0,0,118
l287-s3-jang-2008,article:l287,material_identity,0.0,0,0.1,reported_point,117,4,4,0,4,117
l287-s3-jang-2008,article:l287,material_identity,0.0,0,0.1,interval_upper,117,4,0,0,0,117
l287-s3-jang-2008,article:l287,material_identity,0.0,0,0.1,coverage_0.5,117,4,0,0,0,117
l287-s3-jang-2008,article:l287,material_identity,0.0,0,0.1,coverage_0.75,117,4,0,0,0,117
l287-s3-jang-2008,article:l287,material_identity,0.0,0,0.2,reported_point,117,4,4,0,4,117
l287-s3-jang-2008,article:l287,material_identity,0.0,0,0.2,interval_upper,117,4,0,0,0,117
l287-s3-jang-2008,article:l287,material_identity,0.0,0,0.2,coverage_0.5,117,4,0,0,0,117
l287-s3-jang-2008,article:l287,material_identity,0.0,0,0.2,coverage_0.75,117,4,0,0,0,117
l287-s3-jang-2008,article:l287,material_identity,0.0,0,0.3,reported_point,117,16,16,0,16,117
l287-s3-jang-2008,article:l287,material_identity,0.0,0,0.3,interval_upper,117,16,0,0,0,117
l287-s3-jang-2008,article:l287,material_identity,0.0,0,0.3,coverage_0.5,117,16,0,0,0,117
l287-s3-jang-2008,article:l287,material_identity,0.0,0,0.3,coverage_0.75,117,16,0,0,0,117
l287-s3-jang-2008,article:l287,material_identity,0.0,0,0.4,reported_point,117,18,18,0,18,117
l287-s3-jang-2008,article:l287,material_identity,0.0,0,0.4,interval_upper,117,18,0,0,0,117
l287-s3-jang-2008,article:l287,material_identity,0.0,0,0.4,coverage_0.5,117,18,0,0,0,117
l287-s3-jang-2008,article:l287,material_identity,0.0,0,0.4,coverage_0.75,117,18,0,0,0,117
l287-s3-jang-2008,article:l287,material_identity,0.0,0,0.5,reported_point,117,19,19,0,19,117
l287-s3-jang-2008,article:l287,material_identity,0.0,0,0.5,interval_upper,117,19,0,0,0,117
l287-s3-jang-2008,article:l287,material_identity,0.0,0,0.5,coverage_0.5,117,19,0,0,0,117
l287-s3-jang-2008,article:l287,material_identity,0.0,0,0.5,coverage_0.75,117,19,0,0,0,117
l287-s3-jang-2008,article:l287,experimental_protocol,0.0,0,0.1,reported_point,117,0,0,0,0,117
l287-s3-jang-2008,article:l287,experimental_protocol,0.0,0,0.1,interval_upper,117,0,0,0,0,117
l287-s3-jang-2008,article:l287,experimental_protocol,0.0,0,0.1,coverage_0.5,117,0,0,0,0,117
l287-s3-jang-2008,article:l287,experimental_protocol,0.0,0,0.1,coverage_0.75,117,0,0,0,0,117
l287-s3-jang-2008,article:l287,experimental_protocol,0.0,0,0.2,reported_point,117,0,0,0,0,117
l287-s3-jang-2008,article:l287,experimental_protocol,0.0,0,0.2,interval_upper,117,0,0,0,0,117
l287-s3-jang-2008,article:l287,experimental_protocol,0.0,0,0.2,coverage_0.5,117,0,0,0,0,117
l287-s3-jang-2008,article:l287,experimental_protocol,0.0,0,0.2,coverage_0.75,117,0,0,0,0,117
l287-s3-jang-2008,article:l287,experimental_protocol,0.0,0,0.3,reported_point,117,0,0,0,0,117
l287-s3-jang-2008,article:l287,experimental_protocol,0.0,0,0.3,interval_upper,117,0,0,0,0,117
l287-s3-jang-2008,article:l287,experimental_protocol,0.0,0,0.3,coverage_0.5,117,0,0,0,0,117
l287-s3-jang-2008,article:l287,experimental_protocol,0.0,0,0.3,coverage_0.75,117,0,0,0,0,117
l287-s3-jang-2008,article:l287,experimental_protocol,0.0,0,0.4,reported_point,117,0,0,0,0,117
l287-s3-jang-2008,article:l287,experimental_protocol,0.0,0,0.4,interval_upper,117,0,0,0,0,117
l287-s3-jang-2008,article:l287,experimental_protocol,0.0,0,0.4,coverage_0.5,117,0,0,0,0,117
l287-s3-jang-2008,article:l287,experimental_protocol,0.0,0,0.4,coverage_0.75,117,0,0,0,0,117
l287-s3-jang-2008,article:l287,experimental_protocol,0.0,0,0.5,reported_point,117,3,3,0,3,117
l287-s3-jang-2008,article:l287,experimental_protocol,0.0,0,0.5,interval_upper,117,3,0,0,0,117
l287-s3-jang-2008,article:l287,experimental_protocol,0.0,0,0.5,coverage_0.5,117,3,3,0,3,117
l287-s3-jang-2008,article:l287,experimental_protocol,0.0,0,0.5,coverage_0.75,117,3,0,0,0,117
l287-s3-jang-2008,article:l287,balanced_instance,0.0,0,0.1,reported_point,117,0,0,0,0,117
l287-s3-jang-2008,article:l287,balanced_instance,0.0,0,0.1,interval_upper,117,0,0,0,0,117
l287-s3-jang-2008,article:l287,balanced_instance,0.0,0,0.1,coverage_0.5,117,0,0,0,0,117
l287-s3-jang-2008,article:l287,balanced_instance,0.0,0,0.1,coverage_0.75,117,0,0,0,0,117
l287-s3-jang-2008,article:l287,balanced_instance,0.0,0,0.2,reported_point,117,0,0,0,0,117
l287-s3-jang-2008,article:l287,balanced_instance,0.0,0,0.2,interval_upper,117,0,0,0,0,117
l287-s3-jang-2008,article:l287,balanced_instance,0.0,0,0.2,coverage_0.5,117,0,0,0,0,117
l287-s3-jang-2008,article:l287,balanced_instance,0.0,0,0.2,coverage_0.75,117,0,0,0,0,117
l287-s3-jang-2008,article:l287,balanced_instance,0.0,0,0.3,reported_point,117,0,0,0,0,117
l287-s3-jang-2008,article:l287,balanced_instance,0.0,0,0.3,interval_upper,117,0,0,0,0,117
l287-s3-jang-2008,article:l287,balanced_instance,0.0,0,0.3,coverage_0.5,117,0,0,0,0,117
l287-s3-jang-2008,article:l287,balanced_instance,0.0,0,0.3,coverage_0.75,117,0,0,0,0,117
l287-s3-jang-2008,article:l287,balanced_instance,0.0,0,0.4,reported_point,117,1,1,0,1,117
l287-s3-jang-2008,article:l287,balanced_instance,0.0,0,0.4,interval_upper,117,1,0,0,0,117
l287-s3-jang-2008,article:l287,balanced_instance,0.0,0,0.4,coverage_0.5,117,1,0,0,0,117
l287-s3-jang-2008,article:l287,balanced_instance,0.0,0,0.4,coverage_0.75,117,1,0,0,0,117
l287-s3-jang-2008,article:l287,balanced_instance,0.0,0,0.5,reported_point,117,11,11,0,11,117
l287-s3-jang-2008,article:l287,balanced_instance,0.0,0,0.5,interval_upper,117,11,0,0,0,117
l287-s3-jang-2008,article:l287,balanced_instance,0.0,0,0.5,coverage_0.5,117,11,10,0,10,117
l287-s3-jang-2008,article:l287,balanced_instance,0.0,0,0.5,coverage_0.75,117,11,0,0,0,117
l129-s12-wu-2011,article:l129,material_identity,0.0,0,0.1,reported_point,119,1,1,0,1,119
l129-s12-wu-2011,article:l129,material_identity,0.0,0,0.1,interval_upper,119,1,0,0,0,119
l129-s12-wu-2011,article:l129,material_identity,0.0,0,0.1,coverage_0.5,119,1,0,0,0,119
l129-s12-wu-2011,article:l129,material_identity,0.0,0,0.1,coverage_0.75,119,1,0,0,0,119
l129-s12-wu-2011,article:l129,material_identity,0.0,0,0.2,reported_point,119,1,1,0,1,119
l129-s12-wu-2011,article:l129,material_identity,0.0,0,0.2,interval_upper,119,1,0,0,0,119
l129-s12-wu-2011,article:l129,material_identity,0.0,0,0.2,coverage_0.5,119,1,0,0,0,119
l129-s12-wu-2011,article:l129,material_identity,0.0,0,0.2,coverage_0.75,119,1,0,0,0,119
l129-s12-wu-2011,article:l129,material_identity,0.0,0,0.3,reported_point,119,1,1,0,1,119
l129-s12-wu-2011,article:l129,material_identity,0.0,0,0.3,interval_upper,119,1,0,0,0,119
l129-s12-wu-2011,article:l129,material_identity,0.0,0,0.3,coverage_0.5,119,1,0,0,0,119
l129-s12-wu-2011,article:l129,material_identity,0.0,0,0.3,coverage_0.75,119,1,0,0,0,119
l129-s12-wu-2011,article:l129,material_identity,0.0,0,0.4,reported_point,119,2,2,0,2,119
l129-s12-wu-2011,article:l129,material_identity,0.0,0,0.4,interval_upper,119,2,0,0,0,119
l129-s12-wu-2011,article:l129,material_identity,0.0,0,0.4,coverage_0.5,119,2,0,0,0,119
l129-s12-wu-2011,article:l129,material_identity,0.0,0,0.4,coverage_0.75,119,2,0,0,0,119
l129-s12-wu-2011,article:l129,material_identity,0.0,0,0.5,reported_point,119,2,2,0,2,119
l129-s12-wu-2011,article:l129,material_identity,0.0,0,0.5,interval_upper,119,2,0,0,0,119
l129-s12-wu-2011,article:l129,material_identity,0.0,0,0.5,coverage_0.5,119,2,0,0,0,119
l129-s12-wu-2011,article:l129,material_identity,0.0,0,0.5,coverage_0.75,119,2,0,0,0,119
l129-s12-wu-2011,article:l129,experimental_protocol,0.0,0,0.1,reported_point,119,0,0,0,0,119
l129-s12-wu-2011,article:l129,experimental_protocol,0.0,0,0.1,interval_upper,119,0,0,0,0,119
l129-s12-wu-2011,article:l129,experimental_protocol,0.0,0,0.1,coverage_0.5,119,0,0,0,0,119
l129-s12-wu-2011,article:l129,experimental_protocol,0.0,0,0.1,coverage_0.75,119,0,0,0,0,119
l129-s12-wu-2011,article:l129,experimental_protocol,0.0,0,0.2,reported_point,119,0,0,0,0,119
l129-s12-wu-2011,article:l129,experimental_protocol,0.0,0,0.2,interval_upper,119,0,0,0,0,119
l129-s12-wu-2011,article:l129,experimental_protocol,0.0,0,0.2,coverage_0.5,119,0,0,0,0,119
l129-s12-wu-2011,article:l129,experimental_protocol,0.0,0,0.2,coverage_0.75,119,0,0,0,0,119
l129-s12-wu-2011,article:l129,experimental_protocol,0.0,0,0.3,reported_point,119,0,0,0,0,119
l129-s12-wu-2011,article:l129,experimental_protocol,0.0,0,0.3,interval_upper,119,0,0,0,0,119
l129-s12-wu-2011,article:l129,experimental_protocol,0.0,0,0.3,coverage_0.5,119,0,0,0,0,119
l129-s12-wu-2011,article:l129,experimental_protocol,0.0,0,0.3,coverage_0.75,119,0,0,0,0,119
l129-s12-wu-2011,article:l129,experimental_protocol,0.0,0,0.4,reported_point,119,3,3,0,3,119
l129-s12-wu-2011,article:l129,experimental_protocol,0.0,0,0.4,interval_upper,119,3,0,0,0,119
l129-s12-wu-2011,article:l129,experimental_protocol,0.0,0,0.4,coverage_0.5,119,3,3,0,3,119
l129-s12-wu-2011,article:l129,experimental_protocol,0.0,0,0.4,coverage_0.75,119,3,0,0,0,119
l129-s12-wu-2011,article:l129,experimental_protocol,0.0,0,0.5,reported_point,119,5,5,0,5,119
l129-s12-wu-2011,article:l129,experimental_protocol,0.0,0,0.5,interval_upper,119,5,2,0,2,119
l129-s12-wu-2011,article:l129,experimental_protocol,0.0,0,0.5,coverage_0.5,119,5,5,0,5,119
l129-s12-wu-2011,article:l129,experimental_protocol,0.0,0,0.5,coverage_0.75,119,5,0,0,0,119
l129-s12-wu-2011,article:l129,balanced_instance,0.0,0,0.1,reported_point,119,0,0,0,0,119
l129-s12-wu-2011,article:l129,balanced_instance,0.0,0,0.1,interval_upper,119,0,0,0,0,119
l129-s12-wu-2011,article:l129,balanced_instance,0.0,0,0.1,coverage_0.5,119,0,0,0,0,119
l129-s12-wu-2011,article:l129,balanced_instance,0.0,0,0.1,coverage_0.75,119,0,0,0,0,119
l129-s12-wu-2011,article:l129,balanced_instance,0.0,0,0.2,reported_point,119,0,0,0,0,119
l129-s12-wu-2011,article:l129,balanced_instance,0.0,0,0.2,interval_upper,119,0,0,0,0,119
l129-s12-wu-2011,article:l129,balanced_instance,0.0,0,0.2,coverage_0.5,119,0,0,0,0,119
l129-s12-wu-2011,article:l129,balanced_instance,0.0,0,0.2,coverage_0.75,119,0,0,0,0,119
l129-s12-wu-2011,article:l129,balanced_instance,0.0,0,0.3,reported_point,119,0,0,0,0,119
l129-s12-wu-2011,article:l129,balanced_instance,0.0,0,0.3,interval_upper,119,0,0,0,0,119
l129-s12-wu-2011,article:l129,balanced_instance,0.0,0,0.3,coverage_0.5,119,0,0,0,0,119
l129-s12-wu-2011,article:l129,balanced_instance,0.0,0,0.3,coverage_0.75,119,0,0,0,0,119
l129-s12-wu-2011,article:l129,balanced_instance,0.0,0,0.4,reported_point,119,0,0,0,0,119
l129-s12-wu-2011,article:l129,balanced_instance,0.0,0,0.4,interval_upper,119,0,0,0,0,119
l129-s12-wu-2011,article:l129,balanced_instance,0.0,0,0.4,coverage_0.5,119,0,0,0,0,119
l129-s12-wu-2011,article:l129,balanced_instance,0.0,0,0.4,coverage_0.75,119,0,0,0,0,119
l129-s12-wu-2011,article:l129,balanced_instance,0.0,0,0.5,reported_point,119,2,2,0,2,119
l129-s12-wu-2011,article:l129,balanced_instance,0.0,0,0.5,interval_upper,119,2,0,0,0,119
l129-s12-wu-2011,article:l129,balanced_instance,0.0,0,0.5,coverage_0.5,119,2,1,0,1,119
l129-s12-wu-2011,article:l129,balanced_instance,0.0,0,0.5,coverage_0.75,119,2,0,0,0,119
l191-s2-xie-2004,article:l191,material_identity,0.0,0,0.1,reported_point,118,0,0,0,0,118
l191-s2-xie-2004,article:l191,material_identity,0.0,0,0.1,interval_upper,118,0,0,0,0,118
l191-s2-xie-2004,article:l191,material_identity,0.0,0,0.1,coverage_0.5,118,0,0,0,0,118
l191-s2-xie-2004,article:l191,material_identity,0.0,0,0.1,coverage_0.75,118,0,0,0,0,118
l191-s2-xie-2004,article:l191,material_identity,0.0,0,0.2,reported_point,118,0,0,0,0,118
l191-s2-xie-2004,article:l191,material_identity,0.0,0,0.2,interval_upper,118,0,0,0,0,118
l191-s2-xie-2004,article:l191,material_identity,0.0,0,0.2,coverage_0.5,118,0,0,0,0,118
l191-s2-xie-2004,article:l191,material_identity,0.0,0,0.2,coverage_0.75,118,0,0,0,0,118
l191-s2-xie-2004,article:l191,material_identity,0.0,0,0.3,reported_point,118,0,0,0,0,118
l191-s2-xie-2004,article:l191,material_identity,0.0,0,0.3,interval_upper,118,0,0,0,0,118
l191-s2-xie-2004,article:l191,material_identity,0.0,0,0.3,coverage_0.5,118,0,0,0,0,118
l191-s2-xie-2004,article:l191,material_identity,0.0,0,0.3,coverage_0.75,118,0,0,0,0,118
l191-s2-xie-2004,article:l191,material_identity,0.0,0,0.4,reported_point,118,0,0,0,0,118
l191-s2-xie-2004,article:l191,material_identity,0.0,0,0.4,interval_upper,118,0,0,0,0,118
l191-s2-xie-2004,article:l191,material_identity,0.0,0,0.4,coverage_0.5,118,0,0,0,0,118
l191-s2-xie-2004,article:l191,material_identity,0.0,0,0.4,coverage_0.75,118,0,0,0,0,118
l191-s2-xie-2004,article:l191,material_identity,0.0,0,0.5,reported_point,118,0,0,0,0,118
l191-s2-xie-2004,article:l191,material_identity,0.0,0,0.5,interval_upper,118,0,0,0,0,118
l191-s2-xie-2004,article:l191,material_identity,0.0,0,0.5,coverage_0.5,118,0,0,0,0,118
l191-s2-xie-2004,article:l191,material_identity,0.0,0,0.5,coverage_0.75,118,0,0,0,0,118
l191-s2-xie-2004,article:l191,experimental_protocol,0.0,0,0.1,reported_point,118,0,0,0,0,118
l191-s2-xie-2004,article:l191,experimental_protocol,0.0,0,0.1,interval_upper,118,0,0,0,0,118
l191-s2-xie-2004,article:l191,experimental_protocol,0.0,0,0.1,coverage_0.5,118,0,0,0,0,118
l191-s2-xie-2004,article:l191,experimental_protocol,0.0,0,0.1,coverage_0.75,118,0,0,0,0,118
l191-s2-xie-2004,article:l191,experimental_protocol,0.0,0,0.2,reported_point,118,0,0,0,0,118
l191-s2-xie-2004,article:l191,experimental_protocol,0.0,0,0.2,interval_upper,118,0,0,0,0,118
l191-s2-xie-2004,article:l191,experimental_protocol,0.0,0,0.2,coverage_0.5,118,0,0,0,0,118
l191-s2-xie-2004,article:l191,experimental_protocol,0.0,0,0.2,coverage_0.75,118,0,0,0,0,118
l191-s2-xie-2004,article:l191,experimental_protocol,0.0,0,0.3,reported_point,118,0,0,0,0,118
l191-s2-xie-2004,article:l191,experimental_protocol,0.0,0,0.3,interval_upper,118,0,0,0,0,118
l191-s2-xie-2004,article:l191,experimental_protocol,0.0,0,0.3,coverage_0.5,118,0,0,0,0,118
l191-s2-xie-2004,article:l191,experimental_protocol,0.0,0,0.3,coverage_0.75,118,0,0,0,0,118
l191-s2-xie-2004,article:l191,experimental_protocol,0.0,0,0.4,reported_point,118,0,0,0,0,118
l191-s2-xie-2004,article:l191,experimental_protocol,0.0,0,0.4,interval_upper,118,0,0,0,0,118
l191-s2-xie-2004,article:l191,experimental_protocol,0.0,0,0.4,coverage_0.5,118,0,0,0,0,118
l191-s2-xie-2004,article:l191,experimental_protocol,0.0,0,0.4,coverage_0.75,118,0,0,0,0,118
l191-s2-xie-2004,article:l191,experimental_protocol,0.0,0,0.5,reported_point,118,4,4,0,4,118
l191-s2-xie-2004,article:l191,experimental_protocol,0.0,0,0.5,interval_upper,118,4,2,0,2,118
l191-s2-xie-2004,article:l191,experimental_protocol,0.0,0,0.5,coverage_0.5,118,4,4,0,4,118
l191-s2-xie-2004,article:l191,experimental_protocol,0.0,0,0.5,coverage_0.75,118,4,0,0,0,118
l191-s2-xie-2004,article:l191,balanced_instance,0.0,0,0.1,reported_point,118,0,0,0,0,118
l191-s2-xie-2004,article:l191,balanced_instance,0.0,0,0.1,interval_upper,118,0,0,0,0,118
l191-s2-xie-2004,article:l191,balanced_instance,0.0,0,0.1,coverage_0.5,118,0,0,0,0,118
l191-s2-xie-2004,article:l191,balanced_instance,0.0,0,0.1,coverage_0.75,118,0,0,0,0,118
l191-s2-xie-2004,article:l191,balanced_instance,0.0,0,0.2,reported_point,118,0,0,0,0,118
l191-s2-xie-2004,article:l191,balanced_instance,0.0,0,0.2,interval_upper,118,0,0,0,0,118
l191-s2-xie-2004,article:l191,balanced_instance,0.0,0,0.2,coverage_0.5,118,0,0,0,0,118
l191-s2-xie-2004,article:l191,balanced_instance,0.0,0,0.2,coverage_0.75,118,0,0,0,0,118
l191-s2-xie-2004,article:l191,balanced_instance,0.0,0,0.3,reported_point,118,0,0,0,0,118
l191-s2-xie-2004,article:l191,balanced_instance,0.0,0,0.3,interval_upper,118,0,0,0,0,118
l191-s2-xie-2004,article:l191,balanced_instance,0.0,0,0.3,coverage_0.5,118,0,0,0,0,118
l191-s2-xie-2004,article:l191,balanced_instance,0.0,0,0.3,coverage_0.75,118,0,0,0,0,118
l191-s2-xie-2004,article:l191,balanced_instance,0.0,0,0.4,reported_point,118,0,0,0,0,118
l191-s2-xie-2004,article:l191,balanced_instance,0.0,0,0.4,interval_upper,118,0,0,0,0,118
l191-s2-xie-2004,article:l191,balanced_instance,0.0,0,0.4,coverage_0.5,118,0,0,0,0,118
l191-s2-xie-2004,article:l191,balanced_instance,0.0,0,0.4,coverage_0.75,118,0,0,0,0,118
l191-s2-xie-2004,article:l191,balanced_instance,0.0,0,0.5,reported_point,118,4,4,0,4,118
l191-s2-xie-2004,article:l191,balanced_instance,0.0,0,0.5,interval_upper,118,4,0,0,0,118
l191-s2-xie-2004,article:l191,balanced_instance,0.0,0,0.5,coverage_0.5,118,4,4,0,4,118
l191-s2-xie-2004,article:l191,balanced_instance,0.0,0,0.5,coverage_0.75,118,4,0,0,0,118
l209-s12-ash-2001,article:l209,material_identity,0.0,0,0.1,reported_point,118,5,5,0,5,118
l209-s12-ash-2001,article:l209,material_identity,0.0,0,0.1,interval_upper,118,5,0,0,0,118
l209-s12-ash-2001,article:l209,material_identity,0.0,0,0.1,coverage_0.5,118,5,0,0,0,118
l209-s12-ash-2001,article:l209,material_identity,0.0,0,0.1,coverage_0.75,118,5,0,0,0,118
l209-s12-ash-2001,article:l209,material_identity,0.0,0,0.2,reported_point,118,9,9,0,9,118
l209-s12-ash-2001,article:l209,material_identity,0.0,0,0.2,interval_upper,118,9,0,0,0,118
l209-s12-ash-2001,article:l209,material_identity,0.0,0,0.2,coverage_0.5,118,9,0,0,0,118
l209-s12-ash-2001,article:l209,material_identity,0.0,0,0.2,coverage_0.75,118,9,0,0,0,118
l209-s12-ash-2001,article:l209,material_identity,0.0,0,0.3,reported_point,118,10,10,0,10,118
l209-s12-ash-2001,article:l209,material_identity,0.0,0,0.3,interval_upper,118,10,0,0,0,118
l209-s12-ash-2001,article:l209,material_identity,0.0,0,0.3,coverage_0.5,118,10,0,0,0,118
l209-s12-ash-2001,article:l209,material_identity,0.0,0,0.3,coverage_0.75,118,10,0,0,0,118
l209-s12-ash-2001,article:l209,material_identity,0.0,0,0.4,reported_point,118,13,13,0,13,118
l209-s12-ash-2001,article:l209,material_identity,0.0,0,0.4,interval_upper,118,13,0,0,0,118
l209-s12-ash-2001,article:l209,material_identity,0.0,0,0.4,coverage_0.5,118,13,0,0,0,118
l209-s12-ash-2001,article:l209,material_identity,0.0,0,0.4,coverage_0.75,118,13,0,0,0,118
l209-s12-ash-2001,article:l209,material_identity,0.0,0,0.5,reported_point,118,20,20,0,20,118
l209-s12-ash-2001,article:l209,material_identity,0.0,0,0.5,interval_upper,118,20,0,0,0,118
l209-s12-ash-2001,article:l209,material_identity,0.0,0,0.5,coverage_0.5,118,20,0,0,0,118
l209-s12-ash-2001,article:l209,material_identity,0.0,0,0.5,coverage_0.75,118,20,0,0,0,118
l209-s12-ash-2001,article:l209,experimental_protocol,0.0,0,0.1,reported_point,118,0,0,0,0,118
l209-s12-ash-2001,article:l209,experimental_protocol,0.0,0,0.1,interval_upper,118,0,0,0,0,118
l209-s12-ash-2001,article:l209,experimental_protocol,0.0,0,0.1,coverage_0.5,118,0,0,0,0,118
l209-s12-ash-2001,article:l209,experimental_protocol,0.0,0,0.1,coverage_0.75,118,0,0,0,0,118
l209-s12-ash-2001,article:l209,experimental_protocol,0.0,0,0.2,reported_point,118,0,0,0,0,118
l209-s12-ash-2001,article:l209,experimental_protocol,0.0,0,0.2,interval_upper,118,0,0,0,0,118
l209-s12-ash-2001,article:l209,experimental_protocol,0.0,0,0.2,coverage_0.5,118,0,0,0,0,118
l209-s12-ash-2001,article:l209,experimental_protocol,0.0,0,0.2,coverage_0.75,118,0,0,0,0,118
l209-s12-ash-2001,article:l209,experimental_protocol,0.0,0,0.3,reported_point,118,0,0,0,0,118
l209-s12-ash-2001,article:l209,experimental_protocol,0.0,0,0.3,interval_upper,118,0,0,0,0,118
l209-s12-ash-2001,article:l209,experimental_protocol,0.0,0,0.3,coverage_0.5,118,0,0,0,0,118
l209-s12-ash-2001,article:l209,experimental_protocol,0.0,0,0.3,coverage_0.75,118,0,0,0,0,118
l209-s12-ash-2001,article:l209,experimental_protocol,0.0,0,0.4,reported_point,118,0,0,0,0,118
l209-s12-ash-2001,article:l209,experimental_protocol,0.0,0,0.4,interval_upper,118,0,0,0,0,118
l209-s12-ash-2001,article:l209,experimental_protocol,0.0,0,0.4,coverage_0.5,118,0,0,0,0,118
l209-s12-ash-2001,article:l209,experimental_protocol,0.0,0,0.4,coverage_0.75,118,0,0,0,0,118
l209-s12-ash-2001,article:l209,experimental_protocol,0.0,0,0.5,reported_point,118,0,0,0,0,118
l209-s12-ash-2001,article:l209,experimental_protocol,0.0,0,0.5,interval_upper,118,0,0,0,0,118
l209-s12-ash-2001,article:l209,experimental_protocol,0.0,0,0.5,coverage_0.5,118,0,0,0,0,118
l209-s12-ash-2001,article:l209,experimental_protocol,0.0,0,0.5,coverage_0.75,118,0,0,0,0,118
l209-s12-ash-2001,article:l209,balanced_instance,0.0,0,0.1,reported_point,118,0,0,0,0,118
l209-s12-ash-2001,article:l209,balanced_instance,0.0,0,0.1,interval_upper,118,0,0,0,0,118
l209-s12-ash-2001,article:l209,balanced_instance,0.0,0,0.1,coverage_0.5,118,0,0,0,0,118
l209-s12-ash-2001,article:l209,balanced_instance,0.0,0,0.1,coverage_0.75,118,0,0,0,0,118
l209-s12-ash-2001,article:l209,balanced_instance,0.0,0,0.2,reported_point,118,0,0,0,0,118
l209-s12-ash-2001,article:l209,balanced_instance,0.0,0,0.2,interval_upper,118,0,0,0,0,118
l209-s12-ash-2001,article:l209,balanced_instance,0.0,0,0.2,coverage_0.5,118,0,0,0,0,118
l209-s12-ash-2001,article:l209,balanced_instance,0.0,0,0.2,coverage_0.75,118,0,0,0,0,118
l209-s12-ash-2001,article:l209,balanced_instance,0.0,0,0.3,reported_point,118,0,0,0,0,118
l209-s12-ash-2001,article:l209,balanced_instance,0.0,0,0.3,interval_upper,118,0,0,0,0,118
l209-s12-ash-2001,article:l209,balanced_instance,0.0,0,0.3,coverage_0.5,118,0,0,0,0,118
l209-s12-ash-2001,article:l209,balanced_instance,0.0,0,0.3,coverage_0.75,118,0,0,0,0,118
l209-s12-ash-2001,article:l209,balanced_instance,0.0,0,0.4,reported_point,118,0,0,0,0,118
l209-s12-ash-2001,article:l209,balanced_instance,0.0,0,0.4,interval_upper,118,0,0,0,0,118
l209-s12-ash-2001,article:l209,balanced_instance,0.0,0,0.4,coverage_0.5,118,0,0,0,0,118
l209-s12-ash-2001,article:l209,balanced_instance,0.0,0,0.4,coverage_0.75,118,0,0,0,0,118
l209-s12-ash-2001,article:l209,balanced_instance,0.0,0,0.5,reported_point,118,1,1,0,1,118
l209-s12-ash-2001,article:l209,balanced_instance,0.0,0,0.5,interval_upper,118,1,0,0,0,118
l209-s12-ash-2001,article:l209,balanced_instance,0.0,0,0.5,coverage_0.5,118,1,1,0,1,118
l209-s12-ash-2001,article:l209,balanced_instance,0.0,0,0.5,coverage_0.75,118,1,0,0,0,118
l397-s1-tuncer-2007,article:l397,material_identity,0.0,0,0.1,reported_point,119,0,0,0,0,119
l397-s1-tuncer-2007,article:l397,material_identity,0.0,0,0.1,interval_upper,119,0,0,0,0,119
l397-s1-tuncer-2007,article:l397,material_identity,0.0,0,0.1,coverage_0.5,119,0,0,0,0,119
l397-s1-tuncer-2007,article:l397,material_identity,0.0,0,0.1,coverage_0.75,119,0,0,0,0,119
l397-s1-tuncer-2007,article:l397,material_identity,0.0,0,0.2,reported_point,119,0,0,0,0,119
l397-s1-tuncer-2007,article:l397,material_identity,0.0,0,0.2,interval_upper,119,0,0,0,0,119
l397-s1-tuncer-2007,article:l397,material_identity,0.0,0,0.2,coverage_0.5,119,0,0,0,0,119
l397-s1-tuncer-2007,article:l397,material_identity,0.0,0,0.2,coverage_0.75,119,0,0,0,0,119
l397-s1-tuncer-2007,article:l397,material_identity,0.0,0,0.3,reported_point,119,0,0,0,0,119
l397-s1-tuncer-2007,article:l397,material_identity,0.0,0,0.3,interval_upper,119,0,0,0,0,119
l397-s1-tuncer-2007,article:l397,material_identity,0.0,0,0.3,coverage_0.5,119,0,0,0,0,119
l397-s1-tuncer-2007,article:l397,material_identity,0.0,0,0.3,coverage_0.75,119,0,0,0,0,119
l397-s1-tuncer-2007,article:l397,material_identity,0.0,0,0.4,reported_point,119,0,0,0,0,119
l397-s1-tuncer-2007,article:l397,material_identity,0.0,0,0.4,interval_upper,119,0,0,0,0,119
l397-s1-tuncer-2007,article:l397,material_identity,0.0,0,0.4,coverage_0.5,119,0,0,0,0,119
l397-s1-tuncer-2007,article:l397,material_identity,0.0,0,0.4,coverage_0.75,119,0,0,0,0,119
l397-s1-tuncer-2007,article:l397,material_identity,0.0,0,0.5,reported_point,119,0,0,0,0,119
l397-s1-tuncer-2007,article:l397,material_identity,0.0,0,0.5,interval_upper,119,0,0,0,0,119
l397-s1-tuncer-2007,article:l397,material_identity,0.0,0,0.5,coverage_0.5,119,0,0,0,0,119
l397-s1-tuncer-2007,article:l397,material_identity,0.0,0,0.5,coverage_0.75,119,0,0,0,0,119
l397-s1-tuncer-2007,article:l397,experimental_protocol,0.0,0,0.1,reported_point,119,0,0,0,0,119
l397-s1-tuncer-2007,article:l397,experimental_protocol,0.0,0,0.1,interval_upper,119,0,0,0,0,119
l397-s1-tuncer-2007,article:l397,experimental_protocol,0.0,0,0.1,coverage_0.5,119,0,0,0,0,119
l397-s1-tuncer-2007,article:l397,experimental_protocol,0.0,0,0.1,coverage_0.75,119,0,0,0,0,119
l397-s1-tuncer-2007,article:l397,experimental_protocol,0.0,0,0.2,reported_point,119,0,0,0,0,119
l397-s1-tuncer-2007,article:l397,experimental_protocol,0.0,0,0.2,interval_upper,119,0,0,0,0,119
l397-s1-tuncer-2007,article:l397,experimental_protocol,0.0,0,0.2,coverage_0.5,119,0,0,0,0,119
l397-s1-tuncer-2007,article:l397,experimental_protocol,0.0,0,0.2,coverage_0.75,119,0,0,0,0,119
l397-s1-tuncer-2007,article:l397,experimental_protocol,0.0,0,0.3,reported_point,119,0,0,0,0,119
l397-s1-tuncer-2007,article:l397,experimental_protocol,0.0,0,0.3,interval_upper,119,0,0,0,0,119
l397-s1-tuncer-2007,article:l397,experimental_protocol,0.0,0,0.3,coverage_0.5,119,0,0,0,0,119
l397-s1-tuncer-2007,article:l397,experimental_protocol,0.0,0,0.3,coverage_0.75,119,0,0,0,0,119
l397-s1-tuncer-2007,article:l397,experimental_protocol,0.0,0,0.4,reported_point,119,0,0,0,0,119
l397-s1-tuncer-2007,article:l397,experimental_protocol,0.0,0,0.4,interval_upper,119,0,0,0,0,119
l397-s1-tuncer-2007,article:l397,experimental_protocol,0.0,0,0.4,coverage_0.5,119,0,0,0,0,119
l397-s1-tuncer-2007,article:l397,experimental_protocol,0.0,0,0.4,coverage_0.75,119,0,0,0,0,119
l397-s1-tuncer-2007,article:l397,experimental_protocol,0.0,0,0.5,reported_point,119,2,2,0,2,119
l397-s1-tuncer-2007,article:l397,experimental_protocol,0.0,0,0.5,interval_upper,119,2,0,0,0,119
l397-s1-tuncer-2007,article:l397,experimental_protocol,0.0,0,0.5,coverage_0.5,119,2,2,0,2,119
l397-s1-tuncer-2007,article:l397,experimental_protocol,0.0,0,0.5,coverage_0.75,119,2,0,0,0,119
l397-s1-tuncer-2007,article:l397,balanced_instance,0.0,0,0.1,reported_point,119,0,0,0,0,119
l397-s1-tuncer-2007,article:l397,balanced_instance,0.0,0,0.1,interval_upper,119,0,0,0,0,119
l397-s1-tuncer-2007,article:l397,balanced_instance,0.0,0,0.1,coverage_0.5,119,0,0,0,0,119
l397-s1-tuncer-2007,article:l397,balanced_instance,0.0,0,0.1,coverage_0.75,119,0,0,0,0,119
l397-s1-tuncer-2007,article:l397,balanced_instance,0.0,0,0.2,reported_point,119,0,0,0,0,119
l397-s1-tuncer-2007,article:l397,balanced_instance,0.0,0,0.2,interval_upper,119,0,0,0,0,119
l397-s1-tuncer-2007,article:l397,balanced_instance,0.0,0,0.2,coverage_0.5,119,0,0,0,0,119
l397-s1-tuncer-2007,article:l397,balanced_instance,0.0,0,0.2,coverage_0.75,119,0,0,0,0,119
l397-s1-tuncer-2007,article:l397,balanced_instance,0.0,0,0.3,reported_point,119,0,0,0,0,119
l397-s1-tuncer-2007,article:l397,balanced_instance,0.0,0,0.3,interval_upper,119,0,0,0,0,119
l397-s1-tuncer-2007,article:l397,balanced_instance,0.0,0,0.3,coverage_0.5,119,0,0,0,0,119
l397-s1-tuncer-2007,article:l397,balanced_instance,0.0,0,0.3,coverage_0.75,119,0,0,0,0,119
l397-s1-tuncer-2007,article:l397,balanced_instance,0.0,0,0.4,reported_point,119,0,0,0,0,119
l397-s1-tuncer-2007,article:l397,balanced_instance,0.0,0,0.4,interval_upper,119,0,0,0,0,119
l397-s1-tuncer-2007,article:l397,balanced_instance,0.0,0,0.4,coverage_0.5,119,0,0,0,0,119
l397-s1-tuncer-2007,article:l397,balanced_instance,0.0,0,0.4,coverage_0.75,119,0,0,0,0,119
l397-s1-tuncer-2007,article:l397,balanced_instance,0.0,0,0.5,reported_point,119,2,2,0,2,119
l397-s1-tuncer-2007,article:l397,balanced_instance,0.0,0,0.5,interval_upper,119,2,0,0,0,119
l397-s1-tuncer-2007,article:l397,balanced_instance,0.0,0,0.5,coverage_0.5,119,2,0,0,0,119
l397-s1-tuncer-2007,article:l397,balanced_instance,0.0,0,0.5,coverage_0.75,119,2,0,0,0,119
l102-s8-hu-2007,article:l102,material_identity,0.0,0,0.1,reported_point,119,0,0,0,0,119
l102-s8-hu-2007,article:l102,material_identity,0.0,0,0.1,interval_upper,119,0,0,0,0,119
l102-s8-hu-2007,article:l102,material_identity,0.0,0,0.1,coverage_0.5,119,0,0,0,0,119
l102-s8-hu-2007,article:l102,material_identity,0.0,0,0.1,coverage_0.75,119,0,0,0,0,119
l102-s8-hu-2007,article:l102,material_identity,0.0,0,0.2,reported_point,119,0,0,0,0,119
l102-s8-hu-2007,article:l102,material_identity,0.0,0,0.2,interval_upper,119,0,0,0,0,119
l102-s8-hu-2007,article:l102,material_identity,0.0,0,0.2,coverage_0.5,119,0,0,0,0,119
l102-s8-hu-2007,article:l102,material_identity,0.0,0,0.2,coverage_0.75,119,0,0,0,0,119
l102-s8-hu-2007,article:l102,material_identity,0.0,0,0.3,reported_point,119,0,0,0,0,119
l102-s8-hu-2007,article:l102,material_identity,0.0,0,0.3,interval_upper,119,0,0,0,0,119
l102-s8-hu-2007,article:l102,material_identity,0.0,0,0.3,coverage_0.5,119,0,0,0,0,119
l102-s8-hu-2007,article:l102,material_identity,0.0,0,0.3,coverage_0.75,119,0,0,0,0,119
l102-s8-hu-2007,article:l102,material_identity,0.0,0,0.4,reported_point,119,0,0,0,0,119
l102-s8-hu-2007,article:l102,material_identity,0.0,0,0.4,interval_upper,119,0,0,0,0,119
l102-s8-hu-2007,article:l102,material_identity,0.0,0,0.4,coverage_0.5,119,0,0,0,0,119
l102-s8-hu-2007,article:l102,material_identity,0.0,0,0.4,coverage_0.75,119,0,0,0,0,119
l102-s8-hu-2007,article:l102,material_identity,0.0,0,0.5,reported_point,119,0,0,0,0,119
l102-s8-hu-2007,article:l102,material_identity,0.0,0,0.5,interval_upper,119,0,0,0,0,119
l102-s8-hu-2007,article:l102,material_identity,0.0,0,0.5,coverage_0.5,119,0,0,0,0,119
l102-s8-hu-2007,article:l102,material_identity,0.0,0,0.5,coverage_0.75,119,0,0,0,0,119
l102-s8-hu-2007,article:l102,experimental_protocol,0.0,0,0.1,reported_point,119,0,0,0,0,119
l102-s8-hu-2007,article:l102,experimental_protocol,0.0,0,0.1,interval_upper,119,0,0,0,0,119
l102-s8-hu-2007,article:l102,experimental_protocol,0.0,0,0.1,coverage_0.5,119,0,0,0,0,119
l102-s8-hu-2007,article:l102,experimental_protocol,0.0,0,0.1,coverage_0.75,119,0,0,0,0,119
l102-s8-hu-2007,article:l102,experimental_protocol,0.0,0,0.2,reported_point,119,4,4,0,4,119
l102-s8-hu-2007,article:l102,experimental_protocol,0.0,0,0.2,interval_upper,119,4,0,0,0,119
l102-s8-hu-2007,article:l102,experimental_protocol,0.0,0,0.2,coverage_0.5,119,4,4,0,4,119
l102-s8-hu-2007,article:l102,experimental_protocol,0.0,0,0.2,coverage_0.75,119,4,3,0,3,119
l102-s8-hu-2007,article:l102,experimental_protocol,0.0,0,0.3,reported_point,119,4,4,0,4,119
l102-s8-hu-2007,article:l102,experimental_protocol,0.0,0,0.3,interval_upper,119,4,3,0,3,119
l102-s8-hu-2007,article:l102,experimental_protocol,0.0,0,0.3,coverage_0.5,119,4,4,0,4,119
l102-s8-hu-2007,article:l102,experimental_protocol,0.0,0,0.3,coverage_0.75,119,4,3,0,3,119
l102-s8-hu-2007,article:l102,experimental_protocol,0.0,0,0.4,reported_point,119,5,5,0,5,119
l102-s8-hu-2007,article:l102,experimental_protocol,0.0,0,0.4,interval_upper,119,5,4,0,4,119
l102-s8-hu-2007,article:l102,experimental_protocol,0.0,0,0.4,coverage_0.5,119,5,5,0,5,119
l102-s8-hu-2007,article:l102,experimental_protocol,0.0,0,0.4,coverage_0.75,119,5,3,0,3,119
l102-s8-hu-2007,article:l102,experimental_protocol,0.0,0,0.5,reported_point,119,14,14,0,14,119
l102-s8-hu-2007,article:l102,experimental_protocol,0.0,0,0.5,interval_upper,119,14,4,0,4,119
l102-s8-hu-2007,article:l102,experimental_protocol,0.0,0,0.5,coverage_0.5,119,14,14,0,14,119
l102-s8-hu-2007,article:l102,experimental_protocol,0.0,0,0.5,coverage_0.75,119,14,3,0,3,119
l102-s8-hu-2007,article:l102,balanced_instance,0.0,0,0.1,reported_point,119,0,0,0,0,119
l102-s8-hu-2007,article:l102,balanced_instance,0.0,0,0.1,interval_upper,119,0,0,0,0,119
l102-s8-hu-2007,article:l102,balanced_instance,0.0,0,0.1,coverage_0.5,119,0,0,0,0,119
l102-s8-hu-2007,article:l102,balanced_instance,0.0,0,0.1,coverage_0.75,119,0,0,0,0,119
l102-s8-hu-2007,article:l102,balanced_instance,0.0,0,0.2,reported_point,119,0,0,0,0,119
l102-s8-hu-2007,article:l102,balanced_instance,0.0,0,0.2,interval_upper,119,0,0,0,0,119
l102-s8-hu-2007,article:l102,balanced_instance,0.0,0,0.2,coverage_0.5,119,0,0,0,0,119
l102-s8-hu-2007,article:l102,balanced_instance,0.0,0,0.2,coverage_0.75,119,0,0,0,0,119
l102-s8-hu-2007,article:l102,balanced_instance,0.0,0,0.3,reported_point,119,0,0,0,0,119
l102-s8-hu-2007,article:l102,balanced_instance,0.0,0,0.3,interval_upper,119,0,0,0,0,119
l102-s8-hu-2007,article:l102,balanced_instance,0.0,0,0.3,coverage_0.5,119,0,0,0,0,119
l102-s8-hu-2007,article:l102,balanced_instance,0.0,0,0.3,coverage_0.75,119,0,0,0,0,119
l102-s8-hu-2007,article:l102,balanced_instance,0.0,0,0.4,reported_point,119,3,3,0,3,119
l102-s8-hu-2007,article:l102,balanced_instance,0.0,0,0.4,interval_upper,119,3,0,0,0,119
l102-s8-hu-2007,article:l102,balanced_instance,0.0,0,0.4,coverage_0.5,119,3,1,0,1,119
l102-s8-hu-2007,article:l102,balanced_instance,0.0,0,0.4,coverage_0.75,119,3,0,0,0,119
l102-s8-hu-2007,article:l102,balanced_instance,0.0,0,0.5,reported_point,119,4,4,0,4,119
l102-s8-hu-2007,article:l102,balanced_instance,0.0,0,0.5,interval_upper,119,4,0,0,0,119
l102-s8-hu-2007,article:l102,balanced_instance,0.0,0,0.5,coverage_0.5,119,4,2,0,2,119
l102-s8-hu-2007,article:l102,balanced_instance,0.0,0,0.5,coverage_0.75,119,4,0,0,0,119
l294-s4-sarwar-2007,article:l294,material_identity,0.0,0,0.1,reported_point,118,0,0,0,0,118
l294-s4-sarwar-2007,article:l294,material_identity,0.0,0,0.1,interval_upper,118,0,0,0,0,118
l294-s4-sarwar-2007,article:l294,material_identity,0.0,0,0.1,coverage_0.5,118,0,0,0,0,118
l294-s4-sarwar-2007,article:l294,material_identity,0.0,0,0.1,coverage_0.75,118,0,0,0,0,118
l294-s4-sarwar-2007,article:l294,material_identity,0.0,0,0.2,reported_point,118,0,0,0,0,118
l294-s4-sarwar-2007,article:l294,material_identity,0.0,0,0.2,interval_upper,118,0,0,0,0,118
l294-s4-sarwar-2007,article:l294,material_identity,0.0,0,0.2,coverage_0.5,118,0,0,0,0,118
l294-s4-sarwar-2007,article:l294,material_identity,0.0,0,0.2,coverage_0.75,118,0,0,0,0,118
l294-s4-sarwar-2007,article:l294,material_identity,0.0,0,0.3,reported_point,118,1,1,0,1,118
l294-s4-sarwar-2007,article:l294,material_identity,0.0,0,0.3,interval_upper,118,1,0,0,0,118
l294-s4-sarwar-2007,article:l294,material_identity,0.0,0,0.3,coverage_0.5,118,1,0,0,0,118
l294-s4-sarwar-2007,article:l294,material_identity,0.0,0,0.3,coverage_0.75,118,1,0,0,0,118
l294-s4-sarwar-2007,article:l294,material_identity,0.0,0,0.4,reported_point,118,5,5,0,5,118
l294-s4-sarwar-2007,article:l294,material_identity,0.0,0,0.4,interval_upper,118,5,0,0,0,118
l294-s4-sarwar-2007,article:l294,material_identity,0.0,0,0.4,coverage_0.5,118,5,0,0,0,118
l294-s4-sarwar-2007,article:l294,material_identity,0.0,0,0.4,coverage_0.75,118,5,0,0,0,118
l294-s4-sarwar-2007,article:l294,material_identity,0.0,0,0.5,reported_point,118,14,14,0,14,118
l294-s4-sarwar-2007,article:l294,material_identity,0.0,0,0.5,interval_upper,118,14,0,0,0,118
l294-s4-sarwar-2007,article:l294,material_identity,0.0,0,0.5,coverage_0.5,118,14,0,0,0,118
l294-s4-sarwar-2007,article:l294,material_identity,0.0,0,0.5,coverage_0.75,118,14,0,0,0,118
l294-s4-sarwar-2007,article:l294,experimental_protocol,0.0,0,0.1,reported_point,118,0,0,0,0,118
l294-s4-sarwar-2007,article:l294,experimental_protocol,0.0,0,0.1,interval_upper,118,0,0,0,0,118
l294-s4-sarwar-2007,article:l294,experimental_protocol,0.0,0,0.1,coverage_0.5,118,0,0,0,0,118
l294-s4-sarwar-2007,article:l294,experimental_protocol,0.0,0,0.1,coverage_0.75,118,0,0,0,0,118
l294-s4-sarwar-2007,article:l294,experimental_protocol,0.0,0,0.2,reported_point,118,0,0,0,0,118
l294-s4-sarwar-2007,article:l294,experimental_protocol,0.0,0,0.2,interval_upper,118,0,0,0,0,118
l294-s4-sarwar-2007,article:l294,experimental_protocol,0.0,0,0.2,coverage_0.5,118,0,0,0,0,118
l294-s4-sarwar-2007,article:l294,experimental_protocol,0.0,0,0.2,coverage_0.75,118,0,0,0,0,118
l294-s4-sarwar-2007,article:l294,experimental_protocol,0.0,0,0.3,reported_point,118,0,0,0,0,118
l294-s4-sarwar-2007,article:l294,experimental_protocol,0.0,0,0.3,interval_upper,118,0,0,0,0,118
l294-s4-sarwar-2007,article:l294,experimental_protocol,0.0,0,0.3,coverage_0.5,118,0,0,0,0,118
l294-s4-sarwar-2007,article:l294,experimental_protocol,0.0,0,0.3,coverage_0.75,118,0,0,0,0,118
l294-s4-sarwar-2007,article:l294,experimental_protocol,0.0,0,0.4,reported_point,118,0,0,0,0,118
l294-s4-sarwar-2007,article:l294,experimental_protocol,0.0,0,0.4,interval_upper,118,0,0,0,0,118
l294-s4-sarwar-2007,article:l294,experimental_protocol,0.0,0,0.4,coverage_0.5,118,0,0,0,0,118
l294-s4-sarwar-2007,article:l294,experimental_protocol,0.0,0,0.4,coverage_0.75,118,0,0,0,0,118
l294-s4-sarwar-2007,article:l294,experimental_protocol,0.0,0,0.5,reported_point,118,4,4,0,4,118
l294-s4-sarwar-2007,article:l294,experimental_protocol,0.0,0,0.5,interval_upper,118,4,0,0,0,118
l294-s4-sarwar-2007,article:l294,experimental_protocol,0.0,0,0.5,coverage_0.5,118,4,4,0,4,118
l294-s4-sarwar-2007,article:l294,experimental_protocol,0.0,0,0.5,coverage_0.75,118,4,0,0,0,118
l294-s4-sarwar-2007,article:l294,balanced_instance,0.0,0,0.1,reported_point,118,0,0,0,0,118
l294-s4-sarwar-2007,article:l294,balanced_instance,0.0,0,0.1,interval_upper,118,0,0,0,0,118
l294-s4-sarwar-2007,article:l294,balanced_instance,0.0,0,0.1,coverage_0.5,118,0,0,0,0,118
l294-s4-sarwar-2007,article:l294,balanced_instance,0.0,0,0.1,coverage_0.75,118,0,0,0,0,118
l294-s4-sarwar-2007,article:l294,balanced_instance,0.0,0,0.2,reported_point,118,0,0,0,0,118
l294-s4-sarwar-2007,article:l294,balanced_instance,0.0,0,0.2,interval_upper,118,0,0,0,0,118
l294-s4-sarwar-2007,article:l294,balanced_instance,0.0,0,0.2,coverage_0.5,118,0,0,0,0,118
l294-s4-sarwar-2007,article:l294,balanced_instance,0.0,0,0.2,coverage_0.75,118,0,0,0,0,118
l294-s4-sarwar-2007,article:l294,balanced_instance,0.0,0,0.3,reported_point,118,0,0,0,0,118
l294-s4-sarwar-2007,article:l294,balanced_instance,0.0,0,0.3,interval_upper,118,0,0,0,0,118
l294-s4-sarwar-2007,article:l294,balanced_instance,0.0,0,0.3,coverage_0.5,118,0,0,0,0,118
l294-s4-sarwar-2007,article:l294,balanced_instance,0.0,0,0.3,coverage_0.75,118,0,0,0,0,118
l294-s4-sarwar-2007,article:l294,balanced_instance,0.0,0,0.4,reported_point,118,0,0,0,0,118
l294-s4-sarwar-2007,article:l294,balanced_instance,0.0,0,0.4,interval_upper,118,0,0,0,0,118
l294-s4-sarwar-2007,article:l294,balanced_instance,0.0,0,0.4,coverage_0.5,118,0,0,0,0,118
l294-s4-sarwar-2007,article:l294,balanced_instance,0.0,0,0.4,coverage_0.75,118,0,0,0,0,118
l294-s4-sarwar-2007,article:l294,balanced_instance,0.0,0,0.5,reported_point,118,3,3,0,3,118
l294-s4-sarwar-2007,article:l294,balanced_instance,0.0,0,0.5,interval_upper,118,3,0,0,0,118
l294-s4-sarwar-2007,article:l294,balanced_instance,0.0,0,0.5,coverage_0.5,118,3,3,0,3,118
l294-s4-sarwar-2007,article:l294,balanced_instance,0.0,0,0.5,coverage_0.75,118,3,0,0,0,118
l278-s1-choi-2001,article:l278,material_identity,0.0,0,0.1,reported_point,118,19,19,0,19,118
l278-s1-choi-2001,article:l278,material_identity,0.0,0,0.1,interval_upper,118,19,0,0,0,118
l278-s1-choi-2001,article:l278,material_identity,0.0,0,0.1,coverage_0.5,118,19,0,0,0,118
l278-s1-choi-2001,article:l278,material_identity,0.0,0,0.1,coverage_0.75,118,19,0,0,0,118
l278-s1-choi-2001,article:l278,material_identity,0.0,0,0.2,reported_point,118,19,19,0,19,118
l278-s1-choi-2001,article:l278,material_identity,0.0,0,0.2,interval_upper,118,19,0,0,0,118
l278-s1-choi-2001,article:l278,material_identity,0.0,0,0.2,coverage_0.5,118,19,0,0,0,118
l278-s1-choi-2001,article:l278,material_identity,0.0,0,0.2,coverage_0.75,118,19,0,0,0,118
l278-s1-choi-2001,article:l278,material_identity,0.0,0,0.3,reported_point,118,19,19,0,19,118
l278-s1-choi-2001,article:l278,material_identity,0.0,0,0.3,interval_upper,118,19,0,0,0,118
l278-s1-choi-2001,article:l278,material_identity,0.0,0,0.3,coverage_0.5,118,19,0,0,0,118
l278-s1-choi-2001,article:l278,material_identity,0.0,0,0.3,coverage_0.75,118,19,0,0,0,118
l278-s1-choi-2001,article:l278,material_identity,0.0,0,0.4,reported_point,118,19,19,0,19,118
l278-s1-choi-2001,article:l278,material_identity,0.0,0,0.4,interval_upper,118,19,0,0,0,118
l278-s1-choi-2001,article:l278,material_identity,0.0,0,0.4,coverage_0.5,118,19,0,0,0,118
l278-s1-choi-2001,article:l278,material_identity,0.0,0,0.4,coverage_0.75,118,19,0,0,0,118
l278-s1-choi-2001,article:l278,material_identity,0.0,0,0.5,reported_point,118,19,19,0,19,118
l278-s1-choi-2001,article:l278,material_identity,0.0,0,0.5,interval_upper,118,19,0,0,0,118
l278-s1-choi-2001,article:l278,material_identity,0.0,0,0.5,coverage_0.5,118,19,0,0,0,118
l278-s1-choi-2001,article:l278,material_identity,0.0,0,0.5,coverage_0.75,118,19,0,0,0,118
l278-s1-choi-2001,article:l278,experimental_protocol,0.0,0,0.1,reported_point,118,0,0,0,0,118
l278-s1-choi-2001,article:l278,experimental_protocol,0.0,0,0.1,interval_upper,118,0,0,0,0,118
l278-s1-choi-2001,article:l278,experimental_protocol,0.0,0,0.1,coverage_0.5,118,0,0,0,0,118
l278-s1-choi-2001,article:l278,experimental_protocol,0.0,0,0.1,coverage_0.75,118,0,0,0,0,118
l278-s1-choi-2001,article:l278,experimental_protocol,0.0,0,0.2,reported_point,118,0,0,0,0,118
l278-s1-choi-2001,article:l278,experimental_protocol,0.0,0,0.2,interval_upper,118,0,0,0,0,118
l278-s1-choi-2001,article:l278,experimental_protocol,0.0,0,0.2,coverage_0.5,118,0,0,0,0,118
l278-s1-choi-2001,article:l278,experimental_protocol,0.0,0,0.2,coverage_0.75,118,0,0,0,0,118
l278-s1-choi-2001,article:l278,experimental_protocol,0.0,0,0.3,reported_point,118,0,0,0,0,118
l278-s1-choi-2001,article:l278,experimental_protocol,0.0,0,0.3,interval_upper,118,0,0,0,0,118
l278-s1-choi-2001,article:l278,experimental_protocol,0.0,0,0.3,coverage_0.5,118,0,0,0,0,118
l278-s1-choi-2001,article:l278,experimental_protocol,0.0,0,0.3,coverage_0.75,118,0,0,0,0,118
l278-s1-choi-2001,article:l278,experimental_protocol,0.0,0,0.4,reported_point,118,0,0,0,0,118
l278-s1-choi-2001,article:l278,experimental_protocol,0.0,0,0.4,interval_upper,118,0,0,0,0,118
l278-s1-choi-2001,article:l278,experimental_protocol,0.0,0,0.4,coverage_0.5,118,0,0,0,0,118
l278-s1-choi-2001,article:l278,experimental_protocol,0.0,0,0.4,coverage_0.75,118,0,0,0,0,118
l278-s1-choi-2001,article:l278,experimental_protocol,0.0,0,0.5,reported_point,118,4,4,0,4,118
l278-s1-choi-2001,article:l278,experimental_protocol,0.0,0,0.5,interval_upper,118,4,0,0,0,118
l278-s1-choi-2001,article:l278,experimental_protocol,0.0,0,0.5,coverage_0.5,118,4,4,0,4,118
l278-s1-choi-2001,article:l278,experimental_protocol,0.0,0,0.5,coverage_0.75,118,4,0,0,0,118
l278-s1-choi-2001,article:l278,balanced_instance,0.0,0,0.1,reported_point,118,0,0,0,0,118
l278-s1-choi-2001,article:l278,balanced_instance,0.0,0,0.1,interval_upper,118,0,0,0,0,118
l278-s1-choi-2001,article:l278,balanced_instance,0.0,0,0.1,coverage_0.5,118,0,0,0,0,118
l278-s1-choi-2001,article:l278,balanced_instance,0.0,0,0.1,coverage_0.75,118,0,0,0,0,118
l278-s1-choi-2001,article:l278,balanced_instance,0.0,0,0.2,reported_point,118,0,0,0,0,118
l278-s1-choi-2001,article:l278,balanced_instance,0.0,0,0.2,interval_upper,118,0,0,0,0,118
l278-s1-choi-2001,article:l278,balanced_instance,0.0,0,0.2,coverage_0.5,118,0,0,0,0,118
l278-s1-choi-2001,article:l278,balanced_instance,0.0,0,0.2,coverage_0.75,118,0,0,0,0,118
l278-s1-choi-2001,article:l278,balanced_instance,0.0,0,0.3,reported_point,118,2,2,0,2,118
l278-s1-choi-2001,article:l278,balanced_instance,0.0,0,0.3,interval_upper,118,2,0,0,0,118
l278-s1-choi-2001,article:l278,balanced_instance,0.0,0,0.3,coverage_0.5,118,2,0,0,0,118
l278-s1-choi-2001,article:l278,balanced_instance,0.0,0,0.3,coverage_0.75,118,2,0,0,0,118
l278-s1-choi-2001,article:l278,balanced_instance,0.0,0,0.4,reported_point,118,5,5,0,5,118
l278-s1-choi-2001,article:l278,balanced_instance,0.0,0,0.4,interval_upper,118,5,0,0,0,118
l278-s1-choi-2001,article:l278,balanced_instance,0.0,0,0.4,coverage_0.5,118,5,0,0,0,118
l278-s1-choi-2001,article:l278,balanced_instance,0.0,0,0.4,coverage_0.75,118,5,0,0,0,118
l278-s1-choi-2001,article:l278,balanced_instance,0.0,0,0.5,reported_point,118,8,8,0,8,118
l278-s1-choi-2001,article:l278,balanced_instance,0.0,0,0.5,interval_upper,118,8,0,0,0,118
l278-s1-choi-2001,article:l278,balanced_instance,0.0,0,0.5,coverage_0.5,118,8,0,0,0,118
l278-s1-choi-2001,article:l278,balanced_instance,0.0,0,0.5,coverage_0.75,118,8,0,0,0,118
l287-s4-jang-2008,article:l287,material_identity,0.0,0,0.1,reported_point,117,4,4,0,4,117
l287-s4-jang-2008,article:l287,material_identity,0.0,0,0.1,interval_upper,117,4,0,0,0,117
l287-s4-jang-2008,article:l287,material_identity,0.0,0,0.1,coverage_0.5,117,4,0,0,0,117
l287-s4-jang-2008,article:l287,material_identity,0.0,0,0.1,coverage_0.75,117,4,0,0,0,117
l287-s4-jang-2008,article:l287,material_identity,0.0,0,0.2,reported_point,117,4,4,0,4,117
l287-s4-jang-2008,article:l287,material_identity,0.0,0,0.2,interval_upper,117,4,0,0,0,117
l287-s4-jang-2008,article:l287,material_identity,0.0,0,0.2,coverage_0.5,117,4,0,0,0,117
l287-s4-jang-2008,article:l287,material_identity,0.0,0,0.2,coverage_0.75,117,4,0,0,0,117
l287-s4-jang-2008,article:l287,material_identity,0.0,0,0.3,reported_point,117,16,16,0,16,117
l287-s4-jang-2008,article:l287,material_identity,0.0,0,0.3,interval_upper,117,16,0,0,0,117
l287-s4-jang-2008,article:l287,material_identity,0.0,0,0.3,coverage_0.5,117,16,0,0,0,117
l287-s4-jang-2008,article:l287,material_identity,0.0,0,0.3,coverage_0.75,117,16,0,0,0,117
l287-s4-jang-2008,article:l287,material_identity,0.0,0,0.4,reported_point,117,18,18,0,18,117
l287-s4-jang-2008,article:l287,material_identity,0.0,0,0.4,interval_upper,117,18,0,0,0,117
l287-s4-jang-2008,article:l287,material_identity,0.0,0,0.4,coverage_0.5,117,18,0,0,0,117
l287-s4-jang-2008,article:l287,material_identity,0.0,0,0.4,coverage_0.75,117,18,0,0,0,117
l287-s4-jang-2008,article:l287,material_identity,0.0,0,0.5,reported_point,117,19,19,0,19,117
l287-s4-jang-2008,article:l287,material_identity,0.0,0,0.5,interval_upper,117,19,0,0,0,117
l287-s4-jang-2008,article:l287,material_identity,0.0,0,0.5,coverage_0.5,117,19,0,0,0,117
l287-s4-jang-2008,article:l287,material_identity,0.0,0,0.5,coverage_0.75,117,19,0,0,0,117
l287-s4-jang-2008,article:l287,experimental_protocol,0.0,0,0.1,reported_point,117,0,0,0,0,117
l287-s4-jang-2008,article:l287,experimental_protocol,0.0,0,0.1,interval_upper,117,0,0,0,0,117
l287-s4-jang-2008,article:l287,experimental_protocol,0.0,0,0.1,coverage_0.5,117,0,0,0,0,117
l287-s4-jang-2008,article:l287,experimental_protocol,0.0,0,0.1,coverage_0.75,117,0,0,0,0,117
l287-s4-jang-2008,article:l287,experimental_protocol,0.0,0,0.2,reported_point,117,0,0,0,0,117
l287-s4-jang-2008,article:l287,experimental_protocol,0.0,0,0.2,interval_upper,117,0,0,0,0,117
l287-s4-jang-2008,article:l287,experimental_protocol,0.0,0,0.2,coverage_0.5,117,0,0,0,0,117
l287-s4-jang-2008,article:l287,experimental_protocol,0.0,0,0.2,coverage_0.75,117,0,0,0,0,117
l287-s4-jang-2008,article:l287,experimental_protocol,0.0,0,0.3,reported_point,117,0,0,0,0,117
l287-s4-jang-2008,article:l287,experimental_protocol,0.0,0,0.3,interval_upper,117,0,0,0,0,117
l287-s4-jang-2008,article:l287,experimental_protocol,0.0,0,0.3,coverage_0.5,117,0,0,0,0,117
l287-s4-jang-2008,article:l287,experimental_protocol,0.0,0,0.3,coverage_0.75,117,0,0,0,0,117
l287-s4-jang-2008,article:l287,experimental_protocol,0.0,0,0.4,reported_point,117,0,0,0,0,117
l287-s4-jang-2008,article:l287,experimental_protocol,0.0,0,0.4,interval_upper,117,0,0,0,0,117
l287-s4-jang-2008,article:l287,experimental_protocol,0.0,0,0.4,coverage_0.5,117,0,0,0,0,117
l287-s4-jang-2008,article:l287,experimental_protocol,0.0,0,0.4,coverage_0.75,117,0,0,0,0,117
l287-s4-jang-2008,article:l287,experimental_protocol,0.0,0,0.5,reported_point,117,3,3,0,3,117
l287-s4-jang-2008,article:l287,experimental_protocol,0.0,0,0.5,interval_upper,117,3,0,0,0,117
l287-s4-jang-2008,article:l287,experimental_protocol,0.0,0,0.5,coverage_0.5,117,3,3,0,3,117
l287-s4-jang-2008,article:l287,experimental_protocol,0.0,0,0.5,coverage_0.75,117,3,0,0,0,117
l287-s4-jang-2008,article:l287,balanced_instance,0.0,0,0.1,reported_point,117,0,0,0,0,117
l287-s4-jang-2008,article:l287,balanced_instance,0.0,0,0.1,interval_upper,117,0,0,0,0,117
l287-s4-jang-2008,article:l287,balanced_instance,0.0,0,0.1,coverage_0.5,117,0,0,0,0,117
l287-s4-jang-2008,article:l287,balanced_instance,0.0,0,0.1,coverage_0.75,117,0,0,0,0,117
l287-s4-jang-2008,article:l287,balanced_instance,0.0,0,0.2,reported_point,117,0,0,0,0,117
l287-s4-jang-2008,article:l287,balanced_instance,0.0,0,0.2,interval_upper,117,0,0,0,0,117
l287-s4-jang-2008,article:l287,balanced_instance,0.0,0,0.2,coverage_0.5,117,0,0,0,0,117
l287-s4-jang-2008,article:l287,balanced_instance,0.0,0,0.2,coverage_0.75,117,0,0,0,0,117
l287-s4-jang-2008,article:l287,balanced_instance,0.0,0,0.3,reported_point,117,0,0,0,0,117
l287-s4-jang-2008,article:l287,balanced_instance,0.0,0,0.3,interval_upper,117,0,0,0,0,117
l287-s4-jang-2008,article:l287,balanced_instance,0.0,0,0.3,coverage_0.5,117,0,0,0,0,117
l287-s4-jang-2008,article:l287,balanced_instance,0.0,0,0.3,coverage_0.75,117,0,0,0,0,117
l287-s4-jang-2008,article:l287,balanced_instance,0.0,0,0.4,reported_point,117,1,1,0,1,117
l287-s4-jang-2008,article:l287,balanced_instance,0.0,0,0.4,interval_upper,117,1,0,0,0,117
l287-s4-jang-2008,article:l287,balanced_instance,0.0,0,0.4,coverage_0.5,117,1,0,0,0,117
l287-s4-jang-2008,article:l287,balanced_instance,0.0,0,0.4,coverage_0.75,117,1,0,0,0,117
l287-s4-jang-2008,article:l287,balanced_instance,0.0,0,0.5,reported_point,117,11,11,0,11,117
l287-s4-jang-2008,article:l287,balanced_instance,0.0,0,0.5,interval_upper,117,11,0,0,0,117
l287-s4-jang-2008,article:l287,balanced_instance,0.0,0,0.5,coverage_0.5,117,11,10,0,10,117
l287-s4-jang-2008,article:l287,balanced_instance,0.0,0,0.5,coverage_0.75,117,11,0,0,0,117
l217-s6-ash-2002,article:l217,material_identity,0.0,0,0.1,reported_point,119,8,8,0,8,119
l217-s6-ash-2002,article:l217,material_identity,0.0,0,0.1,interval_upper,119,8,0,0,0,119
l217-s6-ash-2002,article:l217,material_identity,0.0,0,0.1,coverage_0.5,119,8,0,0,0,119
l217-s6-ash-2002,article:l217,material_identity,0.0,0,0.1,coverage_0.75,119,8,0,0,0,119
l217-s6-ash-2002,article:l217,material_identity,0.0,0,0.2,reported_point,119,9,9,0,9,119
l217-s6-ash-2002,article:l217,material_identity,0.0,0,0.2,interval_upper,119,9,0,0,0,119
l217-s6-ash-2002,article:l217,material_identity,0.0,0,0.2,coverage_0.5,119,9,0,0,0,119
l217-s6-ash-2002,article:l217,material_identity,0.0,0,0.2,coverage_0.75,119,9,0,0,0,119
l217-s6-ash-2002,article:l217,material_identity,0.0,0,0.3,reported_point,119,12,12,0,12,119
l217-s6-ash-2002,article:l217,material_identity,0.0,0,0.3,interval_upper,119,12,0,0,0,119
l217-s6-ash-2002,article:l217,material_identity,0.0,0,0.3,coverage_0.5,119,12,0,0,0,119
l217-s6-ash-2002,article:l217,material_identity,0.0,0,0.3,coverage_0.75,119,12,0,0,0,119
l217-s6-ash-2002,article:l217,material_identity,0.0,0,0.4,reported_point,119,22,22,0,22,119
l217-s6-ash-2002,article:l217,material_identity,0.0,0,0.4,interval_upper,119,22,0,0,0,119
l217-s6-ash-2002,article:l217,material_identity,0.0,0,0.4,coverage_0.5,119,22,0,0,0,119
l217-s6-ash-2002,article:l217,material_identity,0.0,0,0.4,coverage_0.75,119,22,0,0,0,119
l217-s6-ash-2002,article:l217,material_identity,0.0,0,0.5,reported_point,119,23,23,0,23,119
l217-s6-ash-2002,article:l217,material_identity,0.0,0,0.5,interval_upper,119,23,0,0,0,119
l217-s6-ash-2002,article:l217,material_identity,0.0,0,0.5,coverage_0.5,119,23,0,0,0,119
l217-s6-ash-2002,article:l217,material_identity,0.0,0,0.5,coverage_0.75,119,23,0,0,0,119
l217-s6-ash-2002,article:l217,experimental_protocol,0.0,0,0.1,reported_point,119,0,0,0,0,119
l217-s6-ash-2002,article:l217,experimental_protocol,0.0,0,0.1,interval_upper,119,0,0,0,0,119
l217-s6-ash-2002,article:l217,experimental_protocol,0.0,0,0.1,coverage_0.5,119,0,0,0,0,119
l217-s6-ash-2002,article:l217,experimental_protocol,0.0,0,0.1,coverage_0.75,119,0,0,0,0,119
l217-s6-ash-2002,article:l217,experimental_protocol,0.0,0,0.2,reported_point,119,0,0,0,0,119
l217-s6-ash-2002,article:l217,experimental_protocol,0.0,0,0.2,interval_upper,119,0,0,0,0,119
l217-s6-ash-2002,article:l217,experimental_protocol,0.0,0,0.2,coverage_0.5,119,0,0,0,0,119
l217-s6-ash-2002,article:l217,experimental_protocol,0.0,0,0.2,coverage_0.75,119,0,0,0,0,119
l217-s6-ash-2002,article:l217,experimental_protocol,0.0,0,0.3,reported_point,119,0,0,0,0,119
l217-s6-ash-2002,article:l217,experimental_protocol,0.0,0,0.3,interval_upper,119,0,0,0,0,119
l217-s6-ash-2002,article:l217,experimental_protocol,0.0,0,0.3,coverage_0.5,119,0,0,0,0,119
l217-s6-ash-2002,article:l217,experimental_protocol,0.0,0,0.3,coverage_0.75,119,0,0,0,0,119
l217-s6-ash-2002,article:l217,experimental_protocol,0.0,0,0.4,reported_point,119,0,0,0,0,119
l217-s6-ash-2002,article:l217,experimental_protocol,0.0,0,0.4,interval_upper,119,0,0,0,0,119
l217-s6-ash-2002,article:l217,experimental_protocol,0.0,0,0.4,coverage_0.5,119,0,0,0,0,119
l217-s6-ash-2002,article:l217,experimental_protocol,0.0,0,0.4,coverage_0.75,119,0,0,0,0,119
l217-s6-ash-2002,article:l217,experimental_protocol,0.0,0,0.5,reported_point,119,4,4,0,4,119
l217-s6-ash-2002,article:l217,experimental_protocol,0.0,0,0.5,interval_upper,119,4,0,0,0,119
l217-s6-ash-2002,article:l217,experimental_protocol,0.0,0,0.5,coverage_0.5,119,4,4,0,4,119
l217-s6-ash-2002,article:l217,experimental_protocol,0.0,0,0.5,coverage_0.75,119,4,0,0,0,119
l217-s6-ash-2002,article:l217,balanced_instance,0.0,0,0.1,reported_point,119,0,0,0,0,119
l217-s6-ash-2002,article:l217,balanced_instance,0.0,0,0.1,interval_upper,119,0,0,0,0,119
l217-s6-ash-2002,article:l217,balanced_instance,0.0,0,0.1,coverage_0.5,119,0,0,0,0,119
l217-s6-ash-2002,article:l217,balanced_instance,0.0,0,0.1,coverage_0.75,119,0,0,0,0,119
l217-s6-ash-2002,article:l217,balanced_instance,0.0,0,0.2,reported_point,119,0,0,0,0,119
l217-s6-ash-2002,article:l217,balanced_instance,0.0,0,0.2,interval_upper,119,0,0,0,0,119
l217-s6-ash-2002,article:l217,balanced_instance,0.0,0,0.2,coverage_0.5,119,0,0,0,0,119
l217-s6-ash-2002,article:l217,balanced_instance,0.0,0,0.2,coverage_0.75,119,0,0,0,0,119
l217-s6-ash-2002,article:l217,balanced_instance,0.0,0,0.3,reported_point,119,0,0,0,0,119
l217-s6-ash-2002,article:l217,balanced_instance,0.0,0,0.3,interval_upper,119,0,0,0,0,119
l217-s6-ash-2002,article:l217,balanced_instance,0.0,0,0.3,coverage_0.5,119,0,0,0,0,119
l217-s6-ash-2002,article:l217,balanced_instance,0.0,0,0.3,coverage_0.75,119,0,0,0,0,119
l217-s6-ash-2002,article:l217,balanced_instance,0.0,0,0.4,reported_point,119,0,0,0,0,119
l217-s6-ash-2002,article:l217,balanced_instance,0.0,0,0.4,interval_upper,119,0,0,0,0,119
l217-s6-ash-2002,article:l217,balanced_instance,0.0,0,0.4,coverage_0.5,119,0,0,0,0,119
l217-s6-ash-2002,article:l217,balanced_instance,0.0,0,0.4,coverage_0.75,119,0,0,0,0,119
l217-s6-ash-2002,article:l217,balanced_instance,0.0,0,0.5,reported_point,119,12,12,0,12,119
l217-s6-ash-2002,article:l217,balanced_instance,0.0,0,0.5,interval_upper,119,12,0,0,0,119
l217-s6-ash-2002,article:l217,balanced_instance,0.0,0,0.5,coverage_0.5,119,12,10,0,10,119
l217-s6-ash-2002,article:l217,balanced_instance,0.0,0,0.5,coverage_0.75,119,12,0,0,0,119
l316-s5-chandrasekaran-2013,article:l316,material_identity,0.0,0,0.1,reported_point,117,0,0,0,0,117
l316-s5-chandrasekaran-2013,article:l316,material_identity,0.0,0,0.1,interval_upper,117,0,0,0,0,117
l316-s5-chandrasekaran-2013,article:l316,material_identity,0.0,0,0.1,coverage_0.5,117,0,0,0,0,117
l316-s5-chandrasekaran-2013,article:l316,material_identity,0.0,0,0.1,coverage_0.75,117,0,0,0,0,117
l316-s5-chandrasekaran-2013,article:l316,material_identity,0.0,0,0.2,reported_point,117,0,0,0,0,117
l316-s5-chandrasekaran-2013,article:l316,material_identity,0.0,0,0.2,interval_upper,117,0,0,0,0,117
l316-s5-chandrasekaran-2013,article:l316,material_identity,0.0,0,0.2,coverage_0.5,117,0,0,0,0,117
l316-s5-chandrasekaran-2013,article:l316,material_identity,0.0,0,0.2,coverage_0.75,117,0,0,0,0,117
l316-s5-chandrasekaran-2013,article:l316,material_identity,0.0,0,0.3,reported_point,117,8,8,0,8,117
l316-s5-chandrasekaran-2013,article:l316,material_identity,0.0,0,0.3,interval_upper,117,8,0,0,0,117
l316-s5-chandrasekaran-2013,article:l316,material_identity,0.0,0,0.3,coverage_0.5,117,8,0,0,0,117
l316-s5-chandrasekaran-2013,article:l316,material_identity,0.0,0,0.3,coverage_0.75,117,8,0,0,0,117
l316-s5-chandrasekaran-2013,article:l316,material_identity,0.0,0,0.4,reported_point,117,8,8,0,8,117
l316-s5-chandrasekaran-2013,article:l316,material_identity,0.0,0,0.4,interval_upper,117,8,0,0,0,117
l316-s5-chandrasekaran-2013,article:l316,material_identity,0.0,0,0.4,coverage_0.5,117,8,0,0,0,117
l316-s5-chandrasekaran-2013,article:l316,material_identity,0.0,0,0.4,coverage_0.75,117,8,0,0,0,117
l316-s5-chandrasekaran-2013,article:l316,material_identity,0.0,0,0.5,reported_point,117,11,11,0,11,117
l316-s5-chandrasekaran-2013,article:l316,material_identity,0.0,0,0.5,interval_upper,117,11,0,0,0,117
l316-s5-chandrasekaran-2013,article:l316,material_identity,0.0,0,0.5,coverage_0.5,117,11,0,0,0,117
l316-s5-chandrasekaran-2013,article:l316,material_identity,0.0,0,0.5,coverage_0.75,117,11,0,0,0,117
l316-s5-chandrasekaran-2013,article:l316,experimental_protocol,0.0,0,0.1,reported_point,117,0,0,0,0,117
l316-s5-chandrasekaran-2013,article:l316,experimental_protocol,0.0,0,0.1,interval_upper,117,0,0,0,0,117
l316-s5-chandrasekaran-2013,article:l316,experimental_protocol,0.0,0,0.1,coverage_0.5,117,0,0,0,0,117
l316-s5-chandrasekaran-2013,article:l316,experimental_protocol,0.0,0,0.1,coverage_0.75,117,0,0,0,0,117
l316-s5-chandrasekaran-2013,article:l316,experimental_protocol,0.0,0,0.2,reported_point,117,0,0,0,0,117
l316-s5-chandrasekaran-2013,article:l316,experimental_protocol,0.0,0,0.2,interval_upper,117,0,0,0,0,117
l316-s5-chandrasekaran-2013,article:l316,experimental_protocol,0.0,0,0.2,coverage_0.5,117,0,0,0,0,117
l316-s5-chandrasekaran-2013,article:l316,experimental_protocol,0.0,0,0.2,coverage_0.75,117,0,0,0,0,117
l316-s5-chandrasekaran-2013,article:l316,experimental_protocol,0.0,0,0.3,reported_point,117,3,3,0,3,117
l316-s5-chandrasekaran-2013,article:l316,experimental_protocol,0.0,0,0.3,interval_upper,117,3,0,0,0,117
l316-s5-chandrasekaran-2013,article:l316,experimental_protocol,0.0,0,0.3,coverage_0.5,117,3,3,0,3,117
l316-s5-chandrasekaran-2013,article:l316,experimental_protocol,0.0,0,0.3,coverage_0.75,117,3,0,0,0,117
l316-s5-chandrasekaran-2013,article:l316,experimental_protocol,0.0,0,0.4,reported_point,117,3,3,0,3,117
l316-s5-chandrasekaran-2013,article:l316,experimental_protocol,0.0,0,0.4,interval_upper,117,3,0,0,0,117
l316-s5-chandrasekaran-2013,article:l316,experimental_protocol,0.0,0,0.4,coverage_0.5,117,3,3,0,3,117
l316-s5-chandrasekaran-2013,article:l316,experimental_protocol,0.0,0,0.4,coverage_0.75,117,3,0,0,0,117
l316-s5-chandrasekaran-2013,article:l316,experimental_protocol,0.0,0,0.5,reported_point,117,3,3,0,3,117
l316-s5-chandrasekaran-2013,article:l316,experimental_protocol,0.0,0,0.5,interval_upper,117,3,3,0,3,117
l316-s5-chandrasekaran-2013,article:l316,experimental_protocol,0.0,0,0.5,coverage_0.5,117,3,3,0,3,117
l316-s5-chandrasekaran-2013,article:l316,experimental_protocol,0.0,0,0.5,coverage_0.75,117,3,0,0,0,117
l316-s5-chandrasekaran-2013,article:l316,balanced_instance,0.0,0,0.1,reported_point,117,0,0,0,0,117
l316-s5-chandrasekaran-2013,article:l316,balanced_instance,0.0,0,0.1,interval_upper,117,0,0,0,0,117
l316-s5-chandrasekaran-2013,article:l316,balanced_instance,0.0,0,0.1,coverage_0.5,117,0,0,0,0,117
l316-s5-chandrasekaran-2013,article:l316,balanced_instance,0.0,0,0.1,coverage_0.75,117,0,0,0,0,117
l316-s5-chandrasekaran-2013,article:l316,balanced_instance,0.0,0,0.2,reported_point,117,0,0,0,0,117
l316-s5-chandrasekaran-2013,article:l316,balanced_instance,0.0,0,0.2,interval_upper,117,0,0,0,0,117
l316-s5-chandrasekaran-2013,article:l316,balanced_instance,0.0,0,0.2,coverage_0.5,117,0,0,0,0,117
l316-s5-chandrasekaran-2013,article:l316,balanced_instance,0.0,0,0.2,coverage_0.75,117,0,0,0,0,117
l316-s5-chandrasekaran-2013,article:l316,balanced_instance,0.0,0,0.3,reported_point,117,2,2,0,2,117
l316-s5-chandrasekaran-2013,article:l316,balanced_instance,0.0,0,0.3,interval_upper,117,2,0,0,0,117
l316-s5-chandrasekaran-2013,article:l316,balanced_instance,0.0,0,0.3,coverage_0.5,117,2,2,0,2,117
l316-s5-chandrasekaran-2013,article:l316,balanced_instance,0.0,0,0.3,coverage_0.75,117,2,0,0,0,117
l316-s5-chandrasekaran-2013,article:l316,balanced_instance,0.0,0,0.4,reported_point,117,3,3,0,3,117
l316-s5-chandrasekaran-2013,article:l316,balanced_instance,0.0,0,0.4,interval_upper,117,3,0,0,0,117
l316-s5-chandrasekaran-2013,article:l316,balanced_instance,0.0,0,0.4,coverage_0.5,117,3,2,0,2,117
l316-s5-chandrasekaran-2013,article:l316,balanced_instance,0.0,0,0.4,coverage_0.75,117,3,0,0,0,117
l316-s5-chandrasekaran-2013,article:l316,balanced_instance,0.0,0,0.5,reported_point,117,8,8,0,8,117
l316-s5-chandrasekaran-2013,article:l316,balanced_instance,0.0,0,0.5,interval_upper,117,8,0,0,0,117
l316-s5-chandrasekaran-2013,article:l316,balanced_instance,0.0,0,0.5,coverage_0.5,117,8,7,0,7,117
l316-s5-chandrasekaran-2013,article:l316,balanced_instance,0.0,0,0.5,coverage_0.75,117,8,0,0,0,117
e108-s10-huang-2016,article:e108,material_identity,0.0,0,0.1,reported_point,119,0,0,0,0,119
e108-s10-huang-2016,article:e108,material_identity,0.0,0,0.1,interval_upper,119,0,0,0,0,119
e108-s10-huang-2016,article:e108,material_identity,0.0,0,0.1,coverage_0.5,119,0,0,0,0,119
e108-s10-huang-2016,article:e108,material_identity,0.0,0,0.1,coverage_0.75,119,0,0,0,0,119
e108-s10-huang-2016,article:e108,material_identity,0.0,0,0.2,reported_point,119,0,0,0,0,119
e108-s10-huang-2016,article:e108,material_identity,0.0,0,0.2,interval_upper,119,0,0,0,0,119
e108-s10-huang-2016,article:e108,material_identity,0.0,0,0.2,coverage_0.5,119,0,0,0,0,119
e108-s10-huang-2016,article:e108,material_identity,0.0,0,0.2,coverage_0.75,119,0,0,0,0,119
e108-s10-huang-2016,article:e108,material_identity,0.0,0,0.3,reported_point,119,0,0,0,0,119
e108-s10-huang-2016,article:e108,material_identity,0.0,0,0.3,interval_upper,119,0,0,0,0,119
e108-s10-huang-2016,article:e108,material_identity,0.0,0,0.3,coverage_0.5,119,0,0,0,0,119
e108-s10-huang-2016,article:e108,material_identity,0.0,0,0.3,coverage_0.75,119,0,0,0,0,119
e108-s10-huang-2016,article:e108,material_identity,0.0,0,0.4,reported_point,119,0,0,0,0,119
e108-s10-huang-2016,article:e108,material_identity,0.0,0,0.4,interval_upper,119,0,0,0,0,119
e108-s10-huang-2016,article:e108,material_identity,0.0,0,0.4,coverage_0.5,119,0,0,0,0,119
e108-s10-huang-2016,article:e108,material_identity,0.0,0,0.4,coverage_0.75,119,0,0,0,0,119
e108-s10-huang-2016,article:e108,material_identity,0.0,0,0.5,reported_point,119,0,0,0,0,119
e108-s10-huang-2016,article:e108,material_identity,0.0,0,0.5,interval_upper,119,0,0,0,0,119
e108-s10-huang-2016,article:e108,material_identity,0.0,0,0.5,coverage_0.5,119,0,0,0,0,119
e108-s10-huang-2016,article:e108,material_identity,0.0,0,0.5,coverage_0.75,119,0,0,0,0,119
e108-s10-huang-2016,article:e108,experimental_protocol,0.0,0,0.1,reported_point,119,0,0,0,0,119
e108-s10-huang-2016,article:e108,experimental_protocol,0.0,0,0.1,interval_upper,119,0,0,0,0,119
e108-s10-huang-2016,article:e108,experimental_protocol,0.0,0,0.1,coverage_0.5,119,0,0,0,0,119
e108-s10-huang-2016,article:e108,experimental_protocol,0.0,0,0.1,coverage_0.75,119,0,0,0,0,119
e108-s10-huang-2016,article:e108,experimental_protocol,0.0,0,0.2,reported_point,119,0,0,0,0,119
e108-s10-huang-2016,article:e108,experimental_protocol,0.0,0,0.2,interval_upper,119,0,0,0,0,119
e108-s10-huang-2016,article:e108,experimental_protocol,0.0,0,0.2,coverage_0.5,119,0,0,0,0,119
e108-s10-huang-2016,article:e108,experimental_protocol,0.0,0,0.2,coverage_0.75,119,0,0,0,0,119
e108-s10-huang-2016,article:e108,experimental_protocol,0.0,0,0.3,reported_point,119,0,0,0,0,119
e108-s10-huang-2016,article:e108,experimental_protocol,0.0,0,0.3,interval_upper,119,0,0,0,0,119
e108-s10-huang-2016,article:e108,experimental_protocol,0.0,0,0.3,coverage_0.5,119,0,0,0,0,119
e108-s10-huang-2016,article:e108,experimental_protocol,0.0,0,0.3,coverage_0.75,119,0,0,0,0,119
e108-s10-huang-2016,article:e108,experimental_protocol,0.0,0,0.4,reported_point,119,1,1,0,1,119
e108-s10-huang-2016,article:e108,experimental_protocol,0.0,0,0.4,interval_upper,119,1,0,0,0,119
e108-s10-huang-2016,article:e108,experimental_protocol,0.0,0,0.4,coverage_0.5,119,1,1,0,1,119
e108-s10-huang-2016,article:e108,experimental_protocol,0.0,0,0.4,coverage_0.75,119,1,0,0,0,119
e108-s10-huang-2016,article:e108,experimental_protocol,0.0,0,0.5,reported_point,119,5,5,0,5,119
e108-s10-huang-2016,article:e108,experimental_protocol,0.0,0,0.5,interval_upper,119,5,1,0,1,119
e108-s10-huang-2016,article:e108,experimental_protocol,0.0,0,0.5,coverage_0.5,119,5,5,0,5,119
e108-s10-huang-2016,article:e108,experimental_protocol,0.0,0,0.5,coverage_0.75,119,5,0,0,0,119
e108-s10-huang-2016,article:e108,balanced_instance,0.0,0,0.1,reported_point,119,0,0,0,0,119
e108-s10-huang-2016,article:e108,balanced_instance,0.0,0,0.1,interval_upper,119,0,0,0,0,119
e108-s10-huang-2016,article:e108,balanced_instance,0.0,0,0.1,coverage_0.5,119,0,0,0,0,119
e108-s10-huang-2016,article:e108,balanced_instance,0.0,0,0.1,coverage_0.75,119,0,0,0,0,119
e108-s10-huang-2016,article:e108,balanced_instance,0.0,0,0.2,reported_point,119,0,0,0,0,119
e108-s10-huang-2016,article:e108,balanced_instance,0.0,0,0.2,interval_upper,119,0,0,0,0,119
e108-s10-huang-2016,article:e108,balanced_instance,0.0,0,0.2,coverage_0.5,119,0,0,0,0,119
e108-s10-huang-2016,article:e108,balanced_instance,0.0,0,0.2,coverage_0.75,119,0,0,0,0,119
e108-s10-huang-2016,article:e108,balanced_instance,0.0,0,0.3,reported_point,119,0,0,0,0,119
e108-s10-huang-2016,article:e108,balanced_instance,0.0,0,0.3,interval_upper,119,0,0,0,0,119
e108-s10-huang-2016,article:e108,balanced_instance,0.0,0,0.3,coverage_0.5,119,0,0,0,0,119
e108-s10-huang-2016,article:e108,balanced_instance,0.0,0,0.3,coverage_0.75,119,0,0,0,0,119
e108-s10-huang-2016,article:e108,balanced_instance,0.0,0,0.4,reported_point,119,1,1,0,1,119
e108-s10-huang-2016,article:e108,balanced_instance,0.0,0,0.4,interval_upper,119,1,0,0,0,119
e108-s10-huang-2016,article:e108,balanced_instance,0.0,0,0.4,coverage_0.5,119,1,1,0,1,119
e108-s10-huang-2016,article:e108,balanced_instance,0.0,0,0.4,coverage_0.75,119,1,0,0,0,119
e108-s10-huang-2016,article:e108,balanced_instance,0.0,0,0.5,reported_point,119,6,6,0,6,119
e108-s10-huang-2016,article:e108,balanced_instance,0.0,0,0.5,interval_upper,119,6,0,0,0,119
e108-s10-huang-2016,article:e108,balanced_instance,0.0,0,0.5,coverage_0.5,119,6,6,0,6,119
e108-s10-huang-2016,article:e108,balanced_instance,0.0,0,0.5,coverage_0.75,119,6,0,0,0,119
l212-s5-ghanbari-2012,article:l212,material_identity,0.0,0,0.1,reported_point,119,0,0,0,0,119
l212-s5-ghanbari-2012,article:l212,material_identity,0.0,0,0.1,interval_upper,119,0,0,0,0,119
l212-s5-ghanbari-2012,article:l212,material_identity,0.0,0,0.1,coverage_0.5,119,0,0,0,0,119
l212-s5-ghanbari-2012,article:l212,material_identity,0.0,0,0.1,coverage_0.75,119,0,0,0,0,119
l212-s5-ghanbari-2012,article:l212,material_identity,0.0,0,0.2,reported_point,119,0,0,0,0,119
l212-s5-ghanbari-2012,article:l212,material_identity,0.0,0,0.2,interval_upper,119,0,0,0,0,119
l212-s5-ghanbari-2012,article:l212,material_identity,0.0,0,0.2,coverage_0.5,119,0,0,0,0,119
l212-s5-ghanbari-2012,article:l212,material_identity,0.0,0,0.2,coverage_0.75,119,0,0,0,0,119
l212-s5-ghanbari-2012,article:l212,material_identity,0.0,0,0.3,reported_point,119,3,3,0,3,119
l212-s5-ghanbari-2012,article:l212,material_identity,0.0,0,0.3,interval_upper,119,3,0,0,0,119
l212-s5-ghanbari-2012,article:l212,material_identity,0.0,0,0.3,coverage_0.5,119,3,0,0,0,119
l212-s5-ghanbari-2012,article:l212,material_identity,0.0,0,0.3,coverage_0.75,119,3,0,0,0,119
l212-s5-ghanbari-2012,article:l212,material_identity,0.0,0,0.4,reported_point,119,5,5,0,5,119
l212-s5-ghanbari-2012,article:l212,material_identity,0.0,0,0.4,interval_upper,119,5,0,0,0,119
l212-s5-ghanbari-2012,article:l212,material_identity,0.0,0,0.4,coverage_0.5,119,5,0,0,0,119
l212-s5-ghanbari-2012,article:l212,material_identity,0.0,0,0.4,coverage_0.75,119,5,0,0,0,119
l212-s5-ghanbari-2012,article:l212,material_identity,0.0,0,0.5,reported_point,119,8,8,0,8,119
l212-s5-ghanbari-2012,article:l212,material_identity,0.0,0,0.5,interval_upper,119,8,0,0,0,119
l212-s5-ghanbari-2012,article:l212,material_identity,0.0,0,0.5,coverage_0.5,119,8,0,0,0,119
l212-s5-ghanbari-2012,article:l212,material_identity,0.0,0,0.5,coverage_0.75,119,8,0,0,0,119
l212-s5-ghanbari-2012,article:l212,experimental_protocol,0.0,0,0.1,reported_point,119,0,0,0,0,119
l212-s5-ghanbari-2012,article:l212,experimental_protocol,0.0,0,0.1,interval_upper,119,0,0,0,0,119
l212-s5-ghanbari-2012,article:l212,experimental_protocol,0.0,0,0.1,coverage_0.5,119,0,0,0,0,119
l212-s5-ghanbari-2012,article:l212,experimental_protocol,0.0,0,0.1,coverage_0.75,119,0,0,0,0,119
l212-s5-ghanbari-2012,article:l212,experimental_protocol,0.0,0,0.2,reported_point,119,0,0,0,0,119
l212-s5-ghanbari-2012,article:l212,experimental_protocol,0.0,0,0.2,interval_upper,119,0,0,0,0,119
l212-s5-ghanbari-2012,article:l212,experimental_protocol,0.0,0,0.2,coverage_0.5,119,0,0,0,0,119
l212-s5-ghanbari-2012,article:l212,experimental_protocol,0.0,0,0.2,coverage_0.75,119,0,0,0,0,119
l212-s5-ghanbari-2012,article:l212,experimental_protocol,0.0,0,0.3,reported_point,119,0,0,0,0,119
l212-s5-ghanbari-2012,article:l212,experimental_protocol,0.0,0,0.3,interval_upper,119,0,0,0,0,119
l212-s5-ghanbari-2012,article:l212,experimental_protocol,0.0,0,0.3,coverage_0.5,119,0,0,0,0,119
l212-s5-ghanbari-2012,article:l212,experimental_protocol,0.0,0,0.3,coverage_0.75,119,0,0,0,0,119
l212-s5-ghanbari-2012,article:l212,experimental_protocol,0.0,0,0.4,reported_point,119,0,0,0,0,119
l212-s5-ghanbari-2012,article:l212,experimental_protocol,0.0,0,0.4,interval_upper,119,0,0,0,0,119
l212-s5-ghanbari-2012,article:l212,experimental_protocol,0.0,0,0.4,coverage_0.5,119,0,0,0,0,119
l212-s5-ghanbari-2012,article:l212,experimental_protocol,0.0,0,0.4,coverage_0.75,119,0,0,0,0,119
l212-s5-ghanbari-2012,article:l212,experimental_protocol,0.0,0,0.5,reported_point,119,0,0,0,0,119
l212-s5-ghanbari-2012,article:l212,experimental_protocol,0.0,0,0.5,interval_upper,119,0,0,0,0,119
l212-s5-ghanbari-2012,article:l212,experimental_protocol,0.0,0,0.5,coverage_0.5,119,0,0,0,0,119
l212-s5-ghanbari-2012,article:l212,experimental_protocol,0.0,0,0.5,coverage_0.75,119,0,0,0,0,119
l212-s5-ghanbari-2012,article:l212,balanced_instance,0.0,0,0.1,reported_point,119,0,0,0,0,119
l212-s5-ghanbari-2012,article:l212,balanced_instance,0.0,0,0.1,interval_upper,119,0,0,0,0,119
l212-s5-ghanbari-2012,article:l212,balanced_instance,0.0,0,0.1,coverage_0.5,119,0,0,0,0,119
l212-s5-ghanbari-2012,article:l212,balanced_instance,0.0,0,0.1,coverage_0.75,119,0,0,0,0,119
l212-s5-ghanbari-2012,article:l212,balanced_instance,0.0,0,0.2,reported_point,119,0,0,0,0,119
l212-s5-ghanbari-2012,article:l212,balanced_instance,0.0,0,0.2,interval_upper,119,0,0,0,0,119
l212-s5-ghanbari-2012,article:l212,balanced_instance,0.0,0,0.2,coverage_0.5,119,0,0,0,0,119
l212-s5-ghanbari-2012,article:l212,balanced_instance,0.0,0,0.2,coverage_0.75,119,0,0,0,0,119
l212-s5-ghanbari-2012,article:l212,balanced_instance,0.0,0,0.3,reported_point,119,0,0,0,0,119
l212-s5-ghanbari-2012,article:l212,balanced_instance,0.0,0,0.3,interval_upper,119,0,0,0,0,119
l212-s5-ghanbari-2012,article:l212,balanced_instance,0.0,0,0.3,coverage_0.5,119,0,0,0,0,119
l212-s5-ghanbari-2012,article:l212,balanced_instance,0.0,0,0.3,coverage_0.75,119,0,0,0,0,119
l212-s5-ghanbari-2012,article:l212,balanced_instance,0.0,0,0.4,reported_point,119,0,0,0,0,119
l212-s5-ghanbari-2012,article:l212,balanced_instance,0.0,0,0.4,interval_upper,119,0,0,0,0,119
l212-s5-ghanbari-2012,article:l212,balanced_instance,0.0,0,0.4,coverage_0.5,119,0,0,0,0,119
l212-s5-ghanbari-2012,article:l212,balanced_instance,0.0,0,0.4,coverage_0.75,119,0,0,0,0,119
l212-s5-ghanbari-2012,article:l212,balanced_instance,0.0,0,0.5,reported_point,119,0,0,0,0,119
l212-s5-ghanbari-2012,article:l212,balanced_instance,0.0,0,0.5,interval_upper,119,0,0,0,0,119
l212-s5-ghanbari-2012,article:l212,balanced_instance,0.0,0,0.5,coverage_0.5,119,0,0,0,0,119
l212-s5-ghanbari-2012,article:l212,balanced_instance,0.0,0,0.5,coverage_0.75,119,0,0,0,0,119
l324-s6-zhu-2017,article:l324,material_identity,0.0,0,0.1,reported_point,118,0,0,0,0,118
l324-s6-zhu-2017,article:l324,material_identity,0.0,0,0.1,interval_upper,118,0,0,0,0,118
l324-s6-zhu-2017,article:l324,material_identity,0.0,0,0.1,coverage_0.5,118,0,0,0,0,118
l324-s6-zhu-2017,article:l324,material_identity,0.0,0,0.1,coverage_0.75,118,0,0,0,0,118
l324-s6-zhu-2017,article:l324,material_identity,0.0,0,0.2,reported_point,118,0,0,0,0,118
l324-s6-zhu-2017,article:l324,material_identity,0.0,0,0.2,interval_upper,118,0,0,0,0,118
l324-s6-zhu-2017,article:l324,material_identity,0.0,0,0.2,coverage_0.5,118,0,0,0,0,118
l324-s6-zhu-2017,article:l324,material_identity,0.0,0,0.2,coverage_0.75,118,0,0,0,0,118
l324-s6-zhu-2017,article:l324,material_identity,0.0,0,0.3,reported_point,118,0,0,0,0,118
l324-s6-zhu-2017,article:l324,material_identity,0.0,0,0.3,interval_upper,118,0,0,0,0,118
l324-s6-zhu-2017,article:l324,material_identity,0.0,0,0.3,coverage_0.5,118,0,0,0,0,118
l324-s6-zhu-2017,article:l324,material_identity,0.0,0,0.3,coverage_0.75,118,0,0,0,0,118
l324-s6-zhu-2017,article:l324,material_identity,0.0,0,0.4,reported_point,118,1,1,0,1,118
l324-s6-zhu-2017,article:l324,material_identity,0.0,0,0.4,interval_upper,118,1,0,0,0,118
l324-s6-zhu-2017,article:l324,material_identity,0.0,0,0.4,coverage_0.5,118,1,0,0,0,118
l324-s6-zhu-2017,article:l324,material_identity,0.0,0,0.4,coverage_0.75,118,1,0,0,0,118
l324-s6-zhu-2017,article:l324,material_identity,0.0,0,0.5,reported_point,118,11,11,0,11,118
l324-s6-zhu-2017,article:l324,material_identity,0.0,0,0.5,interval_upper,118,11,0,0,0,118
l324-s6-zhu-2017,article:l324,material_identity,0.0,0,0.5,coverage_0.5,118,11,0,0,0,118
l324-s6-zhu-2017,article:l324,material_identity,0.0,0,0.5,coverage_0.75,118,11,0,0,0,118
l324-s6-zhu-2017,article:l324,experimental_protocol,0.0,0,0.1,reported_point,118,0,0,0,0,118
l324-s6-zhu-2017,article:l324,experimental_protocol,0.0,0,0.1,interval_upper,118,0,0,0,0,118
l324-s6-zhu-2017,article:l324,experimental_protocol,0.0,0,0.1,coverage_0.5,118,0,0,0,0,118
l324-s6-zhu-2017,article:l324,experimental_protocol,0.0,0,0.1,coverage_0.75,118,0,0,0,0,118
l324-s6-zhu-2017,article:l324,experimental_protocol,0.0,0,0.2,reported_point,118,0,0,0,0,118
l324-s6-zhu-2017,article:l324,experimental_protocol,0.0,0,0.2,interval_upper,118,0,0,0,0,118
l324-s6-zhu-2017,article:l324,experimental_protocol,0.0,0,0.2,coverage_0.5,118,0,0,0,0,118
l324-s6-zhu-2017,article:l324,experimental_protocol,0.0,0,0.2,coverage_0.75,118,0,0,0,0,118
l324-s6-zhu-2017,article:l324,experimental_protocol,0.0,0,0.3,reported_point,118,0,0,0,0,118
l324-s6-zhu-2017,article:l324,experimental_protocol,0.0,0,0.3,interval_upper,118,0,0,0,0,118
l324-s6-zhu-2017,article:l324,experimental_protocol,0.0,0,0.3,coverage_0.5,118,0,0,0,0,118
l324-s6-zhu-2017,article:l324,experimental_protocol,0.0,0,0.3,coverage_0.75,118,0,0,0,0,118
l324-s6-zhu-2017,article:l324,experimental_protocol,0.0,0,0.4,reported_point,118,2,2,0,2,118
l324-s6-zhu-2017,article:l324,experimental_protocol,0.0,0,0.4,interval_upper,118,2,0,0,0,118
l324-s6-zhu-2017,article:l324,experimental_protocol,0.0,0,0.4,coverage_0.5,118,2,2,0,2,118
l324-s6-zhu-2017,article:l324,experimental_protocol,0.0,0,0.4,coverage_0.75,118,2,0,0,0,118
l324-s6-zhu-2017,article:l324,experimental_protocol,0.0,0,0.5,reported_point,118,8,8,0,8,118
l324-s6-zhu-2017,article:l324,experimental_protocol,0.0,0,0.5,interval_upper,118,8,1,0,1,118
l324-s6-zhu-2017,article:l324,experimental_protocol,0.0,0,0.5,coverage_0.5,118,8,8,0,8,118
l324-s6-zhu-2017,article:l324,experimental_protocol,0.0,0,0.5,coverage_0.75,118,8,0,0,0,118
l324-s6-zhu-2017,article:l324,balanced_instance,0.0,0,0.1,reported_point,118,0,0,0,0,118
l324-s6-zhu-2017,article:l324,balanced_instance,0.0,0,0.1,interval_upper,118,0,0,0,0,118
l324-s6-zhu-2017,article:l324,balanced_instance,0.0,0,0.1,coverage_0.5,118,0,0,0,0,118
l324-s6-zhu-2017,article:l324,balanced_instance,0.0,0,0.1,coverage_0.75,118,0,0,0,0,118
l324-s6-zhu-2017,article:l324,balanced_instance,0.0,0,0.2,reported_point,118,0,0,0,0,118
l324-s6-zhu-2017,article:l324,balanced_instance,0.0,0,0.2,interval_upper,118,0,0,0,0,118
l324-s6-zhu-2017,article:l324,balanced_instance,0.0,0,0.2,coverage_0.5,118,0,0,0,0,118
l324-s6-zhu-2017,article:l324,balanced_instance,0.0,0,0.2,coverage_0.75,118,0,0,0,0,118
l324-s6-zhu-2017,article:l324,balanced_instance,0.0,0,0.3,reported_point,118,0,0,0,0,118
l324-s6-zhu-2017,article:l324,balanced_instance,0.0,0,0.3,interval_upper,118,0,0,0,0,118
l324-s6-zhu-2017,article:l324,balanced_instance,0.0,0,0.3,coverage_0.5,118,0,0,0,0,118
l324-s6-zhu-2017,article:l324,balanced_instance,0.0,0,0.3,coverage_0.75,118,0,0,0,0,118
l324-s6-zhu-2017,article:l324,balanced_instance,0.0,0,0.4,reported_point,118,0,0,0,0,118
l324-s6-zhu-2017,article:l324,balanced_instance,0.0,0,0.4,interval_upper,118,0,0,0,0,118
l324-s6-zhu-2017,article:l324,balanced_instance,0.0,0,0.4,coverage_0.5,118,0,0,0,0,118
l324-s6-zhu-2017,article:l324,balanced_instance,0.0,0,0.4,coverage_0.75,118,0,0,0,0,118
l324-s6-zhu-2017,article:l324,balanced_instance,0.0,0,0.5,reported_point,118,4,4,0,4,118
l324-s6-zhu-2017,article:l324,balanced_instance,0.0,0,0.5,interval_upper,118,4,0,0,0,118
l324-s6-zhu-2017,article:l324,balanced_instance,0.0,0,0.5,coverage_0.5,118,4,4,0,4,118
l324-s6-zhu-2017,article:l324,balanced_instance,0.0,0,0.5,coverage_0.75,118,4,0,0,0,118
l316-s10-chandrasekaran-2013,article:l316,material_identity,0.0,0,0.1,reported_point,117,0,0,0,0,117
l316-s10-chandrasekaran-2013,article:l316,material_identity,0.0,0,0.1,interval_upper,117,0,0,0,0,117
l316-s10-chandrasekaran-2013,article:l316,material_identity,0.0,0,0.1,coverage_0.5,117,0,0,0,0,117
l316-s10-chandrasekaran-2013,article:l316,material_identity,0.0,0,0.1,coverage_0.75,117,0,0,0,0,117
l316-s10-chandrasekaran-2013,article:l316,material_identity,0.0,0,0.2,reported_point,117,0,0,0,0,117
l316-s10-chandrasekaran-2013,article:l316,material_identity,0.0,0,0.2,interval_upper,117,0,0,0,0,117
l316-s10-chandrasekaran-2013,article:l316,material_identity,0.0,0,0.2,coverage_0.5,117,0,0,0,0,117
l316-s10-chandrasekaran-2013,article:l316,material_identity,0.0,0,0.2,coverage_0.75,117,0,0,0,0,117
l316-s10-chandrasekaran-2013,article:l316,material_identity,0.0,0,0.3,reported_point,117,8,8,0,8,117
l316-s10-chandrasekaran-2013,article:l316,material_identity,0.0,0,0.3,interval_upper,117,8,0,0,0,117
l316-s10-chandrasekaran-2013,article:l316,material_identity,0.0,0,0.3,coverage_0.5,117,8,0,0,0,117
l316-s10-chandrasekaran-2013,article:l316,material_identity,0.0,0,0.3,coverage_0.75,117,8,0,0,0,117
l316-s10-chandrasekaran-2013,article:l316,material_identity,0.0,0,0.4,reported_point,117,8,8,0,8,117
l316-s10-chandrasekaran-2013,article:l316,material_identity,0.0,0,0.4,interval_upper,117,8,0,0,0,117
l316-s10-chandrasekaran-2013,article:l316,material_identity,0.0,0,0.4,coverage_0.5,117,8,0,0,0,117
l316-s10-chandrasekaran-2013,article:l316,material_identity,0.0,0,0.4,coverage_0.75,117,8,0,0,0,117
l316-s10-chandrasekaran-2013,article:l316,material_identity,0.0,0,0.5,reported_point,117,11,11,0,11,117
l316-s10-chandrasekaran-2013,article:l316,material_identity,0.0,0,0.5,interval_upper,117,11,0,0,0,117
l316-s10-chandrasekaran-2013,article:l316,material_identity,0.0,0,0.5,coverage_0.5,117,11,0,0,0,117
l316-s10-chandrasekaran-2013,article:l316,material_identity,0.0,0,0.5,coverage_0.75,117,11,0,0,0,117
l316-s10-chandrasekaran-2013,article:l316,experimental_protocol,0.0,0,0.1,reported_point,117,0,0,0,0,117
l316-s10-chandrasekaran-2013,article:l316,experimental_protocol,0.0,0,0.1,interval_upper,117,0,0,0,0,117
l316-s10-chandrasekaran-2013,article:l316,experimental_protocol,0.0,0,0.1,coverage_0.5,117,0,0,0,0,117
l316-s10-chandrasekaran-2013,article:l316,experimental_protocol,0.0,0,0.1,coverage_0.75,117,0,0,0,0,117
l316-s10-chandrasekaran-2013,article:l316,experimental_protocol,0.0,0,0.2,reported_point,117,0,0,0,0,117
l316-s10-chandrasekaran-2013,article:l316,experimental_protocol,0.0,0,0.2,interval_upper,117,0,0,0,0,117
l316-s10-chandrasekaran-2013,article:l316,experimental_protocol,0.0,0,0.2,coverage_0.5,117,0,0,0,0,117
l316-s10-chandrasekaran-2013,article:l316,experimental_protocol,0.0,0,0.2,coverage_0.75,117,0,0,0,0,117
l316-s10-chandrasekaran-2013,article:l316,experimental_protocol,0.0,0,0.3,reported_point,117,1,1,0,1,117
l316-s10-chandrasekaran-2013,article:l316,experimental_protocol,0.0,0,0.3,interval_upper,117,1,0,0,0,117
l316-s10-chandrasekaran-2013,article:l316,experimental_protocol,0.0,0,0.3,coverage_0.5,117,1,1,0,1,117
l316-s10-chandrasekaran-2013,article:l316,experimental_protocol,0.0,0,0.3,coverage_0.75,117,1,0,0,0,117
l316-s10-chandrasekaran-2013,article:l316,experimental_protocol,0.0,0,0.4,reported_point,117,3,3,0,3,117
l316-s10-chandrasekaran-2013,article:l316,experimental_protocol,0.0,0,0.4,interval_upper,117,3,1,0,1,117
l316-s10-chandrasekaran-2013,article:l316,experimental_protocol,0.0,0,0.4,coverage_0.5,117,3,3,0,3,117
l316-s10-chandrasekaran-2013,article:l316,experimental_protocol,0.0,0,0.4,coverage_0.75,117,3,0,0,0,117
l316-s10-chandrasekaran-2013,article:l316,experimental_protocol,0.0,0,0.5,reported_point,117,7,7,0,7,117
l316-s10-chandrasekaran-2013,article:l316,experimental_protocol,0.0,0,0.5,interval_upper,117,7,1,0,1,117
l316-s10-chandrasekaran-2013,article:l316,experimental_protocol,0.0,0,0.5,coverage_0.5,117,7,7,0,7,117
l316-s10-chandrasekaran-2013,article:l316,experimental_protocol,0.0,0,0.5,coverage_0.75,117,7,0,0,0,117
l316-s10-chandrasekaran-2013,article:l316,balanced_instance,0.0,0,0.1,reported_point,117,0,0,0,0,117
l316-s10-chandrasekaran-2013,article:l316,balanced_instance,0.0,0,0.1,interval_upper,117,0,0,0,0,117
l316-s10-chandrasekaran-2013,article:l316,balanced_instance,0.0,0,0.1,coverage_0.5,117,0,0,0,0,117
l316-s10-chandrasekaran-2013,article:l316,balanced_instance,0.0,0,0.1,coverage_0.75,117,0,0,0,0,117
l316-s10-chandrasekaran-2013,article:l316,balanced_instance,0.0,0,0.2,reported_point,117,0,0,0,0,117
l316-s10-chandrasekaran-2013,article:l316,balanced_instance,0.0,0,0.2,interval_upper,117,0,0,0,0,117
l316-s10-chandrasekaran-2013,article:l316,balanced_instance,0.0,0,0.2,coverage_0.5,117,0,0,0,0,117
l316-s10-chandrasekaran-2013,article:l316,balanced_instance,0.0,0,0.2,coverage_0.75,117,0,0,0,0,117
l316-s10-chandrasekaran-2013,article:l316,balanced_instance,0.0,0,0.3,reported_point,117,1,1,0,1,117
l316-s10-chandrasekaran-2013,article:l316,balanced_instance,0.0,0,0.3,interval_upper,117,1,0,0,0,117
l316-s10-chandrasekaran-2013,article:l316,balanced_instance,0.0,0,0.3,coverage_0.5,117,1,1,0,1,117
l316-s10-chandrasekaran-2013,article:l316,balanced_instance,0.0,0,0.3,coverage_0.75,117,1,0,0,0,117
l316-s10-chandrasekaran-2013,article:l316,balanced_instance,0.0,0,0.4,reported_point,117,5,5,0,5,117
l316-s10-chandrasekaran-2013,article:l316,balanced_instance,0.0,0,0.4,interval_upper,117,5,0,0,0,117
l316-s10-chandrasekaran-2013,article:l316,balanced_instance,0.0,0,0.4,coverage_0.5,117,5,5,0,5,117
l316-s10-chandrasekaran-2013,article:l316,balanced_instance,0.0,0,0.4,coverage_0.75,117,5,0,0,0,117
l316-s10-chandrasekaran-2013,article:l316,balanced_instance,0.0,0,0.5,reported_point,117,13,13,0,13,117
l316-s10-chandrasekaran-2013,article:l316,balanced_instance,0.0,0,0.5,interval_upper,117,13,0,0,0,117
l316-s10-chandrasekaran-2013,article:l316,balanced_instance,0.0,0,0.5,coverage_0.5,117,13,13,0,13,117
l316-s10-chandrasekaran-2013,article:l316,balanced_instance,0.0,0,0.5,coverage_0.75,117,13,0,0,0,117
l388-s1-benes-2018,article:l388,material_identity,0.0,0,0.1,reported_point,119,22,22,0,22,119
l388-s1-benes-2018,article:l388,material_identity,0.0,0,0.1,interval_upper,119,22,0,0,0,119
l388-s1-benes-2018,article:l388,material_identity,0.0,0,0.1,coverage_0.5,119,22,0,0,0,119
l388-s1-benes-2018,article:l388,material_identity,0.0,0,0.1,coverage_0.75,119,22,0,0,0,119
l388-s1-benes-2018,article:l388,material_identity,0.0,0,0.2,reported_point,119,22,22,0,22,119
l388-s1-benes-2018,article:l388,material_identity,0.0,0,0.2,interval_upper,119,22,0,0,0,119
l388-s1-benes-2018,article:l388,material_identity,0.0,0,0.2,coverage_0.5,119,22,0,0,0,119
l388-s1-benes-2018,article:l388,material_identity,0.0,0,0.2,coverage_0.75,119,22,0,0,0,119
l388-s1-benes-2018,article:l388,material_identity,0.0,0,0.3,reported_point,119,22,22,0,22,119
l388-s1-benes-2018,article:l388,material_identity,0.0,0,0.3,interval_upper,119,22,0,0,0,119
l388-s1-benes-2018,article:l388,material_identity,0.0,0,0.3,coverage_0.5,119,22,0,0,0,119
l388-s1-benes-2018,article:l388,material_identity,0.0,0,0.3,coverage_0.75,119,22,0,0,0,119
l388-s1-benes-2018,article:l388,material_identity,0.0,0,0.4,reported_point,119,22,22,0,22,119
l388-s1-benes-2018,article:l388,material_identity,0.0,0,0.4,interval_upper,119,22,0,0,0,119
l388-s1-benes-2018,article:l388,material_identity,0.0,0,0.4,coverage_0.5,119,22,0,0,0,119
l388-s1-benes-2018,article:l388,material_identity,0.0,0,0.4,coverage_0.75,119,22,0,0,0,119
l388-s1-benes-2018,article:l388,material_identity,0.0,0,0.5,reported_point,119,23,23,0,23,119
l388-s1-benes-2018,article:l388,material_identity,0.0,0,0.5,interval_upper,119,23,0,0,0,119
l388-s1-benes-2018,article:l388,material_identity,0.0,0,0.5,coverage_0.5,119,23,0,0,0,119
l388-s1-benes-2018,article:l388,material_identity,0.0,0,0.5,coverage_0.75,119,23,0,0,0,119
l388-s1-benes-2018,article:l388,experimental_protocol,0.0,0,0.1,reported_point,119,0,0,0,0,119
l388-s1-benes-2018,article:l388,experimental_protocol,0.0,0,0.1,interval_upper,119,0,0,0,0,119
l388-s1-benes-2018,article:l388,experimental_protocol,0.0,0,0.1,coverage_0.5,119,0,0,0,0,119
l388-s1-benes-2018,article:l388,experimental_protocol,0.0,0,0.1,coverage_0.75,119,0,0,0,0,119
l388-s1-benes-2018,article:l388,experimental_protocol,0.0,0,0.2,reported_point,119,0,0,0,0,119
l388-s1-benes-2018,article:l388,experimental_protocol,0.0,0,0.2,interval_upper,119,0,0,0,0,119
l388-s1-benes-2018,article:l388,experimental_protocol,0.0,0,0.2,coverage_0.5,119,0,0,0,0,119
l388-s1-benes-2018,article:l388,experimental_protocol,0.0,0,0.2,coverage_0.75,119,0,0,0,0,119
l388-s1-benes-2018,article:l388,experimental_protocol,0.0,0,0.3,reported_point,119,0,0,0,0,119
l388-s1-benes-2018,article:l388,experimental_protocol,0.0,0,0.3,interval_upper,119,0,0,0,0,119
l388-s1-benes-2018,article:l388,experimental_protocol,0.0,0,0.3,coverage_0.5,119,0,0,0,0,119
l388-s1-benes-2018,article:l388,experimental_protocol,0.0,0,0.3,coverage_0.75,119,0,0,0,0,119
l388-s1-benes-2018,article:l388,experimental_protocol,0.0,0,0.4,reported_point,119,0,0,0,0,119
l388-s1-benes-2018,article:l388,experimental_protocol,0.0,0,0.4,interval_upper,119,0,0,0,0,119
l388-s1-benes-2018,article:l388,experimental_protocol,0.0,0,0.4,coverage_0.5,119,0,0,0,0,119
l388-s1-benes-2018,article:l388,experimental_protocol,0.0,0,0.4,coverage_0.75,119,0,0,0,0,119
l388-s1-benes-2018,article:l388,experimental_protocol,0.0,0,0.5,reported_point,119,0,0,0,0,119
l388-s1-benes-2018,article:l388,experimental_protocol,0.0,0,0.5,interval_upper,119,0,0,0,0,119
l388-s1-benes-2018,article:l388,experimental_protocol,0.0,0,0.5,coverage_0.5,119,0,0,0,0,119
l388-s1-benes-2018,article:l388,experimental_protocol,0.0,0,0.5,coverage_0.75,119,0,0,0,0,119
l388-s1-benes-2018,article:l388,balanced_instance,0.0,0,0.1,reported_point,119,0,0,0,0,119
l388-s1-benes-2018,article:l388,balanced_instance,0.0,0,0.1,interval_upper,119,0,0,0,0,119
l388-s1-benes-2018,article:l388,balanced_instance,0.0,0,0.1,coverage_0.5,119,0,0,0,0,119
l388-s1-benes-2018,article:l388,balanced_instance,0.0,0,0.1,coverage_0.75,119,0,0,0,0,119
l388-s1-benes-2018,article:l388,balanced_instance,0.0,0,0.2,reported_point,119,0,0,0,0,119
l388-s1-benes-2018,article:l388,balanced_instance,0.0,0,0.2,interval_upper,119,0,0,0,0,119
l388-s1-benes-2018,article:l388,balanced_instance,0.0,0,0.2,coverage_0.5,119,0,0,0,0,119
l388-s1-benes-2018,article:l388,balanced_instance,0.0,0,0.2,coverage_0.75,119,0,0,0,0,119
l388-s1-benes-2018,article:l388,balanced_instance,0.0,0,0.3,reported_point,119,0,0,0,0,119
l388-s1-benes-2018,article:l388,balanced_instance,0.0,0,0.3,interval_upper,119,0,0,0,0,119
l388-s1-benes-2018,article:l388,balanced_instance,0.0,0,0.3,coverage_0.5,119,0,0,0,0,119
l388-s1-benes-2018,article:l388,balanced_instance,0.0,0,0.3,coverage_0.75,119,0,0,0,0,119
l388-s1-benes-2018,article:l388,balanced_instance,0.0,0,0.4,reported_point,119,0,0,0,0,119
l388-s1-benes-2018,article:l388,balanced_instance,0.0,0,0.4,interval_upper,119,0,0,0,0,119
l388-s1-benes-2018,article:l388,balanced_instance,0.0,0,0.4,coverage_0.5,119,0,0,0,0,119
l388-s1-benes-2018,article:l388,balanced_instance,0.0,0,0.4,coverage_0.75,119,0,0,0,0,119
l388-s1-benes-2018,article:l388,balanced_instance,0.0,0,0.5,reported_point,119,6,6,0,6,119
l388-s1-benes-2018,article:l388,balanced_instance,0.0,0,0.5,interval_upper,119,6,0,0,0,119
l388-s1-benes-2018,article:l388,balanced_instance,0.0,0,0.5,coverage_0.5,119,6,0,0,0,119
l388-s1-benes-2018,article:l388,balanced_instance,0.0,0,0.5,coverage_0.75,119,6,0,0,0,119
l318-s4-patsidis-2014,article:l318,material_identity,0.0,0,0.1,reported_point,118,4,4,0,4,118
l318-s4-patsidis-2014,article:l318,material_identity,0.0,0,0.1,interval_upper,118,4,0,0,0,118
l318-s4-patsidis-2014,article:l318,material_identity,0.0,0,0.1,coverage_0.5,118,4,0,0,0,118
l318-s4-patsidis-2014,article:l318,material_identity,0.0,0,0.1,coverage_0.75,118,4,0,0,0,118
l318-s4-patsidis-2014,article:l318,material_identity,0.0,0,0.2,reported_point,118,4,4,0,4,118
l318-s4-patsidis-2014,article:l318,material_identity,0.0,0,0.2,interval_upper,118,4,0,0,0,118
l318-s4-patsidis-2014,article:l318,material_identity,0.0,0,0.2,coverage_0.5,118,4,0,0,0,118
l318-s4-patsidis-2014,article:l318,material_identity,0.0,0,0.2,coverage_0.75,118,4,0,0,0,118
l318-s4-patsidis-2014,article:l318,material_identity,0.0,0,0.3,reported_point,118,7,7,0,7,118
l318-s4-patsidis-2014,article:l318,material_identity,0.0,0,0.3,interval_upper,118,7,0,0,0,118
l318-s4-patsidis-2014,article:l318,material_identity,0.0,0,0.3,coverage_0.5,118,7,0,0,0,118
l318-s4-patsidis-2014,article:l318,material_identity,0.0,0,0.3,coverage_0.75,118,7,0,0,0,118
l318-s4-patsidis-2014,article:l318,material_identity,0.0,0,0.4,reported_point,118,16,16,0,16,118
l318-s4-patsidis-2014,article:l318,material_identity,0.0,0,0.4,interval_upper,118,16,0,0,0,118
l318-s4-patsidis-2014,article:l318,material_identity,0.0,0,0.4,coverage_0.5,118,16,0,0,0,118
l318-s4-patsidis-2014,article:l318,material_identity,0.0,0,0.4,coverage_0.75,118,16,0,0,0,118
l318-s4-patsidis-2014,article:l318,material_identity,0.0,0,0.5,reported_point,118,22,22,0,22,118
l318-s4-patsidis-2014,article:l318,material_identity,0.0,0,0.5,interval_upper,118,22,0,0,0,118
l318-s4-patsidis-2014,article:l318,material_identity,0.0,0,0.5,coverage_0.5,118,22,0,0,0,118
l318-s4-patsidis-2014,article:l318,material_identity,0.0,0,0.5,coverage_0.75,118,22,0,0,0,118
l318-s4-patsidis-2014,article:l318,experimental_protocol,0.0,0,0.1,reported_point,118,0,0,0,0,118
l318-s4-patsidis-2014,article:l318,experimental_protocol,0.0,0,0.1,interval_upper,118,0,0,0,0,118
l318-s4-patsidis-2014,article:l318,experimental_protocol,0.0,0,0.1,coverage_0.5,118,0,0,0,0,118
l318-s4-patsidis-2014,article:l318,experimental_protocol,0.0,0,0.1,coverage_0.75,118,0,0,0,0,118
l318-s4-patsidis-2014,article:l318,experimental_protocol,0.0,0,0.2,reported_point,118,0,0,0,0,118
l318-s4-patsidis-2014,article:l318,experimental_protocol,0.0,0,0.2,interval_upper,118,0,0,0,0,118
l318-s4-patsidis-2014,article:l318,experimental_protocol,0.0,0,0.2,coverage_0.5,118,0,0,0,0,118
l318-s4-patsidis-2014,article:l318,experimental_protocol,0.0,0,0.2,coverage_0.75,118,0,0,0,0,118
l318-s4-patsidis-2014,article:l318,experimental_protocol,0.0,0,0.3,reported_point,118,3,3,0,3,118
l318-s4-patsidis-2014,article:l318,experimental_protocol,0.0,0,0.3,interval_upper,118,3,0,0,0,118
l318-s4-patsidis-2014,article:l318,experimental_protocol,0.0,0,0.3,coverage_0.5,118,3,3,0,3,118
l318-s4-patsidis-2014,article:l318,experimental_protocol,0.0,0,0.3,coverage_0.75,118,3,0,0,0,118
l318-s4-patsidis-2014,article:l318,experimental_protocol,0.0,0,0.4,reported_point,118,4,4,0,4,118
l318-s4-patsidis-2014,article:l318,experimental_protocol,0.0,0,0.4,interval_upper,118,4,1,0,1,118
l318-s4-patsidis-2014,article:l318,experimental_protocol,0.0,0,0.4,coverage_0.5,118,4,4,0,4,118
l318-s4-patsidis-2014,article:l318,experimental_protocol,0.0,0,0.4,coverage_0.75,118,4,0,0,0,118
l318-s4-patsidis-2014,article:l318,experimental_protocol,0.0,0,0.5,reported_point,118,7,7,0,7,118
l318-s4-patsidis-2014,article:l318,experimental_protocol,0.0,0,0.5,interval_upper,118,7,4,0,4,118
l318-s4-patsidis-2014,article:l318,experimental_protocol,0.0,0,0.5,coverage_0.5,118,7,7,0,7,118
l318-s4-patsidis-2014,article:l318,experimental_protocol,0.0,0,0.5,coverage_0.75,118,7,0,0,0,118
l318-s4-patsidis-2014,article:l318,balanced_instance,0.0,0,0.1,reported_point,118,0,0,0,0,118
l318-s4-patsidis-2014,article:l318,balanced_instance,0.0,0,0.1,interval_upper,118,0,0,0,0,118
l318-s4-patsidis-2014,article:l318,balanced_instance,0.0,0,0.1,coverage_0.5,118,0,0,0,0,118
l318-s4-patsidis-2014,article:l318,balanced_instance,0.0,0,0.1,coverage_0.75,118,0,0,0,0,118
l318-s4-patsidis-2014,article:l318,balanced_instance,0.0,0,0.2,reported_point,118,1,1,0,1,118
l318-s4-patsidis-2014,article:l318,balanced_instance,0.0,0,0.2,interval_upper,118,1,0,0,0,118
l318-s4-patsidis-2014,article:l318,balanced_instance,0.0,0,0.2,coverage_0.5,118,1,0,0,0,118
l318-s4-patsidis-2014,article:l318,balanced_instance,0.0,0,0.2,coverage_0.75,118,1,0,0,0,118
l318-s4-patsidis-2014,article:l318,balanced_instance,0.0,0,0.3,reported_point,118,2,2,0,2,118
l318-s4-patsidis-2014,article:l318,balanced_instance,0.0,0,0.3,interval_upper,118,2,0,0,0,118
l318-s4-patsidis-2014,article:l318,balanced_instance,0.0,0,0.3,coverage_0.5,118,2,1,0,1,118
l318-s4-patsidis-2014,article:l318,balanced_instance,0.0,0,0.3,coverage_0.75,118,2,0,0,0,118
l318-s4-patsidis-2014,article:l318,balanced_instance,0.0,0,0.4,reported_point,118,5,5,0,5,118
l318-s4-patsidis-2014,article:l318,balanced_instance,0.0,0,0.4,interval_upper,118,5,0,0,0,118
l318-s4-patsidis-2014,article:l318,balanced_instance,0.0,0,0.4,coverage_0.5,118,5,3,0,3,118
l318-s4-patsidis-2014,article:l318,balanced_instance,0.0,0,0.4,coverage_0.75,118,5,0,0,0,118
l318-s4-patsidis-2014,article:l318,balanced_instance,0.0,0,0.5,reported_point,118,12,12,0,12,118
l318-s4-patsidis-2014,article:l318,balanced_instance,0.0,0,0.5,interval_upper,118,12,0,0,0,118
l318-s4-patsidis-2014,article:l318,balanced_instance,0.0,0,0.5,coverage_0.5,118,12,9,0,9,118
l318-s4-patsidis-2014,article:l318,balanced_instance,0.0,0,0.5,coverage_0.75,118,12,0,0,0,118
l285-s3-pham-2012,article:l285,material_identity,0.0,0,0.1,reported_point,118,3,3,0,3,118
l285-s3-pham-2012,article:l285,material_identity,0.0,0,0.1,interval_upper,118,3,0,0,0,118
l285-s3-pham-2012,article:l285,material_identity,0.0,0,0.1,coverage_0.5,118,3,0,0,0,118
l285-s3-pham-2012,article:l285,material_identity,0.0,0,0.1,coverage_0.75,118,3,0,0,0,118
l285-s3-pham-2012,article:l285,material_identity,0.0,0,0.2,reported_point,118,3,3,0,3,118
l285-s3-pham-2012,article:l285,material_identity,0.0,0,0.2,interval_upper,118,3,0,0,0,118
l285-s3-pham-2012,article:l285,material_identity,0.0,0,0.2,coverage_0.5,118,3,0,0,0,118
l285-s3-pham-2012,article:l285,material_identity,0.0,0,0.2,coverage_0.75,118,3,0,0,0,118
l285-s3-pham-2012,article:l285,material_identity,0.0,0,0.3,reported_point,118,15,15,0,15,118
l285-s3-pham-2012,article:l285,material_identity,0.0,0,0.3,interval_upper,118,15,0,0,0,118
l285-s3-pham-2012,article:l285,material_identity,0.0,0,0.3,coverage_0.5,118,15,0,0,0,118
l285-s3-pham-2012,article:l285,material_identity,0.0,0,0.3,coverage_0.75,118,15,0,0,0,118
l285-s3-pham-2012,article:l285,material_identity,0.0,0,0.4,reported_point,118,17,17,0,17,118
l285-s3-pham-2012,article:l285,material_identity,0.0,0,0.4,interval_upper,118,17,0,0,0,118
l285-s3-pham-2012,article:l285,material_identity,0.0,0,0.4,coverage_0.5,118,17,0,0,0,118
l285-s3-pham-2012,article:l285,material_identity,0.0,0,0.4,coverage_0.75,118,17,0,0,0,118
l285-s3-pham-2012,article:l285,material_identity,0.0,0,0.5,reported_point,118,18,18,0,18,118
l285-s3-pham-2012,article:l285,material_identity,0.0,0,0.5,interval_upper,118,18,0,0,0,118
l285-s3-pham-2012,article:l285,material_identity,0.0,0,0.5,coverage_0.5,118,18,0,0,0,118
l285-s3-pham-2012,article:l285,material_identity,0.0,0,0.5,coverage_0.75,118,18,0,0,0,118
l285-s3-pham-2012,article:l285,experimental_protocol,0.0,0,0.1,reported_point,118,0,0,0,0,118
l285-s3-pham-2012,article:l285,experimental_protocol,0.0,0,0.1,interval_upper,118,0,0,0,0,118
l285-s3-pham-2012,article:l285,experimental_protocol,0.0,0,0.1,coverage_0.5,118,0,0,0,0,118
l285-s3-pham-2012,article:l285,experimental_protocol,0.0,0,0.1,coverage_0.75,118,0,0,0,0,118
l285-s3-pham-2012,article:l285,experimental_protocol,0.0,0,0.2,reported_point,118,0,0,0,0,118
l285-s3-pham-2012,article:l285,experimental_protocol,0.0,0,0.2,interval_upper,118,0,0,0,0,118
l285-s3-pham-2012,article:l285,experimental_protocol,0.0,0,0.2,coverage_0.5,118,0,0,0,0,118
l285-s3-pham-2012,article:l285,experimental_protocol,0.0,0,0.2,coverage_0.75,118,0,0,0,0,118
l285-s3-pham-2012,article:l285,experimental_protocol,0.0,0,0.3,reported_point,118,0,0,0,0,118
l285-s3-pham-2012,article:l285,experimental_protocol,0.0,0,0.3,interval_upper,118,0,0,0,0,118
l285-s3-pham-2012,article:l285,experimental_protocol,0.0,0,0.3,coverage_0.5,118,0,0,0,0,118
l285-s3-pham-2012,article:l285,experimental_protocol,0.0,0,0.3,coverage_0.75,118,0,0,0,0,118
l285-s3-pham-2012,article:l285,experimental_protocol,0.0,0,0.4,reported_point,118,0,0,0,0,118
l285-s3-pham-2012,article:l285,experimental_protocol,0.0,0,0.4,interval_upper,118,0,0,0,0,118
l285-s3-pham-2012,article:l285,experimental_protocol,0.0,0,0.4,coverage_0.5,118,0,0,0,0,118
l285-s3-pham-2012,article:l285,experimental_protocol,0.0,0,0.4,coverage_0.75,118,0,0,0,0,118
l285-s3-pham-2012,article:l285,experimental_protocol,0.0,0,0.5,reported_point,118,0,0,0,0,118
l285-s3-pham-2012,article:l285,experimental_protocol,0.0,0,0.5,interval_upper,118,0,0,0,0,118
l285-s3-pham-2012,article:l285,experimental_protocol,0.0,0,0.5,coverage_0.5,118,0,0,0,0,118
l285-s3-pham-2012,article:l285,experimental_protocol,0.0,0,0.5,coverage_0.75,118,0,0,0,0,118
l285-s3-pham-2012,article:l285,balanced_instance,0.0,0,0.1,reported_point,118,0,0,0,0,118
l285-s3-pham-2012,article:l285,balanced_instance,0.0,0,0.1,interval_upper,118,0,0,0,0,118
l285-s3-pham-2012,article:l285,balanced_instance,0.0,0,0.1,coverage_0.5,118,0,0,0,0,118
l285-s3-pham-2012,article:l285,balanced_instance,0.0,0,0.1,coverage_0.75,118,0,0,0,0,118
l285-s3-pham-2012,article:l285,balanced_instance,0.0,0,0.2,reported_point,118,0,0,0,0,118
l285-s3-pham-2012,article:l285,balanced_instance,0.0,0,0.2,interval_upper,118,0,0,0,0,118
l285-s3-pham-2012,article:l285,balanced_instance,0.0,0,0.2,coverage_0.5,118,0,0,0,0,118
l285-s3-pham-2012,article:l285,balanced_instance,0.0,0,0.2,coverage_0.75,118,0,0,0,0,118
l285-s3-pham-2012,article:l285,balanced_instance,0.0,0,0.3,reported_point,118,0,0,0,0,118
l285-s3-pham-2012,article:l285,balanced_instance,0.0,0,0.3,interval_upper,118,0,0,0,0,118
l285-s3-pham-2012,article:l285,balanced_instance,0.0,0,0.3,coverage_0.5,118,0,0,0,0,118
l285-s3-pham-2012,article:l285,balanced_instance,0.0,0,0.3,coverage_0.75,118,0,0,0,0,118
l285-s3-pham-2012,article:l285,balanced_instance,0.0,0,0.4,reported_point,118,0,0,0,0,118
l285-s3-pham-2012,article:l285,balanced_instance,0.0,0,0.4,interval_upper,118,0,0,0,0,118
l285-s3-pham-2012,article:l285,balanced_instance,0.0,0,0.4,coverage_0.5,118,0,0,0,0,118
l285-s3-pham-2012,article:l285,balanced_instance,0.0,0,0.4,coverage_0.75,118,0,0,0,0,118
l285-s3-pham-2012,article:l285,balanced_instance,0.0,0,0.5,reported_point,118,3,3,0,3,118
l285-s3-pham-2012,article:l285,balanced_instance,0.0,0,0.5,interval_upper,118,3,0,0,0,118
l285-s3-pham-2012,article:l285,balanced_instance,0.0,0,0.5,coverage_0.5,118,3,0,0,0,118
l285-s3-pham-2012,article:l285,balanced_instance,0.0,0,0.5,coverage_0.75,118,3,0,0,0,118
l285-s1-pham-2012,article:l285,material_identity,0.0,0,0.1,reported_point,118,19,19,0,19,118
l285-s1-pham-2012,article:l285,material_identity,0.0,0,0.1,interval_upper,118,19,0,0,0,118
l285-s1-pham-2012,article:l285,material_identity,0.0,0,0.1,coverage_0.5,118,19,0,0,0,118
l285-s1-pham-2012,article:l285,material_identity,0.0,0,0.1,coverage_0.75,118,19,0,0,0,118
l285-s1-pham-2012,article:l285,material_identity,0.0,0,0.2,reported_point,118,19,19,0,19,118
l285-s1-pham-2012,article:l285,material_identity,0.0,0,0.2,interval_upper,118,19,0,0,0,118
l285-s1-pham-2012,article:l285,material_identity,0.0,0,0.2,coverage_0.5,118,19,0,0,0,118
l285-s1-pham-2012,article:l285,material_identity,0.0,0,0.2,coverage_0.75,118,19,0,0,0,118
l285-s1-pham-2012,article:l285,material_identity,0.0,0,0.3,reported_point,118,19,19,0,19,118
l285-s1-pham-2012,article:l285,material_identity,0.0,0,0.3,interval_upper,118,19,0,0,0,118
l285-s1-pham-2012,article:l285,material_identity,0.0,0,0.3,coverage_0.5,118,19,0,0,0,118
l285-s1-pham-2012,article:l285,material_identity,0.0,0,0.3,coverage_0.75,118,19,0,0,0,118
l285-s1-pham-2012,article:l285,material_identity,0.0,0,0.4,reported_point,118,19,19,0,19,118
l285-s1-pham-2012,article:l285,material_identity,0.0,0,0.4,interval_upper,118,19,0,0,0,118
l285-s1-pham-2012,article:l285,material_identity,0.0,0,0.4,coverage_0.5,118,19,0,0,0,118
l285-s1-pham-2012,article:l285,material_identity,0.0,0,0.4,coverage_0.75,118,19,0,0,0,118
l285-s1-pham-2012,article:l285,material_identity,0.0,0,0.5,reported_point,118,19,19,0,19,118
l285-s1-pham-2012,article:l285,material_identity,0.0,0,0.5,interval_upper,118,19,0,0,0,118
l285-s1-pham-2012,article:l285,material_identity,0.0,0,0.5,coverage_0.5,118,19,0,0,0,118
l285-s1-pham-2012,article:l285,material_identity,0.0,0,0.5,coverage_0.75,118,19,0,0,0,118
l285-s1-pham-2012,article:l285,experimental_protocol,0.0,0,0.1,reported_point,118,0,0,0,0,118
l285-s1-pham-2012,article:l285,experimental_protocol,0.0,0,0.1,interval_upper,118,0,0,0,0,118
l285-s1-pham-2012,article:l285,experimental_protocol,0.0,0,0.1,coverage_0.5,118,0,0,0,0,118
l285-s1-pham-2012,article:l285,experimental_protocol,0.0,0,0.1,coverage_0.75,118,0,0,0,0,118
l285-s1-pham-2012,article:l285,experimental_protocol,0.0,0,0.2,reported_point,118,0,0,0,0,118
l285-s1-pham-2012,article:l285,experimental_protocol,0.0,0,0.2,interval_upper,118,0,0,0,0,118
l285-s1-pham-2012,article:l285,experimental_protocol,0.0,0,0.2,coverage_0.5,118,0,0,0,0,118
l285-s1-pham-2012,article:l285,experimental_protocol,0.0,0,0.2,coverage_0.75,118,0,0,0,0,118
l285-s1-pham-2012,article:l285,experimental_protocol,0.0,0,0.3,reported_point,118,0,0,0,0,118
l285-s1-pham-2012,article:l285,experimental_protocol,0.0,0,0.3,interval_upper,118,0,0,0,0,118
l285-s1-pham-2012,article:l285,experimental_protocol,0.0,0,0.3,coverage_0.5,118,0,0,0,0,118
l285-s1-pham-2012,article:l285,experimental_protocol,0.0,0,0.3,coverage_0.75,118,0,0,0,0,118
l285-s1-pham-2012,article:l285,experimental_protocol,0.0,0,0.4,reported_point,118,0,0,0,0,118
l285-s1-pham-2012,article:l285,experimental_protocol,0.0,0,0.4,interval_upper,118,0,0,0,0,118
l285-s1-pham-2012,article:l285,experimental_protocol,0.0,0,0.4,coverage_0.5,118,0,0,0,0,118
l285-s1-pham-2012,article:l285,experimental_protocol,0.0,0,0.4,coverage_0.75,118,0,0,0,0,118
l285-s1-pham-2012,article:l285,experimental_protocol,0.0,0,0.5,reported_point,118,0,0,0,0,118
l285-s1-pham-2012,article:l285,experimental_protocol,0.0,0,0.5,interval_upper,118,0,0,0,0,118
l285-s1-pham-2012,article:l285,experimental_protocol,0.0,0,0.5,coverage_0.5,118,0,0,0,0,118
l285-s1-pham-2012,article:l285,experimental_protocol,0.0,0,0.5,coverage_0.75,118,0,0,0,0,118
l285-s1-pham-2012,article:l285,balanced_instance,0.0,0,0.1,reported_point,118,0,0,0,0,118
l285-s1-pham-2012,article:l285,balanced_instance,0.0,0,0.1,interval_upper,118,0,0,0,0,118
l285-s1-pham-2012,article:l285,balanced_instance,0.0,0,0.1,coverage_0.5,118,0,0,0,0,118
l285-s1-pham-2012,article:l285,balanced_instance,0.0,0,0.1,coverage_0.75,118,0,0,0,0,118
l285-s1-pham-2012,article:l285,balanced_instance,0.0,0,0.2,reported_point,118,0,0,0,0,118
l285-s1-pham-2012,article:l285,balanced_instance,0.0,0,0.2,interval_upper,118,0,0,0,0,118
l285-s1-pham-2012,article:l285,balanced_instance,0.0,0,0.2,coverage_0.5,118,0,0,0,0,118
l285-s1-pham-2012,article:l285,balanced_instance,0.0,0,0.2,coverage_0.75,118,0,0,0,0,118
l285-s1-pham-2012,article:l285,balanced_instance,0.0,0,0.3,reported_point,118,0,0,0,0,118
l285-s1-pham-2012,article:l285,balanced_instance,0.0,0,0.3,interval_upper,118,0,0,0,0,118
l285-s1-pham-2012,article:l285,balanced_instance,0.0,0,0.3,coverage_0.5,118,0,0,0,0,118
l285-s1-pham-2012,article:l285,balanced_instance,0.0,0,0.3,coverage_0.75,118,0,0,0,0,118
l285-s1-pham-2012,article:l285,balanced_instance,0.0,0,0.4,reported_point,118,0,0,0,0,118
l285-s1-pham-2012,article:l285,balanced_instance,0.0,0,0.4,interval_upper,118,0,0,0,0,118
l285-s1-pham-2012,article:l285,balanced_instance,0.0,0,0.4,coverage_0.5,118,0,0,0,0,118
l285-s1-pham-2012,article:l285,balanced_instance,0.0,0,0.4,coverage_0.75,118,0,0,0,0,118
l285-s1-pham-2012,article:l285,balanced_instance,0.0,0,0.5,reported_point,118,4,4,0,4,118
l285-s1-pham-2012,article:l285,balanced_instance,0.0,0,0.5,interval_upper,118,4,0,0,0,118
l285-s1-pham-2012,article:l285,balanced_instance,0.0,0,0.5,coverage_0.5,118,4,0,0,0,118
l285-s1-pham-2012,article:l285,balanced_instance,0.0,0,0.5,coverage_0.75,118,4,0,0,0,118
l276-s3-huang-2009,article:l276,material_identity,0.0,0,0.1,reported_point,118,0,0,0,0,118
l276-s3-huang-2009,article:l276,material_identity,0.0,0,0.1,interval_upper,118,0,0,0,0,118
l276-s3-huang-2009,article:l276,material_identity,0.0,0,0.1,coverage_0.5,118,0,0,0,0,118
l276-s3-huang-2009,article:l276,material_identity,0.0,0,0.1,coverage_0.75,118,0,0,0,0,118
l276-s3-huang-2009,article:l276,material_identity,0.0,0,0.2,reported_point,118,0,0,0,0,118
l276-s3-huang-2009,article:l276,material_identity,0.0,0,0.2,interval_upper,118,0,0,0,0,118
l276-s3-huang-2009,article:l276,material_identity,0.0,0,0.2,coverage_0.5,118,0,0,0,0,118
l276-s3-huang-2009,article:l276,material_identity,0.0,0,0.2,coverage_0.75,118,0,0,0,0,118
l276-s3-huang-2009,article:l276,material_identity,0.0,0,0.3,reported_point,118,4,4,0,4,118
l276-s3-huang-2009,article:l276,material_identity,0.0,0,0.3,interval_upper,118,4,0,0,0,118
l276-s3-huang-2009,article:l276,material_identity,0.0,0,0.3,coverage_0.5,118,4,0,0,0,118
l276-s3-huang-2009,article:l276,material_identity,0.0,0,0.3,coverage_0.75,118,4,0,0,0,118
l276-s3-huang-2009,article:l276,material_identity,0.0,0,0.4,reported_point,118,5,5,0,5,118
l276-s3-huang-2009,article:l276,material_identity,0.0,0,0.4,interval_upper,118,5,0,0,0,118
l276-s3-huang-2009,article:l276,material_identity,0.0,0,0.4,coverage_0.5,118,5,0,0,0,118
l276-s3-huang-2009,article:l276,material_identity,0.0,0,0.4,coverage_0.75,118,5,0,0,0,118
l276-s3-huang-2009,article:l276,material_identity,0.0,0,0.5,reported_point,118,6,6,0,6,118
l276-s3-huang-2009,article:l276,material_identity,0.0,0,0.5,interval_upper,118,6,0,0,0,118
l276-s3-huang-2009,article:l276,material_identity,0.0,0,0.5,coverage_0.5,118,6,0,0,0,118
l276-s3-huang-2009,article:l276,material_identity,0.0,0,0.5,coverage_0.75,118,6,0,0,0,118
l276-s3-huang-2009,article:l276,experimental_protocol,0.0,0,0.1,reported_point,118,0,0,0,0,118
l276-s3-huang-2009,article:l276,experimental_protocol,0.0,0,0.1,interval_upper,118,0,0,0,0,118
l276-s3-huang-2009,article:l276,experimental_protocol,0.0,0,0.1,coverage_0.5,118,0,0,0,0,118
l276-s3-huang-2009,article:l276,experimental_protocol,0.0,0,0.1,coverage_0.75,118,0,0,0,0,118
l276-s3-huang-2009,article:l276,experimental_protocol,0.0,0,0.2,reported_point,118,0,0,0,0,118
l276-s3-huang-2009,article:l276,experimental_protocol,0.0,0,0.2,interval_upper,118,0,0,0,0,118
l276-s3-huang-2009,article:l276,experimental_protocol,0.0,0,0.2,coverage_0.5,118,0,0,0,0,118
l276-s3-huang-2009,article:l276,experimental_protocol,0.0,0,0.2,coverage_0.75,118,0,0,0,0,118
l276-s3-huang-2009,article:l276,experimental_protocol,0.0,0,0.3,reported_point,118,0,0,0,0,118
l276-s3-huang-2009,article:l276,experimental_protocol,0.0,0,0.3,interval_upper,118,0,0,0,0,118
l276-s3-huang-2009,article:l276,experimental_protocol,0.0,0,0.3,coverage_0.5,118,0,0,0,0,118
l276-s3-huang-2009,article:l276,experimental_protocol,0.0,0,0.3,coverage_0.75,118,0,0,0,0,118
l276-s3-huang-2009,article:l276,experimental_protocol,0.0,0,0.4,reported_point,118,1,1,0,1,118
l276-s3-huang-2009,article:l276,experimental_protocol,0.0,0,0.4,interval_upper,118,1,0,0,0,118
l276-s3-huang-2009,article:l276,experimental_protocol,0.0,0,0.4,coverage_0.5,118,1,1,0,1,118
l276-s3-huang-2009,article:l276,experimental_protocol,0.0,0,0.4,coverage_0.75,118,1,0,0,0,118
l276-s3-huang-2009,article:l276,experimental_protocol,0.0,0,0.5,reported_point,118,1,1,0,1,118
l276-s3-huang-2009,article:l276,experimental_protocol,0.0,0,0.5,interval_upper,118,1,0,0,0,118
l276-s3-huang-2009,article:l276,experimental_protocol,0.0,0,0.5,coverage_0.5,118,1,1,0,1,118
l276-s3-huang-2009,article:l276,experimental_protocol,0.0,0,0.5,coverage_0.75,118,1,0,0,0,118
l276-s3-huang-2009,article:l276,balanced_instance,0.0,0,0.1,reported_point,118,0,0,0,0,118
l276-s3-huang-2009,article:l276,balanced_instance,0.0,0,0.1,interval_upper,118,0,0,0,0,118
l276-s3-huang-2009,article:l276,balanced_instance,0.0,0,0.1,coverage_0.5,118,0,0,0,0,118
l276-s3-huang-2009,article:l276,balanced_instance,0.0,0,0.1,coverage_0.75,118,0,0,0,0,118
l276-s3-huang-2009,article:l276,balanced_instance,0.0,0,0.2,reported_point,118,0,0,0,0,118
l276-s3-huang-2009,article:l276,balanced_instance,0.0,0,0.2,interval_upper,118,0,0,0,0,118
l276-s3-huang-2009,article:l276,balanced_instance,0.0,0,0.2,coverage_0.5,118,0,0,0,0,118
l276-s3-huang-2009,article:l276,balanced_instance,0.0,0,0.2,coverage_0.75,118,0,0,0,0,118
l276-s3-huang-2009,article:l276,balanced_instance,0.0,0,0.3,reported_point,118,0,0,0,0,118
l276-s3-huang-2009,article:l276,balanced_instance,0.0,0,0.3,interval_upper,118,0,0,0,0,118
l276-s3-huang-2009,article:l276,balanced_instance,0.0,0,0.3,coverage_0.5,118,0,0,0,0,118
l276-s3-huang-2009,article:l276,balanced_instance,0.0,0,0.3,coverage_0.75,118,0,0,0,0,118
l276-s3-huang-2009,article:l276,balanced_instance,0.0,0,0.4,reported_point,118,0,0,0,0,118
l276-s3-huang-2009,article:l276,balanced_instance,0.0,0,0.4,interval_upper,118,0,0,0,0,118
l276-s3-huang-2009,article:l276,balanced_instance,0.0,0,0.4,coverage_0.5,118,0,0,0,0,118
l276-s3-huang-2009,article:l276,balanced_instance,0.0,0,0.4,coverage_0.75,118,0,0,0,0,118
l276-s3-huang-2009,article:l276,balanced_instance,0.0,0,0.5,reported_point,118,1,1,0,1,118
l276-s3-huang-2009,article:l276,balanced_instance,0.0,0,0.5,interval_upper,118,1,0,0,0,118
l276-s3-huang-2009,article:l276,balanced_instance,0.0,0,0.5,coverage_0.5,118,1,1,0,1,118
l276-s3-huang-2009,article:l276,balanced_instance,0.0,0,0.5,coverage_0.75,118,1,0,0,0,118
l255-s9-logakis-2009,article:l255,material_identity,0.0,0,0.1,reported_point,119,1,1,0,1,119
l255-s9-logakis-2009,article:l255,material_identity,0.0,0,0.1,interval_upper,119,1,0,0,0,119
l255-s9-logakis-2009,article:l255,material_identity,0.0,0,0.1,coverage_0.5,119,1,0,0,0,119
l255-s9-logakis-2009,article:l255,material_identity,0.0,0,0.1,coverage_0.75,119,1,0,0,0,119
l255-s9-logakis-2009,article:l255,material_identity,0.0,0,0.2,reported_point,119,1,1,0,1,119
l255-s9-logakis-2009,article:l255,material_identity,0.0,0,0.2,interval_upper,119,1,0,0,0,119
l255-s9-logakis-2009,article:l255,material_identity,0.0,0,0.2,coverage_0.5,119,1,0,0,0,119
l255-s9-logakis-2009,article:l255,material_identity,0.0,0,0.2,coverage_0.75,119,1,0,0,0,119
l255-s9-logakis-2009,article:l255,material_identity,0.0,0,0.3,reported_point,119,1,1,0,1,119
l255-s9-logakis-2009,article:l255,material_identity,0.0,0,0.3,interval_upper,119,1,0,0,0,119
l255-s9-logakis-2009,article:l255,material_identity,0.0,0,0.3,coverage_0.5,119,1,0,0,0,119
l255-s9-logakis-2009,article:l255,material_identity,0.0,0,0.3,coverage_0.75,119,1,0,0,0,119
l255-s9-logakis-2009,article:l255,material_identity,0.0,0,0.4,reported_point,119,1,1,0,1,119
l255-s9-logakis-2009,article:l255,material_identity,0.0,0,0.4,interval_upper,119,1,0,0,0,119
l255-s9-logakis-2009,article:l255,material_identity,0.0,0,0.4,coverage_0.5,119,1,0,0,0,119
l255-s9-logakis-2009,article:l255,material_identity,0.0,0,0.4,coverage_0.75,119,1,0,0,0,119
l255-s9-logakis-2009,article:l255,material_identity,0.0,0,0.5,reported_point,119,1,1,0,1,119
l255-s9-logakis-2009,article:l255,material_identity,0.0,0,0.5,interval_upper,119,1,0,0,0,119
l255-s9-logakis-2009,article:l255,material_identity,0.0,0,0.5,coverage_0.5,119,1,0,0,0,119
l255-s9-logakis-2009,article:l255,material_identity,0.0,0,0.5,coverage_0.75,119,1,0,0,0,119
l255-s9-logakis-2009,article:l255,experimental_protocol,0.0,0,0.1,reported_point,119,0,0,0,0,119
l255-s9-logakis-2009,article:l255,experimental_protocol,0.0,0,0.1,interval_upper,119,0,0,0,0,119
l255-s9-logakis-2009,article:l255,experimental_protocol,0.0,0,0.1,coverage_0.5,119,0,0,0,0,119
l255-s9-logakis-2009,article:l255,experimental_protocol,0.0,0,0.1,coverage_0.75,119,0,0,0,0,119
l255-s9-logakis-2009,article:l255,experimental_protocol,0.0,0,0.2,reported_point,119,0,0,0,0,119
l255-s9-logakis-2009,article:l255,experimental_protocol,0.0,0,0.2,interval_upper,119,0,0,0,0,119
l255-s9-logakis-2009,article:l255,experimental_protocol,0.0,0,0.2,coverage_0.5,119,0,0,0,0,119
l255-s9-logakis-2009,article:l255,experimental_protocol,0.0,0,0.2,coverage_0.75,119,0,0,0,0,119
l255-s9-logakis-2009,article:l255,experimental_protocol,0.0,0,0.3,reported_point,119,1,1,0,1,119
l255-s9-logakis-2009,article:l255,experimental_protocol,0.0,0,0.3,interval_upper,119,1,0,0,0,119
l255-s9-logakis-2009,article:l255,experimental_protocol,0.0,0,0.3,coverage_0.5,119,1,1,0,1,119
l255-s9-logakis-2009,article:l255,experimental_protocol,0.0,0,0.3,coverage_0.75,119,1,0,0,0,119
l255-s9-logakis-2009,article:l255,experimental_protocol,0.0,0,0.4,reported_point,119,6,6,0,6,119
l255-s9-logakis-2009,article:l255,experimental_protocol,0.0,0,0.4,interval_upper,119,6,0,0,0,119
l255-s9-logakis-2009,article:l255,experimental_protocol,0.0,0,0.4,coverage_0.5,119,6,6,0,6,119
l255-s9-logakis-2009,article:l255,experimental_protocol,0.0,0,0.4,coverage_0.75,119,6,0,0,0,119
l255-s9-logakis-2009,article:l255,experimental_protocol,0.0,0,0.5,reported_point,119,7,7,0,7,119
l255-s9-logakis-2009,article:l255,experimental_protocol,0.0,0,0.5,interval_upper,119,7,4,0,4,119
l255-s9-logakis-2009,article:l255,experimental_protocol,0.0,0,0.5,coverage_0.5,119,7,7,0,7,119
l255-s9-logakis-2009,article:l255,experimental_protocol,0.0,0,0.5,coverage_0.75,119,7,0,0,0,119
l255-s9-logakis-2009,article:l255,balanced_instance,0.0,0,0.1,reported_point,119,0,0,0,0,119
l255-s9-logakis-2009,article:l255,balanced_instance,0.0,0,0.1,interval_upper,119,0,0,0,0,119
l255-s9-logakis-2009,article:l255,balanced_instance,0.0,0,0.1,coverage_0.5,119,0,0,0,0,119
l255-s9-logakis-2009,article:l255,balanced_instance,0.0,0,0.1,coverage_0.75,119,0,0,0,0,119
l255-s9-logakis-2009,article:l255,balanced_instance,0.0,0,0.2,reported_point,119,0,0,0,0,119
l255-s9-logakis-2009,article:l255,balanced_instance,0.0,0,0.2,interval_upper,119,0,0,0,0,119
l255-s9-logakis-2009,article:l255,balanced_instance,0.0,0,0.2,coverage_0.5,119,0,0,0,0,119
l255-s9-logakis-2009,article:l255,balanced_instance,0.0,0,0.2,coverage_0.75,119,0,0,0,0,119
l255-s9-logakis-2009,article:l255,balanced_instance,0.0,0,0.3,reported_point,119,0,0,0,0,119
l255-s9-logakis-2009,article:l255,balanced_instance,0.0,0,0.3,interval_upper,119,0,0,0,0,119
l255-s9-logakis-2009,article:l255,balanced_instance,0.0,0,0.3,coverage_0.5,119,0,0,0,0,119
l255-s9-logakis-2009,article:l255,balanced_instance,0.0,0,0.3,coverage_0.75,119,0,0,0,0,119
l255-s9-logakis-2009,article:l255,balanced_instance,0.0,0,0.4,reported_point,119,0,0,0,0,119
l255-s9-logakis-2009,article:l255,balanced_instance,0.0,0,0.4,interval_upper,119,0,0,0,0,119
l255-s9-logakis-2009,article:l255,balanced_instance,0.0,0,0.4,coverage_0.5,119,0,0,0,0,119
l255-s9-logakis-2009,article:l255,balanced_instance,0.0,0,0.4,coverage_0.75,119,0,0,0,0,119
l255-s9-logakis-2009,article:l255,balanced_instance,0.0,0,0.5,reported_point,119,1,1,0,1,119
l255-s9-logakis-2009,article:l255,balanced_instance,0.0,0,0.5,interval_upper,119,1,0,0,0,119
l255-s9-logakis-2009,article:l255,balanced_instance,0.0,0,0.5,coverage_0.5,119,1,1,0,1,119
l255-s9-logakis-2009,article:l255,balanced_instance,0.0,0,0.5,coverage_0.75,119,1,0,0,0,119
l260-s2-haggenmueller-2006,article:l260,material_identity,0.0,0,0.1,reported_point,118,0,0,0,0,118
l260-s2-haggenmueller-2006,article:l260,material_identity,0.0,0,0.1,interval_upper,118,0,0,0,0,118
l260-s2-haggenmueller-2006,article:l260,material_identity,0.0,0,0.1,coverage_0.5,118,0,0,0,0,118
l260-s2-haggenmueller-2006,article:l260,material_identity,0.0,0,0.1,coverage_0.75,118,0,0,0,0,118
l260-s2-haggenmueller-2006,article:l260,material_identity,0.0,0,0.2,reported_point,118,0,0,0,0,118
l260-s2-haggenmueller-2006,article:l260,material_identity,0.0,0,0.2,interval_upper,118,0,0,0,0,118
l260-s2-haggenmueller-2006,article:l260,material_identity,0.0,0,0.2,coverage_0.5,118,0,0,0,0,118
l260-s2-haggenmueller-2006,article:l260,material_identity,0.0,0,0.2,coverage_0.75,118,0,0,0,0,118
l260-s2-haggenmueller-2006,article:l260,material_identity,0.0,0,0.3,reported_point,118,3,3,0,3,118
l260-s2-haggenmueller-2006,article:l260,material_identity,0.0,0,0.3,interval_upper,118,3,0,0,0,118
l260-s2-haggenmueller-2006,article:l260,material_identity,0.0,0,0.3,coverage_0.5,118,3,0,0,0,118
l260-s2-haggenmueller-2006,article:l260,material_identity,0.0,0,0.3,coverage_0.75,118,3,0,0,0,118
l260-s2-haggenmueller-2006,article:l260,material_identity,0.0,0,0.4,reported_point,118,3,3,0,3,118
l260-s2-haggenmueller-2006,article:l260,material_identity,0.0,0,0.4,interval_upper,118,3,0,0,0,118
l260-s2-haggenmueller-2006,article:l260,material_identity,0.0,0,0.4,coverage_0.5,118,3,0,0,0,118
l260-s2-haggenmueller-2006,article:l260,material_identity,0.0,0,0.4,coverage_0.75,118,3,0,0,0,118
l260-s2-haggenmueller-2006,article:l260,material_identity,0.0,0,0.5,reported_point,118,3,3,0,3,118
l260-s2-haggenmueller-2006,article:l260,material_identity,0.0,0,0.5,interval_upper,118,3,0,0,0,118
l260-s2-haggenmueller-2006,article:l260,material_identity,0.0,0,0.5,coverage_0.5,118,3,0,0,0,118
l260-s2-haggenmueller-2006,article:l260,material_identity,0.0,0,0.5,coverage_0.75,118,3,0,0,0,118
l260-s2-haggenmueller-2006,article:l260,experimental_protocol,0.0,0,0.1,reported_point,118,0,0,0,0,118
l260-s2-haggenmueller-2006,article:l260,experimental_protocol,0.0,0,0.1,interval_upper,118,0,0,0,0,118
l260-s2-haggenmueller-2006,article:l260,experimental_protocol,0.0,0,0.1,coverage_0.5,118,0,0,0,0,118
l260-s2-haggenmueller-2006,article:l260,experimental_protocol,0.0,0,0.1,coverage_0.75,118,0,0,0,0,118
l260-s2-haggenmueller-2006,article:l260,experimental_protocol,0.0,0,0.2,reported_point,118,0,0,0,0,118
l260-s2-haggenmueller-2006,article:l260,experimental_protocol,0.0,0,0.2,interval_upper,118,0,0,0,0,118
l260-s2-haggenmueller-2006,article:l260,experimental_protocol,0.0,0,0.2,coverage_0.5,118,0,0,0,0,118
l260-s2-haggenmueller-2006,article:l260,experimental_protocol,0.0,0,0.2,coverage_0.75,118,0,0,0,0,118
l260-s2-haggenmueller-2006,article:l260,experimental_protocol,0.0,0,0.3,reported_point,118,0,0,0,0,118
l260-s2-haggenmueller-2006,article:l260,experimental_protocol,0.0,0,0.3,interval_upper,118,0,0,0,0,118
l260-s2-haggenmueller-2006,article:l260,experimental_protocol,0.0,0,0.3,coverage_0.5,118,0,0,0,0,118
l260-s2-haggenmueller-2006,article:l260,experimental_protocol,0.0,0,0.3,coverage_0.75,118,0,0,0,0,118
l260-s2-haggenmueller-2006,article:l260,experimental_protocol,0.0,0,0.4,reported_point,118,0,0,0,0,118
l260-s2-haggenmueller-2006,article:l260,experimental_protocol,0.0,0,0.4,interval_upper,118,0,0,0,0,118
l260-s2-haggenmueller-2006,article:l260,experimental_protocol,0.0,0,0.4,coverage_0.5,118,0,0,0,0,118
l260-s2-haggenmueller-2006,article:l260,experimental_protocol,0.0,0,0.4,coverage_0.75,118,0,0,0,0,118
l260-s2-haggenmueller-2006,article:l260,experimental_protocol,0.0,0,0.5,reported_point,118,2,2,0,2,118
l260-s2-haggenmueller-2006,article:l260,experimental_protocol,0.0,0,0.5,interval_upper,118,2,2,0,2,118
l260-s2-haggenmueller-2006,article:l260,experimental_protocol,0.0,0,0.5,coverage_0.5,118,2,2,0,2,118
l260-s2-haggenmueller-2006,article:l260,experimental_protocol,0.0,0,0.5,coverage_0.75,118,2,0,0,0,118
l260-s2-haggenmueller-2006,article:l260,balanced_instance,0.0,0,0.1,reported_point,118,0,0,0,0,118
l260-s2-haggenmueller-2006,article:l260,balanced_instance,0.0,0,0.1,interval_upper,118,0,0,0,0,118
l260-s2-haggenmueller-2006,article:l260,balanced_instance,0.0,0,0.1,coverage_0.5,118,0,0,0,0,118
l260-s2-haggenmueller-2006,article:l260,balanced_instance,0.0,0,0.1,coverage_0.75,118,0,0,0,0,118
l260-s2-haggenmueller-2006,article:l260,balanced_instance,0.0,0,0.2,reported_point,118,0,0,0,0,118
l260-s2-haggenmueller-2006,article:l260,balanced_instance,0.0,0,0.2,interval_upper,118,0,0,0,0,118
l260-s2-haggenmueller-2006,article:l260,balanced_instance,0.0,0,0.2,coverage_0.5,118,0,0,0,0,118
l260-s2-haggenmueller-2006,article:l260,balanced_instance,0.0,0,0.2,coverage_0.75,118,0,0,0,0,118
l260-s2-haggenmueller-2006,article:l260,balanced_instance,0.0,0,0.3,reported_point,118,0,0,0,0,118
l260-s2-haggenmueller-2006,article:l260,balanced_instance,0.0,0,0.3,interval_upper,118,0,0,0,0,118
l260-s2-haggenmueller-2006,article:l260,balanced_instance,0.0,0,0.3,coverage_0.5,118,0,0,0,0,118
l260-s2-haggenmueller-2006,article:l260,balanced_instance,0.0,0,0.3,coverage_0.75,118,0,0,0,0,118
l260-s2-haggenmueller-2006,article:l260,balanced_instance,0.0,0,0.4,reported_point,118,0,0,0,0,118
l260-s2-haggenmueller-2006,article:l260,balanced_instance,0.0,0,0.4,interval_upper,118,0,0,0,0,118
l260-s2-haggenmueller-2006,article:l260,balanced_instance,0.0,0,0.4,coverage_0.5,118,0,0,0,0,118
l260-s2-haggenmueller-2006,article:l260,balanced_instance,0.0,0,0.4,coverage_0.75,118,0,0,0,0,118
l260-s2-haggenmueller-2006,article:l260,balanced_instance,0.0,0,0.5,reported_point,118,2,2,0,2,118
l260-s2-haggenmueller-2006,article:l260,balanced_instance,0.0,0,0.5,interval_upper,118,2,0,0,0,118
l260-s2-haggenmueller-2006,article:l260,balanced_instance,0.0,0,0.5,coverage_0.5,118,2,2,0,2,118
l260-s2-haggenmueller-2006,article:l260,balanced_instance,0.0,0,0.5,coverage_0.75,118,2,0,0,0,118
l287-s2-jang-2008,article:l287,material_identity,0.0,0,0.1,reported_point,117,4,4,0,4,117
l287-s2-jang-2008,article:l287,material_identity,0.0,0,0.1,interval_upper,117,4,0,0,0,117
l287-s2-jang-2008,article:l287,material_identity,0.0,0,0.1,coverage_0.5,117,4,0,0,0,117
l287-s2-jang-2008,article:l287,material_identity,0.0,0,0.1,coverage_0.75,117,4,0,0,0,117
l287-s2-jang-2008,article:l287,material_identity,0.0,0,0.2,reported_point,117,4,4,0,4,117
l287-s2-jang-2008,article:l287,material_identity,0.0,0,0.2,interval_upper,117,4,0,0,0,117
l287-s2-jang-2008,article:l287,material_identity,0.0,0,0.2,coverage_0.5,117,4,0,0,0,117
l287-s2-jang-2008,article:l287,material_identity,0.0,0,0.2,coverage_0.75,117,4,0,0,0,117
l287-s2-jang-2008,article:l287,material_identity,0.0,0,0.3,reported_point,117,16,16,0,16,117
l287-s2-jang-2008,article:l287,material_identity,0.0,0,0.3,interval_upper,117,16,0,0,0,117
l287-s2-jang-2008,article:l287,material_identity,0.0,0,0.3,coverage_0.5,117,16,0,0,0,117
l287-s2-jang-2008,article:l287,material_identity,0.0,0,0.3,coverage_0.75,117,16,0,0,0,117
l287-s2-jang-2008,article:l287,material_identity,0.0,0,0.4,reported_point,117,18,18,0,18,117
l287-s2-jang-2008,article:l287,material_identity,0.0,0,0.4,interval_upper,117,18,0,0,0,117
l287-s2-jang-2008,article:l287,material_identity,0.0,0,0.4,coverage_0.5,117,18,0,0,0,117
l287-s2-jang-2008,article:l287,material_identity,0.0,0,0.4,coverage_0.75,117,18,0,0,0,117
l287-s2-jang-2008,article:l287,material_identity,0.0,0,0.5,reported_point,117,19,19,0,19,117
l287-s2-jang-2008,article:l287,material_identity,0.0,0,0.5,interval_upper,117,19,0,0,0,117
l287-s2-jang-2008,article:l287,material_identity,0.0,0,0.5,coverage_0.5,117,19,0,0,0,117
l287-s2-jang-2008,article:l287,material_identity,0.0,0,0.5,coverage_0.75,117,19,0,0,0,117
l287-s2-jang-2008,article:l287,experimental_protocol,0.0,0,0.1,reported_point,117,0,0,0,0,117
l287-s2-jang-2008,article:l287,experimental_protocol,0.0,0,0.1,interval_upper,117,0,0,0,0,117
l287-s2-jang-2008,article:l287,experimental_protocol,0.0,0,0.1,coverage_0.5,117,0,0,0,0,117
l287-s2-jang-2008,article:l287,experimental_protocol,0.0,0,0.1,coverage_0.75,117,0,0,0,0,117
l287-s2-jang-2008,article:l287,experimental_protocol,0.0,0,0.2,reported_point,117,0,0,0,0,117
l287-s2-jang-2008,article:l287,experimental_protocol,0.0,0,0.2,interval_upper,117,0,0,0,0,117
l287-s2-jang-2008,article:l287,experimental_protocol,0.0,0,0.2,coverage_0.5,117,0,0,0,0,117
l287-s2-jang-2008,article:l287,experimental_protocol,0.0,0,0.2,coverage_0.75,117,0,0,0,0,117
l287-s2-jang-2008,article:l287,experimental_protocol,0.0,0,0.3,reported_point,117,0,0,0,0,117
l287-s2-jang-2008,article:l287,experimental_protocol,0.0,0,0.3,interval_upper,117,0,0,0,0,117
l287-s2-jang-2008,article:l287,experimental_protocol,0.0,0,0.3,coverage_0.5,117,0,0,0,0,117
l287-s2-jang-2008,article:l287,experimental_protocol,0.0,0,0.3,coverage_0.75,117,0,0,0,0,117
l287-s2-jang-2008,article:l287,experimental_protocol,0.0,0,0.4,reported_point,117,0,0,0,0,117
l287-s2-jang-2008,article:l287,experimental_protocol,0.0,0,0.4,interval_upper,117,0,0,0,0,117
l287-s2-jang-2008,article:l287,experimental_protocol,0.0,0,0.4,coverage_0.5,117,0,0,0,0,117
l287-s2-jang-2008,article:l287,experimental_protocol,0.0,0,0.4,coverage_0.75,117,0,0,0,0,117
l287-s2-jang-2008,article:l287,experimental_protocol,0.0,0,0.5,reported_point,117,3,3,0,3,117
l287-s2-jang-2008,article:l287,experimental_protocol,0.0,0,0.5,interval_upper,117,3,0,0,0,117
l287-s2-jang-2008,article:l287,experimental_protocol,0.0,0,0.5,coverage_0.5,117,3,3,0,3,117
l287-s2-jang-2008,article:l287,experimental_protocol,0.0,0,0.5,coverage_0.75,117,3,0,0,0,117
l287-s2-jang-2008,article:l287,balanced_instance,0.0,0,0.1,reported_point,117,0,0,0,0,117
l287-s2-jang-2008,article:l287,balanced_instance,0.0,0,0.1,interval_upper,117,0,0,0,0,117
l287-s2-jang-2008,article:l287,balanced_instance,0.0,0,0.1,coverage_0.5,117,0,0,0,0,117
l287-s2-jang-2008,article:l287,balanced_instance,0.0,0,0.1,coverage_0.75,117,0,0,0,0,117
l287-s2-jang-2008,article:l287,balanced_instance,0.0,0,0.2,reported_point,117,0,0,0,0,117
l287-s2-jang-2008,article:l287,balanced_instance,0.0,0,0.2,interval_upper,117,0,0,0,0,117
l287-s2-jang-2008,article:l287,balanced_instance,0.0,0,0.2,coverage_0.5,117,0,0,0,0,117
l287-s2-jang-2008,article:l287,balanced_instance,0.0,0,0.2,coverage_0.75,117,0,0,0,0,117
l287-s2-jang-2008,article:l287,balanced_instance,0.0,0,0.3,reported_point,117,0,0,0,0,117
l287-s2-jang-2008,article:l287,balanced_instance,0.0,0,0.3,interval_upper,117,0,0,0,0,117
l287-s2-jang-2008,article:l287,balanced_instance,0.0,0,0.3,coverage_0.5,117,0,0,0,0,117
l287-s2-jang-2008,article:l287,balanced_instance,0.0,0,0.3,coverage_0.75,117,0,0,0,0,117
l287-s2-jang-2008,article:l287,balanced_instance,0.0,0,0.4,reported_point,117,1,1,0,1,117
l287-s2-jang-2008,article:l287,balanced_instance,0.0,0,0.4,interval_upper,117,1,0,0,0,117
l287-s2-jang-2008,article:l287,balanced_instance,0.0,0,0.4,coverage_0.5,117,1,0,0,0,117
l287-s2-jang-2008,article:l287,balanced_instance,0.0,0,0.4,coverage_0.75,117,1,0,0,0,117
l287-s2-jang-2008,article:l287,balanced_instance,0.0,0,0.5,reported_point,117,11,11,0,11,117
l287-s2-jang-2008,article:l287,balanced_instance,0.0,0,0.5,interval_upper,117,11,0,0,0,117
l287-s2-jang-2008,article:l287,balanced_instance,0.0,0,0.5,coverage_0.5,117,11,10,0,10,117
l287-s2-jang-2008,article:l287,balanced_instance,0.0,0,0.5,coverage_0.75,117,11,0,0,0,117
l282-s2-cui-2008,article:l282,material_identity,0.0,0,0.1,reported_point,118,5,5,0,5,118
l282-s2-cui-2008,article:l282,material_identity,0.0,0,0.1,interval_upper,118,5,0,0,0,118
l282-s2-cui-2008,article:l282,material_identity,0.0,0,0.1,coverage_0.5,118,5,0,0,0,118
l282-s2-cui-2008,article:l282,material_identity,0.0,0,0.1,coverage_0.75,118,5,0,0,0,118
l282-s2-cui-2008,article:l282,material_identity,0.0,0,0.2,reported_point,118,5,5,0,5,118
l282-s2-cui-2008,article:l282,material_identity,0.0,0,0.2,interval_upper,118,5,0,0,0,118
l282-s2-cui-2008,article:l282,material_identity,0.0,0,0.2,coverage_0.5,118,5,0,0,0,118
l282-s2-cui-2008,article:l282,material_identity,0.0,0,0.2,coverage_0.75,118,5,0,0,0,118
l282-s2-cui-2008,article:l282,material_identity,0.0,0,0.3,reported_point,118,17,17,0,17,118
l282-s2-cui-2008,article:l282,material_identity,0.0,0,0.3,interval_upper,118,17,0,0,0,118
l282-s2-cui-2008,article:l282,material_identity,0.0,0,0.3,coverage_0.5,118,17,0,0,0,118
l282-s2-cui-2008,article:l282,material_identity,0.0,0,0.3,coverage_0.75,118,17,0,0,0,118
l282-s2-cui-2008,article:l282,material_identity,0.0,0,0.4,reported_point,118,21,21,0,21,118
l282-s2-cui-2008,article:l282,material_identity,0.0,0,0.4,interval_upper,118,21,0,0,0,118
l282-s2-cui-2008,article:l282,material_identity,0.0,0,0.4,coverage_0.5,118,21,0,0,0,118
l282-s2-cui-2008,article:l282,material_identity,0.0,0,0.4,coverage_0.75,118,21,0,0,0,118
l282-s2-cui-2008,article:l282,material_identity,0.0,0,0.5,reported_point,118,22,22,0,22,118
l282-s2-cui-2008,article:l282,material_identity,0.0,0,0.5,interval_upper,118,22,0,0,0,118
l282-s2-cui-2008,article:l282,material_identity,0.0,0,0.5,coverage_0.5,118,22,0,0,0,118
l282-s2-cui-2008,article:l282,material_identity,0.0,0,0.5,coverage_0.75,118,22,0,0,0,118
l282-s2-cui-2008,article:l282,experimental_protocol,0.0,0,0.1,reported_point,118,0,0,0,0,118
l282-s2-cui-2008,article:l282,experimental_protocol,0.0,0,0.1,interval_upper,118,0,0,0,0,118
l282-s2-cui-2008,article:l282,experimental_protocol,0.0,0,0.1,coverage_0.5,118,0,0,0,0,118
l282-s2-cui-2008,article:l282,experimental_protocol,0.0,0,0.1,coverage_0.75,118,0,0,0,0,118
l282-s2-cui-2008,article:l282,experimental_protocol,0.0,0,0.2,reported_point,118,0,0,0,0,118
l282-s2-cui-2008,article:l282,experimental_protocol,0.0,0,0.2,interval_upper,118,0,0,0,0,118
l282-s2-cui-2008,article:l282,experimental_protocol,0.0,0,0.2,coverage_0.5,118,0,0,0,0,118
l282-s2-cui-2008,article:l282,experimental_protocol,0.0,0,0.2,coverage_0.75,118,0,0,0,0,118
l282-s2-cui-2008,article:l282,experimental_protocol,0.0,0,0.3,reported_point,118,0,0,0,0,118
l282-s2-cui-2008,article:l282,experimental_protocol,0.0,0,0.3,interval_upper,118,0,0,0,0,118
l282-s2-cui-2008,article:l282,experimental_protocol,0.0,0,0.3,coverage_0.5,118,0,0,0,0,118
l282-s2-cui-2008,article:l282,experimental_protocol,0.0,0,0.3,coverage_0.75,118,0,0,0,0,118
l282-s2-cui-2008,article:l282,experimental_protocol,0.0,0,0.4,reported_point,118,0,0,0,0,118
l282-s2-cui-2008,article:l282,experimental_protocol,0.0,0,0.4,interval_upper,118,0,0,0,0,118
l282-s2-cui-2008,article:l282,experimental_protocol,0.0,0,0.4,coverage_0.5,118,0,0,0,0,118
l282-s2-cui-2008,article:l282,experimental_protocol,0.0,0,0.4,coverage_0.75,118,0,0,0,0,118
l282-s2-cui-2008,article:l282,experimental_protocol,0.0,0,0.5,reported_point,118,8,8,0,8,118
l282-s2-cui-2008,article:l282,experimental_protocol,0.0,0,0.5,interval_upper,118,8,0,0,0,118
l282-s2-cui-2008,article:l282,experimental_protocol,0.0,0,0.5,coverage_0.5,118,8,8,0,8,118
l282-s2-cui-2008,article:l282,experimental_protocol,0.0,0,0.5,coverage_0.75,118,8,0,0,0,118
l282-s2-cui-2008,article:l282,balanced_instance,0.0,0,0.1,reported_point,118,0,0,0,0,118
l282-s2-cui-2008,article:l282,balanced_instance,0.0,0,0.1,interval_upper,118,0,0,0,0,118
l282-s2-cui-2008,article:l282,balanced_instance,0.0,0,0.1,coverage_0.5,118,0,0,0,0,118
l282-s2-cui-2008,article:l282,balanced_instance,0.0,0,0.1,coverage_0.75,118,0,0,0,0,118
l282-s2-cui-2008,article:l282,balanced_instance,0.0,0,0.2,reported_point,118,0,0,0,0,118
l282-s2-cui-2008,article:l282,balanced_instance,0.0,0,0.2,interval_upper,118,0,0,0,0,118
l282-s2-cui-2008,article:l282,balanced_instance,0.0,0,0.2,coverage_0.5,118,0,0,0,0,118
l282-s2-cui-2008,article:l282,balanced_instance,0.0,0,0.2,coverage_0.75,118,0,0,0,0,118
l282-s2-cui-2008,article:l282,balanced_instance,0.0,0,0.3,reported_point,118,2,2,0,2,118
l282-s2-cui-2008,article:l282,balanced_instance,0.0,0,0.3,interval_upper,118,2,0,0,0,118
l282-s2-cui-2008,article:l282,balanced_instance,0.0,0,0.3,coverage_0.5,118,2,1,0,1,118
l282-s2-cui-2008,article:l282,balanced_instance,0.0,0,0.3,coverage_0.75,118,2,0,0,0,118
l282-s2-cui-2008,article:l282,balanced_instance,0.0,0,0.4,reported_point,118,2,2,0,2,118
l282-s2-cui-2008,article:l282,balanced_instance,0.0,0,0.4,interval_upper,118,2,0,0,0,118
l282-s2-cui-2008,article:l282,balanced_instance,0.0,0,0.4,coverage_0.5,118,2,1,0,1,118
l282-s2-cui-2008,article:l282,balanced_instance,0.0,0,0.4,coverage_0.75,118,2,0,0,0,118
l282-s2-cui-2008,article:l282,balanced_instance,0.0,0,0.5,reported_point,118,7,7,0,7,118
l282-s2-cui-2008,article:l282,balanced_instance,0.0,0,0.5,interval_upper,118,7,0,0,0,118
l282-s2-cui-2008,article:l282,balanced_instance,0.0,0,0.5,coverage_0.5,118,7,6,0,6,118
l282-s2-cui-2008,article:l282,balanced_instance,0.0,0,0.5,coverage_0.75,118,7,0,0,0,118
l308-s3-demetrio-2013,article:l308,material_identity,0.0,0,0.1,reported_point,118,0,0,0,0,118
l308-s3-demetrio-2013,article:l308,material_identity,0.0,0,0.1,interval_upper,118,0,0,0,0,118
l308-s3-demetrio-2013,article:l308,material_identity,0.0,0,0.1,coverage_0.5,118,0,0,0,0,118
l308-s3-demetrio-2013,article:l308,material_identity,0.0,0,0.1,coverage_0.75,118,0,0,0,0,118
l308-s3-demetrio-2013,article:l308,material_identity,0.0,0,0.2,reported_point,118,0,0,0,0,118
l308-s3-demetrio-2013,article:l308,material_identity,0.0,0,0.2,interval_upper,118,0,0,0,0,118
l308-s3-demetrio-2013,article:l308,material_identity,0.0,0,0.2,coverage_0.5,118,0,0,0,0,118
l308-s3-demetrio-2013,article:l308,material_identity,0.0,0,0.2,coverage_0.75,118,0,0,0,0,118
l308-s3-demetrio-2013,article:l308,material_identity,0.0,0,0.3,reported_point,118,5,5,0,5,118
l308-s3-demetrio-2013,article:l308,material_identity,0.0,0,0.3,interval_upper,118,5,0,0,0,118
l308-s3-demetrio-2013,article:l308,material_identity,0.0,0,0.3,coverage_0.5,118,5,0,0,0,118
l308-s3-demetrio-2013,article:l308,material_identity,0.0,0,0.3,coverage_0.75,118,5,0,0,0,118
l308-s3-demetrio-2013,article:l308,material_identity,0.0,0,0.4,reported_point,118,6,6,0,6,118
l308-s3-demetrio-2013,article:l308,material_identity,0.0,0,0.4,interval_upper,118,6,0,0,0,118
l308-s3-demetrio-2013,article:l308,material_identity,0.0,0,0.4,coverage_0.5,118,6,0,0,0,118
l308-s3-demetrio-2013,article:l308,material_identity,0.0,0,0.4,coverage_0.75,118,6,0,0,0,118
l308-s3-demetrio-2013,article:l308,material_identity,0.0,0,0.5,reported_point,118,7,7,0,7,118
l308-s3-demetrio-2013,article:l308,material_identity,0.0,0,0.5,interval_upper,118,7,0,0,0,118
l308-s3-demetrio-2013,article:l308,material_identity,0.0,0,0.5,coverage_0.5,118,7,0,0,0,118
l308-s3-demetrio-2013,article:l308,material_identity,0.0,0,0.5,coverage_0.75,118,7,0,0,0,118
l308-s3-demetrio-2013,article:l308,experimental_protocol,0.0,0,0.1,reported_point,118,0,0,0,0,118
l308-s3-demetrio-2013,article:l308,experimental_protocol,0.0,0,0.1,interval_upper,118,0,0,0,0,118
l308-s3-demetrio-2013,article:l308,experimental_protocol,0.0,0,0.1,coverage_0.5,118,0,0,0,0,118
l308-s3-demetrio-2013,article:l308,experimental_protocol,0.0,0,0.1,coverage_0.75,118,0,0,0,0,118
l308-s3-demetrio-2013,article:l308,experimental_protocol,0.0,0,0.2,reported_point,118,0,0,0,0,118
l308-s3-demetrio-2013,article:l308,experimental_protocol,0.0,0,0.2,interval_upper,118,0,0,0,0,118
l308-s3-demetrio-2013,article:l308,experimental_protocol,0.0,0,0.2,coverage_0.5,118,0,0,0,0,118
l308-s3-demetrio-2013,article:l308,experimental_protocol,0.0,0,0.2,coverage_0.75,118,0,0,0,0,118
l308-s3-demetrio-2013,article:l308,experimental_protocol,0.0,0,0.3,reported_point,118,0,0,0,0,118
l308-s3-demetrio-2013,article:l308,experimental_protocol,0.0,0,0.3,interval_upper,118,0,0,0,0,118
l308-s3-demetrio-2013,article:l308,experimental_protocol,0.0,0,0.3,coverage_0.5,118,0,0,0,0,118
l308-s3-demetrio-2013,article:l308,experimental_protocol,0.0,0,0.3,coverage_0.75,118,0,0,0,0,118
l308-s3-demetrio-2013,article:l308,experimental_protocol,0.0,0,0.4,reported_point,118,0,0,0,0,118
l308-s3-demetrio-2013,article:l308,experimental_protocol,0.0,0,0.4,interval_upper,118,0,0,0,0,118
l308-s3-demetrio-2013,article:l308,experimental_protocol,0.0,0,0.4,coverage_0.5,118,0,0,0,0,118
l308-s3-demetrio-2013,article:l308,experimental_protocol,0.0,0,0.4,coverage_0.75,118,0,0,0,0,118
l308-s3-demetrio-2013,article:l308,experimental_protocol,0.0,0,0.5,reported_point,118,3,3,0,3,118
l308-s3-demetrio-2013,article:l308,experimental_protocol,0.0,0,0.5,interval_upper,118,3,2,0,2,118
l308-s3-demetrio-2013,article:l308,experimental_protocol,0.0,0,0.5,coverage_0.5,118,3,3,0,3,118
l308-s3-demetrio-2013,article:l308,experimental_protocol,0.0,0,0.5,coverage_0.75,118,3,0,0,0,118
l308-s3-demetrio-2013,article:l308,balanced_instance,0.0,0,0.1,reported_point,118,0,0,0,0,118
l308-s3-demetrio-2013,article:l308,balanced_instance,0.0,0,0.1,interval_upper,118,0,0,0,0,118
l308-s3-demetrio-2013,article:l308,balanced_instance,0.0,0,0.1,coverage_0.5,118,0,0,0,0,118
l308-s3-demetrio-2013,article:l308,balanced_instance,0.0,0,0.1,coverage_0.75,118,0,0,0,0,118
l308-s3-demetrio-2013,article:l308,balanced_instance,0.0,0,0.2,reported_point,118,0,0,0,0,118
l308-s3-demetrio-2013,article:l308,balanced_instance,0.0,0,0.2,interval_upper,118,0,0,0,0,118
l308-s3-demetrio-2013,article:l308,balanced_instance,0.0,0,0.2,coverage_0.5,118,0,0,0,0,118
l308-s3-demetrio-2013,article:l308,balanced_instance,0.0,0,0.2,coverage_0.75,118,0,0,0,0,118
l308-s3-demetrio-2013,article:l308,balanced_instance,0.0,0,0.3,reported_point,118,0,0,0,0,118
l308-s3-demetrio-2013,article:l308,balanced_instance,0.0,0,0.3,interval_upper,118,0,0,0,0,118
l308-s3-demetrio-2013,article:l308,balanced_instance,0.0,0,0.3,coverage_0.5,118,0,0,0,0,118
l308-s3-demetrio-2013,article:l308,balanced_instance,0.0,0,0.3,coverage_0.75,118,0,0,0,0,118
l308-s3-demetrio-2013,article:l308,balanced_instance,0.0,0,0.4,reported_point,118,0,0,0,0,118
l308-s3-demetrio-2013,article:l308,balanced_instance,0.0,0,0.4,interval_upper,118,0,0,0,0,118
l308-s3-demetrio-2013,article:l308,balanced_instance,0.0,0,0.4,coverage_0.5,118,0,0,0,0,118
l308-s3-demetrio-2013,article:l308,balanced_instance,0.0,0,0.4,coverage_0.75,118,0,0,0,0,118
l308-s3-demetrio-2013,article:l308,balanced_instance,0.0,0,0.5,reported_point,118,2,2,0,2,118
l308-s3-demetrio-2013,article:l308,balanced_instance,0.0,0,0.5,interval_upper,118,2,0,0,0,118
l308-s3-demetrio-2013,article:l308,balanced_instance,0.0,0,0.5,coverage_0.5,118,2,2,0,2,118
l308-s3-demetrio-2013,article:l308,balanced_instance,0.0,0,0.5,coverage_0.75,118,2,0,0,0,118
l259-s3-chen-2017,article:l259,material_identity,0.0,0,0.1,reported_point,118,0,0,0,0,118
l259-s3-chen-2017,article:l259,material_identity,0.0,0,0.1,interval_upper,118,0,0,0,0,118
l259-s3-chen-2017,article:l259,material_identity,0.0,0,0.1,coverage_0.5,118,0,0,0,0,118
l259-s3-chen-2017,article:l259,material_identity,0.0,0,0.1,coverage_0.75,118,0,0,0,0,118
l259-s3-chen-2017,article:l259,material_identity,0.0,0,0.2,reported_point,118,0,0,0,0,118
l259-s3-chen-2017,article:l259,material_identity,0.0,0,0.2,interval_upper,118,0,0,0,0,118
l259-s3-chen-2017,article:l259,material_identity,0.0,0,0.2,coverage_0.5,118,0,0,0,0,118
l259-s3-chen-2017,article:l259,material_identity,0.0,0,0.2,coverage_0.75,118,0,0,0,0,118
l259-s3-chen-2017,article:l259,material_identity,0.0,0,0.3,reported_point,118,9,9,0,9,118
l259-s3-chen-2017,article:l259,material_identity,0.0,0,0.3,interval_upper,118,9,0,0,0,118
l259-s3-chen-2017,article:l259,material_identity,0.0,0,0.3,coverage_0.5,118,9,0,0,0,118
l259-s3-chen-2017,article:l259,material_identity,0.0,0,0.3,coverage_0.75,118,9,0,0,0,118
l259-s3-chen-2017,article:l259,material_identity,0.0,0,0.4,reported_point,118,10,10,0,10,118
l259-s3-chen-2017,article:l259,material_identity,0.0,0,0.4,interval_upper,118,10,0,0,0,118
l259-s3-chen-2017,article:l259,material_identity,0.0,0,0.4,coverage_0.5,118,10,0,0,0,118
l259-s3-chen-2017,article:l259,material_identity,0.0,0,0.4,coverage_0.75,118,10,0,0,0,118
l259-s3-chen-2017,article:l259,material_identity,0.0,0,0.5,reported_point,118,13,13,0,13,118
l259-s3-chen-2017,article:l259,material_identity,0.0,0,0.5,interval_upper,118,13,0,0,0,118
l259-s3-chen-2017,article:l259,material_identity,0.0,0,0.5,coverage_0.5,118,13,0,0,0,118
l259-s3-chen-2017,article:l259,material_identity,0.0,0,0.5,coverage_0.75,118,13,0,0,0,118
l259-s3-chen-2017,article:l259,experimental_protocol,0.0,0,0.1,reported_point,118,0,0,0,0,118
l259-s3-chen-2017,article:l259,experimental_protocol,0.0,0,0.1,interval_upper,118,0,0,0,0,118
l259-s3-chen-2017,article:l259,experimental_protocol,0.0,0,0.1,coverage_0.5,118,0,0,0,0,118
l259-s3-chen-2017,article:l259,experimental_protocol,0.0,0,0.1,coverage_0.75,118,0,0,0,0,118
l259-s3-chen-2017,article:l259,experimental_protocol,0.0,0,0.2,reported_point,118,0,0,0,0,118
l259-s3-chen-2017,article:l259,experimental_protocol,0.0,0,0.2,interval_upper,118,0,0,0,0,118
l259-s3-chen-2017,article:l259,experimental_protocol,0.0,0,0.2,coverage_0.5,118,0,0,0,0,118
l259-s3-chen-2017,article:l259,experimental_protocol,0.0,0,0.2,coverage_0.75,118,0,0,0,0,118
l259-s3-chen-2017,article:l259,experimental_protocol,0.0,0,0.3,reported_point,118,0,0,0,0,118
l259-s3-chen-2017,article:l259,experimental_protocol,0.0,0,0.3,interval_upper,118,0,0,0,0,118
l259-s3-chen-2017,article:l259,experimental_protocol,0.0,0,0.3,coverage_0.5,118,0,0,0,0,118
l259-s3-chen-2017,article:l259,experimental_protocol,0.0,0,0.3,coverage_0.75,118,0,0,0,0,118
l259-s3-chen-2017,article:l259,experimental_protocol,0.0,0,0.4,reported_point,118,2,2,0,2,118
l259-s3-chen-2017,article:l259,experimental_protocol,0.0,0,0.4,interval_upper,118,2,0,0,0,118
l259-s3-chen-2017,article:l259,experimental_protocol,0.0,0,0.4,coverage_0.5,118,2,2,0,2,118
l259-s3-chen-2017,article:l259,experimental_protocol,0.0,0,0.4,coverage_0.75,118,2,0,0,0,118
l259-s3-chen-2017,article:l259,experimental_protocol,0.0,0,0.5,reported_point,118,8,8,0,8,118
l259-s3-chen-2017,article:l259,experimental_protocol,0.0,0,0.5,interval_upper,118,8,1,0,1,118
l259-s3-chen-2017,article:l259,experimental_protocol,0.0,0,0.5,coverage_0.5,118,8,8,0,8,118
l259-s3-chen-2017,article:l259,experimental_protocol,0.0,0,0.5,coverage_0.75,118,8,0,0,0,118
l259-s3-chen-2017,article:l259,balanced_instance,0.0,0,0.1,reported_point,118,0,0,0,0,118
l259-s3-chen-2017,article:l259,balanced_instance,0.0,0,0.1,interval_upper,118,0,0,0,0,118
l259-s3-chen-2017,article:l259,balanced_instance,0.0,0,0.1,coverage_0.5,118,0,0,0,0,118
l259-s3-chen-2017,article:l259,balanced_instance,0.0,0,0.1,coverage_0.75,118,0,0,0,0,118
l259-s3-chen-2017,article:l259,balanced_instance,0.0,0,0.2,reported_point,118,0,0,0,0,118
l259-s3-chen-2017,article:l259,balanced_instance,0.0,0,0.2,interval_upper,118,0,0,0,0,118
l259-s3-chen-2017,article:l259,balanced_instance,0.0,0,0.2,coverage_0.5,118,0,0,0,0,118
l259-s3-chen-2017,article:l259,balanced_instance,0.0,0,0.2,coverage_0.75,118,0,0,0,0,118
l259-s3-chen-2017,article:l259,balanced_instance,0.0,0,0.3,reported_point,118,0,0,0,0,118
l259-s3-chen-2017,article:l259,balanced_instance,0.0,0,0.3,interval_upper,118,0,0,0,0,118
l259-s3-chen-2017,article:l259,balanced_instance,0.0,0,0.3,coverage_0.5,118,0,0,0,0,118
l259-s3-chen-2017,article:l259,balanced_instance,0.0,0,0.3,coverage_0.75,118,0,0,0,0,118
l259-s3-chen-2017,article:l259,balanced_instance,0.0,0,0.4,reported_point,118,2,2,0,2,118
l259-s3-chen-2017,article:l259,balanced_instance,0.0,0,0.4,interval_upper,118,2,0,0,0,118
l259-s3-chen-2017,article:l259,balanced_instance,0.0,0,0.4,coverage_0.5,118,2,2,0,2,118
l259-s3-chen-2017,article:l259,balanced_instance,0.0,0,0.4,coverage_0.75,118,2,0,0,0,118
l259-s3-chen-2017,article:l259,balanced_instance,0.0,0,0.5,reported_point,118,13,13,0,13,118
l259-s3-chen-2017,article:l259,balanced_instance,0.0,0,0.5,interval_upper,118,13,0,0,0,118
l259-s3-chen-2017,article:l259,balanced_instance,0.0,0,0.5,coverage_0.5,118,13,13,0,13,118
l259-s3-chen-2017,article:l259,balanced_instance,0.0,0,0.5,coverage_0.75,118,13,0,0,0,118
l260-s5-haggenmueller-2006,article:l260,material_identity,0.0,0,0.1,reported_point,118,0,0,0,0,118
l260-s5-haggenmueller-2006,article:l260,material_identity,0.0,0,0.1,interval_upper,118,0,0,0,0,118
l260-s5-haggenmueller-2006,article:l260,material_identity,0.0,0,0.1,coverage_0.5,118,0,0,0,0,118
l260-s5-haggenmueller-2006,article:l260,material_identity,0.0,0,0.1,coverage_0.75,118,0,0,0,0,118
l260-s5-haggenmueller-2006,article:l260,material_identity,0.0,0,0.2,reported_point,118,0,0,0,0,118
l260-s5-haggenmueller-2006,article:l260,material_identity,0.0,0,0.2,interval_upper,118,0,0,0,0,118
l260-s5-haggenmueller-2006,article:l260,material_identity,0.0,0,0.2,coverage_0.5,118,0,0,0,0,118
l260-s5-haggenmueller-2006,article:l260,material_identity,0.0,0,0.2,coverage_0.75,118,0,0,0,0,118
l260-s5-haggenmueller-2006,article:l260,material_identity,0.0,0,0.3,reported_point,118,3,3,0,3,118
l260-s5-haggenmueller-2006,article:l260,material_identity,0.0,0,0.3,interval_upper,118,3,0,0,0,118
l260-s5-haggenmueller-2006,article:l260,material_identity,0.0,0,0.3,coverage_0.5,118,3,0,0,0,118
l260-s5-haggenmueller-2006,article:l260,material_identity,0.0,0,0.3,coverage_0.75,118,3,0,0,0,118
l260-s5-haggenmueller-2006,article:l260,material_identity,0.0,0,0.4,reported_point,118,3,3,0,3,118
l260-s5-haggenmueller-2006,article:l260,material_identity,0.0,0,0.4,interval_upper,118,3,0,0,0,118
l260-s5-haggenmueller-2006,article:l260,material_identity,0.0,0,0.4,coverage_0.5,118,3,0,0,0,118
l260-s5-haggenmueller-2006,article:l260,material_identity,0.0,0,0.4,coverage_0.75,118,3,0,0,0,118
l260-s5-haggenmueller-2006,article:l260,material_identity,0.0,0,0.5,reported_point,118,3,3,0,3,118
l260-s5-haggenmueller-2006,article:l260,material_identity,0.0,0,0.5,interval_upper,118,3,0,0,0,118
l260-s5-haggenmueller-2006,article:l260,material_identity,0.0,0,0.5,coverage_0.5,118,3,0,0,0,118
l260-s5-haggenmueller-2006,article:l260,material_identity,0.0,0,0.5,coverage_0.75,118,3,0,0,0,118
l260-s5-haggenmueller-2006,article:l260,experimental_protocol,0.0,0,0.1,reported_point,118,0,0,0,0,118
l260-s5-haggenmueller-2006,article:l260,experimental_protocol,0.0,0,0.1,interval_upper,118,0,0,0,0,118
l260-s5-haggenmueller-2006,article:l260,experimental_protocol,0.0,0,0.1,coverage_0.5,118,0,0,0,0,118
l260-s5-haggenmueller-2006,article:l260,experimental_protocol,0.0,0,0.1,coverage_0.75,118,0,0,0,0,118
l260-s5-haggenmueller-2006,article:l260,experimental_protocol,0.0,0,0.2,reported_point,118,0,0,0,0,118
l260-s5-haggenmueller-2006,article:l260,experimental_protocol,0.0,0,0.2,interval_upper,118,0,0,0,0,118
l260-s5-haggenmueller-2006,article:l260,experimental_protocol,0.0,0,0.2,coverage_0.5,118,0,0,0,0,118
l260-s5-haggenmueller-2006,article:l260,experimental_protocol,0.0,0,0.2,coverage_0.75,118,0,0,0,0,118
l260-s5-haggenmueller-2006,article:l260,experimental_protocol,0.0,0,0.3,reported_point,118,0,0,0,0,118
l260-s5-haggenmueller-2006,article:l260,experimental_protocol,0.0,0,0.3,interval_upper,118,0,0,0,0,118
l260-s5-haggenmueller-2006,article:l260,experimental_protocol,0.0,0,0.3,coverage_0.5,118,0,0,0,0,118
l260-s5-haggenmueller-2006,article:l260,experimental_protocol,0.0,0,0.3,coverage_0.75,118,0,0,0,0,118
l260-s5-haggenmueller-2006,article:l260,experimental_protocol,0.0,0,0.4,reported_point,118,0,0,0,0,118
l260-s5-haggenmueller-2006,article:l260,experimental_protocol,0.0,0,0.4,interval_upper,118,0,0,0,0,118
l260-s5-haggenmueller-2006,article:l260,experimental_protocol,0.0,0,0.4,coverage_0.5,118,0,0,0,0,118
l260-s5-haggenmueller-2006,article:l260,experimental_protocol,0.0,0,0.4,coverage_0.75,118,0,0,0,0,118
l260-s5-haggenmueller-2006,article:l260,experimental_protocol,0.0,0,0.5,reported_point,118,2,2,0,2,118
l260-s5-haggenmueller-2006,article:l260,experimental_protocol,0.0,0,0.5,interval_upper,118,2,2,0,2,118
l260-s5-haggenmueller-2006,article:l260,experimental_protocol,0.0,0,0.5,coverage_0.5,118,2,2,0,2,118
l260-s5-haggenmueller-2006,article:l260,experimental_protocol,0.0,0,0.5,coverage_0.75,118,2,0,0,0,118
l260-s5-haggenmueller-2006,article:l260,balanced_instance,0.0,0,0.1,reported_point,118,0,0,0,0,118
l260-s5-haggenmueller-2006,article:l260,balanced_instance,0.0,0,0.1,interval_upper,118,0,0,0,0,118
l260-s5-haggenmueller-2006,article:l260,balanced_instance,0.0,0,0.1,coverage_0.5,118,0,0,0,0,118
l260-s5-haggenmueller-2006,article:l260,balanced_instance,0.0,0,0.1,coverage_0.75,118,0,0,0,0,118
l260-s5-haggenmueller-2006,article:l260,balanced_instance,0.0,0,0.2,reported_point,118,0,0,0,0,118
l260-s5-haggenmueller-2006,article:l260,balanced_instance,0.0,0,0.2,interval_upper,118,0,0,0,0,118
l260-s5-haggenmueller-2006,article:l260,balanced_instance,0.0,0,0.2,coverage_0.5,118,0,0,0,0,118
l260-s5-haggenmueller-2006,article:l260,balanced_instance,0.0,0,0.2,coverage_0.75,118,0,0,0,0,118
l260-s5-haggenmueller-2006,article:l260,balanced_instance,0.0,0,0.3,reported_point,118,0,0,0,0,118
l260-s5-haggenmueller-2006,article:l260,balanced_instance,0.0,0,0.3,interval_upper,118,0,0,0,0,118
l260-s5-haggenmueller-2006,article:l260,balanced_instance,0.0,0,0.3,coverage_0.5,118,0,0,0,0,118
l260-s5-haggenmueller-2006,article:l260,balanced_instance,0.0,0,0.3,coverage_0.75,118,0,0,0,0,118
l260-s5-haggenmueller-2006,article:l260,balanced_instance,0.0,0,0.4,reported_point,118,0,0,0,0,118
l260-s5-haggenmueller-2006,article:l260,balanced_instance,0.0,0,0.4,interval_upper,118,0,0,0,0,118
l260-s5-haggenmueller-2006,article:l260,balanced_instance,0.0,0,0.4,coverage_0.5,118,0,0,0,0,118
l260-s5-haggenmueller-2006,article:l260,balanced_instance,0.0,0,0.4,coverage_0.75,118,0,0,0,0,118
l260-s5-haggenmueller-2006,article:l260,balanced_instance,0.0,0,0.5,reported_point,118,2,2,0,2,118
l260-s5-haggenmueller-2006,article:l260,balanced_instance,0.0,0,0.5,interval_upper,118,2,0,0,0,118
l260-s5-haggenmueller-2006,article:l260,balanced_instance,0.0,0,0.5,coverage_0.5,118,2,2,0,2,118
l260-s5-haggenmueller-2006,article:l260,balanced_instance,0.0,0,0.5,coverage_0.75,118,2,0,0,0,118
l392-s1-wang-2020,article:l392,material_identity,0.0,0,0.1,reported_point,119,0,0,0,0,119
l392-s1-wang-2020,article:l392,material_identity,0.0,0,0.1,interval_upper,119,0,0,0,0,119
l392-s1-wang-2020,article:l392,material_identity,0.0,0,0.1,coverage_0.5,119,0,0,0,0,119
l392-s1-wang-2020,article:l392,material_identity,0.0,0,0.1,coverage_0.75,119,0,0,0,0,119
l392-s1-wang-2020,article:l392,material_identity,0.0,0,0.2,reported_point,119,0,0,0,0,119
l392-s1-wang-2020,article:l392,material_identity,0.0,0,0.2,interval_upper,119,0,0,0,0,119
l392-s1-wang-2020,article:l392,material_identity,0.0,0,0.2,coverage_0.5,119,0,0,0,0,119
l392-s1-wang-2020,article:l392,material_identity,0.0,0,0.2,coverage_0.75,119,0,0,0,0,119
l392-s1-wang-2020,article:l392,material_identity,0.0,0,0.3,reported_point,119,0,0,0,0,119
l392-s1-wang-2020,article:l392,material_identity,0.0,0,0.3,interval_upper,119,0,0,0,0,119
l392-s1-wang-2020,article:l392,material_identity,0.0,0,0.3,coverage_0.5,119,0,0,0,0,119
l392-s1-wang-2020,article:l392,material_identity,0.0,0,0.3,coverage_0.75,119,0,0,0,0,119
l392-s1-wang-2020,article:l392,material_identity,0.0,0,0.4,reported_point,119,0,0,0,0,119
l392-s1-wang-2020,article:l392,material_identity,0.0,0,0.4,interval_upper,119,0,0,0,0,119
l392-s1-wang-2020,article:l392,material_identity,0.0,0,0.4,coverage_0.5,119,0,0,0,0,119
l392-s1-wang-2020,article:l392,material_identity,0.0,0,0.4,coverage_0.75,119,0,0,0,0,119
l392-s1-wang-2020,article:l392,material_identity,0.0,0,0.5,reported_point,119,0,0,0,0,119
l392-s1-wang-2020,article:l392,material_identity,0.0,0,0.5,interval_upper,119,0,0,0,0,119
l392-s1-wang-2020,article:l392,material_identity,0.0,0,0.5,coverage_0.5,119,0,0,0,0,119
l392-s1-wang-2020,article:l392,material_identity,0.0,0,0.5,coverage_0.75,119,0,0,0,0,119
l392-s1-wang-2020,article:l392,experimental_protocol,0.0,0,0.1,reported_point,119,0,0,0,0,119
l392-s1-wang-2020,article:l392,experimental_protocol,0.0,0,0.1,interval_upper,119,0,0,0,0,119
l392-s1-wang-2020,article:l392,experimental_protocol,0.0,0,0.1,coverage_0.5,119,0,0,0,0,119
l392-s1-wang-2020,article:l392,experimental_protocol,0.0,0,0.1,coverage_0.75,119,0,0,0,0,119
l392-s1-wang-2020,article:l392,experimental_protocol,0.0,0,0.2,reported_point,119,0,0,0,0,119
l392-s1-wang-2020,article:l392,experimental_protocol,0.0,0,0.2,interval_upper,119,0,0,0,0,119
l392-s1-wang-2020,article:l392,experimental_protocol,0.0,0,0.2,coverage_0.5,119,0,0,0,0,119
l392-s1-wang-2020,article:l392,experimental_protocol,0.0,0,0.2,coverage_0.75,119,0,0,0,0,119
l392-s1-wang-2020,article:l392,experimental_protocol,0.0,0,0.3,reported_point,119,0,0,0,0,119
l392-s1-wang-2020,article:l392,experimental_protocol,0.0,0,0.3,interval_upper,119,0,0,0,0,119
l392-s1-wang-2020,article:l392,experimental_protocol,0.0,0,0.3,coverage_0.5,119,0,0,0,0,119
l392-s1-wang-2020,article:l392,experimental_protocol,0.0,0,0.3,coverage_0.75,119,0,0,0,0,119
l392-s1-wang-2020,article:l392,experimental_protocol,0.0,0,0.4,reported_point,119,0,0,0,0,119
l392-s1-wang-2020,article:l392,experimental_protocol,0.0,0,0.4,interval_upper,119,0,0,0,0,119
l392-s1-wang-2020,article:l392,experimental_protocol,0.0,0,0.4,coverage_0.5,119,0,0,0,0,119
l392-s1-wang-2020,article:l392,experimental_protocol,0.0,0,0.4,coverage_0.75,119,0,0,0,0,119
l392-s1-wang-2020,article:l392,experimental_protocol,0.0,0,0.5,reported_point,119,0,0,0,0,119
l392-s1-wang-2020,article:l392,experimental_protocol,0.0,0,0.5,interval_upper,119,0,0,0,0,119
l392-s1-wang-2020,article:l392,experimental_protocol,0.0,0,0.5,coverage_0.5,119,0,0,0,0,119
l392-s1-wang-2020,article:l392,experimental_protocol,0.0,0,0.5,coverage_0.75,119,0,0,0,0,119
l392-s1-wang-2020,article:l392,balanced_instance,0.0,0,0.1,reported_point,119,0,0,0,0,119
l392-s1-wang-2020,article:l392,balanced_instance,0.0,0,0.1,interval_upper,119,0,0,0,0,119
l392-s1-wang-2020,article:l392,balanced_instance,0.0,0,0.1,coverage_0.5,119,0,0,0,0,119
l392-s1-wang-2020,article:l392,balanced_instance,0.0,0,0.1,coverage_0.75,119,0,0,0,0,119
l392-s1-wang-2020,article:l392,balanced_instance,0.0,0,0.2,reported_point,119,0,0,0,0,119
l392-s1-wang-2020,article:l392,balanced_instance,0.0,0,0.2,interval_upper,119,0,0,0,0,119
l392-s1-wang-2020,article:l392,balanced_instance,0.0,0,0.2,coverage_0.5,119,0,0,0,0,119
l392-s1-wang-2020,article:l392,balanced_instance,0.0,0,0.2,coverage_0.75,119,0,0,0,0,119
l392-s1-wang-2020,article:l392,balanced_instance,0.0,0,0.3,reported_point,119,0,0,0,0,119
l392-s1-wang-2020,article:l392,balanced_instance,0.0,0,0.3,interval_upper,119,0,0,0,0,119
l392-s1-wang-2020,article:l392,balanced_instance,0.0,0,0.3,coverage_0.5,119,0,0,0,0,119
l392-s1-wang-2020,article:l392,balanced_instance,0.0,0,0.3,coverage_0.75,119,0,0,0,0,119
l392-s1-wang-2020,article:l392,balanced_instance,0.0,0,0.4,reported_point,119,0,0,0,0,119
l392-s1-wang-2020,article:l392,balanced_instance,0.0,0,0.4,interval_upper,119,0,0,0,0,119
l392-s1-wang-2020,article:l392,balanced_instance,0.0,0,0.4,coverage_0.5,119,0,0,0,0,119
l392-s1-wang-2020,article:l392,balanced_instance,0.0,0,0.4,coverage_0.75,119,0,0,0,0,119
l392-s1-wang-2020,article:l392,balanced_instance,0.0,0,0.5,reported_point,119,0,0,0,0,119
l392-s1-wang-2020,article:l392,balanced_instance,0.0,0,0.5,interval_upper,119,0,0,0,0,119
l392-s1-wang-2020,article:l392,balanced_instance,0.0,0,0.5,coverage_0.5,119,0,0,0,0,119
l392-s1-wang-2020,article:l392,balanced_instance,0.0,0,0.5,coverage_0.75,119,0,0,0,0,119
e410-s2-prasad-2021,article:e410,material_identity,0.0,0,0.1,reported_point,119,0,0,0,0,119
e410-s2-prasad-2021,article:e410,material_identity,0.0,0,0.1,interval_upper,119,0,0,0,0,119
e410-s2-prasad-2021,article:e410,material_identity,0.0,0,0.1,coverage_0.5,119,0,0,0,0,119
e410-s2-prasad-2021,article:e410,material_identity,0.0,0,0.1,coverage_0.75,119,0,0,0,0,119
e410-s2-prasad-2021,article:e410,material_identity,0.0,0,0.2,reported_point,119,0,0,0,0,119
e410-s2-prasad-2021,article:e410,material_identity,0.0,0,0.2,interval_upper,119,0,0,0,0,119
e410-s2-prasad-2021,article:e410,material_identity,0.0,0,0.2,coverage_0.5,119,0,0,0,0,119
e410-s2-prasad-2021,article:e410,material_identity,0.0,0,0.2,coverage_0.75,119,0,0,0,0,119
e410-s2-prasad-2021,article:e410,material_identity,0.0,0,0.3,reported_point,119,6,6,0,6,119
e410-s2-prasad-2021,article:e410,material_identity,0.0,0,0.3,interval_upper,119,6,0,0,0,119
e410-s2-prasad-2021,article:e410,material_identity,0.0,0,0.3,coverage_0.5,119,6,0,0,0,119
e410-s2-prasad-2021,article:e410,material_identity,0.0,0,0.3,coverage_0.75,119,6,0,0,0,119
e410-s2-prasad-2021,article:e410,material_identity,0.0,0,0.4,reported_point,119,9,9,0,9,119
e410-s2-prasad-2021,article:e410,material_identity,0.0,0,0.4,interval_upper,119,9,0,0,0,119
e410-s2-prasad-2021,article:e410,material_identity,0.0,0,0.4,coverage_0.5,119,9,0,0,0,119
e410-s2-prasad-2021,article:e410,material_identity,0.0,0,0.4,coverage_0.75,119,9,0,0,0,119
e410-s2-prasad-2021,article:e410,material_identity,0.0,0,0.5,reported_point,119,16,16,0,16,119
e410-s2-prasad-2021,article:e410,material_identity,0.0,0,0.5,interval_upper,119,16,0,0,0,119
e410-s2-prasad-2021,article:e410,material_identity,0.0,0,0.5,coverage_0.5,119,16,0,0,0,119
e410-s2-prasad-2021,article:e410,material_identity,0.0,0,0.5,coverage_0.75,119,16,0,0,0,119
e410-s2-prasad-2021,article:e410,experimental_protocol,0.0,0,0.1,reported_point,119,1,1,0,1,119
e410-s2-prasad-2021,article:e410,experimental_protocol,0.0,0,0.1,interval_upper,119,1,0,0,0,119
e410-s2-prasad-2021,article:e410,experimental_protocol,0.0,0,0.1,coverage_0.5,119,1,1,0,1,119
e410-s2-prasad-2021,article:e410,experimental_protocol,0.0,0,0.1,coverage_0.75,119,1,0,0,0,119
e410-s2-prasad-2021,article:e410,experimental_protocol,0.0,0,0.2,reported_point,119,1,1,0,1,119
e410-s2-prasad-2021,article:e410,experimental_protocol,0.0,0,0.2,interval_upper,119,1,0,0,0,119
e410-s2-prasad-2021,article:e410,experimental_protocol,0.0,0,0.2,coverage_0.5,119,1,1,0,1,119
e410-s2-prasad-2021,article:e410,experimental_protocol,0.0,0,0.2,coverage_0.75,119,1,0,0,0,119
e410-s2-prasad-2021,article:e410,experimental_protocol,0.0,0,0.3,reported_point,119,2,2,0,2,119
e410-s2-prasad-2021,article:e410,experimental_protocol,0.0,0,0.3,interval_upper,119,2,1,0,1,119
e410-s2-prasad-2021,article:e410,experimental_protocol,0.0,0,0.3,coverage_0.5,119,2,2,0,2,119
e410-s2-prasad-2021,article:e410,experimental_protocol,0.0,0,0.3,coverage_0.75,119,2,0,0,0,119
e410-s2-prasad-2021,article:e410,experimental_protocol,0.0,0,0.4,reported_point,119,2,2,0,2,119
e410-s2-prasad-2021,article:e410,experimental_protocol,0.0,0,0.4,interval_upper,119,2,1,0,1,119
e410-s2-prasad-2021,article:e410,experimental_protocol,0.0,0,0.4,coverage_0.5,119,2,2,0,2,119
e410-s2-prasad-2021,article:e410,experimental_protocol,0.0,0,0.4,coverage_0.75,119,2,0,0,0,119
e410-s2-prasad-2021,article:e410,experimental_protocol,0.0,0,0.5,reported_point,119,2,2,0,2,119
e410-s2-prasad-2021,article:e410,experimental_protocol,0.0,0,0.5,interval_upper,119,2,2,0,2,119
e410-s2-prasad-2021,article:e410,experimental_protocol,0.0,0,0.5,coverage_0.5,119,2,2,0,2,119
e410-s2-prasad-2021,article:e410,experimental_protocol,0.0,0,0.5,coverage_0.75,119,2,0,0,0,119
e410-s2-prasad-2021,article:e410,balanced_instance,0.0,0,0.1,reported_point,119,1,1,0,1,119
e410-s2-prasad-2021,article:e410,balanced_instance,0.0,0,0.1,interval_upper,119,1,0,0,0,119
e410-s2-prasad-2021,article:e410,balanced_instance,0.0,0,0.1,coverage_0.5,119,1,1,0,1,119
e410-s2-prasad-2021,article:e410,balanced_instance,0.0,0,0.1,coverage_0.75,119,1,0,0,0,119
e410-s2-prasad-2021,article:e410,balanced_instance,0.0,0,0.2,reported_point,119,1,1,0,1,119
e410-s2-prasad-2021,article:e410,balanced_instance,0.0,0,0.2,interval_upper,119,1,0,0,0,119
e410-s2-prasad-2021,article:e410,balanced_instance,0.0,0,0.2,coverage_0.5,119,1,1,0,1,119
e410-s2-prasad-2021,article:e410,balanced_instance,0.0,0,0.2,coverage_0.75,119,1,0,0,0,119
e410-s2-prasad-2021,article:e410,balanced_instance,0.0,0,0.3,reported_point,119,2,2,0,2,119
e410-s2-prasad-2021,article:e410,balanced_instance,0.0,0,0.3,interval_upper,119,2,0,0,0,119
e410-s2-prasad-2021,article:e410,balanced_instance,0.0,0,0.3,coverage_0.5,119,2,2,0,2,119
e410-s2-prasad-2021,article:e410,balanced_instance,0.0,0,0.3,coverage_0.75,119,2,0,0,0,119
e410-s2-prasad-2021,article:e410,balanced_instance,0.0,0,0.4,reported_point,119,2,2,0,2,119
e410-s2-prasad-2021,article:e410,balanced_instance,0.0,0,0.4,interval_upper,119,2,0,0,0,119
e410-s2-prasad-2021,article:e410,balanced_instance,0.0,0,0.4,coverage_0.5,119,2,2,0,2,119
e410-s2-prasad-2021,article:e410,balanced_instance,0.0,0,0.4,coverage_0.75,119,2,0,0,0,119
e410-s2-prasad-2021,article:e410,balanced_instance,0.0,0,0.5,reported_point,119,2,2,0,2,119
e410-s2-prasad-2021,article:e410,balanced_instance,0.0,0,0.5,interval_upper,119,2,1,0,1,119
e410-s2-prasad-2021,article:e410,balanced_instance,0.0,0,0.5,coverage_0.5,119,2,2,0,2,119
e410-s2-prasad-2021,article:e410,balanced_instance,0.0,0,0.5,coverage_0.75,119,2,0,0,0,119
l276-s4-huang-2009,article:l276,material_identity,0.0,0,0.1,reported_point,118,0,0,0,0,118
l276-s4-huang-2009,article:l276,material_identity,0.0,0,0.1,interval_upper,118,0,0,0,0,118
l276-s4-huang-2009,article:l276,material_identity,0.0,0,0.1,coverage_0.5,118,0,0,0,0,118
l276-s4-huang-2009,article:l276,material_identity,0.0,0,0.1,coverage_0.75,118,0,0,0,0,118
l276-s4-huang-2009,article:l276,material_identity,0.0,0,0.2,reported_point,118,0,0,0,0,118
l276-s4-huang-2009,article:l276,material_identity,0.0,0,0.2,interval_upper,118,0,0,0,0,118
l276-s4-huang-2009,article:l276,material_identity,0.0,0,0.2,coverage_0.5,118,0,0,0,0,118
l276-s4-huang-2009,article:l276,material_identity,0.0,0,0.2,coverage_0.75,118,0,0,0,0,118
l276-s4-huang-2009,article:l276,material_identity,0.0,0,0.3,reported_point,118,4,4,0,4,118
l276-s4-huang-2009,article:l276,material_identity,0.0,0,0.3,interval_upper,118,4,0,0,0,118
l276-s4-huang-2009,article:l276,material_identity,0.0,0,0.3,coverage_0.5,118,4,0,0,0,118
l276-s4-huang-2009,article:l276,material_identity,0.0,0,0.3,coverage_0.75,118,4,0,0,0,118
l276-s4-huang-2009,article:l276,material_identity,0.0,0,0.4,reported_point,118,5,5,0,5,118
l276-s4-huang-2009,article:l276,material_identity,0.0,0,0.4,interval_upper,118,5,0,0,0,118
l276-s4-huang-2009,article:l276,material_identity,0.0,0,0.4,coverage_0.5,118,5,0,0,0,118
l276-s4-huang-2009,article:l276,material_identity,0.0,0,0.4,coverage_0.75,118,5,0,0,0,118
l276-s4-huang-2009,article:l276,material_identity,0.0,0,0.5,reported_point,118,6,6,0,6,118
l276-s4-huang-2009,article:l276,material_identity,0.0,0,0.5,interval_upper,118,6,0,0,0,118
l276-s4-huang-2009,article:l276,material_identity,0.0,0,0.5,coverage_0.5,118,6,0,0,0,118
l276-s4-huang-2009,article:l276,material_identity,0.0,0,0.5,coverage_0.75,118,6,0,0,0,118
l276-s4-huang-2009,article:l276,experimental_protocol,0.0,0,0.1,reported_point,118,0,0,0,0,118
l276-s4-huang-2009,article:l276,experimental_protocol,0.0,0,0.1,interval_upper,118,0,0,0,0,118
l276-s4-huang-2009,article:l276,experimental_protocol,0.0,0,0.1,coverage_0.5,118,0,0,0,0,118
l276-s4-huang-2009,article:l276,experimental_protocol,0.0,0,0.1,coverage_0.75,118,0,0,0,0,118
l276-s4-huang-2009,article:l276,experimental_protocol,0.0,0,0.2,reported_point,118,0,0,0,0,118
l276-s4-huang-2009,article:l276,experimental_protocol,0.0,0,0.2,interval_upper,118,0,0,0,0,118
l276-s4-huang-2009,article:l276,experimental_protocol,0.0,0,0.2,coverage_0.5,118,0,0,0,0,118
l276-s4-huang-2009,article:l276,experimental_protocol,0.0,0,0.2,coverage_0.75,118,0,0,0,0,118
l276-s4-huang-2009,article:l276,experimental_protocol,0.0,0,0.3,reported_point,118,0,0,0,0,118
l276-s4-huang-2009,article:l276,experimental_protocol,0.0,0,0.3,interval_upper,118,0,0,0,0,118
l276-s4-huang-2009,article:l276,experimental_protocol,0.0,0,0.3,coverage_0.5,118,0,0,0,0,118
l276-s4-huang-2009,article:l276,experimental_protocol,0.0,0,0.3,coverage_0.75,118,0,0,0,0,118
l276-s4-huang-2009,article:l276,experimental_protocol,0.0,0,0.4,reported_point,118,1,1,0,1,118
l276-s4-huang-2009,article:l276,experimental_protocol,0.0,0,0.4,interval_upper,118,1,0,0,0,118
l276-s4-huang-2009,article:l276,experimental_protocol,0.0,0,0.4,coverage_0.5,118,1,1,0,1,118
l276-s4-huang-2009,article:l276,experimental_protocol,0.0,0,0.4,coverage_0.75,118,1,0,0,0,118
l276-s4-huang-2009,article:l276,experimental_protocol,0.0,0,0.5,reported_point,118,1,1,0,1,118
l276-s4-huang-2009,article:l276,experimental_protocol,0.0,0,0.5,interval_upper,118,1,0,0,0,118
l276-s4-huang-2009,article:l276,experimental_protocol,0.0,0,0.5,coverage_0.5,118,1,1,0,1,118
l276-s4-huang-2009,article:l276,experimental_protocol,0.0,0,0.5,coverage_0.75,118,1,0,0,0,118
l276-s4-huang-2009,article:l276,balanced_instance,0.0,0,0.1,reported_point,118,0,0,0,0,118
l276-s4-huang-2009,article:l276,balanced_instance,0.0,0,0.1,interval_upper,118,0,0,0,0,118
l276-s4-huang-2009,article:l276,balanced_instance,0.0,0,0.1,coverage_0.5,118,0,0,0,0,118
l276-s4-huang-2009,article:l276,balanced_instance,0.0,0,0.1,coverage_0.75,118,0,0,0,0,118
l276-s4-huang-2009,article:l276,balanced_instance,0.0,0,0.2,reported_point,118,0,0,0,0,118
l276-s4-huang-2009,article:l276,balanced_instance,0.0,0,0.2,interval_upper,118,0,0,0,0,118
l276-s4-huang-2009,article:l276,balanced_instance,0.0,0,0.2,coverage_0.5,118,0,0,0,0,118
l276-s4-huang-2009,article:l276,balanced_instance,0.0,0,0.2,coverage_0.75,118,0,0,0,0,118
l276-s4-huang-2009,article:l276,balanced_instance,0.0,0,0.3,reported_point,118,0,0,0,0,118
l276-s4-huang-2009,article:l276,balanced_instance,0.0,0,0.3,interval_upper,118,0,0,0,0,118
l276-s4-huang-2009,article:l276,balanced_instance,0.0,0,0.3,coverage_0.5,118,0,0,0,0,118
l276-s4-huang-2009,article:l276,balanced_instance,0.0,0,0.3,coverage_0.75,118,0,0,0,0,118
l276-s4-huang-2009,article:l276,balanced_instance,0.0,0,0.4,reported_point,118,0,0,0,0,118
l276-s4-huang-2009,article:l276,balanced_instance,0.0,0,0.4,interval_upper,118,0,0,0,0,118
l276-s4-huang-2009,article:l276,balanced_instance,0.0,0,0.4,coverage_0.5,118,0,0,0,0,118
l276-s4-huang-2009,article:l276,balanced_instance,0.0,0,0.4,coverage_0.75,118,0,0,0,0,118
l276-s4-huang-2009,article:l276,balanced_instance,0.0,0,0.5,reported_point,118,1,1,0,1,118
l276-s4-huang-2009,article:l276,balanced_instance,0.0,0,0.5,interval_upper,118,1,0,0,0,118
l276-s4-huang-2009,article:l276,balanced_instance,0.0,0,0.5,coverage_0.5,118,1,1,0,1,118
l276-s4-huang-2009,article:l276,balanced_instance,0.0,0,0.5,coverage_0.75,118,1,0,0,0,118
l289-s1-motaung-2012,article:l289,material_identity,0.0,0,0.1,reported_point,119,20,20,0,20,119
l289-s1-motaung-2012,article:l289,material_identity,0.0,0,0.1,interval_upper,119,20,0,0,0,119
l289-s1-motaung-2012,article:l289,material_identity,0.0,0,0.1,coverage_0.5,119,20,0,0,0,119
l289-s1-motaung-2012,article:l289,material_identity,0.0,0,0.1,coverage_0.75,119,20,0,0,0,119
l289-s1-motaung-2012,article:l289,material_identity,0.0,0,0.2,reported_point,119,20,20,0,20,119
l289-s1-motaung-2012,article:l289,material_identity,0.0,0,0.2,interval_upper,119,20,0,0,0,119
l289-s1-motaung-2012,article:l289,material_identity,0.0,0,0.2,coverage_0.5,119,20,0,0,0,119
l289-s1-motaung-2012,article:l289,material_identity,0.0,0,0.2,coverage_0.75,119,20,0,0,0,119
l289-s1-motaung-2012,article:l289,material_identity,0.0,0,0.3,reported_point,119,20,20,0,20,119
l289-s1-motaung-2012,article:l289,material_identity,0.0,0,0.3,interval_upper,119,20,0,0,0,119
l289-s1-motaung-2012,article:l289,material_identity,0.0,0,0.3,coverage_0.5,119,20,0,0,0,119
l289-s1-motaung-2012,article:l289,material_identity,0.0,0,0.3,coverage_0.75,119,20,0,0,0,119
l289-s1-motaung-2012,article:l289,material_identity,0.0,0,0.4,reported_point,119,20,20,0,20,119
l289-s1-motaung-2012,article:l289,material_identity,0.0,0,0.4,interval_upper,119,20,0,0,0,119
l289-s1-motaung-2012,article:l289,material_identity,0.0,0,0.4,coverage_0.5,119,20,0,0,0,119
l289-s1-motaung-2012,article:l289,material_identity,0.0,0,0.4,coverage_0.75,119,20,0,0,0,119
l289-s1-motaung-2012,article:l289,material_identity,0.0,0,0.5,reported_point,119,20,20,0,20,119
l289-s1-motaung-2012,article:l289,material_identity,0.0,0,0.5,interval_upper,119,20,0,0,0,119
l289-s1-motaung-2012,article:l289,material_identity,0.0,0,0.5,coverage_0.5,119,20,0,0,0,119
l289-s1-motaung-2012,article:l289,material_identity,0.0,0,0.5,coverage_0.75,119,20,0,0,0,119
l289-s1-motaung-2012,article:l289,experimental_protocol,0.0,0,0.1,reported_point,119,2,2,0,2,119
l289-s1-motaung-2012,article:l289,experimental_protocol,0.0,0,0.1,interval_upper,119,2,0,0,0,119
l289-s1-motaung-2012,article:l289,experimental_protocol,0.0,0,0.1,coverage_0.5,119,2,2,0,2,119
l289-s1-motaung-2012,article:l289,experimental_protocol,0.0,0,0.1,coverage_0.75,119,2,2,0,2,119
l289-s1-motaung-2012,article:l289,experimental_protocol,0.0,0,0.2,reported_point,119,3,3,0,3,119
l289-s1-motaung-2012,article:l289,experimental_protocol,0.0,0,0.2,interval_upper,119,3,0,0,0,119
l289-s1-motaung-2012,article:l289,experimental_protocol,0.0,0,0.2,coverage_0.5,119,3,3,0,3,119
l289-s1-motaung-2012,article:l289,experimental_protocol,0.0,0,0.2,coverage_0.75,119,3,3,0,3,119
l289-s1-motaung-2012,article:l289,experimental_protocol,0.0,0,0.3,reported_point,119,4,4,0,4,119
l289-s1-motaung-2012,article:l289,experimental_protocol,0.0,0,0.3,interval_upper,119,4,3,0,3,119
l289-s1-motaung-2012,article:l289,experimental_protocol,0.0,0,0.3,coverage_0.5,119,4,4,0,4,119
l289-s1-motaung-2012,article:l289,experimental_protocol,0.0,0,0.3,coverage_0.75,119,4,3,0,3,119
l289-s1-motaung-2012,article:l289,experimental_protocol,0.0,0,0.4,reported_point,119,4,4,0,4,119
l289-s1-motaung-2012,article:l289,experimental_protocol,0.0,0,0.4,interval_upper,119,4,4,0,4,119
l289-s1-motaung-2012,article:l289,experimental_protocol,0.0,0,0.4,coverage_0.5,119,4,4,0,4,119
l289-s1-motaung-2012,article:l289,experimental_protocol,0.0,0,0.4,coverage_0.75,119,4,3,0,3,119
l289-s1-motaung-2012,article:l289,experimental_protocol,0.0,0,0.5,reported_point,119,17,17,0,17,119
l289-s1-motaung-2012,article:l289,experimental_protocol,0.0,0,0.5,interval_upper,119,17,4,0,4,119
l289-s1-motaung-2012,article:l289,experimental_protocol,0.0,0,0.5,coverage_0.5,119,17,17,0,17,119
l289-s1-motaung-2012,article:l289,experimental_protocol,0.0,0,0.5,coverage_0.75,119,17,5,0,5,119
l289-s1-motaung-2012,article:l289,balanced_instance,0.0,0,0.1,reported_point,119,1,1,0,1,119
l289-s1-motaung-2012,article:l289,balanced_instance,0.0,0,0.1,interval_upper,119,1,0,0,0,119
l289-s1-motaung-2012,article:l289,balanced_instance,0.0,0,0.1,coverage_0.5,119,1,1,0,1,119
l289-s1-motaung-2012,article:l289,balanced_instance,0.0,0,0.1,coverage_0.75,119,1,0,0,0,119
l289-s1-motaung-2012,article:l289,balanced_instance,0.0,0,0.2,reported_point,119,1,1,0,1,119
l289-s1-motaung-2012,article:l289,balanced_instance,0.0,0,0.2,interval_upper,119,1,0,0,0,119
l289-s1-motaung-2012,article:l289,balanced_instance,0.0,0,0.2,coverage_0.5,119,1,1,0,1,119
l289-s1-motaung-2012,article:l289,balanced_instance,0.0,0,0.2,coverage_0.75,119,1,0,0,0,119
l289-s1-motaung-2012,article:l289,balanced_instance,0.0,0,0.3,reported_point,119,1,1,0,1,119
l289-s1-motaung-2012,article:l289,balanced_instance,0.0,0,0.3,interval_upper,119,1,0,0,0,119
l289-s1-motaung-2012,article:l289,balanced_instance,0.0,0,0.3,coverage_0.5,119,1,1,0,1,119
l289-s1-motaung-2012,article:l289,balanced_instance,0.0,0,0.3,coverage_0.75,119,1,0,0,0,119
l289-s1-motaung-2012,article:l289,balanced_instance,0.0,0,0.4,reported_point,119,3,3,0,3,119
l289-s1-motaung-2012,article:l289,balanced_instance,0.0,0,0.4,interval_upper,119,3,0,0,0,119
l289-s1-motaung-2012,article:l289,balanced_instance,0.0,0,0.4,coverage_0.5,119,3,2,0,2,119
l289-s1-motaung-2012,article:l289,balanced_instance,0.0,0,0.4,coverage_0.75,119,3,0,0,0,119
l289-s1-motaung-2012,article:l289,balanced_instance,0.0,0,0.5,reported_point,119,6,6,0,6,119
l289-s1-motaung-2012,article:l289,balanced_instance,0.0,0,0.5,interval_upper,119,6,0,0,0,119
l289-s1-motaung-2012,article:l289,balanced_instance,0.0,0,0.5,coverage_0.5,119,6,2,0,2,119
l289-s1-motaung-2012,article:l289,balanced_instance,0.0,0,0.5,coverage_0.75,119,6,0,0,0,119
l294-s6-sarwar-2007,article:l294,material_identity,0.0,0,0.1,reported_point,118,0,0,0,0,118
l294-s6-sarwar-2007,article:l294,material_identity,0.0,0,0.1,interval_upper,118,0,0,0,0,118
l294-s6-sarwar-2007,article:l294,material_identity,0.0,0,0.1,coverage_0.5,118,0,0,0,0,118
l294-s6-sarwar-2007,article:l294,material_identity,0.0,0,0.1,coverage_0.75,118,0,0,0,0,118
l294-s6-sarwar-2007,article:l294,material_identity,0.0,0,0.2,reported_point,118,0,0,0,0,118
l294-s6-sarwar-2007,article:l294,material_identity,0.0,0,0.2,interval_upper,118,0,0,0,0,118
l294-s6-sarwar-2007,article:l294,material_identity,0.0,0,0.2,coverage_0.5,118,0,0,0,0,118
l294-s6-sarwar-2007,article:l294,material_identity,0.0,0,0.2,coverage_0.75,118,0,0,0,0,118
l294-s6-sarwar-2007,article:l294,material_identity,0.0,0,0.3,reported_point,118,0,0,0,0,118
l294-s6-sarwar-2007,article:l294,material_identity,0.0,0,0.3,interval_upper,118,0,0,0,0,118
l294-s6-sarwar-2007,article:l294,material_identity,0.0,0,0.3,coverage_0.5,118,0,0,0,0,118
l294-s6-sarwar-2007,article:l294,material_identity,0.0,0,0.3,coverage_0.75,118,0,0,0,0,118
l294-s6-sarwar-2007,article:l294,material_identity,0.0,0,0.4,reported_point,118,1,1,0,1,118
l294-s6-sarwar-2007,article:l294,material_identity,0.0,0,0.4,interval_upper,118,1,0,0,0,118
l294-s6-sarwar-2007,article:l294,material_identity,0.0,0,0.4,coverage_0.5,118,1,0,0,0,118
l294-s6-sarwar-2007,article:l294,material_identity,0.0,0,0.4,coverage_0.75,118,1,0,0,0,118
l294-s6-sarwar-2007,article:l294,material_identity,0.0,0,0.5,reported_point,118,4,4,0,4,118
l294-s6-sarwar-2007,article:l294,material_identity,0.0,0,0.5,interval_upper,118,4,0,0,0,118
l294-s6-sarwar-2007,article:l294,material_identity,0.0,0,0.5,coverage_0.5,118,4,0,0,0,118
l294-s6-sarwar-2007,article:l294,material_identity,0.0,0,0.5,coverage_0.75,118,4,0,0,0,118
l294-s6-sarwar-2007,article:l294,experimental_protocol,0.0,0,0.1,reported_point,118,0,0,0,0,118
l294-s6-sarwar-2007,article:l294,experimental_protocol,0.0,0,0.1,interval_upper,118,0,0,0,0,118
l294-s6-sarwar-2007,article:l294,experimental_protocol,0.0,0,0.1,coverage_0.5,118,0,0,0,0,118
l294-s6-sarwar-2007,article:l294,experimental_protocol,0.0,0,0.1,coverage_0.75,118,0,0,0,0,118
l294-s6-sarwar-2007,article:l294,experimental_protocol,0.0,0,0.2,reported_point,118,0,0,0,0,118
l294-s6-sarwar-2007,article:l294,experimental_protocol,0.0,0,0.2,interval_upper,118,0,0,0,0,118
l294-s6-sarwar-2007,article:l294,experimental_protocol,0.0,0,0.2,coverage_0.5,118,0,0,0,0,118
l294-s6-sarwar-2007,article:l294,experimental_protocol,0.0,0,0.2,coverage_0.75,118,0,0,0,0,118
l294-s6-sarwar-2007,article:l294,experimental_protocol,0.0,0,0.3,reported_point,118,0,0,0,0,118
l294-s6-sarwar-2007,article:l294,experimental_protocol,0.0,0,0.3,interval_upper,118,0,0,0,0,118
l294-s6-sarwar-2007,article:l294,experimental_protocol,0.0,0,0.3,coverage_0.5,118,0,0,0,0,118
l294-s6-sarwar-2007,article:l294,experimental_protocol,0.0,0,0.3,coverage_0.75,118,0,0,0,0,118
l294-s6-sarwar-2007,article:l294,experimental_protocol,0.0,0,0.4,reported_point,118,0,0,0,0,118
l294-s6-sarwar-2007,article:l294,experimental_protocol,0.0,0,0.4,interval_upper,118,0,0,0,0,118
l294-s6-sarwar-2007,article:l294,experimental_protocol,0.0,0,0.4,coverage_0.5,118,0,0,0,0,118
l294-s6-sarwar-2007,article:l294,experimental_protocol,0.0,0,0.4,coverage_0.75,118,0,0,0,0,118
l294-s6-sarwar-2007,article:l294,experimental_protocol,0.0,0,0.5,reported_point,118,4,4,0,4,118
l294-s6-sarwar-2007,article:l294,experimental_protocol,0.0,0,0.5,interval_upper,118,4,0,0,0,118
l294-s6-sarwar-2007,article:l294,experimental_protocol,0.0,0,0.5,coverage_0.5,118,4,4,0,4,118
l294-s6-sarwar-2007,article:l294,experimental_protocol,0.0,0,0.5,coverage_0.75,118,4,0,0,0,118
l294-s6-sarwar-2007,article:l294,balanced_instance,0.0,0,0.1,reported_point,118,0,0,0,0,118
l294-s6-sarwar-2007,article:l294,balanced_instance,0.0,0,0.1,interval_upper,118,0,0,0,0,118
l294-s6-sarwar-2007,article:l294,balanced_instance,0.0,0,0.1,coverage_0.5,118,0,0,0,0,118
l294-s6-sarwar-2007,article:l294,balanced_instance,0.0,0,0.1,coverage_0.75,118,0,0,0,0,118
l294-s6-sarwar-2007,article:l294,balanced_instance,0.0,0,0.2,reported_point,118,0,0,0,0,118
l294-s6-sarwar-2007,article:l294,balanced_instance,0.0,0,0.2,interval_upper,118,0,0,0,0,118
l294-s6-sarwar-2007,article:l294,balanced_instance,0.0,0,0.2,coverage_0.5,118,0,0,0,0,118
l294-s6-sarwar-2007,article:l294,balanced_instance,0.0,0,0.2,coverage_0.75,118,0,0,0,0,118
l294-s6-sarwar-2007,article:l294,balanced_instance,0.0,0,0.3,reported_point,118,0,0,0,0,118
l294-s6-sarwar-2007,article:l294,balanced_instance,0.0,0,0.3,interval_upper,118,0,0,0,0,118
l294-s6-sarwar-2007,article:l294,balanced_instance,0.0,0,0.3,coverage_0.5,118,0,0,0,0,118
l294-s6-sarwar-2007,article:l294,balanced_instance,0.0,0,0.3,coverage_0.75,118,0,0,0,0,118
l294-s6-sarwar-2007,article:l294,balanced_instance,0.0,0,0.4,reported_point,118,0,0,0,0,118
l294-s6-sarwar-2007,article:l294,balanced_instance,0.0,0,0.4,interval_upper,118,0,0,0,0,118
l294-s6-sarwar-2007,article:l294,balanced_instance,0.0,0,0.4,coverage_0.5,118,0,0,0,0,118
l294-s6-sarwar-2007,article:l294,balanced_instance,0.0,0,0.4,coverage_0.75,118,0,0,0,0,118
l294-s6-sarwar-2007,article:l294,balanced_instance,0.0,0,0.5,reported_point,118,0,0,0,0,118
l294-s6-sarwar-2007,article:l294,balanced_instance,0.0,0,0.5,interval_upper,118,0,0,0,0,118
l294-s6-sarwar-2007,article:l294,balanced_instance,0.0,0,0.5,coverage_0.5,118,0,0,0,0,118
l294-s6-sarwar-2007,article:l294,balanced_instance,0.0,0,0.5,coverage_0.75,118,0,0,0,0,118
e139-s6-hassinger-2016,article:e139,material_identity,0.0,0,0.1,reported_point,119,0,0,0,0,119
e139-s6-hassinger-2016,article:e139,material_identity,0.0,0,0.1,interval_upper,119,0,0,0,0,119
e139-s6-hassinger-2016,article:e139,material_identity,0.0,0,0.1,coverage_0.5,119,0,0,0,0,119
e139-s6-hassinger-2016,article:e139,material_identity,0.0,0,0.1,coverage_0.75,119,0,0,0,0,119
e139-s6-hassinger-2016,article:e139,material_identity,0.0,0,0.2,reported_point,119,0,0,0,0,119
e139-s6-hassinger-2016,article:e139,material_identity,0.0,0,0.2,interval_upper,119,0,0,0,0,119
e139-s6-hassinger-2016,article:e139,material_identity,0.0,0,0.2,coverage_0.5,119,0,0,0,0,119
e139-s6-hassinger-2016,article:e139,material_identity,0.0,0,0.2,coverage_0.75,119,0,0,0,0,119
e139-s6-hassinger-2016,article:e139,material_identity,0.0,0,0.3,reported_point,119,6,6,0,6,119
e139-s6-hassinger-2016,article:e139,material_identity,0.0,0,0.3,interval_upper,119,6,0,0,0,119
e139-s6-hassinger-2016,article:e139,material_identity,0.0,0,0.3,coverage_0.5,119,6,0,0,0,119
e139-s6-hassinger-2016,article:e139,material_identity,0.0,0,0.3,coverage_0.75,119,6,0,0,0,119
e139-s6-hassinger-2016,article:e139,material_identity,0.0,0,0.4,reported_point,119,9,9,0,9,119
e139-s6-hassinger-2016,article:e139,material_identity,0.0,0,0.4,interval_upper,119,9,0,0,0,119
e139-s6-hassinger-2016,article:e139,material_identity,0.0,0,0.4,coverage_0.5,119,9,0,0,0,119
e139-s6-hassinger-2016,article:e139,material_identity,0.0,0,0.4,coverage_0.75,119,9,0,0,0,119
e139-s6-hassinger-2016,article:e139,material_identity,0.0,0,0.5,reported_point,119,16,16,0,16,119
e139-s6-hassinger-2016,article:e139,material_identity,0.0,0,0.5,interval_upper,119,16,0,0,0,119
e139-s6-hassinger-2016,article:e139,material_identity,0.0,0,0.5,coverage_0.5,119,16,0,0,0,119
e139-s6-hassinger-2016,article:e139,material_identity,0.0,0,0.5,coverage_0.75,119,16,0,0,0,119
e139-s6-hassinger-2016,article:e139,experimental_protocol,0.0,0,0.1,reported_point,119,0,0,0,0,119
e139-s6-hassinger-2016,article:e139,experimental_protocol,0.0,0,0.1,interval_upper,119,0,0,0,0,119
e139-s6-hassinger-2016,article:e139,experimental_protocol,0.0,0,0.1,coverage_0.5,119,0,0,0,0,119
e139-s6-hassinger-2016,article:e139,experimental_protocol,0.0,0,0.1,coverage_0.75,119,0,0,0,0,119
e139-s6-hassinger-2016,article:e139,experimental_protocol,0.0,0,0.2,reported_point,119,0,0,0,0,119
e139-s6-hassinger-2016,article:e139,experimental_protocol,0.0,0,0.2,interval_upper,119,0,0,0,0,119
e139-s6-hassinger-2016,article:e139,experimental_protocol,0.0,0,0.2,coverage_0.5,119,0,0,0,0,119
e139-s6-hassinger-2016,article:e139,experimental_protocol,0.0,0,0.2,coverage_0.75,119,0,0,0,0,119
e139-s6-hassinger-2016,article:e139,experimental_protocol,0.0,0,0.3,reported_point,119,2,2,0,2,119
e139-s6-hassinger-2016,article:e139,experimental_protocol,0.0,0,0.3,interval_upper,119,2,0,0,0,119
e139-s6-hassinger-2016,article:e139,experimental_protocol,0.0,0,0.3,coverage_0.5,119,2,2,0,2,119
e139-s6-hassinger-2016,article:e139,experimental_protocol,0.0,0,0.3,coverage_0.75,119,2,0,0,0,119
e139-s6-hassinger-2016,article:e139,experimental_protocol,0.0,0,0.4,reported_point,119,2,2,0,2,119
e139-s6-hassinger-2016,article:e139,experimental_protocol,0.0,0,0.4,interval_upper,119,2,0,0,0,119
e139-s6-hassinger-2016,article:e139,experimental_protocol,0.0,0,0.4,coverage_0.5,119,2,2,0,2,119
e139-s6-hassinger-2016,article:e139,experimental_protocol,0.0,0,0.4,coverage_0.75,119,2,0,0,0,119
e139-s6-hassinger-2016,article:e139,experimental_protocol,0.0,0,0.5,reported_point,119,2,2,0,2,119
e139-s6-hassinger-2016,article:e139,experimental_protocol,0.0,0,0.5,interval_upper,119,2,2,0,2,119
e139-s6-hassinger-2016,article:e139,experimental_protocol,0.0,0,0.5,coverage_0.5,119,2,2,0,2,119
e139-s6-hassinger-2016,article:e139,experimental_protocol,0.0,0,0.5,coverage_0.75,119,2,0,0,0,119
e139-s6-hassinger-2016,article:e139,balanced_instance,0.0,0,0.1,reported_point,119,0,0,0,0,119
e139-s6-hassinger-2016,article:e139,balanced_instance,0.0,0,0.1,interval_upper,119,0,0,0,0,119
e139-s6-hassinger-2016,article:e139,balanced_instance,0.0,0,0.1,coverage_0.5,119,0,0,0,0,119
e139-s6-hassinger-2016,article:e139,balanced_instance,0.0,0,0.1,coverage_0.75,119,0,0,0,0,119
e139-s6-hassinger-2016,article:e139,balanced_instance,0.0,0,0.2,reported_point,119,0,0,0,0,119
e139-s6-hassinger-2016,article:e139,balanced_instance,0.0,0,0.2,interval_upper,119,0,0,0,0,119
e139-s6-hassinger-2016,article:e139,balanced_instance,0.0,0,0.2,coverage_0.5,119,0,0,0,0,119
e139-s6-hassinger-2016,article:e139,balanced_instance,0.0,0,0.2,coverage_0.75,119,0,0,0,0,119
e139-s6-hassinger-2016,article:e139,balanced_instance,0.0,0,0.3,reported_point,119,2,2,0,2,119
e139-s6-hassinger-2016,article:e139,balanced_instance,0.0,0,0.3,interval_upper,119,2,0,0,0,119
e139-s6-hassinger-2016,article:e139,balanced_instance,0.0,0,0.3,coverage_0.5,119,2,2,0,2,119
e139-s6-hassinger-2016,article:e139,balanced_instance,0.0,0,0.3,coverage_0.75,119,2,0,0,0,119
e139-s6-hassinger-2016,article:e139,balanced_instance,0.0,0,0.4,reported_point,119,3,3,0,3,119
e139-s6-hassinger-2016,article:e139,balanced_instance,0.0,0,0.4,interval_upper,119,3,0,0,0,119
e139-s6-hassinger-2016,article:e139,balanced_instance,0.0,0,0.4,coverage_0.5,119,3,3,0,3,119
e139-s6-hassinger-2016,article:e139,balanced_instance,0.0,0,0.4,coverage_0.75,119,3,0,0,0,119
e139-s6-hassinger-2016,article:e139,balanced_instance,0.0,0,0.5,reported_point,119,3,3,0,3,119
e139-s6-hassinger-2016,article:e139,balanced_instance,0.0,0,0.5,interval_upper,119,3,0,0,0,119
e139-s6-hassinger-2016,article:e139,balanced_instance,0.0,0,0.5,coverage_0.5,119,3,3,0,3,119
e139-s6-hassinger-2016,article:e139,balanced_instance,0.0,0,0.5,coverage_0.75,119,3,0,0,0,119
l306-s2-jiang-2008,article:l306,material_identity,0.0,0,0.1,reported_point,118,0,0,0,0,118
l306-s2-jiang-2008,article:l306,material_identity,0.0,0,0.1,interval_upper,118,0,0,0,0,118
l306-s2-jiang-2008,article:l306,material_identity,0.0,0,0.1,coverage_0.5,118,0,0,0,0,118
l306-s2-jiang-2008,article:l306,material_identity,0.0,0,0.1,coverage_0.75,118,0,0,0,0,118
l306-s2-jiang-2008,article:l306,material_identity,0.0,0,0.2,reported_point,118,0,0,0,0,118
l306-s2-jiang-2008,article:l306,material_identity,0.0,0,0.2,interval_upper,118,0,0,0,0,118
l306-s2-jiang-2008,article:l306,material_identity,0.0,0,0.2,coverage_0.5,118,0,0,0,0,118
l306-s2-jiang-2008,article:l306,material_identity,0.0,0,0.2,coverage_0.75,118,0,0,0,0,118
l306-s2-jiang-2008,article:l306,material_identity,0.0,0,0.3,reported_point,118,7,7,0,7,118
l306-s2-jiang-2008,article:l306,material_identity,0.0,0,0.3,interval_upper,118,7,0,0,0,118
l306-s2-jiang-2008,article:l306,material_identity,0.0,0,0.3,coverage_0.5,118,7,0,0,0,118
l306-s2-jiang-2008,article:l306,material_identity,0.0,0,0.3,coverage_0.75,118,7,0,0,0,118
l306-s2-jiang-2008,article:l306,material_identity,0.0,0,0.4,reported_point,118,11,11,0,11,118
l306-s2-jiang-2008,article:l306,material_identity,0.0,0,0.4,interval_upper,118,11,0,0,0,118
l306-s2-jiang-2008,article:l306,material_identity,0.0,0,0.4,coverage_0.5,118,11,0,0,0,118
l306-s2-jiang-2008,article:l306,material_identity,0.0,0,0.4,coverage_0.75,118,11,0,0,0,118
l306-s2-jiang-2008,article:l306,material_identity,0.0,0,0.5,reported_point,118,13,13,0,13,118
l306-s2-jiang-2008,article:l306,material_identity,0.0,0,0.5,interval_upper,118,13,0,0,0,118
l306-s2-jiang-2008,article:l306,material_identity,0.0,0,0.5,coverage_0.5,118,13,0,0,0,118
l306-s2-jiang-2008,article:l306,material_identity,0.0,0,0.5,coverage_0.75,118,13,0,0,0,118
l306-s2-jiang-2008,article:l306,experimental_protocol,0.0,0,0.1,reported_point,118,0,0,0,0,118
l306-s2-jiang-2008,article:l306,experimental_protocol,0.0,0,0.1,interval_upper,118,0,0,0,0,118
l306-s2-jiang-2008,article:l306,experimental_protocol,0.0,0,0.1,coverage_0.5,118,0,0,0,0,118
l306-s2-jiang-2008,article:l306,experimental_protocol,0.0,0,0.1,coverage_0.75,118,0,0,0,0,118
l306-s2-jiang-2008,article:l306,experimental_protocol,0.0,0,0.2,reported_point,118,0,0,0,0,118
l306-s2-jiang-2008,article:l306,experimental_protocol,0.0,0,0.2,interval_upper,118,0,0,0,0,118
l306-s2-jiang-2008,article:l306,experimental_protocol,0.0,0,0.2,coverage_0.5,118,0,0,0,0,118
l306-s2-jiang-2008,article:l306,experimental_protocol,0.0,0,0.2,coverage_0.75,118,0,0,0,0,118
l306-s2-jiang-2008,article:l306,experimental_protocol,0.0,0,0.3,reported_point,118,0,0,0,0,118
l306-s2-jiang-2008,article:l306,experimental_protocol,0.0,0,0.3,interval_upper,118,0,0,0,0,118
l306-s2-jiang-2008,article:l306,experimental_protocol,0.0,0,0.3,coverage_0.5,118,0,0,0,0,118
l306-s2-jiang-2008,article:l306,experimental_protocol,0.0,0,0.3,coverage_0.75,118,0,0,0,0,118
l306-s2-jiang-2008,article:l306,experimental_protocol,0.0,0,0.4,reported_point,118,0,0,0,0,118
l306-s2-jiang-2008,article:l306,experimental_protocol,0.0,0,0.4,interval_upper,118,0,0,0,0,118
l306-s2-jiang-2008,article:l306,experimental_protocol,0.0,0,0.4,coverage_0.5,118,0,0,0,0,118
l306-s2-jiang-2008,article:l306,experimental_protocol,0.0,0,0.4,coverage_0.75,118,0,0,0,0,118
l306-s2-jiang-2008,article:l306,experimental_protocol,0.0,0,0.5,reported_point,118,7,7,0,7,118
l306-s2-jiang-2008,article:l306,experimental_protocol,0.0,0,0.5,interval_upper,118,7,0,0,0,118
l306-s2-jiang-2008,article:l306,experimental_protocol,0.0,0,0.5,coverage_0.5,118,7,7,0,7,118
l306-s2-jiang-2008,article:l306,experimental_protocol,0.0,0,0.5,coverage_0.75,118,7,3,0,3,118
l306-s2-jiang-2008,article:l306,balanced_instance,0.0,0,0.1,reported_point,118,0,0,0,0,118
l306-s2-jiang-2008,article:l306,balanced_instance,0.0,0,0.1,interval_upper,118,0,0,0,0,118
l306-s2-jiang-2008,article:l306,balanced_instance,0.0,0,0.1,coverage_0.5,118,0,0,0,0,118
l306-s2-jiang-2008,article:l306,balanced_instance,0.0,0,0.1,coverage_0.75,118,0,0,0,0,118
l306-s2-jiang-2008,article:l306,balanced_instance,0.0,0,0.2,reported_point,118,0,0,0,0,118
l306-s2-jiang-2008,article:l306,balanced_instance,0.0,0,0.2,interval_upper,118,0,0,0,0,118
l306-s2-jiang-2008,article:l306,balanced_instance,0.0,0,0.2,coverage_0.5,118,0,0,0,0,118
l306-s2-jiang-2008,article:l306,balanced_instance,0.0,0,0.2,coverage_0.75,118,0,0,0,0,118
l306-s2-jiang-2008,article:l306,balanced_instance,0.0,0,0.3,reported_point,118,0,0,0,0,118
l306-s2-jiang-2008,article:l306,balanced_instance,0.0,0,0.3,interval_upper,118,0,0,0,0,118
l306-s2-jiang-2008,article:l306,balanced_instance,0.0,0,0.3,coverage_0.5,118,0,0,0,0,118
l306-s2-jiang-2008,article:l306,balanced_instance,0.0,0,0.3,coverage_0.75,118,0,0,0,0,118
l306-s2-jiang-2008,article:l306,balanced_instance,0.0,0,0.4,reported_point,118,0,0,0,0,118
l306-s2-jiang-2008,article:l306,balanced_instance,0.0,0,0.4,interval_upper,118,0,0,0,0,118
l306-s2-jiang-2008,article:l306,balanced_instance,0.0,0,0.4,coverage_0.5,118,0,0,0,0,118
l306-s2-jiang-2008,article:l306,balanced_instance,0.0,0,0.4,coverage_0.75,118,0,0,0,0,118
l306-s2-jiang-2008,article:l306,balanced_instance,0.0,0,0.5,reported_point,118,3,3,0,3,118
l306-s2-jiang-2008,article:l306,balanced_instance,0.0,0,0.5,interval_upper,118,3,0,0,0,118
l306-s2-jiang-2008,article:l306,balanced_instance,0.0,0,0.5,coverage_0.5,118,3,3,0,3,118
l306-s2-jiang-2008,article:l306,balanced_instance,0.0,0,0.5,coverage_0.75,118,3,0,0,0,118
e408-s24-prasad-2021,article:e408,material_identity,0.0,0,0.1,reported_point,119,1,1,0,1,119
e408-s24-prasad-2021,article:e408,material_identity,0.0,0,0.1,interval_upper,119,1,0,0,0,119
e408-s24-prasad-2021,article:e408,material_identity,0.0,0,0.1,coverage_0.5,119,1,0,0,0,119
e408-s24-prasad-2021,article:e408,material_identity,0.0,0,0.1,coverage_0.75,119,1,0,0,0,119
e408-s24-prasad-2021,article:e408,material_identity,0.0,0,0.2,reported_point,119,1,1,0,1,119
e408-s24-prasad-2021,article:e408,material_identity,0.0,0,0.2,interval_upper,119,1,0,0,0,119
e408-s24-prasad-2021,article:e408,material_identity,0.0,0,0.2,coverage_0.5,119,1,0,0,0,119
e408-s24-prasad-2021,article:e408,material_identity,0.0,0,0.2,coverage_0.75,119,1,0,0,0,119
e408-s24-prasad-2021,article:e408,material_identity,0.0,0,0.3,reported_point,119,5,5,0,5,119
e408-s24-prasad-2021,article:e408,material_identity,0.0,0,0.3,interval_upper,119,5,0,0,0,119
e408-s24-prasad-2021,article:e408,material_identity,0.0,0,0.3,coverage_0.5,119,5,0,0,0,119
e408-s24-prasad-2021,article:e408,material_identity,0.0,0,0.3,coverage_0.75,119,5,0,0,0,119
e408-s24-prasad-2021,article:e408,material_identity,0.0,0,0.4,reported_point,119,8,8,0,8,119
e408-s24-prasad-2021,article:e408,material_identity,0.0,0,0.4,interval_upper,119,8,0,0,0,119
e408-s24-prasad-2021,article:e408,material_identity,0.0,0,0.4,coverage_0.5,119,8,0,0,0,119
e408-s24-prasad-2021,article:e408,material_identity,0.0,0,0.4,coverage_0.75,119,8,0,0,0,119
e408-s24-prasad-2021,article:e408,material_identity,0.0,0,0.5,reported_point,119,15,15,0,15,119
e408-s24-prasad-2021,article:e408,material_identity,0.0,0,0.5,interval_upper,119,15,0,0,0,119
e408-s24-prasad-2021,article:e408,material_identity,0.0,0,0.5,coverage_0.5,119,15,0,0,0,119
e408-s24-prasad-2021,article:e408,material_identity,0.0,0,0.5,coverage_0.75,119,15,0,0,0,119
e408-s24-prasad-2021,article:e408,experimental_protocol,0.0,0,0.1,reported_point,119,1,1,0,1,119
e408-s24-prasad-2021,article:e408,experimental_protocol,0.0,0,0.1,interval_upper,119,1,0,0,0,119
e408-s24-prasad-2021,article:e408,experimental_protocol,0.0,0,0.1,coverage_0.5,119,1,1,0,1,119
e408-s24-prasad-2021,article:e408,experimental_protocol,0.0,0,0.1,coverage_0.75,119,1,0,0,0,119
e408-s24-prasad-2021,article:e408,experimental_protocol,0.0,0,0.2,reported_point,119,1,1,0,1,119
e408-s24-prasad-2021,article:e408,experimental_protocol,0.0,0,0.2,interval_upper,119,1,0,0,0,119
e408-s24-prasad-2021,article:e408,experimental_protocol,0.0,0,0.2,coverage_0.5,119,1,1,0,1,119
e408-s24-prasad-2021,article:e408,experimental_protocol,0.0,0,0.2,coverage_0.75,119,1,0,0,0,119
e408-s24-prasad-2021,article:e408,experimental_protocol,0.0,0,0.3,reported_point,119,2,2,0,2,119
e408-s24-prasad-2021,article:e408,experimental_protocol,0.0,0,0.3,interval_upper,119,2,1,0,1,119
e408-s24-prasad-2021,article:e408,experimental_protocol,0.0,0,0.3,coverage_0.5,119,2,2,0,2,119
e408-s24-prasad-2021,article:e408,experimental_protocol,0.0,0,0.3,coverage_0.75,119,2,0,0,0,119
e408-s24-prasad-2021,article:e408,experimental_protocol,0.0,0,0.4,reported_point,119,2,2,0,2,119
e408-s24-prasad-2021,article:e408,experimental_protocol,0.0,0,0.4,interval_upper,119,2,1,0,1,119
e408-s24-prasad-2021,article:e408,experimental_protocol,0.0,0,0.4,coverage_0.5,119,2,2,0,2,119
e408-s24-prasad-2021,article:e408,experimental_protocol,0.0,0,0.4,coverage_0.75,119,2,0,0,0,119
e408-s24-prasad-2021,article:e408,experimental_protocol,0.0,0,0.5,reported_point,119,2,2,0,2,119
e408-s24-prasad-2021,article:e408,experimental_protocol,0.0,0,0.5,interval_upper,119,2,2,0,2,119
e408-s24-prasad-2021,article:e408,experimental_protocol,0.0,0,0.5,coverage_0.5,119,2,2,0,2,119
e408-s24-prasad-2021,article:e408,experimental_protocol,0.0,0,0.5,coverage_0.75,119,2,0,0,0,119
e408-s24-prasad-2021,article:e408,balanced_instance,0.0,0,0.1,reported_point,119,1,1,0,1,119
e408-s24-prasad-2021,article:e408,balanced_instance,0.0,0,0.1,interval_upper,119,1,0,0,0,119
e408-s24-prasad-2021,article:e408,balanced_instance,0.0,0,0.1,coverage_0.5,119,1,1,0,1,119
e408-s24-prasad-2021,article:e408,balanced_instance,0.0,0,0.1,coverage_0.75,119,1,0,0,0,119
e408-s24-prasad-2021,article:e408,balanced_instance,0.0,0,0.2,reported_point,119,1,1,0,1,119
e408-s24-prasad-2021,article:e408,balanced_instance,0.0,0,0.2,interval_upper,119,1,0,0,0,119
e408-s24-prasad-2021,article:e408,balanced_instance,0.0,0,0.2,coverage_0.5,119,1,1,0,1,119
e408-s24-prasad-2021,article:e408,balanced_instance,0.0,0,0.2,coverage_0.75,119,1,0,0,0,119
e408-s24-prasad-2021,article:e408,balanced_instance,0.0,0,0.3,reported_point,119,2,2,0,2,119
e408-s24-prasad-2021,article:e408,balanced_instance,0.0,0,0.3,interval_upper,119,2,0,0,0,119
e408-s24-prasad-2021,article:e408,balanced_instance,0.0,0,0.3,coverage_0.5,119,2,2,0,2,119
e408-s24-prasad-2021,article:e408,balanced_instance,0.0,0,0.3,coverage_0.75,119,2,0,0,0,119
e408-s24-prasad-2021,article:e408,balanced_instance,0.0,0,0.4,reported_point,119,2,2,0,2,119
e408-s24-prasad-2021,article:e408,balanced_instance,0.0,0,0.4,interval_upper,119,2,0,0,0,119
e408-s24-prasad-2021,article:e408,balanced_instance,0.0,0,0.4,coverage_0.5,119,2,2,0,2,119
e408-s24-prasad-2021,article:e408,balanced_instance,0.0,0,0.4,coverage_0.75,119,2,0,0,0,119
e408-s24-prasad-2021,article:e408,balanced_instance,0.0,0,0.5,reported_point,119,3,3,0,3,119
e408-s24-prasad-2021,article:e408,balanced_instance,0.0,0,0.5,interval_upper,119,3,1,0,1,119
e408-s24-prasad-2021,article:e408,balanced_instance,0.0,0,0.5,coverage_0.5,119,3,2,0,2,119
e408-s24-prasad-2021,article:e408,balanced_instance,0.0,0,0.5,coverage_0.75,119,3,0,0,0,119
l236-s9-fukushima-2012,article:l236,material_identity,0.0,0,0.1,reported_point,119,0,0,0,0,119
l236-s9-fukushima-2012,article:l236,material_identity,0.0,0,0.1,interval_upper,119,0,0,0,0,119
l236-s9-fukushima-2012,article:l236,material_identity,0.0,0,0.1,coverage_0.5,119,0,0,0,0,119
l236-s9-fukushima-2012,article:l236,material_identity,0.0,0,0.1,coverage_0.75,119,0,0,0,0,119
l236-s9-fukushima-2012,article:l236,material_identity,0.0,0,0.2,reported_point,119,0,0,0,0,119
l236-s9-fukushima-2012,article:l236,material_identity,0.0,0,0.2,interval_upper,119,0,0,0,0,119
l236-s9-fukushima-2012,article:l236,material_identity,0.0,0,0.2,coverage_0.5,119,0,0,0,0,119
l236-s9-fukushima-2012,article:l236,material_identity,0.0,0,0.2,coverage_0.75,119,0,0,0,0,119
l236-s9-fukushima-2012,article:l236,material_identity,0.0,0,0.3,reported_point,119,0,0,0,0,119
l236-s9-fukushima-2012,article:l236,material_identity,0.0,0,0.3,interval_upper,119,0,0,0,0,119
l236-s9-fukushima-2012,article:l236,material_identity,0.0,0,0.3,coverage_0.5,119,0,0,0,0,119
l236-s9-fukushima-2012,article:l236,material_identity,0.0,0,0.3,coverage_0.75,119,0,0,0,0,119
l236-s9-fukushima-2012,article:l236,material_identity,0.0,0,0.4,reported_point,119,0,0,0,0,119
l236-s9-fukushima-2012,article:l236,material_identity,0.0,0,0.4,interval_upper,119,0,0,0,0,119
l236-s9-fukushima-2012,article:l236,material_identity,0.0,0,0.4,coverage_0.5,119,0,0,0,0,119
l236-s9-fukushima-2012,article:l236,material_identity,0.0,0,0.4,coverage_0.75,119,0,0,0,0,119
l236-s9-fukushima-2012,article:l236,material_identity,0.0,0,0.5,reported_point,119,0,0,0,0,119
l236-s9-fukushima-2012,article:l236,material_identity,0.0,0,0.5,interval_upper,119,0,0,0,0,119
l236-s9-fukushima-2012,article:l236,material_identity,0.0,0,0.5,coverage_0.5,119,0,0,0,0,119
l236-s9-fukushima-2012,article:l236,material_identity,0.0,0,0.5,coverage_0.75,119,0,0,0,0,119
l236-s9-fukushima-2012,article:l236,experimental_protocol,0.0,0,0.1,reported_point,119,0,0,0,0,119
l236-s9-fukushima-2012,article:l236,experimental_protocol,0.0,0,0.1,interval_upper,119,0,0,0,0,119
l236-s9-fukushima-2012,article:l236,experimental_protocol,0.0,0,0.1,coverage_0.5,119,0,0,0,0,119
l236-s9-fukushima-2012,article:l236,experimental_protocol,0.0,0,0.1,coverage_0.75,119,0,0,0,0,119
l236-s9-fukushima-2012,article:l236,experimental_protocol,0.0,0,0.2,reported_point,119,0,0,0,0,119
l236-s9-fukushima-2012,article:l236,experimental_protocol,0.0,0,0.2,interval_upper,119,0,0,0,0,119
l236-s9-fukushima-2012,article:l236,experimental_protocol,0.0,0,0.2,coverage_0.5,119,0,0,0,0,119
l236-s9-fukushima-2012,article:l236,experimental_protocol,0.0,0,0.2,coverage_0.75,119,0,0,0,0,119
l236-s9-fukushima-2012,article:l236,experimental_protocol,0.0,0,0.3,reported_point,119,0,0,0,0,119
l236-s9-fukushima-2012,article:l236,experimental_protocol,0.0,0,0.3,interval_upper,119,0,0,0,0,119
l236-s9-fukushima-2012,article:l236,experimental_protocol,0.0,0,0.3,coverage_0.5,119,0,0,0,0,119
l236-s9-fukushima-2012,article:l236,experimental_protocol,0.0,0,0.3,coverage_0.75,119,0,0,0,0,119
l236-s9-fukushima-2012,article:l236,experimental_protocol,0.0,0,0.4,reported_point,119,0,0,0,0,119
l236-s9-fukushima-2012,article:l236,experimental_protocol,0.0,0,0.4,interval_upper,119,0,0,0,0,119
l236-s9-fukushima-2012,article:l236,experimental_protocol,0.0,0,0.4,coverage_0.5,119,0,0,0,0,119
l236-s9-fukushima-2012,article:l236,experimental_protocol,0.0,0,0.4,coverage_0.75,119,0,0,0,0,119
l236-s9-fukushima-2012,article:l236,experimental_protocol,0.0,0,0.5,reported_point,119,1,1,0,1,119
l236-s9-fukushima-2012,article:l236,experimental_protocol,0.0,0,0.5,interval_upper,119,1,0,0,0,119
l236-s9-fukushima-2012,article:l236,experimental_protocol,0.0,0,0.5,coverage_0.5,119,1,1,0,1,119
l236-s9-fukushima-2012,article:l236,experimental_protocol,0.0,0,0.5,coverage_0.75,119,1,0,0,0,119
l236-s9-fukushima-2012,article:l236,balanced_instance,0.0,0,0.1,reported_point,119,0,0,0,0,119
l236-s9-fukushima-2012,article:l236,balanced_instance,0.0,0,0.1,interval_upper,119,0,0,0,0,119
l236-s9-fukushima-2012,article:l236,balanced_instance,0.0,0,0.1,coverage_0.5,119,0,0,0,0,119
l236-s9-fukushima-2012,article:l236,balanced_instance,0.0,0,0.1,coverage_0.75,119,0,0,0,0,119
l236-s9-fukushima-2012,article:l236,balanced_instance,0.0,0,0.2,reported_point,119,0,0,0,0,119
l236-s9-fukushima-2012,article:l236,balanced_instance,0.0,0,0.2,interval_upper,119,0,0,0,0,119
l236-s9-fukushima-2012,article:l236,balanced_instance,0.0,0,0.2,coverage_0.5,119,0,0,0,0,119
l236-s9-fukushima-2012,article:l236,balanced_instance,0.0,0,0.2,coverage_0.75,119,0,0,0,0,119
l236-s9-fukushima-2012,article:l236,balanced_instance,0.0,0,0.3,reported_point,119,0,0,0,0,119
l236-s9-fukushima-2012,article:l236,balanced_instance,0.0,0,0.3,interval_upper,119,0,0,0,0,119
l236-s9-fukushima-2012,article:l236,balanced_instance,0.0,0,0.3,coverage_0.5,119,0,0,0,0,119
l236-s9-fukushima-2012,article:l236,balanced_instance,0.0,0,0.3,coverage_0.75,119,0,0,0,0,119
l236-s9-fukushima-2012,article:l236,balanced_instance,0.0,0,0.4,reported_point,119,0,0,0,0,119
l236-s9-fukushima-2012,article:l236,balanced_instance,0.0,0,0.4,interval_upper,119,0,0,0,0,119
l236-s9-fukushima-2012,article:l236,balanced_instance,0.0,0,0.4,coverage_0.5,119,0,0,0,0,119
l236-s9-fukushima-2012,article:l236,balanced_instance,0.0,0,0.4,coverage_0.75,119,0,0,0,0,119
l236-s9-fukushima-2012,article:l236,balanced_instance,0.0,0,0.5,reported_point,119,1,1,0,1,119
l236-s9-fukushima-2012,article:l236,balanced_instance,0.0,0,0.5,interval_upper,119,1,0,0,0,119
l236-s9-fukushima-2012,article:l236,balanced_instance,0.0,0,0.5,coverage_0.5,119,1,1,0,1,119
l236-s9-fukushima-2012,article:l236,balanced_instance,0.0,0,0.5,coverage_0.75,119,1,0,0,0,119
l306-s3-jiang-2008,article:l306,material_identity,0.0,0,0.1,reported_point,118,0,0,0,0,118
l306-s3-jiang-2008,article:l306,material_identity,0.0,0,0.1,interval_upper,118,0,0,0,0,118
l306-s3-jiang-2008,article:l306,material_identity,0.0,0,0.1,coverage_0.5,118,0,0,0,0,118
l306-s3-jiang-2008,article:l306,material_identity,0.0,0,0.1,coverage_0.75,118,0,0,0,0,118
l306-s3-jiang-2008,article:l306,material_identity,0.0,0,0.2,reported_point,118,0,0,0,0,118
l306-s3-jiang-2008,article:l306,material_identity,0.0,0,0.2,interval_upper,118,0,0,0,0,118
l306-s3-jiang-2008,article:l306,material_identity,0.0,0,0.2,coverage_0.5,118,0,0,0,0,118
l306-s3-jiang-2008,article:l306,material_identity,0.0,0,0.2,coverage_0.75,118,0,0,0,0,118
l306-s3-jiang-2008,article:l306,material_identity,0.0,0,0.3,reported_point,118,7,7,0,7,118
l306-s3-jiang-2008,article:l306,material_identity,0.0,0,0.3,interval_upper,118,7,0,0,0,118
l306-s3-jiang-2008,article:l306,material_identity,0.0,0,0.3,coverage_0.5,118,7,0,0,0,118
l306-s3-jiang-2008,article:l306,material_identity,0.0,0,0.3,coverage_0.75,118,7,0,0,0,118
l306-s3-jiang-2008,article:l306,material_identity,0.0,0,0.4,reported_point,118,11,11,0,11,118
l306-s3-jiang-2008,article:l306,material_identity,0.0,0,0.4,interval_upper,118,11,0,0,0,118
l306-s3-jiang-2008,article:l306,material_identity,0.0,0,0.4,coverage_0.5,118,11,0,0,0,118
l306-s3-jiang-2008,article:l306,material_identity,0.0,0,0.4,coverage_0.75,118,11,0,0,0,118
l306-s3-jiang-2008,article:l306,material_identity,0.0,0,0.5,reported_point,118,13,13,0,13,118
l306-s3-jiang-2008,article:l306,material_identity,0.0,0,0.5,interval_upper,118,13,0,0,0,118
l306-s3-jiang-2008,article:l306,material_identity,0.0,0,0.5,coverage_0.5,118,13,0,0,0,118
l306-s3-jiang-2008,article:l306,material_identity,0.0,0,0.5,coverage_0.75,118,13,0,0,0,118
l306-s3-jiang-2008,article:l306,experimental_protocol,0.0,0,0.1,reported_point,118,0,0,0,0,118
l306-s3-jiang-2008,article:l306,experimental_protocol,0.0,0,0.1,interval_upper,118,0,0,0,0,118
l306-s3-jiang-2008,article:l306,experimental_protocol,0.0,0,0.1,coverage_0.5,118,0,0,0,0,118
l306-s3-jiang-2008,article:l306,experimental_protocol,0.0,0,0.1,coverage_0.75,118,0,0,0,0,118
l306-s3-jiang-2008,article:l306,experimental_protocol,0.0,0,0.2,reported_point,118,0,0,0,0,118
l306-s3-jiang-2008,article:l306,experimental_protocol,0.0,0,0.2,interval_upper,118,0,0,0,0,118
l306-s3-jiang-2008,article:l306,experimental_protocol,0.0,0,0.2,coverage_0.5,118,0,0,0,0,118
l306-s3-jiang-2008,article:l306,experimental_protocol,0.0,0,0.2,coverage_0.75,118,0,0,0,0,118
l306-s3-jiang-2008,article:l306,experimental_protocol,0.0,0,0.3,reported_point,118,0,0,0,0,118
l306-s3-jiang-2008,article:l306,experimental_protocol,0.0,0,0.3,interval_upper,118,0,0,0,0,118
l306-s3-jiang-2008,article:l306,experimental_protocol,0.0,0,0.3,coverage_0.5,118,0,0,0,0,118
l306-s3-jiang-2008,article:l306,experimental_protocol,0.0,0,0.3,coverage_0.75,118,0,0,0,0,118
l306-s3-jiang-2008,article:l306,experimental_protocol,0.0,0,0.4,reported_point,118,0,0,0,0,118
l306-s3-jiang-2008,article:l306,experimental_protocol,0.0,0,0.4,interval_upper,118,0,0,0,0,118
l306-s3-jiang-2008,article:l306,experimental_protocol,0.0,0,0.4,coverage_0.5,118,0,0,0,0,118
l306-s3-jiang-2008,article:l306,experimental_protocol,0.0,0,0.4,coverage_0.75,118,0,0,0,0,118
l306-s3-jiang-2008,article:l306,experimental_protocol,0.0,0,0.5,reported_point,118,7,7,0,7,118
l306-s3-jiang-2008,article:l306,experimental_protocol,0.0,0,0.5,interval_upper,118,7,0,0,0,118
l306-s3-jiang-2008,article:l306,experimental_protocol,0.0,0,0.5,coverage_0.5,118,7,7,0,7,118
l306-s3-jiang-2008,article:l306,experimental_protocol,0.0,0,0.5,coverage_0.75,118,7,3,0,3,118
l306-s3-jiang-2008,article:l306,balanced_instance,0.0,0,0.1,reported_point,118,0,0,0,0,118
l306-s3-jiang-2008,article:l306,balanced_instance,0.0,0,0.1,interval_upper,118,0,0,0,0,118
l306-s3-jiang-2008,article:l306,balanced_instance,0.0,0,0.1,coverage_0.5,118,0,0,0,0,118
l306-s3-jiang-2008,article:l306,balanced_instance,0.0,0,0.1,coverage_0.75,118,0,0,0,0,118
l306-s3-jiang-2008,article:l306,balanced_instance,0.0,0,0.2,reported_point,118,0,0,0,0,118
l306-s3-jiang-2008,article:l306,balanced_instance,0.0,0,0.2,interval_upper,118,0,0,0,0,118
l306-s3-jiang-2008,article:l306,balanced_instance,0.0,0,0.2,coverage_0.5,118,0,0,0,0,118
l306-s3-jiang-2008,article:l306,balanced_instance,0.0,0,0.2,coverage_0.75,118,0,0,0,0,118
l306-s3-jiang-2008,article:l306,balanced_instance,0.0,0,0.3,reported_point,118,0,0,0,0,118
l306-s3-jiang-2008,article:l306,balanced_instance,0.0,0,0.3,interval_upper,118,0,0,0,0,118
l306-s3-jiang-2008,article:l306,balanced_instance,0.0,0,0.3,coverage_0.5,118,0,0,0,0,118
l306-s3-jiang-2008,article:l306,balanced_instance,0.0,0,0.3,coverage_0.75,118,0,0,0,0,118
l306-s3-jiang-2008,article:l306,balanced_instance,0.0,0,0.4,reported_point,118,0,0,0,0,118
l306-s3-jiang-2008,article:l306,balanced_instance,0.0,0,0.4,interval_upper,118,0,0,0,0,118
l306-s3-jiang-2008,article:l306,balanced_instance,0.0,0,0.4,coverage_0.5,118,0,0,0,0,118
l306-s3-jiang-2008,article:l306,balanced_instance,0.0,0,0.4,coverage_0.75,118,0,0,0,0,118
l306-s3-jiang-2008,article:l306,balanced_instance,0.0,0,0.5,reported_point,118,3,3,0,3,118
l306-s3-jiang-2008,article:l306,balanced_instance,0.0,0,0.5,interval_upper,118,3,0,0,0,118
l306-s3-jiang-2008,article:l306,balanced_instance,0.0,0,0.5,coverage_0.5,118,3,3,0,3,118
l306-s3-jiang-2008,article:l306,balanced_instance,0.0,0,0.5,coverage_0.75,118,3,0,0,0,118
l120-s2-murugaraj-2005,article:l120,material_identity,0.0,0,0.1,reported_point,118,0,0,0,0,118
l120-s2-murugaraj-2005,article:l120,material_identity,0.0,0,0.1,interval_upper,118,0,0,0,0,118
l120-s2-murugaraj-2005,article:l120,material_identity,0.0,0,0.1,coverage_0.5,118,0,0,0,0,118
l120-s2-murugaraj-2005,article:l120,material_identity,0.0,0,0.1,coverage_0.75,118,0,0,0,0,118
l120-s2-murugaraj-2005,article:l120,material_identity,0.0,0,0.2,reported_point,118,0,0,0,0,118
l120-s2-murugaraj-2005,article:l120,material_identity,0.0,0,0.2,interval_upper,118,0,0,0,0,118
l120-s2-murugaraj-2005,article:l120,material_identity,0.0,0,0.2,coverage_0.5,118,0,0,0,0,118
l120-s2-murugaraj-2005,article:l120,material_identity,0.0,0,0.2,coverage_0.75,118,0,0,0,0,118
l120-s2-murugaraj-2005,article:l120,material_identity,0.0,0,0.3,reported_point,118,0,0,0,0,118
l120-s2-murugaraj-2005,article:l120,material_identity,0.0,0,0.3,interval_upper,118,0,0,0,0,118
l120-s2-murugaraj-2005,article:l120,material_identity,0.0,0,0.3,coverage_0.5,118,0,0,0,0,118
l120-s2-murugaraj-2005,article:l120,material_identity,0.0,0,0.3,coverage_0.75,118,0,0,0,0,118
l120-s2-murugaraj-2005,article:l120,material_identity,0.0,0,0.4,reported_point,118,3,3,0,3,118
l120-s2-murugaraj-2005,article:l120,material_identity,0.0,0,0.4,interval_upper,118,3,0,0,0,118
l120-s2-murugaraj-2005,article:l120,material_identity,0.0,0,0.4,coverage_0.5,118,3,0,0,0,118
l120-s2-murugaraj-2005,article:l120,material_identity,0.0,0,0.4,coverage_0.75,118,3,0,0,0,118
l120-s2-murugaraj-2005,article:l120,material_identity,0.0,0,0.5,reported_point,118,4,4,0,4,118
l120-s2-murugaraj-2005,article:l120,material_identity,0.0,0,0.5,interval_upper,118,4,0,0,0,118
l120-s2-murugaraj-2005,article:l120,material_identity,0.0,0,0.5,coverage_0.5,118,4,0,0,0,118
l120-s2-murugaraj-2005,article:l120,material_identity,0.0,0,0.5,coverage_0.75,118,4,0,0,0,118
l120-s2-murugaraj-2005,article:l120,experimental_protocol,0.0,0,0.1,reported_point,118,0,0,0,0,118
l120-s2-murugaraj-2005,article:l120,experimental_protocol,0.0,0,0.1,interval_upper,118,0,0,0,0,118
l120-s2-murugaraj-2005,article:l120,experimental_protocol,0.0,0,0.1,coverage_0.5,118,0,0,0,0,118
l120-s2-murugaraj-2005,article:l120,experimental_protocol,0.0,0,0.1,coverage_0.75,118,0,0,0,0,118
l120-s2-murugaraj-2005,article:l120,experimental_protocol,0.0,0,0.2,reported_point,118,0,0,0,0,118
l120-s2-murugaraj-2005,article:l120,experimental_protocol,0.0,0,0.2,interval_upper,118,0,0,0,0,118
l120-s2-murugaraj-2005,article:l120,experimental_protocol,0.0,0,0.2,coverage_0.5,118,0,0,0,0,118
l120-s2-murugaraj-2005,article:l120,experimental_protocol,0.0,0,0.2,coverage_0.75,118,0,0,0,0,118
l120-s2-murugaraj-2005,article:l120,experimental_protocol,0.0,0,0.3,reported_point,118,0,0,0,0,118
l120-s2-murugaraj-2005,article:l120,experimental_protocol,0.0,0,0.3,interval_upper,118,0,0,0,0,118
l120-s2-murugaraj-2005,article:l120,experimental_protocol,0.0,0,0.3,coverage_0.5,118,0,0,0,0,118
l120-s2-murugaraj-2005,article:l120,experimental_protocol,0.0,0,0.3,coverage_0.75,118,0,0,0,0,118
l120-s2-murugaraj-2005,article:l120,experimental_protocol,0.0,0,0.4,reported_point,118,0,0,0,0,118
l120-s2-murugaraj-2005,article:l120,experimental_protocol,0.0,0,0.4,interval_upper,118,0,0,0,0,118
l120-s2-murugaraj-2005,article:l120,experimental_protocol,0.0,0,0.4,coverage_0.5,118,0,0,0,0,118
l120-s2-murugaraj-2005,article:l120,experimental_protocol,0.0,0,0.4,coverage_0.75,118,0,0,0,0,118
l120-s2-murugaraj-2005,article:l120,experimental_protocol,0.0,0,0.5,reported_point,118,0,0,0,0,118
l120-s2-murugaraj-2005,article:l120,experimental_protocol,0.0,0,0.5,interval_upper,118,0,0,0,0,118
l120-s2-murugaraj-2005,article:l120,experimental_protocol,0.0,0,0.5,coverage_0.5,118,0,0,0,0,118
l120-s2-murugaraj-2005,article:l120,experimental_protocol,0.0,0,0.5,coverage_0.75,118,0,0,0,0,118
l120-s2-murugaraj-2005,article:l120,balanced_instance,0.0,0,0.1,reported_point,118,0,0,0,0,118
l120-s2-murugaraj-2005,article:l120,balanced_instance,0.0,0,0.1,interval_upper,118,0,0,0,0,118
l120-s2-murugaraj-2005,article:l120,balanced_instance,0.0,0,0.1,coverage_0.5,118,0,0,0,0,118
l120-s2-murugaraj-2005,article:l120,balanced_instance,0.0,0,0.1,coverage_0.75,118,0,0,0,0,118
l120-s2-murugaraj-2005,article:l120,balanced_instance,0.0,0,0.2,reported_point,118,0,0,0,0,118
l120-s2-murugaraj-2005,article:l120,balanced_instance,0.0,0,0.2,interval_upper,118,0,0,0,0,118
l120-s2-murugaraj-2005,article:l120,balanced_instance,0.0,0,0.2,coverage_0.5,118,0,0,0,0,118
l120-s2-murugaraj-2005,article:l120,balanced_instance,0.0,0,0.2,coverage_0.75,118,0,0,0,0,118
l120-s2-murugaraj-2005,article:l120,balanced_instance,0.0,0,0.3,reported_point,118,0,0,0,0,118
l120-s2-murugaraj-2005,article:l120,balanced_instance,0.0,0,0.3,interval_upper,118,0,0,0,0,118
l120-s2-murugaraj-2005,article:l120,balanced_instance,0.0,0,0.3,coverage_0.5,118,0,0,0,0,118
l120-s2-murugaraj-2005,article:l120,balanced_instance,0.0,0,0.3,coverage_0.75,118,0,0,0,0,118
l120-s2-murugaraj-2005,article:l120,balanced_instance,0.0,0,0.4,reported_point,118,0,0,0,0,118
l120-s2-murugaraj-2005,article:l120,balanced_instance,0.0,0,0.4,interval_upper,118,0,0,0,0,118
l120-s2-murugaraj-2005,article:l120,balanced_instance,0.0,0,0.4,coverage_0.5,118,0,0,0,0,118
l120-s2-murugaraj-2005,article:l120,balanced_instance,0.0,0,0.4,coverage_0.75,118,0,0,0,0,118
l120-s2-murugaraj-2005,article:l120,balanced_instance,0.0,0,0.5,reported_point,118,1,1,0,1,118
l120-s2-murugaraj-2005,article:l120,balanced_instance,0.0,0,0.5,interval_upper,118,1,0,0,0,118
l120-s2-murugaraj-2005,article:l120,balanced_instance,0.0,0,0.5,coverage_0.5,118,1,1,0,1,118
l120-s2-murugaraj-2005,article:l120,balanced_instance,0.0,0,0.5,coverage_0.75,118,1,0,0,0,118
