sample_id,article_group,mask_fraction,replicate,reported_setting_count,masked_keys
e116-s21-prasad-2018,article:e116,0.25,0,7,"[""extrusion#0:equipment type"", ""extrusion#0:residence time""]"
e116-s21-prasad-2018,article:e116,0.25,1,7,"[""drying evaporation#0:ambient condition"", ""drying evaporation#0:time""]"
e116-s21-prasad-2018,article:e116,0.25,2,7,"[""extrusion#0:extrusion temperature"", ""extrusion#0:residence time""]"
e116-s21-prasad-2018,article:e116,0.5,0,7,"[""drying evaporation#0:ambient condition"", ""extrusion#0:equipment type"", ""extrusion#0:residence time"", ""extrusion#0:rotation speed""]"
e116-s21-prasad-2018,article:e116,0.5,1,7,"[""drying evaporation#0:ambient condition"", ""drying evaporation#0:time"", ""extrusion#0:rotation mode"", ""extrusion#0:rotation speed""]"
e116-s21-prasad-2018,article:e116,0.5,2,7,"[""drying evaporation#0:ambient condition"", ""drying evaporation#0:time"", ""extrusion#0:equipment type"", ""extrusion#0:extrusion temperature""]"
e116-s21-prasad-2018,article:e116,0.75,0,7,"[""drying evaporation#0:ambient condition"", ""extrusion#0:equipment type"", ""extrusion#0:extrusion temperature"", ""extrusion#0:residence time"", ""extrusion#0:rotation mode"", ""extrusion#0:rotation speed""]"
e116-s21-prasad-2018,article:e116,0.75,1,7,"[""drying evaporation#0:ambient condition"", ""drying evaporation#0:time"", ""extrusion#0:equipment type"", ""extrusion#0:residence time"", ""extrusion#0:rotation mode"", ""extrusion#0:rotation speed""]"
e116-s21-prasad-2018,article:e116,0.75,2,7,"[""drying evaporation#0:ambient condition"", ""drying evaporation#0:time"", ""extrusion#0:extrusion temperature"", ""extrusion#0:residence time"", ""extrusion#0:rotation mode"", ""extrusion#0:rotation speed""]"
l225-s8-ma-2007,article:l225,0.25,0,13,"[""heating#1:temperature"", ""mixing#0:temperature"", ""mixing#1:mixing method"", ""mixing#1:time""]"
l225-s8-ma-2007,article:l225,0.25,1,13,"[""heating#1:time"", ""mixing#1:temperature"", ""mixing#1:time"", ""molding#0:temperature""]"
l225-s8-ma-2007,article:l225,0.25,2,13,"[""additive#0:additive"", ""heating#1:temperature"", ""mixing#1:temperature"", ""molding#0:temperature""]"
l225-s8-ma-2007,article:l225,0.5,0,13,"[""heating#0:ambient condition"", ""heating#0:time"", ""mixing#0:temperature"", ""mixing#0:time"", ""mixing#1:mixing method"", ""mixing#1:temperature"", ""mixing#1:time""]"
l225-s8-ma-2007,article:l225,0.5,1,13,"[""heating#0:ambient condition"", ""heating#0:temperature"", ""heating#1:time"", ""mixing#0:temperature"", ""mixing#1:temperature"", ""molding#0:temperature"", ""molding#0:time""]"
l225-s8-ma-2007,article:l225,0.5,2,13,"[""heating#0:ambient condition"", ""heating#0:time"", ""heating#1:temperature"", ""mixing#0:time"", ""mixing#1:mixing method"", ""molding#0:temperature"", ""molding#0:time""]"
l225-s8-ma-2007,article:l225,0.75,0,13,"[""additive#0:additive"", ""heating#0:temperature"", ""heating#0:time"", ""heating#1:temperature"", ""heating#1:time"", ""mixing#0:temperature"", ""mixing#0:time"", ""mixing#1:time"", ""molding#0:temperature"", ""molding#0:time""]"
l225-s8-ma-2007,article:l225,0.75,1,13,"[""additive#0:additive"", ""heating#0:ambient condition"", ""heating#0:temperature"", ""heating#1:temperature"", ""heating#1:time"", ""mixing#0:temperature"", ""mixing#0:time"", ""mixing#1:mixing method"", ""mixing#1:temperature"", ""mixing#1:time""]"
l225-s8-ma-2007,article:l225,0.75,2,13,"[""additive#0:additive"", ""heating#0:ambient condition"", ""heating#0:temperature"", ""heating#0:time"", ""heating#1:time"", ""mixing#0:temperature"", ""mixing#0:time"", ""mixing#1:mixing method"", ""mixing#1:temperature"", ""molding#0:time""]"
l182-s7-hoepfner-2017,article:l182,0.25,0,15,"[""heating#0:pressure"", ""heating#0:time"", ""mixing#0:mixing method"", ""mixing#2:temperature""]"
l182-s7-hoepfner-2017,article:l182,0.25,1,15,"[""drying evaporation#0:temperature"", ""heating#0:temperature"", ""mixing#0:time"", ""mixing#1:time""]"
l182-s7-hoepfner-2017,article:l182,0.25,2,15,"[""mixing#0:mixing method"", ""mixing#1:temperature"", ""mixing#2:mixing method"", ""mixing#2:temperature""]"
l182-s7-hoepfner-2017,article:l182,0.5,0,15,"[""heating#0:pressure"", ""heating#0:temperature"", ""heating#0:time"", ""mixing#0:mixer"", ""mixing#0:time"", ""mixing#1:mixing method"", ""mixing#1:time"", ""mixing#2:mixer""]"
l182-s7-hoepfner-2017,article:l182,0.5,1,15,"[""heating#0:pressure"", ""heating#0:temperature"", ""heating#0:time"", ""mixing#0:time"", ""mixing#1:mixer"", ""mixing#2:mixing method"", ""mixing#2:temperature"", ""mixing#2:time""]"
l182-s7-hoepfner-2017,article:l182,0.5,2,15,"[""drying evaporation#0:temperature"", ""heating#0:temperature"", ""heating#0:time"", ""mixing#0:mixer"", ""mixing#0:mixing method"", ""mixing#1:mixer"", ""mixing#2:mixing method"", ""mixing#2:time""]"
l182-s7-hoepfner-2017,article:l182,0.75,0,15,"[""heating#0:pressure"", ""heating#0:temperature"", ""heating#0:time"", ""mixing#0:mixing method"", ""mixing#0:time"", ""mixing#1:mixer"", ""mixing#1:mixing method"", ""mixing#1:temperature"", ""mixing#1:time"", ""mixing#2:mixer"", ""mixing#2:mixing method"", ""mixing#2:time""]"
l182-s7-hoepfner-2017,article:l182,0.75,1,15,"[""drying evaporation#0:temperature"", ""heating#0:pressure"", ""heating#0:temperature"", ""mixing#0:mixing method"", ""mixing#0:time"", ""mixing#1:mixing method"", ""mixing#1:temperature"", ""mixing#1:time"", ""mixing#2:mixer"", ""mixing#2:mixing method"", ""mixing#2:temperature"", ""mixing#2:time""]"
l182-s7-hoepfner-2017,article:l182,0.75,2,15,"[""drying evaporation#0:temperature"", ""heating#0:temperature"", ""heating#0:time"", ""mixing#0:mixer"", ""mixing#0:mixing method"", ""mixing#1:mixer"", ""mixing#1:mixing method"", ""mixing#1:temperature"", ""mixing#1:time"", ""mixing#2:mixer"", ""mixing#2:temperature"", ""mixing#2:time""]"
l254-s7-castillo-2011,article:l254,0.25,0,9,"[""heating#0:temperature"", ""mixing#0:temperature"", ""mixing#0:time""]"
l254-s7-castillo-2011,article:l254,0.25,1,9,"[""drying evaporation#0:time"", ""mixing#0:rotational frequency"", ""mixing#0:temperature""]"
l254-s7-castillo-2011,article:l254,0.25,2,9,"[""drying evaporation#0:time"", ""mixing#0:rotational frequency"", ""mixing#0:temperature""]"
l254-s7-castillo-2011,article:l254,0.5,0,9,"[""drying evaporation#0:temperature"", ""heating#0:temperature"", ""mixing#0:rotational frequency"", ""mixing#0:temperature"", ""mixing#0:time""]"
l254-s7-castillo-2011,article:l254,0.5,1,9,"[""drying evaporation#0:temperature"", ""drying evaporation#0:time"", ""heating#0:temperature"", ""mixing#0:rotational frequency"", ""mixing#0:temperature""]"
l254-s7-castillo-2011,article:l254,0.5,2,9,"[""heating#0:temperature"", ""heating#0:time"", ""mixing#0:mixing method"", ""mixing#0:rotational frequency"", ""mixing#0:temperature""]"
l254-s7-castillo-2011,article:l254,0.75,0,9,"[""drying evaporation#0:time"", ""heating#0:time"", ""mixing#0:mixer"", ""mixing#0:mixing method"", ""mixing#0:rotational frequency"", ""mixing#0:temperature"", ""mixing#0:time""]"
l254-s7-castillo-2011,article:l254,0.75,1,9,"[""drying evaporation#0:temperature"", ""drying evaporation#0:time"", ""heating#0:temperature"", ""mixing#0:mixer"", ""mixing#0:mixing method"", ""mixing#0:temperature"", ""mixing#0:time""]"
l254-s7-castillo-2011,article:l254,0.75,2,9,"[""drying evaporation#0:temperature"", ""heating#0:temperature"", ""heating#0:time"", ""mixing#0:mixing method"", ""mixing#0:rotational frequency"", ""mixing#0:temperature"", ""mixing#0:time""]"
l171-s15-rittigstein-2006,article:l171,0.25,0,9,"[""cooling#0:temperature"", ""cooling#1:time"", ""solvent#0:solvent name""]"
l171-s15-rittigstein-2006,article:l171,0.25,1,9,"[""cooling#1:time"", ""mixing#0:mixer"", ""mixing#0:mixing method""]"
l171-s15-rittigstein-2006,article:l171,0.25,2,9,"[""cooling#1:temperature"", ""cooling#1:time"", ""mixing#0:mixing method""]"
l171-s15-rittigstein-2006,article:l171,0.5,0,9,"[""cooling#0:temperature"", ""cooling#0:time"", ""mixing#0:mixer"", ""mixing#0:mixing method"", ""solvent#0:solvent name""]"
l171-s15-rittigstein-2006,article:l171,0.5,1,9,"[""cooling#0:temperature"", ""cooling#1:temperature"", ""mixing#0:mixer"", ""mixing#0:mixing method"", ""mixing#0:time""]"
l171-s15-rittigstein-2006,article:l171,0.5,2,9,"[""cooling#0:time"", ""cooling#1:temperature"", ""cooling#1:time"", ""mixing#0:mixing method"", ""mixing#0:time""]"
l171-s15-rittigstein-2006,article:l171,0.75,0,9,"[""cooling#0:temperature"", ""cooling#0:time"", ""cooling#1:temperature"", ""cooling#1:time"", ""drying evaporation#0:time"", ""mixing#0:mixing method"", ""mixing#0:time""]"
l171-s15-rittigstein-2006,article:l171,0.75,1,9,"[""cooling#0:temperature"", ""cooling#0:time"", ""cooling#1:temperature"", ""drying evaporation#0:time"", ""mixing#0:mixer"", ""mixing#0:time"", ""solvent#0:solvent name""]"
l171-s15-rittigstein-2006,article:l171,0.75,2,9,"[""cooling#0:temperature"", ""cooling#0:time"", ""drying evaporation#0:time"", ""mixing#0:mixer"", ""mixing#0:mixing method"", ""mixing#0:time"", ""solvent#0:solvent name""]"
l320-s2-wang-2014,article:l320,0.25,0,17,"[""heating#2:time"", ""heating#3:temperature"", ""mixing#3:mixer"", ""mixing#3:mixing method"", ""mixing#3:rotational frequency""]"
l320-s2-wang-2014,article:l320,0.25,1,17,"[""heating#2:temperature"", ""heating#2:time"", ""heating#3:temperature"", ""mixing#0:mixer"", ""mixing#2:mixing method""]"
l320-s2-wang-2014,article:l320,0.25,2,17,"[""mixing#0:mixer"", ""mixing#2:mixing method"", ""mixing#2:time"", ""mixing#3:mixer"", ""mixing#3:rotational frequency""]"
l320-s2-wang-2014,article:l320,0.5,0,17,"[""heating#1:ambient condition"", ""heating#2:time"", ""heating#3:temperature"", ""mixing#0:mixing method"", ""mixing#0:time"", ""mixing#2:time"", ""mixing#3:mixer"", ""mixing#3:rotational frequency"", ""mixing#4:mixing method""]"
l320-s2-wang-2014,article:l320,0.5,1,17,"[""heating#0:temperature"", ""mixing#0:mixer"", ""mixing#0:mixing method"", ""mixing#1:mixing method"", ""mixing#2:mixing method"", ""mixing#3:mixer"", ""mixing#3:mixing method"", ""mixing#3:rotational frequency"", ""mixing#4:mixing method""]"
l320-s2-wang-2014,article:l320,0.5,2,17,"[""heating#0:temperature"", ""heating#1:ambient condition"", ""mixing#0:mixer"", ""mixing#0:mixing method"", ""mixing#1:mixing method"", ""mixing#2:mixing method"", ""mixing#3:mixing method"", ""mixing#3:rotational frequency"", ""mixing#4:mixing method""]"
l320-s2-wang-2014,article:l320,0.75,0,17,"[""heating#0:temperature"", ""heating#1:ambient condition"", ""heating#1:temperature"", ""heating#2:temperature"", ""heating#2:time"", ""heating#3:temperature"", ""mixing#0:mixer"", ""mixing#0:time"", ""mixing#2:time"", ""mixing#3:mixer"", ""mixing#3:mixing method"", ""mixing#3:rotational frequency"", ""mixing#4:mixing method""]"
l320-s2-wang-2014,article:l320,0.75,1,17,"[""heating#0:temperature"", ""heating#1:ambient condition"", ""heating#1:temperature"", ""heating#2:time"", ""heating#3:temperature"", ""mixing#0:mixer"", ""mixing#0:mixing method"", ""mixing#0:time"", ""mixing#1:mixing method"", ""mixing#2:time"", ""mixing#3:mixer"", ""mixing#3:mixing method"", ""mixing#4:mixing method""]"
l320-s2-wang-2014,article:l320,0.75,2,17,"[""heating#1:ambient condition"", ""heating#2:temperature"", ""heating#2:time"", ""heating#3:temperature"", ""heating#3:time"", ""mixing#0:time"", ""mixing#1:mixing method"", ""mixing#2:mixing method"", ""mixing#2:time"", ""mixing#3:mixer"", ""mixing#3:mixing method"", ""mixing#3:rotational frequency"", ""mixing#4:mixing method""]"
l324-s5-zhu-2017,article:l324,0.25,0,7,"[""drying evaporation#0:ambient condition"", ""mixing#1:mixer""]"
l324-s5-zhu-2017,article:l324,0.25,1,7,"[""drying evaporation#0:temperature"", ""molding#0:temperature""]"
l324-s5-zhu-2017,article:l324,0.25,2,7,"[""mixing#1:mixer"", ""molding#0:temperature""]"
l324-s5-zhu-2017,article:l324,0.5,0,7,"[""drying evaporation#0:ambient condition"", ""drying evaporation#0:temperature"", ""mixing#1:mixer"", ""molding#0:pressure""]"
l324-s5-zhu-2017,article:l324,0.5,1,7,"[""drying evaporation#0:temperature"", ""mixing#1:mixer"", ""molding#0:pressure"", ""molding#0:time""]"
l324-s5-zhu-2017,article:l324,0.5,2,7,"[""drying evaporation#0:temperature"", ""drying evaporation#0:time"", ""molding#0:pressure"", ""molding#0:time""]"
l324-s5-zhu-2017,article:l324,0.75,0,7,"[""drying evaporation#0:ambient condition"", ""drying evaporation#0:temperature"", ""drying evaporation#0:time"", ""molding#0:pressure"", ""molding#0:temperature"", ""molding#0:time""]"
l324-s5-zhu-2017,article:l324,0.75,1,7,"[""drying evaporation#0:ambient condition"", ""drying evaporation#0:temperature"", ""drying evaporation#0:time"", ""mixing#1:mixer"", ""molding#0:pressure"", ""molding#0:temperature""]"
l324-s5-zhu-2017,article:l324,0.75,2,7,"[""drying evaporation#0:ambient condition"", ""drying evaporation#0:time"", ""mixing#1:mixer"", ""molding#0:pressure"", ""molding#0:temperature"", ""molding#0:time""]"
l174-s6-ramanathan-2008,article:l174,0.25,0,3,"[""mixing#1:mixing method""]"
l174-s6-ramanathan-2008,article:l174,0.25,1,3,"[""mixing#1:time""]"
l174-s6-ramanathan-2008,article:l174,0.25,2,3,"[""mixing#1:mixing method""]"
l174-s6-ramanathan-2008,article:l174,0.5,0,3,"[""mixing#0:mixing method"", ""mixing#1:mixing method""]"
l174-s6-ramanathan-2008,article:l174,0.5,1,3,"[""mixing#1:mixing method"", ""mixing#1:time""]"
l174-s6-ramanathan-2008,article:l174,0.5,2,3,"[""mixing#0:mixing method"", ""mixing#1:mixing method""]"
l174-s6-ramanathan-2008,article:l174,0.75,0,3,"[""mixing#0:mixing method"", ""mixing#1:mixing method"", ""mixing#1:time""]"
l174-s6-ramanathan-2008,article:l174,0.75,1,3,"[""mixing#0:mixing method"", ""mixing#1:mixing method"", ""mixing#1:time""]"
l174-s6-ramanathan-2008,article:l174,0.75,2,3,"[""mixing#0:mixing method"", ""mixing#1:mixing method"", ""mixing#1:time""]"
l225-s1-ma-2007,article:l225,0.25,0,4,"[""molding#0:temperature""]"
l225-s1-ma-2007,article:l225,0.25,1,4,"[""heating#0:temperature""]"
l225-s1-ma-2007,article:l225,0.25,2,4,"[""heating#0:temperature""]"
l225-s1-ma-2007,article:l225,0.5,0,4,"[""heating#0:temperature"", ""molding#0:time""]"
l225-s1-ma-2007,article:l225,0.5,1,4,"[""molding#0:temperature"", ""molding#0:time""]"
l225-s1-ma-2007,article:l225,0.5,2,4,"[""heating#0:temperature"", ""heating#0:time""]"
l225-s1-ma-2007,article:l225,0.75,0,4,"[""heating#0:temperature"", ""heating#0:time"", ""molding#0:temperature""]"
l225-s1-ma-2007,article:l225,0.75,1,4,"[""heating#0:time"", ""molding#0:temperature"", ""molding#0:time""]"
l225-s1-ma-2007,article:l225,0.75,2,4,"[""heating#0:temperature"", ""heating#0:time"", ""molding#0:time""]"
l196-s4-petersson-2006,article:l196,0.25,0,11,"[""additive#0:additive"", ""mixing#0:time"", ""mixing#1:mixing method""]"
l196-s4-petersson-2006,article:l196,0.25,1,11,"[""mixing#0:mixing method"", ""mixing#0:time"", ""mixing#1:mixing method""]"
l196-s4-petersson-2006,article:l196,0.25,2,11,"[""mixing#0:mixing method"", ""mixing#0:time"", ""mixing#1:time""]"
l196-s4-petersson-2006,article:l196,0.5,0,11,"[""heating#0:ambient condition"", ""heating#0:temperature"", ""heating#0:time"", ""mixing#0:time"", ""mixing#1:time"", ""molding#0:time""]"
l196-s4-petersson-2006,article:l196,0.5,1,11,"[""heating#0:temperature"", ""heating#0:time"", ""mixing#0:mixing method"", ""mixing#0:time"", ""mixing#1:mixing method"", ""mixing#1:time""]"
l196-s4-petersson-2006,article:l196,0.5,2,11,"[""additive#0:additive"", ""heating#0:time"", ""mixing#0:mixer"", ""mixing#0:time"", ""mixing#1:time"", ""molding#0:time""]"
l196-s4-petersson-2006,article:l196,0.75,0,11,"[""additive#0:additive"", ""heating#0:ambient condition"", ""heating#0:time"", ""mixing#0:mixer"", ""mixing#0:mixing method"", ""mixing#0:time"", ""mixing#1:mixer"", ""mixing#1:mixing method"", ""mixing#1:time""]"
l196-s4-petersson-2006,article:l196,0.75,1,11,"[""additive#0:additive"", ""heating#0:temperature"", ""heating#0:time"", ""mixing#0:mixer"", ""mixing#0:mixing method"", ""mixing#0:time"", ""mixing#1:mixing method"", ""mixing#1:time"", ""molding#0:time""]"
l196-s4-petersson-2006,article:l196,0.75,2,11,"[""heating#0:ambient condition"", ""heating#0:temperature"", ""heating#0:time"", ""mixing#0:mixer"", ""mixing#0:mixing method"", ""mixing#0:time"", ""mixing#1:mixing method"", ""mixing#1:time"", ""molding#0:time""]"
l385-s3-bailey-2019,article:l385,0.25,0,12,"[""drying evaporation#0:ambient condition"", ""mixing#1:mixing method"", ""mixing#1:time""]"
l385-s3-bailey-2019,article:l385,0.25,1,12,"[""mixing#1:mixing method"", ""mixing#1:time"", ""solvent#1:solvent name""]"
l385-s3-bailey-2019,article:l385,0.25,2,12,"[""mixing#1:time"", ""solvent#0:solvent name"", ""solvent#2:solvent name""]"
l385-s3-bailey-2019,article:l385,0.5,0,12,"[""additive#0:additive"", ""drying evaporation#0:ambient condition"", ""drying evaporation#0:time"", ""mixing#0:mixing method"", ""mixing#1:time"", ""solvent#0:solvent name""]"
l385-s3-bailey-2019,article:l385,0.5,1,12,"[""additive#0:additive"", ""drying evaporation#0:temperature"", ""drying evaporation#0:time"", ""mixing#1:mixing method"", ""solvent#0:solvent name"", ""solvent#2:solvent name""]"
l385-s3-bailey-2019,article:l385,0.5,2,12,"[""additive#0:additive"", ""drying evaporation#0:ambient condition"", ""drying evaporation#0:time"", ""mixing#1:time"", ""solvent#0:solvent name"", ""solvent#2:solvent name""]"
l385-s3-bailey-2019,article:l385,0.75,0,12,"[""additive#0:additive"", ""additive#1:additive"", ""drying evaporation#0:ambient condition"", ""drying evaporation#0:time"", ""mixing#0:mixing method"", ""mixing#1:time"", ""solvent#0:solvent name"", ""solvent#1:solvent name"", ""solvent#2:solvent name""]"
l385-s3-bailey-2019,article:l385,0.75,1,12,"[""additive#0:additive"", ""additive#2:additive"", ""drying evaporation#0:ambient condition"", ""drying evaporation#0:temperature"", ""mixing#1:mixing method"", ""mixing#1:time"", ""solvent#0:solvent name"", ""solvent#1:solvent name"", ""solvent#2:solvent name""]"
l385-s3-bailey-2019,article:l385,0.75,2,12,"[""additive#0:additive"", ""additive#2:additive"", ""drying evaporation#0:temperature"", ""drying evaporation#0:time"", ""mixing#0:mixing method"", ""mixing#1:mixing method"", ""mixing#1:time"", ""solvent#0:solvent name"", ""solvent#1:solvent name""]"
l308-s4-demetrio-2013,article:l308,0.25,0,4,"[""mixing#0:temperature""]"
l308-s4-demetrio-2013,article:l308,0.25,1,4,"[""solvent#0:solvent name""]"
l308-s4-demetrio-2013,article:l308,0.25,2,4,"[""solvent#0:solvent name""]"
l308-s4-demetrio-2013,article:l308,0.5,0,4,"[""mixing#0:mixing method"", ""solvent#0:solvent name""]"
l308-s4-demetrio-2013,article:l308,0.5,1,4,"[""mixing#0:time"", ""solvent#0:solvent name""]"
l308-s4-demetrio-2013,article:l308,0.5,2,4,"[""mixing#0:mixing method"", ""mixing#0:temperature""]"
l308-s4-demetrio-2013,article:l308,0.75,0,4,"[""mixing#0:mixing method"", ""mixing#0:temperature"", ""solvent#0:solvent name""]"
l308-s4-demetrio-2013,article:l308,0.75,1,4,"[""mixing#0:temperature"", ""mixing#0:time"", ""solvent#0:solvent name""]"
l308-s4-demetrio-2013,article:l308,0.75,2,4,"[""mixing#0:mixing method"", ""mixing#0:time"", ""solvent#0:solvent name""]"
l240-s6-hong-2005,article:l240,0.25,0,3,"[""mixing#0:temperature""]"
l240-s6-hong-2005,article:l240,0.25,1,3,"[""mixing#0:mixer""]"
l240-s6-hong-2005,article:l240,0.25,2,3,"[""mixing#0:time""]"
l240-s6-hong-2005,article:l240,0.5,0,3,"[""mixing#0:mixer"", ""mixing#0:temperature""]"
l240-s6-hong-2005,article:l240,0.5,1,3,"[""mixing#0:mixer"", ""mixing#0:time""]"
l240-s6-hong-2005,article:l240,0.5,2,3,"[""mixing#0:temperature"", ""mixing#0:time""]"
l240-s6-hong-2005,article:l240,0.75,0,3,"[""mixing#0:mixer"", ""mixing#0:temperature"", ""mixing#0:time""]"
l240-s6-hong-2005,article:l240,0.75,1,3,"[""mixing#0:mixer"", ""mixing#0:temperature"", ""mixing#0:time""]"
l240-s6-hong-2005,article:l240,0.75,2,3,"[""mixing#0:mixer"", ""mixing#0:temperature"", ""mixing#0:time""]"
l262-s5-oyarzabal-2016,article:l262,0.25,0,4,"[""molding#0:temperature""]"
l262-s5-oyarzabal-2016,article:l262,0.25,1,4,"[""mixing#0:rotational frequency""]"
l262-s5-oyarzabal-2016,article:l262,0.25,2,4,"[""mixing#0:temperature""]"
l262-s5-oyarzabal-2016,article:l262,0.5,0,4,"[""mixing#0:mixer"", ""mixing#0:rotational frequency""]"
l262-s5-oyarzabal-2016,article:l262,0.5,1,4,"[""mixing#0:mixer"", ""molding#0:temperature""]"
l262-s5-oyarzabal-2016,article:l262,0.5,2,4,"[""mixing#0:temperature"", ""molding#0:temperature""]"
l262-s5-oyarzabal-2016,article:l262,0.75,0,4,"[""mixing#0:rotational frequency"", ""mixing#0:temperature"", ""molding#0:temperature""]"
l262-s5-oyarzabal-2016,article:l262,0.75,1,4,"[""mixing#0:rotational frequency"", ""mixing#0:temperature"", ""molding#0:temperature""]"
l262-s5-oyarzabal-2016,article:l262,0.75,2,4,"[""mixing#0:rotational frequency"", ""mixing#0:temperature"", ""molding#0:temperature""]"
l378-s1-sotta-2017,article:l378,0.25,0,1,"[""mixing#0:mixing method""]"
l378-s1-sotta-2017,article:l378,0.25,1,1,"[""mixing#0:mixing method""]"
l378-s1-sotta-2017,article:l378,0.25,2,1,"[""mixing#0:mixing method""]"
l378-s1-sotta-2017,article:l378,0.5,0,1,"[""mixing#0:mixing method""]"
l378-s1-sotta-2017,article:l378,0.5,1,1,"[""mixing#0:mixing method""]"
l378-s1-sotta-2017,article:l378,0.5,2,1,"[""mixing#0:mixing method""]"
l378-s1-sotta-2017,article:l378,0.75,0,1,"[""mixing#0:mixing method""]"
l378-s1-sotta-2017,article:l378,0.75,1,1,"[""mixing#0:mixing method""]"
l378-s1-sotta-2017,article:l378,0.75,2,1,"[""mixing#0:mixing method""]"
l110-s7-singha-2008,article:l110,0.25,0,11,"[""drying evaporation#0:ambient condition"", ""mixing#0:mixing method"", ""molding#0:temperature""]"
l110-s7-singha-2008,article:l110,0.25,1,11,"[""drying evaporation#0:ambient condition"", ""mixing#1:time"", ""mixing#2:mixing method""]"
l110-s7-singha-2008,article:l110,0.25,2,11,"[""drying evaporation#0:time"", ""mixing#1:mixing method"", ""molding#0:ambient condition""]"
l110-s7-singha-2008,article:l110,0.5,0,11,"[""drying evaporation#0:time"", ""mixing#2:mixing method"", ""mixing#3:mixing method"", ""molding#0:ambient condition"", ""molding#0:temperature"", ""molding#0:time""]"
l110-s7-singha-2008,article:l110,0.5,1,11,"[""drying evaporation#0:ambient condition"", ""drying evaporation#0:time"", ""mixing#0:mixing method"", ""mixing#1:mixing method"", ""molding#0:ambient condition"", ""molding#0:temperature""]"
l110-s7-singha-2008,article:l110,0.5,2,11,"[""drying evaporation#0:ambient condition"", ""mixing#0:mixing method"", ""mixing#1:mixing method"", ""mixing#1:time"", ""molding#0:ambient condition"", ""molding#0:temperature""]"
l110-s7-singha-2008,article:l110,0.75,0,11,"[""drying evaporation#0:ambient condition"", ""drying evaporation#0:time"", ""mixing#0:mixing method"", ""mixing#1:mixing method"", ""mixing#1:rotational frequency"", ""mixing#1:time"", ""mixing#2:mixing method"", ""molding#0:ambient condition"", ""molding#0:time""]"
l110-s7-singha-2008,article:l110,0.75,1,11,"[""drying evaporation#0:ambient condition"", ""drying evaporation#0:time"", ""mixing#0:mixing method"", ""mixing#1:time"", ""mixing#2:mixing method"", ""mixing#3:mixing method"", ""molding#0:ambient condition"", ""molding#0:temperature"", ""molding#0:time""]"
l110-s7-singha-2008,article:l110,0.75,2,11,"[""drying evaporation#0:ambient condition"", ""mixing#1:mixing method"", ""mixing#1:rotational frequency"", ""mixing#1:time"", ""mixing#2:mixing method"", ""mixing#3:mixing method"", ""molding#0:ambient condition"", ""molding#0:temperature"", ""molding#0:time""]"
l238-s3-zhao-2008,article:l238,0.25,0,12,"[""drying evaporation#0:temperature"", ""heating#0:time"", ""heating#1:temperature""]"
l238-s3-zhao-2008,article:l238,0.25,1,12,"[""heating#1:temperature"", ""heating#1:time"", ""mixing#0:time""]"
l238-s3-zhao-2008,article:l238,0.25,2,12,"[""heating#1:time"", ""mixing#0:mixer"", ""mixing#0:mixing method""]"
l238-s3-zhao-2008,article:l238,0.5,0,12,"[""additive#1:additive"", ""drying evaporation#0:time"", ""heating#0:temperature"", ""heating#0:time"", ""mixing#0:mixing method"", ""mixing#0:time""]"
l238-s3-zhao-2008,article:l238,0.5,1,12,"[""additive#0:additive"", ""additive#1:additive"", ""drying evaporation#0:temperature"", ""heating#0:time"", ""heating#1:temperature"", ""mixing#0:mixer""]"
l238-s3-zhao-2008,article:l238,0.5,2,12,"[""additive#0:additive"", ""drying evaporation#0:temperature"", ""drying evaporation#0:time"", ""heating#1:temperature"", ""mixing#0:mixing method"", ""solvent#0:solvent name""]"
l238-s3-zhao-2008,article:l238,0.75,0,12,"[""additive#1:additive"", ""drying evaporation#0:temperature"", ""heating#0:temperature"", ""heating#0:time"", ""heating#1:temperature"", ""heating#1:time"", ""mixing#0:mixer"", ""mixing#0:time"", ""solvent#0:solvent name""]"
l238-s3-zhao-2008,article:l238,0.75,1,12,"[""additive#0:additive"", ""additive#1:additive"", ""drying evaporation#0:temperature"", ""drying evaporation#0:time"", ""heating#0:time"", ""heating#1:temperature"", ""mixing#0:mixer"", ""mixing#0:mixing method"", ""solvent#0:solvent name""]"
l238-s3-zhao-2008,article:l238,0.75,2,12,"[""additive#0:additive"", ""additive#1:additive"", ""drying evaporation#0:temperature"", ""drying evaporation#0:time"", ""heating#0:temperature"", ""heating#0:time"", ""heating#1:time"", ""mixing#0:mixing method"", ""mixing#0:time""]"
l242-s4-narayanan-2006,article:l242,0.25,0,0,[]
l242-s4-narayanan-2006,article:l242,0.25,1,0,[]
l242-s4-narayanan-2006,article:l242,0.25,2,0,[]
l242-s4-narayanan-2006,article:l242,0.5,0,0,[]
l242-s4-narayanan-2006,article:l242,0.5,1,0,[]
l242-s4-narayanan-2006,article:l242,0.5,2,0,[]
l242-s4-narayanan-2006,article:l242,0.75,0,0,[]
l242-s4-narayanan-2006,article:l242,0.75,1,0,[]
l242-s4-narayanan-2006,article:l242,0.75,2,0,[]
l140-s9-gao-2012,article:l140,0.25,0,6,"[""molding#0:temperature"", ""molding#1:time""]"
l140-s9-gao-2012,article:l140,0.25,1,6,"[""molding#1:temperature"", ""molding#1:time""]"
l140-s9-gao-2012,article:l140,0.25,2,6,"[""mixing#1:mixing method"", ""molding#1:temperature""]"
l140-s9-gao-2012,article:l140,0.5,0,6,"[""mixing#1:mixer"", ""molding#0:temperature"", ""molding#1:temperature""]"
l140-s9-gao-2012,article:l140,0.5,1,6,"[""mixing#1:mixer"", ""molding#0:time"", ""molding#1:temperature""]"
l140-s9-gao-2012,article:l140,0.5,2,6,"[""mixing#1:mixer"", ""molding#0:time"", ""molding#1:time""]"
l140-s9-gao-2012,article:l140,0.75,0,6,"[""mixing#1:mixing method"", ""molding#0:temperature"", ""molding#0:time"", ""molding#1:temperature"", ""molding#1:time""]"
l140-s9-gao-2012,article:l140,0.75,1,6,"[""mixing#1:mixer"", ""molding#0:temperature"", ""molding#0:time"", ""molding#1:temperature"", ""molding#1:time""]"
l140-s9-gao-2012,article:l140,0.75,2,6,"[""mixing#1:mixer"", ""mixing#1:mixing method"", ""molding#0:temperature"", ""molding#1:temperature"", ""molding#1:time""]"
l210-s4-zhang-2014,article:l210,0.25,0,10,"[""drying evaporation#0:ambient condition"", ""drying evaporation#0:time"", ""extrusion heating zone#0:extruder""]"
l210-s4-zhang-2014,article:l210,0.25,1,10,"[""drying evaporation#0:temperature"", ""extrusion heating zone#0:barrel temperature"", ""extrusion heating zone#0:equipment type""]"
l210-s4-zhang-2014,article:l210,0.25,2,10,"[""drying evaporation#0:temperature"", ""extrusion heating zone#0:equipment type"", ""mixing#0:time""]"
l210-s4-zhang-2014,article:l210,0.5,0,10,"[""drying evaporation#0:temperature"", ""extrusion heating zone#0:equipment type"", ""extrusion heating zone#0:extruder"", ""mixing#0:rotational frequency"", ""mixing#0:time""]"
l210-s4-zhang-2014,article:l210,0.5,1,10,"[""drying evaporation#0:ambient condition"", ""drying evaporation#0:time"", ""extrusion heating zone#0:equipment type"", ""extrusion heating zone#0:extruder"", ""mixing#0:time""]"
l210-s4-zhang-2014,article:l210,0.5,2,10,"[""drying evaporation#0:time"", ""extrusion heating zone#0:barrel temperature"", ""mixing#0:mixing method"", ""mixing#0:rotational frequency"", ""mixing#0:time""]"
l210-s4-zhang-2014,article:l210,0.75,0,10,"[""drying evaporation#0:ambient condition"", ""drying evaporation#0:time"", ""extrusion heating zone#0:barrel temperature"", ""extrusion heating zone#0:equipment type"", ""extrusion heating zone#0:extruder"", ""extrusion heating zone#0:rotation speed"", ""mixing#0:mixing method"", ""mixing#0:rotational frequency""]"
l210-s4-zhang-2014,article:l210,0.75,1,10,"[""drying evaporation#0:ambient condition"", ""drying evaporation#0:temperature"", ""drying evaporation#0:time"", ""extrusion heating zone#0:barrel temperature"", ""extrusion heating zone#0:equipment type"", ""extrusion heating zone#0:rotation speed"", ""mixing#0:rotational frequency"", ""mixing#0:time""]"
l210-s4-zhang-2014,article:l210,0.75,2,10,"[""drying evaporation#0:ambient condition"", ""drying evaporation#0:temperature"", ""drying evaporation#0:time"", ""extrusion heating zone#0:barrel temperature"", ""extrusion heating zone#0:equipment type"", ""extrusion heating zone#0:extruder"", ""mixing#0:mixing method"", ""mixing#0:rotational frequency""]"
l380-s1-zhao-2017,article:l380,0.25,0,4,"[""mixing#0:mixing method""]"
l380-s1-zhao-2017,article:l380,0.25,1,4,"[""mixing#0:time""]"
l380-s1-zhao-2017,article:l380,0.25,2,4,"[""mixing#0:time""]"
l380-s1-zhao-2017,article:l380,0.5,0,4,"[""mixing#0:mixing method"", ""mixing#0:temperature""]"
l380-s1-zhao-2017,article:l380,0.5,1,4,"[""mixing#0:mixer"", ""mixing#0:mixing method""]"
l380-s1-zhao-2017,article:l380,0.5,2,4,"[""mixing#0:mixing method"", ""mixing#0:time""]"
l380-s1-zhao-2017,article:l380,0.75,0,4,"[""mixing#0:mixer"", ""mixing#0:mixing method"", ""mixing#0:time""]"
l380-s1-zhao-2017,article:l380,0.75,1,4,"[""mixing#0:mixer"", ""mixing#0:temperature"", ""mixing#0:time""]"
l380-s1-zhao-2017,article:l380,0.75,2,4,"[""mixing#0:mixer"", ""mixing#0:mixing method"", ""mixing#0:temperature""]"
l386-s54-jimenez-2019,article:l386,0.25,0,16,"[""drying evaporation#0:time"", ""mixing#0:time"", ""molding#0:ambient condition"", ""molding#1:temperature""]"
l386-s54-jimenez-2019,article:l386,0.25,1,16,"[""additive#2:additive"", ""drying evaporation#0:ambient condition"", ""heating#0:time"", ""molding#0:ambient condition""]"
l386-s54-jimenez-2019,article:l386,0.25,2,16,"[""additive#2:additive"", ""drying evaporation#0:temperature"", ""drying evaporation#0:time"", ""molding#1:temperature""]"
l386-s54-jimenez-2019,article:l386,0.5,0,16,"[""additive#1:additive"", ""additive#2:additive"", ""heating#0:temperature"", ""mixing#0:mixing method"", ""mixing#0:temperature"", ""mixing#0:time"", ""molding#0:time"", ""molding#1:temperature""]"
l386-s54-jimenez-2019,article:l386,0.5,1,16,"[""additive#0:additive"", ""additive#1:additive"", ""drying evaporation#0:ambient condition"", ""drying evaporation#0:time"", ""heating#0:time"", ""mixing#0:mixing method"", ""mixing#0:temperature"", ""molding#1:temperature""]"
l386-s54-jimenez-2019,article:l386,0.5,2,16,"[""additive#1:additive"", ""drying evaporation#0:temperature"", ""drying evaporation#0:time"", ""mixing#0:temperature"", ""mixing#0:time"", ""molding#0:ambient condition"", ""molding#0:temperature"", ""solvent#0:solvent name""]"
l386-s54-jimenez-2019,article:l386,0.75,0,16,"[""additive#1:additive"", ""additive#2:additive"", ""drying evaporation#0:ambient condition"", ""drying evaporation#0:temperature"", ""heating#0:temperature"", ""heating#0:time"", ""mixing#0:time"", ""molding#0:ambient condition"", ""molding#0:temperature"", ""molding#0:time"", ""molding#1:temperature"", ""solvent#0:solvent name""]"
l386-s54-jimenez-2019,article:l386,0.75,1,16,"[""additive#0:additive"", ""additive#1:additive"", ""additive#2:additive"", ""drying evaporation#0:time"", ""heating#0:temperature"", ""heating#0:time"", ""mixing#0:mixing method"", ""mixing#0:temperature"", ""molding#0:ambient condition"", ""molding#0:temperature"", ""molding#1:temperature"", ""solvent#0:solvent name""]"
l386-s54-jimenez-2019,article:l386,0.75,2,16,"[""additive#0:additive"", ""additive#1:additive"", ""additive#2:additive"", ""drying evaporation#0:ambient condition"", ""drying evaporation#0:time"", ""heating#0:temperature"", ""heating#0:time"", ""mixing#0:time"", ""molding#0:ambient condition"", ""molding#0:temperature"", ""molding#1:temperature"", ""solvent#0:solvent name""]"
l121-s8-nelson-2005,article:l121,0.25,0,17,"[""additive#1:additive"", ""drying evaporation#0:time"", ""drying evaporation#1:time"", ""heating#0:temperature"", ""mixing#0:temperature""]"
l121-s8-nelson-2005,article:l121,0.25,1,17,"[""additive#1:additive"", ""drying evaporation#0:time"", ""mixing#0:temperature"", ""mixing#1:mixer"", ""mixing#1:mixing method""]"
l121-s8-nelson-2005,article:l121,0.25,2,17,"[""drying evaporation#0:ambient condition"", ""drying evaporation#2:temperature"", ""drying evaporation#2:time"", ""heating#0:time"", ""mixing#0:mixing method""]"
l121-s8-nelson-2005,article:l121,0.5,0,17,"[""additive#0:additive"", ""additive#1:additive"", ""drying evaporation#0:ambient condition"", ""drying evaporation#0:temperature"", ""drying evaporation#2:temperature"", ""drying evaporation#2:time"", ""heating#0:time"", ""mixing#0:mixing method"", ""mixing#0:temperature""]"
l121-s8-nelson-2005,article:l121,0.5,1,17,"[""drying evaporation#0:ambient condition"", ""drying evaporation#0:temperature"", ""drying evaporation#0:time"", ""drying evaporation#1:temperature"", ""drying evaporation#1:time"", ""drying evaporation#2:time"", ""heating#0:temperature"", ""heating#0:time"", ""mixing#0:temperature""]"
l121-s8-nelson-2005,article:l121,0.5,2,17,"[""additive#1:additive"", ""drying evaporation#0:temperature"", ""drying evaporation#0:time"", ""drying evaporation#1:ambient condition"", ""drying evaporation#1:temperature"", ""heating#0:time"", ""mixing#0:mixing method"", ""mixing#0:temperature"", ""mixing#1:temperature""]"
l121-s8-nelson-2005,article:l121,0.75,0,17,"[""drying evaporation#0:ambient condition"", ""drying evaporation#0:temperature"", ""drying evaporation#0:time"", ""drying evaporation#1:ambient condition"", ""drying evaporation#1:temperature"", ""drying evaporation#1:time"", ""drying evaporation#2:temperature"", ""drying evaporation#2:time"", ""heating#0:temperature"", ""mixing#0:mixing method"", ""mixing#0:temperature"", ""mixing#1:mixer"", ""mixing#1:mixing method""]"
l121-s8-nelson-2005,article:l121,0.75,1,17,"[""additive#0:additive"", ""additive#1:additive"", ""drying evaporation#0:temperature"", ""drying evaporation#0:time"", ""drying evaporation#1:ambient condition"", ""drying evaporation#1:temperature"", ""drying evaporation#2:temperature"", ""drying evaporation#2:time"", ""heating#0:time"", ""mixing#0:mixing method"", ""mixing#1:mixer"", ""mixing#1:mixing method"", ""mixing#1:temperature""]"
l121-s8-nelson-2005,article:l121,0.75,2,17,"[""additive#0:additive"", ""additive#1:additive"", ""drying evaporation#0:ambient condition"", ""drying evaporation#0:temperature"", ""drying evaporation#1:ambient condition"", ""drying evaporation#1:time"", ""drying evaporation#2:temperature"", ""drying evaporation#2:time"", ""heating#0:temperature"", ""mixing#0:temperature"", ""mixing#1:mixer"", ""mixing#1:mixing method"", ""mixing#1:temperature""]"
l379-s8-liu-2017,article:l379,0.25,0,13,"[""additive#1:additive"", ""curing#0:ambient condition"", ""mixing#0:mixing method"", ""solvent#0:solvent name""]"
l379-s8-liu-2017,article:l379,0.25,1,13,"[""curing#0:pressure"", ""curing#0:time"", ""mixing#0:rotational frequency"", ""mixing#0:temperature""]"
l379-s8-liu-2017,article:l379,0.25,2,13,"[""curing#0:temperature"", ""mixing#0:mixer"", ""mixing#0:temperature"", ""solvent#0:solvent name""]"
l379-s8-liu-2017,article:l379,0.5,0,13,"[""additive#0:additive"", ""additive#2:additive"", ""curing#0:pressure"", ""mixing#0:mixer"", ""mixing#0:mixing method"", ""mixing#0:temperature"", ""mixing#0:time""]"
l379-s8-liu-2017,article:l379,0.5,1,13,"[""additive#0:additive"", ""additive#1:additive"", ""curing#0:ambient condition"", ""curing#0:temperature"", ""curing#0:time"", ""mixing#0:mixer"", ""mixing#0:time""]"
l379-s8-liu-2017,article:l379,0.5,2,13,"[""additive#1:additive"", ""curing#0:pressure"", ""curing#0:temperature"", ""curing#0:time"", ""mixing#0:mixer"", ""mixing#0:mixing method"", ""mixing#0:time""]"
l379-s8-liu-2017,article:l379,0.75,0,13,"[""additive#0:additive"", ""additive#1:additive"", ""additive#2:additive"", ""curing#0:ambient condition"", ""curing#0:pressure"", ""curing#0:time"", ""mixing#0:mixer"", ""mixing#0:rotational frequency"", ""mixing#0:temperature"", ""solvent#0:solvent name""]"
l379-s8-liu-2017,article:l379,0.75,1,13,"[""additive#0:additive"", ""additive#1:additive"", ""additive#2:additive"", ""curing#0:ambient condition"", ""curing#0:pressure"", ""curing#0:time"", ""mixing#0:mixer"", ""mixing#0:mixing method"", ""mixing#0:rotational frequency"", ""mixing#0:temperature""]"
l379-s8-liu-2017,article:l379,0.75,2,13,"[""additive#0:additive"", ""additive#1:additive"", ""curing#0:ambient condition"", ""curing#0:temperature"", ""curing#0:time"", ""mixing#0:mixer"", ""mixing#0:rotational frequency"", ""mixing#0:temperature"", ""mixing#0:time"", ""solvent#0:solvent name""]"
l211-s17-ash-2004,article:l211,0.25,0,7,"[""mixing#0:mixing method"", ""mixing#0:temperature""]"
l211-s17-ash-2004,article:l211,0.25,1,7,"[""heating#0:temperature"", ""mixing#0:temperature""]"
l211-s17-ash-2004,article:l211,0.25,2,7,"[""additive#0:additive"", ""heating#0:temperature""]"
l211-s17-ash-2004,article:l211,0.5,0,7,"[""additive#1:additive"", ""heating#0:time"", ""mixing#0:mixing method"", ""mixing#0:time""]"
l211-s17-ash-2004,article:l211,0.5,1,7,"[""additive#0:additive"", ""heating#0:temperature"", ""heating#0:time"", ""mixing#0:mixing method""]"
l211-s17-ash-2004,article:l211,0.5,2,7,"[""additive#0:additive"", ""heating#0:temperature"", ""heating#0:time"", ""mixing#0:time""]"
l211-s17-ash-2004,article:l211,0.75,0,7,"[""additive#0:additive"", ""additive#1:additive"", ""heating#0:temperature"", ""heating#0:time"", ""mixing#0:mixing method"", ""mixing#0:temperature""]"
l211-s17-ash-2004,article:l211,0.75,1,7,"[""additive#0:additive"", ""additive#1:additive"", ""heating#0:time"", ""mixing#0:mixing method"", ""mixing#0:temperature"", ""mixing#0:time""]"
l211-s17-ash-2004,article:l211,0.75,2,7,"[""additive#0:additive"", ""heating#0:temperature"", ""heating#0:time"", ""mixing#0:mixing method"", ""mixing#0:temperature"", ""mixing#0:time""]"
l396-s6-ghosh-2013,article:l396,0.25,0,10,"[""additive#0:additive"", ""heating#1:temperature"", ""mixing#0:mixer""]"
l396-s6-ghosh-2013,article:l396,0.25,1,10,"[""additive#0:additive"", ""heating#0:ambient condition"", ""heating#1:temperature""]"
l396-s6-ghosh-2013,article:l396,0.25,2,10,"[""additive#1:additive"", ""extrusion#0:equipment type"", ""heating#1:ambient condition""]"
l396-s6-ghosh-2013,article:l396,0.5,0,10,"[""extrusion#0:equipment type"", ""extrusion#0:extruder"", ""heating#0:ambient condition"", ""heating#1:ambient condition"", ""heating#1:temperature""]"
l396-s6-ghosh-2013,article:l396,0.5,1,10,"[""extrusion#0:equipment type"", ""extrusion#0:extruder"", ""heating#0:temperature"", ""heating#1:ambient condition"", ""mixing#0:mixer""]"
l396-s6-ghosh-2013,article:l396,0.5,2,10,"[""additive#1:additive"", ""extrusion#0:equipment type"", ""extrusion#0:extruder"", ""heating#0:temperature"", ""mixing#0:mixer""]"
l396-s6-ghosh-2013,article:l396,0.75,0,10,"[""additive#0:additive"", ""additive#1:additive"", ""extrusion#0:equipment type"", ""heating#0:ambient condition"", ""heating#0:temperature"", ""heating#1:ambient condition"", ""mixing#0:mixer"", ""mixing#0:mixing method""]"
l396-s6-ghosh-2013,article:l396,0.75,1,10,"[""additive#0:additive"", ""additive#1:additive"", ""extrusion#0:equipment type"", ""heating#0:ambient condition"", ""heating#0:temperature"", ""heating#1:ambient condition"", ""mixing#0:mixer"", ""mixing#0:mixing method""]"
l396-s6-ghosh-2013,article:l396,0.75,2,10,"[""additive#0:additive"", ""extrusion#0:equipment type"", ""extrusion#0:extruder"", ""heating#0:temperature"", ""heating#1:ambient condition"", ""heating#1:temperature"", ""mixing#0:mixer"", ""mixing#0:mixing method""]"
l111-s3-singha-2009,article:l111,0.25,0,22,"[""additive#1:additive"", ""drying evaporation#1:temperature"", ""drying evaporation#2:ambient condition"", ""drying evaporation#3:ambient condition"", ""drying evaporation#4:time"", ""molding#1:temperature""]"
l111-s3-singha-2009,article:l111,0.25,1,22,"[""additive#0:additive"", ""drying evaporation#0:temperature"", ""drying evaporation#0:time"", ""mixing#1:rotational frequency"", ""mixing#2:time"", ""molding#1:time""]"
l111-s3-singha-2009,article:l111,0.25,2,22,"[""additive#1:additive"", ""drying evaporation#0:temperature"", ""drying evaporation#2:ambient condition"", ""mixing#2:mixer"", ""mixing#2:time"", ""molding#1:temperature""]"
l111-s3-singha-2009,article:l111,0.5,0,22,"[""additive#1:additive"", ""drying evaporation#0:ambient condition"", ""drying evaporation#0:temperature"", ""drying evaporation#1:temperature"", ""drying evaporation#1:time"", ""drying evaporation#2:temperature"", ""drying evaporation#2:time"", ""drying evaporation#4:time"", ""mixing#2:mixer"", ""mixing#2:mixing method"", ""molding#1:temperature""]"
l111-s3-singha-2009,article:l111,0.5,1,22,"[""additive#1:additive"", ""drying evaporation#0:ambient condition"", ""drying evaporation#1:time"", ""drying evaporation#3:ambient condition"", ""drying evaporation#4:time"", ""mixing#0:mixing method"", ""mixing#1:mixing method"", ""mixing#1:rotational frequency"", ""mixing#1:time"", ""mixing#2:mixing method"", ""molding#1:temperature""]"
l111-s3-singha-2009,article:l111,0.5,2,22,"[""additive#1:additive"", ""drying evaporation#0:ambient condition"", ""drying evaporation#0:time"", ""drying evaporation#1:temperature"", ""drying evaporation#3:ambient condition"", ""mixing#0:mixer"", ""mixing#0:mixing method"", ""mixing#1:mixing method"", ""mixing#1:rotational frequency"", ""mixing#2:mixer"", ""molding#1:temperature""]"
l111-s3-singha-2009,article:l111,0.75,0,22,"[""additive#1:additive"", ""drying evaporation#0:ambient condition"", ""drying evaporation#0:temperature"", ""drying evaporation#0:time"", ""drying evaporation#2:ambient condition"", ""drying evaporation#2:time"", ""drying evaporation#3:ambient condition"", ""drying evaporation#4:time"", ""mixing#0:mixer"", ""mixing#1:mixing method"", ""mixing#1:rotational frequency"", ""mixing#1:time"", ""mixing#2:mixer"", ""mixing#2:mixing method"", ""mixing#2:time"", ""molding#1:temperature"", ""molding#1:time""]"
l111-s3-singha-2009,article:l111,0.75,1,22,"[""additive#1:additive"", ""drying evaporation#0:ambient condition"", ""drying evaporation#0:temperature"", ""drying evaporation#1:temperature"", ""drying evaporation#2:ambient condition"", ""drying evaporation#2:temperature"", ""drying evaporation#2:time"", ""drying evaporation#4:time"", ""mixing#0:mixer"", ""mixing#0:mixing method"", ""mixing#1:mixing method"", ""mixing#1:rotational frequency"", ""mixing#1:time"", ""mixing#2:mixer"", ""mixing#2:mixing method"", ""mixing#2:time"", ""molding#1:temperature""]"
l111-s3-singha-2009,article:l111,0.75,2,22,"[""additive#0:additive"", ""additive#1:additive"", ""drying evaporation#0:temperature"", ""drying evaporation#0:time"", ""drying evaporation#1:temperature"", ""drying evaporation#1:time"", ""drying evaporation#2:temperature"", ""drying evaporation#2:time"", ""drying evaporation#3:ambient condition"", ""mixing#0:mixer"", ""mixing#0:mixing method"", ""mixing#1:mixing method"", ""mixing#1:time"", ""mixing#2:mixer"", ""mixing#2:mixing method"", ""mixing#2:time"", ""molding#1:time""]"
l211-s15-ash-2004,article:l211,0.25,0,7,"[""additive#1:additive"", ""mixing#0:time""]"
l211-s15-ash-2004,article:l211,0.25,1,7,"[""additive#0:additive"", ""additive#1:additive""]"
l211-s15-ash-2004,article:l211,0.25,2,7,"[""additive#1:additive"", ""mixing#0:mixing method""]"
l211-s15-ash-2004,article:l211,0.5,0,7,"[""additive#0:additive"", ""additive#1:additive"", ""heating#0:temperature"", ""mixing#0:temperature""]"
l211-s15-ash-2004,article:l211,0.5,1,7,"[""additive#0:additive"", ""heating#0:temperature"", ""heating#0:time"", ""mixing#0:temperature""]"
l211-s15-ash-2004,article:l211,0.5,2,7,"[""additive#0:additive"", ""heating#0:time"", ""mixing#0:mixing method"", ""mixing#0:temperature""]"
l211-s15-ash-2004,article:l211,0.75,0,7,"[""additive#1:additive"", ""heating#0:temperature"", ""heating#0:time"", ""mixing#0:mixing method"", ""mixing#0:temperature"", ""mixing#0:time""]"
l211-s15-ash-2004,article:l211,0.75,1,7,"[""additive#0:additive"", ""additive#1:additive"", ""heating#0:temperature"", ""heating#0:time"", ""mixing#0:temperature"", ""mixing#0:time""]"
l211-s15-ash-2004,article:l211,0.75,2,7,"[""additive#0:additive"", ""heating#0:temperature"", ""heating#0:time"", ""mixing#0:mixing method"", ""mixing#0:temperature"", ""mixing#0:time""]"
l313-s2-huang-2014,article:l313,0.25,0,7,"[""drying evaporation#1:temperature"", ""mixing#0:temperature""]"
l313-s2-huang-2014,article:l313,0.25,1,7,"[""mixing#0:rotational frequency"", ""mixing#0:temperature""]"
l313-s2-huang-2014,article:l313,0.25,2,7,"[""mixing#0:temperature"", ""molding#0:temperature""]"
l313-s2-huang-2014,article:l313,0.5,0,7,"[""drying evaporation#0:temperature"", ""drying evaporation#1:temperature"", ""drying evaporation#1:time"", ""mixing#0:temperature""]"
l313-s2-huang-2014,article:l313,0.5,1,7,"[""drying evaporation#1:temperature"", ""drying evaporation#1:time"", ""mixing#0:rotational frequency"", ""molding#0:temperature""]"
l313-s2-huang-2014,article:l313,0.5,2,7,"[""drying evaporation#0:temperature"", ""drying evaporation#0:time"", ""drying evaporation#1:time"", ""mixing#0:rotational frequency""]"
l313-s2-huang-2014,article:l313,0.75,0,7,"[""drying evaporation#0:temperature"", ""drying evaporation#0:time"", ""drying evaporation#1:temperature"", ""drying evaporation#1:time"", ""mixing#0:rotational frequency"", ""molding#0:temperature""]"
l313-s2-huang-2014,article:l313,0.75,1,7,"[""drying evaporation#0:temperature"", ""drying evaporation#0:time"", ""drying evaporation#1:temperature"", ""drying evaporation#1:time"", ""mixing#0:rotational frequency"", ""mixing#0:temperature""]"
l313-s2-huang-2014,article:l313,0.75,2,7,"[""drying evaporation#0:temperature"", ""drying evaporation#0:time"", ""drying evaporation#1:temperature"", ""drying evaporation#1:time"", ""mixing#0:rotational frequency"", ""molding#0:temperature""]"
l290-s24-si-2006,article:l290,0.25,0,8,"[""mixing#1:rotational frequency"", ""mixing#1:time""]"
l290-s24-si-2006,article:l290,0.25,1,8,"[""mixing#0:time"", ""mixing#1:time""]"
l290-s24-si-2006,article:l290,0.25,2,8,"[""mixing#0:rotational frequency"", ""mixing#0:temperature""]"
l290-s24-si-2006,article:l290,0.5,0,8,"[""mixing#0:mixer"", ""mixing#0:rotational frequency"", ""mixing#0:temperature"", ""mixing#1:rotational frequency""]"
l290-s24-si-2006,article:l290,0.5,1,8,"[""mixing#0:time"", ""mixing#1:mixer"", ""mixing#1:rotational frequency"", ""mixing#1:temperature""]"
l290-s24-si-2006,article:l290,0.5,2,8,"[""mixing#0:mixer"", ""mixing#0:time"", ""mixing#1:mixer"", ""mixing#1:time""]"
l290-s24-si-2006,article:l290,0.75,0,8,"[""mixing#0:mixer"", ""mixing#0:rotational frequency"", ""mixing#1:mixer"", ""mixing#1:rotational frequency"", ""mixing#1:temperature"", ""mixing#1:time""]"
l290-s24-si-2006,article:l290,0.75,1,8,"[""mixing#0:mixer"", ""mixing#0:temperature"", ""mixing#0:time"", ""mixing#1:mixer"", ""mixing#1:rotational frequency"", ""mixing#1:temperature""]"
l290-s24-si-2006,article:l290,0.75,2,8,"[""mixing#0:mixer"", ""mixing#0:rotational frequency"", ""mixing#1:mixer"", ""mixing#1:rotational frequency"", ""mixing#1:temperature"", ""mixing#1:time""]"
l229-s2-bao-2011,article:l229,0.25,0,14,"[""heating#0:ambient condition"", ""heating#3:temperature"", ""mixing#2:mixing method"", ""mixing#2:temperature""]"
l229-s2-bao-2011,article:l229,0.25,1,14,"[""heating#2:temperature"", ""heating#2:time"", ""mixing#0:mixing method"", ""mixing#2:mixing method""]"
l229-s2-bao-2011,article:l229,0.25,2,14,"[""heating#0:ambient condition"", ""heating#2:time"", ""heating#3:temperature"", ""mixing#3:mixing method""]"
l229-s2-bao-2011,article:l229,0.5,0,14,"[""heating#0:ambient condition"", ""heating#1:temperature"", ""heating#3:temperature"", ""heating#3:time"", ""mixing#1:mixing method"", ""mixing#2:mixing method"", ""mixing#2:temperature""]"
l229-s2-bao-2011,article:l229,0.5,1,14,"[""heating#0:temperature"", ""heating#1:temperature"", ""heating#2:temperature"", ""mixing#0:mixing method"", ""mixing#1:mixing method"", ""mixing#2:temperature"", ""mixing#3:time""]"
l229-s2-bao-2011,article:l229,0.5,2,14,"[""heating#0:ambient condition"", ""heating#2:temperature"", ""heating#2:time"", ""heating#3:temperature"", ""heating#3:time"", ""mixing#2:mixing method"", ""mixing#2:temperature""]"
l229-s2-bao-2011,article:l229,0.75,0,14,"[""heating#0:temperature"", ""heating#1:temperature"", ""heating#2:temperature"", ""heating#2:time"", ""heating#3:temperature"", ""heating#3:time"", ""mixing#0:mixing method"", ""mixing#1:mixing method"", ""mixing#1:time"", ""mixing#2:mixing method"", ""mixing#2:temperature""]"
l229-s2-bao-2011,article:l229,0.75,1,14,"[""heating#0:ambient condition"", ""heating#0:temperature"", ""heating#1:temperature"", ""heating#2:time"", ""heating#3:temperature"", ""heating#3:time"", ""mixing#0:mixing method"", ""mixing#1:time"", ""mixing#2:mixing method"", ""mixing#3:mixing method"", ""mixing#3:time""]"
l229-s2-bao-2011,article:l229,0.75,2,14,"[""heating#0:ambient condition"", ""heating#0:temperature"", ""heating#1:temperature"", ""heating#2:time"", ""heating#3:temperature"", ""heating#3:time"", ""mixing#0:mixing method"", ""mixing#1:mixing method"", ""mixing#2:mixing method"", ""mixing#3:mixing method"", ""mixing#3:time""]"
l203-s17-ma-2009,article:l203,0.25,0,15,"[""drying evaporation#0:time"", ""heating#1:time"", ""heating#2:temperature"", ""heating#2:time""]"
l203-s17-ma-2009,article:l203,0.25,1,15,"[""additive#0:additive"", ""drying evaporation#0:temperature"", ""drying evaporation#0:time"", ""heating#1:temperature""]"
l203-s17-ma-2009,article:l203,0.25,2,15,"[""additive#0:additive"", ""drying evaporation#0:temperature"", ""drying evaporation#0:time"", ""mixing#0:time""]"
l203-s17-ma-2009,article:l203,0.5,0,15,"[""additive#0:additive"", ""drying evaporation#0:pressure"", ""drying evaporation#0:temperature"", ""drying evaporation#0:time"", ""heating#1:time"", ""heating#2:temperature"", ""mixing#0:rotational frequency"", ""solvent#0:solvent name""]"
l203-s17-ma-2009,article:l203,0.5,1,15,"[""drying evaporation#0:temperature"", ""heating#0:temperature"", ""heating#1:time"", ""heating#2:temperature"", ""heating#2:time"", ""mixing#0:mixer"", ""mixing#0:mixing method"", ""mixing#0:temperature""]"
l203-s17-ma-2009,article:l203,0.5,2,15,"[""additive#0:additive"", ""drying evaporation#0:pressure"", ""drying evaporation#0:time"", ""heating#0:temperature"", ""heating#1:temperature"", ""heating#2:temperature"", ""mixing#0:temperature"", ""mixing#0:time""]"
l203-s17-ma-2009,article:l203,0.75,0,15,"[""additive#0:additive"", ""drying evaporation#0:pressure"", ""drying evaporation#0:time"", ""heating#0:temperature"", ""heating#1:temperature"", ""heating#1:time"", ""heating#2:temperature"", ""heating#2:time"", ""mixing#0:mixer"", ""mixing#0:mixing method"", ""mixing#0:time"", ""solvent#0:solvent name""]"
l203-s17-ma-2009,article:l203,0.75,1,15,"[""additive#0:additive"", ""drying evaporation#0:pressure"", ""drying evaporation#0:temperature"", ""drying evaporation#0:time"", ""heating#1:temperature"", ""heating#2:temperature"", ""heating#2:time"", ""mixing#0:mixer"", ""mixing#0:mixing method"", ""mixing#0:rotational frequency"", ""mixing#0:temperature"", ""solvent#0:solvent name""]"
l203-s17-ma-2009,article:l203,0.75,2,15,"[""drying evaporation#0:pressure"", ""drying evaporation#0:temperature"", ""drying evaporation#0:time"", ""heating#1:time"", ""heating#2:temperature"", ""heating#2:time"", ""mixing#0:mixer"", ""mixing#0:mixing method"", ""mixing#0:rotational frequency"", ""mixing#0:temperature"", ""mixing#0:time"", ""solvent#0:solvent name""]"
l383-s1-sadeghi-2017,article:l383,0.25,0,5,"[""mixing#0:mixer"", ""mixing#0:time""]"
l383-s1-sadeghi-2017,article:l383,0.25,1,5,"[""mixing#0:mixing method"", ""mixing#0:temperature""]"
l383-s1-sadeghi-2017,article:l383,0.25,2,5,"[""mixing#0:temperature"", ""mixing#0:time""]"
l383-s1-sadeghi-2017,article:l383,0.5,0,5,"[""mixing#0:mixer"", ""mixing#0:rotational frequency"", ""mixing#0:time""]"
l383-s1-sadeghi-2017,article:l383,0.5,1,5,"[""mixing#0:mixer"", ""mixing#0:rotational frequency"", ""mixing#0:temperature""]"
l383-s1-sadeghi-2017,article:l383,0.5,2,5,"[""mixing#0:mixing method"", ""mixing#0:rotational frequency"", ""mixing#0:time""]"
l383-s1-sadeghi-2017,article:l383,0.75,0,5,"[""mixing#0:mixer"", ""mixing#0:mixing method"", ""mixing#0:rotational frequency"", ""mixing#0:temperature""]"
l383-s1-sadeghi-2017,article:l383,0.75,1,5,"[""mixing#0:mixer"", ""mixing#0:mixing method"", ""mixing#0:rotational frequency"", ""mixing#0:time""]"
l383-s1-sadeghi-2017,article:l383,0.75,2,5,"[""mixing#0:mixing method"", ""mixing#0:rotational frequency"", ""mixing#0:temperature"", ""mixing#0:time""]"
l309-s4-torki-2010,article:l309,0.25,0,7,"[""mixing#0:mixer"", ""molding#0:pressure""]"
l309-s4-torki-2010,article:l309,0.25,1,7,"[""mixing#0:rotational frequency"", ""mixing#0:time""]"
l309-s4-torki-2010,article:l309,0.25,2,7,"[""mixing#0:mixer"", ""molding#0:pressure""]"
l309-s4-torki-2010,article:l309,0.5,0,7,"[""mixing#0:mixer"", ""mixing#0:rotational frequency"", ""molding#0:pressure"", ""molding#0:temperature""]"
l309-s4-torki-2010,article:l309,0.5,1,7,"[""mixing#0:mixer"", ""mixing#0:time"", ""molding#0:pressure"", ""molding#0:temperature""]"
l309-s4-torki-2010,article:l309,0.5,2,7,"[""mixing#0:temperature"", ""mixing#0:time"", ""molding#0:temperature"", ""molding#0:time""]"
l309-s4-torki-2010,article:l309,0.75,0,7,"[""mixing#0:mixer"", ""mixing#0:rotational frequency"", ""mixing#0:temperature"", ""molding#0:pressure"", ""molding#0:temperature"", ""molding#0:time""]"
l309-s4-torki-2010,article:l309,0.75,1,7,"[""mixing#0:mixer"", ""mixing#0:rotational frequency"", ""mixing#0:temperature"", ""mixing#0:time"", ""molding#0:pressure"", ""molding#0:temperature""]"
l309-s4-torki-2010,article:l309,0.75,2,7,"[""mixing#0:mixer"", ""mixing#0:rotational frequency"", ""mixing#0:temperature"", ""mixing#0:time"", ""molding#0:temperature"", ""molding#0:time""]"
l142-s2-gao-2014,article:l142,0.25,0,13,"[""drying evaporation#1:temperature"", ""drying evaporation#1:time"", ""heating#0:temperature"", ""mixing#2:mixing method""]"
l142-s2-gao-2014,article:l142,0.25,1,13,"[""drying evaporation#1:time"", ""heating#0:temperature"", ""mixing#1:mixing method"", ""mixing#3:mixing method""]"
l142-s2-gao-2014,article:l142,0.25,2,13,"[""drying evaporation#0:temperature"", ""drying evaporation#1:ambient condition"", ""heating#0:temperature"", ""mixing#2:mixing method""]"
l142-s2-gao-2014,article:l142,0.5,0,13,"[""drying evaporation#1:ambient condition"", ""drying evaporation#1:time"", ""heating#0:time"", ""mixing#0:mixing method"", ""mixing#0:time"", ""mixing#2:time"", ""mixing#3:time""]"
l142-s2-gao-2014,article:l142,0.5,1,13,"[""drying evaporation#0:temperature"", ""drying evaporation#1:ambient condition"", ""drying evaporation#1:temperature"", ""drying evaporation#1:time"", ""heating#0:temperature"", ""mixing#0:mixing method"", ""mixing#2:mixing method""]"
l142-s2-gao-2014,article:l142,0.5,2,13,"[""drying evaporation#0:temperature"", ""heating#0:time"", ""mixing#0:mixing method"", ""mixing#0:time"", ""mixing#1:mixing method"", ""mixing#3:mixing method"", ""mixing#3:time""]"
l142-s2-gao-2014,article:l142,0.75,0,13,"[""drying evaporation#1:ambient condition"", ""drying evaporation#1:temperature"", ""drying evaporation#1:time"", ""heating#0:temperature"", ""heating#0:time"", ""mixing#0:mixing method"", ""mixing#0:time"", ""mixing#1:mixing method"", ""mixing#2:mixing method"", ""mixing#3:mixing method""]"
l142-s2-gao-2014,article:l142,0.75,1,13,"[""drying evaporation#1:ambient condition"", ""drying evaporation#1:temperature"", ""drying evaporation#1:time"", ""heating#0:temperature"", ""mixing#0:mixing method"", ""mixing#0:time"", ""mixing#2:mixing method"", ""mixing#2:time"", ""mixing#3:mixing method"", ""mixing#3:time""]"
l142-s2-gao-2014,article:l142,0.75,2,13,"[""drying evaporation#0:temperature"", ""drying evaporation#1:ambient condition"", ""drying evaporation#1:temperature"", ""drying evaporation#1:time"", ""heating#0:time"", ""mixing#0:mixing method"", ""mixing#1:mixing method"", ""mixing#2:mixing method"", ""mixing#3:mixing method"", ""mixing#3:time""]"
l177-s2-yang-2013,article:l177,0.25,0,3,"[""mixing#0:mixing method""]"
l177-s2-yang-2013,article:l177,0.25,1,3,"[""mixing#0:mixing method""]"
l177-s2-yang-2013,article:l177,0.25,2,3,"[""mixing#0:mixing method""]"
l177-s2-yang-2013,article:l177,0.5,0,3,"[""mixing#0:mixer"", ""mixing#0:mixing method""]"
l177-s2-yang-2013,article:l177,0.5,1,3,"[""mixing#0:mixer"", ""mixing#0:time""]"
l177-s2-yang-2013,article:l177,0.5,2,3,"[""mixing#0:mixer"", ""mixing#0:time""]"
l177-s2-yang-2013,article:l177,0.75,0,3,"[""mixing#0:mixer"", ""mixing#0:mixing method"", ""mixing#0:time""]"
l177-s2-yang-2013,article:l177,0.75,1,3,"[""mixing#0:mixer"", ""mixing#0:mixing method"", ""mixing#0:time""]"
l177-s2-yang-2013,article:l177,0.75,2,3,"[""mixing#0:mixer"", ""mixing#0:mixing method"", ""mixing#0:time""]"
l274-s3-goh-2003,article:l274,0.25,0,10,"[""molding#0:ambient condition"", ""molding#0:time"", ""molding#1:pressure""]"
l274-s3-goh-2003,article:l274,0.25,1,10,"[""heating#0:temperature"", ""molding#0:ambient condition"", ""molding#0:time""]"
l274-s3-goh-2003,article:l274,0.25,2,10,"[""heating#0:temperature"", ""heating#0:time"", ""mixing#0:mixer""]"
l274-s3-goh-2003,article:l274,0.5,0,10,"[""heating#0:time"", ""mixing#0:time"", ""molding#0:ambient condition"", ""molding#0:temperature"", ""molding#1:pressure""]"
l274-s3-goh-2003,article:l274,0.5,1,10,"[""heating#0:pressure"", ""heating#0:temperature"", ""heating#0:time"", ""mixing#0:temperature"", ""molding#1:pressure""]"
l274-s3-goh-2003,article:l274,0.5,2,10,"[""heating#0:temperature"", ""heating#0:time"", ""mixing#0:time"", ""molding#0:time"", ""molding#1:pressure""]"
l274-s3-goh-2003,article:l274,0.75,0,10,"[""heating#0:pressure"", ""heating#0:temperature"", ""mixing#0:mixer"", ""mixing#0:temperature"", ""mixing#0:time"", ""molding#0:ambient condition"", ""molding#0:temperature"", ""molding#0:time""]"
l274-s3-goh-2003,article:l274,0.75,1,10,"[""heating#0:pressure"", ""heating#0:temperature"", ""heating#0:time"", ""mixing#0:temperature"", ""mixing#0:time"", ""molding#0:temperature"", ""molding#0:time"", ""molding#1:pressure""]"
l274-s3-goh-2003,article:l274,0.75,2,10,"[""heating#0:pressure"", ""heating#0:temperature"", ""heating#0:time"", ""mixing#0:temperature"", ""molding#0:ambient condition"", ""molding#0:temperature"", ""molding#0:time"", ""molding#1:pressure""]"
l221-s8-dai-2008,article:l221,0.25,0,7,"[""mixing#0:chemical used"", ""mixing#1:mixing method""]"
l221-s8-dai-2008,article:l221,0.25,1,7,"[""mixing#1:mixing method"", ""molding#0:temperature""]"
l221-s8-dai-2008,article:l221,0.25,2,7,"[""mixing#1:time"", ""molding#0:temperature""]"
l221-s8-dai-2008,article:l221,0.5,0,7,"[""mixing#0:mixing method"", ""mixing#1:mixing method"", ""molding#0:temperature"", ""molding#0:time""]"
l221-s8-dai-2008,article:l221,0.5,1,7,"[""mixing#0:time"", ""mixing#1:mixing method"", ""mixing#1:time"", ""molding#0:time""]"
l221-s8-dai-2008,article:l221,0.5,2,7,"[""mixing#0:mixing method"", ""mixing#0:time"", ""mixing#1:time"", ""molding#0:temperature""]"
l221-s8-dai-2008,article:l221,0.75,0,7,"[""mixing#0:chemical used"", ""mixing#0:mixing method"", ""mixing#1:mixing method"", ""mixing#1:time"", ""molding#0:temperature"", ""molding#0:time""]"
l221-s8-dai-2008,article:l221,0.75,1,7,"[""mixing#0:chemical used"", ""mixing#0:mixing method"", ""mixing#0:time"", ""mixing#1:mixing method"", ""mixing#1:time"", ""molding#0:time""]"
l221-s8-dai-2008,article:l221,0.75,2,7,"[""mixing#0:chemical used"", ""mixing#0:mixing method"", ""mixing#0:time"", ""mixing#1:mixing method"", ""molding#0:temperature"", ""molding#0:time""]"
l191-s3-xie-2004,article:l191,0.25,0,9,"[""mixing#2:mixing method"", ""mixing#2:temperature"", ""molding#0:time""]"
l191-s3-xie-2004,article:l191,0.25,1,9,"[""mixing#0:mixer"", ""mixing#2:mixing method"", ""molding#0:time""]"
l191-s3-xie-2004,article:l191,0.25,2,9,"[""mixing#2:mixing method"", ""molding#0:temperature"", ""molding#0:time""]"
l191-s3-xie-2004,article:l191,0.5,0,9,"[""mixing#0:mixer"", ""mixing#0:temperature"", ""mixing#1:mixing method"", ""mixing#2:mixer"", ""mixing#2:temperature""]"
l191-s3-xie-2004,article:l191,0.5,1,9,"[""mixing#0:mixer"", ""mixing#0:temperature"", ""mixing#2:mixing method"", ""mixing#2:temperature"", ""mixing#2:time""]"
l191-s3-xie-2004,article:l191,0.5,2,9,"[""mixing#0:temperature"", ""mixing#2:mixer"", ""mixing#2:time"", ""molding#0:temperature"", ""molding#0:time""]"
l191-s3-xie-2004,article:l191,0.75,0,9,"[""mixing#0:mixer"", ""mixing#0:temperature"", ""mixing#2:mixer"", ""mixing#2:temperature"", ""mixing#2:time"", ""molding#0:temperature"", ""molding#0:time""]"
l191-s3-xie-2004,article:l191,0.75,1,9,"[""mixing#0:temperature"", ""mixing#1:mixing method"", ""mixing#2:mixer"", ""mixing#2:mixing method"", ""mixing#2:time"", ""molding#0:temperature"", ""molding#0:time""]"
l191-s3-xie-2004,article:l191,0.75,2,9,"[""mixing#0:mixer"", ""mixing#0:temperature"", ""mixing#2:mixer"", ""mixing#2:temperature"", ""mixing#2:time"", ""molding#0:temperature"", ""molding#0:time""]"
l275-s1-zhou-2006,article:l275,0.25,0,9,"[""heating#0:temperature"", ""heating#0:time"", ""heating#1:time""]"
l275-s1-zhou-2006,article:l275,0.25,1,9,"[""heating#0:time"", ""heating#2:temperature"", ""heating#2:time""]"
l275-s1-zhou-2006,article:l275,0.25,2,9,"[""heating#0:time"", ""heating#1:temperature"", ""heating#2:temperature""]"
l275-s1-zhou-2006,article:l275,0.5,0,9,"[""heating#0:temperature"", ""heating#0:time"", ""heating#1:temperature"", ""heating#1:time"", ""heating#2:temperature""]"
l275-s1-zhou-2006,article:l275,0.5,1,9,"[""heating#0:ambient condition"", ""heating#0:time"", ""heating#2:temperature"", ""heating#2:time"", ""mixing#0:time""]"
l275-s1-zhou-2006,article:l275,0.5,2,9,"[""heating#0:temperature"", ""heating#1:temperature"", ""heating#2:temperature"", ""heating#2:time"", ""mixing#0:mixing method""]"
l275-s1-zhou-2006,article:l275,0.75,0,9,"[""heating#0:ambient condition"", ""heating#0:time"", ""heating#1:time"", ""heating#2:temperature"", ""heating#2:time"", ""mixing#0:mixing method"", ""mixing#0:time""]"
l275-s1-zhou-2006,article:l275,0.75,1,9,"[""heating#0:ambient condition"", ""heating#0:temperature"", ""heating#1:temperature"", ""heating#2:temperature"", ""heating#2:time"", ""mixing#0:mixing method"", ""mixing#0:time""]"
l275-s1-zhou-2006,article:l275,0.75,2,9,"[""heating#0:ambient condition"", ""heating#0:temperature"", ""heating#0:time"", ""heating#1:temperature"", ""heating#1:time"", ""heating#2:temperature"", ""mixing#0:time""]"
l382-s1-huang-2019,article:l382,0.25,0,3,"[""mixing#0:time""]"
l382-s1-huang-2019,article:l382,0.25,1,3,"[""mixing#0:time""]"
l382-s1-huang-2019,article:l382,0.25,2,3,"[""mixing#0:mixing method""]"
l382-s1-huang-2019,article:l382,0.5,0,3,"[""mixing#0:time"", ""solvent#0:solvent name""]"
l382-s1-huang-2019,article:l382,0.5,1,3,"[""mixing#0:mixing method"", ""mixing#0:time""]"
l382-s1-huang-2019,article:l382,0.5,2,3,"[""mixing#0:time"", ""solvent#0:solvent name""]"
l382-s1-huang-2019,article:l382,0.75,0,3,"[""mixing#0:mixing method"", ""mixing#0:time"", ""solvent#0:solvent name""]"
l382-s1-huang-2019,article:l382,0.75,1,3,"[""mixing#0:mixing method"", ""mixing#0:time"", ""solvent#0:solvent name""]"
l382-s1-huang-2019,article:l382,0.75,2,3,"[""mixing#0:mixing method"", ""mixing#0:time"", ""solvent#0:solvent name""]"
l258-s4-du-2004,article:l258,0.25,0,1,"[""mixing#0:mixing method""]"
l258-s4-du-2004,article:l258,0.25,1,1,"[""mixing#0:mixing method""]"
l258-s4-du-2004,article:l258,0.25,2,1,"[""mixing#0:mixing method""]"
l258-s4-du-2004,article:l258,0.5,0,1,"[""mixing#0:mixing method""]"
l258-s4-du-2004,article:l258,0.5,1,1,"[""mixing#0:mixing method""]"
l258-s4-du-2004,article:l258,0.5,2,1,"[""mixing#0:mixing method""]"
l258-s4-du-2004,article:l258,0.75,0,1,"[""mixing#0:mixing method""]"
l258-s4-du-2004,article:l258,0.75,1,1,"[""mixing#0:mixing method""]"
l258-s4-du-2004,article:l258,0.75,2,1,"[""mixing#0:mixing method""]"
l200-s4-schoch-2008,article:l200,0.25,0,9,"[""mixing#1:mixing method"", ""mixing#1:temperature"", ""mixing#2:mixer""]"
l200-s4-schoch-2008,article:l200,0.25,1,9,"[""mixing#0:mixing method"", ""mixing#0:temperature"", ""mixing#1:mixer""]"
l200-s4-schoch-2008,article:l200,0.25,2,9,"[""mixing#1:mixing method"", ""mixing#1:temperature"", ""mixing#1:time""]"
l200-s4-schoch-2008,article:l200,0.5,0,9,"[""mixing#0:time"", ""mixing#1:mixer"", ""mixing#1:temperature"", ""mixing#1:time"", ""mixing#2:mixer""]"
l200-s4-schoch-2008,article:l200,0.5,1,9,"[""mixing#0:mixing method"", ""mixing#0:temperature"", ""mixing#1:mixing method"", ""mixing#1:temperature"", ""mixing#2:mixer""]"
l200-s4-schoch-2008,article:l200,0.5,2,9,"[""mixing#1:mixer"", ""mixing#1:mixing method"", ""mixing#1:temperature"", ""mixing#1:time"", ""mixing#2:mixer""]"
l200-s4-schoch-2008,article:l200,0.75,0,9,"[""mixing#0:mixing method"", ""mixing#0:temperature"", ""mixing#1:mixer"", ""mixing#1:mixing method"", ""mixing#1:temperature"", ""mixing#1:time"", ""mixing#2:mixer""]"
l200-s4-schoch-2008,article:l200,0.75,1,9,"[""mixing#0:mixing method"", ""mixing#0:temperature"", ""mixing#0:time"", ""mixing#1:mixer"", ""mixing#1:mixing method"", ""mixing#1:temperature"", ""mixing#2:mixing method""]"
l200-s4-schoch-2008,article:l200,0.75,2,9,"[""mixing#0:mixing method"", ""mixing#0:temperature"", ""mixing#0:time"", ""mixing#1:mixing method"", ""mixing#1:temperature"", ""mixing#1:time"", ""mixing#2:mixer""]"
l325-s5-manafi-2015,article:l325,0.25,0,12,"[""drying evaporation#0:ambient condition"", ""drying evaporation#0:time"", ""heating#0:time""]"
l325-s5-manafi-2015,article:l325,0.25,1,12,"[""drying evaporation#0:temperature"", ""mixing#0:mixing method"", ""mixing#0:time""]"
l325-s5-manafi-2015,article:l325,0.25,2,12,"[""drying evaporation#0:ambient condition"", ""drying evaporation#0:temperature"", ""mixing#1:mixing method""]"
l325-s5-manafi-2015,article:l325,0.5,0,12,"[""drying evaporation#0:ambient condition"", ""mixing#0:mixing method"", ""mixing#0:time"", ""mixing#2:temperature"", ""mixing#2:time"", ""mixing#3:time""]"
l325-s5-manafi-2015,article:l325,0.5,1,12,"[""drying evaporation#0:ambient condition"", ""drying evaporation#0:time"", ""heating#0:time"", ""mixing#0:time"", ""mixing#2:time"", ""mixing#3:mixing method""]"
l325-s5-manafi-2015,article:l325,0.5,2,12,"[""drying evaporation#0:time"", ""mixing#0:mixing method"", ""mixing#0:time"", ""mixing#1:mixing method"", ""mixing#1:temperature"", ""mixing#2:time""]"
l325-s5-manafi-2015,article:l325,0.75,0,12,"[""drying evaporation#0:ambient condition"", ""drying evaporation#0:temperature"", ""drying evaporation#0:time"", ""mixing#0:mixing method"", ""mixing#0:time"", ""mixing#1:mixing method"", ""mixing#2:temperature"", ""mixing#3:mixing method"", ""mixing#3:time""]"
l325-s5-manafi-2015,article:l325,0.75,1,12,"[""drying evaporation#0:temperature"", ""drying evaporation#0:time"", ""heating#0:time"", ""mixing#0:time"", ""mixing#1:mixing method"", ""mixing#1:temperature"", ""mixing#2:temperature"", ""mixing#2:time"", ""mixing#3:time""]"
l325-s5-manafi-2015,article:l325,0.75,2,12,"[""drying evaporation#0:ambient condition"", ""drying evaporation#0:temperature"", ""drying evaporation#0:time"", ""heating#0:time"", ""mixing#0:mixing method"", ""mixing#1:mixing method"", ""mixing#1:temperature"", ""mixing#2:time"", ""mixing#3:mixing method""]"
l180-s3-maillard-2012,article:l180,0.25,0,8,"[""heating#0:temperature"", ""molding#0:time""]"
l180-s3-maillard-2012,article:l180,0.25,1,8,"[""heating#0:time"", ""molding#0:ambient condition""]"
l180-s3-maillard-2012,article:l180,0.25,2,8,"[""heating#0:time"", ""molding#0:time""]"
l180-s3-maillard-2012,article:l180,0.5,0,8,"[""heating#0:pressure"", ""mixing#0:mixing method"", ""molding#0:ambient condition"", ""molding#0:time""]"
l180-s3-maillard-2012,article:l180,0.5,1,8,"[""heating#0:ambient condition"", ""heating#0:time"", ""molding#0:ambient condition"", ""molding#0:time""]"
l180-s3-maillard-2012,article:l180,0.5,2,8,"[""heating#0:pressure"", ""heating#0:time"", ""mixing#0:mixing method"", ""mixing#0:time""]"
l180-s3-maillard-2012,article:l180,0.75,0,8,"[""heating#0:pressure"", ""heating#0:temperature"", ""heating#0:time"", ""mixing#0:mixing method"", ""molding#0:ambient condition"", ""molding#0:time""]"
l180-s3-maillard-2012,article:l180,0.75,1,8,"[""heating#0:ambient condition"", ""heating#0:temperature"", ""heating#0:time"", ""mixing#0:time"", ""molding#0:ambient condition"", ""molding#0:time""]"
l180-s3-maillard-2012,article:l180,0.75,2,8,"[""heating#0:pressure"", ""heating#0:temperature"", ""heating#0:time"", ""mixing#0:mixing method"", ""mixing#0:time"", ""molding#0:ambient condition""]"
l310-s5-chatterjee-2007,article:l310,0.25,0,9,"[""heating#0:temperature"", ""mixing#0:mixer"", ""mixing#1:mixing method""]"
l310-s5-chatterjee-2007,article:l310,0.25,1,9,"[""heating#0:time"", ""mixing#0:mixer"", ""mixing#0:mixing method""]"
l310-s5-chatterjee-2007,article:l310,0.25,2,9,"[""heating#0:temperature"", ""mixing#0:mixing method"", ""molding#0:temperature""]"
l310-s5-chatterjee-2007,article:l310,0.5,0,9,"[""mixing#0:mixer"", ""mixing#0:time"", ""mixing#1:mixing method"", ""molding#0:temperature"", ""molding#0:time""]"
l310-s5-chatterjee-2007,article:l310,0.5,1,9,"[""heating#0:time"", ""mixing#0:mixer"", ""mixing#0:mixing method"", ""mixing#0:time"", ""mixing#1:mixing method""]"
l310-s5-chatterjee-2007,article:l310,0.5,2,9,"[""heating#0:time"", ""mixing#0:mixing method"", ""mixing#0:time"", ""molding#0:temperature"", ""molding#0:time""]"
l310-s5-chatterjee-2007,article:l310,0.75,0,9,"[""heating#0:temperature"", ""heating#0:time"", ""mixing#0:mixing method"", ""mixing#0:time"", ""mixing#1:time"", ""molding#0:temperature"", ""molding#0:time""]"
l310-s5-chatterjee-2007,article:l310,0.75,1,9,"[""heating#0:temperature"", ""heating#0:time"", ""mixing#0:mixer"", ""mixing#0:mixing method"", ""mixing#1:mixing method"", ""mixing#1:time"", ""molding#0:time""]"
l310-s5-chatterjee-2007,article:l310,0.75,2,9,"[""heating#0:temperature"", ""heating#0:time"", ""mixing#0:mixing method"", ""mixing#0:time"", ""mixing#1:mixing method"", ""mixing#1:time"", ""molding#0:temperature""]"
l413-s3-botta-2018,article:l413,0.25,0,27,"[""drying evaporation#1:ambient condition"", ""drying evaporation#2:ambient condition"", ""drying evaporation#2:temperature"", ""extrusion#0:equipment type"", ""extrusion#0:rotation mode"", ""extrusion#0:rotation speed"", ""extrusion#1:extruder""]"
l413-s3-botta-2018,article:l413,0.25,1,27,"[""drying evaporation#1:time"", ""extrusion#0:extruder"", ""extrusion#0:extrusion temperature"", ""extrusion#1:extruder"", ""extrusion#1:extrusion temperature"", ""extrusion#1:rotation speed"", ""extrusion#3:rotation speed""]"
l413-s3-botta-2018,article:l413,0.25,2,27,"[""drying evaporation#0:ambient condition"", ""drying evaporation#1:time"", ""drying evaporation#2:temperature"", ""extrusion#0:rotation mode"", ""extrusion#0:rotation speed"", ""extrusion#2:equipment type"", ""extrusion#2:rotation speed""]"
l413-s3-botta-2018,article:l413,0.5,0,27,"[""cooling#0:ambient condition"", ""drying evaporation#0:ambient condition"", ""drying evaporation#0:temperature"", ""drying evaporation#0:time"", ""drying evaporation#1:time"", ""drying evaporation#2:ambient condition"", ""extrusion#0:equipment type"", ""extrusion#0:extrusion temperature"", ""extrusion#0:rotation mode"", ""extrusion#1:equipment type"", ""extrusion#1:extrusion temperature"", ""extrusion#2:equipment type"", ""extrusion#2:extrusion temperature"", ""extrusion#2:rotation speed""]"
l413-s3-botta-2018,article:l413,0.5,1,27,"[""drying evaporation#0:temperature"", ""drying evaporation#1:ambient condition"", ""drying evaporation#1:temperature"", ""drying evaporation#2:ambient condition"", ""drying evaporation#2:time"", ""extrusion#0:extrusion temperature"", ""extrusion#0:rotation mode"", ""extrusion#0:rotation speed"", ""extrusion#1:equipment type"", ""extrusion#1:extrusion temperature"", ""extrusion#1:rotation speed"", ""extrusion#2:extruder"", ""extrusion#3:equipment type"", ""extrusion#3:extruder""]"
l413-s3-botta-2018,article:l413,0.5,2,27,"[""cooling#0:ambient condition"", ""drying evaporation#0:ambient condition"", ""drying evaporation#0:temperature"", ""drying evaporation#1:ambient condition"", ""drying evaporation#2:ambient condition"", ""drying evaporation#2:time"", ""extrusion#0:extruder"", ""extrusion#0:extrusion temperature"", ""extrusion#0:rotation mode"", ""extrusion#0:rotation speed"", ""extrusion#1:extrusion temperature"", ""extrusion#2:equipment type"", ""extrusion#2:extrusion temperature"", ""extrusion#2:rotation speed""]"
l413-s3-botta-2018,article:l413,0.75,0,27,"[""cooling#0:ambient condition"", ""drying evaporation#0:ambient condition"", ""drying evaporation#0:time"", ""drying evaporation#1:temperature"", ""drying evaporation#1:time"", ""drying evaporation#2:ambient condition"", ""drying evaporation#2:temperature"", ""drying evaporation#2:time"", ""extrusion#0:equipment type"", ""extrusion#0:extruder"", ""extrusion#0:extrusion temperature"", ""extrusion#0:rotation mode"", ""extrusion#0:rotation speed"", ""extrusion#1:equipment type"", ""extrusion#1:extruder"", ""extrusion#1:rotation speed"", ""extrusion#2:equipment type"", ""extrusion#2:extruder"", ""extrusion#2:rotation speed"", ""extrusion#3:extruder"", ""extrusion#3:extrusion temperature""]"
l413-s3-botta-2018,article:l413,0.75,1,27,"[""cooling#0:ambient condition"", ""drying evaporation#0:ambient condition"", ""drying evaporation#0:temperature"", ""drying evaporation#0:time"", ""drying evaporation#1:temperature"", ""drying evaporation#1:time"", ""drying evaporation#2:ambient condition"", ""drying evaporation#2:temperature"", ""drying evaporation#2:time"", ""extrusion#0:equipment type"", ""extrusion#0:extrusion temperature"", ""extrusion#0:rotation speed"", ""extrusion#1:equipment type"", ""extrusion#1:extruder"", ""extrusion#1:extrusion temperature"", ""extrusion#2:extruder"", ""extrusion#2:extrusion temperature"", ""extrusion#2:rotation speed"", ""extrusion#3:equipment type"", ""extrusion#3:extruder"", ""extrusion#3:extrusion temperature""]"
l413-s3-botta-2018,article:l413,0.75,2,27,"[""cooling#0:ambient condition"", ""drying evaporation#0:ambient condition"", ""drying evaporation#0:temperature"", ""drying evaporation#1:temperature"", ""drying evaporation#1:time"", ""drying evaporation#2:ambient condition"", ""drying evaporation#2:temperature"", ""drying evaporation#2:time"", ""extrusion#0:equipment type"", ""extrusion#0:extrusion temperature"", ""extrusion#0:rotation mode"", ""extrusion#0:rotation speed"", ""extrusion#1:equipment type"", ""extrusion#1:extruder"", ""extrusion#1:extrusion temperature"", ""extrusion#1:rotation speed"", ""extrusion#2:equipment type"", ""extrusion#2:extruder"", ""extrusion#2:extrusion temperature"", ""extrusion#3:extruder"", ""extrusion#3:rotation speed""]"
l375-s4-rishi-2018,article:l375,0.25,0,6,"[""mixing#0:mixer"", ""mixing#0:temperature""]"
l375-s4-rishi-2018,article:l375,0.25,1,6,"[""mixing#0:chemical used"", ""mixing#0:temperature""]"
l375-s4-rishi-2018,article:l375,0.25,2,6,"[""mixing#0:mixing method"", ""mixing#0:temperature""]"
l375-s4-rishi-2018,article:l375,0.5,0,6,"[""mixing#0:chemical used"", ""mixing#0:mixer"", ""mixing#0:temperature""]"
l375-s4-rishi-2018,article:l375,0.5,1,6,"[""mixing#0:chemical used"", ""mixing#0:temperature"", ""mixing#0:time""]"
l375-s4-rishi-2018,article:l375,0.5,2,6,"[""mixing#0:rotational frequency"", ""mixing#0:temperature"", ""mixing#0:time""]"
l375-s4-rishi-2018,article:l375,0.75,0,6,"[""mixing#0:mixer"", ""mixing#0:mixing method"", ""mixing#0:rotational frequency"", ""mixing#0:temperature"", ""mixing#0:time""]"
l375-s4-rishi-2018,article:l375,0.75,1,6,"[""mixing#0:chemical used"", ""mixing#0:mixer"", ""mixing#0:mixing method"", ""mixing#0:rotational frequency"", ""mixing#0:time""]"
l375-s4-rishi-2018,article:l375,0.75,2,6,"[""mixing#0:chemical used"", ""mixing#0:mixer"", ""mixing#0:rotational frequency"", ""mixing#0:temperature"", ""mixing#0:time""]"
l252-s3-ameli-2014,article:l252,0.25,0,3,"[""extrusion#0:extruder""]"
l252-s3-ameli-2014,article:l252,0.25,1,3,"[""extrusion#0:equipment type""]"
l252-s3-ameli-2014,article:l252,0.25,2,3,"[""extrusion#0:extruder""]"
l252-s3-ameli-2014,article:l252,0.5,0,3,"[""extrusion#0:equipment type"", ""mixing#0:temperature""]"
l252-s3-ameli-2014,article:l252,0.5,1,3,"[""extrusion#0:equipment type"", ""extrusion#0:extruder""]"
l252-s3-ameli-2014,article:l252,0.5,2,3,"[""extrusion#0:equipment type"", ""mixing#0:temperature""]"
l252-s3-ameli-2014,article:l252,0.75,0,3,"[""extrusion#0:equipment type"", ""extrusion#0:extruder"", ""mixing#0:temperature""]"
l252-s3-ameli-2014,article:l252,0.75,1,3,"[""extrusion#0:equipment type"", ""extrusion#0:extruder"", ""mixing#0:temperature""]"
l252-s3-ameli-2014,article:l252,0.75,2,3,"[""extrusion#0:equipment type"", ""extrusion#0:extruder"", ""mixing#0:temperature""]"
l154-s3-eitan-2005,article:l154,0.25,0,10,"[""mixing#0:mixer"", ""mixing#0:mixing method"", ""mixing#0:time""]"
l154-s3-eitan-2005,article:l154,0.25,1,10,"[""additive#0:additive"", ""drying evaporation#1:time"", ""mixing#0:mixing method""]"
l154-s3-eitan-2005,article:l154,0.25,2,10,"[""additive#0:additive"", ""drying evaporation#0:time"", ""drying evaporation#1:temperature""]"
l154-s3-eitan-2005,article:l154,0.5,0,10,"[""drying evaporation#1:temperature"", ""mixing#0:mixer"", ""mixing#0:mixing method"", ""mixing#0:time"", ""mixing#1:mixing method""]"
l154-s3-eitan-2005,article:l154,0.5,1,10,"[""drying evaporation#0:time"", ""drying evaporation#1:temperature"", ""mixing#0:mixer"", ""mixing#0:mixing method"", ""mixing#1:mixing method""]"
l154-s3-eitan-2005,article:l154,0.5,2,10,"[""additive#0:additive"", ""drying evaporation#1:temperature"", ""mixing#0:mixer"", ""mixing#0:time"", ""mixing#1:time""]"
l154-s3-eitan-2005,article:l154,0.75,0,10,"[""additive#0:additive"", ""drying evaporation#0:temperature"", ""drying evaporation#1:temperature"", ""drying evaporation#1:time"", ""mixing#0:mixer"", ""mixing#0:mixing method"", ""mixing#1:mixing method"", ""mixing#1:time""]"
l154-s3-eitan-2005,article:l154,0.75,1,10,"[""drying evaporation#0:temperature"", ""drying evaporation#0:time"", ""drying evaporation#1:temperature"", ""drying evaporation#1:time"", ""mixing#0:mixer"", ""mixing#0:time"", ""mixing#1:mixing method"", ""mixing#1:time""]"
l154-s3-eitan-2005,article:l154,0.75,2,10,"[""additive#0:additive"", ""drying evaporation#0:temperature"", ""drying evaporation#0:time"", ""drying evaporation#1:temperature"", ""drying evaporation#1:time"", ""mixing#0:mixing method"", ""mixing#0:time"", ""mixing#1:mixing method""]"
l376-s6-carroll-2017,article:l376,0.25,0,19,"[""drying evaporation#1:ambient condition"", ""drying evaporation#1:pressure"", ""drying evaporation#1:temperature"", ""drying evaporation#2:ambient condition"", ""drying evaporation#2:temperature""]"
l376-s6-carroll-2017,article:l376,0.25,1,19,"[""additive#0:additive"", ""drying evaporation#1:time"", ""drying evaporation#2:ambient condition"", ""mixing#1:time"", ""solvent#0:solvent name""]"
l376-s6-carroll-2017,article:l376,0.25,2,19,"[""drying evaporation#0:ambient condition"", ""drying evaporation#1:ambient condition"", ""drying evaporation#1:temperature"", ""drying evaporation#2:time"", ""mixing#0:time""]"
l376-s6-carroll-2017,article:l376,0.5,0,19,"[""drying evaporation#0:temperature"", ""drying evaporation#1:ambient condition"", ""drying evaporation#1:pressure"", ""drying evaporation#2:ambient condition"", ""drying evaporation#2:temperature"", ""mixing#0:mixing method"", ""mixing#0:time"", ""mixing#1:mixing method"", ""mixing#1:time"", ""solvent#1:solvent name""]"
l376-s6-carroll-2017,article:l376,0.5,1,19,"[""drying evaporation#1:ambient condition"", ""drying evaporation#2:ambient condition"", ""drying evaporation#2:pressure"", ""drying evaporation#2:time"", ""mixing#0:mixer"", ""mixing#0:time"", ""mixing#1:mixer"", ""mixing#1:mixing method"", ""solvent#0:solvent name"", ""solvent#1:solvent name""]"
l376-s6-carroll-2017,article:l376,0.5,2,19,"[""drying evaporation#0:ambient condition"", ""drying evaporation#1:ambient condition"", ""drying evaporation#1:pressure"", ""drying evaporation#1:time"", ""drying evaporation#2:pressure"", ""drying evaporation#2:time"", ""mixing#0:mixer"", ""mixing#0:mixing method"", ""mixing#0:time"", ""solvent#1:solvent name""]"
l376-s6-carroll-2017,article:l376,0.75,0,19,"[""additive#0:additive"", ""drying evaporation#0:ambient condition"", ""drying evaporation#1:ambient condition"", ""drying evaporation#1:pressure"", ""drying evaporation#1:time"", ""drying evaporation#2:ambient condition"", ""drying evaporation#2:temperature"", ""drying evaporation#2:time"", ""mixing#0:mixer"", ""mixing#0:mixing method"", ""mixing#0:time"", ""mixing#1:mixing method"", ""mixing#1:time"", ""solvent#0:solvent name"", ""solvent#1:solvent name""]"
l376-s6-carroll-2017,article:l376,0.75,1,19,"[""additive#0:additive"", ""drying evaporation#0:temperature"", ""drying evaporation#1:ambient condition"", ""drying evaporation#1:pressure"", ""drying evaporation#1:time"", ""drying evaporation#2:ambient condition"", ""drying evaporation#2:pressure"", ""drying evaporation#2:temperature"", ""drying evaporation#2:time"", ""mixing#0:mixer"", ""mixing#0:mixing method"", ""mixing#1:mixer"", ""mixing#1:time"", ""solvent#0:solvent name"", ""solvent#1:solvent name""]"
l376-s6-carroll-2017,article:l376,0.75,2,19,"[""additive#0:additive"", ""drying evaporation#0:ambient condition"", ""drying evaporation#0:temperature"", ""drying evaporation#1:ambient condition"", ""drying evaporation#1:pressure"", ""drying evaporation#1:temperature"", ""drying evaporation#1:time"", ""drying evaporation#2:ambient condition"", ""drying evaporation#2:time"", ""mixing#0:mixer"", ""mixing#0:mixing method"", ""mixing#0:time"", ""mixing#1:mixing method"", ""solvent#0:solvent name"", ""solvent#1:solvent name""]"
l111-s4-singha-2009,article:l111,0.25,0,22,"[""additive#1:additive"", ""drying evaporation#1:time"", ""drying evaporation#4:time"", ""mixing#0:mixing method"", ""mixing#2:mixer"", ""molding#1:temperature""]"
l111-s4-singha-2009,article:l111,0.25,1,22,"[""additive#0:additive"", ""drying evaporation#0:ambient condition"", ""drying evaporation#1:temperature"", ""drying evaporation#4:time"", ""mixing#1:rotational frequency"", ""molding#1:temperature""]"
l111-s4-singha-2009,article:l111,0.25,2,22,"[""additive#0:additive"", ""drying evaporation#0:ambient condition"", ""drying evaporation#2:ambient condition"", ""drying evaporation#2:temperature"", ""drying evaporation#2:time"", ""mixing#2:mixer""]"
l111-s4-singha-2009,article:l111,0.5,0,22,"[""additive#0:additive"", ""drying evaporation#0:ambient condition"", ""drying evaporation#0:time"", ""drying evaporation#2:ambient condition"", ""drying evaporation#2:temperature"", ""drying evaporation#3:ambient condition"", ""mixing#0:mixer"", ""mixing#0:mixing method"", ""mixing#1:time"", ""mixing#2:mixer"", ""mixing#2:mixing method""]"
l111-s4-singha-2009,article:l111,0.5,1,22,"[""additive#0:additive"", ""additive#1:additive"", ""drying evaporation#0:ambient condition"", ""drying evaporation#0:time"", ""drying evaporation#1:temperature"", ""drying evaporation#1:time"", ""drying evaporation#2:temperature"", ""mixing#0:mixer"", ""mixing#1:rotational frequency"", ""mixing#2:mixer"", ""mixing#2:mixing method""]"
l111-s4-singha-2009,article:l111,0.5,2,22,"[""additive#1:additive"", ""drying evaporation#0:time"", ""drying evaporation#1:time"", ""drying evaporation#2:temperature"", ""drying evaporation#2:time"", ""drying evaporation#4:time"", ""mixing#0:mixer"", ""mixing#1:mixing method"", ""mixing#2:mixer"", ""mixing#2:mixing method"", ""molding#1:time""]"
l111-s4-singha-2009,article:l111,0.75,0,22,"[""additive#0:additive"", ""additive#1:additive"", ""drying evaporation#0:ambient condition"", ""drying evaporation#0:temperature"", ""drying evaporation#0:time"", ""drying evaporation#1:time"", ""drying evaporation#2:temperature"", ""drying evaporation#2:time"", ""drying evaporation#4:time"", ""mixing#0:mixer"", ""mixing#0:mixing method"", ""mixing#1:rotational frequency"", ""mixing#1:time"", ""mixing#2:mixing method"", ""mixing#2:time"", ""molding#1:temperature"", ""molding#1:time""]"
l111-s4-singha-2009,article:l111,0.75,1,22,"[""additive#0:additive"", ""additive#1:additive"", ""drying evaporation#0:ambient condition"", ""drying evaporation#0:time"", ""drying evaporation#1:time"", ""drying evaporation#2:ambient condition"", ""drying evaporation#2:time"", ""drying evaporation#3:ambient condition"", ""drying evaporation#4:time"", ""mixing#0:mixer"", ""mixing#0:mixing method"", ""mixing#1:mixing method"", ""mixing#1:rotational frequency"", ""mixing#1:time"", ""mixing#2:mixer"", ""mixing#2:mixing method"", ""mixing#2:time""]"
l111-s4-singha-2009,article:l111,0.75,2,22,"[""additive#0:additive"", ""additive#1:additive"", ""drying evaporation#0:ambient condition"", ""drying evaporation#0:temperature"", ""drying evaporation#0:time"", ""drying evaporation#1:time"", ""drying evaporation#2:ambient condition"", ""drying evaporation#2:temperature"", ""drying evaporation#2:time"", ""drying evaporation#3:ambient condition"", ""mixing#0:mixer"", ""mixing#1:mixing method"", ""mixing#2:mixer"", ""mixing#2:mixing method"", ""mixing#2:time"", ""molding#1:temperature"", ""molding#1:time""]"
l179-s5-ramanathan-2007,article:l179,0.25,0,15,"[""mixing#0:mixer"", ""mixing#0:mixing method"", ""mixing#3:mixing method"", ""molding#0:temperature""]"
l179-s5-ramanathan-2007,article:l179,0.25,1,15,"[""drying evaporation#0:temperature"", ""mixing#0:mixer"", ""mixing#2:rotational frequency"", ""molding#0:time""]"
l179-s5-ramanathan-2007,article:l179,0.25,2,15,"[""mixing#1:mixing method"", ""mixing#2:mixing method"", ""mixing#2:rotational frequency"", ""molding#0:time""]"
l179-s5-ramanathan-2007,article:l179,0.5,0,15,"[""drying evaporation#0:temperature"", ""mixing#1:mixing method"", ""mixing#2:mixer"", ""mixing#2:mixing method"", ""mixing#2:time"", ""molding#0:pressure"", ""molding#0:temperature"", ""molding#0:time""]"
l179-s5-ramanathan-2007,article:l179,0.5,1,15,"[""drying evaporation#0:temperature"", ""drying evaporation#0:time"", ""mixing#0:mixing method"", ""mixing#0:time"", ""mixing#1:mixing method"", ""mixing#2:mixing method"", ""mixing#2:rotational frequency"", ""mixing#2:time""]"
l179-s5-ramanathan-2007,article:l179,0.5,2,15,"[""drying evaporation#0:time"", ""mixing#0:time"", ""mixing#1:mixing method"", ""mixing#2:mixing method"", ""mixing#2:rotational frequency"", ""mixing#2:time"", ""mixing#3:mixing method"", ""molding#0:time""]"
l179-s5-ramanathan-2007,article:l179,0.75,0,15,"[""drying evaporation#0:ambient condition"", ""drying evaporation#0:temperature"", ""mixing#0:mixer"", ""mixing#0:mixing method"", ""mixing#0:time"", ""mixing#1:mixing method"", ""mixing#2:mixer"", ""mixing#2:mixing method"", ""mixing#2:time"", ""molding#0:pressure"", ""molding#0:temperature"", ""molding#0:time""]"
l179-s5-ramanathan-2007,article:l179,0.75,1,15,"[""drying evaporation#0:ambient condition"", ""drying evaporation#0:temperature"", ""drying evaporation#0:time"", ""mixing#0:mixer"", ""mixing#0:mixing method"", ""mixing#0:time"", ""mixing#1:mixing method"", ""mixing#2:mixing method"", ""mixing#2:rotational frequency"", ""mixing#2:time"", ""molding#0:temperature"", ""molding#0:time""]"
l179-s5-ramanathan-2007,article:l179,0.75,2,15,"[""drying evaporation#0:ambient condition"", ""drying evaporation#0:temperature"", ""mixing#0:mixing method"", ""mixing#0:time"", ""mixing#1:mixing method"", ""mixing#2:mixer"", ""mixing#2:mixing method"", ""mixing#2:rotational frequency"", ""mixing#2:time"", ""molding#0:pressure"", ""molding#0:temperature"", ""molding#0:time""]"
l221-s4-dai-2008,article:l221,0.25,0,7,"[""mixing#0:mixing method"", ""mixing#1:mixing method""]"
l221-s4-dai-2008,article:l221,0.25,1,7,"[""mixing#1:time"", ""molding#0:temperature""]"
l221-s4-dai-2008,article:l221,0.25,2,7,"[""mixing#0:chemical used"", ""mixing#1:mixing method""]"
l221-s4-dai-2008,article:l221,0.5,0,7,"[""mixing#0:chemical used"", ""mixing#0:mixing method"", ""mixing#1:time"", ""molding#0:time""]"
l221-s4-dai-2008,article:l221,0.5,1,7,"[""mixing#0:time"", ""mixing#1:mixing method"", ""mixing#1:time"", ""molding#0:time""]"
l221-s4-dai-2008,article:l221,0.5,2,7,"[""mixing#0:chemical used"", ""mixing#0:mixing method"", ""mixing#0:time"", ""molding#0:temperature""]"
l221-s4-dai-2008,article:l221,0.75,0,7,"[""mixing#0:chemical used"", ""mixing#0:mixing method"", ""mixing#0:time"", ""mixing#1:mixing method"", ""mixing#1:time"", ""molding#0:temperature""]"
l221-s4-dai-2008,article:l221,0.75,1,7,"[""mixing#0:chemical used"", ""mixing#0:time"", ""mixing#1:mixing method"", ""mixing#1:time"", ""molding#0:temperature"", ""molding#0:time""]"
l221-s4-dai-2008,article:l221,0.75,2,7,"[""mixing#0:chemical used"", ""mixing#0:mixing method"", ""mixing#1:mixing method"", ""mixing#1:time"", ""molding#0:temperature"", ""molding#0:time""]"
l208-s5-li-2012,article:l208,0.25,0,13,"[""drying evaporation#1:time"", ""mixing#0:mixer"", ""mixing#0:mixing method"", ""molding#0:pressure""]"
l208-s5-li-2012,article:l208,0.25,1,13,"[""drying evaporation#0:temperature"", ""drying evaporation#0:time"", ""drying evaporation#1:ambient condition"", ""mixing#0:mixing method""]"
l208-s5-li-2012,article:l208,0.25,2,13,"[""drying evaporation#0:temperature"", ""drying evaporation#1:time"", ""mixing#0:time"", ""molding#0:pressure""]"
l208-s5-li-2012,article:l208,0.5,0,13,"[""drying evaporation#0:ambient condition"", ""drying evaporation#0:temperature"", ""drying evaporation#1:time"", ""mixing#0:mixing method"", ""mixing#0:temperature"", ""mixing#0:time"", ""molding#0:temperature""]"
l208-s5-li-2012,article:l208,0.5,1,13,"[""drying evaporation#0:ambient condition"", ""drying evaporation#0:temperature"", ""drying evaporation#0:time"", ""drying evaporation#1:ambient condition"", ""drying evaporation#1:temperature"", ""mixing#0:mixer"", ""mixing#0:mixing method""]"
l208-s5-li-2012,article:l208,0.5,2,13,"[""drying evaporation#0:temperature"", ""drying evaporation#0:time"", ""drying evaporation#1:temperature"", ""drying evaporation#1:time"", ""mixing#0:rotational frequency"", ""mixing#0:temperature"", ""molding#0:temperature""]"
l208-s5-li-2012,article:l208,0.75,0,13,"[""drying evaporation#0:temperature"", ""drying evaporation#0:time"", ""drying evaporation#1:time"", ""mixing#0:mixer"", ""mixing#0:mixing method"", ""mixing#0:rotational frequency"", ""mixing#0:temperature"", ""mixing#0:time"", ""molding#0:pressure"", ""molding#0:temperature""]"
l208-s5-li-2012,article:l208,0.75,1,13,"[""drying evaporation#0:ambient condition"", ""drying evaporation#0:temperature"", ""drying evaporation#0:time"", ""drying evaporation#1:ambient condition"", ""drying evaporation#1:temperature"", ""mixing#0:rotational frequency"", ""mixing#0:temperature"", ""mixing#0:time"", ""molding#0:pressure"", ""molding#0:temperature""]"
l208-s5-li-2012,article:l208,0.75,2,13,"[""drying evaporation#0:ambient condition"", ""drying evaporation#0:temperature"", ""drying evaporation#0:time"", ""drying evaporation#1:temperature"", ""drying evaporation#1:time"", ""mixing#0:mixer"", ""mixing#0:temperature"", ""mixing#0:time"", ""molding#0:pressure"", ""molding#0:temperature""]"
l209-s7-ash-2001,article:l209,0.25,0,1,"[""drying evaporation#0:time""]"
l209-s7-ash-2001,article:l209,0.25,1,1,"[""drying evaporation#0:time""]"
l209-s7-ash-2001,article:l209,0.25,2,1,"[""drying evaporation#0:time""]"
l209-s7-ash-2001,article:l209,0.5,0,1,"[""drying evaporation#0:time""]"
l209-s7-ash-2001,article:l209,0.5,1,1,"[""drying evaporation#0:time""]"
l209-s7-ash-2001,article:l209,0.5,2,1,"[""drying evaporation#0:time""]"
l209-s7-ash-2001,article:l209,0.75,0,1,"[""drying evaporation#0:time""]"
l209-s7-ash-2001,article:l209,0.75,1,1,"[""drying evaporation#0:time""]"
l209-s7-ash-2001,article:l209,0.75,2,1,"[""drying evaporation#0:time""]"
l136-s5-vescovo-2010,article:l136,0.25,0,1,"[""mixing#0:mixing method""]"
l136-s5-vescovo-2010,article:l136,0.25,1,1,"[""mixing#0:mixing method""]"
l136-s5-vescovo-2010,article:l136,0.25,2,1,"[""mixing#0:mixing method""]"
l136-s5-vescovo-2010,article:l136,0.5,0,1,"[""mixing#0:mixing method""]"
l136-s5-vescovo-2010,article:l136,0.5,1,1,"[""mixing#0:mixing method""]"
l136-s5-vescovo-2010,article:l136,0.5,2,1,"[""mixing#0:mixing method""]"
l136-s5-vescovo-2010,article:l136,0.75,0,1,"[""mixing#0:mixing method""]"
l136-s5-vescovo-2010,article:l136,0.75,1,1,"[""mixing#0:mixing method""]"
l136-s5-vescovo-2010,article:l136,0.75,2,1,"[""mixing#0:mixing method""]"
l259-s2-chen-2017,article:l259,0.25,0,11,"[""heating#0:temperature"", ""mixing#1:time"", ""mixing#2:time""]"
l259-s2-chen-2017,article:l259,0.25,1,11,"[""mixing#1:temperature"", ""mixing#2:temperature"", ""molding#0:time""]"
l259-s2-chen-2017,article:l259,0.25,2,11,"[""heating#0:ambient condition"", ""mixing#2:temperature"", ""mixing#2:time""]"
l259-s2-chen-2017,article:l259,0.5,0,11,"[""heating#0:ambient condition"", ""heating#0:time"", ""mixing#2:temperature"", ""mixing#2:time"", ""molding#0:temperature"", ""molding#0:time""]"
l259-s2-chen-2017,article:l259,0.5,1,11,"[""heating#0:ambient condition"", ""mixing#0:mixing method"", ""mixing#1:temperature"", ""mixing#2:temperature"", ""mixing#2:time"", ""molding#0:temperature""]"
l259-s2-chen-2017,article:l259,0.5,2,11,"[""heating#0:ambient condition"", ""heating#0:temperature"", ""mixing#1:time"", ""mixing#2:mixing method"", ""mixing#2:temperature"", ""molding#0:time""]"
l259-s2-chen-2017,article:l259,0.75,0,11,"[""heating#0:ambient condition"", ""heating#0:temperature"", ""mixing#0:mixing method"", ""mixing#1:time"", ""mixing#2:mixing method"", ""mixing#2:temperature"", ""mixing#2:time"", ""molding#0:temperature"", ""molding#0:time""]"
l259-s2-chen-2017,article:l259,0.75,1,11,"[""heating#0:ambient condition"", ""heating#0:temperature"", ""heating#0:time"", ""mixing#0:mixing method"", ""mixing#1:temperature"", ""mixing#1:time"", ""mixing#2:temperature"", ""molding#0:temperature"", ""molding#0:time""]"
l259-s2-chen-2017,article:l259,0.75,2,11,"[""heating#0:ambient condition"", ""heating#0:temperature"", ""heating#0:time"", ""mixing#0:mixing method"", ""mixing#1:temperature"", ""mixing#1:time"", ""mixing#2:temperature"", ""molding#0:temperature"", ""molding#0:time""]"
l314-s4-diezpascual-2011,article:l314,0.25,0,9,"[""drying evaporation#0:time"", ""mixing#0:mixing method"", ""molding#0:temperature""]"
l314-s4-diezpascual-2011,article:l314,0.25,1,9,"[""drying evaporation#0:ambient condition"", ""mixing#1:time"", ""molding#0:temperature""]"
l314-s4-diezpascual-2011,article:l314,0.25,2,9,"[""mixing#0:time"", ""mixing#1:time"", ""molding#0:temperature""]"
l314-s4-diezpascual-2011,article:l314,0.5,0,9,"[""drying evaporation#0:ambient condition"", ""drying evaporation#0:time"", ""mixing#0:time"", ""mixing#2:time"", ""molding#0:temperature""]"
l314-s4-diezpascual-2011,article:l314,0.5,1,9,"[""drying evaporation#0:time"", ""mixing#0:time"", ""mixing#1:mixing method"", ""mixing#1:time"", ""molding#0:temperature""]"
l314-s4-diezpascual-2011,article:l314,0.5,2,9,"[""drying evaporation#0:ambient condition"", ""mixing#0:mixing method"", ""mixing#1:mixing method"", ""mixing#1:time"", ""mixing#2:mixing method""]"
l314-s4-diezpascual-2011,article:l314,0.75,0,9,"[""drying evaporation#0:ambient condition"", ""drying evaporation#0:time"", ""mixing#0:mixing method"", ""mixing#1:mixing method"", ""mixing#1:time"", ""mixing#2:mixing method"", ""molding#0:temperature""]"
l314-s4-diezpascual-2011,article:l314,0.75,1,9,"[""drying evaporation#0:time"", ""mixing#0:mixing method"", ""mixing#0:time"", ""mixing#1:mixing method"", ""mixing#1:time"", ""mixing#2:mixing method"", ""mixing#2:time""]"
l314-s4-diezpascual-2011,article:l314,0.75,2,9,"[""drying evaporation#0:ambient condition"", ""mixing#0:mixing method"", ""mixing#0:time"", ""mixing#1:mixing method"", ""mixing#2:mixing method"", ""mixing#2:time"", ""molding#0:temperature""]"
l282-s3-cui-2008,article:l282,0.25,0,16,"[""drying evaporation#0:ambient condition"", ""drying evaporation#1:ambient condition"", ""drying evaporation#1:temperature"", ""mixing#3:mixing method""]"
l282-s3-cui-2008,article:l282,0.25,1,16,"[""drying evaporation#0:ambient condition"", ""mixing#0:mixing method"", ""mixing#0:temperature"", ""mixing#3:mixing method""]"
l282-s3-cui-2008,article:l282,0.25,2,16,"[""drying evaporation#0:time"", ""mixing#0:time"", ""mixing#1:mixing method"", ""mixing#2:time""]"
l282-s3-cui-2008,article:l282,0.5,0,16,"[""drying evaporation#0:ambient condition"", ""drying evaporation#0:time"", ""drying evaporation#1:ambient condition"", ""drying evaporation#1:time"", ""mixing#0:temperature"", ""mixing#0:time"", ""mixing#2:mixing method"", ""mixing#3:mixing method""]"
l282-s3-cui-2008,article:l282,0.5,1,16,"[""drying evaporation#0:time"", ""drying evaporation#1:ambient condition"", ""drying evaporation#1:temperature"", ""mixing#0:mixing method"", ""mixing#0:time"", ""mixing#1:mixing method"", ""mixing#1:time"", ""mixing#2:temperature""]"
l282-s3-cui-2008,article:l282,0.5,2,16,"[""drying evaporation#0:ambient condition"", ""drying evaporation#0:temperature"", ""drying evaporation#1:time"", ""mixing#0:mixing method"", ""mixing#0:time"", ""mixing#1:mixing method"", ""mixing#2:mixing method"", ""mixing#2:time""]"
l282-s3-cui-2008,article:l282,0.75,0,16,"[""drying evaporation#0:ambient condition"", ""drying evaporation#0:temperature"", ""drying evaporation#0:time"", ""drying evaporation#1:ambient condition"", ""drying evaporation#1:temperature"", ""mixing#0:time"", ""mixing#1:mixing method"", ""mixing#1:temperature"", ""mixing#1:time"", ""mixing#2:mixing method"", ""mixing#2:temperature"", ""mixing#2:time""]"
l282-s3-cui-2008,article:l282,0.75,1,16,"[""drying evaporation#0:temperature"", ""drying evaporation#0:time"", ""drying evaporation#1:temperature"", ""drying evaporation#1:time"", ""mixing#0:temperature"", ""mixing#0:time"", ""mixing#1:mixing method"", ""mixing#1:temperature"", ""mixing#1:time"", ""mixing#2:mixing method"", ""mixing#2:time"", ""mixing#3:mixing method""]"
l282-s3-cui-2008,article:l282,0.75,2,16,"[""drying evaporation#0:temperature"", ""drying evaporation#0:time"", ""drying evaporation#1:ambient condition"", ""drying evaporation#1:temperature"", ""drying evaporation#1:time"", ""mixing#0:temperature"", ""mixing#1:mixing method"", ""mixing#1:temperature"", ""mixing#1:time"", ""mixing#2:mixing method"", ""mixing#2:temperature"", ""mixing#2:time""]"
l118-s1-fidelus-2005,article:l118,0.25,0,11,"[""drying evaporation#1:time"", ""mixing#0:mixing method"", ""mixing#0:time""]"
l118-s1-fidelus-2005,article:l118,0.25,1,11,"[""drying evaporation#0:temperature"", ""drying evaporation#2:time"", ""mixing#0:time""]"
l118-s1-fidelus-2005,article:l118,0.25,2,11,"[""drying evaporation#1:ambient condition"", ""heating#0:temperature"", ""mixing#1:mixing method""]"
l118-s1-fidelus-2005,article:l118,0.5,0,11,"[""additive#0:additive"", ""drying evaporation#1:ambient condition"", ""heating#0:temperature"", ""heating#0:time"", ""mixing#0:mixing method"", ""mixing#1:mixing method""]"
l118-s1-fidelus-2005,article:l118,0.5,1,11,"[""drying evaporation#0:time"", ""drying evaporation#1:ambient condition"", ""drying evaporation#2:time"", ""heating#0:temperature"", ""heating#0:time"", ""mixing#0:time""]"
l118-s1-fidelus-2005,article:l118,0.5,2,11,"[""additive#0:additive"", ""drying evaporation#0:time"", ""drying evaporation#1:time"", ""heating#0:temperature"", ""mixing#0:mixing method"", ""mixing#1:mixing method""]"
l118-s1-fidelus-2005,article:l118,0.75,0,11,"[""additive#0:additive"", ""drying evaporation#0:temperature"", ""drying evaporation#0:time"", ""drying evaporation#1:time"", ""drying evaporation#2:time"", ""heating#0:temperature"", ""heating#0:time"", ""mixing#0:time"", ""mixing#1:mixing method""]"
l118-s1-fidelus-2005,article:l118,0.75,1,11,"[""additive#0:additive"", ""drying evaporation#0:temperature"", ""drying evaporation#0:time"", ""drying evaporation#1:ambient condition"", ""drying evaporation#1:time"", ""heating#0:temperature"", ""mixing#0:mixing method"", ""mixing#0:time"", ""mixing#1:mixing method""]"
l118-s1-fidelus-2005,article:l118,0.75,2,11,"[""additive#0:additive"", ""drying evaporation#0:temperature"", ""drying evaporation#0:time"", ""drying evaporation#1:ambient condition"", ""drying evaporation#1:time"", ""drying evaporation#2:time"", ""heating#0:temperature"", ""heating#0:time"", ""mixing#0:mixing method""]"
l278-s2-choi-2001,article:l278,0.25,0,15,"[""drying evaporation#0:time"", ""drying evaporation#1:ambient condition"", ""mixing#1:mixing method"", ""mixing#1:temperature""]"
l278-s2-choi-2001,article:l278,0.25,1,15,"[""drying evaporation#0:time"", ""drying evaporation#1:time"", ""mixing#0:mixing method"", ""mixing#2:time""]"
l278-s2-choi-2001,article:l278,0.25,2,15,"[""drying evaporation#0:time"", ""drying evaporation#1:ambient condition"", ""mixing#1:temperature"", ""mixing#2:time""]"
l278-s2-choi-2001,article:l278,0.5,0,15,"[""drying evaporation#1:time"", ""mixing#0:mixing method"", ""mixing#0:rotational frequency"", ""mixing#0:time"", ""mixing#1:mixing method"", ""mixing#1:temperature"", ""mixing#2:time"", ""molding#0:pressure""]"
l278-s2-choi-2001,article:l278,0.5,1,15,"[""drying evaporation#0:time"", ""drying evaporation#1:ambient condition"", ""drying evaporation#1:temperature"", ""drying evaporation#1:time"", ""mixing#0:time"", ""mixing#1:temperature"", ""mixing#1:time"", ""mixing#2:temperature""]"
l278-s2-choi-2001,article:l278,0.5,2,15,"[""mixing#0:mixing method"", ""mixing#0:rotational frequency"", ""mixing#0:time"", ""mixing#1:mixing method"", ""mixing#1:temperature"", ""mixing#2:temperature"", ""molding#0:pressure"", ""solvent#0:solvent name""]"
l278-s2-choi-2001,article:l278,0.75,0,15,"[""drying evaporation#0:time"", ""drying evaporation#1:ambient condition"", ""drying evaporation#1:temperature"", ""drying evaporation#1:time"", ""mixing#0:mixing method"", ""mixing#0:rotational frequency"", ""mixing#0:time"", ""mixing#1:temperature"", ""mixing#1:time"", ""mixing#2:mixing method"", ""mixing#2:temperature"", ""molding#0:pressure""]"
l278-s2-choi-2001,article:l278,0.75,1,15,"[""drying evaporation#1:ambient condition"", ""drying evaporation#1:temperature"", ""drying evaporation#1:time"", ""mixing#0:mixing method"", ""mixing#0:rotational frequency"", ""mixing#0:time"", ""mixing#1:mixing method"", ""mixing#1:temperature"", ""mixing#1:time"", ""mixing#2:temperature"", ""mixing#2:time"", ""solvent#0:solvent name""]"
l278-s2-choi-2001,article:l278,0.75,2,15,"[""drying evaporation#0:time"", ""drying evaporation#1:time"", ""mixing#0:mixing method"", ""mixing#0:rotational frequency"", ""mixing#0:time"", ""mixing#1:temperature"", ""mixing#1:time"", ""mixing#2:mixing method"", ""mixing#2:temperature"", ""mixing#2:time"", ""molding#0:pressure"", ""solvent#0:solvent name""]"
l146-s4-tao-2011,article:l146,0.25,0,1,"[""solvent#0:solvent name""]"
l146-s4-tao-2011,article:l146,0.25,1,1,"[""solvent#0:solvent name""]"
l146-s4-tao-2011,article:l146,0.25,2,1,"[""solvent#0:solvent name""]"
l146-s4-tao-2011,article:l146,0.5,0,1,"[""solvent#0:solvent name""]"
l146-s4-tao-2011,article:l146,0.5,1,1,"[""solvent#0:solvent name""]"
l146-s4-tao-2011,article:l146,0.5,2,1,"[""solvent#0:solvent name""]"
l146-s4-tao-2011,article:l146,0.75,0,1,"[""solvent#0:solvent name""]"
l146-s4-tao-2011,article:l146,0.75,1,1,"[""solvent#0:solvent name""]"
l146-s4-tao-2011,article:l146,0.75,2,1,"[""solvent#0:solvent name""]"
l132-s4-holt-2014,article:l132,0.25,0,7,"[""drying evaporation#1:temperature"", ""mixing#0:time""]"
l132-s4-holt-2014,article:l132,0.25,1,7,"[""mixing#0:mixing method"", ""mixing#0:time""]"
l132-s4-holt-2014,article:l132,0.25,2,7,"[""mixing#0:time"", ""solvent#0:solvent name""]"
l132-s4-holt-2014,article:l132,0.5,0,7,"[""drying evaporation#0:temperature"", ""drying evaporation#0:time"", ""drying evaporation#1:temperature"", ""mixing#0:mixing method""]"
l132-s4-holt-2014,article:l132,0.5,1,7,"[""drying evaporation#0:time"", ""drying evaporation#1:time"", ""mixing#0:time"", ""solvent#0:solvent name""]"
l132-s4-holt-2014,article:l132,0.5,2,7,"[""drying evaporation#0:temperature"", ""drying evaporation#0:time"", ""drying evaporation#1:temperature"", ""solvent#0:solvent name""]"
l132-s4-holt-2014,article:l132,0.75,0,7,"[""drying evaporation#0:time"", ""drying evaporation#1:temperature"", ""drying evaporation#1:time"", ""mixing#0:mixing method"", ""mixing#0:time"", ""solvent#0:solvent name""]"
l132-s4-holt-2014,article:l132,0.75,1,7,"[""drying evaporation#0:temperature"", ""drying evaporation#0:time"", ""drying evaporation#1:temperature"", ""drying evaporation#1:time"", ""mixing#0:mixing method"", ""solvent#0:solvent name""]"
l132-s4-holt-2014,article:l132,0.75,2,7,"[""drying evaporation#0:temperature"", ""drying evaporation#0:time"", ""drying evaporation#1:temperature"", ""drying evaporation#1:time"", ""mixing#0:time"", ""solvent#0:solvent name""]"
l137-s8-yang-2014,article:l137,0.25,0,12,"[""drying evaporation#0:time"", ""mixing#0:temperature"", ""mixing#3:mixing method""]"
l137-s8-yang-2014,article:l137,0.25,1,12,"[""mixing#1:mixing method"", ""mixing#1:time"", ""mixing#2:mixing method""]"
l137-s8-yang-2014,article:l137,0.25,2,12,"[""drying evaporation#0:time"", ""mixing#0:mixing method"", ""mixing#3:mixing method""]"
l137-s8-yang-2014,article:l137,0.5,0,12,"[""drying evaporation#0:ambient condition"", ""mixing#0:temperature"", ""mixing#0:time"", ""mixing#1:mixing method"", ""mixing#1:time"", ""mixing#3:time""]"
l137-s8-yang-2014,article:l137,0.5,1,12,"[""drying evaporation#0:temperature"", ""drying evaporation#0:time"", ""mixing#0:temperature"", ""mixing#2:mixing method"", ""mixing#2:time"", ""mixing#3:time""]"
l137-s8-yang-2014,article:l137,0.5,2,12,"[""drying evaporation#0:ambient condition"", ""drying evaporation#0:time"", ""mixing#0:mixing method"", ""mixing#0:temperature"", ""mixing#2:mixing method"", ""mixing#3:mixing method""]"
l137-s8-yang-2014,article:l137,0.75,0,12,"[""drying evaporation#0:temperature"", ""drying evaporation#0:time"", ""mixing#0:mixing method"", ""mixing#0:temperature"", ""mixing#0:time"", ""mixing#1:time"", ""mixing#2:time"", ""mixing#3:mixing method"", ""mixing#3:time""]"
l137-s8-yang-2014,article:l137,0.75,1,12,"[""drying evaporation#0:ambient condition"", ""drying evaporation#0:temperature"", ""drying evaporation#0:time"", ""mixing#0:mixing method"", ""mixing#0:temperature"", ""mixing#1:time"", ""mixing#2:mixing method"", ""mixing#3:mixing method"", ""mixing#3:time""]"
l137-s8-yang-2014,article:l137,0.75,2,12,"[""drying evaporation#0:ambient condition"", ""drying evaporation#0:temperature"", ""drying evaporation#0:time"", ""mixing#0:mixing method"", ""mixing#0:temperature"", ""mixing#1:mixing method"", ""mixing#2:mixing method"", ""mixing#3:mixing method"", ""mixing#3:time""]"
l271-s15-sun-2004,article:l271,0.25,0,2,"[""mixing#0:time""]"
l271-s15-sun-2004,article:l271,0.25,1,2,"[""mixing#0:time""]"
l271-s15-sun-2004,article:l271,0.25,2,2,"[""mixing#0:mixing method""]"
l271-s15-sun-2004,article:l271,0.5,0,2,"[""mixing#0:time""]"
l271-s15-sun-2004,article:l271,0.5,1,2,"[""mixing#0:mixing method""]"
l271-s15-sun-2004,article:l271,0.5,2,2,"[""mixing#0:time""]"
l271-s15-sun-2004,article:l271,0.75,0,2,"[""mixing#0:mixing method"", ""mixing#0:time""]"
l271-s15-sun-2004,article:l271,0.75,1,2,"[""mixing#0:mixing method"", ""mixing#0:time""]"
l271-s15-sun-2004,article:l271,0.75,2,2,"[""mixing#0:mixing method"", ""mixing#0:time""]"
l266-s8-kalaitzidou-2007,article:l266,0.25,0,6,"[""extrusion#0:extruder"", ""extrusion#0:rotation mode""]"
l266-s8-kalaitzidou-2007,article:l266,0.25,1,6,"[""extrusion#0:equipment type"", ""mixing#0:time""]"
l266-s8-kalaitzidou-2007,article:l266,0.25,2,6,"[""mixing#0:mixer"", ""mixing#0:time""]"
l266-s8-kalaitzidou-2007,article:l266,0.5,0,6,"[""extrusion#0:equipment type"", ""extrusion#0:extruder"", ""mixing#0:mixer""]"
l266-s8-kalaitzidou-2007,article:l266,0.5,1,6,"[""extrusion#0:equipment type"", ""extrusion#0:extruder"", ""mixing#0:temperature""]"
l266-s8-kalaitzidou-2007,article:l266,0.5,2,6,"[""extrusion#0:equipment type"", ""extrusion#0:extruder"", ""mixing#0:time""]"
l266-s8-kalaitzidou-2007,article:l266,0.75,0,6,"[""extrusion#0:equipment type"", ""extrusion#0:rotation mode"", ""mixing#0:mixer"", ""mixing#0:temperature"", ""mixing#0:time""]"
l266-s8-kalaitzidou-2007,article:l266,0.75,1,6,"[""extrusion#0:equipment type"", ""extrusion#0:rotation mode"", ""mixing#0:mixer"", ""mixing#0:temperature"", ""mixing#0:time""]"
l266-s8-kalaitzidou-2007,article:l266,0.75,2,6,"[""extrusion#0:equipment type"", ""extrusion#0:extruder"", ""extrusion#0:rotation mode"", ""mixing#0:mixer"", ""mixing#0:time""]"
l261-s2-wang-2016,article:l261,0.25,0,22,"[""heating#1:ambient condition"", ""heating#1:time"", ""heating#2:temperature"", ""heating#3:temperature"", ""mixing#1:mixing method"", ""mixing#3:time""]"
l261-s2-wang-2016,article:l261,0.25,1,22,"[""heating#2:temperature"", ""heating#3:time"", ""mixing#1:time"", ""mixing#2:rotational frequency"", ""mixing#3:mixing method"", ""molding#0:time""]"
l261-s2-wang-2016,article:l261,0.25,2,22,"[""heating#1:temperature"", ""mixing#0:time"", ""mixing#1:mixing method"", ""mixing#1:time"", ""mixing#2:mixing method"", ""mixing#2:rotational frequency""]"
l261-s2-wang-2016,article:l261,0.5,0,22,"[""heating#0:temperature"", ""heating#2:temperature"", ""mixing#0:mixing method"", ""mixing#1:time"", ""mixing#3:mixing method"", ""mixing#3:time"", ""mixing#4:mixing method"", ""mixing#4:rotational frequency"", ""mixing#4:time"", ""molding#0:temperature"", ""solvent#0:solvent name""]"
l261-s2-wang-2016,article:l261,0.5,1,22,"[""heating#0:temperature"", ""heating#1:temperature"", ""heating#2:temperature"", ""heating#3:temperature"", ""mixing#0:mixing method"", ""mixing#0:time"", ""mixing#2:rotational frequency"", ""mixing#3:mixing method"", ""mixing#4:time"", ""molding#0:temperature"", ""solvent#0:solvent name""]"
l261-s2-wang-2016,article:l261,0.5,2,22,"[""heating#1:ambient condition"", ""heating#1:temperature"", ""heating#3:temperature"", ""mixing#0:mixing method"", ""mixing#0:time"", ""mixing#1:mixing method"", ""mixing#1:time"", ""mixing#2:mixer"", ""mixing#2:rotational frequency"", ""mixing#3:mixing method"", ""solvent#0:solvent name""]"
l261-s2-wang-2016,article:l261,0.75,0,22,"[""heating#0:temperature"", ""heating#1:ambient condition"", ""heating#1:temperature"", ""heating#1:time"", ""heating#2:temperature"", ""mixing#0:mixing method"", ""mixing#0:time"", ""mixing#1:mixing method"", ""mixing#1:time"", ""mixing#2:mixer"", ""mixing#2:mixing method"", ""mixing#2:rotational frequency"", ""mixing#4:mixing method"", ""mixing#4:rotational frequency"", ""mixing#4:time"", ""molding#0:time"", ""solvent#0:solvent name""]"
l261-s2-wang-2016,article:l261,0.75,1,22,"[""heating#0:temperature"", ""heating#1:ambient condition"", ""heating#1:temperature"", ""heating#2:temperature"", ""heating#3:temperature"", ""mixing#0:time"", ""mixing#1:mixing method"", ""mixing#1:time"", ""mixing#2:mixer"", ""mixing#2:mixing method"", ""mixing#2:rotational frequency"", ""mixing#3:mixing method"", ""mixing#3:time"", ""mixing#4:mixing method"", ""mixing#4:rotational frequency"", ""mixing#4:time"", ""molding#0:time""]"
l261-s2-wang-2016,article:l261,0.75,2,22,"[""heating#0:temperature"", ""heating#1:ambient condition"", ""heating#1:temperature"", ""heating#1:time"", ""heating#2:temperature"", ""heating#3:temperature"", ""mixing#0:time"", ""mixing#1:mixing method"", ""mixing#1:time"", ""mixing#2:rotational frequency"", ""mixing#3:mixing method"", ""mixing#3:time"", ""mixing#4:mixing method"", ""mixing#4:rotational frequency"", ""mixing#4:time"", ""molding#0:temperature"", ""solvent#0:solvent name""]"
l377-s4-wanasekara-2017,article:l377,0.25,0,3,"[""drying evaporation#0:time""]"
l377-s4-wanasekara-2017,article:l377,0.25,1,3,"[""drying evaporation#0:time""]"
l377-s4-wanasekara-2017,article:l377,0.25,2,3,"[""mixing#0:mixing method""]"
l377-s4-wanasekara-2017,article:l377,0.5,0,3,"[""drying evaporation#0:ambient condition"", ""mixing#0:mixing method""]"
l377-s4-wanasekara-2017,article:l377,0.5,1,3,"[""drying evaporation#0:ambient condition"", ""mixing#0:mixing method""]"
l377-s4-wanasekara-2017,article:l377,0.5,2,3,"[""drying evaporation#0:ambient condition"", ""mixing#0:mixing method""]"
l377-s4-wanasekara-2017,article:l377,0.75,0,3,"[""drying evaporation#0:ambient condition"", ""drying evaporation#0:time"", ""mixing#0:mixing method""]"
l377-s4-wanasekara-2017,article:l377,0.75,1,3,"[""drying evaporation#0:ambient condition"", ""drying evaporation#0:time"", ""mixing#0:mixing method""]"
l377-s4-wanasekara-2017,article:l377,0.75,2,3,"[""drying evaporation#0:ambient condition"", ""drying evaporation#0:time"", ""mixing#0:mixing method""]"
l318-s3-patsidis-2014,article:l318,0.25,0,11,"[""mixing#0:mixing method"", ""mixing#0:time"", ""mixing#1:mixing method""]"
l318-s3-patsidis-2014,article:l318,0.25,1,11,"[""heating#1:temperature"", ""mixing#0:mixing method"", ""mixing#0:time""]"
l318-s3-patsidis-2014,article:l318,0.25,2,11,"[""mixing#0:mixing method"", ""mixing#0:time"", ""mixing#1:mixing method""]"
l318-s3-patsidis-2014,article:l318,0.5,0,11,"[""heating#0:temperature"", ""heating#0:time"", ""heating#1:temperature"", ""heating#1:time"", ""mixing#0:mixing method"", ""mixing#0:time""]"
l318-s3-patsidis-2014,article:l318,0.5,1,11,"[""heating#0:time"", ""heating#1:time"", ""mixing#0:rotational frequency"", ""mixing#0:temperature"", ""mixing#0:time"", ""mixing#1:rotational frequency""]"
l318-s3-patsidis-2014,article:l318,0.5,2,11,"[""heating#0:temperature"", ""mixing#0:rotational frequency"", ""mixing#0:time"", ""mixing#1:mixing method"", ""mixing#1:rotational frequency"", ""mixing#1:time""]"
l318-s3-patsidis-2014,article:l318,0.75,0,11,"[""heating#0:temperature"", ""heating#0:time"", ""heating#1:temperature"", ""heating#1:time"", ""mixing#0:temperature"", ""mixing#0:time"", ""mixing#1:mixing method"", ""mixing#1:rotational frequency"", ""mixing#1:time""]"
l318-s3-patsidis-2014,article:l318,0.75,1,11,"[""heating#0:temperature"", ""heating#0:time"", ""heating#1:temperature"", ""heating#1:time"", ""mixing#0:mixing method"", ""mixing#0:rotational frequency"", ""mixing#0:temperature"", ""mixing#1:rotational frequency"", ""mixing#1:time""]"
l318-s3-patsidis-2014,article:l318,0.75,2,11,"[""heating#0:temperature"", ""heating#0:time"", ""heating#1:time"", ""mixing#0:mixing method"", ""mixing#0:rotational frequency"", ""mixing#0:time"", ""mixing#1:mixing method"", ""mixing#1:rotational frequency"", ""mixing#1:time""]"
l375-s1-rishi-2018,article:l375,0.25,0,6,"[""mixing#0:mixer"", ""mixing#0:time""]"
l375-s1-rishi-2018,article:l375,0.25,1,6,"[""mixing#0:mixing method"", ""mixing#0:temperature""]"
l375-s1-rishi-2018,article:l375,0.25,2,6,"[""mixing#0:temperature"", ""mixing#0:time""]"
l375-s1-rishi-2018,article:l375,0.5,0,6,"[""mixing#0:chemical used"", ""mixing#0:mixing method"", ""mixing#0:rotational frequency""]"
l375-s1-rishi-2018,article:l375,0.5,1,6,"[""mixing#0:mixing method"", ""mixing#0:rotational frequency"", ""mixing#0:time""]"
l375-s1-rishi-2018,article:l375,0.5,2,6,"[""mixing#0:chemical used"", ""mixing#0:temperature"", ""mixing#0:time""]"
l375-s1-rishi-2018,article:l375,0.75,0,6,"[""mixing#0:chemical used"", ""mixing#0:mixer"", ""mixing#0:mixing method"", ""mixing#0:rotational frequency"", ""mixing#0:time""]"
l375-s1-rishi-2018,article:l375,0.75,1,6,"[""mixing#0:chemical used"", ""mixing#0:mixer"", ""mixing#0:mixing method"", ""mixing#0:rotational frequency"", ""mixing#0:time""]"
l375-s1-rishi-2018,article:l375,0.75,2,6,"[""mixing#0:chemical used"", ""mixing#0:mixer"", ""mixing#0:mixing method"", ""mixing#0:rotational frequency"", ""mixing#0:time""]"
l146-s3-tao-2011,article:l146,0.25,0,1,"[""solvent#0:solvent name""]"
l146-s3-tao-2011,article:l146,0.25,1,1,"[""solvent#0:solvent name""]"
l146-s3-tao-2011,article:l146,0.25,2,1,"[""solvent#0:solvent name""]"
l146-s3-tao-2011,article:l146,0.5,0,1,"[""solvent#0:solvent name""]"
l146-s3-tao-2011,article:l146,0.5,1,1,"[""solvent#0:solvent name""]"
l146-s3-tao-2011,article:l146,0.5,2,1,"[""solvent#0:solvent name""]"
l146-s3-tao-2011,article:l146,0.75,0,1,"[""solvent#0:solvent name""]"
l146-s3-tao-2011,article:l146,0.75,1,1,"[""solvent#0:solvent name""]"
l146-s3-tao-2011,article:l146,0.75,2,1,"[""solvent#0:solvent name""]"
l304-s3-stockelhuber-2011,article:l304,0.25,0,4,"[""mixing#0:mixer""]"
l304-s3-stockelhuber-2011,article:l304,0.25,1,4,"[""mixing#0:temperature""]"
l304-s3-stockelhuber-2011,article:l304,0.25,2,4,"[""mixing#0:time""]"
l304-s3-stockelhuber-2011,article:l304,0.5,0,4,"[""mixing#0:mixer"", ""mixing#0:time""]"
l304-s3-stockelhuber-2011,article:l304,0.5,1,4,"[""mixing#0:mixer"", ""mixing#0:time""]"
l304-s3-stockelhuber-2011,article:l304,0.5,2,4,"[""mixing#0:mixing method"", ""mixing#0:temperature""]"
l304-s3-stockelhuber-2011,article:l304,0.75,0,4,"[""mixing#0:mixer"", ""mixing#0:mixing method"", ""mixing#0:temperature""]"
l304-s3-stockelhuber-2011,article:l304,0.75,1,4,"[""mixing#0:mixing method"", ""mixing#0:temperature"", ""mixing#0:time""]"
l304-s3-stockelhuber-2011,article:l304,0.75,2,4,"[""mixing#0:mixer"", ""mixing#0:mixing method"", ""mixing#0:temperature""]"
l229-s7-bao-2011,article:l229,0.25,0,14,"[""heating#2:temperature"", ""heating#3:temperature"", ""heating#3:time"", ""mixing#1:mixing method""]"
l229-s7-bao-2011,article:l229,0.25,1,14,"[""heating#0:temperature"", ""heating#1:temperature"", ""heating#2:time"", ""mixing#2:mixing method""]"
l229-s7-bao-2011,article:l229,0.25,2,14,"[""heating#0:ambient condition"", ""heating#0:temperature"", ""mixing#2:temperature"", ""mixing#3:mixing method""]"
l229-s7-bao-2011,article:l229,0.5,0,14,"[""heating#0:ambient condition"", ""heating#0:temperature"", ""heating#2:time"", ""heating#3:time"", ""mixing#1:mixing method"", ""mixing#1:time"", ""mixing#3:time""]"
l229-s7-bao-2011,article:l229,0.5,1,14,"[""heating#0:ambient condition"", ""heating#0:temperature"", ""heating#1:temperature"", ""mixing#1:mixing method"", ""mixing#2:temperature"", ""mixing#3:mixing method"", ""mixing#3:time""]"
l229-s7-bao-2011,article:l229,0.5,2,14,"[""heating#0:ambient condition"", ""heating#0:temperature"", ""heating#2:temperature"", ""heating#3:temperature"", ""mixing#0:mixing method"", ""mixing#1:time"", ""mixing#2:temperature""]"
l229-s7-bao-2011,article:l229,0.75,0,14,"[""heating#0:ambient condition"", ""heating#0:temperature"", ""heating#1:temperature"", ""heating#2:temperature"", ""heating#2:time"", ""heating#3:time"", ""mixing#0:mixing method"", ""mixing#2:mixing method"", ""mixing#2:temperature"", ""mixing#3:mixing method"", ""mixing#3:time""]"
l229-s7-bao-2011,article:l229,0.75,1,14,"[""heating#0:ambient condition"", ""heating#0:temperature"", ""heating#1:temperature"", ""heating#2:time"", ""heating#3:temperature"", ""heating#3:time"", ""mixing#1:mixing method"", ""mixing#2:mixing method"", ""mixing#2:temperature"", ""mixing#3:mixing method"", ""mixing#3:time""]"
l229-s7-bao-2011,article:l229,0.75,2,14,"[""heating#0:temperature"", ""heating#1:temperature"", ""heating#2:temperature"", ""heating#2:time"", ""heating#3:time"", ""mixing#1:mixing method"", ""mixing#1:time"", ""mixing#2:mixing method"", ""mixing#2:temperature"", ""mixing#3:mixing method"", ""mixing#3:time""]"
l316-s3-chandrasekaran-2013,article:l316,0.25,0,8,"[""heating#0:temperature"", ""heating#1:temperature""]"
l316-s3-chandrasekaran-2013,article:l316,0.25,1,8,"[""heating#1:temperature"", ""mixing#0:mixer""]"
l316-s3-chandrasekaran-2013,article:l316,0.25,2,8,"[""heating#0:temperature"", ""heating#1:time""]"
l316-s3-chandrasekaran-2013,article:l316,0.5,0,8,"[""heating#0:temperature"", ""heating#2:time"", ""mixing#0:mixer"", ""mixing#1:time""]"
l316-s3-chandrasekaran-2013,article:l316,0.5,1,8,"[""heating#0:temperature"", ""heating#2:temperature"", ""heating#2:time"", ""mixing#0:mixing method""]"
l316-s3-chandrasekaran-2013,article:l316,0.5,2,8,"[""heating#1:time"", ""heating#2:temperature"", ""mixing#0:mixing method"", ""mixing#1:time""]"
l316-s3-chandrasekaran-2013,article:l316,0.75,0,8,"[""heating#0:temperature"", ""heating#1:time"", ""heating#2:temperature"", ""heating#2:time"", ""mixing#0:mixer"", ""mixing#1:time""]"
l316-s3-chandrasekaran-2013,article:l316,0.75,1,8,"[""heating#0:temperature"", ""heating#1:time"", ""heating#2:temperature"", ""mixing#0:mixer"", ""mixing#0:mixing method"", ""mixing#1:time""]"
l316-s3-chandrasekaran-2013,article:l316,0.75,2,8,"[""heating#0:temperature"", ""heating#1:temperature"", ""heating#1:time"", ""heating#2:temperature"", ""heating#2:time"", ""mixing#0:mixing method""]"
l120-s11-murugaraj-2005,article:l120,0.25,0,4,"[""solvent#0:solvent name""]"
l120-s11-murugaraj-2005,article:l120,0.25,1,4,"[""drying evaporation#0:time""]"
l120-s11-murugaraj-2005,article:l120,0.25,2,4,"[""drying evaporation#1:temperature""]"
l120-s11-murugaraj-2005,article:l120,0.5,0,4,"[""drying evaporation#0:temperature"", ""drying evaporation#0:time""]"
l120-s11-murugaraj-2005,article:l120,0.5,1,4,"[""drying evaporation#0:temperature"", ""drying evaporation#0:time""]"
l120-s11-murugaraj-2005,article:l120,0.5,2,4,"[""drying evaporation#0:temperature"", ""solvent#0:solvent name""]"
l120-s11-murugaraj-2005,article:l120,0.75,0,4,"[""drying evaporation#0:temperature"", ""drying evaporation#0:time"", ""drying evaporation#1:temperature""]"
l120-s11-murugaraj-2005,article:l120,0.75,1,4,"[""drying evaporation#0:temperature"", ""drying evaporation#0:time"", ""solvent#0:solvent name""]"
l120-s11-murugaraj-2005,article:l120,0.75,2,4,"[""drying evaporation#0:time"", ""drying evaporation#1:temperature"", ""solvent#0:solvent name""]"
l297-s1-shen-2004,article:l297,0.25,0,7,"[""drying evaporation#0:ambient condition"", ""heating#0:temperature""]"
l297-s1-shen-2004,article:l297,0.25,1,7,"[""heating#0:ambient condition"", ""heating#0:temperature""]"
l297-s1-shen-2004,article:l297,0.25,2,7,"[""drying evaporation#0:temperature"", ""drying evaporation#0:time""]"
l297-s1-shen-2004,article:l297,0.5,0,7,"[""drying evaporation#0:time"", ""heating#0:temperature"", ""heating#0:time"", ""mixing#0:mixing method""]"
l297-s1-shen-2004,article:l297,0.5,1,7,"[""drying evaporation#0:temperature"", ""heating#0:temperature"", ""heating#0:time"", ""mixing#0:mixing method""]"
l297-s1-shen-2004,article:l297,0.5,2,7,"[""drying evaporation#0:ambient condition"", ""drying evaporation#0:temperature"", ""drying evaporation#0:time"", ""heating#0:ambient condition""]"
l297-s1-shen-2004,article:l297,0.75,0,7,"[""drying evaporation#0:ambient condition"", ""drying evaporation#0:temperature"", ""heating#0:ambient condition"", ""heating#0:temperature"", ""heating#0:time"", ""mixing#0:mixing method""]"
l297-s1-shen-2004,article:l297,0.75,1,7,"[""drying evaporation#0:ambient condition"", ""drying evaporation#0:temperature"", ""drying evaporation#0:time"", ""heating#0:ambient condition"", ""heating#0:temperature"", ""heating#0:time""]"
l297-s1-shen-2004,article:l297,0.75,2,7,"[""drying evaporation#0:ambient condition"", ""drying evaporation#0:temperature"", ""drying evaporation#0:time"", ""heating#0:ambient condition"", ""heating#0:temperature"", ""mixing#0:mixing method""]"
l267-s3-kim-2006,article:l267,0.25,0,5,"[""heating#0:time"", ""heating#1:time""]"
l267-s3-kim-2006,article:l267,0.25,1,5,"[""heating#0:time"", ""mixing#0:time""]"
l267-s3-kim-2006,article:l267,0.25,2,5,"[""heating#0:temperature"", ""heating#0:time""]"
l267-s3-kim-2006,article:l267,0.5,0,5,"[""heating#0:temperature"", ""heating#0:time"", ""heating#1:time""]"
l267-s3-kim-2006,article:l267,0.5,1,5,"[""heating#0:temperature"", ""mixing#0:mixing method"", ""mixing#0:time""]"
l267-s3-kim-2006,article:l267,0.5,2,5,"[""heating#0:temperature"", ""heating#0:time"", ""mixing#0:mixing method""]"
l267-s3-kim-2006,article:l267,0.75,0,5,"[""heating#0:time"", ""heating#1:time"", ""mixing#0:mixing method"", ""mixing#0:time""]"
l267-s3-kim-2006,article:l267,0.75,1,5,"[""heating#0:temperature"", ""heating#0:time"", ""mixing#0:mixing method"", ""mixing#0:time""]"
l267-s3-kim-2006,article:l267,0.75,2,5,"[""heating#0:temperature"", ""heating#0:time"", ""mixing#0:mixing method"", ""mixing#0:time""]"
l279-s1-motaung-2012,article:l279,0.25,0,6,"[""mixing#0:mixer"", ""mixing#0:time""]"
l279-s1-motaung-2012,article:l279,0.25,1,6,"[""mixing#0:temperature"", ""mixing#0:time""]"
l279-s1-motaung-2012,article:l279,0.25,2,6,"[""mixing#0:time"", ""molding#0:temperature""]"
l279-s1-motaung-2012,article:l279,0.5,0,6,"[""mixing#0:mixer"", ""mixing#0:rotational frequency"", ""molding#0:time""]"
l279-s1-motaung-2012,article:l279,0.5,1,6,"[""mixing#0:mixer"", ""mixing#0:rotational frequency"", ""mixing#0:time""]"
l279-s1-motaung-2012,article:l279,0.5,2,6,"[""mixing#0:rotational frequency"", ""mixing#0:time"", ""molding#0:temperature""]"
l279-s1-motaung-2012,article:l279,0.75,0,6,"[""mixing#0:mixer"", ""mixing#0:rotational frequency"", ""mixing#0:temperature"", ""mixing#0:time"", ""molding#0:temperature""]"
l279-s1-motaung-2012,article:l279,0.75,1,6,"[""mixing#0:rotational frequency"", ""mixing#0:temperature"", ""mixing#0:time"", ""molding#0:temperature"", ""molding#0:time""]"
l279-s1-motaung-2012,article:l279,0.75,2,6,"[""mixing#0:mixer"", ""mixing#0:temperature"", ""mixing#0:time"", ""molding#0:temperature"", ""molding#0:time""]"
l302-s3-bandyopadhyay-2005,article:l302,0.25,0,9,"[""mixing#0:mixing method"", ""mixing#1:mixing method"", ""mixing#1:temperature""]"
l302-s3-bandyopadhyay-2005,article:l302,0.25,1,9,"[""cooling#0:temperature"", ""mixing#0:mixing method"", ""mixing#1:time""]"
l302-s3-bandyopadhyay-2005,article:l302,0.25,2,9,"[""cooling#0:temperature"", ""mixing#0:temperature"", ""mixing#1:temperature""]"
l302-s3-bandyopadhyay-2005,article:l302,0.5,0,9,"[""additive#0:additive"", ""mixing#0:temperature"", ""mixing#0:time"", ""mixing#1:temperature"", ""mixing#1:time""]"
l302-s3-bandyopadhyay-2005,article:l302,0.5,1,9,"[""additive#0:additive"", ""mixing#0:mixing method"", ""mixing#0:temperature"", ""mixing#0:time"", ""mixing#1:mixing method""]"
l302-s3-bandyopadhyay-2005,article:l302,0.5,2,9,"[""mixing#0:mixing method"", ""mixing#0:temperature"", ""mixing#0:time"", ""mixing#1:temperature"", ""mixing#1:time""]"
l302-s3-bandyopadhyay-2005,article:l302,0.75,0,9,"[""additive#0:additive"", ""cooling#0:temperature"", ""mixing#0:mixing method"", ""mixing#0:temperature"", ""mixing#0:time"", ""mixing#1:temperature"", ""solvent#0:solvent name""]"
l302-s3-bandyopadhyay-2005,article:l302,0.75,1,9,"[""additive#0:additive"", ""mixing#0:mixing method"", ""mixing#0:temperature"", ""mixing#0:time"", ""mixing#1:mixing method"", ""mixing#1:time"", ""solvent#0:solvent name""]"
l302-s3-bandyopadhyay-2005,article:l302,0.75,2,9,"[""additive#0:additive"", ""cooling#0:temperature"", ""mixing#0:mixing method"", ""mixing#0:time"", ""mixing#1:mixing method"", ""mixing#1:time"", ""solvent#0:solvent name""]"
l396-s4-ghosh-2013,article:l396,0.25,0,10,"[""additive#0:additive"", ""extrusion#0:equipment type"", ""heating#0:temperature""]"
l396-s4-ghosh-2013,article:l396,0.25,1,10,"[""heating#0:temperature"", ""mixing#0:mixer"", ""mixing#0:mixing method""]"
l396-s4-ghosh-2013,article:l396,0.25,2,10,"[""additive#0:additive"", ""heating#1:ambient condition"", ""mixing#0:mixing method""]"
l396-s4-ghosh-2013,article:l396,0.5,0,10,"[""additive#0:additive"", ""extrusion#0:equipment type"", ""extrusion#0:extruder"", ""heating#0:temperature"", ""mixing#0:mixing method""]"
l396-s4-ghosh-2013,article:l396,0.5,1,10,"[""additive#1:additive"", ""extrusion#0:extruder"", ""heating#1:ambient condition"", ""heating#1:temperature"", ""mixing#0:mixing method""]"
l396-s4-ghosh-2013,article:l396,0.5,2,10,"[""heating#0:ambient condition"", ""heating#0:temperature"", ""heating#1:ambient condition"", ""mixing#0:mixer"", ""mixing#0:mixing method""]"
l396-s4-ghosh-2013,article:l396,0.75,0,10,"[""additive#0:additive"", ""extrusion#0:equipment type"", ""extrusion#0:extruder"", ""heating#0:ambient condition"", ""heating#0:temperature"", ""heating#1:ambient condition"", ""mixing#0:mixer"", ""mixing#0:mixing method""]"
l396-s4-ghosh-2013,article:l396,0.75,1,10,"[""additive#0:additive"", ""additive#1:additive"", ""extrusion#0:equipment type"", ""extrusion#0:extruder"", ""heating#0:temperature"", ""heating#1:ambient condition"", ""mixing#0:mixer"", ""mixing#0:mixing method""]"
l396-s4-ghosh-2013,article:l396,0.75,2,10,"[""additive#1:additive"", ""extrusion#0:equipment type"", ""extrusion#0:extruder"", ""heating#0:ambient condition"", ""heating#1:ambient condition"", ""heating#1:temperature"", ""mixing#0:mixer"", ""mixing#0:mixing method""]"
l297-s2-shen-2004,article:l297,0.25,0,7,"[""drying evaporation#0:ambient condition"", ""heating#0:temperature""]"
l297-s2-shen-2004,article:l297,0.25,1,7,"[""heating#0:ambient condition"", ""mixing#0:mixing method""]"
l297-s2-shen-2004,article:l297,0.25,2,7,"[""drying evaporation#0:ambient condition"", ""heating#0:ambient condition""]"
l297-s2-shen-2004,article:l297,0.5,0,7,"[""drying evaporation#0:temperature"", ""heating#0:temperature"", ""heating#0:time"", ""mixing#0:mixing method""]"
l297-s2-shen-2004,article:l297,0.5,1,7,"[""drying evaporation#0:temperature"", ""drying evaporation#0:time"", ""heating#0:ambient condition"", ""mixing#0:mixing method""]"
l297-s2-shen-2004,article:l297,0.5,2,7,"[""drying evaporation#0:temperature"", ""heating#0:ambient condition"", ""heating#0:temperature"", ""heating#0:time""]"
l297-s2-shen-2004,article:l297,0.75,0,7,"[""drying evaporation#0:ambient condition"", ""drying evaporation#0:temperature"", ""drying evaporation#0:time"", ""heating#0:ambient condition"", ""heating#0:temperature"", ""mixing#0:mixing method""]"
l297-s2-shen-2004,article:l297,0.75,1,7,"[""drying evaporation#0:ambient condition"", ""drying evaporation#0:temperature"", ""drying evaporation#0:time"", ""heating#0:ambient condition"", ""heating#0:temperature"", ""heating#0:time""]"
l297-s2-shen-2004,article:l297,0.75,2,7,"[""drying evaporation#0:ambient condition"", ""drying evaporation#0:temperature"", ""drying evaporation#0:time"", ""heating#0:temperature"", ""heating#0:time"", ""mixing#0:mixing method""]"
l287-s3-jang-2008,article:l287,0.25,0,18,"[""drying evaporation#1:ambient condition"", ""drying evaporation#1:time"", ""heating#0:ambient condition"", ""heating#1:temperature"", ""mixing#1:time""]"
l287-s3-jang-2008,article:l287,0.25,1,18,"[""heating#0:time"", ""heating#1:temperature"", ""mixing#1:time"", ""mixing#2:time"", ""solvent#0:solvent name""]"
l287-s3-jang-2008,article:l287,0.25,2,18,"[""drying evaporation#1:temperature"", ""heating#0:temperature"", ""heating#1:temperature"", ""heating#1:time"", ""mixing#2:temperature""]"
l287-s3-jang-2008,article:l287,0.5,0,18,"[""additive#0:additive"", ""drying evaporation#0:ambient condition"", ""drying evaporation#1:temperature"", ""drying evaporation#1:time"", ""heating#0:temperature"", ""heating#0:time"", ""mixing#1:time"", ""mixing#2:mixing method"", ""mixing#2:temperature""]"
l287-s3-jang-2008,article:l287,0.5,1,18,"[""additive#0:additive"", ""drying evaporation#0:ambient condition"", ""drying evaporation#1:temperature"", ""drying evaporation#1:time"", ""heating#0:temperature"", ""heating#0:time"", ""mixing#1:time"", ""mixing#2:mixing method"", ""solvent#0:solvent name""]"
l287-s3-jang-2008,article:l287,0.5,2,18,"[""additive#0:additive"", ""drying evaporation#0:temperature"", ""drying evaporation#1:temperature"", ""heating#0:ambient condition"", ""heating#0:temperature"", ""heating#0:time"", ""heating#1:temperature"", ""heating#1:time"", ""mixing#0:mixing method""]"
l287-s3-jang-2008,article:l287,0.75,0,18,"[""additive#0:additive"", ""drying evaporation#0:temperature"", ""drying evaporation#1:ambient condition"", ""drying evaporation#1:temperature"", ""drying evaporation#1:time"", ""heating#0:temperature"", ""heating#0:time"", ""heating#1:temperature"", ""heating#1:time"", ""mixing#0:mixing method"", ""mixing#1:time"", ""mixing#2:mixing method"", ""mixing#2:temperature"", ""mixing#2:time""]"
l287-s3-jang-2008,article:l287,0.75,1,18,"[""additive#0:additive"", ""drying evaporation#0:temperature"", ""drying evaporation#1:ambient condition"", ""drying evaporation#1:temperature"", ""drying evaporation#1:time"", ""heating#0:ambient condition"", ""heating#1:temperature"", ""heating#1:time"", ""mixing#0:mixing method"", ""mixing#1:mixing method"", ""mixing#1:time"", ""mixing#2:temperature"", ""mixing#2:time"", ""solvent#0:solvent name""]"
l287-s3-jang-2008,article:l287,0.75,2,18,"[""additive#0:additive"", ""drying evaporation#0:ambient condition"", ""drying evaporation#0:temperature"", ""drying evaporation#1:ambient condition"", ""drying evaporation#1:temperature"", ""drying evaporation#1:time"", ""heating#0:temperature"", ""heating#1:temperature"", ""heating#1:time"", ""mixing#0:mixing method"", ""mixing#1:mixing method"", ""mixing#2:temperature"", ""mixing#2:time"", ""solvent#0:solvent name""]"
l129-s12-wu-2011,article:l129,0.25,0,6,"[""mixing#0:temperature"", ""mixing#1:temperature""]"
l129-s12-wu-2011,article:l129,0.25,1,6,"[""mixing#0:temperature"", ""mixing#1:temperature""]"
l129-s12-wu-2011,article:l129,0.25,2,6,"[""mixing#0:mixing method"", ""mixing#1:time""]"
l129-s12-wu-2011,article:l129,0.5,0,6,"[""mixing#0:mixing method"", ""mixing#1:temperature"", ""mixing#1:time""]"
l129-s12-wu-2011,article:l129,0.5,1,6,"[""mixing#0:temperature"", ""mixing#1:mixing method"", ""mixing#1:temperature""]"
l129-s12-wu-2011,article:l129,0.5,2,6,"[""mixing#0:mixing method"", ""mixing#0:time"", ""mixing#1:mixing method""]"
l129-s12-wu-2011,article:l129,0.75,0,6,"[""mixing#0:mixing method"", ""mixing#0:temperature"", ""mixing#1:mixing method"", ""mixing#1:temperature"", ""mixing#1:time""]"
l129-s12-wu-2011,article:l129,0.75,1,6,"[""mixing#0:mixing method"", ""mixing#0:time"", ""mixing#1:mixing method"", ""mixing#1:temperature"", ""mixing#1:time""]"
l129-s12-wu-2011,article:l129,0.75,2,6,"[""mixing#0:temperature"", ""mixing#0:time"", ""mixing#1:mixing method"", ""mixing#1:temperature"", ""mixing#1:time""]"
l191-s2-xie-2004,article:l191,0.25,0,9,"[""mixing#2:mixing method"", ""mixing#2:temperature"", ""molding#0:temperature""]"
l191-s2-xie-2004,article:l191,0.25,1,9,"[""mixing#0:mixer"", ""mixing#2:temperature"", ""mixing#2:time""]"
l191-s2-xie-2004,article:l191,0.25,2,9,"[""mixing#2:mixer"", ""mixing#2:time"", ""molding#0:time""]"
l191-s2-xie-2004,article:l191,0.5,0,9,"[""mixing#0:mixer"", ""mixing#2:mixer"", ""mixing#2:mixing method"", ""mixing#2:time"", ""molding#0:temperature""]"
l191-s2-xie-2004,article:l191,0.5,1,9,"[""mixing#0:temperature"", ""mixing#1:mixing method"", ""mixing#2:mixing method"", ""mixing#2:time"", ""molding#0:time""]"
l191-s2-xie-2004,article:l191,0.5,2,9,"[""mixing#0:temperature"", ""mixing#1:mixing method"", ""mixing#2:time"", ""molding#0:temperature"", ""molding#0:time""]"
l191-s2-xie-2004,article:l191,0.75,0,9,"[""mixing#0:mixer"", ""mixing#0:temperature"", ""mixing#1:mixing method"", ""mixing#2:mixer"", ""mixing#2:temperature"", ""mixing#2:time"", ""molding#0:time""]"
l191-s2-xie-2004,article:l191,0.75,1,9,"[""mixing#0:mixer"", ""mixing#0:temperature"", ""mixing#1:mixing method"", ""mixing#2:mixer"", ""mixing#2:mixing method"", ""mixing#2:time"", ""molding#0:temperature""]"
l191-s2-xie-2004,article:l191,0.75,2,9,"[""mixing#0:mixer"", ""mixing#0:temperature"", ""mixing#1:mixing method"", ""mixing#2:mixing method"", ""mixing#2:temperature"", ""mixing#2:time"", ""molding#0:temperature""]"
l209-s12-ash-2001,article:l209,0.25,0,1,"[""drying evaporation#0:time""]"
l209-s12-ash-2001,article:l209,0.25,1,1,"[""drying evaporation#0:time""]"
l209-s12-ash-2001,article:l209,0.25,2,1,"[""drying evaporation#0:time""]"
l209-s12-ash-2001,article:l209,0.5,0,1,"[""drying evaporation#0:time""]"
l209-s12-ash-2001,article:l209,0.5,1,1,"[""drying evaporation#0:time""]"
l209-s12-ash-2001,article:l209,0.5,2,1,"[""drying evaporation#0:time""]"
l209-s12-ash-2001,article:l209,0.75,0,1,"[""drying evaporation#0:time""]"
l209-s12-ash-2001,article:l209,0.75,1,1,"[""drying evaporation#0:time""]"
l209-s12-ash-2001,article:l209,0.75,2,1,"[""drying evaporation#0:time""]"
l397-s1-tuncer-2007,article:l397,0.25,0,7,"[""curing#0:time"", ""mixing#1:time""]"
l397-s1-tuncer-2007,article:l397,0.25,1,7,"[""curing#0:temperature"", ""drying evaporation#0:time""]"
l397-s1-tuncer-2007,article:l397,0.25,2,7,"[""curing#0:time"", ""mixing#1:mixing method""]"
l397-s1-tuncer-2007,article:l397,0.5,0,7,"[""curing#0:ambient condition"", ""drying evaporation#0:time"", ""mixing#1:mixing method"", ""mixing#1:time""]"
l397-s1-tuncer-2007,article:l397,0.5,1,7,"[""curing#0:ambient condition"", ""curing#0:time"", ""drying evaporation#0:time"", ""mixing#1:time""]"
l397-s1-tuncer-2007,article:l397,0.5,2,7,"[""curing#0:ambient condition"", ""drying evaporation#0:time"", ""mixing#1:mixing method"", ""mixing#1:time""]"
l397-s1-tuncer-2007,article:l397,0.75,0,7,"[""curing#0:ambient condition"", ""curing#0:temperature"", ""curing#0:time"", ""drying evaporation#0:time"", ""mixing#1:time"", ""mixing#2:time""]"
l397-s1-tuncer-2007,article:l397,0.75,1,7,"[""curing#0:ambient condition"", ""curing#0:temperature"", ""drying evaporation#0:time"", ""mixing#1:mixing method"", ""mixing#1:time"", ""mixing#2:time""]"
l397-s1-tuncer-2007,article:l397,0.75,2,7,"[""curing#0:ambient condition"", ""curing#0:temperature"", ""drying evaporation#0:time"", ""mixing#1:mixing method"", ""mixing#1:time"", ""mixing#2:time""]"
l102-s8-hu-2007,article:l102,0.25,0,5,"[""mixing#0:temperature"", ""mixing#0:time""]"
l102-s8-hu-2007,article:l102,0.25,1,5,"[""mixing#0:mixer"", ""mixing#0:temperature""]"
l102-s8-hu-2007,article:l102,0.25,2,5,"[""mixing#0:mixer"", ""mixing#0:temperature""]"
l102-s8-hu-2007,article:l102,0.5,0,5,"[""mixing#0:mixer"", ""mixing#0:time"", ""molding#0:temperature""]"
l102-s8-hu-2007,article:l102,0.5,1,5,"[""mixing#0:mixer"", ""mixing#0:temperature"", ""molding#0:temperature""]"
l102-s8-hu-2007,article:l102,0.5,2,5,"[""mixing#0:mixer"", ""mixing#0:temperature"", ""molding#0:temperature""]"
l102-s8-hu-2007,article:l102,0.75,0,5,"[""mixing#0:mixer"", ""mixing#0:rotational frequency"", ""mixing#0:time"", ""molding#0:temperature""]"
l102-s8-hu-2007,article:l102,0.75,1,5,"[""mixing#0:mixer"", ""mixing#0:rotational frequency"", ""mixing#0:time"", ""molding#0:temperature""]"
l102-s8-hu-2007,article:l102,0.75,2,5,"[""mixing#0:mixer"", ""mixing#0:rotational frequency"", ""mixing#0:temperature"", ""mixing#0:time""]"
l294-s4-sarwar-2007,article:l294,0.25,0,9,"[""drying evaporation#0:temperature"", ""drying evaporation#1:time"", ""mixing#1:time""]"
l294-s4-sarwar-2007,article:l294,0.25,1,9,"[""mixing#0:mixing method"", ""mixing#1:time"", ""mixing#2:mixing method""]"
l294-s4-sarwar-2007,article:l294,0.25,2,9,"[""additive#0:additive"", ""drying evaporation#1:time"", ""mixing#1:mixing method""]"
l294-s4-sarwar-2007,article:l294,0.5,0,9,"[""drying evaporation#1:temperature"", ""mixing#1:mixing method"", ""mixing#1:time"", ""mixing#2:mixing method"", ""mixing#2:time""]"
l294-s4-sarwar-2007,article:l294,0.5,1,9,"[""additive#0:additive"", ""drying evaporation#0:temperature"", ""mixing#0:mixing method"", ""mixing#1:mixing method"", ""mixing#2:mixing method""]"
l294-s4-sarwar-2007,article:l294,0.5,2,9,"[""drying evaporation#0:temperature"", ""drying evaporation#1:temperature"", ""drying evaporation#1:time"", ""mixing#1:mixing method"", ""mixing#1:time""]"
l294-s4-sarwar-2007,article:l294,0.75,0,9,"[""additive#0:additive"", ""drying evaporation#0:temperature"", ""drying evaporation#1:temperature"", ""drying evaporation#1:time"", ""mixing#1:mixing method"", ""mixing#1:time"", ""mixing#2:time""]"
l294-s4-sarwar-2007,article:l294,0.75,1,9,"[""additive#0:additive"", ""drying evaporation#0:temperature"", ""drying evaporation#1:time"", ""mixing#1:mixing method"", ""mixing#1:time"", ""mixing#2:mixing method"", ""mixing#2:time""]"
l294-s4-sarwar-2007,article:l294,0.75,2,9,"[""drying evaporation#0:temperature"", ""drying evaporation#1:temperature"", ""drying evaporation#1:time"", ""mixing#0:mixing method"", ""mixing#1:mixing method"", ""mixing#1:time"", ""mixing#2:time""]"
l278-s1-choi-2001,article:l278,0.25,0,15,"[""drying evaporation#0:time"", ""mixing#0:mixing method"", ""molding#0:pressure"", ""solvent#0:solvent name""]"
l278-s1-choi-2001,article:l278,0.25,1,15,"[""drying evaporation#0:time"", ""drying evaporation#1:ambient condition"", ""mixing#0:time"", ""solvent#0:solvent name""]"
l278-s1-choi-2001,article:l278,0.25,2,15,"[""mixing#0:time"", ""mixing#1:mixing method"", ""mixing#1:temperature"", ""molding#0:pressure""]"
l278-s1-choi-2001,article:l278,0.5,0,15,"[""drying evaporation#0:time"", ""drying evaporation#1:ambient condition"", ""drying evaporation#1:temperature"", ""mixing#0:mixing method"", ""mixing#0:rotational frequency"", ""mixing#0:time"", ""mixing#2:mixing method"", ""molding#0:pressure""]"
l278-s1-choi-2001,article:l278,0.5,1,15,"[""drying evaporation#1:time"", ""mixing#0:mixing method"", ""mixing#0:rotational frequency"", ""mixing#0:time"", ""mixing#1:mixing method"", ""mixing#1:time"", ""mixing#2:temperature"", ""molding#0:pressure""]"
l278-s1-choi-2001,article:l278,0.5,2,15,"[""drying evaporation#1:ambient condition"", ""drying evaporation#1:temperature"", ""mixing#0:mixing method"", ""mixing#0:rotational frequency"", ""mixing#0:time"", ""mixing#1:mixing method"", ""mixing#1:time"", ""mixing#2:time""]"
l278-s1-choi-2001,article:l278,0.75,0,15,"[""drying evaporation#0:time"", ""drying evaporation#1:ambient condition"", ""drying evaporation#1:temperature"", ""mixing#0:mixing method"", ""mixing#0:rotational frequency"", ""mixing#1:mixing method"", ""mixing#1:time"", ""mixing#2:mixing method"", ""mixing#2:temperature"", ""mixing#2:time"", ""molding#0:pressure"", ""solvent#0:solvent name""]"
l278-s1-choi-2001,article:l278,0.75,1,15,"[""drying evaporation#0:time"", ""drying evaporation#1:ambient condition"", ""drying evaporation#1:temperature"", ""mixing#0:mixing method"", ""mixing#0:time"", ""mixing#1:mixing method"", ""mixing#1:temperature"", ""mixing#1:time"", ""mixing#2:mixing method"", ""mixing#2:temperature"", ""mixing#2:time"", ""molding#0:pressure""]"
l278-s1-choi-2001,article:l278,0.75,2,15,"[""drying evaporation#0:time"", ""drying evaporation#1:time"", ""mixing#0:mixing method"", ""mixing#0:rotational frequency"", ""mixing#0:time"", ""mixing#1:mixing method"", ""mixing#1:temperature"", ""mixing#1:time"", ""mixing#2:mixing method"", ""mixing#2:temperature"", ""mixing#2:time"", ""molding#0:pressure""]"
l287-s4-jang-2008,article:l287,0.25,0,18,"[""drying evaporation#0:temperature"", ""heating#0:temperature"", ""heating#1:time"", ""mixing#2:mixing method"", ""mixing#2:time""]"
l287-s4-jang-2008,article:l287,0.25,1,18,"[""drying evaporation#0:temperature"", ""drying evaporation#1:ambient condition"", ""drying evaporation#1:temperature"", ""drying evaporation#1:time"", ""solvent#0:solvent name""]"
l287-s4-jang-2008,article:l287,0.25,2,18,"[""drying evaporation#0:ambient condition"", ""drying evaporation#0:temperature"", ""drying evaporation#1:time"", ""heating#0:time"", ""mixing#1:mixing method""]"
l287-s4-jang-2008,article:l287,0.5,0,18,"[""additive#0:additive"", ""drying evaporation#0:temperature"", ""drying evaporation#1:temperature"", ""heating#0:time"", ""mixing#0:mixing method"", ""mixing#1:mixing method"", ""mixing#1:time"", ""mixing#2:temperature"", ""solvent#0:solvent name""]"
l287-s4-jang-2008,article:l287,0.5,1,18,"[""drying evaporation#0:ambient condition"", ""drying evaporation#1:ambient condition"", ""heating#0:time"", ""mixing#1:mixing method"", ""mixing#1:time"", ""mixing#2:mixing method"", ""mixing#2:temperature"", ""mixing#2:time"", ""solvent#0:solvent name""]"
l287-s4-jang-2008,article:l287,0.5,2,18,"[""drying evaporation#1:temperature"", ""drying evaporation#1:time"", ""heating#0:ambient condition"", ""heating#0:time"", ""heating#1:temperature"", ""heating#1:time"", ""mixing#0:mixing method"", ""mixing#1:mixing method"", ""mixing#2:time""]"
l287-s4-jang-2008,article:l287,0.75,0,18,"[""additive#0:additive"", ""drying evaporation#1:ambient condition"", ""drying evaporation#1:temperature"", ""drying evaporation#1:time"", ""heating#0:ambient condition"", ""heating#0:temperature"", ""heating#0:time"", ""heating#1:temperature"", ""mixing#1:mixing method"", ""mixing#1:time"", ""mixing#2:mixing method"", ""mixing#2:temperature"", ""mixing#2:time"", ""solvent#0:solvent name""]"
l287-s4-jang-2008,article:l287,0.75,1,18,"[""additive#0:additive"", ""drying evaporation#0:temperature"", ""drying evaporation#1:ambient condition"", ""drying evaporation#1:temperature"", ""drying evaporation#1:time"", ""heating#0:ambient condition"", ""heating#0:temperature"", ""heating#0:time"", ""heating#1:time"", ""mixing#0:mixing method"", ""mixing#1:time"", ""mixing#2:mixing method"", ""mixing#2:temperature"", ""mixing#2:time""]"
l287-s4-jang-2008,article:l287,0.75,2,18,"[""additive#0:additive"", ""drying evaporation#0:temperature"", ""drying evaporation#1:ambient condition"", ""drying evaporation#1:temperature"", ""drying evaporation#1:time"", ""heating#0:ambient condition"", ""heating#1:temperature"", ""mixing#0:mixing method"", ""mixing#1:mixing method"", ""mixing#1:time"", ""mixing#2:mixing method"", ""mixing#2:temperature"", ""mixing#2:time"", ""solvent#0:solvent name""]"
l217-s6-ash-2002,article:l217,0.25,0,13,"[""drying evaporation#0:pressure"", ""heating#0:temperature"", ""mixing#1:temperature"", ""mixing#1:time""]"
l217-s6-ash-2002,article:l217,0.25,1,13,"[""heating#0:temperature"", ""heating#1:temperature"", ""heating#1:time"", ""mixing#1:temperature""]"
l217-s6-ash-2002,article:l217,0.25,2,13,"[""heating#0:temperature"", ""mixing#0:mixing method"", ""mixing#1:temperature"", ""mixing#1:time""]"
l217-s6-ash-2002,article:l217,0.5,0,13,"[""drying evaporation#0:temperature"", ""mixing#0:mixer"", ""mixing#0:mixing method"", ""mixing#0:time"", ""mixing#1:mixing method"", ""mixing#1:temperature"", ""mixing#1:time""]"
l217-s6-ash-2002,article:l217,0.5,1,13,"[""drying evaporation#0:pressure"", ""heating#0:temperature"", ""heating#1:time"", ""mixing#0:mixer"", ""mixing#0:mixing method"", ""mixing#1:mixing method"", ""mixing#1:temperature""]"
l217-s6-ash-2002,article:l217,0.5,2,13,"[""drying evaporation#0:pressure"", ""drying evaporation#0:temperature"", ""drying evaporation#0:time"", ""heating#0:temperature"", ""heating#1:temperature"", ""mixing#0:time"", ""mixing#1:time""]"
l217-s6-ash-2002,article:l217,0.75,0,13,"[""drying evaporation#0:pressure"", ""drying evaporation#0:temperature"", ""drying evaporation#0:time"", ""heating#1:temperature"", ""heating#1:time"", ""mixing#0:mixer"", ""mixing#0:time"", ""mixing#1:mixing method"", ""mixing#1:temperature"", ""mixing#1:time""]"
l217-s6-ash-2002,article:l217,0.75,1,13,"[""drying evaporation#0:pressure"", ""drying evaporation#0:time"", ""heating#0:temperature"", ""heating#1:temperature"", ""heating#1:time"", ""mixing#0:mixing method"", ""mixing#0:time"", ""mixing#1:mixer"", ""mixing#1:mixing method"", ""mixing#1:time""]"
l217-s6-ash-2002,article:l217,0.75,2,13,"[""drying evaporation#0:pressure"", ""drying evaporation#0:temperature"", ""drying evaporation#0:time"", ""heating#0:temperature"", ""heating#1:temperature"", ""heating#1:time"", ""mixing#0:time"", ""mixing#1:mixer"", ""mixing#1:mixing method"", ""mixing#1:temperature""]"
l316-s5-chandrasekaran-2013,article:l316,0.25,0,8,"[""heating#1:temperature"", ""heating#2:temperature""]"
l316-s5-chandrasekaran-2013,article:l316,0.25,1,8,"[""heating#2:temperature"", ""mixing#0:mixing method""]"
l316-s5-chandrasekaran-2013,article:l316,0.25,2,8,"[""heating#0:temperature"", ""heating#1:time""]"
l316-s5-chandrasekaran-2013,article:l316,0.5,0,8,"[""heating#0:temperature"", ""heating#2:temperature"", ""heating#2:time"", ""mixing#0:mixer""]"
l316-s5-chandrasekaran-2013,article:l316,0.5,1,8,"[""heating#0:temperature"", ""heating#2:temperature"", ""mixing#0:mixer"", ""mixing#0:mixing method""]"
l316-s5-chandrasekaran-2013,article:l316,0.5,2,8,"[""heating#1:time"", ""heating#2:temperature"", ""heating#2:time"", ""mixing#0:mixer""]"
l316-s5-chandrasekaran-2013,article:l316,0.75,0,8,"[""heating#1:temperature"", ""heating#1:time"", ""heating#2:temperature"", ""heating#2:time"", ""mixing#0:mixer"", ""mixing#0:mixing method""]"
l316-s5-chandrasekaran-2013,article:l316,0.75,1,8,"[""heating#1:temperature"", ""heating#1:time"", ""heating#2:temperature"", ""mixing#0:mixer"", ""mixing#0:mixing method"", ""mixing#1:time""]"
l316-s5-chandrasekaran-2013,article:l316,0.75,2,8,"[""heating#1:time"", ""heating#2:temperature"", ""heating#2:time"", ""mixing#0:mixer"", ""mixing#0:mixing method"", ""mixing#1:time""]"
e108-s10-huang-2016,article:e108,0.25,0,9,"[""drying evaporation#0:ambient condition"", ""mixing#1:mixing method"", ""molding#0:time""]"
e108-s10-huang-2016,article:e108,0.25,1,9,"[""drying evaporation#0:ambient condition"", ""molding#0:temperature"", ""molding#0:time""]"
e108-s10-huang-2016,article:e108,0.25,2,9,"[""drying evaporation#0:ambient condition"", ""drying evaporation#1:ambient condition"", ""drying evaporation#1:temperature""]"
e108-s10-huang-2016,article:e108,0.5,0,9,"[""drying evaporation#0:ambient condition"", ""drying evaporation#1:ambient condition"", ""drying evaporation#1:temperature"", ""mixing#1:mixing method"", ""molding#0:temperature""]"
e108-s10-huang-2016,article:e108,0.5,1,9,"[""mixing#1:mixing method"", ""mixing#1:rotational frequency"", ""molding#0:ambient condition"", ""molding#0:temperature"", ""molding#0:time""]"
e108-s10-huang-2016,article:e108,0.5,2,9,"[""drying evaporation#1:ambient condition"", ""mixing#1:mixing method"", ""mixing#1:rotational frequency"", ""molding#0:ambient condition"", ""molding#0:temperature""]"
e108-s10-huang-2016,article:e108,0.75,0,9,"[""drying evaporation#0:ambient condition"", ""drying evaporation#1:ambient condition"", ""drying evaporation#1:temperature"", ""mixing#1:mixing method"", ""mixing#1:rotational frequency"", ""mixing#1:time"", ""molding#0:time""]"
e108-s10-huang-2016,article:e108,0.75,1,9,"[""drying evaporation#0:ambient condition"", ""drying evaporation#1:ambient condition"", ""mixing#1:mixing method"", ""mixing#1:rotational frequency"", ""mixing#1:time"", ""molding#0:temperature"", ""molding#0:time""]"
e108-s10-huang-2016,article:e108,0.75,2,9,"[""drying evaporation#0:ambient condition"", ""drying evaporation#1:ambient condition"", ""mixing#1:mixing method"", ""mixing#1:rotational frequency"", ""mixing#1:time"", ""molding#0:ambient condition"", ""molding#0:time""]"
l212-s5-ghanbari-2012,article:l212,0.25,0,19,"[""drying evaporation#1:ambient condition"", ""drying evaporation#1:temperature"", ""extrusion#0:rotation speed"", ""extrusion#0:screw diameter length ratio"", ""molding#0:time""]"
l212-s5-ghanbari-2012,article:l212,0.25,1,19,"[""drying evaporation#1:time"", ""extrusion#0:equipment type"", ""extrusion#0:rotation mode"", ""molding#0:ambient condition"", ""molding#0:pressure""]"
l212-s5-ghanbari-2012,article:l212,0.25,2,19,"[""drying evaporation#0:time"", ""drying evaporation#1:ambient condition"", ""molding#0:pressure"", ""molding#0:temperature"", ""molding#0:time""]"
l212-s5-ghanbari-2012,article:l212,0.5,0,19,"[""cooling#1:time"", ""drying evaporation#0:temperature"", ""drying evaporation#0:time"", ""drying evaporation#1:time"", ""drying evaporation#2:temperature"", ""extrusion#0:equipment type"", ""extrusion#0:rotation speed"", ""extrusion#0:screw diameter"", ""molding#0:temperature"", ""molding#0:time""]"
l212-s5-ghanbari-2012,article:l212,0.5,1,19,"[""cooling#1:time"", ""drying evaporation#1:ambient condition"", ""drying evaporation#2:temperature"", ""drying evaporation#2:time"", ""extrusion#0:extruder"", ""extrusion#0:extrusion temperature"", ""extrusion#0:screw diameter"", ""molding#0:ambient condition"", ""molding#0:temperature"", ""molding#0:time""]"
l212-s5-ghanbari-2012,article:l212,0.5,2,19,"[""drying evaporation#0:temperature"", ""drying evaporation#1:time"", ""extrusion#0:equipment type"", ""extrusion#0:extruder"", ""extrusion#0:extrusion temperature"", ""extrusion#0:screw diameter"", ""extrusion#0:screw diameter length ratio"", ""molding#0:ambient condition"", ""molding#0:pressure"", ""molding#0:time""]"
l212-s5-ghanbari-2012,article:l212,0.75,0,19,"[""cooling#1:time"", ""drying evaporation#0:time"", ""drying evaporation#1:temperature"", ""drying evaporation#1:time"", ""drying evaporation#2:temperature"", ""extrusion#0:equipment type"", ""extrusion#0:extruder"", ""extrusion#0:extrusion temperature"", ""extrusion#0:rotation mode"", ""extrusion#0:rotation speed"", ""extrusion#0:screw diameter"", ""molding#0:ambient condition"", ""molding#0:pressure"", ""molding#0:temperature"", ""molding#0:time""]"
l212-s5-ghanbari-2012,article:l212,0.75,1,19,"[""drying evaporation#0:temperature"", ""drying evaporation#0:time"", ""drying evaporation#1:ambient condition"", ""drying evaporation#1:temperature"", ""drying evaporation#1:time"", ""extrusion#0:equipment type"", ""extrusion#0:extruder"", ""extrusion#0:extrusion temperature"", ""extrusion#0:rotation speed"", ""extrusion#0:screw diameter"", ""extrusion#0:screw diameter length ratio"", ""molding#0:ambient condition"", ""molding#0:pressure"", ""molding#0:temperature"", ""molding#0:time""]"
l212-s5-ghanbari-2012,article:l212,0.75,2,19,"[""cooling#1:time"", ""drying evaporation#0:temperature"", ""drying evaporation#0:time"", ""drying evaporation#1:ambient condition"", ""drying evaporation#1:temperature"", ""drying evaporation#1:time"", ""extrusion#0:equipment type"", ""extrusion#0:extruder"", ""extrusion#0:extrusion temperature"", ""extrusion#0:rotation mode"", ""extrusion#0:screw diameter"", ""molding#0:ambient condition"", ""molding#0:pressure"", ""molding#0:temperature"", ""molding#0:time""]"
l324-s6-zhu-2017,article:l324,0.25,0,7,"[""molding#0:pressure"", ""molding#0:temperature""]"
l324-s6-zhu-2017,article:l324,0.25,1,7,"[""molding#0:temperature"", ""molding#0:time""]"
l324-s6-zhu-2017,article:l324,0.25,2,7,"[""drying evaporation#0:temperature"", ""mixing#1:mixer""]"
l324-s6-zhu-2017,article:l324,0.5,0,7,"[""drying evaporation#0:ambient condition"", ""drying evaporation#0:time"", ""molding#0:pressure"", ""molding#0:temperature""]"
l324-s6-zhu-2017,article:l324,0.5,1,7,"[""drying evaporation#0:time"", ""mixing#1:mixer"", ""molding#0:pressure"", ""molding#0:temperature""]"
l324-s6-zhu-2017,article:l324,0.5,2,7,"[""drying evaporation#0:ambient condition"", ""molding#0:pressure"", ""molding#0:temperature"", ""molding#0:time""]"
l324-s6-zhu-2017,article:l324,0.75,0,7,"[""drying evaporation#0:ambient condition"", ""drying evaporation#0:temperature"", ""mixing#1:mixer"", ""molding#0:pressure"", ""molding#0:temperature"", ""molding#0:time""]"
l324-s6-zhu-2017,article:l324,0.75,1,7,"[""drying evaporation#0:ambient condition"", ""drying evaporation#0:temperature"", ""drying evaporation#0:time"", ""mixing#1:mixer"", ""molding#0:pressure"", ""molding#0:temperature""]"
l324-s6-zhu-2017,article:l324,0.75,2,7,"[""drying evaporation#0:ambient condition"", ""drying evaporation#0:temperature"", ""drying evaporation#0:time"", ""mixing#1:mixer"", ""molding#0:pressure"", ""molding#0:time""]"
l316-s10-chandrasekaran-2013,article:l316,0.25,0,14,"[""heating#1:temperature"", ""heating#2:time"", ""mixing#0:time"", ""mixing#1:temperature""]"
l316-s10-chandrasekaran-2013,article:l316,0.25,1,14,"[""heating#0:time"", ""heating#3:temperature"", ""mixing#0:mixing method"", ""mixing#1:temperature""]"
l316-s10-chandrasekaran-2013,article:l316,0.25,2,14,"[""heating#1:temperature"", ""mixing#1:mixing method"", ""mixing#1:time"", ""mixing#2:time""]"
l316-s10-chandrasekaran-2013,article:l316,0.5,0,14,"[""heating#2:time"", ""heating#3:temperature"", ""heating#3:time"", ""mixing#0:mixing method"", ""mixing#1:mixing method"", ""mixing#1:time"", ""mixing#2:time""]"
l316-s10-chandrasekaran-2013,article:l316,0.5,1,14,"[""heating#0:temperature"", ""heating#0:time"", ""heating#2:temperature"", ""heating#2:time"", ""mixing#0:time"", ""mixing#1:mixing method"", ""mixing#1:rotational frequency""]"
l316-s10-chandrasekaran-2013,article:l316,0.5,2,14,"[""heating#1:temperature"", ""heating#2:temperature"", ""heating#3:time"", ""mixing#0:mixing method"", ""mixing#0:time"", ""mixing#1:mixing method"", ""mixing#1:time""]"
l316-s10-chandrasekaran-2013,article:l316,0.75,0,14,"[""heating#0:temperature"", ""heating#0:time"", ""heating#1:temperature"", ""heating#2:temperature"", ""heating#2:time"", ""heating#3:time"", ""mixing#0:mixing method"", ""mixing#0:time"", ""mixing#1:mixing method"", ""mixing#1:temperature"", ""mixing#1:time""]"
l316-s10-chandrasekaran-2013,article:l316,0.75,1,14,"[""heating#0:temperature"", ""heating#1:temperature"", ""heating#2:temperature"", ""heating#3:time"", ""mixing#0:mixing method"", ""mixing#0:time"", ""mixing#1:mixing method"", ""mixing#1:rotational frequency"", ""mixing#1:temperature"", ""mixing#1:time"", ""mixing#2:time""]"
l316-s10-chandrasekaran-2013,article:l316,0.75,2,14,"[""heating#0:time"", ""heating#1:temperature"", ""heating#2:temperature"", ""heating#3:temperature"", ""heating#3:time"", ""mixing#0:mixing method"", ""mixing#0:time"", ""mixing#1:rotational frequency"", ""mixing#1:temperature"", ""mixing#1:time"", ""mixing#2:time""]"
l388-s1-benes-2018,article:l388,0.25,0,9,"[""additive#1:additive"", ""heating#0:temperature"", ""heating#0:time""]"
l388-s1-benes-2018,article:l388,0.25,1,9,"[""curing#1:temperature"", ""curing#1:time"", ""heating#0:temperature""]"
l388-s1-benes-2018,article:l388,0.25,2,9,"[""additive#0:additive"", ""curing#1:temperature"", ""heating#0:temperature""]"
l388-s1-benes-2018,article:l388,0.5,0,9,"[""additive#1:additive"", ""curing#0:temperature"", ""curing#0:time"", ""curing#1:temperature"", ""curing#1:time""]"
l388-s1-benes-2018,article:l388,0.5,1,9,"[""curing#0:temperature"", ""curing#0:time"", ""heating#0:temperature"", ""heating#0:time"", ""mixing#0:mixing method""]"
l388-s1-benes-2018,article:l388,0.5,2,9,"[""curing#0:temperature"", ""curing#1:temperature"", ""heating#0:temperature"", ""heating#0:time"", ""mixing#0:mixing method""]"
l388-s1-benes-2018,article:l388,0.75,0,9,"[""additive#0:additive"", ""additive#1:additive"", ""curing#0:temperature"", ""curing#0:time"", ""curing#1:temperature"", ""curing#1:time"", ""heating#0:time""]"
l388-s1-benes-2018,article:l388,0.75,1,9,"[""additive#0:additive"", ""curing#0:temperature"", ""curing#0:time"", ""curing#1:temperature"", ""heating#0:temperature"", ""heating#0:time"", ""mixing#0:mixing method""]"
l388-s1-benes-2018,article:l388,0.75,2,9,"[""additive#0:additive"", ""additive#1:additive"", ""curing#0:temperature"", ""curing#0:time"", ""curing#1:time"", ""heating#0:temperature"", ""heating#0:time""]"
l318-s4-patsidis-2014,article:l318,0.25,0,11,"[""heating#0:time"", ""mixing#0:rotational frequency"", ""mixing#1:rotational frequency""]"
l318-s4-patsidis-2014,article:l318,0.25,1,11,"[""heating#0:temperature"", ""heating#1:temperature"", ""mixing#0:temperature""]"
l318-s4-patsidis-2014,article:l318,0.25,2,11,"[""heating#1:temperature"", ""mixing#0:time"", ""mixing#1:mixing method""]"
l318-s4-patsidis-2014,article:l318,0.5,0,11,"[""heating#0:temperature"", ""heating#1:temperature"", ""mixing#0:rotational frequency"", ""mixing#0:time"", ""mixing#1:mixing method"", ""mixing#1:time""]"
l318-s4-patsidis-2014,article:l318,0.5,1,11,"[""heating#0:temperature"", ""heating#1:time"", ""mixing#0:mixing method"", ""mixing#0:time"", ""mixing#1:mixing method"", ""mixing#1:time""]"
l318-s4-patsidis-2014,article:l318,0.5,2,11,"[""heating#0:time"", ""heating#1:time"", ""mixing#0:rotational frequency"", ""mixing#0:temperature"", ""mixing#1:mixing method"", ""mixing#1:rotational frequency""]"
l318-s4-patsidis-2014,article:l318,0.75,0,11,"[""heating#0:temperature"", ""heating#0:time"", ""heating#1:time"", ""mixing#0:mixing method"", ""mixing#0:rotational frequency"", ""mixing#0:temperature"", ""mixing#0:time"", ""mixing#1:rotational frequency"", ""mixing#1:time""]"
l318-s4-patsidis-2014,article:l318,0.75,1,11,"[""heating#0:time"", ""heating#1:temperature"", ""heating#1:time"", ""mixing#0:mixing method"", ""mixing#0:rotational frequency"", ""mixing#0:temperature"", ""mixing#1:mixing method"", ""mixing#1:rotational frequency"", ""mixing#1:time""]"
l318-s4-patsidis-2014,article:l318,0.75,2,11,"[""heating#0:time"", ""heating#1:temperature"", ""heating#1:time"", ""mixing#0:mixing method"", ""mixing#0:rotational frequency"", ""mixing#0:temperature"", ""mixing#0:time"", ""mixing#1:mixing method"", ""mixing#1:time""]"
l285-s3-pham-2012,article:l285,0.25,0,3,"[""molding#0:time""]"
l285-s3-pham-2012,article:l285,0.25,1,3,"[""molding#0:pressure""]"
l285-s3-pham-2012,article:l285,0.25,2,3,"[""molding#0:pressure""]"
l285-s3-pham-2012,article:l285,0.5,0,3,"[""molding#0:pressure"", ""molding#0:time""]"
l285-s3-pham-2012,article:l285,0.5,1,3,"[""molding#0:temperature"", ""molding#0:time""]"
l285-s3-pham-2012,article:l285,0.5,2,3,"[""molding#0:temperature"", ""molding#0:time""]"
l285-s3-pham-2012,article:l285,0.75,0,3,"[""molding#0:pressure"", ""molding#0:temperature"", ""molding#0:time""]"
l285-s3-pham-2012,article:l285,0.75,1,3,"[""molding#0:pressure"", ""molding#0:temperature"", ""molding#0:time""]"
l285-s3-pham-2012,article:l285,0.75,2,3,"[""molding#0:pressure"", ""molding#0:temperature"", ""molding#0:time""]"
l285-s1-pham-2012,article:l285,0.25,0,3,"[""molding#0:pressure""]"
l285-s1-pham-2012,article:l285,0.25,1,3,"[""molding#0:temperature""]"
l285-s1-pham-2012,article:l285,0.25,2,3,"[""molding#0:time""]"
l285-s1-pham-2012,article:l285,0.5,0,3,"[""molding#0:pressure"", ""molding#0:temperature""]"
l285-s1-pham-2012,article:l285,0.5,1,3,"[""molding#0:pressure"", ""molding#0:temperature""]"
l285-s1-pham-2012,article:l285,0.5,2,3,"[""molding#0:temperature"", ""molding#0:time""]"
l285-s1-pham-2012,article:l285,0.75,0,3,"[""molding#0:pressure"", ""molding#0:temperature"", ""molding#0:time""]"
l285-s1-pham-2012,article:l285,0.75,1,3,"[""molding#0:pressure"", ""molding#0:temperature"", ""molding#0:time""]"
l285-s1-pham-2012,article:l285,0.75,2,3,"[""molding#0:pressure"", ""molding#0:temperature"", ""molding#0:time""]"
l276-s3-huang-2009,article:l276,0.25,0,6,"[""extrusion#0:equipment type"", ""extrusion#0:rotation speed""]"
l276-s3-huang-2009,article:l276,0.25,1,6,"[""drying evaporation#0:time"", ""extrusion#0:rotation speed""]"
l276-s3-huang-2009,article:l276,0.25,2,6,"[""drying evaporation#0:time"", ""extrusion#0:extrusion temperature""]"
l276-s3-huang-2009,article:l276,0.5,0,6,"[""drying evaporation#0:time"", ""extrusion#0:extruder"", ""extrusion#0:extrusion temperature""]"
l276-s3-huang-2009,article:l276,0.5,1,6,"[""drying evaporation#0:temperature"", ""extrusion#0:equipment type"", ""extrusion#0:extrusion temperature""]"
l276-s3-huang-2009,article:l276,0.5,2,6,"[""drying evaporation#0:temperature"", ""drying evaporation#0:time"", ""extrusion#0:rotation speed""]"
l276-s3-huang-2009,article:l276,0.75,0,6,"[""drying evaporation#0:temperature"", ""drying evaporation#0:time"", ""extrusion#0:equipment type"", ""extrusion#0:extruder"", ""extrusion#0:rotation speed""]"
l276-s3-huang-2009,article:l276,0.75,1,6,"[""drying evaporation#0:temperature"", ""drying evaporation#0:time"", ""extrusion#0:equipment type"", ""extrusion#0:extrusion temperature"", ""extrusion#0:rotation speed""]"
l276-s3-huang-2009,article:l276,0.75,2,6,"[""drying evaporation#0:time"", ""extrusion#0:equipment type"", ""extrusion#0:extruder"", ""extrusion#0:extrusion temperature"", ""extrusion#0:rotation speed""]"
l255-s9-logakis-2009,article:l255,0.25,0,1,"[""mixing#0:mixing method""]"
l255-s9-logakis-2009,article:l255,0.25,1,1,"[""mixing#0:mixing method""]"
l255-s9-logakis-2009,article:l255,0.25,2,1,"[""mixing#0:mixing method""]"
l255-s9-logakis-2009,article:l255,0.5,0,1,"[""mixing#0:mixing method""]"
l255-s9-logakis-2009,article:l255,0.5,1,1,"[""mixing#0:mixing method""]"
l255-s9-logakis-2009,article:l255,0.5,2,1,"[""mixing#0:mixing method""]"
l255-s9-logakis-2009,article:l255,0.75,0,1,"[""mixing#0:mixing method""]"
l255-s9-logakis-2009,article:l255,0.75,1,1,"[""mixing#0:mixing method""]"
l255-s9-logakis-2009,article:l255,0.75,2,1,"[""mixing#0:mixing method""]"
l260-s2-haggenmueller-2006,article:l260,0.25,0,5,"[""mixing#0:mixing method"", ""mixing#1:mixing method""]"
l260-s2-haggenmueller-2006,article:l260,0.25,1,5,"[""mixing#0:mixer"", ""mixing#1:mixing method""]"
l260-s2-haggenmueller-2006,article:l260,0.25,2,5,"[""mixing#0:mixer"", ""mixing#0:mixing method""]"
l260-s2-haggenmueller-2006,article:l260,0.5,0,5,"[""mixing#0:mixer"", ""mixing#0:time"", ""mixing#1:mixing method""]"
l260-s2-haggenmueller-2006,article:l260,0.5,1,5,"[""mixing#0:mixer"", ""mixing#0:mixing method"", ""mixing#1:mixing method""]"
l260-s2-haggenmueller-2006,article:l260,0.5,2,5,"[""mixing#0:time"", ""mixing#1:mixing method"", ""solvent#0:solvent name""]"
l260-s2-haggenmueller-2006,article:l260,0.75,0,5,"[""mixing#0:mixer"", ""mixing#0:mixing method"", ""mixing#0:time"", ""solvent#0:solvent name""]"
l260-s2-haggenmueller-2006,article:l260,0.75,1,5,"[""mixing#0:mixer"", ""mixing#0:mixing method"", ""mixing#0:time"", ""mixing#1:mixing method""]"
l260-s2-haggenmueller-2006,article:l260,0.75,2,5,"[""mixing#0:mixer"", ""mixing#0:mixing method"", ""mixing#0:time"", ""mixing#1:mixing method""]"
l287-s2-jang-2008,article:l287,0.25,0,18,"[""additive#0:additive"", ""drying evaporation#0:ambient condition"", ""drying evaporation#0:temperature"", ""heating#1:temperature"", ""heating#1:time""]"
l287-s2-jang-2008,article:l287,0.25,1,18,"[""additive#0:additive"", ""drying evaporation#1:ambient condition"", ""drying evaporation#1:temperature"", ""mixing#1:mixing method"", ""mixing#1:time""]"
l287-s2-jang-2008,article:l287,0.25,2,18,"[""drying evaporation#1:time"", ""heating#0:time"", ""heating#1:time"", ""mixing#1:time"", ""solvent#0:solvent name""]"
l287-s2-jang-2008,article:l287,0.5,0,18,"[""drying evaporation#1:ambient condition"", ""drying evaporation#1:time"", ""heating#0:ambient condition"", ""heating#1:time"", ""mixing#0:mixing method"", ""mixing#1:mixing method"", ""mixing#1:time"", ""mixing#2:time"", ""solvent#0:solvent name""]"
l287-s2-jang-2008,article:l287,0.5,1,18,"[""drying evaporation#0:ambient condition"", ""drying evaporation#0:temperature"", ""heating#0:ambient condition"", ""heating#0:time"", ""heating#1:temperature"", ""heating#1:time"", ""mixing#1:mixing method"", ""mixing#2:temperature"", ""solvent#0:solvent name""]"
l287-s2-jang-2008,article:l287,0.5,2,18,"[""drying evaporation#1:ambient condition"", ""drying evaporation#1:temperature"", ""mixing#0:mixing method"", ""mixing#1:mixing method"", ""mixing#1:time"", ""mixing#2:mixing method"", ""mixing#2:temperature"", ""mixing#2:time"", ""solvent#0:solvent name""]"
l287-s2-jang-2008,article:l287,0.75,0,18,"[""additive#0:additive"", ""drying evaporation#0:ambient condition"", ""drying evaporation#0:temperature"", ""drying evaporation#1:ambient condition"", ""drying evaporation#1:time"", ""heating#0:temperature"", ""heating#0:time"", ""heating#1:temperature"", ""heating#1:time"", ""mixing#1:time"", ""mixing#2:mixing method"", ""mixing#2:temperature"", ""mixing#2:time"", ""solvent#0:solvent name""]"
l287-s2-jang-2008,article:l287,0.75,1,18,"[""additive#0:additive"", ""drying evaporation#1:ambient condition"", ""drying evaporation#1:temperature"", ""drying evaporation#1:time"", ""heating#0:ambient condition"", ""heating#0:temperature"", ""heating#0:time"", ""heating#1:temperature"", ""heating#1:time"", ""mixing#0:mixing method"", ""mixing#2:mixing method"", ""mixing#2:temperature"", ""mixing#2:time"", ""solvent#0:solvent name""]"
l287-s2-jang-2008,article:l287,0.75,2,18,"[""drying evaporation#0:ambient condition"", ""drying evaporation#0:temperature"", ""drying evaporation#1:ambient condition"", ""drying evaporation#1:temperature"", ""drying evaporation#1:time"", ""heating#0:temperature"", ""heating#0:time"", ""heating#1:temperature"", ""heating#1:time"", ""mixing#0:mixing method"", ""mixing#1:mixing method"", ""mixing#2:mixing method"", ""mixing#2:temperature"", ""solvent#0:solvent name""]"
l282-s2-cui-2008,article:l282,0.25,0,16,"[""mixing#0:mixing method"", ""mixing#0:temperature"", ""mixing#0:time"", ""mixing#3:mixing method""]"
l282-s2-cui-2008,article:l282,0.25,1,16,"[""drying evaporation#0:temperature"", ""drying evaporation#0:time"", ""drying evaporation#1:ambient condition"", ""mixing#2:mixing method""]"
l282-s2-cui-2008,article:l282,0.25,2,16,"[""mixing#0:temperature"", ""mixing#1:mixing method"", ""mixing#1:temperature"", ""mixing#3:mixing method""]"
l282-s2-cui-2008,article:l282,0.5,0,16,"[""drying evaporation#0:ambient condition"", ""drying evaporation#1:time"", ""mixing#0:mixing method"", ""mixing#0:temperature"", ""mixing#0:time"", ""mixing#1:temperature"", ""mixing#1:time"", ""mixing#2:time""]"
l282-s2-cui-2008,article:l282,0.5,1,16,"[""drying evaporation#0:ambient condition"", ""drying evaporation#0:temperature"", ""drying evaporation#1:ambient condition"", ""drying evaporation#1:temperature"", ""mixing#0:mixing method"", ""mixing#0:temperature"", ""mixing#1:time"", ""mixing#2:mixing method""]"
l282-s2-cui-2008,article:l282,0.5,2,16,"[""drying evaporation#0:ambient condition"", ""drying evaporation#0:temperature"", ""drying evaporation#0:time"", ""drying evaporation#1:temperature"", ""drying evaporation#1:time"", ""mixing#0:time"", ""mixing#1:time"", ""mixing#2:time""]"
l282-s2-cui-2008,article:l282,0.75,0,16,"[""drying evaporation#0:ambient condition"", ""drying evaporation#0:temperature"", ""drying evaporation#0:time"", ""drying evaporation#1:temperature"", ""drying evaporation#1:time"", ""mixing#0:temperature"", ""mixing#1:mixing method"", ""mixing#1:temperature"", ""mixing#1:time"", ""mixing#2:mixing method"", ""mixing#2:time"", ""mixing#3:mixing method""]"
l282-s2-cui-2008,article:l282,0.75,1,16,"[""drying evaporation#0:time"", ""drying evaporation#1:time"", ""mixing#0:mixing method"", ""mixing#0:temperature"", ""mixing#0:time"", ""mixing#1:mixing method"", ""mixing#1:temperature"", ""mixing#1:time"", ""mixing#2:mixing method"", ""mixing#2:temperature"", ""mixing#2:time"", ""mixing#3:mixing method""]"
l282-s2-cui-2008,article:l282,0.75,2,16,"[""drying evaporation#0:ambient condition"", ""drying evaporation#0:time"", ""drying evaporation#1:temperature"", ""drying evaporation#1:time"", ""mixing#0:mixing method"", ""mixing#0:temperature"", ""mixing#0:time"", ""mixing#1:mixing method"", ""mixing#1:temperature"", ""mixing#1:time"", ""mixing#2:time"", ""mixing#3:mixing method""]"
l308-s3-demetrio-2013,article:l308,0.25,0,4,"[""mixing#0:mixing method""]"
l308-s3-demetrio-2013,article:l308,0.25,1,4,"[""mixing#0:time""]"
l308-s3-demetrio-2013,article:l308,0.25,2,4,"[""mixing#0:mixing method""]"
l308-s3-demetrio-2013,article:l308,0.5,0,4,"[""mixing#0:time"", ""solvent#0:solvent name""]"
l308-s3-demetrio-2013,article:l308,0.5,1,4,"[""mixing#0:time"", ""solvent#0:solvent name""]"
l308-s3-demetrio-2013,article:l308,0.5,2,4,"[""mixing#0:mixing method"", ""mixing#0:time""]"
l308-s3-demetrio-2013,article:l308,0.75,0,4,"[""mixing#0:mixing method"", ""mixing#0:temperature"", ""solvent#0:solvent name""]"
l308-s3-demetrio-2013,article:l308,0.75,1,4,"[""mixing#0:mixing method"", ""mixing#0:temperature"", ""mixing#0:time""]"
l308-s3-demetrio-2013,article:l308,0.75,2,4,"[""mixing#0:mixing method"", ""mixing#0:temperature"", ""mixing#0:time""]"
l259-s3-chen-2017,article:l259,0.25,0,11,"[""heating#0:ambient condition"", ""heating#0:time"", ""mixing#2:mixing method""]"
l259-s3-chen-2017,article:l259,0.25,1,11,"[""heating#0:time"", ""mixing#1:temperature"", ""mixing#1:time""]"
l259-s3-chen-2017,article:l259,0.25,2,11,"[""heating#0:ambient condition"", ""mixing#2:temperature"", ""mixing#2:time""]"
l259-s3-chen-2017,article:l259,0.5,0,11,"[""heating#0:ambient condition"", ""heating#0:temperature"", ""mixing#1:temperature"", ""mixing#2:mixing method"", ""mixing#2:temperature"", ""molding#0:temperature""]"
l259-s3-chen-2017,article:l259,0.5,1,11,"[""heating#0:time"", ""mixing#0:mixing method"", ""mixing#1:time"", ""mixing#2:time"", ""molding#0:temperature"", ""molding#0:time""]"
l259-s3-chen-2017,article:l259,0.5,2,11,"[""heating#0:temperature"", ""heating#0:time"", ""mixing#2:temperature"", ""mixing#2:time"", ""molding#0:temperature"", ""molding#0:time""]"
l259-s3-chen-2017,article:l259,0.75,0,11,"[""heating#0:ambient condition"", ""heating#0:temperature"", ""heating#0:time"", ""mixing#0:mixing method"", ""mixing#1:temperature"", ""mixing#2:mixing method"", ""mixing#2:temperature"", ""mixing#2:time"", ""molding#0:temperature""]"
l259-s3-chen-2017,article:l259,0.75,1,11,"[""heating#0:ambient condition"", ""heating#0:temperature"", ""heating#0:time"", ""mixing#0:mixing method"", ""mixing#1:temperature"", ""mixing#1:time"", ""mixing#2:mixing method"", ""mixing#2:temperature"", ""molding#0:time""]"
l259-s3-chen-2017,article:l259,0.75,2,11,"[""heating#0:ambient condition"", ""heating#0:temperature"", ""heating#0:time"", ""mixing#1:time"", ""mixing#2:mixing method"", ""mixing#2:temperature"", ""mixing#2:time"", ""molding#0:temperature"", ""molding#0:time""]"
l260-s5-haggenmueller-2006,article:l260,0.25,0,5,"[""mixing#0:mixer"", ""solvent#0:solvent name""]"
l260-s5-haggenmueller-2006,article:l260,0.25,1,5,"[""mixing#0:mixer"", ""mixing#0:mixing method""]"
l260-s5-haggenmueller-2006,article:l260,0.25,2,5,"[""mixing#0:mixer"", ""solvent#0:solvent name""]"
l260-s5-haggenmueller-2006,article:l260,0.5,0,5,"[""mixing#0:mixer"", ""mixing#0:mixing method"", ""mixing#1:mixing method""]"
l260-s5-haggenmueller-2006,article:l260,0.5,1,5,"[""mixing#0:mixer"", ""mixing#0:mixing method"", ""solvent#0:solvent name""]"
l260-s5-haggenmueller-2006,article:l260,0.5,2,5,"[""mixing#0:mixer"", ""mixing#0:mixing method"", ""mixing#0:time""]"
l260-s5-haggenmueller-2006,article:l260,0.75,0,5,"[""mixing#0:mixer"", ""mixing#0:mixing method"", ""mixing#0:time"", ""solvent#0:solvent name""]"
l260-s5-haggenmueller-2006,article:l260,0.75,1,5,"[""mixing#0:mixer"", ""mixing#0:time"", ""mixing#1:mixing method"", ""solvent#0:solvent name""]"
l260-s5-haggenmueller-2006,article:l260,0.75,2,5,"[""mixing#0:mixer"", ""mixing#0:mixing method"", ""mixing#1:mixing method"", ""solvent#0:solvent name""]"
l392-s1-wang-2020,article:l392,0.25,0,9,"[""drying evaporation#0:temperature"", ""drying evaporation#0:time"", ""heating#1:time""]"
l392-s1-wang-2020,article:l392,0.25,1,9,"[""additive#0:additive"", ""drying evaporation#0:temperature"", ""heating#1:temperature""]"
l392-s1-wang-2020,article:l392,0.25,2,9,"[""additive#0:additive"", ""drying evaporation#0:temperature"", ""heating#1:pressure""]"
l392-s1-wang-2020,article:l392,0.5,0,9,"[""additive#0:additive"", ""drying evaporation#0:temperature"", ""drying evaporation#0:time"", ""heating#0:time"", ""heating#1:pressure""]"
l392-s1-wang-2020,article:l392,0.5,1,9,"[""additive#0:additive"", ""drying evaporation#0:temperature"", ""heating#0:temperature"", ""heating#0:time"", ""heating#1:temperature""]"
l392-s1-wang-2020,article:l392,0.5,2,9,"[""drying evaporation#0:time"", ""heating#0:temperature"", ""heating#0:time"", ""heating#1:temperature"", ""heating#2:temperature""]"
l392-s1-wang-2020,article:l392,0.75,0,9,"[""additive#0:additive"", ""drying evaporation#0:temperature"", ""drying evaporation#0:time"", ""heating#0:temperature"", ""heating#1:temperature"", ""heating#1:time"", ""heating#2:temperature""]"
l392-s1-wang-2020,article:l392,0.75,1,9,"[""drying evaporation#0:temperature"", ""heating#0:temperature"", ""heating#0:time"", ""heating#1:pressure"", ""heating#1:temperature"", ""heating#1:time"", ""heating#2:temperature""]"
l392-s1-wang-2020,article:l392,0.75,2,9,"[""additive#0:additive"", ""drying evaporation#0:time"", ""heating#0:temperature"", ""heating#1:pressure"", ""heating#1:temperature"", ""heating#1:time"", ""heating#2:temperature""]"
e410-s2-prasad-2021,article:e410,0.25,0,11,"[""drying evaporation#0:time"", ""extrusion output#0:equipment type"", ""extrusion output#0:screw channel diameter""]"
e410-s2-prasad-2021,article:e410,0.25,1,11,"[""extrusion output#0:extrusion temperature"", ""extrusion output#0:rotation mode"", ""mixing#0:mixing method""]"
e410-s2-prasad-2021,article:e410,0.25,2,11,"[""extrusion output#0:extruder"", ""extrusion output#0:rotation mode"", ""extrusion output#0:screw channel diameter""]"
e410-s2-prasad-2021,article:e410,0.5,0,11,"[""drying evaporation#0:ambient condition"", ""drying evaporation#0:temperature"", ""extrusion output#0:equipment type"", ""extrusion output#0:extrusion temperature"", ""extrusion output#0:rotation mode"", ""extrusion output#0:screw diameter""]"
e410-s2-prasad-2021,article:e410,0.5,1,11,"[""drying evaporation#0:time"", ""extrusion output#0:extruder"", ""extrusion output#0:melt temperature"", ""extrusion output#0:rotation mode"", ""extrusion output#0:screw diameter"", ""mixing#0:mixing method""]"
e410-s2-prasad-2021,article:e410,0.5,2,11,"[""extrusion output#0:extruder"", ""extrusion output#0:extrusion temperature"", ""extrusion output#0:melt temperature"", ""extrusion output#0:screw channel diameter"", ""extrusion output#0:screw diameter"", ""mixing#0:mixing method""]"
e410-s2-prasad-2021,article:e410,0.75,0,11,"[""drying evaporation#0:ambient condition"", ""drying evaporation#0:time"", ""extrusion output#0:equipment type"", ""extrusion output#0:extruder"", ""extrusion output#0:extrusion temperature"", ""extrusion output#0:melt temperature"", ""extrusion output#0:rotation mode"", ""extrusion output#0:screw channel diameter"", ""mixing#0:mixing method""]"
e410-s2-prasad-2021,article:e410,0.75,1,11,"[""drying evaporation#0:ambient condition"", ""extrusion output#0:equipment type"", ""extrusion output#0:extruder"", ""extrusion output#0:extrusion temperature"", ""extrusion output#0:melt temperature"", ""extrusion output#0:rotation mode"", ""extrusion output#0:screw channel diameter"", ""extrusion output#0:screw diameter"", ""mixing#0:mixing method""]"
e410-s2-prasad-2021,article:e410,0.75,2,11,"[""drying evaporation#0:ambient condition"", ""drying evaporation#0:temperature"", ""extrusion output#0:equipment type"", ""extrusion output#0:extruder"", ""extrusion output#0:extrusion temperature"", ""extrusion output#0:melt temperature"", ""extrusion output#0:screw channel diameter"", ""extrusion output#0:screw diameter"", ""mixing#0:mixing method""]"
l276-s4-huang-2009,article:l276,0.25,0,6,"[""drying evaporation#0:time"", ""extrusion#0:rotation speed""]"
l276-s4-huang-2009,article:l276,0.25,1,6,"[""extrusion#0:equipment type"", ""extrusion#0:extruder""]"
l276-s4-huang-2009,article:l276,0.25,2,6,"[""drying evaporation#0:temperature"", ""extrusion#0:equipment type""]"
l276-s4-huang-2009,article:l276,0.5,0,6,"[""extrusion#0:equipment type"", ""extrusion#0:extrusion temperature"", ""extrusion#0:rotation speed""]"
l276-s4-huang-2009,article:l276,0.5,1,6,"[""drying evaporation#0:temperature"", ""extrusion#0:extruder"", ""extrusion#0:extrusion temperature""]"
l276-s4-huang-2009,article:l276,0.5,2,6,"[""drying evaporation#0:temperature"", ""extrusion#0:extruder"", ""extrusion#0:rotation speed""]"
l276-s4-huang-2009,article:l276,0.75,0,6,"[""drying evaporation#0:time"", ""extrusion#0:equipment type"", ""extrusion#0:extruder"", ""extrusion#0:extrusion temperature"", ""extrusion#0:rotation speed""]"
l276-s4-huang-2009,article:l276,0.75,1,6,"[""drying evaporation#0:temperature"", ""extrusion#0:equipment type"", ""extrusion#0:extruder"", ""extrusion#0:extrusion temperature"", ""extrusion#0:rotation speed""]"
l276-s4-huang-2009,article:l276,0.75,2,6,"[""drying evaporation#0:temperature"", ""drying evaporation#0:time"", ""extrusion#0:extruder"", ""extrusion#0:extrusion temperature"", ""extrusion#0:rotation speed""]"
l289-s1-motaung-2012,article:l289,0.25,0,6,"[""mixing#0:rotational frequency"", ""mixing#0:temperature""]"
l289-s1-motaung-2012,article:l289,0.25,1,6,"[""mixing#0:time"", ""molding#0:temperature""]"
l289-s1-motaung-2012,article:l289,0.25,2,6,"[""mixing#0:rotational frequency"", ""molding#0:time""]"
l289-s1-motaung-2012,article:l289,0.5,0,6,"[""mixing#0:temperature"", ""mixing#0:time"", ""molding#0:temperature""]"
l289-s1-motaung-2012,article:l289,0.5,1,6,"[""mixing#0:mixer"", ""mixing#0:time"", ""molding#0:temperature""]"
l289-s1-motaung-2012,article:l289,0.5,2,6,"[""mixing#0:mixer"", ""mixing#0:rotational frequency"", ""mixing#0:time""]"
l289-s1-motaung-2012,article:l289,0.75,0,6,"[""mixing#0:mixer"", ""mixing#0:rotational frequency"", ""mixing#0:temperature"", ""molding#0:temperature"", ""molding#0:time""]"
l289-s1-motaung-2012,article:l289,0.75,1,6,"[""mixing#0:mixer"", ""mixing#0:temperature"", ""mixing#0:time"", ""molding#0:temperature"", ""molding#0:time""]"
l289-s1-motaung-2012,article:l289,0.75,2,6,"[""mixing#0:mixer"", ""mixing#0:temperature"", ""mixing#0:time"", ""molding#0:temperature"", ""molding#0:time""]"
l294-s6-sarwar-2007,article:l294,0.25,0,9,"[""additive#0:additive"", ""drying evaporation#1:temperature"", ""mixing#2:mixing method""]"
l294-s6-sarwar-2007,article:l294,0.25,1,9,"[""drying evaporation#1:time"", ""mixing#0:mixing method"", ""mixing#2:mixing method""]"
l294-s6-sarwar-2007,article:l294,0.25,2,9,"[""additive#0:additive"", ""mixing#0:mixing method"", ""mixing#2:time""]"
l294-s6-sarwar-2007,article:l294,0.5,0,9,"[""drying evaporation#0:temperature"", ""drying evaporation#1:time"", ""mixing#0:mixing method"", ""mixing#2:mixing method"", ""mixing#2:time""]"
l294-s6-sarwar-2007,article:l294,0.5,1,9,"[""additive#0:additive"", ""drying evaporation#1:temperature"", ""mixing#0:mixing method"", ""mixing#1:mixing method"", ""mixing#2:time""]"
l294-s6-sarwar-2007,article:l294,0.5,2,9,"[""drying evaporation#0:temperature"", ""drying evaporation#1:time"", ""mixing#1:mixing method"", ""mixing#2:mixing method"", ""mixing#2:time""]"
l294-s6-sarwar-2007,article:l294,0.75,0,9,"[""additive#0:additive"", ""drying evaporation#0:temperature"", ""drying evaporation#1:temperature"", ""mixing#0:mixing method"", ""mixing#1:time"", ""mixing#2:mixing method"", ""mixing#2:time""]"
l294-s6-sarwar-2007,article:l294,0.75,1,9,"[""drying evaporation#1:temperature"", ""drying evaporation#1:time"", ""mixing#0:mixing method"", ""mixing#1:mixing method"", ""mixing#1:time"", ""mixing#2:mixing method"", ""mixing#2:time""]"
l294-s6-sarwar-2007,article:l294,0.75,2,9,"[""additive#0:additive"", ""drying evaporation#1:temperature"", ""drying evaporation#1:time"", ""mixing#0:mixing method"", ""mixing#1:mixing method"", ""mixing#1:time"", ""mixing#2:time""]"
e139-s6-hassinger-2016,article:e139,0.25,0,13,"[""extrusion output#0:inner barrel diameter"", ""extrusion output#0:pressure at die"", ""extrusion output#0:screw channel width"", ""extrusion output#0:screw length""]"
e139-s6-hassinger-2016,article:e139,0.25,1,13,"[""drying evaporation#0:ambient condition"", ""extrusion output#0:equipment type"", ""extrusion output#0:extruder"", ""extrusion output#0:pressure at die""]"
e139-s6-hassinger-2016,article:e139,0.25,2,13,"[""extrusion output#0:extrusion temperature"", ""extrusion output#0:inner barrel diameter"", ""extrusion output#0:pressure at die"", ""extrusion output#0:screw length""]"
e139-s6-hassinger-2016,article:e139,0.5,0,13,"[""drying evaporation#0:ambient condition"", ""extrusion output#0:extruder"", ""extrusion output#0:inner barrel diameter"", ""extrusion output#0:melt temperature"", ""extrusion output#0:pressure at die"", ""extrusion output#0:rotation speed"", ""extrusion output#0:screw diameter""]"
e139-s6-hassinger-2016,article:e139,0.5,1,13,"[""drying evaporation#0:ambient condition"", ""extrusion output#0:extruder"", ""extrusion output#0:melt temperature"", ""extrusion output#0:pressure at die"", ""extrusion output#0:rotation speed"", ""extrusion output#0:screw channel width"", ""extrusion output#0:screw length""]"
e139-s6-hassinger-2016,article:e139,0.5,2,13,"[""drying evaporation#0:ambient condition"", ""extrusion output#0:extrusion temperature"", ""extrusion output#0:inner barrel diameter"", ""extrusion output#0:residence time"", ""extrusion output#0:rotation speed"", ""extrusion output#0:screw diameter"", ""extrusion output#0:screw length""]"
e139-s6-hassinger-2016,article:e139,0.75,0,13,"[""drying evaporation#0:ambient condition"", ""extrusion output#0:extruder"", ""extrusion output#0:extrusion temperature"", ""extrusion output#0:inner barrel diameter"", ""extrusion output#0:melt temperature"", ""extrusion output#0:pressure at die"", ""extrusion output#0:residence time"", ""extrusion output#0:rotation speed"", ""extrusion output#0:screw diameter"", ""extrusion output#0:screw length""]"
e139-s6-hassinger-2016,article:e139,0.75,1,13,"[""extrusion output#0:equipment type"", ""extrusion output#0:extrusion temperature"", ""extrusion output#0:inner barrel diameter"", ""extrusion output#0:melt temperature"", ""extrusion output#0:pressure at die"", ""extrusion output#0:residence time"", ""extrusion output#0:rotation speed"", ""extrusion output#0:screw channel width"", ""extrusion output#0:screw diameter"", ""extrusion output#0:screw length""]"
e139-s6-hassinger-2016,article:e139,0.75,2,13,"[""drying evaporation#0:ambient condition"", ""drying evaporation#0:time"", ""extrusion output#0:equipment type"", ""extrusion output#0:extruder"", ""extrusion output#0:inner barrel diameter"", ""extrusion output#0:melt temperature"", ""extrusion output#0:rotation speed"", ""extrusion output#0:screw channel width"", ""extrusion output#0:screw diameter"", ""extrusion output#0:screw length""]"
l306-s2-jiang-2008,article:l306,0.25,0,7,"[""mixing#0:rotational frequency"", ""mixing#0:time""]"
l306-s2-jiang-2008,article:l306,0.25,1,7,"[""mixing#0:mixer"", ""molding#0:time""]"
l306-s2-jiang-2008,article:l306,0.25,2,7,"[""mixing#0:mixing method"", ""molding#0:temperature""]"
l306-s2-jiang-2008,article:l306,0.5,0,7,"[""mixing#0:mixer"", ""mixing#0:rotational frequency"", ""mixing#0:time"", ""molding#0:time""]"
l306-s2-jiang-2008,article:l306,0.5,1,7,"[""mixing#0:mixer"", ""mixing#0:mixing method"", ""mixing#0:time"", ""molding#0:temperature""]"
l306-s2-jiang-2008,article:l306,0.5,2,7,"[""mixing#0:mixing method"", ""mixing#0:temperature"", ""molding#0:temperature"", ""molding#0:time""]"
l306-s2-jiang-2008,article:l306,0.75,0,7,"[""mixing#0:mixer"", ""mixing#0:mixing method"", ""mixing#0:rotational frequency"", ""mixing#0:temperature"", ""mixing#0:time"", ""molding#0:time""]"
l306-s2-jiang-2008,article:l306,0.75,1,7,"[""mixing#0:mixer"", ""mixing#0:mixing method"", ""mixing#0:rotational frequency"", ""mixing#0:time"", ""molding#0:temperature"", ""molding#0:time""]"
l306-s2-jiang-2008,article:l306,0.75,2,7,"[""mixing#0:mixing method"", ""mixing#0:rotational frequency"", ""mixing#0:temperature"", ""mixing#0:time"", ""molding#0:temperature"", ""molding#0:time""]"
e408-s24-prasad-2021,article:e408,0.25,0,13,"[""drying evaporation#0:ambient condition"", ""extrusion output#0:melt temperature"", ""extrusion output#0:pressure at die"", ""extrusion output#0:screw channel diameter""]"
e408-s24-prasad-2021,article:e408,0.25,1,13,"[""drying evaporation#0:time"", ""extrusion output#0:extruder"", ""extrusion output#0:residence time"", ""extrusion output#0:rotation mode""]"
e408-s24-prasad-2021,article:e408,0.25,2,13,"[""drying evaporation#0:temperature"", ""extrusion output#0:residence time"", ""extrusion output#0:rotation mode"", ""mixing#0:mixing method""]"
e408-s24-prasad-2021,article:e408,0.5,0,13,"[""drying evaporation#0:time"", ""extrusion output#0:equipment type"", ""extrusion output#0:extruder"", ""extrusion output#0:extrusion temperature"", ""extrusion output#0:residence time"", ""extrusion output#0:rotation mode"", ""extrusion output#0:screw channel diameter""]"
e408-s24-prasad-2021,article:e408,0.5,1,13,"[""drying evaporation#0:ambient condition"", ""extrusion output#0:equipment type"", ""extrusion output#0:pressure at die"", ""extrusion output#0:residence time"", ""extrusion output#0:rotation mode"", ""extrusion output#0:screw channel diameter"", ""mixing#0:mixing method""]"
e408-s24-prasad-2021,article:e408,0.5,2,13,"[""drying evaporation#0:temperature"", ""extrusion output#0:extrusion temperature"", ""extrusion output#0:melt temperature"", ""extrusion output#0:pressure at die"", ""extrusion output#0:screw channel diameter"", ""extrusion output#0:screw diameter"", ""mixing#0:mixing method""]"
e408-s24-prasad-2021,article:e408,0.75,0,13,"[""drying evaporation#0:ambient condition"", ""drying evaporation#0:temperature"", ""extrusion output#0:equipment type"", ""extrusion output#0:extruder"", ""extrusion output#0:extrusion temperature"", ""extrusion output#0:melt temperature"", ""extrusion output#0:pressure at die"", ""extrusion output#0:residence time"", ""extrusion output#0:rotation mode"", ""extrusion output#0:screw diameter""]"
e408-s24-prasad-2021,article:e408,0.75,1,13,"[""drying evaporation#0:ambient condition"", ""drying evaporation#0:temperature"", ""drying evaporation#0:time"", ""extrusion output#0:extrusion temperature"", ""extrusion output#0:melt temperature"", ""extrusion output#0:pressure at die"", ""extrusion output#0:residence time"", ""extrusion output#0:rotation mode"", ""extrusion output#0:screw channel diameter"", ""extrusion output#0:screw diameter""]"
e408-s24-prasad-2021,article:e408,0.75,2,13,"[""drying evaporation#0:ambient condition"", ""drying evaporation#0:temperature"", ""drying evaporation#0:time"", ""extrusion output#0:equipment type"", ""extrusion output#0:extruder"", ""extrusion output#0:extrusion temperature"", ""extrusion output#0:residence time"", ""extrusion output#0:rotation mode"", ""extrusion output#0:screw channel diameter"", ""mixing#0:mixing method""]"
l236-s9-fukushima-2012,article:l236,0.25,0,12,"[""mixing#0:temperature"", ""mixing#1:mixing method"", ""mixing#1:rotational frequency""]"
l236-s9-fukushima-2012,article:l236,0.25,1,12,"[""mixing#1:rotational frequency"", ""mixing#1:time"", ""molding#0:temperature""]"
l236-s9-fukushima-2012,article:l236,0.25,2,12,"[""mixing#1:mixer"", ""mixing#1:rotational frequency"", ""mixing#1:time""]"
l236-s9-fukushima-2012,article:l236,0.5,0,12,"[""mixing#0:mixing method"", ""mixing#0:time"", ""mixing#1:mixer"", ""mixing#1:temperature"", ""mixing#1:time"", ""molding#0:temperature""]"
l236-s9-fukushima-2012,article:l236,0.5,1,12,"[""cooling#1:pressure"", ""mixing#0:mixer"", ""mixing#0:mixing method"", ""mixing#0:time"", ""mixing#1:temperature"", ""molding#0:temperature""]"
l236-s9-fukushima-2012,article:l236,0.5,2,12,"[""cooling#1:pressure"", ""mixing#0:mixer"", ""mixing#0:mixing method"", ""mixing#1:mixing method"", ""mixing#1:time"", ""molding#0:temperature""]"
l236-s9-fukushima-2012,article:l236,0.75,0,12,"[""mixing#0:mixer"", ""mixing#0:mixing method"", ""mixing#0:temperature"", ""mixing#0:time"", ""mixing#1:mixer"", ""mixing#1:mixing method"", ""mixing#1:rotational frequency"", ""mixing#1:temperature"", ""mixing#1:time""]"
l236-s9-fukushima-2012,article:l236,0.75,1,12,"[""cooling#1:pressure"", ""mixing#0:mixer"", ""mixing#0:mixing method"", ""mixing#0:rotational frequency"", ""mixing#0:time"", ""mixing#1:mixing method"", ""mixing#1:rotational frequency"", ""mixing#1:temperature"", ""mixing#1:time""]"
l236-s9-fukushima-2012,article:l236,0.75,2,12,"[""mixing#0:mixer"", ""mixing#0:mixing method"", ""mixing#0:rotational frequency"", ""mixing#0:temperature"", ""mixing#0:time"", ""mixing#1:mixer"", ""mixing#1:mixing method"", ""mixing#1:time"", ""molding#0:temperature""]"
l306-s3-jiang-2008,article:l306,0.25,0,7,"[""mixing#0:mixing method"", ""mixing#0:temperature""]"
l306-s3-jiang-2008,article:l306,0.25,1,7,"[""mixing#0:rotational frequency"", ""molding#0:temperature""]"
l306-s3-jiang-2008,article:l306,0.25,2,7,"[""mixing#0:mixing method"", ""mixing#0:rotational frequency""]"
l306-s3-jiang-2008,article:l306,0.5,0,7,"[""mixing#0:mixer"", ""mixing#0:rotational frequency"", ""mixing#0:time"", ""molding#0:time""]"
l306-s3-jiang-2008,article:l306,0.5,1,7,"[""mixing#0:rotational frequency"", ""mixing#0:temperature"", ""mixing#0:time"", ""molding#0:time""]"
l306-s3-jiang-2008,article:l306,0.5,2,7,"[""mixing#0:mixer"", ""mixing#0:mixing method"", ""mixing#0:rotational frequency"", ""molding#0:time""]"
l306-s3-jiang-2008,article:l306,0.75,0,7,"[""mixing#0:mixing method"", ""mixing#0:rotational frequency"", ""mixing#0:temperature"", ""mixing#0:time"", ""molding#0:temperature"", ""molding#0:time""]"
l306-s3-jiang-2008,article:l306,0.75,1,7,"[""mixing#0:mixer"", ""mixing#0:mixing method"", ""mixing#0:rotational frequency"", ""mixing#0:temperature"", ""molding#0:temperature"", ""molding#0:time""]"
l306-s3-jiang-2008,article:l306,0.75,2,7,"[""mixing#0:mixer"", ""mixing#0:rotational frequency"", ""mixing#0:temperature"", ""mixing#0:time"", ""molding#0:temperature"", ""molding#0:time""]"
l120-s2-murugaraj-2005,article:l120,0.25,0,4,"[""drying evaporation#1:temperature""]"
l120-s2-murugaraj-2005,article:l120,0.25,1,4,"[""drying evaporation#1:temperature""]"
l120-s2-murugaraj-2005,article:l120,0.25,2,4,"[""drying evaporation#0:temperature""]"
l120-s2-murugaraj-2005,article:l120,0.5,0,4,"[""drying evaporation#0:temperature"", ""solvent#0:solvent name""]"
l120-s2-murugaraj-2005,article:l120,0.5,1,4,"[""drying evaporation#0:temperature"", ""solvent#0:solvent name""]"
l120-s2-murugaraj-2005,article:l120,0.5,2,4,"[""drying evaporation#0:time"", ""drying evaporation#1:temperature""]"
l120-s2-murugaraj-2005,article:l120,0.75,0,4,"[""drying evaporation#0:temperature"", ""drying evaporation#0:time"", ""solvent#0:solvent name""]"
l120-s2-murugaraj-2005,article:l120,0.75,1,4,"[""drying evaporation#0:temperature"", ""drying evaporation#0:time"", ""drying evaporation#1:temperature""]"
l120-s2-murugaraj-2005,article:l120,0.75,2,4,"[""drying evaporation#0:temperature"", ""drying evaporation#0:time"", ""solvent#0:solvent name""]"
