pair,left,right,replicate,mask,eligible_joint_reported_keys,masked_left_keys,masked_right_keys,bilateral_keys_match
0,l221-s4-dai-2008,l297-s1-shen-2004,0,unilateral,"[""mixing#0:mixing method""]","[""mixing#0:chemical used"", ""mixing#0:mixing method"", ""mixing#1:mixing method""]",[],
0,l221-s4-dai-2008,l297-s1-shen-2004,0,bilateral,"[""mixing#0:mixing method""]","[""mixing#0:mixing method""]","[""mixing#0:mixing method""]",True
0,l221-s4-dai-2008,l297-s1-shen-2004,0,article_block,"[""mixing#0:mixing method""]","[""mixing#0:chemical used"", ""molding#0:temperature""]","[""drying evaporation#0:temperature"", ""drying evaporation#0:time"", ""heating#0:temperature"", ""heating#0:time""]",
1,l154-s3-eitan-2005,e410-s2-prasad-2021,0,unilateral,"[""drying evaporation#0:temperature"", ""drying evaporation#0:time"", ""mixing#0:mixing method""]","[""drying evaporation#0:time"", ""drying evaporation#1:time"", ""mixing#0:mixer"", ""mixing#0:mixing method"", ""mixing#1:mixing method""]",[],
1,l154-s3-eitan-2005,e410-s2-prasad-2021,0,bilateral,"[""drying evaporation#0:temperature"", ""drying evaporation#0:time"", ""mixing#0:mixing method""]","[""drying evaporation#0:time"", ""mixing#0:mixing method""]","[""drying evaporation#0:time"", ""mixing#0:mixing method""]",True
1,l154-s3-eitan-2005,e410-s2-prasad-2021,0,article_block,"[""drying evaporation#0:temperature"", ""drying evaporation#0:time"", ""mixing#0:mixing method""]","[""additive#0:additive"", ""drying evaporation#0:temperature"", ""drying evaporation#1:temperature"", ""mixing#0:mixer""]","[""drying evaporation#0:ambient condition"", ""drying evaporation#0:temperature"", ""drying evaporation#0:time"", ""extrusion output#0:equipment type"", ""extrusion output#0:extruder"", ""extrusion output#0:rotation mode"", ""extrusion output#0:screw channel diameter"", ""extrusion output#0:screw diameter""]",
2,l275-s1-zhou-2006,l137-s8-yang-2014,0,unilateral,"[""mixing#0:mixing method"", ""mixing#0:time""]","[""heating#0:temperature"", ""heating#0:time"", ""heating#2:temperature""]",[],
2,l275-s1-zhou-2006,l137-s8-yang-2014,0,bilateral,"[""mixing#0:mixing method"", ""mixing#0:time""]","[""mixing#0:time""]","[""mixing#0:time""]",True
2,l275-s1-zhou-2006,l137-s8-yang-2014,0,article_block,"[""mixing#0:mixing method"", ""mixing#0:time""]","[""mixing#0:mixing method""]","[""drying evaporation#0:ambient condition"", ""mixing#0:mixing method"", ""mixing#1:mixing method"", ""mixing#2:mixing method"", ""mixing#3:mixing method""]",
3,l121-s8-nelson-2005,l275-s1-zhou-2006,0,unilateral,"[""heating#0:temperature"", ""heating#0:time"", ""mixing#0:mixing method""]","[""drying evaporation#0:temperature"", ""drying evaporation#0:time"", ""drying evaporation#1:ambient condition"", ""drying evaporation#1:temperature"", ""drying evaporation#2:time"", ""heating#0:time"", ""mixing#0:mixing method"", ""mixing#1:mixer"", ""mixing#1:mixing method"", ""mixing#1:temperature""]",[],
3,l121-s8-nelson-2005,l275-s1-zhou-2006,0,bilateral,"[""heating#0:temperature"", ""heating#0:time"", ""mixing#0:mixing method""]","[""heating#0:temperature"", ""mixing#0:mixing method""]","[""heating#0:temperature"", ""mixing#0:mixing method""]",True
3,l121-s8-nelson-2005,l275-s1-zhou-2006,0,article_block,"[""heating#0:temperature"", ""heating#0:time"", ""mixing#0:mixing method""]","[""drying evaporation#0:ambient condition"", ""drying evaporation#0:time"", ""drying evaporation#1:ambient condition"", ""drying evaporation#1:time"", ""drying evaporation#2:time"", ""heating#0:time""]","[""mixing#0:mixing method""]",
4,l258-s4-du-2004,l111-s4-singha-2009,0,unilateral,"[""mixing#0:mixing method""]","[""mixing#0:mixing method""]",[],
4,l258-s4-du-2004,l111-s4-singha-2009,0,bilateral,"[""mixing#0:mixing method""]","[""mixing#0:mixing method""]","[""mixing#0:mixing method""]",True
4,l258-s4-du-2004,l111-s4-singha-2009,0,article_block,"[""mixing#0:mixing method""]",[],"[""drying evaporation#0:ambient condition"", ""drying evaporation#0:temperature"", ""drying evaporation#1:temperature"", ""drying evaporation#2:ambient condition"", ""drying evaporation#2:temperature"", ""drying evaporation#3:ambient condition"", ""mixing#0:mixer"", ""mixing#1:rotational frequency"", ""mixing#2:mixer"", ""molding#1:temperature""]",
5,l304-s3-stockelhuber-2011,l229-s7-bao-2011,0,unilateral,"[""mixing#0:mixing method""]",[],[],
5,l304-s3-stockelhuber-2011,l229-s7-bao-2011,0,bilateral,"[""mixing#0:mixing method""]","[""mixing#0:mixing method""]","[""mixing#0:mixing method""]",True
5,l304-s3-stockelhuber-2011,l229-s7-bao-2011,0,article_block,"[""mixing#0:mixing method""]","[""mixing#0:mixer"", ""mixing#0:mixing method"", ""mixing#0:time""]","[""heating#0:temperature"", ""heating#1:temperature"", ""heating#2:temperature"", ""heating#2:time"", ""heating#3:temperature"", ""heating#3:time"", ""mixing#0:mixing method"", ""mixing#1:mixing method"", ""mixing#1:time"", ""mixing#2:mixing method"", ""mixing#2:temperature"", ""mixing#3:mixing method"", ""mixing#3:time""]",
6,l174-s6-ramanathan-2008,l121-s8-nelson-2005,0,unilateral,"[""mixing#0:mixing method"", ""mixing#1:mixing method""]","[""mixing#0:mixing method"", ""mixing#1:time""]",[],
6,l174-s6-ramanathan-2008,l121-s8-nelson-2005,0,bilateral,"[""mixing#0:mixing method"", ""mixing#1:mixing method""]","[""mixing#0:mixing method""]","[""mixing#0:mixing method""]",True
6,l174-s6-ramanathan-2008,l121-s8-nelson-2005,0,article_block,"[""mixing#0:mixing method"", ""mixing#1:mixing method""]","[""mixing#1:time""]","[""drying evaporation#0:ambient condition"", ""drying evaporation#0:time"", ""drying evaporation#1:ambient condition"", ""drying evaporation#1:time"", ""drying evaporation#2:time"", ""heating#0:time""]",
7,l278-s2-choi-2001,l318-s3-patsidis-2014,0,unilateral,"[""mixing#0:mixing method"", ""mixing#0:rotational frequency"", ""mixing#0:time"", ""mixing#1:mixing method"", ""mixing#1:time""]","[""drying evaporation#0:time"", ""drying evaporation#1:temperature"", ""mixing#0:mixing method"", ""mixing#0:rotational frequency"", ""mixing#1:time"", ""mixing#2:mixing method"", ""mixing#2:temperature"", ""molding#0:pressure""]",[],
7,l278-s2-choi-2001,l318-s3-patsidis-2014,0,bilateral,"[""mixing#0:mixing method"", ""mixing#0:rotational frequency"", ""mixing#0:time"", ""mixing#1:mixing method"", ""mixing#1:time""]","[""mixing#0:rotational frequency"", ""mixing#0:time"", ""mixing#1:mixing method""]","[""mixing#0:rotational frequency"", ""mixing#0:time"", ""mixing#1:mixing method""]",True
7,l278-s2-choi-2001,l318-s3-patsidis-2014,0,article_block,"[""mixing#0:mixing method"", ""mixing#0:rotational frequency"", ""mixing#0:time"", ""mixing#1:mixing method"", ""mixing#1:time""]","[""drying evaporation#0:time"", ""drying evaporation#1:temperature"", ""drying evaporation#1:time"", ""mixing#0:rotational frequency"", ""mixing#0:time"", ""mixing#1:temperature"", ""mixing#1:time"", ""mixing#2:temperature"", ""mixing#2:time"", ""molding#0:pressure"", ""solvent#0:solvent name""]","[""mixing#0:mixing method"", ""mixing#1:mixing method""]",
8,l221-s8-dai-2008,l325-s5-manafi-2015,0,unilateral,"[""mixing#0:mixing method"", ""mixing#0:time"", ""mixing#1:mixing method""]","[""mixing#0:time"", ""mixing#1:mixing method"", ""mixing#1:time"", ""molding#0:temperature""]",[],
8,l221-s8-dai-2008,l325-s5-manafi-2015,0,bilateral,"[""mixing#0:mixing method"", ""mixing#0:time"", ""mixing#1:mixing method""]",[],[],True
8,l221-s8-dai-2008,l325-s5-manafi-2015,0,article_block,"[""mixing#0:mixing method"", ""mixing#0:time"", ""mixing#1:mixing method""]","[""mixing#0:chemical used"", ""molding#0:temperature""]","[""drying evaporation#0:ambient condition"", ""drying evaporation#0:time"", ""heating#0:time"", ""mixing#0:time"", ""mixing#2:time"", ""mixing#3:time""]",
9,l262-s5-oyarzabal-2016,l397-s1-tuncer-2007,0,unilateral,[],"[""mixing#0:mixer"", ""mixing#0:temperature""]",[],
9,l262-s5-oyarzabal-2016,l397-s1-tuncer-2007,0,bilateral,[],[],[],True
9,l262-s5-oyarzabal-2016,l397-s1-tuncer-2007,0,article_block,[],"[""mixing#0:temperature"", ""molding#0:temperature""]","[""curing#0:ambient condition"", ""curing#0:temperature""]",
10,l200-s4-schoch-2008,l221-s4-dai-2008,0,unilateral,"[""mixing#0:mixing method"", ""mixing#0:time"", ""mixing#1:mixing method"", ""mixing#1:time""]","[""mixing#0:temperature"", ""mixing#1:time"", ""mixing#2:mixing method""]",[],
10,l200-s4-schoch-2008,l221-s4-dai-2008,0,bilateral,"[""mixing#0:mixing method"", ""mixing#0:time"", ""mixing#1:mixing method"", ""mixing#1:time""]","[""mixing#0:mixing method"", ""mixing#1:time""]","[""mixing#0:mixing method"", ""mixing#1:time""]",True
10,l200-s4-schoch-2008,l221-s4-dai-2008,0,article_block,"[""mixing#0:mixing method"", ""mixing#0:time"", ""mixing#1:mixing method"", ""mixing#1:time""]","[""mixing#0:time"", ""mixing#1:time""]","[""mixing#0:chemical used"", ""molding#0:temperature""]",
11,e410-s2-prasad-2021,l294-s6-sarwar-2007,0,unilateral,"[""drying evaporation#0:temperature"", ""mixing#0:mixing method""]","[""drying evaporation#0:time"", ""extrusion output#0:equipment type"", ""extrusion output#0:melt temperature""]",[],
11,e410-s2-prasad-2021,l294-s6-sarwar-2007,0,bilateral,"[""drying evaporation#0:temperature"", ""mixing#0:mixing method""]","[""drying evaporation#0:temperature""]","[""drying evaporation#0:temperature""]",True
11,e410-s2-prasad-2021,l294-s6-sarwar-2007,0,article_block,"[""drying evaporation#0:temperature"", ""mixing#0:mixing method""]","[""drying evaporation#0:ambient condition"", ""drying evaporation#0:temperature"", ""drying evaporation#0:time"", ""extrusion output#0:equipment type"", ""extrusion output#0:extruder"", ""extrusion output#0:rotation mode"", ""extrusion output#0:screw channel diameter"", ""extrusion output#0:screw diameter""]","[""drying evaporation#0:temperature"", ""drying evaporation#1:temperature"", ""drying evaporation#1:time"", ""mixing#1:time"", ""mixing#2:time""]",
12,l171-s15-rittigstein-2006,l287-s2-jang-2008,0,unilateral,"[""mixing#0:mixing method"", ""solvent#0:solvent name""]","[""cooling#0:temperature"", ""cooling#1:temperature"", ""cooling#1:time"", ""drying evaporation#0:time"", ""mixing#0:mixer"", ""mixing#0:mixing method"", ""solvent#0:solvent name""]",[],
12,l171-s15-rittigstein-2006,l287-s2-jang-2008,0,bilateral,"[""mixing#0:mixing method"", ""solvent#0:solvent name""]","[""mixing#0:mixing method"", ""solvent#0:solvent name""]","[""mixing#0:mixing method"", ""solvent#0:solvent name""]",True
12,l171-s15-rittigstein-2006,l287-s2-jang-2008,0,article_block,"[""mixing#0:mixing method"", ""solvent#0:solvent name""]","[""cooling#0:temperature"", ""cooling#0:time"", ""cooling#1:temperature"", ""cooling#1:time"", ""drying evaporation#0:time"", ""mixing#0:time"", ""solvent#0:solvent name""]","[""drying evaporation#0:ambient condition"", ""drying evaporation#0:temperature"", ""drying evaporation#1:ambient condition"", ""drying evaporation#1:temperature"", ""drying evaporation#1:time"", ""heating#0:ambient condition"", ""heating#0:temperature"", ""heating#0:time"", ""heating#1:temperature"", ""heating#1:time"", ""mixing#0:mixing method"", ""mixing#1:mixing method"", ""mixing#1:time"", ""mixing#2:mixing method"", ""mixing#2:temperature"", ""mixing#2:time"", ""solvent#0:solvent name""]",
13,l314-s4-diezpascual-2011,l266-s8-kalaitzidou-2007,0,unilateral,"[""mixing#0:time""]","[""drying evaporation#0:ambient condition"", ""drying evaporation#0:time"", ""mixing#1:time"", ""mixing#2:mixing method"", ""mixing#2:time"", ""molding#0:temperature""]",[],
13,l314-s4-diezpascual-2011,l266-s8-kalaitzidou-2007,0,bilateral,"[""mixing#0:time""]","[""mixing#0:time""]","[""mixing#0:time""]",True
13,l314-s4-diezpascual-2011,l266-s8-kalaitzidou-2007,0,article_block,"[""mixing#0:time""]","[""mixing#0:mixing method"", ""mixing#1:mixing method"", ""mixing#2:mixing method"", ""molding#0:temperature""]","[""extrusion#0:rotation mode"", ""mixing#0:mixer""]",
14,l383-s1-sadeghi-2017,l136-s5-vescovo-2010,0,unilateral,"[""mixing#0:mixing method""]","[""mixing#0:mixer"", ""mixing#0:mixing method"", ""mixing#0:rotational frequency""]",[],
14,l383-s1-sadeghi-2017,l136-s5-vescovo-2010,0,bilateral,"[""mixing#0:mixing method""]","[""mixing#0:mixing method""]","[""mixing#0:mixing method""]",True
14,l383-s1-sadeghi-2017,l136-s5-vescovo-2010,0,article_block,"[""mixing#0:mixing method""]","[""mixing#0:rotational frequency"", ""mixing#0:time""]",[],
15,l229-s7-bao-2011,l260-s5-haggenmueller-2006,0,unilateral,"[""mixing#0:mixing method"", ""mixing#1:mixing method""]","[""heating#0:ambient condition"", ""heating#0:temperature"", ""heating#3:temperature"", ""mixing#0:mixing method"", ""mixing#1:time"", ""mixing#2:temperature"", ""mixing#3:mixing method"", ""mixing#3:time""]",[],
15,l229-s7-bao-2011,l260-s5-haggenmueller-2006,0,bilateral,"[""mixing#0:mixing method"", ""mixing#1:mixing method""]","[""mixing#1:mixing method""]","[""mixing#1:mixing method""]",True
15,l229-s7-bao-2011,l260-s5-haggenmueller-2006,0,article_block,"[""mixing#0:mixing method"", ""mixing#1:mixing method""]","[""heating#0:temperature"", ""heating#1:temperature"", ""heating#2:temperature"", ""heating#2:time"", ""heating#3:temperature"", ""heating#3:time"", ""mixing#0:mixing method"", ""mixing#1:mixing method"", ""mixing#1:time"", ""mixing#2:mixing method"", ""mixing#2:temperature"", ""mixing#3:mixing method"", ""mixing#3:time""]","[""mixing#0:mixer"", ""mixing#0:time""]",
16,l171-s15-rittigstein-2006,l392-s1-wang-2020,0,unilateral,"[""drying evaporation#0:time""]","[""mixing#0:mixer"", ""mixing#0:mixing method"", ""mixing#0:time"", ""solvent#0:solvent name""]",[],
16,l171-s15-rittigstein-2006,l392-s1-wang-2020,0,bilateral,"[""drying evaporation#0:time""]","[""drying evaporation#0:time""]","[""drying evaporation#0:time""]",True
16,l171-s15-rittigstein-2006,l392-s1-wang-2020,0,article_block,"[""drying evaporation#0:time""]","[""cooling#0:temperature"", ""cooling#0:time"", ""cooling#1:temperature"", ""cooling#1:time"", ""drying evaporation#0:time"", ""mixing#0:time"", ""solvent#0:solvent name""]","[""additive#0:additive"", ""drying evaporation#0:temperature"", ""drying evaporation#0:time"", ""heating#0:temperature"", ""heating#0:time"", ""heating#1:temperature"", ""heating#1:time"", ""heating#2:temperature""]",
17,l142-s2-gao-2014,l267-s3-kim-2006,0,unilateral,"[""heating#0:temperature"", ""heating#0:time"", ""mixing#0:mixing method"", ""mixing#0:time""]","[""drying evaporation#0:temperature"", ""drying evaporation#1:ambient condition"", ""drying evaporation#1:time"", ""heating#0:temperature"", ""mixing#0:mixing method"", ""mixing#0:time"", ""mixing#2:time""]",[],
17,l142-s2-gao-2014,l267-s3-kim-2006,0,bilateral,"[""heating#0:temperature"", ""heating#0:time"", ""mixing#0:mixing method"", ""mixing#0:time""]","[""heating#0:temperature"", ""heating#0:time"", ""mixing#0:mixing method""]","[""heating#0:temperature"", ""heating#0:time"", ""mixing#0:mixing method""]",True
17,l142-s2-gao-2014,l267-s3-kim-2006,0,article_block,"[""heating#0:temperature"", ""heating#0:time"", ""mixing#0:mixing method"", ""mixing#0:time""]","[""drying evaporation#0:temperature"", ""drying evaporation#1:ambient condition"", ""drying evaporation#1:temperature"", ""heating#0:temperature"", ""mixing#0:mixing method"", ""mixing#1:mixing method"", ""mixing#2:mixing method"", ""mixing#3:mixing method""]","[""mixing#0:mixing method""]",
18,l180-s3-maillard-2012,l111-s4-singha-2009,0,unilateral,"[""mixing#0:mixing method""]","[""heating#0:ambient condition"", ""heating#0:pressure"", ""heating#0:temperature"", ""mixing#0:time"", ""molding#0:ambient condition"", ""molding#0:time""]",[],
18,l180-s3-maillard-2012,l111-s4-singha-2009,0,bilateral,"[""mixing#0:mixing method""]","[""mixing#0:mixing method""]","[""mixing#0:mixing method""]",True
18,l180-s3-maillard-2012,l111-s4-singha-2009,0,article_block,"[""mixing#0:mixing method""]","[""heating#0:ambient condition"", ""heating#0:pressure"", ""molding#0:ambient condition""]","[""drying evaporation#0:ambient condition"", ""drying evaporation#0:temperature"", ""drying evaporation#1:temperature"", ""drying evaporation#2:ambient condition"", ""drying evaporation#2:temperature"", ""drying evaporation#3:ambient condition"", ""mixing#0:mixer"", ""mixing#1:rotational frequency"", ""mixing#2:mixer"", ""molding#1:temperature""]",
19,e410-s2-prasad-2021,l306-s3-jiang-2008,0,unilateral,"[""mixing#0:mixing method""]","[""extrusion output#0:extruder"", ""extrusion output#0:rotation mode"", ""mixing#0:mixing method""]",[],
19,e410-s2-prasad-2021,l306-s3-jiang-2008,0,bilateral,"[""mixing#0:mixing method""]","[""mixing#0:mixing method""]","[""mixing#0:mixing method""]",True
19,e410-s2-prasad-2021,l306-s3-jiang-2008,0,article_block,"[""mixing#0:mixing method""]","[""drying evaporation#0:ambient condition"", ""drying evaporation#0:temperature"", ""drying evaporation#0:time"", ""extrusion output#0:equipment type"", ""extrusion output#0:extruder"", ""extrusion output#0:rotation mode"", ""extrusion output#0:screw channel diameter"", ""extrusion output#0:screw diameter""]",[],
20,l229-s2-bao-2011,l146-s3-tao-2011,0,unilateral,[],"[""heating#0:temperature"", ""heating#2:time"", ""mixing#0:mixing method"", ""mixing#1:mixing method"", ""mixing#1:time"", ""mixing#2:temperature""]",[],
20,l229-s2-bao-2011,l146-s3-tao-2011,0,bilateral,[],[],[],True
20,l229-s2-bao-2011,l146-s3-tao-2011,0,article_block,[],"[""heating#0:temperature"", ""heating#1:temperature"", ""heating#2:temperature"", ""heating#2:time"", ""heating#3:temperature"", ""heating#3:time"", ""mixing#0:mixing method"", ""mixing#1:mixing method"", ""mixing#1:time"", ""mixing#2:mixing method"", ""mixing#2:temperature"", ""mixing#3:mixing method"", ""mixing#3:time""]","[""solvent#0:solvent name""]",
21,l396-s6-ghosh-2013,l310-s5-chatterjee-2007,0,unilateral,"[""heating#0:temperature"", ""mixing#0:mixer"", ""mixing#0:mixing method""]","[""extrusion#0:equipment type"", ""extrusion#0:extruder"", ""heating#0:temperature"", ""heating#1:ambient condition"", ""heating#1:temperature"", ""mixing#0:mixer"", ""mixing#0:mixing method""]",[],
21,l396-s6-ghosh-2013,l310-s5-chatterjee-2007,0,bilateral,"[""heating#0:temperature"", ""mixing#0:mixer"", ""mixing#0:mixing method""]","[""mixing#0:mixer"", ""mixing#0:mixing method""]","[""mixing#0:mixer"", ""mixing#0:mixing method""]",True
21,l396-s6-ghosh-2013,l310-s5-chatterjee-2007,0,article_block,"[""heating#0:temperature"", ""mixing#0:mixer"", ""mixing#0:mixing method""]","[""extrusion#0:equipment type"", ""mixing#0:mixer"", ""mixing#0:mixing method""]","[""heating#0:time"", ""mixing#0:mixer"", ""mixing#0:time"", ""mixing#1:time"", ""molding#0:time""]",
22,l380-s1-zhao-2017,l266-s8-kalaitzidou-2007,0,unilateral,"[""mixing#0:mixer"", ""mixing#0:temperature"", ""mixing#0:time""]","[""mixing#0:mixer"", ""mixing#0:mixing method"", ""mixing#0:temperature""]",[],
22,l380-s1-zhao-2017,l266-s8-kalaitzidou-2007,0,bilateral,"[""mixing#0:mixer"", ""mixing#0:temperature"", ""mixing#0:time""]","[""mixing#0:time""]","[""mixing#0:time""]",True
22,l380-s1-zhao-2017,l266-s8-kalaitzidou-2007,0,article_block,"[""mixing#0:mixer"", ""mixing#0:temperature"", ""mixing#0:time""]","[""mixing#0:mixer""]","[""extrusion#0:rotation mode"", ""mixing#0:mixer""]",
23,l279-s1-motaung-2012,l285-s3-pham-2012,0,unilateral,"[""molding#0:temperature"", ""molding#0:time""]","[""mixing#0:rotational frequency"", ""mixing#0:temperature"", ""mixing#0:time"", ""molding#0:temperature""]",[],
23,l279-s1-motaung-2012,l285-s3-pham-2012,0,bilateral,"[""molding#0:temperature"", ""molding#0:time""]","[""molding#0:time""]","[""molding#0:time""]",True
23,l279-s1-motaung-2012,l285-s3-pham-2012,0,article_block,"[""molding#0:temperature"", ""molding#0:time""]","[""mixing#0:mixer"", ""mixing#0:time"", ""molding#0:time""]","[""molding#0:pressure"", ""molding#0:time""]",
24,l225-s1-ma-2007,l118-s1-fidelus-2005,0,unilateral,"[""heating#0:temperature"", ""heating#0:time""]","[""heating#0:temperature"", ""heating#0:time""]",[],
24,l225-s1-ma-2007,l118-s1-fidelus-2005,0,bilateral,"[""heating#0:temperature"", ""heating#0:time""]","[""heating#0:temperature""]","[""heating#0:temperature""]",True
24,l225-s1-ma-2007,l118-s1-fidelus-2005,0,article_block,"[""heating#0:temperature"", ""heating#0:time""]","[""heating#0:temperature"", ""heating#0:time"", ""molding#0:temperature"", ""molding#0:time""]","[""drying evaporation#0:temperature"", ""drying evaporation#1:ambient condition"", ""heating#0:temperature""]",
25,l146-s3-tao-2011,l392-s1-wang-2020,0,unilateral,[],"[""solvent#0:solvent name""]",[],
25,l146-s3-tao-2011,l392-s1-wang-2020,0,bilateral,[],[],[],True
25,l146-s3-tao-2011,l392-s1-wang-2020,0,article_block,[],"[""solvent#0:solvent name""]","[""additive#0:additive"", ""drying evaporation#0:temperature"", ""drying evaporation#0:time"", ""heating#0:temperature"", ""heating#0:time"", ""heating#1:temperature"", ""heating#1:time"", ""heating#2:temperature""]",
26,l111-s3-singha-2009,l297-s1-shen-2004,0,unilateral,"[""drying evaporation#0:ambient condition"", ""drying evaporation#0:temperature"", ""drying evaporation#0:time"", ""mixing#0:mixing method""]","[""additive#1:additive"", ""drying evaporation#0:ambient condition"", ""drying evaporation#0:temperature"", ""drying evaporation#4:time"", ""mixing#0:mixer"", ""mixing#2:mixer"", ""molding#1:time""]",[],
26,l111-s3-singha-2009,l297-s1-shen-2004,0,bilateral,"[""drying evaporation#0:ambient condition"", ""drying evaporation#0:temperature"", ""drying evaporation#0:time"", ""mixing#0:mixing method""]","[""drying evaporation#0:ambient condition"", ""drying evaporation#0:time"", ""mixing#0:mixing method""]","[""drying evaporation#0:ambient condition"", ""drying evaporation#0:time"", ""mixing#0:mixing method""]",True
26,l111-s3-singha-2009,l297-s1-shen-2004,0,article_block,"[""drying evaporation#0:ambient condition"", ""drying evaporation#0:temperature"", ""drying evaporation#0:time"", ""mixing#0:mixing method""]","[""drying evaporation#0:ambient condition"", ""drying evaporation#0:temperature"", ""drying evaporation#1:temperature"", ""drying evaporation#2:ambient condition"", ""drying evaporation#2:temperature"", ""drying evaporation#3:ambient condition"", ""mixing#0:mixer"", ""mixing#1:rotational frequency"", ""mixing#2:mixer"", ""molding#1:temperature""]","[""drying evaporation#0:temperature"", ""drying evaporation#0:time"", ""heating#0:temperature"", ""heating#0:time""]",
27,l209-s7-ash-2001,l318-s4-patsidis-2014,0,unilateral,[],"[""drying evaporation#0:time""]",[],
27,l209-s7-ash-2001,l318-s4-patsidis-2014,0,bilateral,[],[],[],True
27,l209-s7-ash-2001,l318-s4-patsidis-2014,0,article_block,[],"[""drying evaporation#0:time""]","[""mixing#0:mixing method"", ""mixing#1:mixing method""]",
28,l310-s5-chatterjee-2007,l316-s10-chandrasekaran-2013,0,unilateral,"[""heating#0:temperature"", ""heating#0:time"", ""mixing#0:mixing method"", ""mixing#0:time"", ""mixing#1:mixing method"", ""mixing#1:time""]","[""heating#0:temperature"", ""heating#0:time"", ""mixing#0:mixer"", ""mixing#0:time"", ""molding#0:temperature""]",[],
28,l310-s5-chatterjee-2007,l316-s10-chandrasekaran-2013,0,bilateral,"[""heating#0:temperature"", ""heating#0:time"", ""mixing#0:mixing method"", ""mixing#0:time"", ""mixing#1:mixing method"", ""mixing#1:time""]","[""heating#0:time"", ""mixing#0:mixing method"", ""mixing#0:time"", ""mixing#1:mixing method"", ""mixing#1:time""]","[""heating#0:time"", ""mixing#0:mixing method"", ""mixing#0:time"", ""mixing#1:mixing method"", ""mixing#1:time""]",True
28,l310-s5-chatterjee-2007,l316-s10-chandrasekaran-2013,0,article_block,"[""heating#0:temperature"", ""heating#0:time"", ""mixing#0:mixing method"", ""mixing#0:time"", ""mixing#1:mixing method"", ""mixing#1:time""]","[""heating#0:time"", ""mixing#0:mixer"", ""mixing#0:time"", ""mixing#1:time"", ""molding#0:time""]","[""heating#0:time"", ""heating#2:time"", ""heating#3:time"", ""mixing#0:mixing method"", ""mixing#0:time"", ""mixing#1:mixing method"", ""mixing#1:rotational frequency"", ""mixing#1:time"", ""mixing#2:time""]",
29,l304-s3-stockelhuber-2011,l260-s5-haggenmueller-2006,0,unilateral,"[""mixing#0:mixer"", ""mixing#0:mixing method"", ""mixing#0:time""]","[""mixing#0:mixer""]",[],
29,l304-s3-stockelhuber-2011,l260-s5-haggenmueller-2006,0,bilateral,"[""mixing#0:mixer"", ""mixing#0:mixing method"", ""mixing#0:time""]",[],[],True
29,l304-s3-stockelhuber-2011,l260-s5-haggenmueller-2006,0,article_block,"[""mixing#0:mixer"", ""mixing#0:mixing method"", ""mixing#0:time""]","[""mixing#0:mixer"", ""mixing#0:mixing method"", ""mixing#0:time""]","[""mixing#0:mixer"", ""mixing#0:time""]",
30,l140-s9-gao-2012,l276-s3-huang-2009,0,unilateral,[],"[""mixing#1:mixer"", ""molding#0:time"", ""molding#1:temperature""]",[],
30,l140-s9-gao-2012,l276-s3-huang-2009,0,bilateral,[],[],[],True
30,l140-s9-gao-2012,l276-s3-huang-2009,0,article_block,[],"[""molding#0:temperature"", ""molding#1:temperature""]","[""extrusion#0:equipment type"", ""extrusion#0:rotation speed""]",
31,l225-s1-ma-2007,l376-s6-carroll-2017,0,unilateral,[],"[""molding#0:time""]",[],
31,l225-s1-ma-2007,l376-s6-carroll-2017,0,bilateral,[],[],[],True
31,l225-s1-ma-2007,l376-s6-carroll-2017,0,article_block,[],"[""heating#0:temperature"", ""heating#0:time"", ""molding#0:temperature"", ""molding#0:time""]","[""additive#0:additive"", ""drying evaporation#0:ambient condition"", ""drying evaporation#1:ambient condition"", ""drying evaporation#1:pressure"", ""drying evaporation#2:ambient condition"", ""drying evaporation#2:pressure""]",
32,l325-s5-manafi-2015,l375-s1-rishi-2018,0,unilateral,"[""mixing#0:mixing method"", ""mixing#0:time""]","[""drying evaporation#0:ambient condition"", ""drying evaporation#0:temperature"", ""heating#0:time"", ""mixing#0:mixing method""]",[],
32,l325-s5-manafi-2015,l375-s1-rishi-2018,0,bilateral,"[""mixing#0:mixing method"", ""mixing#0:time""]","[""mixing#0:time""]","[""mixing#0:time""]",True
32,l325-s5-manafi-2015,l375-s1-rishi-2018,0,article_block,"[""mixing#0:mixing method"", ""mixing#0:time""]","[""drying evaporation#0:ambient condition"", ""drying evaporation#0:time"", ""heating#0:time"", ""mixing#0:time"", ""mixing#2:time"", ""mixing#3:time""]","[""mixing#0:mixer"", ""mixing#0:mixing method"", ""mixing#0:rotational frequency"", ""mixing#0:time""]",
33,l254-s7-castillo-2011,l285-s3-pham-2012,0,unilateral,[],"[""drying evaporation#0:temperature"", ""drying evaporation#0:time"", ""mixing#0:mixing method"", ""mixing#0:rotational frequency"", ""mixing#0:temperature"", ""mixing#0:time""]",[],
33,l254-s7-castillo-2011,l285-s3-pham-2012,0,bilateral,[],[],[],True
33,l254-s7-castillo-2011,l285-s3-pham-2012,0,article_block,[],"[""drying evaporation#0:time"", ""heating#0:time"", ""mixing#0:mixer"", ""mixing#0:mixing method"", ""mixing#0:rotational frequency"", ""mixing#0:time""]","[""molding#0:pressure"", ""molding#0:time""]",
34,l196-s4-petersson-2006,l316-s3-chandrasekaran-2013,0,unilateral,"[""heating#0:temperature"", ""mixing#0:mixer"", ""mixing#0:mixing method"", ""mixing#1:time""]","[""additive#0:additive"", ""mixing#0:time"", ""mixing#1:mixing method"", ""molding#0:time""]",[],
34,l196-s4-petersson-2006,l316-s3-chandrasekaran-2013,0,bilateral,"[""heating#0:temperature"", ""mixing#0:mixer"", ""mixing#0:mixing method"", ""mixing#1:time""]",[],[],True
34,l196-s4-petersson-2006,l316-s3-chandrasekaran-2013,0,article_block,"[""heating#0:temperature"", ""mixing#0:mixer"", ""mixing#0:mixing method"", ""mixing#1:time""]","[""heating#0:ambient condition"", ""heating#0:temperature"", ""mixing#0:mixing method"", ""mixing#1:mixing method""]","[""heating#1:time"", ""heating#2:time"", ""mixing#0:mixing method"", ""mixing#1:time""]",
35,l324-s5-zhu-2017,l276-s3-huang-2009,0,unilateral,"[""drying evaporation#0:temperature"", ""drying evaporation#0:time""]","[""drying evaporation#0:ambient condition"", ""drying evaporation#0:temperature"", ""drying evaporation#0:time"", ""molding#0:temperature"", ""molding#0:time""]",[],
35,l324-s5-zhu-2017,l276-s3-huang-2009,0,bilateral,"[""drying evaporation#0:temperature"", ""drying evaporation#0:time""]",[],[],True
35,l324-s5-zhu-2017,l276-s3-huang-2009,0,article_block,"[""drying evaporation#0:temperature"", ""drying evaporation#0:time""]","[""drying evaporation#0:ambient condition"", ""drying evaporation#0:time"", ""molding#0:time""]","[""extrusion#0:equipment type"", ""extrusion#0:rotation speed""]",
36,e116-s21-prasad-2018,l282-s3-cui-2008,0,unilateral,"[""drying evaporation#0:ambient condition"", ""drying evaporation#0:time""]","[""drying evaporation#0:time"", ""extrusion#0:equipment type"", ""extrusion#0:extrusion temperature"", ""extrusion#0:residence time"", ""extrusion#0:rotation mode"", ""extrusion#0:rotation speed""]",[],
36,e116-s21-prasad-2018,l282-s3-cui-2008,0,bilateral,"[""drying evaporation#0:ambient condition"", ""drying evaporation#0:time""]",[],[],True
36,e116-s21-prasad-2018,l282-s3-cui-2008,0,article_block,"[""drying evaporation#0:ambient condition"", ""drying evaporation#0:time""]","[""extrusion#0:equipment type""]","[""drying evaporation#0:ambient condition"", ""drying evaporation#0:time"", ""drying evaporation#1:ambient condition"", ""drying evaporation#1:time"", ""mixing#0:time"", ""mixing#1:time"", ""mixing#2:time""]",
37,l313-s2-huang-2014,l297-s1-shen-2004,0,unilateral,"[""drying evaporation#0:temperature"", ""drying evaporation#0:time""]","[""drying evaporation#0:time"", ""drying evaporation#1:temperature"", ""molding#0:temperature""]",[],
37,l313-s2-huang-2014,l297-s1-shen-2004,0,bilateral,"[""drying evaporation#0:temperature"", ""drying evaporation#0:time""]","[""drying evaporation#0:temperature""]","[""drying evaporation#0:temperature""]",True
37,l313-s2-huang-2014,l297-s1-shen-2004,0,article_block,"[""drying evaporation#0:temperature"", ""drying evaporation#0:time""]","[""drying evaporation#0:temperature"", ""drying evaporation#1:temperature"", ""mixing#0:temperature"", ""molding#0:temperature""]","[""drying evaporation#0:temperature"", ""drying evaporation#0:time"", ""heating#0:temperature"", ""heating#0:time""]",
38,l302-s3-bandyopadhyay-2005,l388-s1-benes-2018,0,unilateral,"[""additive#0:additive"", ""mixing#0:mixing method""]","[""mixing#0:temperature"", ""mixing#1:time"", ""solvent#0:solvent name""]",[],
38,l302-s3-bandyopadhyay-2005,l388-s1-benes-2018,0,bilateral,"[""additive#0:additive"", ""mixing#0:mixing method""]","[""additive#0:additive"", ""mixing#0:mixing method""]","[""additive#0:additive"", ""mixing#0:mixing method""]",True
38,l302-s3-bandyopadhyay-2005,l388-s1-benes-2018,0,article_block,"[""additive#0:additive"", ""mixing#0:mixing method""]","[""mixing#0:mixing method"", ""mixing#1:mixing method""]","[""additive#0:additive"", ""additive#1:additive"", ""curing#0:time"", ""curing#1:time"", ""heating#0:time""]",
39,l121-s8-nelson-2005,l310-s5-chatterjee-2007,0,unilateral,"[""heating#0:temperature"", ""heating#0:time"", ""mixing#0:mixing method"", ""mixing#1:mixing method""]","[""drying evaporation#0:ambient condition"", ""drying evaporation#0:time"", ""drying evaporation#1:ambient condition"", ""drying evaporation#1:time"", ""mixing#0:mixing method"", ""mixing#1:mixing method"", ""mixing#1:temperature""]",[],
39,l121-s8-nelson-2005,l310-s5-chatterjee-2007,0,bilateral,"[""heating#0:temperature"", ""heating#0:time"", ""mixing#0:mixing method"", ""mixing#1:mixing method""]","[""heating#0:temperature"", ""heating#0:time"", ""mixing#0:mixing method""]","[""heating#0:temperature"", ""heating#0:time"", ""mixing#0:mixing method""]",True
39,l121-s8-nelson-2005,l310-s5-chatterjee-2007,0,article_block,"[""heating#0:temperature"", ""heating#0:time"", ""mixing#0:mixing method"", ""mixing#1:mixing method""]","[""drying evaporation#0:ambient condition"", ""drying evaporation#0:time"", ""drying evaporation#1:ambient condition"", ""drying evaporation#1:time"", ""drying evaporation#2:time"", ""heating#0:time""]","[""heating#0:time"", ""mixing#0:mixer"", ""mixing#0:time"", ""mixing#1:time"", ""molding#0:time""]",
40,l209-s7-ash-2001,l191-s2-xie-2004,0,unilateral,[],"[""drying evaporation#0:time""]",[],
40,l209-s7-ash-2001,l191-s2-xie-2004,0,bilateral,[],[],[],True
40,l209-s7-ash-2001,l191-s2-xie-2004,0,article_block,[],"[""drying evaporation#0:time""]","[""mixing#0:temperature"", ""mixing#2:temperature"", ""mixing#2:time"", ""molding#0:temperature"", ""molding#0:time""]",
41,l380-s1-zhao-2017,l386-s54-jimenez-2019,0,unilateral,"[""mixing#0:mixing method"", ""mixing#0:temperature"", ""mixing#0:time""]","[""mixing#0:mixer"", ""mixing#0:mixing method"", ""mixing#0:temperature"", ""mixing#0:time""]",[],
41,l380-s1-zhao-2017,l386-s54-jimenez-2019,0,bilateral,"[""mixing#0:mixing method"", ""mixing#0:temperature"", ""mixing#0:time""]","[""mixing#0:temperature""]","[""mixing#0:temperature""]",True
41,l380-s1-zhao-2017,l386-s54-jimenez-2019,0,article_block,"[""mixing#0:mixing method"", ""mixing#0:temperature"", ""mixing#0:time""]","[""mixing#0:mixer""]","[""drying evaporation#0:temperature"", ""heating#0:temperature"", ""mixing#0:mixing method"", ""mixing#0:temperature"", ""molding#0:temperature"", ""molding#1:temperature"", ""solvent#0:solvent name""]",
42,l120-s11-murugaraj-2005,l318-s4-patsidis-2014,0,unilateral,[],"[""drying evaporation#1:temperature""]",[],
42,l120-s11-murugaraj-2005,l318-s4-patsidis-2014,0,bilateral,[],[],[],True
42,l120-s11-murugaraj-2005,l318-s4-patsidis-2014,0,article_block,[],"[""drying evaporation#0:temperature"", ""drying evaporation#0:time"", ""drying evaporation#1:temperature""]","[""mixing#0:mixing method"", ""mixing#1:mixing method""]",
43,l210-s4-zhang-2014,l313-s2-huang-2014,0,unilateral,"[""drying evaporation#0:temperature"", ""drying evaporation#0:time"", ""mixing#0:rotational frequency""]","[""drying evaporation#0:time"", ""extrusion heating zone#0:barrel temperature"", ""extrusion heating zone#0:extruder"", ""mixing#0:mixing method"", ""mixing#0:time""]",[],
43,l210-s4-zhang-2014,l313-s2-huang-2014,0,bilateral,"[""drying evaporation#0:temperature"", ""drying evaporation#0:time"", ""mixing#0:rotational frequency""]","[""drying evaporation#0:temperature"", ""drying evaporation#0:time"", ""mixing#0:rotational frequency""]","[""drying evaporation#0:temperature"", ""drying evaporation#0:time"", ""mixing#0:rotational frequency""]",True
43,l210-s4-zhang-2014,l313-s2-huang-2014,0,article_block,"[""drying evaporation#0:temperature"", ""drying evaporation#0:time"", ""mixing#0:rotational frequency""]","[""drying evaporation#0:temperature"", ""drying evaporation#0:time"", ""extrusion heating zone#0:extruder"", ""mixing#0:mixing method"", ""mixing#0:time""]","[""drying evaporation#0:temperature"", ""drying evaporation#1:temperature"", ""mixing#0:temperature"", ""molding#0:temperature""]",
44,l310-s5-chatterjee-2007,l396-s4-ghosh-2013,0,unilateral,"[""heating#0:temperature"", ""mixing#0:mixer"", ""mixing#0:mixing method""]","[""heating#0:time"", ""mixing#0:mixer"", ""mixing#1:time""]",[],
44,l310-s5-chatterjee-2007,l396-s4-ghosh-2013,0,bilateral,"[""heating#0:temperature"", ""mixing#0:mixer"", ""mixing#0:mixing method""]","[""mixing#0:mixing method""]","[""mixing#0:mixing method""]",True
44,l310-s5-chatterjee-2007,l396-s4-ghosh-2013,0,article_block,"[""heating#0:temperature"", ""mixing#0:mixer"", ""mixing#0:mixing method""]","[""heating#0:time"", ""mixing#0:mixer"", ""mixing#0:time"", ""mixing#1:time"", ""molding#0:time""]","[""extrusion#0:equipment type"", ""mixing#0:mixer"", ""mixing#0:mixing method""]",
45,l225-s1-ma-2007,l267-s3-kim-2006,0,unilateral,"[""heating#0:temperature"", ""heating#0:time""]","[""heating#0:temperature"", ""molding#0:temperature"", ""molding#0:time""]",[],
45,l225-s1-ma-2007,l267-s3-kim-2006,0,bilateral,"[""heating#0:temperature"", ""heating#0:time""]","[""heating#0:time""]","[""heating#0:time""]",True
45,l225-s1-ma-2007,l267-s3-kim-2006,0,article_block,"[""heating#0:temperature"", ""heating#0:time""]","[""heating#0:temperature"", ""heating#0:time"", ""molding#0:temperature"", ""molding#0:time""]","[""mixing#0:mixing method""]",
46,l191-s2-xie-2004,l287-s2-jang-2008,0,unilateral,"[""mixing#1:mixing method"", ""mixing#2:mixing method"", ""mixing#2:temperature"", ""mixing#2:time""]","[""mixing#0:temperature"", ""mixing#1:mixing method"", ""mixing#2:mixer"", ""mixing#2:temperature"", ""mixing#2:time"", ""molding#0:time""]",[],
46,l191-s2-xie-2004,l287-s2-jang-2008,0,bilateral,"[""mixing#1:mixing method"", ""mixing#2:mixing method"", ""mixing#2:temperature"", ""mixing#2:time""]","[""mixing#2:temperature"", ""mixing#2:time""]","[""mixing#2:temperature"", ""mixing#2:time""]",True
46,l191-s2-xie-2004,l287-s2-jang-2008,0,article_block,"[""mixing#1:mixing method"", ""mixing#2:mixing method"", ""mixing#2:temperature"", ""mixing#2:time""]","[""mixing#0:temperature"", ""mixing#2:temperature"", ""mixing#2:time"", ""molding#0:temperature"", ""molding#0:time""]","[""drying evaporation#0:ambient condition"", ""drying evaporation#0:temperature"", ""drying evaporation#1:ambient condition"", ""drying evaporation#1:temperature"", ""drying evaporation#1:time"", ""heating#0:ambient condition"", ""heating#0:temperature"", ""heating#0:time"", ""heating#1:temperature"", ""heating#1:time"", ""mixing#0:mixing method"", ""mixing#1:mixing method"", ""mixing#1:time"", ""mixing#2:mixing method"", ""mixing#2:temperature"", ""mixing#2:time"", ""solvent#0:solvent name""]",
47,l132-s4-holt-2014,l316-s10-chandrasekaran-2013,0,unilateral,"[""mixing#0:mixing method"", ""mixing#0:time""]","[""solvent#0:solvent name""]",[],
47,l132-s4-holt-2014,l316-s10-chandrasekaran-2013,0,bilateral,"[""mixing#0:mixing method"", ""mixing#0:time""]",[],[],True
47,l132-s4-holt-2014,l316-s10-chandrasekaran-2013,0,article_block,"[""mixing#0:mixing method"", ""mixing#0:time""]","[""solvent#0:solvent name""]","[""heating#0:time"", ""heating#2:time"", ""heating#3:time"", ""mixing#0:mixing method"", ""mixing#0:time"", ""mixing#1:mixing method"", ""mixing#1:rotational frequency"", ""mixing#1:time"", ""mixing#2:time""]",
48,l120-s11-murugaraj-2005,l191-s2-xie-2004,0,unilateral,[],"[""drying evaporation#0:temperature""]",[],
48,l120-s11-murugaraj-2005,l191-s2-xie-2004,0,bilateral,[],[],[],True
48,l120-s11-murugaraj-2005,l191-s2-xie-2004,0,article_block,[],"[""drying evaporation#0:temperature"", ""drying evaporation#0:time"", ""drying evaporation#1:temperature""]","[""mixing#0:temperature"", ""mixing#2:temperature"", ""mixing#2:time"", ""molding#0:temperature"", ""molding#0:time""]",
49,l308-s4-demetrio-2013,l318-s3-patsidis-2014,0,unilateral,"[""mixing#0:mixing method"", ""mixing#0:temperature"", ""mixing#0:time""]",[],[],
49,l308-s4-demetrio-2013,l318-s3-patsidis-2014,0,bilateral,"[""mixing#0:mixing method"", ""mixing#0:temperature"", ""mixing#0:time""]","[""mixing#0:mixing method"", ""mixing#0:temperature""]","[""mixing#0:mixing method"", ""mixing#0:temperature""]",True
49,l308-s4-demetrio-2013,l318-s3-patsidis-2014,0,article_block,"[""mixing#0:mixing method"", ""mixing#0:temperature"", ""mixing#0:time""]","[""mixing#0:time""]","[""mixing#0:mixing method"", ""mixing#1:mixing method""]",
50,l310-s5-chatterjee-2007,l304-s3-stockelhuber-2011,0,unilateral,"[""mixing#0:mixer"", ""mixing#0:mixing method"", ""mixing#0:time""]","[""mixing#0:mixer"", ""mixing#0:time"", ""mixing#1:mixing method""]",[],
50,l310-s5-chatterjee-2007,l304-s3-stockelhuber-2011,0,bilateral,"[""mixing#0:mixer"", ""mixing#0:mixing method"", ""mixing#0:time""]","[""mixing#0:time""]","[""mixing#0:time""]",True
50,l310-s5-chatterjee-2007,l304-s3-stockelhuber-2011,0,article_block,"[""mixing#0:mixer"", ""mixing#0:mixing method"", ""mixing#0:time""]","[""heating#0:time"", ""mixing#0:mixer"", ""mixing#0:time"", ""mixing#1:time"", ""molding#0:time""]","[""mixing#0:mixer"", ""mixing#0:mixing method"", ""mixing#0:time""]",
51,l129-s12-wu-2011,l388-s1-benes-2018,0,unilateral,"[""mixing#0:mixing method""]","[""mixing#0:temperature"", ""mixing#1:temperature""]",[],
51,l129-s12-wu-2011,l388-s1-benes-2018,0,bilateral,"[""mixing#0:mixing method""]","[""mixing#0:mixing method""]","[""mixing#0:mixing method""]",True
51,l129-s12-wu-2011,l388-s1-benes-2018,0,article_block,"[""mixing#0:mixing method""]","[""mixing#0:mixing method"", ""mixing#0:temperature"", ""mixing#1:mixing method"", ""mixing#1:temperature""]","[""additive#0:additive"", ""additive#1:additive"", ""curing#0:time"", ""curing#1:time"", ""heating#0:time""]",
52,l137-s8-yang-2014,l297-s1-shen-2004,0,unilateral,"[""drying evaporation#0:ambient condition"", ""drying evaporation#0:temperature"", ""drying evaporation#0:time"", ""mixing#0:mixing method""]","[""drying evaporation#0:temperature"", ""drying evaporation#0:time"", ""mixing#0:mixing method"", ""mixing#2:mixing method"", ""mixing#2:time""]",[],
52,l137-s8-yang-2014,l297-s1-shen-2004,0,bilateral,"[""drying evaporation#0:ambient condition"", ""drying evaporation#0:temperature"", ""drying evaporation#0:time"", ""mixing#0:mixing method""]","[""drying evaporation#0:temperature"", ""drying evaporation#0:time""]","[""drying evaporation#0:temperature"", ""drying evaporation#0:time""]",True
52,l137-s8-yang-2014,l297-s1-shen-2004,0,article_block,"[""drying evaporation#0:ambient condition"", ""drying evaporation#0:temperature"", ""drying evaporation#0:time"", ""mixing#0:mixing method""]","[""drying evaporation#0:ambient condition"", ""mixing#0:mixing method"", ""mixing#1:mixing method"", ""mixing#2:mixing method"", ""mixing#3:mixing method""]","[""drying evaporation#0:temperature"", ""drying evaporation#0:time"", ""heating#0:temperature"", ""heating#0:time""]",
53,l310-s5-chatterjee-2007,l271-s15-sun-2004,0,unilateral,"[""mixing#0:mixing method"", ""mixing#0:time""]","[""heating#0:time"", ""mixing#0:mixing method"", ""mixing#1:mixing method"", ""molding#0:temperature""]",[],
53,l310-s5-chatterjee-2007,l271-s15-sun-2004,0,bilateral,"[""mixing#0:mixing method"", ""mixing#0:time""]","[""mixing#0:mixing method""]","[""mixing#0:mixing method""]",True
53,l310-s5-chatterjee-2007,l271-s15-sun-2004,0,article_block,"[""mixing#0:mixing method"", ""mixing#0:time""]","[""heating#0:time"", ""mixing#0:mixer"", ""mixing#0:time"", ""mixing#1:time"", ""molding#0:time""]","[""mixing#0:mixing method"", ""mixing#0:time""]",
54,l377-s4-wanasekara-2017,l297-s1-shen-2004,0,unilateral,"[""drying evaporation#0:ambient condition"", ""drying evaporation#0:time"", ""mixing#0:mixing method""]","[""drying evaporation#0:time""]",[],
54,l377-s4-wanasekara-2017,l297-s1-shen-2004,0,bilateral,"[""drying evaporation#0:ambient condition"", ""drying evaporation#0:time"", ""mixing#0:mixing method""]","[""drying evaporation#0:ambient condition"", ""drying evaporation#0:time""]","[""drying evaporation#0:ambient condition"", ""drying evaporation#0:time""]",True
54,l377-s4-wanasekara-2017,l297-s1-shen-2004,0,article_block,"[""drying evaporation#0:ambient condition"", ""drying evaporation#0:time"", ""mixing#0:mixing method""]","[""drying evaporation#0:time"", ""mixing#0:mixing method""]","[""drying evaporation#0:temperature"", ""drying evaporation#0:time"", ""heating#0:temperature"", ""heating#0:time""]",
55,l260-s2-haggenmueller-2006,l308-s3-demetrio-2013,0,unilateral,"[""mixing#0:mixing method"", ""mixing#0:time"", ""solvent#0:solvent name""]",[],[],
55,l260-s2-haggenmueller-2006,l308-s3-demetrio-2013,0,bilateral,"[""mixing#0:mixing method"", ""mixing#0:time"", ""solvent#0:solvent name""]","[""mixing#0:mixing method""]","[""mixing#0:mixing method""]",True
55,l260-s2-haggenmueller-2006,l308-s3-demetrio-2013,0,article_block,"[""mixing#0:mixing method"", ""mixing#0:time"", ""solvent#0:solvent name""]","[""mixing#0:mixer"", ""mixing#0:time""]","[""mixing#0:time""]",
56,l203-s17-ma-2009,l308-s3-demetrio-2013,0,unilateral,"[""mixing#0:mixing method"", ""mixing#0:temperature"", ""mixing#0:time"", ""solvent#0:solvent name""]","[""drying evaporation#0:temperature"", ""heating#0:temperature"", ""heating#1:temperature"", ""heating#1:time"", ""heating#2:temperature"", ""mixing#0:mixer"", ""mixing#0:rotational frequency"", ""mixing#0:time"", ""solvent#0:solvent name""]",[],
56,l203-s17-ma-2009,l308-s3-demetrio-2013,0,bilateral,"[""mixing#0:mixing method"", ""mixing#0:temperature"", ""mixing#0:time"", ""solvent#0:solvent name""]","[""mixing#0:temperature"", ""mixing#0:time""]","[""mixing#0:temperature"", ""mixing#0:time""]",True
56,l203-s17-ma-2009,l308-s3-demetrio-2013,0,article_block,"[""mixing#0:mixing method"", ""mixing#0:temperature"", ""mixing#0:time"", ""solvent#0:solvent name""]","[""additive#0:additive"", ""mixing#0:mixer"", ""mixing#0:rotational frequency""]","[""mixing#0:time""]",
57,l386-s54-jimenez-2019,e108-s10-huang-2016,0,unilateral,"[""drying evaporation#0:ambient condition"", ""molding#0:ambient condition"", ""molding#0:temperature"", ""molding#0:time""]","[""additive#0:additive"", ""drying evaporation#0:ambient condition"", ""drying evaporation#0:time"", ""heating#0:temperature"", ""molding#0:ambient condition"", ""molding#0:temperature"", ""molding#0:time"", ""molding#1:temperature""]",[],
57,l386-s54-jimenez-2019,e108-s10-huang-2016,0,bilateral,"[""drying evaporation#0:ambient condition"", ""molding#0:ambient condition"", ""molding#0:temperature"", ""molding#0:time""]",[],[],True
57,l386-s54-jimenez-2019,e108-s10-huang-2016,0,article_block,"[""drying evaporation#0:ambient condition"", ""molding#0:ambient condition"", ""molding#0:temperature"", ""molding#0:time""]","[""drying evaporation#0:temperature"", ""heating#0:temperature"", ""mixing#0:mixing method"", ""mixing#0:temperature"", ""molding#0:temperature"", ""molding#1:temperature"", ""solvent#0:solvent name""]","[""drying evaporation#0:ambient condition"", ""drying evaporation#1:ambient condition"", ""mixing#1:mixing method"", ""molding#0:ambient condition""]",
58,l154-s3-eitan-2005,l285-s3-pham-2012,0,unilateral,[],"[""drying evaporation#1:temperature"", ""drying evaporation#1:time"", ""mixing#0:mixing method"", ""mixing#1:mixing method""]",[],
58,l154-s3-eitan-2005,l285-s3-pham-2012,0,bilateral,[],[],[],True
58,l154-s3-eitan-2005,l285-s3-pham-2012,0,article_block,[],"[""additive#0:additive"", ""drying evaporation#0:temperature"", ""drying evaporation#1:temperature"", ""mixing#0:mixer""]","[""molding#0:pressure"", ""molding#0:time""]",
59,l378-s1-sotta-2017,e139-s6-hassinger-2016,0,unilateral,[],"[""mixing#0:mixing method""]",[],
59,l378-s1-sotta-2017,e139-s6-hassinger-2016,0,bilateral,[],[],[],True
59,l378-s1-sotta-2017,e139-s6-hassinger-2016,0,article_block,[],[],"[""extrusion output#0:equipment type"", ""extrusion output#0:extrusion temperature"", ""extrusion output#0:inner barrel diameter"", ""extrusion output#0:residence time"", ""extrusion output#0:screw diameter"", ""extrusion output#0:screw length""]",
60,l191-s2-xie-2004,l217-s6-ash-2002,0,unilateral,"[""mixing#0:mixer"", ""mixing#1:mixing method""]","[""mixing#2:mixing method"", ""mixing#2:time"", ""molding#0:temperature""]",[],
60,l191-s2-xie-2004,l217-s6-ash-2002,0,bilateral,"[""mixing#0:mixer"", ""mixing#1:mixing method""]",[],[],True
60,l191-s2-xie-2004,l217-s6-ash-2002,0,article_block,"[""mixing#0:mixer"", ""mixing#1:mixing method""]","[""mixing#0:temperature"", ""mixing#2:temperature"", ""mixing#2:time"", ""molding#0:temperature"", ""molding#0:time""]","[""drying evaporation#0:time"", ""heating#1:time"", ""mixing#0:mixing method"", ""mixing#0:time"", ""mixing#1:mixing method"", ""mixing#1:time""]",
61,l182-s7-hoepfner-2017,l229-s7-bao-2011,0,unilateral,"[""heating#0:temperature"", ""mixing#0:mixing method"", ""mixing#1:mixing method"", ""mixing#1:time"", ""mixing#2:mixing method"", ""mixing#2:temperature""]","[""heating#0:temperature"", ""mixing#0:mixer"", ""mixing#0:time"", ""mixing#1:mixing method"", ""mixing#1:temperature"", ""mixing#1:time""]",[],
61,l182-s7-hoepfner-2017,l229-s7-bao-2011,0,bilateral,"[""heating#0:temperature"", ""mixing#0:mixing method"", ""mixing#1:mixing method"", ""mixing#1:time"", ""mixing#2:mixing method"", ""mixing#2:temperature""]","[""mixing#1:time"", ""mixing#2:mixing method""]","[""mixing#1:time"", ""mixing#2:mixing method""]",True
61,l182-s7-hoepfner-2017,l229-s7-bao-2011,0,article_block,"[""heating#0:temperature"", ""mixing#0:mixing method"", ""mixing#1:mixing method"", ""mixing#1:time"", ""mixing#2:mixing method"", ""mixing#2:temperature""]","[""mixing#0:mixing method"", ""mixing#1:mixing method"", ""mixing#2:mixing method""]","[""heating#0:temperature"", ""heating#1:temperature"", ""heating#2:temperature"", ""heating#2:time"", ""heating#3:temperature"", ""heating#3:time"", ""mixing#0:mixing method"", ""mixing#1:mixing method"", ""mixing#1:time"", ""mixing#2:mixing method"", ""mixing#2:temperature"", ""mixing#3:mixing method"", ""mixing#3:time""]",
62,l240-s6-hong-2005,l376-s6-carroll-2017,0,unilateral,"[""mixing#0:mixer"", ""mixing#0:time""]","[""mixing#0:mixer"", ""mixing#0:time""]",[],
62,l240-s6-hong-2005,l376-s6-carroll-2017,0,bilateral,"[""mixing#0:mixer"", ""mixing#0:time""]","[""mixing#0:time""]","[""mixing#0:time""]",True
62,l240-s6-hong-2005,l376-s6-carroll-2017,0,article_block,"[""mixing#0:mixer"", ""mixing#0:time""]","[""mixing#0:mixer"", ""mixing#0:time""]","[""additive#0:additive"", ""drying evaporation#0:ambient condition"", ""drying evaporation#1:ambient condition"", ""drying evaporation#1:pressure"", ""drying evaporation#2:ambient condition"", ""drying evaporation#2:pressure""]",
63,l120-s11-murugaraj-2005,l316-s5-chandrasekaran-2013,0,unilateral,[],"[""drying evaporation#0:time""]",[],
63,l120-s11-murugaraj-2005,l316-s5-chandrasekaran-2013,0,bilateral,[],[],[],True
63,l120-s11-murugaraj-2005,l316-s5-chandrasekaran-2013,0,article_block,[],"[""drying evaporation#0:temperature"", ""drying evaporation#0:time"", ""drying evaporation#1:temperature""]","[""heating#1:time"", ""heating#2:time"", ""mixing#0:mixing method"", ""mixing#1:time""]",
64,l297-s2-shen-2004,l278-s1-choi-2001,0,unilateral,"[""drying evaporation#0:time"", ""mixing#0:mixing method""]","[""drying evaporation#0:temperature"", ""drying evaporation#0:time"", ""heating#0:temperature"", ""heating#0:time"", ""mixing#0:mixing method""]",[],
64,l297-s2-shen-2004,l278-s1-choi-2001,0,bilateral,"[""drying evaporation#0:time"", ""mixing#0:mixing method""]",[],[],True
64,l297-s2-shen-2004,l278-s1-choi-2001,0,article_block,"[""drying evaporation#0:time"", ""mixing#0:mixing method""]","[""drying evaporation#0:temperature"", ""drying evaporation#0:time"", ""heating#0:temperature"", ""heating#0:time""]","[""drying evaporation#0:time"", ""drying evaporation#1:temperature"", ""drying evaporation#1:time"", ""mixing#0:rotational frequency"", ""mixing#0:time"", ""mixing#1:temperature"", ""mixing#1:time"", ""mixing#2:temperature"", ""mixing#2:time"", ""molding#0:pressure"", ""solvent#0:solvent name""]",
65,l376-s6-carroll-2017,l289-s1-motaung-2012,0,unilateral,"[""mixing#0:mixer"", ""mixing#0:time""]","[""drying evaporation#0:temperature"", ""drying evaporation#1:ambient condition"", ""drying evaporation#1:pressure"", ""drying evaporation#2:temperature"", ""drying evaporation#2:time"", ""mixing#1:mixing method""]",[],
65,l376-s6-carroll-2017,l289-s1-motaung-2012,0,bilateral,"[""mixing#0:mixer"", ""mixing#0:time""]","[""mixing#0:mixer""]","[""mixing#0:mixer""]",True
65,l376-s6-carroll-2017,l289-s1-motaung-2012,0,article_block,"[""mixing#0:mixer"", ""mixing#0:time""]","[""additive#0:additive"", ""drying evaporation#0:ambient condition"", ""drying evaporation#1:ambient condition"", ""drying evaporation#1:pressure"", ""drying evaporation#2:ambient condition"", ""drying evaporation#2:pressure""]","[""mixing#0:time"", ""molding#0:time""]",
66,l378-s1-sotta-2017,l383-s1-sadeghi-2017,0,unilateral,"[""mixing#0:mixing method""]",[],[],
66,l378-s1-sotta-2017,l383-s1-sadeghi-2017,0,bilateral,"[""mixing#0:mixing method""]","[""mixing#0:mixing method""]","[""mixing#0:mixing method""]",True
66,l378-s1-sotta-2017,l383-s1-sadeghi-2017,0,article_block,"[""mixing#0:mixing method""]",[],"[""mixing#0:rotational frequency"", ""mixing#0:time""]",
67,l225-s1-ma-2007,l154-s3-eitan-2005,0,unilateral,[],"[""heating#0:temperature"", ""heating#0:time""]",[],
67,l225-s1-ma-2007,l154-s3-eitan-2005,0,bilateral,[],[],[],True
67,l225-s1-ma-2007,l154-s3-eitan-2005,0,article_block,[],"[""heating#0:temperature"", ""heating#0:time"", ""molding#0:temperature"", ""molding#0:time""]","[""additive#0:additive"", ""drying evaporation#0:temperature"", ""drying evaporation#1:temperature"", ""mixing#0:mixer""]",
68,l258-s4-du-2004,l297-s1-shen-2004,0,unilateral,"[""mixing#0:mixing method""]","[""mixing#0:mixing method""]",[],
68,l258-s4-du-2004,l297-s1-shen-2004,0,bilateral,"[""mixing#0:mixing method""]",[],[],True
68,l258-s4-du-2004,l297-s1-shen-2004,0,article_block,"[""mixing#0:mixing method""]",[],"[""drying evaporation#0:temperature"", ""drying evaporation#0:time"", ""heating#0:temperature"", ""heating#0:time""]",
69,l258-s4-du-2004,l324-s6-zhu-2017,0,unilateral,[],[],[],
69,l258-s4-du-2004,l324-s6-zhu-2017,0,bilateral,[],[],[],True
69,l258-s4-du-2004,l324-s6-zhu-2017,0,article_block,[],[],"[""drying evaporation#0:ambient condition"", ""drying evaporation#0:time"", ""molding#0:time""]",
70,l171-s15-rittigstein-2006,l236-s9-fukushima-2012,0,unilateral,"[""mixing#0:mixer"", ""mixing#0:mixing method"", ""mixing#0:time""]","[""cooling#1:temperature"", ""cooling#1:time"", ""drying evaporation#0:time"", ""mixing#0:mixer"", ""solvent#0:solvent name""]",[],
70,l171-s15-rittigstein-2006,l236-s9-fukushima-2012,0,bilateral,"[""mixing#0:mixer"", ""mixing#0:mixing method"", ""mixing#0:time""]","[""mixing#0:mixer"", ""mixing#0:mixing method""]","[""mixing#0:mixer"", ""mixing#0:mixing method""]",True
70,l171-s15-rittigstein-2006,l236-s9-fukushima-2012,0,article_block,"[""mixing#0:mixer"", ""mixing#0:mixing method"", ""mixing#0:time""]","[""cooling#0:temperature"", ""cooling#0:time"", ""cooling#1:temperature"", ""cooling#1:time"", ""drying evaporation#0:time"", ""mixing#0:time"", ""solvent#0:solvent name""]","[""cooling#1:pressure"", ""mixing#0:mixing method"", ""mixing#0:rotational frequency"", ""mixing#0:temperature"", ""mixing#1:mixing method"", ""mixing#1:rotational frequency"", ""mixing#1:temperature"", ""molding#0:temperature""]",
71,l261-s2-wang-2016,e108-s10-huang-2016,0,unilateral,"[""mixing#1:mixing method"", ""mixing#1:time"", ""molding#0:temperature"", ""molding#0:time""]","[""heating#0:temperature"", ""heating#1:temperature"", ""heating#3:temperature"", ""heating#3:time"", ""mixing#0:mixing method"", ""mixing#1:mixing method"", ""mixing#1:time"", ""mixing#2:mixer"", ""mixing#3:mixing method"", ""mixing#4:rotational frequency"", ""mixing#4:time"", ""molding#0:temperature""]",[],
71,l261-s2-wang-2016,e108-s10-huang-2016,0,bilateral,"[""mixing#1:mixing method"", ""mixing#1:time"", ""molding#0:temperature"", ""molding#0:time""]","[""mixing#1:time"", ""molding#0:time""]","[""mixing#1:time"", ""molding#0:time""]",True
71,l261-s2-wang-2016,e108-s10-huang-2016,0,article_block,"[""mixing#1:mixing method"", ""mixing#1:time"", ""molding#0:temperature"", ""molding#0:time""]","[""heating#1:ambient condition"", ""mixing#2:rotational frequency"", ""mixing#4:rotational frequency"", ""solvent#0:solvent name""]","[""drying evaporation#0:ambient condition"", ""drying evaporation#1:ambient condition"", ""mixing#1:mixing method"", ""molding#0:ambient condition""]",
72,l142-s2-gao-2014,l297-s1-shen-2004,0,unilateral,"[""drying evaporation#0:temperature"", ""heating#0:temperature"", ""heating#0:time"", ""mixing#0:mixing method""]","[""drying evaporation#1:ambient condition"", ""heating#0:temperature"", ""mixing#1:mixing method""]",[],
72,l142-s2-gao-2014,l297-s1-shen-2004,0,bilateral,"[""drying evaporation#0:temperature"", ""heating#0:temperature"", ""heating#0:time"", ""mixing#0:mixing method""]","[""drying evaporation#0:temperature"", ""heating#0:temperature"", ""mixing#0:mixing method""]","[""drying evaporation#0:temperature"", ""heating#0:temperature"", ""mixing#0:mixing method""]",True
72,l142-s2-gao-2014,l297-s1-shen-2004,0,article_block,"[""drying evaporation#0:temperature"", ""heating#0:temperature"", ""heating#0:time"", ""mixing#0:mixing method""]","[""drying evaporation#0:temperature"", ""drying evaporation#1:ambient condition"", ""drying evaporation#1:temperature"", ""heating#0:temperature"", ""mixing#0:mixing method"", ""mixing#1:mixing method"", ""mixing#2:mixing method"", ""mixing#3:mixing method""]","[""drying evaporation#0:temperature"", ""drying evaporation#0:time"", ""heating#0:temperature"", ""heating#0:time""]",
73,e116-s21-prasad-2018,l324-s5-zhu-2017,0,unilateral,"[""drying evaporation#0:ambient condition"", ""drying evaporation#0:time""]","[""drying evaporation#0:ambient condition"", ""extrusion#0:equipment type"", ""extrusion#0:rotation mode"", ""extrusion#0:rotation speed""]",[],
73,e116-s21-prasad-2018,l324-s5-zhu-2017,0,bilateral,"[""drying evaporation#0:ambient condition"", ""drying evaporation#0:time""]",[],[],True
73,e116-s21-prasad-2018,l324-s5-zhu-2017,0,article_block,"[""drying evaporation#0:ambient condition"", ""drying evaporation#0:time""]","[""extrusion#0:equipment type""]","[""drying evaporation#0:ambient condition"", ""drying evaporation#0:time"", ""molding#0:time""]",
74,l297-s1-shen-2004,l306-s3-jiang-2008,0,unilateral,"[""mixing#0:mixing method""]","[""drying evaporation#0:time"", ""heating#0:temperature""]",[],
74,l297-s1-shen-2004,l306-s3-jiang-2008,0,bilateral,"[""mixing#0:mixing method""]","[""mixing#0:mixing method""]","[""mixing#0:mixing method""]",True
74,l297-s1-shen-2004,l306-s3-jiang-2008,0,article_block,"[""mixing#0:mixing method""]","[""drying evaporation#0:temperature"", ""drying evaporation#0:time"", ""heating#0:temperature"", ""heating#0:time""]",[],
75,l229-s2-bao-2011,l146-s4-tao-2011,0,unilateral,[],"[""heating#3:temperature"", ""mixing#1:mixing method"", ""mixing#3:mixing method"", ""mixing#3:time""]",[],
75,l229-s2-bao-2011,l146-s4-tao-2011,0,bilateral,[],[],[],True
75,l229-s2-bao-2011,l146-s4-tao-2011,0,article_block,[],"[""heating#0:temperature"", ""heating#1:temperature"", ""heating#2:temperature"", ""heating#2:time"", ""heating#3:temperature"", ""heating#3:time"", ""mixing#0:mixing method"", ""mixing#1:mixing method"", ""mixing#1:time"", ""mixing#2:mixing method"", ""mixing#2:temperature"", ""mixing#3:mixing method"", ""mixing#3:time""]","[""solvent#0:solvent name""]",
76,l111-s3-singha-2009,l306-s2-jiang-2008,0,unilateral,"[""mixing#0:mixer"", ""mixing#0:mixing method""]","[""additive#1:additive"", ""drying evaporation#0:ambient condition"", ""drying evaporation#0:time"", ""drying evaporation#1:temperature"", ""drying evaporation#1:time"", ""drying evaporation#2:ambient condition"", ""drying evaporation#2:temperature"", ""mixing#0:mixer"", ""mixing#1:rotational frequency"", ""mixing#2:time"", ""molding#1:temperature"", ""molding#1:time""]",[],
76,l111-s3-singha-2009,l306-s2-jiang-2008,0,bilateral,"[""mixing#0:mixer"", ""mixing#0:mixing method""]","[""mixing#0:mixing method""]","[""mixing#0:mixing method""]",True
76,l111-s3-singha-2009,l306-s2-jiang-2008,0,article_block,"[""mixing#0:mixer"", ""mixing#0:mixing method""]","[""drying evaporation#0:ambient condition"", ""drying evaporation#0:temperature"", ""drying evaporation#1:temperature"", ""drying evaporation#2:ambient condition"", ""drying evaporation#2:temperature"", ""drying evaporation#3:ambient condition"", ""mixing#0:mixer"", ""mixing#1:rotational frequency"", ""mixing#2:mixer"", ""molding#1:temperature""]",[],
77,l375-s1-rishi-2018,l297-s2-shen-2004,0,unilateral,"[""mixing#0:mixing method""]","[""mixing#0:mixer"", ""mixing#0:mixing method""]",[],
77,l375-s1-rishi-2018,l297-s2-shen-2004,0,bilateral,"[""mixing#0:mixing method""]",[],[],True
77,l375-s1-rishi-2018,l297-s2-shen-2004,0,article_block,"[""mixing#0:mixing method""]","[""mixing#0:mixer"", ""mixing#0:mixing method"", ""mixing#0:rotational frequency"", ""mixing#0:time""]","[""drying evaporation#0:temperature"", ""drying evaporation#0:time"", ""heating#0:temperature"", ""heating#0:time""]",
78,l316-s5-chandrasekaran-2013,l308-s3-demetrio-2013,0,unilateral,"[""mixing#0:mixing method""]","[""heating#0:temperature"", ""heating#1:temperature"", ""heating#2:temperature"", ""heating#2:time"", ""mixing#0:mixing method""]",[],
78,l316-s5-chandrasekaran-2013,l308-s3-demetrio-2013,0,bilateral,"[""mixing#0:mixing method""]","[""mixing#0:mixing method""]","[""mixing#0:mixing method""]",True
78,l316-s5-chandrasekaran-2013,l308-s3-demetrio-2013,0,article_block,"[""mixing#0:mixing method""]","[""heating#1:time"", ""heating#2:time"", ""mixing#0:mixing method"", ""mixing#1:time""]","[""mixing#0:time""]",
79,l258-s4-du-2004,l209-s12-ash-2001,0,unilateral,[],[],[],
79,l258-s4-du-2004,l209-s12-ash-2001,0,bilateral,[],[],[],True
79,l258-s4-du-2004,l209-s12-ash-2001,0,article_block,[],[],"[""drying evaporation#0:time""]",
80,l308-s4-demetrio-2013,l252-s3-ameli-2014,0,unilateral,"[""mixing#0:temperature""]","[""mixing#0:mixing method"", ""mixing#0:temperature""]",[],
80,l308-s4-demetrio-2013,l252-s3-ameli-2014,0,bilateral,"[""mixing#0:temperature""]","[""mixing#0:temperature""]","[""mixing#0:temperature""]",True
80,l308-s4-demetrio-2013,l252-s3-ameli-2014,0,article_block,"[""mixing#0:temperature""]","[""mixing#0:time""]","[""extrusion#0:equipment type""]",
81,l142-s2-gao-2014,l278-s1-choi-2001,0,unilateral,"[""drying evaporation#1:ambient condition"", ""drying evaporation#1:temperature"", ""drying evaporation#1:time"", ""mixing#0:mixing method"", ""mixing#0:time"", ""mixing#1:mixing method"", ""mixing#2:mixing method"", ""mixing#2:time""]","[""drying evaporation#1:time"", ""mixing#0:mixing method"", ""mixing#0:time"", ""mixing#3:mixing method"", ""mixing#3:time""]",[],
81,l142-s2-gao-2014,l278-s1-choi-2001,0,bilateral,"[""drying evaporation#1:ambient condition"", ""drying evaporation#1:temperature"", ""drying evaporation#1:time"", ""mixing#0:mixing method"", ""mixing#0:time"", ""mixing#1:mixing method"", ""mixing#2:mixing method"", ""mixing#2:time""]","[""drying evaporation#1:time"", ""mixing#0:mixing method"", ""mixing#0:time"", ""mixing#2:mixing method"", ""mixing#2:time""]","[""drying evaporation#1:time"", ""mixing#0:mixing method"", ""mixing#0:time"", ""mixing#2:mixing method"", ""mixing#2:time""]",True
81,l142-s2-gao-2014,l278-s1-choi-2001,0,article_block,"[""drying evaporation#1:ambient condition"", ""drying evaporation#1:temperature"", ""drying evaporation#1:time"", ""mixing#0:mixing method"", ""mixing#0:time"", ""mixing#1:mixing method"", ""mixing#2:mixing method"", ""mixing#2:time""]","[""drying evaporation#0:temperature"", ""drying evaporation#1:ambient condition"", ""drying evaporation#1:temperature"", ""heating#0:temperature"", ""mixing#0:mixing method"", ""mixing#1:mixing method"", ""mixing#2:mixing method"", ""mixing#3:mixing method""]","[""drying evaporation#0:time"", ""drying evaporation#1:temperature"", ""drying evaporation#1:time"", ""mixing#0:rotational frequency"", ""mixing#0:time"", ""mixing#1:temperature"", ""mixing#1:time"", ""mixing#2:temperature"", ""mixing#2:time"", ""molding#0:pressure"", ""solvent#0:solvent name""]",
82,l380-s1-zhao-2017,l146-s3-tao-2011,0,unilateral,[],"[""mixing#0:mixing method"", ""mixing#0:temperature"", ""mixing#0:time""]",[],
82,l380-s1-zhao-2017,l146-s3-tao-2011,0,bilateral,[],[],[],True
82,l380-s1-zhao-2017,l146-s3-tao-2011,0,article_block,[],"[""mixing#0:mixer""]","[""solvent#0:solvent name""]",
83,l110-s7-singha-2008,l285-s3-pham-2012,0,unilateral,"[""molding#0:temperature"", ""molding#0:time""]","[""drying evaporation#0:time"", ""mixing#0:mixing method"", ""mixing#1:rotational frequency"", ""mixing#1:time"", ""mixing#2:mixing method"", ""molding#0:temperature""]",[],
83,l110-s7-singha-2008,l285-s3-pham-2012,0,bilateral,"[""molding#0:temperature"", ""molding#0:time""]","[""molding#0:temperature"", ""molding#0:time""]","[""molding#0:temperature"", ""molding#0:time""]",True
83,l110-s7-singha-2008,l285-s3-pham-2012,0,article_block,"[""molding#0:temperature"", ""molding#0:time""]","[""mixing#0:mixing method"", ""mixing#1:mixing method"", ""mixing#1:rotational frequency"", ""mixing#2:mixing method"", ""mixing#3:mixing method""]","[""molding#0:pressure"", ""molding#0:time""]",
84,l129-s12-wu-2011,l318-s4-patsidis-2014,0,unilateral,"[""mixing#0:mixing method"", ""mixing#0:temperature"", ""mixing#0:time"", ""mixing#1:mixing method"", ""mixing#1:time""]","[""mixing#1:temperature"", ""mixing#1:time""]",[],
84,l129-s12-wu-2011,l318-s4-patsidis-2014,0,bilateral,"[""mixing#0:mixing method"", ""mixing#0:temperature"", ""mixing#0:time"", ""mixing#1:mixing method"", ""mixing#1:time""]","[""mixing#0:mixing method"", ""mixing#1:mixing method"", ""mixing#1:time""]","[""mixing#0:mixing method"", ""mixing#1:mixing method"", ""mixing#1:time""]",True
84,l129-s12-wu-2011,l318-s4-patsidis-2014,0,article_block,"[""mixing#0:mixing method"", ""mixing#0:temperature"", ""mixing#0:time"", ""mixing#1:mixing method"", ""mixing#1:time""]","[""mixing#0:mixing method"", ""mixing#0:temperature"", ""mixing#1:mixing method"", ""mixing#1:temperature""]","[""mixing#0:mixing method"", ""mixing#1:mixing method""]",
85,l110-s7-singha-2008,l382-s1-huang-2019,0,unilateral,"[""mixing#0:mixing method""]","[""drying evaporation#0:time"", ""mixing#0:mixing method"", ""mixing#1:mixing method"", ""mixing#1:time"", ""mixing#3:mixing method""]",[],
85,l110-s7-singha-2008,l382-s1-huang-2019,0,bilateral,"[""mixing#0:mixing method""]","[""mixing#0:mixing method""]","[""mixing#0:mixing method""]",True
85,l110-s7-singha-2008,l382-s1-huang-2019,0,article_block,"[""mixing#0:mixing method""]","[""mixing#0:mixing method"", ""mixing#1:mixing method"", ""mixing#1:rotational frequency"", ""mixing#2:mixing method"", ""mixing#3:mixing method""]","[""mixing#0:mixing method""]",
86,l142-s2-gao-2014,l212-s5-ghanbari-2012,0,unilateral,"[""drying evaporation#0:temperature"", ""drying evaporation#1:ambient condition"", ""drying evaporation#1:temperature"", ""drying evaporation#1:time""]","[""drying evaporation#1:ambient condition"", ""heating#0:time"", ""mixing#0:time"", ""mixing#1:mixing method"", ""mixing#2:mixing method"", ""mixing#2:time"", ""mixing#3:time""]",[],
86,l142-s2-gao-2014,l212-s5-ghanbari-2012,0,bilateral,"[""drying evaporation#0:temperature"", ""drying evaporation#1:ambient condition"", ""drying evaporation#1:temperature"", ""drying evaporation#1:time""]","[""drying evaporation#0:temperature"", ""drying evaporation#1:ambient condition"", ""drying evaporation#1:temperature"", ""drying evaporation#1:time""]","[""drying evaporation#0:temperature"", ""drying evaporation#1:ambient condition"", ""drying evaporation#1:temperature"", ""drying evaporation#1:time""]",True
86,l142-s2-gao-2014,l212-s5-ghanbari-2012,0,article_block,"[""drying evaporation#0:temperature"", ""drying evaporation#1:ambient condition"", ""drying evaporation#1:temperature"", ""drying evaporation#1:time""]","[""drying evaporation#0:temperature"", ""drying evaporation#1:ambient condition"", ""drying evaporation#1:temperature"", ""heating#0:temperature"", ""mixing#0:mixing method"", ""mixing#1:mixing method"", ""mixing#2:mixing method"", ""mixing#3:mixing method""]","[""cooling#1:time"", ""drying evaporation#0:temperature"", ""drying evaporation#0:time"", ""drying evaporation#1:temperature"", ""drying evaporation#1:time"", ""drying evaporation#2:temperature"", ""drying evaporation#2:time"", ""extrusion#0:equipment type"", ""extrusion#0:extruder"", ""molding#0:temperature"", ""molding#0:time""]",
87,l254-s7-castillo-2011,l376-s6-carroll-2017,0,unilateral,"[""drying evaporation#0:temperature"", ""mixing#0:mixer"", ""mixing#0:mixing method"", ""mixing#0:time""]","[""drying evaporation#0:temperature"", ""mixing#0:mixing method"", ""mixing#0:rotational frequency"", ""mixing#0:time""]",[],
87,l254-s7-castillo-2011,l376-s6-carroll-2017,0,bilateral,"[""drying evaporation#0:temperature"", ""mixing#0:mixer"", ""mixing#0:mixing method"", ""mixing#0:time""]","[""drying evaporation#0:temperature"", ""mixing#0:mixer"", ""mixing#0:mixing method""]","[""drying evaporation#0:temperature"", ""mixing#0:mixer"", ""mixing#0:mixing method""]",True
87,l254-s7-castillo-2011,l376-s6-carroll-2017,0,article_block,"[""drying evaporation#0:temperature"", ""mixing#0:mixer"", ""mixing#0:mixing method"", ""mixing#0:time""]","[""drying evaporation#0:time"", ""heating#0:time"", ""mixing#0:mixer"", ""mixing#0:mixing method"", ""mixing#0:rotational frequency"", ""mixing#0:time""]","[""additive#0:additive"", ""drying evaporation#0:ambient condition"", ""drying evaporation#1:ambient condition"", ""drying evaporation#1:pressure"", ""drying evaporation#2:ambient condition"", ""drying evaporation#2:pressure""]",
88,l240-s6-hong-2005,l210-s4-zhang-2014,0,unilateral,"[""mixing#0:time""]",[],[],
88,l240-s6-hong-2005,l210-s4-zhang-2014,0,bilateral,"[""mixing#0:time""]","[""mixing#0:time""]","[""mixing#0:time""]",True
88,l240-s6-hong-2005,l210-s4-zhang-2014,0,article_block,"[""mixing#0:time""]","[""mixing#0:mixer"", ""mixing#0:time""]","[""drying evaporation#0:temperature"", ""drying evaporation#0:time"", ""extrusion heating zone#0:extruder"", ""mixing#0:mixing method"", ""mixing#0:time""]",
89,l211-s17-ash-2004,e139-s6-hassinger-2016,0,unilateral,[],"[""mixing#0:temperature""]",[],
89,l211-s17-ash-2004,e139-s6-hassinger-2016,0,bilateral,[],[],[],True
89,l211-s17-ash-2004,e139-s6-hassinger-2016,0,article_block,[],"[""heating#0:time"", ""mixing#0:time""]","[""extrusion output#0:equipment type"", ""extrusion output#0:extrusion temperature"", ""extrusion output#0:inner barrel diameter"", ""extrusion output#0:residence time"", ""extrusion output#0:screw diameter"", ""extrusion output#0:screw length""]",
90,l120-s11-murugaraj-2005,l297-s2-shen-2004,0,unilateral,"[""drying evaporation#0:temperature"", ""drying evaporation#0:time""]","[""drying evaporation#0:time"", ""drying evaporation#1:temperature"", ""solvent#0:solvent name""]",[],
90,l120-s11-murugaraj-2005,l297-s2-shen-2004,0,bilateral,"[""drying evaporation#0:temperature"", ""drying evaporation#0:time""]","[""drying evaporation#0:time""]","[""drying evaporation#0:time""]",True
90,l120-s11-murugaraj-2005,l297-s2-shen-2004,0,article_block,"[""drying evaporation#0:temperature"", ""drying evaporation#0:time""]","[""drying evaporation#0:temperature"", ""drying evaporation#0:time"", ""drying evaporation#1:temperature""]","[""drying evaporation#0:temperature"", ""drying evaporation#0:time"", ""heating#0:temperature"", ""heating#0:time""]",
91,l380-s1-zhao-2017,l121-s8-nelson-2005,0,unilateral,"[""mixing#0:mixing method"", ""mixing#0:temperature""]","[""mixing#0:mixing method"", ""mixing#0:time""]",[],
91,l380-s1-zhao-2017,l121-s8-nelson-2005,0,bilateral,"[""mixing#0:mixing method"", ""mixing#0:temperature""]","[""mixing#0:mixing method"", ""mixing#0:temperature""]","[""mixing#0:mixing method"", ""mixing#0:temperature""]",True
91,l380-s1-zhao-2017,l121-s8-nelson-2005,0,article_block,"[""mixing#0:mixing method"", ""mixing#0:temperature""]","[""mixing#0:mixer""]","[""drying evaporation#0:ambient condition"", ""drying evaporation#0:time"", ""drying evaporation#1:ambient condition"", ""drying evaporation#1:time"", ""drying evaporation#2:time"", ""heating#0:time""]",
92,l316-s5-chandrasekaran-2013,l259-s3-chen-2017,0,unilateral,"[""heating#0:temperature"", ""mixing#0:mixing method"", ""mixing#1:time""]","[""heating#2:temperature"", ""heating#2:time"", ""mixing#0:mixing method"", ""mixing#1:time""]",[],
92,l316-s5-chandrasekaran-2013,l259-s3-chen-2017,0,bilateral,"[""heating#0:temperature"", ""mixing#0:mixing method"", ""mixing#1:time""]","[""heating#0:temperature"", ""mixing#0:mixing method""]","[""heating#0:temperature"", ""mixing#0:mixing method""]",True
92,l316-s5-chandrasekaran-2013,l259-s3-chen-2017,0,article_block,"[""heating#0:temperature"", ""mixing#0:mixing method"", ""mixing#1:time""]","[""heating#1:time"", ""heating#2:time"", ""mixing#0:mixing method"", ""mixing#1:time""]","[""heating#0:temperature"", ""heating#0:time"", ""mixing#0:mixing method"", ""mixing#1:temperature"", ""mixing#1:time"", ""mixing#2:mixing method"", ""mixing#2:temperature"", ""mixing#2:time"", ""molding#0:temperature"", ""molding#0:time""]",
93,l180-s3-maillard-2012,l146-s3-tao-2011,0,unilateral,[],"[""heating#0:temperature"", ""heating#0:time"", ""mixing#0:time""]",[],
93,l180-s3-maillard-2012,l146-s3-tao-2011,0,bilateral,[],[],[],True
93,l180-s3-maillard-2012,l146-s3-tao-2011,0,article_block,[],"[""heating#0:ambient condition"", ""heating#0:pressure"", ""molding#0:ambient condition""]","[""solvent#0:solvent name""]",
94,l290-s24-si-2006,l388-s1-benes-2018,0,unilateral,[],"[""mixing#0:mixer"", ""mixing#0:temperature"", ""mixing#0:time"", ""mixing#1:rotational frequency"", ""mixing#1:time""]",[],
94,l290-s24-si-2006,l388-s1-benes-2018,0,bilateral,[],[],[],True
94,l290-s24-si-2006,l388-s1-benes-2018,0,article_block,[],"[""mixing#0:time"", ""mixing#1:time""]","[""additive#0:additive"", ""additive#1:additive"", ""curing#0:time"", ""curing#1:time"", ""heating#0:time""]",
95,l174-s6-ramanathan-2008,e410-s2-prasad-2021,0,unilateral,"[""mixing#0:mixing method""]","[""mixing#0:mixing method"", ""mixing#1:time""]",[],
95,l174-s6-ramanathan-2008,e410-s2-prasad-2021,0,bilateral,"[""mixing#0:mixing method""]",[],[],True
95,l174-s6-ramanathan-2008,e410-s2-prasad-2021,0,article_block,"[""mixing#0:mixing method""]","[""mixing#1:time""]","[""drying evaporation#0:ambient condition"", ""drying evaporation#0:temperature"", ""drying evaporation#0:time"", ""extrusion output#0:equipment type"", ""extrusion output#0:extruder"", ""extrusion output#0:rotation mode"", ""extrusion output#0:screw channel diameter"", ""extrusion output#0:screw diameter""]",
96,l182-s7-hoepfner-2017,l324-s5-zhu-2017,0,unilateral,"[""drying evaporation#0:temperature"", ""mixing#1:mixer""]","[""drying evaporation#0:temperature"", ""heating#0:pressure"", ""heating#0:temperature"", ""mixing#0:mixer"", ""mixing#0:mixing method"", ""mixing#1:temperature"", ""mixing#1:time"", ""mixing#2:temperature""]",[],
96,l182-s7-hoepfner-2017,l324-s5-zhu-2017,0,bilateral,"[""drying evaporation#0:temperature"", ""mixing#1:mixer""]",[],[],True
96,l182-s7-hoepfner-2017,l324-s5-zhu-2017,0,article_block,"[""drying evaporation#0:temperature"", ""mixing#1:mixer""]","[""mixing#0:mixing method"", ""mixing#1:mixing method"", ""mixing#2:mixing method""]","[""drying evaporation#0:ambient condition"", ""drying evaporation#0:time"", ""molding#0:time""]",
97,l252-s3-ameli-2014,l209-s12-ash-2001,0,unilateral,[],"[""extrusion#0:equipment type"", ""mixing#0:temperature""]",[],
97,l252-s3-ameli-2014,l209-s12-ash-2001,0,bilateral,[],[],[],True
97,l252-s3-ameli-2014,l209-s12-ash-2001,0,article_block,[],"[""extrusion#0:equipment type""]","[""drying evaporation#0:time""]",
98,l209-s12-ash-2001,l120-s2-murugaraj-2005,0,unilateral,"[""drying evaporation#0:time""]",[],[],
98,l209-s12-ash-2001,l120-s2-murugaraj-2005,0,bilateral,"[""drying evaporation#0:time""]","[""drying evaporation#0:time""]","[""drying evaporation#0:time""]",True
98,l209-s12-ash-2001,l120-s2-murugaraj-2005,0,article_block,"[""drying evaporation#0:time""]","[""drying evaporation#0:time""]","[""drying evaporation#0:temperature"", ""drying evaporation#0:time"", ""drying evaporation#1:temperature""]",
99,l225-s1-ma-2007,l209-s7-ash-2001,0,unilateral,[],"[""heating#0:temperature"", ""molding#0:temperature"", ""molding#0:time""]",[],
99,l225-s1-ma-2007,l209-s7-ash-2001,0,bilateral,[],[],[],True
99,l225-s1-ma-2007,l209-s7-ash-2001,0,article_block,[],"[""heating#0:temperature"", ""heating#0:time"", ""molding#0:temperature"", ""molding#0:time""]","[""drying evaporation#0:time""]",
100,l383-s1-sadeghi-2017,l146-s4-tao-2011,0,unilateral,[],"[""mixing#0:mixing method"", ""mixing#0:rotational frequency"", ""mixing#0:temperature"", ""mixing#0:time""]",[],
100,l383-s1-sadeghi-2017,l146-s4-tao-2011,0,bilateral,[],[],[],True
100,l383-s1-sadeghi-2017,l146-s4-tao-2011,0,article_block,[],"[""mixing#0:rotational frequency"", ""mixing#0:time""]","[""solvent#0:solvent name""]",
101,l210-s4-zhang-2014,l375-s4-rishi-2018,0,unilateral,"[""mixing#0:mixing method"", ""mixing#0:rotational frequency"", ""mixing#0:time""]","[""extrusion heating zone#0:barrel temperature"", ""extrusion heating zone#0:extruder"", ""mixing#0:rotational frequency"", ""mixing#0:time""]",[],
101,l210-s4-zhang-2014,l375-s4-rishi-2018,0,bilateral,"[""mixing#0:mixing method"", ""mixing#0:rotational frequency"", ""mixing#0:time""]","[""mixing#0:rotational frequency""]","[""mixing#0:rotational frequency""]",True
101,l210-s4-zhang-2014,l375-s4-rishi-2018,0,article_block,"[""mixing#0:mixing method"", ""mixing#0:rotational frequency"", ""mixing#0:time""]","[""drying evaporation#0:temperature"", ""drying evaporation#0:time"", ""extrusion heating zone#0:extruder"", ""mixing#0:mixing method"", ""mixing#0:time""]","[""mixing#0:mixer"", ""mixing#0:mixing method"", ""mixing#0:rotational frequency"", ""mixing#0:time""]",
102,l302-s3-bandyopadhyay-2005,l191-s2-xie-2004,0,unilateral,"[""mixing#0:temperature"", ""mixing#1:mixing method""]","[""additive#0:additive"", ""mixing#0:temperature"", ""mixing#1:mixing method"", ""mixing#1:time""]",[],
102,l302-s3-bandyopadhyay-2005,l191-s2-xie-2004,0,bilateral,"[""mixing#0:temperature"", ""mixing#1:mixing method""]","[""mixing#0:temperature"", ""mixing#1:mixing method""]","[""mixing#0:temperature"", ""mixing#1:mixing method""]",True
102,l302-s3-bandyopadhyay-2005,l191-s2-xie-2004,0,article_block,"[""mixing#0:temperature"", ""mixing#1:mixing method""]","[""mixing#0:mixing method"", ""mixing#1:mixing method""]","[""mixing#0:temperature"", ""mixing#2:temperature"", ""mixing#2:time"", ""molding#0:temperature"", ""molding#0:time""]",
103,l279-s1-motaung-2012,l306-s3-jiang-2008,0,unilateral,"[""mixing#0:mixer"", ""mixing#0:rotational frequency"", ""mixing#0:temperature"", ""mixing#0:time"", ""molding#0:temperature"", ""molding#0:time""]","[""mixing#0:mixer"", ""mixing#0:rotational frequency"", ""mixing#0:temperature""]",[],
103,l279-s1-motaung-2012,l306-s3-jiang-2008,0,bilateral,"[""mixing#0:mixer"", ""mixing#0:rotational frequency"", ""mixing#0:temperature"", ""mixing#0:time"", ""molding#0:temperature"", ""molding#0:time""]","[""mixing#0:rotational frequency"", ""mixing#0:temperature"", ""molding#0:temperature""]","[""mixing#0:rotational frequency"", ""mixing#0:temperature"", ""molding#0:temperature""]",True
103,l279-s1-motaung-2012,l306-s3-jiang-2008,0,article_block,"[""mixing#0:mixer"", ""mixing#0:rotational frequency"", ""mixing#0:temperature"", ""mixing#0:time"", ""molding#0:temperature"", ""molding#0:time""]","[""mixing#0:mixer"", ""mixing#0:time"", ""molding#0:time""]",[],
104,e116-s21-prasad-2018,l203-s17-ma-2009,0,unilateral,"[""drying evaporation#0:time""]","[""drying evaporation#0:time"", ""extrusion#0:equipment type"", ""extrusion#0:rotation mode""]",[],
104,e116-s21-prasad-2018,l203-s17-ma-2009,0,bilateral,"[""drying evaporation#0:time""]",[],[],True
104,e116-s21-prasad-2018,l203-s17-ma-2009,0,article_block,"[""drying evaporation#0:time""]","[""extrusion#0:equipment type""]","[""additive#0:additive"", ""mixing#0:mixer"", ""mixing#0:rotational frequency""]",
105,l182-s7-hoepfner-2017,l382-s1-huang-2019,0,unilateral,"[""mixing#0:mixing method"", ""mixing#0:time""]","[""heating#0:time"", ""mixing#0:mixer"", ""mixing#1:mixer"", ""mixing#1:mixing method"", ""mixing#1:temperature"", ""mixing#2:mixing method""]",[],
105,l182-s7-hoepfner-2017,l382-s1-huang-2019,0,bilateral,"[""mixing#0:mixing method"", ""mixing#0:time""]","[""mixing#0:mixing method"", ""mixing#0:time""]","[""mixing#0:mixing method"", ""mixing#0:time""]",True
105,l182-s7-hoepfner-2017,l382-s1-huang-2019,0,article_block,"[""mixing#0:mixing method"", ""mixing#0:time""]","[""mixing#0:mixing method"", ""mixing#1:mixing method"", ""mixing#2:mixing method""]","[""mixing#0:mixing method""]",
106,l196-s4-petersson-2006,l294-s4-sarwar-2007,0,unilateral,"[""additive#0:additive"", ""mixing#0:mixing method"", ""mixing#1:mixing method"", ""mixing#1:time""]","[""additive#0:additive"", ""mixing#0:mixer"", ""mixing#0:mixing method"", ""mixing#0:time""]",[],
106,l196-s4-petersson-2006,l294-s4-sarwar-2007,0,bilateral,"[""additive#0:additive"", ""mixing#0:mixing method"", ""mixing#1:mixing method"", ""mixing#1:time""]","[""additive#0:additive""]","[""additive#0:additive""]",True
106,l196-s4-petersson-2006,l294-s4-sarwar-2007,0,article_block,"[""additive#0:additive"", ""mixing#0:mixing method"", ""mixing#1:mixing method"", ""mixing#1:time""]","[""heating#0:ambient condition"", ""heating#0:temperature"", ""mixing#0:mixing method"", ""mixing#1:mixing method""]","[""drying evaporation#0:temperature"", ""drying evaporation#1:temperature"", ""drying evaporation#1:time"", ""mixing#1:time"", ""mixing#2:time""]",
107,l225-s8-ma-2007,l302-s3-bandyopadhyay-2005,0,unilateral,"[""additive#0:additive"", ""mixing#0:temperature"", ""mixing#0:time"", ""mixing#1:mixing method"", ""mixing#1:temperature"", ""mixing#1:time""]","[""additive#0:additive"", ""heating#0:ambient condition"", ""heating#1:temperature"", ""heating#1:time"", ""mixing#0:time"", ""mixing#1:mixing method"", ""mixing#1:temperature"", ""mixing#1:time""]",[],
107,l225-s8-ma-2007,l302-s3-bandyopadhyay-2005,0,bilateral,"[""additive#0:additive"", ""mixing#0:temperature"", ""mixing#0:time"", ""mixing#1:mixing method"", ""mixing#1:temperature"", ""mixing#1:time""]","[""additive#0:additive"", ""mixing#0:temperature"", ""mixing#0:time"", ""mixing#1:mixing method""]","[""additive#0:additive"", ""mixing#0:temperature"", ""mixing#0:time"", ""mixing#1:mixing method""]",True
107,l225-s8-ma-2007,l302-s3-bandyopadhyay-2005,0,article_block,"[""additive#0:additive"", ""mixing#0:temperature"", ""mixing#0:time"", ""mixing#1:mixing method"", ""mixing#1:temperature"", ""mixing#1:time""]","[""additive#0:additive"", ""heating#0:ambient condition"", ""heating#0:temperature"", ""heating#0:time"", ""heating#1:temperature"", ""heating#1:time"", ""mixing#0:temperature"", ""mixing#0:time"", ""mixing#1:temperature"", ""mixing#1:time"", ""molding#0:temperature"", ""molding#0:time""]","[""mixing#0:mixing method"", ""mixing#1:mixing method""]",
108,l320-s2-wang-2014,l258-s4-du-2004,0,unilateral,"[""mixing#0:mixing method""]","[""heating#0:temperature"", ""heating#2:temperature"", ""heating#3:time"", ""mixing#0:mixer"", ""mixing#0:mixing method"", ""mixing#0:time"", ""mixing#2:mixing method"", ""mixing#2:time"", ""mixing#3:mixing method"", ""mixing#3:rotational frequency"", ""mixing#4:mixing method""]",[],
108,l320-s2-wang-2014,l258-s4-du-2004,0,bilateral,"[""mixing#0:mixing method""]",[],[],True
108,l320-s2-wang-2014,l258-s4-du-2004,0,article_block,"[""mixing#0:mixing method""]","[""heating#2:time"", ""heating#3:time"", ""mixing#0:mixer"", ""mixing#0:time"", ""mixing#2:time"", ""mixing#3:mixer""]",[],
109,l282-s3-cui-2008,l316-s5-chandrasekaran-2013,0,unilateral,"[""mixing#0:mixing method"", ""mixing#1:time""]","[""drying evaporation#0:ambient condition"", ""drying evaporation#0:temperature"", ""drying evaporation#1:ambient condition"", ""drying evaporation#1:time"", ""mixing#0:mixing method"", ""mixing#0:temperature"", ""mixing#2:temperature"", ""mixing#2:time"", ""mixing#3:mixing method""]",[],
109,l282-s3-cui-2008,l316-s5-chandrasekaran-2013,0,bilateral,"[""mixing#0:mixing method"", ""mixing#1:time""]","[""mixing#0:mixing method""]","[""mixing#0:mixing method""]",True
109,l282-s3-cui-2008,l316-s5-chandrasekaran-2013,0,article_block,"[""mixing#0:mixing method"", ""mixing#1:time""]","[""drying evaporation#0:ambient condition"", ""drying evaporation#0:time"", ""drying evaporation#1:ambient condition"", ""drying evaporation#1:time"", ""mixing#0:time"", ""mixing#1:time"", ""mixing#2:time""]","[""heating#1:time"", ""heating#2:time"", ""mixing#0:mixing method"", ""mixing#1:time""]",
110,l180-s3-maillard-2012,l252-s3-ameli-2014,0,unilateral,[],"[""mixing#0:time"", ""molding#0:time""]",[],
110,l180-s3-maillard-2012,l252-s3-ameli-2014,0,bilateral,[],[],[],True
110,l180-s3-maillard-2012,l252-s3-ameli-2014,0,article_block,[],"[""heating#0:ambient condition"", ""heating#0:pressure"", ""molding#0:ambient condition""]","[""extrusion#0:equipment type""]",
111,l242-s4-narayanan-2006,l306-s2-jiang-2008,0,unilateral,[],[],[],
111,l242-s4-narayanan-2006,l306-s2-jiang-2008,0,bilateral,[],[],[],True
111,l242-s4-narayanan-2006,l306-s2-jiang-2008,0,article_block,[],[],[],
112,l275-s1-zhou-2006,l285-s3-pham-2012,0,unilateral,[],"[""heating#0:ambient condition"", ""heating#0:temperature"", ""heating#0:time"", ""heating#2:temperature"", ""mixing#0:mixing method"", ""mixing#0:time""]",[],
112,l275-s1-zhou-2006,l285-s3-pham-2012,0,bilateral,[],[],[],True
112,l275-s1-zhou-2006,l285-s3-pham-2012,0,article_block,[],"[""mixing#0:mixing method""]","[""molding#0:pressure"", ""molding#0:time""]",
113,e116-s21-prasad-2018,l413-s3-botta-2018,0,unilateral,"[""drying evaporation#0:ambient condition"", ""drying evaporation#0:time"", ""extrusion#0:equipment type"", ""extrusion#0:extrusion temperature"", ""extrusion#0:rotation mode"", ""extrusion#0:rotation speed""]","[""drying evaporation#0:time"", ""extrusion#0:equipment type"", ""extrusion#0:extrusion temperature"", ""extrusion#0:rotation mode"", ""extrusion#0:rotation speed""]",[],
113,e116-s21-prasad-2018,l413-s3-botta-2018,0,bilateral,"[""drying evaporation#0:ambient condition"", ""drying evaporation#0:time"", ""extrusion#0:equipment type"", ""extrusion#0:extrusion temperature"", ""extrusion#0:rotation mode"", ""extrusion#0:rotation speed""]","[""drying evaporation#0:ambient condition"", ""extrusion#0:equipment type"", ""extrusion#0:extrusion temperature"", ""extrusion#0:rotation mode"", ""extrusion#0:rotation speed""]","[""drying evaporation#0:ambient condition"", ""extrusion#0:equipment type"", ""extrusion#0:extrusion temperature"", ""extrusion#0:rotation mode"", ""extrusion#0:rotation speed""]",True
113,e116-s21-prasad-2018,l413-s3-botta-2018,0,article_block,"[""drying evaporation#0:ambient condition"", ""drying evaporation#0:time"", ""extrusion#0:equipment type"", ""extrusion#0:extrusion temperature"", ""extrusion#0:rotation mode"", ""extrusion#0:rotation speed""]","[""extrusion#0:equipment type""]","[""extrusion#0:extruder"", ""extrusion#0:extrusion temperature"", ""extrusion#0:rotation mode"", ""extrusion#0:rotation speed"", ""extrusion#1:extruder"", ""extrusion#1:extrusion temperature"", ""extrusion#1:rotation speed"", ""extrusion#2:extruder"", ""extrusion#2:extrusion temperature"", ""extrusion#2:rotation speed"", ""extrusion#3:extruder"", ""extrusion#3:extrusion temperature"", ""extrusion#3:rotation speed""]",
114,l142-s2-gao-2014,l396-s4-ghosh-2013,0,unilateral,"[""heating#0:temperature"", ""mixing#0:mixing method""]","[""drying evaporation#0:temperature"", ""drying evaporation#1:time"", ""heating#0:temperature"", ""mixing#0:mixing method"", ""mixing#2:mixing method"", ""mixing#3:time""]",[],
114,l142-s2-gao-2014,l396-s4-ghosh-2013,0,bilateral,"[""heating#0:temperature"", ""mixing#0:mixing method""]","[""mixing#0:mixing method""]","[""mixing#0:mixing method""]",True
114,l142-s2-gao-2014,l396-s4-ghosh-2013,0,article_block,"[""heating#0:temperature"", ""mixing#0:mixing method""]","[""drying evaporation#0:temperature"", ""drying evaporation#1:ambient condition"", ""drying evaporation#1:temperature"", ""heating#0:temperature"", ""mixing#0:mixing method"", ""mixing#1:mixing method"", ""mixing#2:mixing method"", ""mixing#3:mixing method""]","[""extrusion#0:equipment type"", ""mixing#0:mixer"", ""mixing#0:mixing method""]",
115,l225-s1-ma-2007,l274-s3-goh-2003,0,unilateral,"[""heating#0:temperature"", ""heating#0:time"", ""molding#0:temperature"", ""molding#0:time""]","[""heating#0:time"", ""molding#0:temperature"", ""molding#0:time""]",[],
115,l225-s1-ma-2007,l274-s3-goh-2003,0,bilateral,"[""heating#0:temperature"", ""heating#0:time"", ""molding#0:temperature"", ""molding#0:time""]","[""heating#0:temperature"", ""heating#0:time"", ""molding#0:time""]","[""heating#0:temperature"", ""heating#0:time"", ""molding#0:time""]",True
115,l225-s1-ma-2007,l274-s3-goh-2003,0,article_block,"[""heating#0:temperature"", ""heating#0:time"", ""molding#0:temperature"", ""molding#0:time""]","[""heating#0:temperature"", ""heating#0:time"", ""molding#0:temperature"", ""molding#0:time""]","[""heating#0:temperature"", ""heating#0:time"", ""mixing#0:mixer"", ""mixing#0:temperature"", ""mixing#0:time"", ""molding#0:temperature"", ""molding#0:time""]",
116,l261-s2-wang-2016,l146-s3-tao-2011,0,unilateral,"[""solvent#0:solvent name""]","[""heating#0:temperature"", ""heating#1:temperature"", ""heating#1:time"", ""heating#3:temperature"", ""mixing#1:mixing method"", ""mixing#2:mixer"", ""mixing#2:rotational frequency"", ""mixing#3:mixing method"", ""mixing#3:time"", ""mixing#4:time""]",[],
116,l261-s2-wang-2016,l146-s3-tao-2011,0,bilateral,"[""solvent#0:solvent name""]","[""solvent#0:solvent name""]","[""solvent#0:solvent name""]",True
116,l261-s2-wang-2016,l146-s3-tao-2011,0,article_block,"[""solvent#0:solvent name""]","[""heating#1:ambient condition"", ""mixing#2:rotational frequency"", ""mixing#4:rotational frequency"", ""solvent#0:solvent name""]","[""solvent#0:solvent name""]",
117,l154-s3-eitan-2005,l221-s4-dai-2008,0,unilateral,"[""mixing#0:mixing method"", ""mixing#0:time"", ""mixing#1:mixing method"", ""mixing#1:time""]","[""additive#0:additive"", ""drying evaporation#0:time"", ""mixing#0:mixing method"", ""mixing#1:mixing method"", ""mixing#1:time""]",[],
117,l154-s3-eitan-2005,l221-s4-dai-2008,0,bilateral,"[""mixing#0:mixing method"", ""mixing#0:time"", ""mixing#1:mixing method"", ""mixing#1:time""]","[""mixing#0:time""]","[""mixing#0:time""]",True
117,l154-s3-eitan-2005,l221-s4-dai-2008,0,article_block,"[""mixing#0:mixing method"", ""mixing#0:time"", ""mixing#1:mixing method"", ""mixing#1:time""]","[""additive#0:additive"", ""drying evaporation#0:temperature"", ""drying evaporation#1:temperature"", ""mixing#0:mixer""]","[""mixing#0:chemical used"", ""molding#0:temperature""]",
118,l212-s5-ghanbari-2012,l308-s3-demetrio-2013,0,unilateral,[],"[""drying evaporation#0:temperature"", ""drying evaporation#1:time"", ""drying evaporation#2:time"", ""extrusion#0:equipment type"", ""extrusion#0:extruder"", ""extrusion#0:rotation mode"", ""extrusion#0:rotation speed"", ""molding#0:temperature""]",[],
118,l212-s5-ghanbari-2012,l308-s3-demetrio-2013,0,bilateral,[],[],[],True
118,l212-s5-ghanbari-2012,l308-s3-demetrio-2013,0,article_block,[],"[""cooling#1:time"", ""drying evaporation#0:temperature"", ""drying evaporation#0:time"", ""drying evaporation#1:temperature"", ""drying evaporation#1:time"", ""drying evaporation#2:temperature"", ""drying evaporation#2:time"", ""extrusion#0:equipment type"", ""extrusion#0:extruder"", ""molding#0:temperature"", ""molding#0:time""]","[""mixing#0:time""]",
119,e116-s21-prasad-2018,l238-s3-zhao-2008,0,unilateral,"[""drying evaporation#0:time""]","[""drying evaporation#0:ambient condition"", ""drying evaporation#0:time""]",[],
119,e116-s21-prasad-2018,l238-s3-zhao-2008,0,bilateral,"[""drying evaporation#0:time""]",[],[],True
119,e116-s21-prasad-2018,l238-s3-zhao-2008,0,article_block,"[""drying evaporation#0:time""]","[""extrusion#0:equipment type""]","[""additive#0:additive"", ""additive#1:additive"", ""drying evaporation#0:time"", ""heating#0:time"", ""heating#1:time"", ""mixing#0:mixer"", ""mixing#0:time"", ""solvent#0:solvent name""]",
120,l310-s5-chatterjee-2007,l282-s3-cui-2008,0,unilateral,"[""mixing#0:mixing method"", ""mixing#0:time"", ""mixing#1:mixing method"", ""mixing#1:time""]","[""mixing#1:time""]",[],
120,l310-s5-chatterjee-2007,l282-s3-cui-2008,0,bilateral,"[""mixing#0:mixing method"", ""mixing#0:time"", ""mixing#1:mixing method"", ""mixing#1:time""]","[""mixing#0:mixing method"", ""mixing#1:mixing method""]","[""mixing#0:mixing method"", ""mixing#1:mixing method""]",True
120,l310-s5-chatterjee-2007,l282-s3-cui-2008,0,article_block,"[""mixing#0:mixing method"", ""mixing#0:time"", ""mixing#1:mixing method"", ""mixing#1:time""]","[""heating#0:time"", ""mixing#0:mixer"", ""mixing#0:time"", ""mixing#1:time"", ""molding#0:time""]","[""drying evaporation#0:ambient condition"", ""drying evaporation#0:time"", ""drying evaporation#1:ambient condition"", ""drying evaporation#1:time"", ""mixing#0:time"", ""mixing#1:time"", ""mixing#2:time""]",
121,l324-s5-zhu-2017,l154-s3-eitan-2005,0,unilateral,"[""drying evaporation#0:temperature"", ""drying evaporation#0:time""]","[""drying evaporation#0:ambient condition""]",[],
121,l324-s5-zhu-2017,l154-s3-eitan-2005,0,bilateral,"[""drying evaporation#0:temperature"", ""drying evaporation#0:time""]","[""drying evaporation#0:temperature"", ""drying evaporation#0:time""]","[""drying evaporation#0:temperature"", ""drying evaporation#0:time""]",True
121,l324-s5-zhu-2017,l154-s3-eitan-2005,0,article_block,"[""drying evaporation#0:temperature"", ""drying evaporation#0:time""]","[""drying evaporation#0:ambient condition"", ""drying evaporation#0:time"", ""molding#0:time""]","[""additive#0:additive"", ""drying evaporation#0:temperature"", ""drying evaporation#1:temperature"", ""mixing#0:mixer""]",
122,l385-s3-bailey-2019,l279-s1-motaung-2012,0,unilateral,[],"[""drying evaporation#0:temperature"", ""mixing#1:time"", ""solvent#0:solvent name""]",[],
122,l385-s3-bailey-2019,l279-s1-motaung-2012,0,bilateral,[],[],[],True
122,l385-s3-bailey-2019,l279-s1-motaung-2012,0,article_block,[],"[""drying evaporation#0:temperature"", ""drying evaporation#0:time"", ""mixing#1:time"", ""solvent#0:solvent name"", ""solvent#1:solvent name"", ""solvent#2:solvent name""]","[""mixing#0:mixer"", ""mixing#0:time"", ""molding#0:time""]",
123,l209-s7-ash-2001,l308-s3-demetrio-2013,0,unilateral,[],[],[],
123,l209-s7-ash-2001,l308-s3-demetrio-2013,0,bilateral,[],[],[],True
123,l209-s7-ash-2001,l308-s3-demetrio-2013,0,article_block,[],"[""drying evaporation#0:time""]","[""mixing#0:time""]",
124,l267-s3-kim-2006,l236-s9-fukushima-2012,0,unilateral,"[""mixing#0:mixing method"", ""mixing#0:time""]","[""heating#0:temperature"", ""heating#1:time"", ""mixing#0:mixing method"", ""mixing#0:time""]",[],
124,l267-s3-kim-2006,l236-s9-fukushima-2012,0,bilateral,"[""mixing#0:mixing method"", ""mixing#0:time""]","[""mixing#0:time""]","[""mixing#0:time""]",True
124,l267-s3-kim-2006,l236-s9-fukushima-2012,0,article_block,"[""mixing#0:mixing method"", ""mixing#0:time""]","[""mixing#0:mixing method""]","[""cooling#1:pressure"", ""mixing#0:mixing method"", ""mixing#0:rotational frequency"", ""mixing#0:temperature"", ""mixing#1:mixing method"", ""mixing#1:rotational frequency"", ""mixing#1:temperature"", ""molding#0:temperature""]",
125,l242-s4-narayanan-2006,l102-s8-hu-2007,0,unilateral,[],[],[],
125,l242-s4-narayanan-2006,l102-s8-hu-2007,0,bilateral,[],[],[],True
125,l242-s4-narayanan-2006,l102-s8-hu-2007,0,article_block,[],[],"[""mixing#0:rotational frequency"", ""mixing#0:temperature"", ""mixing#0:time"", ""molding#0:temperature""]",
126,l208-s5-li-2012,l304-s3-stockelhuber-2011,0,unilateral,"[""mixing#0:mixer"", ""mixing#0:mixing method"", ""mixing#0:temperature"", ""mixing#0:time""]","[""drying evaporation#0:ambient condition"", ""drying evaporation#0:time"", ""drying evaporation#1:ambient condition"", ""drying evaporation#1:temperature"", ""drying evaporation#1:time"", ""mixing#0:mixing method"", ""mixing#0:rotational frequency"", ""mixing#0:temperature""]",[],
126,l208-s5-li-2012,l304-s3-stockelhuber-2011,0,bilateral,"[""mixing#0:mixer"", ""mixing#0:mixing method"", ""mixing#0:temperature"", ""mixing#0:time""]","[""mixing#0:mixing method"", ""mixing#0:temperature""]","[""mixing#0:mixing method"", ""mixing#0:temperature""]",True
126,l208-s5-li-2012,l304-s3-stockelhuber-2011,0,article_block,"[""mixing#0:mixer"", ""mixing#0:mixing method"", ""mixing#0:temperature"", ""mixing#0:time""]","[""drying evaporation#0:temperature"", ""drying evaporation#1:temperature"", ""mixing#0:mixer"", ""mixing#0:rotational frequency"", ""mixing#0:temperature"", ""molding#0:pressure"", ""molding#0:temperature""]","[""mixing#0:mixer"", ""mixing#0:mixing method"", ""mixing#0:time""]",
127,l140-s9-gao-2012,l285-s1-pham-2012,0,unilateral,"[""molding#0:temperature"", ""molding#0:time""]","[""molding#0:temperature"", ""molding#0:time"", ""molding#1:temperature"", ""molding#1:time""]",[],
127,l140-s9-gao-2012,l285-s1-pham-2012,0,bilateral,"[""molding#0:temperature"", ""molding#0:time""]","[""molding#0:temperature""]","[""molding#0:temperature""]",True
127,l140-s9-gao-2012,l285-s1-pham-2012,0,article_block,"[""molding#0:temperature"", ""molding#0:time""]","[""molding#0:temperature"", ""molding#1:temperature""]","[""molding#0:pressure"", ""molding#0:time""]",
128,l174-s6-ramanathan-2008,l396-s6-ghosh-2013,0,unilateral,"[""mixing#0:mixing method""]","[""mixing#1:time""]",[],
128,l174-s6-ramanathan-2008,l396-s6-ghosh-2013,0,bilateral,"[""mixing#0:mixing method""]","[""mixing#0:mixing method""]","[""mixing#0:mixing method""]",True
128,l174-s6-ramanathan-2008,l396-s6-ghosh-2013,0,article_block,"[""mixing#0:mixing method""]","[""mixing#1:time""]","[""extrusion#0:equipment type"", ""mixing#0:mixer"", ""mixing#0:mixing method""]",
129,l240-s6-hong-2005,l177-s2-yang-2013,0,unilateral,"[""mixing#0:mixer"", ""mixing#0:time""]","[""mixing#0:mixer"", ""mixing#0:temperature""]",[],
129,l240-s6-hong-2005,l177-s2-yang-2013,0,bilateral,"[""mixing#0:mixer"", ""mixing#0:time""]","[""mixing#0:mixer""]","[""mixing#0:mixer""]",True
129,l240-s6-hong-2005,l177-s2-yang-2013,0,article_block,"[""mixing#0:mixer"", ""mixing#0:time""]","[""mixing#0:mixer"", ""mixing#0:time""]","[""mixing#0:mixer"", ""mixing#0:time""]",
130,l203-s17-ma-2009,l120-s11-murugaraj-2005,0,unilateral,"[""drying evaporation#0:temperature"", ""drying evaporation#0:time"", ""solvent#0:solvent name""]","[""drying evaporation#0:pressure"", ""drying evaporation#0:temperature"", ""heating#1:temperature"", ""heating#1:time"", ""heating#2:temperature"", ""mixing#0:mixer"", ""mixing#0:mixing method"", ""mixing#0:rotational frequency"", ""mixing#0:temperature"", ""mixing#0:time""]",[],
130,l203-s17-ma-2009,l120-s11-murugaraj-2005,0,bilateral,"[""drying evaporation#0:temperature"", ""drying evaporation#0:time"", ""solvent#0:solvent name""]","[""solvent#0:solvent name""]","[""solvent#0:solvent name""]",True
130,l203-s17-ma-2009,l120-s11-murugaraj-2005,0,article_block,"[""drying evaporation#0:temperature"", ""drying evaporation#0:time"", ""solvent#0:solvent name""]","[""additive#0:additive"", ""mixing#0:mixer"", ""mixing#0:rotational frequency""]","[""drying evaporation#0:temperature"", ""drying evaporation#0:time"", ""drying evaporation#1:temperature""]",
131,l179-s5-ramanathan-2007,l377-s4-wanasekara-2017,0,unilateral,"[""drying evaporation#0:ambient condition"", ""drying evaporation#0:time"", ""mixing#0:mixing method""]","[""drying evaporation#0:ambient condition"", ""drying evaporation#0:temperature"", ""mixing#0:mixer"", ""mixing#0:mixing method"", ""mixing#0:time"", ""mixing#2:mixer"", ""mixing#2:mixing method"", ""mixing#2:rotational frequency"", ""mixing#2:time"", ""mixing#3:mixing method"", ""molding#0:pressure"", ""molding#0:temperature""]",[],
131,l179-s5-ramanathan-2007,l377-s4-wanasekara-2017,0,bilateral,"[""drying evaporation#0:ambient condition"", ""drying evaporation#0:time"", ""mixing#0:mixing method""]",[],[],True
131,l179-s5-ramanathan-2007,l377-s4-wanasekara-2017,0,article_block,"[""drying evaporation#0:ambient condition"", ""drying evaporation#0:time"", ""mixing#0:mixing method""]","[""drying evaporation#0:ambient condition"", ""drying evaporation#0:temperature"", ""mixing#0:mixer"", ""mixing#0:mixing method"", ""mixing#1:mixing method"", ""mixing#2:mixer"", ""mixing#2:mixing method"", ""mixing#3:mixing method"", ""molding#0:temperature""]","[""drying evaporation#0:time"", ""mixing#0:mixing method""]",
132,l325-s5-manafi-2015,l267-s3-kim-2006,0,unilateral,"[""heating#0:time"", ""mixing#0:mixing method"", ""mixing#0:time""]","[""drying evaporation#0:temperature"", ""mixing#0:time"", ""mixing#1:temperature"", ""mixing#2:time"", ""mixing#3:time""]",[],
132,l325-s5-manafi-2015,l267-s3-kim-2006,0,bilateral,"[""heating#0:time"", ""mixing#0:mixing method"", ""mixing#0:time""]","[""heating#0:time""]","[""heating#0:time""]",True
132,l325-s5-manafi-2015,l267-s3-kim-2006,0,article_block,"[""heating#0:time"", ""mixing#0:mixing method"", ""mixing#0:time""]","[""drying evaporation#0:ambient condition"", ""drying evaporation#0:time"", ""heating#0:time"", ""mixing#0:time"", ""mixing#2:time"", ""mixing#3:time""]","[""mixing#0:mixing method""]",
133,l146-s4-tao-2011,l306-s2-jiang-2008,0,unilateral,[],[],[],
133,l146-s4-tao-2011,l306-s2-jiang-2008,0,bilateral,[],[],[],True
133,l146-s4-tao-2011,l306-s2-jiang-2008,0,article_block,[],"[""solvent#0:solvent name""]",[],
134,l180-s3-maillard-2012,l289-s1-motaung-2012,0,unilateral,"[""mixing#0:time"", ""molding#0:time""]","[""heating#0:pressure"", ""heating#0:time"", ""mixing#0:mixing method"", ""mixing#0:time"", ""molding#0:time""]",[],
134,l180-s3-maillard-2012,l289-s1-motaung-2012,0,bilateral,"[""mixing#0:time"", ""molding#0:time""]",[],[],True
134,l180-s3-maillard-2012,l289-s1-motaung-2012,0,article_block,"[""mixing#0:time"", ""molding#0:time""]","[""heating#0:ambient condition"", ""heating#0:pressure"", ""molding#0:ambient condition""]","[""mixing#0:time"", ""molding#0:time""]",
135,l146-s3-tao-2011,l388-s1-benes-2018,0,unilateral,[],"[""solvent#0:solvent name""]",[],
135,l146-s3-tao-2011,l388-s1-benes-2018,0,bilateral,[],[],[],True
135,l146-s3-tao-2011,l388-s1-benes-2018,0,article_block,[],"[""solvent#0:solvent name""]","[""additive#0:additive"", ""additive#1:additive"", ""curing#0:time"", ""curing#1:time"", ""heating#0:time""]",
136,l274-s3-goh-2003,l287-s2-jang-2008,0,unilateral,"[""heating#0:temperature"", ""heating#0:time""]","[""heating#0:temperature"", ""heating#0:time"", ""mixing#0:mixer"", ""molding#0:ambient condition"", ""molding#0:time""]",[],
136,l274-s3-goh-2003,l287-s2-jang-2008,0,bilateral,"[""heating#0:temperature"", ""heating#0:time""]","[""heating#0:temperature"", ""heating#0:time""]","[""heating#0:temperature"", ""heating#0:time""]",True
136,l274-s3-goh-2003,l287-s2-jang-2008,0,article_block,"[""heating#0:temperature"", ""heating#0:time""]","[""heating#0:temperature"", ""heating#0:time"", ""mixing#0:mixer"", ""mixing#0:temperature"", ""mixing#0:time"", ""molding#0:temperature"", ""molding#0:time""]","[""drying evaporation#0:ambient condition"", ""drying evaporation#0:temperature"", ""drying evaporation#1:ambient condition"", ""drying evaporation#1:temperature"", ""drying evaporation#1:time"", ""heating#0:ambient condition"", ""heating#0:temperature"", ""heating#0:time"", ""heating#1:temperature"", ""heating#1:time"", ""mixing#0:mixing method"", ""mixing#1:mixing method"", ""mixing#1:time"", ""mixing#2:mixing method"", ""mixing#2:temperature"", ""mixing#2:time"", ""solvent#0:solvent name""]",
137,l318-s3-patsidis-2014,l146-s3-tao-2011,0,unilateral,[],"[""heating#1:temperature"", ""mixing#1:time""]",[],
137,l318-s3-patsidis-2014,l146-s3-tao-2011,0,bilateral,[],[],[],True
137,l318-s3-patsidis-2014,l146-s3-tao-2011,0,article_block,[],"[""mixing#0:mixing method"", ""mixing#1:mixing method""]","[""solvent#0:solvent name""]",
138,l258-s4-du-2004,e410-s2-prasad-2021,0,unilateral,"[""mixing#0:mixing method""]",[],[],
138,l258-s4-du-2004,e410-s2-prasad-2021,0,bilateral,"[""mixing#0:mixing method""]",[],[],True
138,l258-s4-du-2004,e410-s2-prasad-2021,0,article_block,"[""mixing#0:mixing method""]",[],"[""drying evaporation#0:ambient condition"", ""drying evaporation#0:temperature"", ""drying evaporation#0:time"", ""extrusion output#0:equipment type"", ""extrusion output#0:extruder"", ""extrusion output#0:rotation mode"", ""extrusion output#0:screw channel diameter"", ""extrusion output#0:screw diameter""]",
139,l140-s9-gao-2012,l142-s2-gao-2014,0,unilateral,"[""mixing#1:mixing method""]","[""mixing#1:mixer"", ""mixing#1:mixing method"", ""molding#0:temperature""]",[],
139,l140-s9-gao-2012,l142-s2-gao-2014,0,bilateral,"[""mixing#1:mixing method""]",[],[],True
139,l140-s9-gao-2012,l142-s2-gao-2014,0,article_block,"[""mixing#1:mixing method""]","[""molding#0:temperature"", ""molding#1:temperature""]","[""drying evaporation#0:temperature"", ""drying evaporation#1:ambient condition"", ""drying evaporation#1:temperature"", ""heating#0:temperature"", ""mixing#0:mixing method"", ""mixing#1:mixing method"", ""mixing#2:mixing method"", ""mixing#3:mixing method""]",
140,l171-s15-rittigstein-2006,l309-s4-torki-2010,0,unilateral,"[""mixing#0:mixer"", ""mixing#0:time""]","[""cooling#0:time"", ""cooling#1:temperature"", ""cooling#1:time"", ""mixing#0:mixer"", ""mixing#0:time"", ""solvent#0:solvent name""]",[],
140,l171-s15-rittigstein-2006,l309-s4-torki-2010,0,bilateral,"[""mixing#0:mixer"", ""mixing#0:time""]",[],[],True
140,l171-s15-rittigstein-2006,l309-s4-torki-2010,0,article_block,"[""mixing#0:mixer"", ""mixing#0:time""]","[""cooling#0:temperature"", ""cooling#0:time"", ""cooling#1:temperature"", ""cooling#1:time"", ""drying evaporation#0:time"", ""mixing#0:time"", ""solvent#0:solvent name""]","[""mixing#0:mixer""]",
141,l302-s3-bandyopadhyay-2005,l129-s12-wu-2011,0,unilateral,"[""mixing#0:mixing method"", ""mixing#0:temperature"", ""mixing#0:time"", ""mixing#1:mixing method"", ""mixing#1:temperature"", ""mixing#1:time""]","[""additive#0:additive"", ""cooling#0:temperature"", ""mixing#0:temperature"", ""mixing#0:time"", ""mixing#1:temperature""]",[],
141,l302-s3-bandyopadhyay-2005,l129-s12-wu-2011,0,bilateral,"[""mixing#0:mixing method"", ""mixing#0:temperature"", ""mixing#0:time"", ""mixing#1:mixing method"", ""mixing#1:temperature"", ""mixing#1:time""]","[""mixing#0:mixing method""]","[""mixing#0:mixing method""]",True
141,l302-s3-bandyopadhyay-2005,l129-s12-wu-2011,0,article_block,"[""mixing#0:mixing method"", ""mixing#0:temperature"", ""mixing#0:time"", ""mixing#1:mixing method"", ""mixing#1:temperature"", ""mixing#1:time""]","[""mixing#0:mixing method"", ""mixing#1:mixing method""]","[""mixing#0:mixing method"", ""mixing#0:temperature"", ""mixing#1:mixing method"", ""mixing#1:temperature""]",
142,l211-s15-ash-2004,l294-s6-sarwar-2007,0,unilateral,"[""additive#0:additive"", ""mixing#0:mixing method""]","[""additive#0:additive"", ""heating#0:temperature"", ""mixing#0:temperature""]",[],
142,l211-s15-ash-2004,l294-s6-sarwar-2007,0,bilateral,"[""additive#0:additive"", ""mixing#0:mixing method""]","[""additive#0:additive"", ""mixing#0:mixing method""]","[""additive#0:additive"", ""mixing#0:mixing method""]",True
142,l211-s15-ash-2004,l294-s6-sarwar-2007,0,article_block,"[""additive#0:additive"", ""mixing#0:mixing method""]","[""heating#0:time"", ""mixing#0:time""]","[""drying evaporation#0:temperature"", ""drying evaporation#1:temperature"", ""drying evaporation#1:time"", ""mixing#1:time"", ""mixing#2:time""]",
143,l278-s1-choi-2001,l308-s3-demetrio-2013,0,unilateral,"[""mixing#0:mixing method"", ""mixing#0:time"", ""solvent#0:solvent name""]","[""drying evaporation#1:temperature"", ""drying evaporation#1:time"", ""mixing#0:time"", ""mixing#1:mixing method"", ""mixing#1:time"", ""mixing#2:mixing method"", ""mixing#2:temperature"", ""molding#0:pressure"", ""solvent#0:solvent name""]",[],
143,l278-s1-choi-2001,l308-s3-demetrio-2013,0,bilateral,"[""mixing#0:mixing method"", ""mixing#0:time"", ""solvent#0:solvent name""]","[""solvent#0:solvent name""]","[""solvent#0:solvent name""]",True
143,l278-s1-choi-2001,l308-s3-demetrio-2013,0,article_block,"[""mixing#0:mixing method"", ""mixing#0:time"", ""solvent#0:solvent name""]","[""drying evaporation#0:time"", ""drying evaporation#1:temperature"", ""drying evaporation#1:time"", ""mixing#0:rotational frequency"", ""mixing#0:time"", ""mixing#1:temperature"", ""mixing#1:time"", ""mixing#2:temperature"", ""mixing#2:time"", ""molding#0:pressure"", ""solvent#0:solvent name""]","[""mixing#0:time""]",
144,l262-s5-oyarzabal-2016,l316-s10-chandrasekaran-2013,0,unilateral,[],"[""mixing#0:rotational frequency"", ""molding#0:temperature""]",[],
144,l262-s5-oyarzabal-2016,l316-s10-chandrasekaran-2013,0,bilateral,[],[],[],True
144,l262-s5-oyarzabal-2016,l316-s10-chandrasekaran-2013,0,article_block,[],"[""mixing#0:temperature"", ""molding#0:temperature""]","[""heating#0:time"", ""heating#2:time"", ""heating#3:time"", ""mixing#0:mixing method"", ""mixing#0:time"", ""mixing#1:mixing method"", ""mixing#1:rotational frequency"", ""mixing#1:time"", ""mixing#2:time""]",
145,l290-s24-si-2006,l212-s5-ghanbari-2012,0,unilateral,[],"[""mixing#0:rotational frequency"", ""mixing#0:time"", ""mixing#1:mixer"", ""mixing#1:rotational frequency"", ""mixing#1:temperature""]",[],
145,l290-s24-si-2006,l212-s5-ghanbari-2012,0,bilateral,[],[],[],True
145,l290-s24-si-2006,l212-s5-ghanbari-2012,0,article_block,[],"[""mixing#0:time"", ""mixing#1:time""]","[""cooling#1:time"", ""drying evaporation#0:temperature"", ""drying evaporation#0:time"", ""drying evaporation#1:temperature"", ""drying evaporation#1:time"", ""drying evaporation#2:temperature"", ""drying evaporation#2:time"", ""extrusion#0:equipment type"", ""extrusion#0:extruder"", ""molding#0:temperature"", ""molding#0:time""]",
146,l308-s4-demetrio-2013,l102-s8-hu-2007,0,unilateral,"[""mixing#0:temperature"", ""mixing#0:time""]","[""mixing#0:time"", ""solvent#0:solvent name""]",[],
146,l308-s4-demetrio-2013,l102-s8-hu-2007,0,bilateral,"[""mixing#0:temperature"", ""mixing#0:time""]","[""mixing#0:temperature"", ""mixing#0:time""]","[""mixing#0:temperature"", ""mixing#0:time""]",True
146,l308-s4-demetrio-2013,l102-s8-hu-2007,0,article_block,"[""mixing#0:temperature"", ""mixing#0:time""]","[""mixing#0:time""]","[""mixing#0:rotational frequency"", ""mixing#0:temperature"", ""mixing#0:time"", ""molding#0:temperature""]",
147,l254-s7-castillo-2011,l208-s5-li-2012,0,unilateral,"[""drying evaporation#0:temperature"", ""drying evaporation#0:time"", ""mixing#0:mixer"", ""mixing#0:mixing method"", ""mixing#0:rotational frequency"", ""mixing#0:temperature"", ""mixing#0:time""]","[""drying evaporation#0:temperature"", ""mixing#0:mixer"", ""mixing#0:rotational frequency"", ""mixing#0:temperature"", ""mixing#0:time""]",[],
147,l254-s7-castillo-2011,l208-s5-li-2012,0,bilateral,"[""drying evaporation#0:temperature"", ""drying evaporation#0:time"", ""mixing#0:mixer"", ""mixing#0:mixing method"", ""mixing#0:rotational frequency"", ""mixing#0:temperature"", ""mixing#0:time""]","[""mixing#0:mixer""]","[""mixing#0:mixer""]",True
147,l254-s7-castillo-2011,l208-s5-li-2012,0,article_block,"[""drying evaporation#0:temperature"", ""drying evaporation#0:time"", ""mixing#0:mixer"", ""mixing#0:mixing method"", ""mixing#0:rotational frequency"", ""mixing#0:temperature"", ""mixing#0:time""]","[""drying evaporation#0:time"", ""heating#0:time"", ""mixing#0:mixer"", ""mixing#0:mixing method"", ""mixing#0:rotational frequency"", ""mixing#0:time""]","[""drying evaporation#0:temperature"", ""drying evaporation#1:temperature"", ""mixing#0:mixer"", ""mixing#0:rotational frequency"", ""mixing#0:temperature"", ""molding#0:pressure"", ""molding#0:temperature""]",
148,l121-s8-nelson-2005,l208-s5-li-2012,0,unilateral,"[""drying evaporation#0:ambient condition"", ""drying evaporation#0:temperature"", ""drying evaporation#0:time"", ""drying evaporation#1:ambient condition"", ""drying evaporation#1:temperature"", ""drying evaporation#1:time"", ""mixing#0:mixing method"", ""mixing#0:temperature""]","[""additive#1:additive"", ""drying evaporation#0:ambient condition"", ""drying evaporation#0:time"", ""drying evaporation#1:ambient condition"", ""drying evaporation#1:temperature"", ""heating#0:time"", ""mixing#0:mixing method"", ""mixing#1:mixer"", ""mixing#1:mixing method""]",[],
148,l121-s8-nelson-2005,l208-s5-li-2012,0,bilateral,"[""drying evaporation#0:ambient condition"", ""drying evaporation#0:temperature"", ""drying evaporation#0:time"", ""drying evaporation#1:ambient condition"", ""drying evaporation#1:temperature"", ""drying evaporation#1:time"", ""mixing#0:mixing method"", ""mixing#0:temperature""]","[""drying evaporation#0:temperature"", ""mixing#0:mixing method"", ""mixing#0:temperature""]","[""drying evaporation#0:temperature"", ""mixing#0:mixing method"", ""mixing#0:temperature""]",True
148,l121-s8-nelson-2005,l208-s5-li-2012,0,article_block,"[""drying evaporation#0:ambient condition"", ""drying evaporation#0:temperature"", ""drying evaporation#0:time"", ""drying evaporation#1:ambient condition"", ""drying evaporation#1:temperature"", ""drying evaporation#1:time"", ""mixing#0:mixing method"", ""mixing#0:temperature""]","[""drying evaporation#0:ambient condition"", ""drying evaporation#0:time"", ""drying evaporation#1:ambient condition"", ""drying evaporation#1:time"", ""drying evaporation#2:time"", ""heating#0:time""]","[""drying evaporation#0:temperature"", ""drying evaporation#1:temperature"", ""mixing#0:mixer"", ""mixing#0:rotational frequency"", ""mixing#0:temperature"", ""molding#0:pressure"", ""molding#0:temperature""]",
149,l140-s9-gao-2012,l294-s4-sarwar-2007,0,unilateral,"[""mixing#1:mixing method""]","[""molding#0:temperature"", ""molding#0:time""]",[],
149,l140-s9-gao-2012,l294-s4-sarwar-2007,0,bilateral,"[""mixing#1:mixing method""]","[""mixing#1:mixing method""]","[""mixing#1:mixing method""]",True
149,l140-s9-gao-2012,l294-s4-sarwar-2007,0,article_block,"[""mixing#1:mixing method""]","[""molding#0:temperature"", ""molding#1:temperature""]","[""drying evaporation#0:temperature"", ""drying evaporation#1:temperature"", ""drying evaporation#1:time"", ""mixing#1:time"", ""mixing#2:time""]",
150,l225-s8-ma-2007,l271-s15-sun-2004,0,unilateral,"[""mixing#0:time""]","[""additive#0:additive"", ""heating#0:ambient condition"", ""heating#0:temperature"", ""heating#1:time"", ""mixing#1:mixing method"", ""mixing#1:temperature"", ""molding#0:temperature""]",[],
150,l225-s8-ma-2007,l271-s15-sun-2004,0,bilateral,"[""mixing#0:time""]","[""mixing#0:time""]","[""mixing#0:time""]",True
150,l225-s8-ma-2007,l271-s15-sun-2004,0,article_block,"[""mixing#0:time""]","[""additive#0:additive"", ""heating#0:ambient condition"", ""heating#0:temperature"", ""heating#0:time"", ""heating#1:temperature"", ""heating#1:time"", ""mixing#0:temperature"", ""mixing#0:time"", ""mixing#1:temperature"", ""mixing#1:time"", ""molding#0:temperature"", ""molding#0:time""]","[""mixing#0:mixing method"", ""mixing#0:time""]",
151,l177-s2-yang-2013,l306-s2-jiang-2008,0,unilateral,"[""mixing#0:mixer"", ""mixing#0:mixing method"", ""mixing#0:time""]",[],[],
151,l177-s2-yang-2013,l306-s2-jiang-2008,0,bilateral,"[""mixing#0:mixer"", ""mixing#0:mixing method"", ""mixing#0:time""]","[""mixing#0:mixer"", ""mixing#0:time""]","[""mixing#0:mixer"", ""mixing#0:time""]",True
151,l177-s2-yang-2013,l306-s2-jiang-2008,0,article_block,"[""mixing#0:mixer"", ""mixing#0:mixing method"", ""mixing#0:time""]","[""mixing#0:mixer"", ""mixing#0:time""]",[],
152,l278-s1-choi-2001,l287-s4-jang-2008,0,unilateral,"[""drying evaporation#1:ambient condition"", ""drying evaporation#1:temperature"", ""drying evaporation#1:time"", ""mixing#0:mixing method"", ""mixing#1:mixing method"", ""mixing#1:time"", ""mixing#2:mixing method"", ""mixing#2:temperature"", ""mixing#2:time"", ""solvent#0:solvent name""]","[""drying evaporation#1:ambient condition"", ""drying evaporation#1:temperature"", ""drying evaporation#1:time"", ""mixing#2:mixing method"", ""molding#0:pressure"", ""solvent#0:solvent name""]",[],
152,l278-s1-choi-2001,l287-s4-jang-2008,0,bilateral,"[""drying evaporation#1:ambient condition"", ""drying evaporation#1:temperature"", ""drying evaporation#1:time"", ""mixing#0:mixing method"", ""mixing#1:mixing method"", ""mixing#1:time"", ""mixing#2:mixing method"", ""mixing#2:temperature"", ""mixing#2:time"", ""solvent#0:solvent name""]","[""drying evaporation#1:ambient condition"", ""drying evaporation#1:time"", ""mixing#0:mixing method"", ""mixing#1:time"", ""mixing#2:mixing method"", ""mixing#2:time"", ""solvent#0:solvent name""]","[""drying evaporation#1:ambient condition"", ""drying evaporation#1:time"", ""mixing#0:mixing method"", ""mixing#1:time"", ""mixing#2:mixing method"", ""mixing#2:time"", ""solvent#0:solvent name""]",True
152,l278-s1-choi-2001,l287-s4-jang-2008,0,article_block,"[""drying evaporation#1:ambient condition"", ""drying evaporation#1:temperature"", ""drying evaporation#1:time"", ""mixing#0:mixing method"", ""mixing#1:mixing method"", ""mixing#1:time"", ""mixing#2:mixing method"", ""mixing#2:temperature"", ""mixing#2:time"", ""solvent#0:solvent name""]","[""drying evaporation#0:time"", ""drying evaporation#1:temperature"", ""drying evaporation#1:time"", ""mixing#0:rotational frequency"", ""mixing#0:time"", ""mixing#1:temperature"", ""mixing#1:time"", ""mixing#2:temperature"", ""mixing#2:time"", ""molding#0:pressure"", ""solvent#0:solvent name""]","[""drying evaporation#0:ambient condition"", ""drying evaporation#0:temperature"", ""drying evaporation#1:ambient condition"", ""drying evaporation#1:temperature"", ""drying evaporation#1:time"", ""heating#0:ambient condition"", ""heating#0:temperature"", ""heating#0:time"", ""heating#1:temperature"", ""heating#1:time"", ""mixing#0:mixing method"", ""mixing#1:mixing method"", ""mixing#1:time"", ""mixing#2:mixing method"", ""mixing#2:temperature"", ""mixing#2:time"", ""solvent#0:solvent name""]",
153,l274-s3-goh-2003,l294-s4-sarwar-2007,0,unilateral,[],"[""heating#0:pressure"", ""heating#0:temperature"", ""molding#0:time"", ""molding#1:pressure""]",[],
153,l274-s3-goh-2003,l294-s4-sarwar-2007,0,bilateral,[],[],[],True
153,l274-s3-goh-2003,l294-s4-sarwar-2007,0,article_block,[],"[""heating#0:temperature"", ""heating#0:time"", ""mixing#0:mixer"", ""mixing#0:temperature"", ""mixing#0:time"", ""molding#0:temperature"", ""molding#0:time""]","[""drying evaporation#0:temperature"", ""drying evaporation#1:temperature"", ""drying evaporation#1:time"", ""mixing#1:time"", ""mixing#2:time""]",
154,l308-s4-demetrio-2013,l377-s4-wanasekara-2017,0,unilateral,"[""mixing#0:mixing method""]","[""mixing#0:temperature"", ""mixing#0:time""]",[],
154,l308-s4-demetrio-2013,l377-s4-wanasekara-2017,0,bilateral,"[""mixing#0:mixing method""]","[""mixing#0:mixing method""]","[""mixing#0:mixing method""]",True
154,l308-s4-demetrio-2013,l377-s4-wanasekara-2017,0,article_block,"[""mixing#0:mixing method""]","[""mixing#0:time""]","[""drying evaporation#0:time"", ""mixing#0:mixing method""]",
155,l282-s3-cui-2008,l266-s8-kalaitzidou-2007,0,unilateral,"[""mixing#0:temperature"", ""mixing#0:time""]","[""drying evaporation#1:ambient condition"", ""drying evaporation#1:time"", ""mixing#0:temperature"", ""mixing#0:time"", ""mixing#1:temperature"", ""mixing#1:time"", ""mixing#2:mixing method""]",[],
155,l282-s3-cui-2008,l266-s8-kalaitzidou-2007,0,bilateral,"[""mixing#0:temperature"", ""mixing#0:time""]","[""mixing#0:temperature"", ""mixing#0:time""]","[""mixing#0:temperature"", ""mixing#0:time""]",True
155,l282-s3-cui-2008,l266-s8-kalaitzidou-2007,0,article_block,"[""mixing#0:temperature"", ""mixing#0:time""]","[""drying evaporation#0:ambient condition"", ""drying evaporation#0:time"", ""drying evaporation#1:ambient condition"", ""drying evaporation#1:time"", ""mixing#0:time"", ""mixing#1:time"", ""mixing#2:time""]","[""extrusion#0:rotation mode"", ""mixing#0:mixer""]",
156,l325-s5-manafi-2015,l260-s5-haggenmueller-2006,0,unilateral,"[""mixing#0:mixing method"", ""mixing#0:time"", ""mixing#1:mixing method""]","[""drying evaporation#0:ambient condition"", ""heating#0:time"", ""mixing#0:mixing method"", ""mixing#2:temperature"", ""mixing#3:mixing method""]",[],
156,l325-s5-manafi-2015,l260-s5-haggenmueller-2006,0,bilateral,"[""mixing#0:mixing method"", ""mixing#0:time"", ""mixing#1:mixing method""]","[""mixing#1:mixing method""]","[""mixing#1:mixing method""]",True
156,l325-s5-manafi-2015,l260-s5-haggenmueller-2006,0,article_block,"[""mixing#0:mixing method"", ""mixing#0:time"", ""mixing#1:mixing method""]","[""drying evaporation#0:ambient condition"", ""drying evaporation#0:time"", ""heating#0:time"", ""mixing#0:time"", ""mixing#2:time"", ""mixing#3:time""]","[""mixing#0:mixer"", ""mixing#0:time""]",
157,l238-s3-zhao-2008,l132-s4-holt-2014,0,unilateral,"[""drying evaporation#0:temperature"", ""drying evaporation#0:time"", ""mixing#0:mixing method"", ""mixing#0:time"", ""solvent#0:solvent name""]","[""drying evaporation#0:temperature"", ""heating#0:time"", ""heating#1:time"", ""mixing#0:mixer""]",[],
157,l238-s3-zhao-2008,l132-s4-holt-2014,0,bilateral,"[""drying evaporation#0:temperature"", ""drying evaporation#0:time"", ""mixing#0:mixing method"", ""mixing#0:time"", ""solvent#0:solvent name""]","[""drying evaporation#0:time"", ""mixing#0:mixing method"", ""solvent#0:solvent name""]","[""drying evaporation#0:time"", ""mixing#0:mixing method"", ""solvent#0:solvent name""]",True
157,l238-s3-zhao-2008,l132-s4-holt-2014,0,article_block,"[""drying evaporation#0:temperature"", ""drying evaporation#0:time"", ""mixing#0:mixing method"", ""mixing#0:time"", ""solvent#0:solvent name""]","[""additive#0:additive"", ""additive#1:additive"", ""drying evaporation#0:time"", ""heating#0:time"", ""heating#1:time"", ""mixing#0:mixer"", ""mixing#0:time"", ""solvent#0:solvent name""]","[""solvent#0:solvent name""]",
158,l225-s8-ma-2007,l118-s1-fidelus-2005,0,unilateral,"[""additive#0:additive"", ""heating#0:temperature"", ""heating#0:time"", ""mixing#0:time"", ""mixing#1:mixing method""]","[""additive#0:additive"", ""heating#0:ambient condition"", ""heating#0:temperature"", ""heating#1:time"", ""mixing#0:temperature"", ""mixing#0:time"", ""mixing#1:mixing method"", ""molding#0:time""]",[],
158,l225-s8-ma-2007,l118-s1-fidelus-2005,0,bilateral,"[""additive#0:additive"", ""heating#0:temperature"", ""heating#0:time"", ""mixing#0:time"", ""mixing#1:mixing method""]","[""additive#0:additive"", ""mixing#0:time"", ""mixing#1:mixing method""]","[""additive#0:additive"", ""mixing#0:time"", ""mixing#1:mixing method""]",True
158,l225-s8-ma-2007,l118-s1-fidelus-2005,0,article_block,"[""additive#0:additive"", ""heating#0:temperature"", ""heating#0:time"", ""mixing#0:time"", ""mixing#1:mixing method""]","[""additive#0:additive"", ""heating#0:ambient condition"", ""heating#0:temperature"", ""heating#0:time"", ""heating#1:temperature"", ""heating#1:time"", ""mixing#0:temperature"", ""mixing#0:time"", ""mixing#1:temperature"", ""mixing#1:time"", ""molding#0:temperature"", ""molding#0:time""]","[""drying evaporation#0:temperature"", ""drying evaporation#1:ambient condition"", ""heating#0:temperature""]",
159,l314-s4-diezpascual-2011,l217-s6-ash-2002,0,unilateral,"[""drying evaporation#0:time"", ""mixing#0:mixing method"", ""mixing#0:time"", ""mixing#1:mixing method"", ""mixing#1:time""]","[""drying evaporation#0:ambient condition"", ""drying evaporation#0:time"", ""mixing#0:mixing method"", ""mixing#0:time"", ""mixing#1:time"", ""mixing#2:time"", ""molding#0:temperature""]",[],
159,l314-s4-diezpascual-2011,l217-s6-ash-2002,0,bilateral,"[""drying evaporation#0:time"", ""mixing#0:mixing method"", ""mixing#0:time"", ""mixing#1:mixing method"", ""mixing#1:time""]","[""drying evaporation#0:time""]","[""drying evaporation#0:time""]",True
159,l314-s4-diezpascual-2011,l217-s6-ash-2002,0,article_block,"[""drying evaporation#0:time"", ""mixing#0:mixing method"", ""mixing#0:time"", ""mixing#1:mixing method"", ""mixing#1:time""]","[""mixing#0:mixing method"", ""mixing#1:mixing method"", ""mixing#2:mixing method"", ""molding#0:temperature""]","[""drying evaporation#0:time"", ""heating#1:time"", ""mixing#0:mixing method"", ""mixing#0:time"", ""mixing#1:mixing method"", ""mixing#1:time""]",
160,l221-s8-dai-2008,l200-s4-schoch-2008,0,unilateral,"[""mixing#0:mixing method"", ""mixing#0:time"", ""mixing#1:mixing method"", ""mixing#1:time""]","[""mixing#0:mixing method"", ""mixing#1:mixing method"", ""molding#0:temperature""]",[],
160,l221-s8-dai-2008,l200-s4-schoch-2008,0,bilateral,"[""mixing#0:mixing method"", ""mixing#0:time"", ""mixing#1:mixing method"", ""mixing#1:time""]","[""mixing#0:mixing method"", ""mixing#0:time"", ""mixing#1:time""]","[""mixing#0:mixing method"", ""mixing#0:time"", ""mixing#1:time""]",True
160,l221-s8-dai-2008,l200-s4-schoch-2008,0,article_block,"[""mixing#0:mixing method"", ""mixing#0:time"", ""mixing#1:mixing method"", ""mixing#1:time""]","[""mixing#0:chemical used"", ""molding#0:temperature""]","[""mixing#0:time"", ""mixing#1:time""]",
161,l320-s2-wang-2014,l137-s8-yang-2014,0,unilateral,"[""mixing#0:mixing method"", ""mixing#0:time"", ""mixing#1:mixing method"", ""mixing#2:mixing method"", ""mixing#2:time"", ""mixing#3:mixing method""]","[""heating#0:temperature"", ""heating#1:ambient condition"", ""heating#2:temperature"", ""heating#2:time"", ""heating#3:temperature"", ""heating#3:time"", ""mixing#0:mixer"", ""mixing#0:mixing method"", ""mixing#0:time"", ""mixing#1:mixing method"", ""mixing#2:mixing method"", ""mixing#3:mixer"", ""mixing#3:rotational frequency"", ""mixing#4:mixing method""]",[],
161,l320-s2-wang-2014,l137-s8-yang-2014,0,bilateral,"[""mixing#0:mixing method"", ""mixing#0:time"", ""mixing#1:mixing method"", ""mixing#2:mixing method"", ""mixing#2:time"", ""mixing#3:mixing method""]","[""mixing#0:mixing method"", ""mixing#2:time"", ""mixing#3:mixing method""]","[""mixing#0:mixing method"", ""mixing#2:time"", ""mixing#3:mixing method""]",True
161,l320-s2-wang-2014,l137-s8-yang-2014,0,article_block,"[""mixing#0:mixing method"", ""mixing#0:time"", ""mixing#1:mixing method"", ""mixing#2:mixing method"", ""mixing#2:time"", ""mixing#3:mixing method""]","[""heating#2:time"", ""heating#3:time"", ""mixing#0:mixer"", ""mixing#0:time"", ""mixing#2:time"", ""mixing#3:mixer""]","[""drying evaporation#0:ambient condition"", ""mixing#0:mixing method"", ""mixing#1:mixing method"", ""mixing#2:mixing method"", ""mixing#3:mixing method""]",
162,l196-s4-petersson-2006,l102-s8-hu-2007,0,unilateral,"[""mixing#0:mixer"", ""mixing#0:time""]","[""heating#0:ambient condition"", ""heating#0:temperature"", ""heating#0:time"", ""mixing#0:mixer"", ""mixing#0:mixing method"", ""mixing#0:time"", ""mixing#1:time""]",[],
162,l196-s4-petersson-2006,l102-s8-hu-2007,0,bilateral,"[""mixing#0:mixer"", ""mixing#0:time""]","[""mixing#0:mixer""]","[""mixing#0:mixer""]",True
162,l196-s4-petersson-2006,l102-s8-hu-2007,0,article_block,"[""mixing#0:mixer"", ""mixing#0:time""]","[""heating#0:ambient condition"", ""heating#0:temperature"", ""mixing#0:mixing method"", ""mixing#1:mixing method""]","[""mixing#0:rotational frequency"", ""mixing#0:temperature"", ""mixing#0:time"", ""molding#0:temperature""]",
163,l142-s2-gao-2014,l392-s1-wang-2020,0,unilateral,"[""drying evaporation#0:temperature"", ""heating#0:temperature"", ""heating#0:time""]","[""drying evaporation#0:temperature"", ""heating#0:temperature"", ""heating#0:time"", ""mixing#1:mixing method""]",[],
163,l142-s2-gao-2014,l392-s1-wang-2020,0,bilateral,"[""drying evaporation#0:temperature"", ""heating#0:temperature"", ""heating#0:time""]","[""drying evaporation#0:temperature""]","[""drying evaporation#0:temperature""]",True
163,l142-s2-gao-2014,l392-s1-wang-2020,0,article_block,"[""drying evaporation#0:temperature"", ""heating#0:temperature"", ""heating#0:time""]","[""drying evaporation#0:temperature"", ""drying evaporation#1:ambient condition"", ""drying evaporation#1:temperature"", ""heating#0:temperature"", ""mixing#0:mixing method"", ""mixing#1:mixing method"", ""mixing#2:mixing method"", ""mixing#3:mixing method""]","[""additive#0:additive"", ""drying evaporation#0:temperature"", ""drying evaporation#0:time"", ""heating#0:temperature"", ""heating#0:time"", ""heating#1:temperature"", ""heating#1:time"", ""heating#2:temperature""]",
164,l261-s2-wang-2016,l236-s9-fukushima-2012,0,unilateral,"[""mixing#0:mixing method"", ""mixing#0:time"", ""mixing#1:mixing method"", ""mixing#1:time"", ""molding#0:temperature""]","[""heating#1:ambient condition"", ""heating#1:temperature"", ""heating#1:time"", ""heating#2:temperature"", ""heating#3:time"", ""mixing#1:mixing method"", ""mixing#1:time"", ""mixing#2:mixer"", ""mixing#2:mixing method"", ""mixing#3:time"", ""mixing#4:time"", ""molding#0:temperature"", ""molding#0:time""]",[],
164,l261-s2-wang-2016,l236-s9-fukushima-2012,0,bilateral,"[""mixing#0:mixing method"", ""mixing#0:time"", ""mixing#1:mixing method"", ""mixing#1:time"", ""molding#0:temperature""]","[""mixing#0:mixing method"", ""molding#0:temperature""]","[""mixing#0:mixing method"", ""molding#0:temperature""]",True
164,l261-s2-wang-2016,l236-s9-fukushima-2012,0,article_block,"[""mixing#0:mixing method"", ""mixing#0:time"", ""mixing#1:mixing method"", ""mixing#1:time"", ""molding#0:temperature""]","[""heating#1:ambient condition"", ""mixing#2:rotational frequency"", ""mixing#4:rotational frequency"", ""solvent#0:solvent name""]","[""cooling#1:pressure"", ""mixing#0:mixing method"", ""mixing#0:rotational frequency"", ""mixing#0:temperature"", ""mixing#1:mixing method"", ""mixing#1:rotational frequency"", ""mixing#1:temperature"", ""molding#0:temperature""]",
165,l325-s5-manafi-2015,l306-s2-jiang-2008,0,unilateral,"[""mixing#0:mixing method"", ""mixing#0:time""]","[""drying evaporation#0:temperature"", ""drying evaporation#0:time"", ""heating#0:time"", ""mixing#0:mixing method"", ""mixing#0:time"", ""mixing#3:mixing method""]",[],
165,l325-s5-manafi-2015,l306-s2-jiang-2008,0,bilateral,"[""mixing#0:mixing method"", ""mixing#0:time""]","[""mixing#0:mixing method""]","[""mixing#0:mixing method""]",True
165,l325-s5-manafi-2015,l306-s2-jiang-2008,0,article_block,"[""mixing#0:mixing method"", ""mixing#0:time""]","[""drying evaporation#0:ambient condition"", ""drying evaporation#0:time"", ""heating#0:time"", ""mixing#0:time"", ""mixing#2:time"", ""mixing#3:time""]",[],
166,l191-s2-xie-2004,l120-s2-murugaraj-2005,0,unilateral,[],"[""mixing#0:mixer"", ""mixing#0:temperature"", ""mixing#1:mixing method"", ""mixing#2:mixer"", ""mixing#2:time"", ""molding#0:time""]",[],
166,l191-s2-xie-2004,l120-s2-murugaraj-2005,0,bilateral,[],[],[],True
166,l191-s2-xie-2004,l120-s2-murugaraj-2005,0,article_block,[],"[""mixing#0:temperature"", ""mixing#2:temperature"", ""mixing#2:time"", ""molding#0:temperature"", ""molding#0:time""]","[""drying evaporation#0:temperature"", ""drying evaporation#0:time"", ""drying evaporation#1:temperature""]",
167,l110-s7-singha-2008,l289-s1-motaung-2012,0,unilateral,"[""molding#0:temperature"", ""molding#0:time""]","[""mixing#0:mixing method"", ""mixing#1:mixing method"", ""mixing#1:rotational frequency"", ""molding#0:ambient condition"", ""molding#0:temperature"", ""molding#0:time""]",[],
167,l110-s7-singha-2008,l289-s1-motaung-2012,0,bilateral,"[""molding#0:temperature"", ""molding#0:time""]","[""molding#0:time""]","[""molding#0:time""]",True
167,l110-s7-singha-2008,l289-s1-motaung-2012,0,article_block,"[""molding#0:temperature"", ""molding#0:time""]","[""mixing#0:mixing method"", ""mixing#1:mixing method"", ""mixing#1:rotational frequency"", ""mixing#2:mixing method"", ""mixing#3:mixing method""]","[""mixing#0:time"", ""molding#0:time""]",
168,e116-s21-prasad-2018,l383-s1-sadeghi-2017,0,unilateral,[],"[""drying evaporation#0:ambient condition"", ""extrusion#0:extrusion temperature"", ""extrusion#0:residence time""]",[],
168,e116-s21-prasad-2018,l383-s1-sadeghi-2017,0,bilateral,[],[],[],True
168,e116-s21-prasad-2018,l383-s1-sadeghi-2017,0,article_block,[],"[""extrusion#0:equipment type""]","[""mixing#0:rotational frequency"", ""mixing#0:time""]",
169,l262-s5-oyarzabal-2016,l212-s5-ghanbari-2012,0,unilateral,"[""molding#0:temperature""]","[""mixing#0:mixer"", ""mixing#0:temperature""]",[],
169,l262-s5-oyarzabal-2016,l212-s5-ghanbari-2012,0,bilateral,"[""molding#0:temperature""]",[],[],True
169,l262-s5-oyarzabal-2016,l212-s5-ghanbari-2012,0,article_block,"[""molding#0:temperature""]","[""mixing#0:temperature"", ""molding#0:temperature""]","[""cooling#1:time"", ""drying evaporation#0:temperature"", ""drying evaporation#0:time"", ""drying evaporation#1:temperature"", ""drying evaporation#1:time"", ""drying evaporation#2:temperature"", ""drying evaporation#2:time"", ""extrusion#0:equipment type"", ""extrusion#0:extruder"", ""molding#0:temperature"", ""molding#0:time""]",
170,l180-s3-maillard-2012,l260-s2-haggenmueller-2006,0,unilateral,"[""mixing#0:mixing method"", ""mixing#0:time""]","[""heating#0:temperature"", ""mixing#0:mixing method"", ""molding#0:ambient condition"", ""molding#0:time""]",[],
170,l180-s3-maillard-2012,l260-s2-haggenmueller-2006,0,bilateral,"[""mixing#0:mixing method"", ""mixing#0:time""]","[""mixing#0:mixing method"", ""mixing#0:time""]","[""mixing#0:mixing method"", ""mixing#0:time""]",True
170,l180-s3-maillard-2012,l260-s2-haggenmueller-2006,0,article_block,"[""mixing#0:mixing method"", ""mixing#0:time""]","[""heating#0:ambient condition"", ""heating#0:pressure"", ""molding#0:ambient condition""]","[""mixing#0:mixer"", ""mixing#0:time""]",
171,l136-s5-vescovo-2010,l318-s3-patsidis-2014,0,unilateral,"[""mixing#0:mixing method""]","[""mixing#0:mixing method""]",[],
171,l136-s5-vescovo-2010,l318-s3-patsidis-2014,0,bilateral,"[""mixing#0:mixing method""]","[""mixing#0:mixing method""]","[""mixing#0:mixing method""]",True
171,l136-s5-vescovo-2010,l318-s3-patsidis-2014,0,article_block,"[""mixing#0:mixing method""]",[],"[""mixing#0:mixing method"", ""mixing#1:mixing method""]",
172,l262-s5-oyarzabal-2016,l274-s3-goh-2003,0,unilateral,"[""mixing#0:mixer"", ""mixing#0:temperature"", ""molding#0:temperature""]","[""mixing#0:mixer"", ""mixing#0:rotational frequency"", ""mixing#0:temperature""]",[],
172,l262-s5-oyarzabal-2016,l274-s3-goh-2003,0,bilateral,"[""mixing#0:mixer"", ""mixing#0:temperature"", ""molding#0:temperature""]","[""mixing#0:mixer"", ""molding#0:temperature""]","[""mixing#0:mixer"", ""molding#0:temperature""]",True
172,l262-s5-oyarzabal-2016,l274-s3-goh-2003,0,article_block,"[""mixing#0:mixer"", ""mixing#0:temperature"", ""molding#0:temperature""]","[""mixing#0:temperature"", ""molding#0:temperature""]","[""heating#0:temperature"", ""heating#0:time"", ""mixing#0:mixer"", ""mixing#0:temperature"", ""mixing#0:time"", ""molding#0:temperature"", ""molding#0:time""]",
173,l174-s6-ramanathan-2008,l266-s8-kalaitzidou-2007,0,unilateral,[],"[""mixing#1:mixing method"", ""mixing#1:time""]",[],
173,l174-s6-ramanathan-2008,l266-s8-kalaitzidou-2007,0,bilateral,[],[],[],True
173,l174-s6-ramanathan-2008,l266-s8-kalaitzidou-2007,0,article_block,[],"[""mixing#1:time""]","[""extrusion#0:rotation mode"", ""mixing#0:mixer""]",
174,l325-s5-manafi-2015,l308-s3-demetrio-2013,0,unilateral,"[""mixing#0:mixing method"", ""mixing#0:time""]","[""drying evaporation#0:time"", ""mixing#0:mixing method"", ""mixing#1:mixing method"", ""mixing#1:temperature"", ""mixing#2:temperature"", ""mixing#2:time"", ""mixing#3:mixing method"", ""mixing#3:time""]",[],
174,l325-s5-manafi-2015,l308-s3-demetrio-2013,0,bilateral,"[""mixing#0:mixing method"", ""mixing#0:time""]",[],[],True
174,l325-s5-manafi-2015,l308-s3-demetrio-2013,0,article_block,"[""mixing#0:mixing method"", ""mixing#0:time""]","[""drying evaporation#0:ambient condition"", ""drying evaporation#0:time"", ""heating#0:time"", ""mixing#0:time"", ""mixing#2:time"", ""mixing#3:time""]","[""mixing#0:time""]",
175,l111-s4-singha-2009,l297-s1-shen-2004,0,unilateral,"[""drying evaporation#0:ambient condition"", ""drying evaporation#0:temperature"", ""drying evaporation#0:time"", ""mixing#0:mixing method""]","[""additive#1:additive"", ""drying evaporation#0:ambient condition"", ""drying evaporation#0:time"", ""drying evaporation#1:time"", ""drying evaporation#2:ambient condition"", ""drying evaporation#2:temperature"", ""drying evaporation#4:time"", ""mixing#0:mixing method"", ""mixing#1:mixing method"", ""mixing#1:rotational frequency"", ""mixing#2:mixing method"", ""mixing#2:time"", ""molding#1:temperature"", ""molding#1:time""]",[],
175,l111-s4-singha-2009,l297-s1-shen-2004,0,bilateral,"[""drying evaporation#0:ambient condition"", ""drying evaporation#0:temperature"", ""drying evaporation#0:time"", ""mixing#0:mixing method""]","[""drying evaporation#0:time"", ""mixing#0:mixing method""]","[""drying evaporation#0:time"", ""mixing#0:mixing method""]",True
175,l111-s4-singha-2009,l297-s1-shen-2004,0,article_block,"[""drying evaporation#0:ambient condition"", ""drying evaporation#0:temperature"", ""drying evaporation#0:time"", ""mixing#0:mixing method""]","[""drying evaporation#0:ambient condition"", ""drying evaporation#0:temperature"", ""drying evaporation#1:temperature"", ""drying evaporation#2:ambient condition"", ""drying evaporation#2:temperature"", ""drying evaporation#3:ambient condition"", ""mixing#0:mixer"", ""mixing#1:rotational frequency"", ""mixing#2:mixer"", ""molding#1:temperature""]","[""drying evaporation#0:temperature"", ""drying evaporation#0:time"", ""heating#0:temperature"", ""heating#0:time""]",
176,l120-s11-murugaraj-2005,l212-s5-ghanbari-2012,0,unilateral,"[""drying evaporation#0:temperature"", ""drying evaporation#0:time"", ""drying evaporation#1:temperature""]","[""drying evaporation#0:time"", ""drying evaporation#1:temperature""]",[],
176,l120-s11-murugaraj-2005,l212-s5-ghanbari-2012,0,bilateral,"[""drying evaporation#0:temperature"", ""drying evaporation#0:time"", ""drying evaporation#1:temperature""]","[""drying evaporation#0:temperature"", ""drying evaporation#0:time"", ""drying evaporation#1:temperature""]","[""drying evaporation#0:temperature"", ""drying evaporation#0:time"", ""drying evaporation#1:temperature""]",True
176,l120-s11-murugaraj-2005,l212-s5-ghanbari-2012,0,article_block,"[""drying evaporation#0:temperature"", ""drying evaporation#0:time"", ""drying evaporation#1:temperature""]","[""drying evaporation#0:temperature"", ""drying evaporation#0:time"", ""drying evaporation#1:temperature""]","[""cooling#1:time"", ""drying evaporation#0:temperature"", ""drying evaporation#0:time"", ""drying evaporation#1:temperature"", ""drying evaporation#1:time"", ""drying evaporation#2:temperature"", ""drying evaporation#2:time"", ""extrusion#0:equipment type"", ""extrusion#0:extruder"", ""molding#0:temperature"", ""molding#0:time""]",
177,l182-s7-hoepfner-2017,l287-s2-jang-2008,0,unilateral,"[""drying evaporation#0:temperature"", ""heating#0:temperature"", ""heating#0:time"", ""mixing#0:mixing method"", ""mixing#1:mixing method"", ""mixing#1:time"", ""mixing#2:mixing method"", ""mixing#2:temperature"", ""mixing#2:time""]","[""heating#0:temperature"", ""mixing#0:mixing method"", ""mixing#0:time"", ""mixing#1:mixer"", ""mixing#1:mixing method"", ""mixing#1:temperature"", ""mixing#1:time"", ""mixing#2:mixer"", ""mixing#2:time""]",[],
177,l182-s7-hoepfner-2017,l287-s2-jang-2008,0,bilateral,"[""drying evaporation#0:temperature"", ""heating#0:temperature"", ""heating#0:time"", ""mixing#0:mixing method"", ""mixing#1:mixing method"", ""mixing#1:time"", ""mixing#2:mixing method"", ""mixing#2:temperature"", ""mixing#2:time""]","[""heating#0:temperature"", ""heating#0:time"", ""mixing#0:mixing method"", ""mixing#2:mixing method"", ""mixing#2:temperature""]","[""heating#0:temperature"", ""heating#0:time"", ""mixing#0:mixing method"", ""mixing#2:mixing method"", ""mixing#2:temperature""]",True
177,l182-s7-hoepfner-2017,l287-s2-jang-2008,0,article_block,"[""drying evaporation#0:temperature"", ""heating#0:temperature"", ""heating#0:time"", ""mixing#0:mixing method"", ""mixing#1:mixing method"", ""mixing#1:time"", ""mixing#2:mixing method"", ""mixing#2:temperature"", ""mixing#2:time""]","[""mixing#0:mixing method"", ""mixing#1:mixing method"", ""mixing#2:mixing method""]","[""drying evaporation#0:ambient condition"", ""drying evaporation#0:temperature"", ""drying evaporation#1:ambient condition"", ""drying evaporation#1:temperature"", ""drying evaporation#1:time"", ""heating#0:ambient condition"", ""heating#0:temperature"", ""heating#0:time"", ""heating#1:temperature"", ""heating#1:time"", ""mixing#0:mixing method"", ""mixing#1:mixing method"", ""mixing#1:time"", ""mixing#2:mixing method"", ""mixing#2:temperature"", ""mixing#2:time"", ""solvent#0:solvent name""]",
178,l278-s2-choi-2001,l266-s8-kalaitzidou-2007,0,unilateral,"[""mixing#0:time""]","[""drying evaporation#1:temperature"", ""mixing#0:rotational frequency"", ""mixing#1:mixing method"", ""mixing#1:time"", ""mixing#2:temperature"", ""molding#0:pressure"", ""solvent#0:solvent name""]",[],
178,l278-s2-choi-2001,l266-s8-kalaitzidou-2007,0,bilateral,"[""mixing#0:time""]",[],[],True
178,l278-s2-choi-2001,l266-s8-kalaitzidou-2007,0,article_block,"[""mixing#0:time""]","[""drying evaporation#0:time"", ""drying evaporation#1:temperature"", ""drying evaporation#1:time"", ""mixing#0:rotational frequency"", ""mixing#0:time"", ""mixing#1:temperature"", ""mixing#1:time"", ""mixing#2:temperature"", ""mixing#2:time"", ""molding#0:pressure"", ""solvent#0:solvent name""]","[""extrusion#0:rotation mode"", ""mixing#0:mixer""]",
179,l142-s2-gao-2014,l413-s3-botta-2018,0,unilateral,"[""drying evaporation#0:temperature"", ""drying evaporation#1:ambient condition"", ""drying evaporation#1:temperature"", ""drying evaporation#1:time""]","[""drying evaporation#0:temperature"", ""drying evaporation#1:ambient condition"", ""drying evaporation#1:time"", ""heating#0:temperature"", ""heating#0:time"", ""mixing#1:mixing method"", ""mixing#2:mixing method"", ""mixing#2:time""]",[],
179,l142-s2-gao-2014,l413-s3-botta-2018,0,bilateral,"[""drying evaporation#0:temperature"", ""drying evaporation#1:ambient condition"", ""drying evaporation#1:temperature"", ""drying evaporation#1:time""]","[""drying evaporation#1:ambient condition"", ""drying evaporation#1:temperature"", ""drying evaporation#1:time""]","[""drying evaporation#1:ambient condition"", ""drying evaporation#1:temperature"", ""drying evaporation#1:time""]",True
179,l142-s2-gao-2014,l413-s3-botta-2018,0,article_block,"[""drying evaporation#0:temperature"", ""drying evaporation#1:ambient condition"", ""drying evaporation#1:temperature"", ""drying evaporation#1:time""]","[""drying evaporation#0:temperature"", ""drying evaporation#1:ambient condition"", ""drying evaporation#1:temperature"", ""heating#0:temperature"", ""mixing#0:mixing method"", ""mixing#1:mixing method"", ""mixing#2:mixing method"", ""mixing#3:mixing method""]","[""extrusion#0:extruder"", ""extrusion#0:extrusion temperature"", ""extrusion#0:rotation mode"", ""extrusion#0:rotation speed"", ""extrusion#1:extruder"", ""extrusion#1:extrusion temperature"", ""extrusion#1:rotation speed"", ""extrusion#2:extruder"", ""extrusion#2:extrusion temperature"", ""extrusion#2:rotation speed"", ""extrusion#3:extruder"", ""extrusion#3:extrusion temperature"", ""extrusion#3:rotation speed""]",
180,l397-s1-tuncer-2007,l318-s4-patsidis-2014,0,unilateral,"[""mixing#1:mixing method"", ""mixing#1:time""]","[""curing#0:temperature"", ""mixing#1:mixing method""]",[],
180,l397-s1-tuncer-2007,l318-s4-patsidis-2014,0,bilateral,"[""mixing#1:mixing method"", ""mixing#1:time""]","[""mixing#1:mixing method"", ""mixing#1:time""]","[""mixing#1:mixing method"", ""mixing#1:time""]",True
180,l397-s1-tuncer-2007,l318-s4-patsidis-2014,0,article_block,"[""mixing#1:mixing method"", ""mixing#1:time""]","[""curing#0:ambient condition"", ""curing#0:temperature""]","[""mixing#0:mixing method"", ""mixing#1:mixing method""]",
181,l177-s2-yang-2013,l376-s6-carroll-2017,0,unilateral,"[""mixing#0:mixer"", ""mixing#0:mixing method"", ""mixing#0:time""]","[""mixing#0:mixer"", ""mixing#0:mixing method""]",[],
181,l177-s2-yang-2013,l376-s6-carroll-2017,0,bilateral,"[""mixing#0:mixer"", ""mixing#0:mixing method"", ""mixing#0:time""]","[""mixing#0:mixing method""]","[""mixing#0:mixing method""]",True
181,l177-s2-yang-2013,l376-s6-carroll-2017,0,article_block,"[""mixing#0:mixer"", ""mixing#0:mixing method"", ""mixing#0:time""]","[""mixing#0:mixer"", ""mixing#0:time""]","[""additive#0:additive"", ""drying evaporation#0:ambient condition"", ""drying evaporation#1:ambient condition"", ""drying evaporation#1:pressure"", ""drying evaporation#2:ambient condition"", ""drying evaporation#2:pressure""]",
182,l171-s15-rittigstein-2006,l377-s4-wanasekara-2017,0,unilateral,"[""drying evaporation#0:time"", ""mixing#0:mixing method""]","[""cooling#1:temperature"", ""mixing#0:mixer"", ""mixing#0:time"", ""solvent#0:solvent name""]",[],
182,l171-s15-rittigstein-2006,l377-s4-wanasekara-2017,0,bilateral,"[""drying evaporation#0:time"", ""mixing#0:mixing method""]",[],[],True
182,l171-s15-rittigstein-2006,l377-s4-wanasekara-2017,0,article_block,"[""drying evaporation#0:time"", ""mixing#0:mixing method""]","[""cooling#0:temperature"", ""cooling#0:time"", ""cooling#1:temperature"", ""cooling#1:time"", ""drying evaporation#0:time"", ""mixing#0:time"", ""solvent#0:solvent name""]","[""drying evaporation#0:time"", ""mixing#0:mixing method""]",
183,l238-s3-zhao-2008,l260-s2-haggenmueller-2006,0,unilateral,"[""mixing#0:mixer"", ""mixing#0:mixing method"", ""mixing#0:time"", ""solvent#0:solvent name""]","[""additive#0:additive"", ""heating#0:time"", ""mixing#0:mixer"", ""mixing#0:mixing method"", ""mixing#0:time"", ""solvent#0:solvent name""]",[],
183,l238-s3-zhao-2008,l260-s2-haggenmueller-2006,0,bilateral,"[""mixing#0:mixer"", ""mixing#0:mixing method"", ""mixing#0:time"", ""solvent#0:solvent name""]","[""mixing#0:time""]","[""mixing#0:time""]",True
183,l238-s3-zhao-2008,l260-s2-haggenmueller-2006,0,article_block,"[""mixing#0:mixer"", ""mixing#0:mixing method"", ""mixing#0:time"", ""solvent#0:solvent name""]","[""additive#0:additive"", ""additive#1:additive"", ""drying evaporation#0:time"", ""heating#0:time"", ""heating#1:time"", ""mixing#0:mixer"", ""mixing#0:time"", ""solvent#0:solvent name""]","[""mixing#0:mixer"", ""mixing#0:time""]",
184,l382-s1-huang-2019,l285-s1-pham-2012,0,unilateral,[],[],[],
184,l382-s1-huang-2019,l285-s1-pham-2012,0,bilateral,[],[],[],True
184,l382-s1-huang-2019,l285-s1-pham-2012,0,article_block,[],"[""mixing#0:mixing method""]","[""molding#0:pressure"", ""molding#0:time""]",
185,l171-s15-rittigstein-2006,l306-s2-jiang-2008,0,unilateral,"[""mixing#0:mixer"", ""mixing#0:mixing method"", ""mixing#0:time""]","[""cooling#0:temperature"", ""cooling#1:temperature"", ""drying evaporation#0:time"", ""mixing#0:mixer"", ""solvent#0:solvent name""]",[],
185,l171-s15-rittigstein-2006,l306-s2-jiang-2008,0,bilateral,"[""mixing#0:mixer"", ""mixing#0:mixing method"", ""mixing#0:time""]","[""mixing#0:time""]","[""mixing#0:time""]",True
185,l171-s15-rittigstein-2006,l306-s2-jiang-2008,0,article_block,"[""mixing#0:mixer"", ""mixing#0:mixing method"", ""mixing#0:time""]","[""cooling#0:temperature"", ""cooling#0:time"", ""cooling#1:temperature"", ""cooling#1:time"", ""drying evaporation#0:time"", ""mixing#0:time"", ""solvent#0:solvent name""]",[],
186,l210-s4-zhang-2014,l129-s12-wu-2011,0,unilateral,"[""mixing#0:mixing method"", ""mixing#0:time""]","[""drying evaporation#0:ambient condition"", ""drying evaporation#0:temperature"", ""extrusion heating zone#0:equipment type"", ""extrusion heating zone#0:rotation speed"", ""mixing#0:mixing method"", ""mixing#0:rotational frequency"", ""mixing#0:time""]",[],
186,l210-s4-zhang-2014,l129-s12-wu-2011,0,bilateral,"[""mixing#0:mixing method"", ""mixing#0:time""]","[""mixing#0:mixing method"", ""mixing#0:time""]","[""mixing#0:mixing method"", ""mixing#0:time""]",True
186,l210-s4-zhang-2014,l129-s12-wu-2011,0,article_block,"[""mixing#0:mixing method"", ""mixing#0:time""]","[""drying evaporation#0:temperature"", ""drying evaporation#0:time"", ""extrusion heating zone#0:extruder"", ""mixing#0:mixing method"", ""mixing#0:time""]","[""mixing#0:mixing method"", ""mixing#0:temperature"", ""mixing#1:mixing method"", ""mixing#1:temperature""]",
187,l262-s5-oyarzabal-2016,l310-s5-chatterjee-2007,0,unilateral,"[""mixing#0:mixer"", ""molding#0:temperature""]","[""mixing#0:rotational frequency"", ""molding#0:temperature""]",[],
187,l262-s5-oyarzabal-2016,l310-s5-chatterjee-2007,0,bilateral,"[""mixing#0:mixer"", ""molding#0:temperature""]",[],[],True
187,l262-s5-oyarzabal-2016,l310-s5-chatterjee-2007,0,article_block,"[""mixing#0:mixer"", ""molding#0:temperature""]","[""mixing#0:temperature"", ""molding#0:temperature""]","[""heating#0:time"", ""mixing#0:mixer"", ""mixing#0:time"", ""mixing#1:time"", ""molding#0:time""]",
188,l396-s4-ghosh-2013,l388-s1-benes-2018,0,unilateral,"[""additive#0:additive"", ""additive#1:additive"", ""heating#0:temperature"", ""mixing#0:mixing method""]","[""additive#0:additive"", ""extrusion#0:equipment type"", ""heating#0:ambient condition"", ""heating#0:temperature"", ""mixing#0:mixer""]",[],
188,l396-s4-ghosh-2013,l388-s1-benes-2018,0,bilateral,"[""additive#0:additive"", ""additive#1:additive"", ""heating#0:temperature"", ""mixing#0:mixing method""]","[""additive#0:additive"", ""additive#1:additive""]","[""additive#0:additive"", ""additive#1:additive""]",True
188,l396-s4-ghosh-2013,l388-s1-benes-2018,0,article_block,"[""additive#0:additive"", ""additive#1:additive"", ""heating#0:temperature"", ""mixing#0:mixing method""]","[""extrusion#0:equipment type"", ""mixing#0:mixer"", ""mixing#0:mixing method""]","[""additive#0:additive"", ""additive#1:additive"", ""curing#0:time"", ""curing#1:time"", ""heating#0:time""]",
189,l154-s3-eitan-2005,l287-s2-jang-2008,0,unilateral,"[""additive#0:additive"", ""drying evaporation#0:temperature"", ""drying evaporation#1:temperature"", ""drying evaporation#1:time"", ""mixing#0:mixing method"", ""mixing#1:mixing method"", ""mixing#1:time""]","[""additive#0:additive"", ""drying evaporation#1:temperature"", ""mixing#0:mixer"", ""mixing#0:time""]",[],
189,l154-s3-eitan-2005,l287-s2-jang-2008,0,bilateral,"[""additive#0:additive"", ""drying evaporation#0:temperature"", ""drying evaporation#1:temperature"", ""drying evaporation#1:time"", ""mixing#0:mixing method"", ""mixing#1:mixing method"", ""mixing#1:time""]","[""additive#0:additive"", ""mixing#1:mixing method"", ""mixing#1:time""]","[""additive#0:additive"", ""mixing#1:mixing method"", ""mixing#1:time""]",True
189,l154-s3-eitan-2005,l287-s2-jang-2008,0,article_block,"[""additive#0:additive"", ""drying evaporation#0:temperature"", ""drying evaporation#1:temperature"", ""drying evaporation#1:time"", ""mixing#0:mixing method"", ""mixing#1:mixing method"", ""mixing#1:time""]","[""additive#0:additive"", ""drying evaporation#0:temperature"", ""drying evaporation#1:temperature"", ""mixing#0:mixer""]","[""drying evaporation#0:ambient condition"", ""drying evaporation#0:temperature"", ""drying evaporation#1:ambient condition"", ""drying evaporation#1:temperature"", ""drying evaporation#1:time"", ""heating#0:ambient condition"", ""heating#0:temperature"", ""heating#0:time"", ""heating#1:temperature"", ""heating#1:time"", ""mixing#0:mixing method"", ""mixing#1:mixing method"", ""mixing#1:time"", ""mixing#2:mixing method"", ""mixing#2:temperature"", ""mixing#2:time"", ""solvent#0:solvent name""]",
190,e116-s21-prasad-2018,l102-s8-hu-2007,0,unilateral,[],"[""drying evaporation#0:ambient condition"", ""drying evaporation#0:time"", ""extrusion#0:equipment type"", ""extrusion#0:extrusion temperature"", ""extrusion#0:rotation speed""]",[],
190,e116-s21-prasad-2018,l102-s8-hu-2007,0,bilateral,[],[],[],True
190,e116-s21-prasad-2018,l102-s8-hu-2007,0,article_block,[],"[""extrusion#0:equipment type""]","[""mixing#0:rotational frequency"", ""mixing#0:temperature"", ""mixing#0:time"", ""molding#0:temperature""]",
191,l282-s3-cui-2008,l306-s3-jiang-2008,0,unilateral,"[""mixing#0:mixing method"", ""mixing#0:temperature"", ""mixing#0:time""]","[""drying evaporation#0:time"", ""drying evaporation#1:ambient condition"", ""drying evaporation#1:time"", ""mixing#1:mixing method"", ""mixing#1:temperature"", ""mixing#1:time"", ""mixing#2:time""]",[],
191,l282-s3-cui-2008,l306-s3-jiang-2008,0,bilateral,"[""mixing#0:mixing method"", ""mixing#0:temperature"", ""mixing#0:time""]","[""mixing#0:mixing method"", ""mixing#0:temperature"", ""mixing#0:time""]","[""mixing#0:mixing method"", ""mixing#0:temperature"", ""mixing#0:time""]",True
191,l282-s3-cui-2008,l306-s3-jiang-2008,0,article_block,"[""mixing#0:mixing method"", ""mixing#0:temperature"", ""mixing#0:time""]","[""drying evaporation#0:ambient condition"", ""drying evaporation#0:time"", ""drying evaporation#1:ambient condition"", ""drying evaporation#1:time"", ""mixing#0:time"", ""mixing#1:time"", ""mixing#2:time""]",[],
192,l129-s12-wu-2011,e139-s6-hassinger-2016,0,unilateral,[],"[""mixing#0:mixing method""]",[],
192,l129-s12-wu-2011,e139-s6-hassinger-2016,0,bilateral,[],[],[],True
192,l129-s12-wu-2011,e139-s6-hassinger-2016,0,article_block,[],"[""mixing#0:mixing method"", ""mixing#0:temperature"", ""mixing#1:mixing method"", ""mixing#1:temperature""]","[""extrusion output#0:equipment type"", ""extrusion output#0:extrusion temperature"", ""extrusion output#0:inner barrel diameter"", ""extrusion output#0:residence time"", ""extrusion output#0:screw diameter"", ""extrusion output#0:screw length""]",
193,l290-s24-si-2006,l209-s12-ash-2001,0,unilateral,[],"[""mixing#0:temperature"", ""mixing#0:time"", ""mixing#1:temperature""]",[],
193,l290-s24-si-2006,l209-s12-ash-2001,0,bilateral,[],[],[],True
193,l290-s24-si-2006,l209-s12-ash-2001,0,article_block,[],"[""mixing#0:time"", ""mixing#1:time""]","[""drying evaporation#0:time""]",
194,l324-s5-zhu-2017,l285-s3-pham-2012,0,unilateral,"[""molding#0:pressure"", ""molding#0:temperature"", ""molding#0:time""]","[""drying evaporation#0:ambient condition"", ""drying evaporation#0:time"", ""molding#0:temperature""]",[],
194,l324-s5-zhu-2017,l285-s3-pham-2012,0,bilateral,"[""molding#0:pressure"", ""molding#0:temperature"", ""molding#0:time""]","[""molding#0:time""]","[""molding#0:time""]",True
194,l324-s5-zhu-2017,l285-s3-pham-2012,0,article_block,"[""molding#0:pressure"", ""molding#0:temperature"", ""molding#0:time""]","[""drying evaporation#0:ambient condition"", ""drying evaporation#0:time"", ""molding#0:time""]","[""molding#0:pressure"", ""molding#0:time""]",
195,l385-s3-bailey-2019,l316-s3-chandrasekaran-2013,0,unilateral,"[""mixing#0:mixing method"", ""mixing#1:time""]","[""additive#0:additive"", ""additive#2:additive"", ""drying evaporation#0:ambient condition"", ""mixing#0:mixing method"", ""mixing#1:mixing method"", ""solvent#0:solvent name"", ""solvent#2:solvent name""]",[],
195,l385-s3-bailey-2019,l316-s3-chandrasekaran-2013,0,bilateral,"[""mixing#0:mixing method"", ""mixing#1:time""]","[""mixing#1:time""]","[""mixing#1:time""]",True
195,l385-s3-bailey-2019,l316-s3-chandrasekaran-2013,0,article_block,"[""mixing#0:mixing method"", ""mixing#1:time""]","[""drying evaporation#0:temperature"", ""drying evaporation#0:time"", ""mixing#1:time"", ""solvent#0:solvent name"", ""solvent#1:solvent name"", ""solvent#2:solvent name""]","[""heating#1:time"", ""heating#2:time"", ""mixing#0:mixing method"", ""mixing#1:time""]",
196,l313-s2-huang-2014,l282-s2-cui-2008,0,unilateral,"[""drying evaporation#0:temperature"", ""drying evaporation#0:time"", ""drying evaporation#1:temperature"", ""drying evaporation#1:time"", ""mixing#0:temperature""]","[""drying evaporation#0:time"", ""drying evaporation#1:time"", ""molding#0:temperature""]",[],
196,l313-s2-huang-2014,l282-s2-cui-2008,0,bilateral,"[""drying evaporation#0:temperature"", ""drying evaporation#0:time"", ""drying evaporation#1:temperature"", ""drying evaporation#1:time"", ""mixing#0:temperature""]","[""drying evaporation#0:temperature"", ""drying evaporation#1:time"", ""mixing#0:temperature""]","[""drying evaporation#0:temperature"", ""drying evaporation#1:time"", ""mixing#0:temperature""]",True
196,l313-s2-huang-2014,l282-s2-cui-2008,0,article_block,"[""drying evaporation#0:temperature"", ""drying evaporation#0:time"", ""drying evaporation#1:temperature"", ""drying evaporation#1:time"", ""mixing#0:temperature""]","[""drying evaporation#0:temperature"", ""drying evaporation#1:temperature"", ""mixing#0:temperature"", ""molding#0:temperature""]","[""drying evaporation#0:ambient condition"", ""drying evaporation#0:time"", ""drying evaporation#1:ambient condition"", ""drying evaporation#1:time"", ""mixing#0:time"", ""mixing#1:time"", ""mixing#2:time""]",
197,l225-s8-ma-2007,l304-s3-stockelhuber-2011,0,unilateral,"[""mixing#0:temperature"", ""mixing#0:time""]","[""additive#0:additive"", ""heating#0:temperature"", ""heating#0:time"", ""mixing#0:temperature"", ""mixing#0:time"", ""mixing#1:mixing method"", ""mixing#1:time""]",[],
197,l225-s8-ma-2007,l304-s3-stockelhuber-2011,0,bilateral,"[""mixing#0:temperature"", ""mixing#0:time""]","[""mixing#0:temperature"", ""mixing#0:time""]","[""mixing#0:temperature"", ""mixing#0:time""]",True
197,l225-s8-ma-2007,l304-s3-stockelhuber-2011,0,article_block,"[""mixing#0:temperature"", ""mixing#0:time""]","[""additive#0:additive"", ""heating#0:ambient condition"", ""heating#0:temperature"", ""heating#0:time"", ""heating#1:temperature"", ""heating#1:time"", ""mixing#0:temperature"", ""mixing#0:time"", ""mixing#1:temperature"", ""mixing#1:time"", ""molding#0:temperature"", ""molding#0:time""]","[""mixing#0:mixer"", ""mixing#0:mixing method"", ""mixing#0:time""]",
198,l225-s8-ma-2007,l316-s5-chandrasekaran-2013,0,unilateral,"[""heating#0:temperature"", ""heating#1:temperature"", ""heating#1:time"", ""mixing#1:time""]","[""heating#1:temperature"", ""heating#1:time"", ""mixing#0:temperature"", ""mixing#0:time"", ""mixing#1:mixing method"", ""mixing#1:temperature"", ""mixing#1:time"", ""molding#0:temperature"", ""molding#0:time""]",[],
198,l225-s8-ma-2007,l316-s5-chandrasekaran-2013,0,bilateral,"[""heating#0:temperature"", ""heating#1:temperature"", ""heating#1:time"", ""mixing#1:time""]","[""mixing#1:time""]","[""mixing#1:time""]",True
198,l225-s8-ma-2007,l316-s5-chandrasekaran-2013,0,article_block,"[""heating#0:temperature"", ""heating#1:temperature"", ""heating#1:time"", ""mixing#1:time""]","[""additive#0:additive"", ""heating#0:ambient condition"", ""heating#0:temperature"", ""heating#0:time"", ""heating#1:temperature"", ""heating#1:time"", ""mixing#0:temperature"", ""mixing#0:time"", ""mixing#1:temperature"", ""mixing#1:time"", ""molding#0:temperature"", ""molding#0:time""]","[""heating#1:time"", ""heating#2:time"", ""mixing#0:mixing method"", ""mixing#1:time""]",
199,l254-s7-castillo-2011,l385-s3-bailey-2019,0,unilateral,"[""drying evaporation#0:temperature"", ""drying evaporation#0:time"", ""mixing#0:mixing method""]","[""drying evaporation#0:temperature"", ""heating#0:temperature"", ""heating#0:time"", ""mixing#0:temperature""]",[],
199,l254-s7-castillo-2011,l385-s3-bailey-2019,0,bilateral,"[""drying evaporation#0:temperature"", ""drying evaporation#0:time"", ""mixing#0:mixing method""]","[""drying evaporation#0:temperature"", ""mixing#0:mixing method""]","[""drying evaporation#0:temperature"", ""mixing#0:mixing method""]",True
199,l254-s7-castillo-2011,l385-s3-bailey-2019,0,article_block,"[""drying evaporation#0:temperature"", ""drying evaporation#0:time"", ""mixing#0:mixing method""]","[""drying evaporation#0:time"", ""heating#0:time"", ""mixing#0:mixer"", ""mixing#0:mixing method"", ""mixing#0:rotational frequency"", ""mixing#0:time""]","[""drying evaporation#0:temperature"", ""drying evaporation#0:time"", ""mixing#1:time"", ""solvent#0:solvent name"", ""solvent#1:solvent name"", ""solvent#2:solvent name""]",
200,l324-s5-zhu-2017,l209-s7-ash-2001,0,unilateral,"[""drying evaporation#0:time""]","[""drying evaporation#0:temperature"", ""drying evaporation#0:time"", ""mixing#1:mixer"", ""molding#0:pressure"", ""molding#0:temperature""]",[],
200,l324-s5-zhu-2017,l209-s7-ash-2001,0,bilateral,"[""drying evaporation#0:time""]","[""drying evaporation#0:time""]","[""drying evaporation#0:time""]",True
200,l324-s5-zhu-2017,l209-s7-ash-2001,0,article_block,"[""drying evaporation#0:time""]","[""drying evaporation#0:ambient condition"", ""drying evaporation#0:time"", ""molding#0:time""]","[""drying evaporation#0:time""]",
201,l325-s5-manafi-2015,l289-s1-motaung-2012,0,unilateral,"[""mixing#0:time""]","[""drying evaporation#0:ambient condition"", ""drying evaporation#0:temperature"", ""heating#0:time"", ""mixing#0:mixing method"", ""mixing#0:time"", ""mixing#1:mixing method"", ""mixing#1:temperature"", ""mixing#2:temperature"", ""mixing#2:time"", ""mixing#3:time""]",[],
201,l325-s5-manafi-2015,l289-s1-motaung-2012,0,bilateral,"[""mixing#0:time""]","[""mixing#0:time""]","[""mixing#0:time""]",True
201,l325-s5-manafi-2015,l289-s1-motaung-2012,0,article_block,"[""mixing#0:time""]","[""drying evaporation#0:ambient condition"", ""drying evaporation#0:time"", ""heating#0:time"", ""mixing#0:time"", ""mixing#2:time"", ""mixing#3:time""]","[""mixing#0:time"", ""molding#0:time""]",
202,l379-s8-liu-2017,l287-s4-jang-2008,0,unilateral,"[""additive#0:additive"", ""mixing#0:mixing method"", ""solvent#0:solvent name""]","[""additive#1:additive"", ""additive#2:additive"", ""curing#0:ambient condition"", ""curing#0:pressure"", ""curing#0:temperature"", ""curing#0:time"", ""mixing#0:mixer"", ""mixing#0:mixing method"", ""mixing#0:temperature"", ""mixing#0:time"", ""solvent#0:solvent name""]",[],
202,l379-s8-liu-2017,l287-s4-jang-2008,0,bilateral,"[""additive#0:additive"", ""mixing#0:mixing method"", ""solvent#0:solvent name""]","[""mixing#0:mixing method""]","[""mixing#0:mixing method""]",True
202,l379-s8-liu-2017,l287-s4-jang-2008,0,article_block,"[""additive#0:additive"", ""mixing#0:mixing method"", ""solvent#0:solvent name""]","[""curing#0:temperature"", ""mixing#0:mixer"", ""mixing#0:temperature"", ""solvent#0:solvent name""]","[""drying evaporation#0:ambient condition"", ""drying evaporation#0:temperature"", ""drying evaporation#1:ambient condition"", ""drying evaporation#1:temperature"", ""drying evaporation#1:time"", ""heating#0:ambient condition"", ""heating#0:temperature"", ""heating#0:time"", ""heating#1:temperature"", ""heating#1:time"", ""mixing#0:mixing method"", ""mixing#1:mixing method"", ""mixing#1:time"", ""mixing#2:mixing method"", ""mixing#2:temperature"", ""mixing#2:time"", ""solvent#0:solvent name""]",
203,l225-s8-ma-2007,l397-s1-tuncer-2007,0,unilateral,"[""mixing#1:mixing method"", ""mixing#1:time""]","[""additive#0:additive"", ""heating#1:temperature"", ""mixing#0:time"", ""mixing#1:time"", ""molding#0:time""]",[],
203,l225-s8-ma-2007,l397-s1-tuncer-2007,0,bilateral,"[""mixing#1:mixing method"", ""mixing#1:time""]","[""mixing#1:mixing method"", ""mixing#1:time""]","[""mixing#1:mixing method"", ""mixing#1:time""]",True
203,l225-s8-ma-2007,l397-s1-tuncer-2007,0,article_block,"[""mixing#1:mixing method"", ""mixing#1:time""]","[""additive#0:additive"", ""heating#0:ambient condition"", ""heating#0:temperature"", ""heating#0:time"", ""heating#1:temperature"", ""heating#1:time"", ""mixing#0:temperature"", ""mixing#0:time"", ""mixing#1:temperature"", ""mixing#1:time"", ""molding#0:temperature"", ""molding#0:time""]","[""curing#0:ambient condition"", ""curing#0:temperature""]",
204,l271-s15-sun-2004,l318-s3-patsidis-2014,0,unilateral,"[""mixing#0:mixing method"", ""mixing#0:time""]","[""mixing#0:time""]",[],
204,l271-s15-sun-2004,l318-s3-patsidis-2014,0,bilateral,"[""mixing#0:mixing method"", ""mixing#0:time""]","[""mixing#0:time""]","[""mixing#0:time""]",True
204,l271-s15-sun-2004,l318-s3-patsidis-2014,0,article_block,"[""mixing#0:mixing method"", ""mixing#0:time""]","[""mixing#0:mixing method"", ""mixing#0:time""]","[""mixing#0:mixing method"", ""mixing#1:mixing method""]",
205,l191-s3-xie-2004,l146-s4-tao-2011,0,unilateral,[],"[""mixing#0:temperature"", ""mixing#1:mixing method"", ""mixing#2:mixing method"", ""mixing#2:temperature"", ""mixing#2:time"", ""molding#0:temperature""]",[],
205,l191-s3-xie-2004,l146-s4-tao-2011,0,bilateral,[],[],[],True
205,l191-s3-xie-2004,l146-s4-tao-2011,0,article_block,[],"[""mixing#0:temperature"", ""mixing#2:temperature"", ""mixing#2:time"", ""molding#0:temperature"", ""molding#0:time""]","[""solvent#0:solvent name""]",
206,l290-s24-si-2006,l209-s7-ash-2001,0,unilateral,[],"[""mixing#1:temperature"", ""mixing#1:time""]",[],
206,l290-s24-si-2006,l209-s7-ash-2001,0,bilateral,[],[],[],True
206,l290-s24-si-2006,l209-s7-ash-2001,0,article_block,[],"[""mixing#0:time"", ""mixing#1:time""]","[""drying evaporation#0:time""]",
207,l385-s3-bailey-2019,l260-s2-haggenmueller-2006,0,unilateral,"[""mixing#0:mixing method"", ""mixing#1:mixing method"", ""solvent#0:solvent name""]","[""additive#0:additive"", ""additive#2:additive"", ""drying evaporation#0:time"", ""mixing#1:time"", ""solvent#0:solvent name"", ""solvent#2:solvent name""]",[],
207,l385-s3-bailey-2019,l260-s2-haggenmueller-2006,0,bilateral,"[""mixing#0:mixing method"", ""mixing#1:mixing method"", ""solvent#0:solvent name""]","[""mixing#0:mixing method"", ""mixing#1:mixing method"", ""solvent#0:solvent name""]","[""mixing#0:mixing method"", ""mixing#1:mixing method"", ""solvent#0:solvent name""]",True
207,l385-s3-bailey-2019,l260-s2-haggenmueller-2006,0,article_block,"[""mixing#0:mixing method"", ""mixing#1:mixing method"", ""solvent#0:solvent name""]","[""drying evaporation#0:temperature"", ""drying evaporation#0:time"", ""mixing#1:time"", ""solvent#0:solvent name"", ""solvent#1:solvent name"", ""solvent#2:solvent name""]","[""mixing#0:mixer"", ""mixing#0:time""]",
208,e410-s2-prasad-2021,l120-s2-murugaraj-2005,0,unilateral,"[""drying evaporation#0:temperature"", ""drying evaporation#0:time""]","[""drying evaporation#0:ambient condition"", ""drying evaporation#0:temperature"", ""drying evaporation#0:time"", ""extrusion output#0:equipment type"", ""extrusion output#0:extruder"", ""extrusion output#0:extrusion temperature"", ""extrusion output#0:melt temperature"", ""extrusion output#0:screw channel diameter"", ""mixing#0:mixing method""]",[],
208,e410-s2-prasad-2021,l120-s2-murugaraj-2005,0,bilateral,"[""drying evaporation#0:temperature"", ""drying evaporation#0:time""]","[""drying evaporation#0:temperature""]","[""drying evaporation#0:temperature""]",True
208,e410-s2-prasad-2021,l120-s2-murugaraj-2005,0,article_block,"[""drying evaporation#0:temperature"", ""drying evaporation#0:time""]","[""drying evaporation#0:ambient condition"", ""drying evaporation#0:temperature"", ""drying evaporation#0:time"", ""extrusion output#0:equipment type"", ""extrusion output#0:extruder"", ""extrusion output#0:rotation mode"", ""extrusion output#0:screw channel diameter"", ""extrusion output#0:screw diameter""]","[""drying evaporation#0:temperature"", ""drying evaporation#0:time"", ""drying evaporation#1:temperature""]",
209,l182-s7-hoepfner-2017,l179-s5-ramanathan-2007,0,unilateral,"[""drying evaporation#0:temperature"", ""mixing#0:mixer"", ""mixing#0:mixing method"", ""mixing#0:time"", ""mixing#1:mixing method"", ""mixing#2:mixer"", ""mixing#2:mixing method"", ""mixing#2:time""]","[""drying evaporation#0:temperature"", ""heating#0:pressure"", ""heating#0:temperature"", ""mixing#0:time"", ""mixing#1:mixer"", ""mixing#1:mixing method"", ""mixing#1:temperature"", ""mixing#2:temperature""]",[],
209,l182-s7-hoepfner-2017,l179-s5-ramanathan-2007,0,bilateral,"[""drying evaporation#0:temperature"", ""mixing#0:mixer"", ""mixing#0:mixing method"", ""mixing#0:time"", ""mixing#1:mixing method"", ""mixing#2:mixer"", ""mixing#2:mixing method"", ""mixing#2:time""]","[""mixing#0:mixer"", ""mixing#0:mixing method"", ""mixing#2:mixer"", ""mixing#2:time""]","[""mixing#0:mixer"", ""mixing#0:mixing method"", ""mixing#2:mixer"", ""mixing#2:time""]",True
209,l182-s7-hoepfner-2017,l179-s5-ramanathan-2007,0,article_block,"[""drying evaporation#0:temperature"", ""mixing#0:mixer"", ""mixing#0:mixing method"", ""mixing#0:time"", ""mixing#1:mixing method"", ""mixing#2:mixer"", ""mixing#2:mixing method"", ""mixing#2:time""]","[""mixing#0:mixing method"", ""mixing#1:mixing method"", ""mixing#2:mixing method""]","[""drying evaporation#0:ambient condition"", ""drying evaporation#0:temperature"", ""mixing#0:mixer"", ""mixing#0:mixing method"", ""mixing#1:mixing method"", ""mixing#2:mixer"", ""mixing#2:mixing method"", ""mixing#3:mixing method"", ""molding#0:temperature""]",
210,l261-s2-wang-2016,l120-s11-murugaraj-2005,0,unilateral,"[""solvent#0:solvent name""]","[""heating#1:temperature"", ""heating#2:temperature"", ""heating#3:time"", ""mixing#0:time"", ""mixing#2:mixer"", ""mixing#2:mixing method"", ""mixing#2:rotational frequency"", ""mixing#4:mixing method"", ""mixing#4:rotational frequency"", ""mixing#4:time"", ""molding#0:temperature""]",[],
210,l261-s2-wang-2016,l120-s11-murugaraj-2005,0,bilateral,"[""solvent#0:solvent name""]","[""solvent#0:solvent name""]","[""solvent#0:solvent name""]",True
210,l261-s2-wang-2016,l120-s11-murugaraj-2005,0,article_block,"[""solvent#0:solvent name""]","[""heating#1:ambient condition"", ""mixing#2:rotational frequency"", ""mixing#4:rotational frequency"", ""solvent#0:solvent name""]","[""drying evaporation#0:temperature"", ""drying evaporation#0:time"", ""drying evaporation#1:temperature""]",
211,l324-s5-zhu-2017,l294-s4-sarwar-2007,0,unilateral,"[""drying evaporation#0:temperature""]","[""drying evaporation#0:ambient condition"", ""molding#0:pressure"", ""molding#0:temperature"", ""molding#0:time""]",[],
211,l324-s5-zhu-2017,l294-s4-sarwar-2007,0,bilateral,"[""drying evaporation#0:temperature""]",[],[],True
211,l324-s5-zhu-2017,l294-s4-sarwar-2007,0,article_block,"[""drying evaporation#0:temperature""]","[""drying evaporation#0:ambient condition"", ""drying evaporation#0:time"", ""molding#0:time""]","[""drying evaporation#0:temperature"", ""drying evaporation#1:temperature"", ""drying evaporation#1:time"", ""mixing#1:time"", ""mixing#2:time""]",
212,l313-s2-huang-2014,l316-s3-chandrasekaran-2013,0,unilateral,[],"[""drying evaporation#1:temperature"", ""drying evaporation#1:time"", ""mixing#0:rotational frequency"", ""mixing#0:temperature"", ""molding#0:temperature""]",[],
212,l313-s2-huang-2014,l316-s3-chandrasekaran-2013,0,bilateral,[],[],[],True
212,l313-s2-huang-2014,l316-s3-chandrasekaran-2013,0,article_block,[],"[""drying evaporation#0:temperature"", ""drying evaporation#1:temperature"", ""mixing#0:temperature"", ""molding#0:temperature""]","[""heating#1:time"", ""heating#2:time"", ""mixing#0:mixing method"", ""mixing#1:time""]",
213,l378-s1-sotta-2017,l396-s6-ghosh-2013,0,unilateral,"[""mixing#0:mixing method""]",[],[],
213,l378-s1-sotta-2017,l396-s6-ghosh-2013,0,bilateral,"[""mixing#0:mixing method""]","[""mixing#0:mixing method""]","[""mixing#0:mixing method""]",True
213,l378-s1-sotta-2017,l396-s6-ghosh-2013,0,article_block,"[""mixing#0:mixing method""]",[],"[""extrusion#0:equipment type"", ""mixing#0:mixer"", ""mixing#0:mixing method""]",
214,l146-s4-tao-2011,l276-s3-huang-2009,0,unilateral,[],"[""solvent#0:solvent name""]",[],
214,l146-s4-tao-2011,l276-s3-huang-2009,0,bilateral,[],[],[],True
214,l146-s4-tao-2011,l276-s3-huang-2009,0,article_block,[],"[""solvent#0:solvent name""]","[""extrusion#0:equipment type"", ""extrusion#0:rotation speed""]",
215,l324-s5-zhu-2017,l396-s4-ghosh-2013,0,unilateral,[],"[""drying evaporation#0:ambient condition"", ""drying evaporation#0:time"", ""molding#0:pressure"", ""molding#0:temperature"", ""molding#0:time""]",[],
215,l324-s5-zhu-2017,l396-s4-ghosh-2013,0,bilateral,[],[],[],True
215,l324-s5-zhu-2017,l396-s4-ghosh-2013,0,article_block,[],"[""drying evaporation#0:ambient condition"", ""drying evaporation#0:time"", ""molding#0:time""]","[""extrusion#0:equipment type"", ""mixing#0:mixer"", ""mixing#0:mixing method""]",
216,l196-s4-petersson-2006,l316-s10-chandrasekaran-2013,0,unilateral,"[""heating#0:temperature"", ""heating#0:time"", ""mixing#0:mixing method"", ""mixing#0:time"", ""mixing#1:mixing method"", ""mixing#1:time""]","[""heating#0:ambient condition"", ""mixing#0:mixer"", ""mixing#0:time"", ""mixing#1:time"", ""molding#0:time""]",[],
216,l196-s4-petersson-2006,l316-s10-chandrasekaran-2013,0,bilateral,"[""heating#0:temperature"", ""heating#0:time"", ""mixing#0:mixing method"", ""mixing#0:time"", ""mixing#1:mixing method"", ""mixing#1:time""]","[""heating#0:temperature"", ""heating#0:time"", ""mixing#0:time"", ""mixing#1:time""]","[""heating#0:temperature"", ""heating#0:time"", ""mixing#0:time"", ""mixing#1:time""]",True
216,l196-s4-petersson-2006,l316-s10-chandrasekaran-2013,0,article_block,"[""heating#0:temperature"", ""heating#0:time"", ""mixing#0:mixing method"", ""mixing#0:time"", ""mixing#1:mixing method"", ""mixing#1:time""]","[""heating#0:ambient condition"", ""heating#0:temperature"", ""mixing#0:mixing method"", ""mixing#1:mixing method""]","[""heating#0:time"", ""heating#2:time"", ""heating#3:time"", ""mixing#0:mixing method"", ""mixing#0:time"", ""mixing#1:mixing method"", ""mixing#1:rotational frequency"", ""mixing#1:time"", ""mixing#2:time""]",
217,l177-s2-yang-2013,l276-s4-huang-2009,0,unilateral,[],[],[],
217,l177-s2-yang-2013,l276-s4-huang-2009,0,bilateral,[],[],[],True
217,l177-s2-yang-2013,l276-s4-huang-2009,0,article_block,[],"[""mixing#0:mixer"", ""mixing#0:time""]","[""extrusion#0:equipment type"", ""extrusion#0:rotation speed""]",
218,l383-s1-sadeghi-2017,e410-s2-prasad-2021,0,unilateral,"[""mixing#0:mixing method""]","[""mixing#0:mixer"", ""mixing#0:rotational frequency"", ""mixing#0:temperature""]",[],
218,l383-s1-sadeghi-2017,e410-s2-prasad-2021,0,bilateral,"[""mixing#0:mixing method""]",[],[],True
218,l383-s1-sadeghi-2017,e410-s2-prasad-2021,0,article_block,"[""mixing#0:mixing method""]","[""mixing#0:rotational frequency"", ""mixing#0:time""]","[""drying evaporation#0:ambient condition"", ""drying evaporation#0:temperature"", ""drying evaporation#0:time"", ""extrusion output#0:equipment type"", ""extrusion output#0:extruder"", ""extrusion output#0:rotation mode"", ""extrusion output#0:screw channel diameter"", ""extrusion output#0:screw diameter""]",
219,l274-s3-goh-2003,l287-s3-jang-2008,0,unilateral,"[""heating#0:temperature"", ""heating#0:time""]","[""heating#0:time"", ""mixing#0:time"", ""molding#0:time""]",[],
219,l274-s3-goh-2003,l287-s3-jang-2008,0,bilateral,"[""heating#0:temperature"", ""heating#0:time""]","[""heating#0:time""]","[""heating#0:time""]",True
219,l274-s3-goh-2003,l287-s3-jang-2008,0,article_block,"[""heating#0:temperature"", ""heating#0:time""]","[""heating#0:temperature"", ""heating#0:time"", ""mixing#0:mixer"", ""mixing#0:temperature"", ""mixing#0:time"", ""molding#0:temperature"", ""molding#0:time""]","[""drying evaporation#0:ambient condition"", ""drying evaporation#0:temperature"", ""drying evaporation#1:ambient condition"", ""drying evaporation#1:temperature"", ""drying evaporation#1:time"", ""heating#0:ambient condition"", ""heating#0:temperature"", ""heating#0:time"", ""heating#1:temperature"", ""heating#1:time"", ""mixing#0:mixing method"", ""mixing#1:mixing method"", ""mixing#1:time"", ""mixing#2:mixing method"", ""mixing#2:temperature"", ""mixing#2:time"", ""solvent#0:solvent name""]",
220,l111-s4-singha-2009,l266-s8-kalaitzidou-2007,0,unilateral,"[""mixing#0:mixer""]","[""additive#0:additive"", ""drying evaporation#0:temperature"", ""drying evaporation#0:time"", ""drying evaporation#1:temperature"", ""drying evaporation#1:time"", ""drying evaporation#2:ambient condition"", ""drying evaporation#2:time"", ""drying evaporation#3:ambient condition"", ""drying evaporation#4:time"", ""mixing#0:mixer"", ""mixing#1:mixing method"", ""mixing#1:rotational frequency"", ""mixing#2:mixing method""]",[],
220,l111-s4-singha-2009,l266-s8-kalaitzidou-2007,0,bilateral,"[""mixing#0:mixer""]",[],[],True
220,l111-s4-singha-2009,l266-s8-kalaitzidou-2007,0,article_block,"[""mixing#0:mixer""]","[""drying evaporation#0:ambient condition"", ""drying evaporation#0:temperature"", ""drying evaporation#1:temperature"", ""drying evaporation#2:ambient condition"", ""drying evaporation#2:temperature"", ""drying evaporation#3:ambient condition"", ""mixing#0:mixer"", ""mixing#1:rotational frequency"", ""mixing#2:mixer"", ""molding#1:temperature""]","[""extrusion#0:rotation mode"", ""mixing#0:mixer""]",
221,l379-s8-liu-2017,l132-s4-holt-2014,0,unilateral,"[""mixing#0:mixing method"", ""mixing#0:time"", ""solvent#0:solvent name""]","[""additive#1:additive"", ""additive#2:additive"", ""curing#0:temperature"", ""curing#0:time"", ""mixing#0:mixer""]",[],
221,l379-s8-liu-2017,l132-s4-holt-2014,0,bilateral,"[""mixing#0:mixing method"", ""mixing#0:time"", ""solvent#0:solvent name""]","[""mixing#0:time"", ""solvent#0:solvent name""]","[""mixing#0:time"", ""solvent#0:solvent name""]",True
221,l379-s8-liu-2017,l132-s4-holt-2014,0,article_block,"[""mixing#0:mixing method"", ""mixing#0:time"", ""solvent#0:solvent name""]","[""curing#0:temperature"", ""mixing#0:mixer"", ""mixing#0:temperature"", ""solvent#0:solvent name""]","[""solvent#0:solvent name""]",
222,l324-s5-zhu-2017,l200-s4-schoch-2008,0,unilateral,"[""mixing#1:mixer""]","[""drying evaporation#0:temperature""]",[],
222,l324-s5-zhu-2017,l200-s4-schoch-2008,0,bilateral,"[""mixing#1:mixer""]","[""mixing#1:mixer""]","[""mixing#1:mixer""]",True
222,l324-s5-zhu-2017,l200-s4-schoch-2008,0,article_block,"[""mixing#1:mixer""]","[""drying evaporation#0:ambient condition"", ""drying evaporation#0:time"", ""molding#0:time""]","[""mixing#0:time"", ""mixing#1:time""]",
223,l211-s17-ash-2004,l120-s2-murugaraj-2005,0,unilateral,[],"[""heating#0:temperature"", ""mixing#0:mixing method""]",[],
223,l211-s17-ash-2004,l120-s2-murugaraj-2005,0,bilateral,[],[],[],True
223,l211-s17-ash-2004,l120-s2-murugaraj-2005,0,article_block,[],"[""heating#0:time"", ""mixing#0:time""]","[""drying evaporation#0:temperature"", ""drying evaporation#0:time"", ""drying evaporation#1:temperature""]",
224,l142-s2-gao-2014,l325-s5-manafi-2015,0,unilateral,"[""drying evaporation#0:temperature"", ""heating#0:time"", ""mixing#0:mixing method"", ""mixing#0:time"", ""mixing#1:mixing method"", ""mixing#2:time"", ""mixing#3:mixing method"", ""mixing#3:time""]","[""drying evaporation#1:ambient condition"", ""drying evaporation#1:temperature"", ""heating#0:temperature"", ""heating#0:time"", ""mixing#0:mixing method"", ""mixing#2:time""]",[],
224,l142-s2-gao-2014,l325-s5-manafi-2015,0,bilateral,"[""drying evaporation#0:temperature"", ""heating#0:time"", ""mixing#0:mixing method"", ""mixing#0:time"", ""mixing#1:mixing method"", ""mixing#2:time"", ""mixing#3:mixing method"", ""mixing#3:time""]","[""mixing#0:time"", ""mixing#3:mixing method""]","[""mixing#0:time"", ""mixing#3:mixing method""]",True
224,l142-s2-gao-2014,l325-s5-manafi-2015,0,article_block,"[""drying evaporation#0:temperature"", ""heating#0:time"", ""mixing#0:mixing method"", ""mixing#0:time"", ""mixing#1:mixing method"", ""mixing#2:time"", ""mixing#3:mixing method"", ""mixing#3:time""]","[""drying evaporation#0:temperature"", ""drying evaporation#1:ambient condition"", ""drying evaporation#1:temperature"", ""heating#0:temperature"", ""mixing#0:mixing method"", ""mixing#1:mixing method"", ""mixing#2:mixing method"", ""mixing#3:mixing method""]","[""drying evaporation#0:ambient condition"", ""drying evaporation#0:time"", ""heating#0:time"", ""mixing#0:time"", ""mixing#2:time"", ""mixing#3:time""]",
225,l180-s3-maillard-2012,e108-s10-huang-2016,0,unilateral,"[""molding#0:ambient condition"", ""molding#0:time""]","[""heating#0:ambient condition"", ""heating#0:pressure"", ""mixing#0:mixing method"", ""molding#0:ambient condition""]",[],
225,l180-s3-maillard-2012,e108-s10-huang-2016,0,bilateral,"[""molding#0:ambient condition"", ""molding#0:time""]","[""molding#0:ambient condition""]","[""molding#0:ambient condition""]",True
225,l180-s3-maillard-2012,e108-s10-huang-2016,0,article_block,"[""molding#0:ambient condition"", ""molding#0:time""]","[""heating#0:ambient condition"", ""heating#0:pressure"", ""molding#0:ambient condition""]","[""drying evaporation#0:ambient condition"", ""drying evaporation#1:ambient condition"", ""mixing#1:mixing method"", ""molding#0:ambient condition""]",
226,l385-s3-bailey-2019,l200-s4-schoch-2008,0,unilateral,"[""mixing#0:mixing method"", ""mixing#1:mixing method"", ""mixing#1:time""]","[""additive#0:additive"", ""additive#1:additive"", ""drying evaporation#0:temperature"", ""mixing#1:mixing method"", ""solvent#1:solvent name""]",[],
226,l385-s3-bailey-2019,l200-s4-schoch-2008,0,bilateral,"[""mixing#0:mixing method"", ""mixing#1:mixing method"", ""mixing#1:time""]","[""mixing#0:mixing method"", ""mixing#1:mixing method"", ""mixing#1:time""]","[""mixing#0:mixing method"", ""mixing#1:mixing method"", ""mixing#1:time""]",True
226,l385-s3-bailey-2019,l200-s4-schoch-2008,0,article_block,"[""mixing#0:mixing method"", ""mixing#1:mixing method"", ""mixing#1:time""]","[""drying evaporation#0:temperature"", ""drying evaporation#0:time"", ""mixing#1:time"", ""solvent#0:solvent name"", ""solvent#1:solvent name"", ""solvent#2:solvent name""]","[""mixing#0:time"", ""mixing#1:time""]",
227,l240-s6-hong-2005,l118-s1-fidelus-2005,0,unilateral,"[""mixing#0:time""]","[""mixing#0:mixer"", ""mixing#0:temperature"", ""mixing#0:time""]",[],
227,l240-s6-hong-2005,l118-s1-fidelus-2005,0,bilateral,"[""mixing#0:time""]","[""mixing#0:time""]","[""mixing#0:time""]",True
227,l240-s6-hong-2005,l118-s1-fidelus-2005,0,article_block,"[""mixing#0:time""]","[""mixing#0:mixer"", ""mixing#0:time""]","[""drying evaporation#0:temperature"", ""drying evaporation#1:ambient condition"", ""heating#0:temperature""]",
228,l225-s8-ma-2007,l413-s3-botta-2018,0,unilateral,[],"[""additive#0:additive"", ""heating#0:ambient condition"", ""heating#0:temperature"", ""heating#0:time"", ""heating#1:time"", ""mixing#0:temperature"", ""mixing#0:time"", ""mixing#1:mixing method"", ""mixing#1:time"", ""molding#0:time""]",[],
228,l225-s8-ma-2007,l413-s3-botta-2018,0,bilateral,[],[],[],True
228,l225-s8-ma-2007,l413-s3-botta-2018,0,article_block,[],"[""additive#0:additive"", ""heating#0:ambient condition"", ""heating#0:temperature"", ""heating#0:time"", ""heating#1:temperature"", ""heating#1:time"", ""mixing#0:temperature"", ""mixing#0:time"", ""mixing#1:temperature"", ""mixing#1:time"", ""molding#0:temperature"", ""molding#0:time""]","[""extrusion#0:extruder"", ""extrusion#0:extrusion temperature"", ""extrusion#0:rotation mode"", ""extrusion#0:rotation speed"", ""extrusion#1:extruder"", ""extrusion#1:extrusion temperature"", ""extrusion#1:rotation speed"", ""extrusion#2:extruder"", ""extrusion#2:extrusion temperature"", ""extrusion#2:rotation speed"", ""extrusion#3:extruder"", ""extrusion#3:extrusion temperature"", ""extrusion#3:rotation speed""]",
229,l191-s3-xie-2004,l259-s3-chen-2017,0,unilateral,"[""mixing#2:mixing method"", ""mixing#2:temperature"", ""mixing#2:time"", ""molding#0:temperature"", ""molding#0:time""]","[""mixing#1:mixing method"", ""mixing#2:mixer"", ""mixing#2:mixing method"", ""molding#0:time""]",[],
229,l191-s3-xie-2004,l259-s3-chen-2017,0,bilateral,"[""mixing#2:mixing method"", ""mixing#2:temperature"", ""mixing#2:time"", ""molding#0:temperature"", ""molding#0:time""]","[""mixing#2:time""]","[""mixing#2:time""]",True
229,l191-s3-xie-2004,l259-s3-chen-2017,0,article_block,"[""mixing#2:mixing method"", ""mixing#2:temperature"", ""mixing#2:time"", ""molding#0:temperature"", ""molding#0:time""]","[""mixing#0:temperature"", ""mixing#2:temperature"", ""mixing#2:time"", ""molding#0:temperature"", ""molding#0:time""]","[""heating#0:temperature"", ""heating#0:time"", ""mixing#0:mixing method"", ""mixing#1:temperature"", ""mixing#1:time"", ""mixing#2:mixing method"", ""mixing#2:temperature"", ""mixing#2:time"", ""molding#0:temperature"", ""molding#0:time""]",
230,l121-s8-nelson-2005,l379-s8-liu-2017,0,unilateral,"[""additive#0:additive"", ""additive#1:additive"", ""mixing#0:mixing method"", ""mixing#0:temperature""]","[""additive#0:additive"", ""additive#1:additive"", ""drying evaporation#0:temperature"", ""drying evaporation#0:time"", ""drying evaporation#1:ambient condition"", ""drying evaporation#2:time"", ""heating#0:temperature"", ""mixing#0:mixing method"", ""mixing#1:mixer""]",[],
230,l121-s8-nelson-2005,l379-s8-liu-2017,0,bilateral,"[""additive#0:additive"", ""additive#1:additive"", ""mixing#0:mixing method"", ""mixing#0:temperature""]","[""mixing#0:mixing method""]","[""mixing#0:mixing method""]",True
230,l121-s8-nelson-2005,l379-s8-liu-2017,0,article_block,"[""additive#0:additive"", ""additive#1:additive"", ""mixing#0:mixing method"", ""mixing#0:temperature""]","[""drying evaporation#0:ambient condition"", ""drying evaporation#0:time"", ""drying evaporation#1:ambient condition"", ""drying evaporation#1:time"", ""drying evaporation#2:time"", ""heating#0:time""]","[""curing#0:temperature"", ""mixing#0:mixer"", ""mixing#0:temperature"", ""solvent#0:solvent name""]",
231,l177-s2-yang-2013,l285-s3-pham-2012,0,unilateral,[],"[""mixing#0:mixer""]",[],
231,l177-s2-yang-2013,l285-s3-pham-2012,0,bilateral,[],[],[],True
231,l177-s2-yang-2013,l285-s3-pham-2012,0,article_block,[],"[""mixing#0:mixer"", ""mixing#0:time""]","[""molding#0:pressure"", ""molding#0:time""]",
232,e116-s21-prasad-2018,l146-s3-tao-2011,0,unilateral,[],"[""drying evaporation#0:ambient condition"", ""extrusion#0:equipment type"", ""extrusion#0:rotation mode"", ""extrusion#0:rotation speed""]",[],
232,e116-s21-prasad-2018,l146-s3-tao-2011,0,bilateral,[],[],[],True
232,e116-s21-prasad-2018,l146-s3-tao-2011,0,article_block,[],"[""extrusion#0:equipment type""]","[""solvent#0:solvent name""]",
233,l221-s8-dai-2008,l278-s2-choi-2001,0,unilateral,"[""mixing#0:mixing method"", ""mixing#0:time"", ""mixing#1:mixing method"", ""mixing#1:time""]","[""mixing#0:chemical used"", ""mixing#0:mixing method"", ""mixing#0:time"", ""mixing#1:mixing method"", ""mixing#1:time"", ""molding#0:temperature""]",[],
233,l221-s8-dai-2008,l278-s2-choi-2001,0,bilateral,"[""mixing#0:mixing method"", ""mixing#0:time"", ""mixing#1:mixing method"", ""mixing#1:time""]","[""mixing#1:mixing method"", ""mixing#1:time""]","[""mixing#1:mixing method"", ""mixing#1:time""]",True
233,l221-s8-dai-2008,l278-s2-choi-2001,0,article_block,"[""mixing#0:mixing method"", ""mixing#0:time"", ""mixing#1:mixing method"", ""mixing#1:time""]","[""mixing#0:chemical used"", ""molding#0:temperature""]","[""drying evaporation#0:time"", ""drying evaporation#1:temperature"", ""drying evaporation#1:time"", ""mixing#0:rotational frequency"", ""mixing#0:time"", ""mixing#1:temperature"", ""mixing#1:time"", ""mixing#2:temperature"", ""mixing#2:time"", ""molding#0:pressure"", ""solvent#0:solvent name""]",
234,l386-s54-jimenez-2019,l211-s15-ash-2004,0,unilateral,"[""additive#0:additive"", ""additive#1:additive"", ""heating#0:temperature"", ""heating#0:time"", ""mixing#0:mixing method"", ""mixing#0:temperature"", ""mixing#0:time""]","[""additive#2:additive"", ""drying evaporation#0:temperature"", ""heating#0:temperature"", ""mixing#0:mixing method"", ""mixing#0:temperature"", ""molding#0:ambient condition"", ""molding#0:temperature"", ""molding#0:time"", ""molding#1:temperature"", ""solvent#0:solvent name""]",[],
234,l386-s54-jimenez-2019,l211-s15-ash-2004,0,bilateral,"[""additive#0:additive"", ""additive#1:additive"", ""heating#0:temperature"", ""heating#0:time"", ""mixing#0:mixing method"", ""mixing#0:temperature"", ""mixing#0:time""]","[""additive#0:additive"", ""mixing#0:time""]","[""additive#0:additive"", ""mixing#0:time""]",True
234,l386-s54-jimenez-2019,l211-s15-ash-2004,0,article_block,"[""additive#0:additive"", ""additive#1:additive"", ""heating#0:temperature"", ""heating#0:time"", ""mixing#0:mixing method"", ""mixing#0:temperature"", ""mixing#0:time""]","[""drying evaporation#0:temperature"", ""heating#0:temperature"", ""mixing#0:mixing method"", ""mixing#0:temperature"", ""molding#0:temperature"", ""molding#1:temperature"", ""solvent#0:solvent name""]","[""heating#0:time"", ""mixing#0:time""]",
235,l142-s2-gao-2014,l132-s4-holt-2014,0,unilateral,"[""drying evaporation#0:temperature"", ""drying evaporation#1:temperature"", ""drying evaporation#1:time"", ""mixing#0:mixing method"", ""mixing#0:time""]","[""drying evaporation#1:time"", ""heating#0:temperature"", ""heating#0:time"", ""mixing#2:time"", ""mixing#3:mixing method"", ""mixing#3:time""]",[],
235,l142-s2-gao-2014,l132-s4-holt-2014,0,bilateral,"[""drying evaporation#0:temperature"", ""drying evaporation#1:temperature"", ""drying evaporation#1:time"", ""mixing#0:mixing method"", ""mixing#0:time""]","[""mixing#0:mixing method"", ""mixing#0:time""]","[""mixing#0:mixing method"", ""mixing#0:time""]",True
235,l142-s2-gao-2014,l132-s4-holt-2014,0,article_block,"[""drying evaporation#0:temperature"", ""drying evaporation#1:temperature"", ""drying evaporation#1:time"", ""mixing#0:mixing method"", ""mixing#0:time""]","[""drying evaporation#0:temperature"", ""drying evaporation#1:ambient condition"", ""drying evaporation#1:temperature"", ""heating#0:temperature"", ""mixing#0:mixing method"", ""mixing#1:mixing method"", ""mixing#2:mixing method"", ""mixing#3:mixing method""]","[""solvent#0:solvent name""]",
236,l375-s4-rishi-2018,l132-s4-holt-2014,0,unilateral,"[""mixing#0:mixing method"", ""mixing#0:time""]","[""mixing#0:chemical used"", ""mixing#0:mixing method"", ""mixing#0:rotational frequency"", ""mixing#0:temperature"", ""mixing#0:time""]",[],
236,l375-s4-rishi-2018,l132-s4-holt-2014,0,bilateral,"[""mixing#0:mixing method"", ""mixing#0:time""]","[""mixing#0:mixing method""]","[""mixing#0:mixing method""]",True
236,l375-s4-rishi-2018,l132-s4-holt-2014,0,article_block,"[""mixing#0:mixing method"", ""mixing#0:time""]","[""mixing#0:mixer"", ""mixing#0:mixing method"", ""mixing#0:rotational frequency"", ""mixing#0:time""]","[""solvent#0:solvent name""]",
237,l279-s1-motaung-2012,l120-s2-murugaraj-2005,0,unilateral,[],"[""mixing#0:rotational frequency"", ""mixing#0:time"", ""molding#0:temperature"", ""molding#0:time""]",[],
237,l279-s1-motaung-2012,l120-s2-murugaraj-2005,0,bilateral,[],[],[],True
237,l279-s1-motaung-2012,l120-s2-murugaraj-2005,0,article_block,[],"[""mixing#0:mixer"", ""mixing#0:time"", ""molding#0:time""]","[""drying evaporation#0:temperature"", ""drying evaporation#0:time"", ""drying evaporation#1:temperature""]",
238,l200-s4-schoch-2008,e410-s2-prasad-2021,0,unilateral,"[""mixing#0:mixing method""]","[""mixing#0:mixing method"", ""mixing#0:time"", ""mixing#1:mixer"", ""mixing#1:mixing method"", ""mixing#2:mixer"", ""mixing#2:mixing method""]",[],
238,l200-s4-schoch-2008,e410-s2-prasad-2021,0,bilateral,"[""mixing#0:mixing method""]",[],[],True
238,l200-s4-schoch-2008,e410-s2-prasad-2021,0,article_block,"[""mixing#0:mixing method""]","[""mixing#0:time"", ""mixing#1:time""]","[""drying evaporation#0:ambient condition"", ""drying evaporation#0:temperature"", ""drying evaporation#0:time"", ""extrusion output#0:equipment type"", ""extrusion output#0:extruder"", ""extrusion output#0:rotation mode"", ""extrusion output#0:screw channel diameter"", ""extrusion output#0:screw diameter""]",
239,l304-s3-stockelhuber-2011,l297-s1-shen-2004,0,unilateral,"[""mixing#0:mixing method""]","[""mixing#0:mixer"", ""mixing#0:mixing method""]",[],
239,l304-s3-stockelhuber-2011,l297-s1-shen-2004,0,bilateral,"[""mixing#0:mixing method""]","[""mixing#0:mixing method""]","[""mixing#0:mixing method""]",True
239,l304-s3-stockelhuber-2011,l297-s1-shen-2004,0,article_block,"[""mixing#0:mixing method""]","[""mixing#0:mixer"", ""mixing#0:mixing method"", ""mixing#0:time""]","[""drying evaporation#0:temperature"", ""drying evaporation#0:time"", ""heating#0:temperature"", ""heating#0:time""]",
240,l209-s7-ash-2001,l287-s3-jang-2008,0,unilateral,[],[],[],
240,l209-s7-ash-2001,l287-s3-jang-2008,0,bilateral,[],[],[],True
240,l209-s7-ash-2001,l287-s3-jang-2008,0,article_block,[],"[""drying evaporation#0:time""]","[""drying evaporation#0:ambient condition"", ""drying evaporation#0:temperature"", ""drying evaporation#1:ambient condition"", ""drying evaporation#1:temperature"", ""drying evaporation#1:time"", ""heating#0:ambient condition"", ""heating#0:temperature"", ""heating#0:time"", ""heating#1:temperature"", ""heating#1:time"", ""mixing#0:mixing method"", ""mixing#1:mixing method"", ""mixing#1:time"", ""mixing#2:mixing method"", ""mixing#2:temperature"", ""mixing#2:time"", ""solvent#0:solvent name""]",
241,l308-s3-demetrio-2013,l294-s6-sarwar-2007,0,unilateral,"[""mixing#0:mixing method""]","[""mixing#0:temperature"", ""solvent#0:solvent name""]",[],
241,l308-s3-demetrio-2013,l294-s6-sarwar-2007,0,bilateral,"[""mixing#0:mixing method""]","[""mixing#0:mixing method""]","[""mixing#0:mixing method""]",True
241,l308-s3-demetrio-2013,l294-s6-sarwar-2007,0,article_block,"[""mixing#0:mixing method""]","[""mixing#0:time""]","[""drying evaporation#0:temperature"", ""drying evaporation#1:temperature"", ""drying evaporation#1:time"", ""mixing#1:time"", ""mixing#2:time""]",
242,l297-s2-shen-2004,e408-s24-prasad-2021,0,unilateral,"[""drying evaporation#0:ambient condition"", ""drying evaporation#0:temperature"", ""drying evaporation#0:time"", ""mixing#0:mixing method""]","[""heating#0:ambient condition"", ""mixing#0:mixing method""]",[],
242,l297-s2-shen-2004,e408-s24-prasad-2021,0,bilateral,"[""drying evaporation#0:ambient condition"", ""drying evaporation#0:temperature"", ""drying evaporation#0:time"", ""mixing#0:mixing method""]","[""drying evaporation#0:ambient condition"", ""drying evaporation#0:time""]","[""drying evaporation#0:ambient condition"", ""drying evaporation#0:time""]",True
242,l297-s2-shen-2004,e408-s24-prasad-2021,0,article_block,"[""drying evaporation#0:ambient condition"", ""drying evaporation#0:temperature"", ""drying evaporation#0:time"", ""mixing#0:mixing method""]","[""drying evaporation#0:temperature"", ""drying evaporation#0:time"", ""heating#0:temperature"", ""heating#0:time""]","[""drying evaporation#0:ambient condition"", ""drying evaporation#0:time"", ""extrusion output#0:equipment type"", ""extrusion output#0:extrusion temperature"", ""extrusion output#0:melt temperature"", ""extrusion output#0:pressure at die"", ""extrusion output#0:residence time""]",
243,l308-s4-demetrio-2013,l120-s11-murugaraj-2005,0,unilateral,"[""solvent#0:solvent name""]","[""mixing#0:temperature""]",[],
243,l308-s4-demetrio-2013,l120-s11-murugaraj-2005,0,bilateral,"[""solvent#0:solvent name""]","[""solvent#0:solvent name""]","[""solvent#0:solvent name""]",True
243,l308-s4-demetrio-2013,l120-s11-murugaraj-2005,0,article_block,"[""solvent#0:solvent name""]","[""mixing#0:time""]","[""drying evaporation#0:temperature"", ""drying evaporation#0:time"", ""drying evaporation#1:temperature""]",
244,l287-s4-jang-2008,l392-s1-wang-2020,0,unilateral,"[""additive#0:additive"", ""drying evaporation#0:temperature"", ""heating#0:temperature"", ""heating#0:time"", ""heating#1:temperature"", ""heating#1:time""]","[""additive#0:additive"", ""drying evaporation#0:temperature"", ""drying evaporation#1:ambient condition"", ""drying evaporation#1:temperature"", ""heating#0:temperature"", ""heating#0:time"", ""mixing#0:mixing method"", ""mixing#1:mixing method"", ""mixing#1:time"", ""mixing#2:mixing method"", ""mixing#2:temperature""]",[],
244,l287-s4-jang-2008,l392-s1-wang-2020,0,bilateral,"[""additive#0:additive"", ""drying evaporation#0:temperature"", ""heating#0:temperature"", ""heating#0:time"", ""heating#1:temperature"", ""heating#1:time""]","[""drying evaporation#0:temperature"", ""heating#0:temperature""]","[""drying evaporation#0:temperature"", ""heating#0:temperature""]",True
244,l287-s4-jang-2008,l392-s1-wang-2020,0,article_block,"[""additive#0:additive"", ""drying evaporation#0:temperature"", ""heating#0:temperature"", ""heating#0:time"", ""heating#1:temperature"", ""heating#1:time""]","[""drying evaporation#0:ambient condition"", ""drying evaporation#0:temperature"", ""drying evaporation#1:ambient condition"", ""drying evaporation#1:temperature"", ""drying evaporation#1:time"", ""heating#0:ambient condition"", ""heating#0:temperature"", ""heating#0:time"", ""heating#1:temperature"", ""heating#1:time"", ""mixing#0:mixing method"", ""mixing#1:mixing method"", ""mixing#1:time"", ""mixing#2:mixing method"", ""mixing#2:temperature"", ""mixing#2:time"", ""solvent#0:solvent name""]","[""additive#0:additive"", ""drying evaporation#0:temperature"", ""drying evaporation#0:time"", ""heating#0:temperature"", ""heating#0:time"", ""heating#1:temperature"", ""heating#1:time"", ""heating#2:temperature""]",
245,l379-s8-liu-2017,e408-s24-prasad-2021,0,unilateral,"[""mixing#0:mixing method""]","[""additive#0:additive"", ""additive#2:additive"", ""curing#0:ambient condition"", ""curing#0:pressure"", ""curing#0:temperature"", ""mixing#0:mixer"", ""mixing#0:mixing method"", ""mixing#0:temperature"", ""solvent#0:solvent name""]",[],
245,l379-s8-liu-2017,e408-s24-prasad-2021,0,bilateral,"[""mixing#0:mixing method""]",[],[],True
245,l379-s8-liu-2017,e408-s24-prasad-2021,0,article_block,"[""mixing#0:mixing method""]","[""curing#0:temperature"", ""mixing#0:mixer"", ""mixing#0:temperature"", ""solvent#0:solvent name""]","[""drying evaporation#0:ambient condition"", ""drying evaporation#0:time"", ""extrusion output#0:equipment type"", ""extrusion output#0:extrusion temperature"", ""extrusion output#0:melt temperature"", ""extrusion output#0:pressure at die"", ""extrusion output#0:residence time""]",
246,l396-s6-ghosh-2013,l209-s12-ash-2001,0,unilateral,[],"[""additive#0:additive"", ""heating#0:ambient condition"", ""heating#0:temperature"", ""heating#1:temperature"", ""mixing#0:mixing method""]",[],
246,l396-s6-ghosh-2013,l209-s12-ash-2001,0,bilateral,[],[],[],True
246,l396-s6-ghosh-2013,l209-s12-ash-2001,0,article_block,[],"[""extrusion#0:equipment type"", ""mixing#0:mixer"", ""mixing#0:mixing method""]","[""drying evaporation#0:time""]",
247,l275-s1-zhou-2006,l120-s11-murugaraj-2005,0,unilateral,[],"[""heating#0:ambient condition"", ""heating#0:temperature"", ""heating#0:time"", ""heating#1:temperature"", ""heating#2:temperature"", ""heating#2:time""]",[],
247,l275-s1-zhou-2006,l120-s11-murugaraj-2005,0,bilateral,[],[],[],True
247,l275-s1-zhou-2006,l120-s11-murugaraj-2005,0,article_block,[],"[""mixing#0:mixing method""]","[""drying evaporation#0:temperature"", ""drying evaporation#0:time"", ""drying evaporation#1:temperature""]",
248,l212-s5-ghanbari-2012,l276-s3-huang-2009,0,unilateral,"[""drying evaporation#0:temperature"", ""drying evaporation#0:time"", ""extrusion#0:equipment type"", ""extrusion#0:extruder"", ""extrusion#0:extrusion temperature"", ""extrusion#0:rotation speed""]","[""cooling#1:time"", ""drying evaporation#0:time"", ""drying evaporation#1:temperature"", ""drying evaporation#1:time"", ""extrusion#0:extruder"", ""extrusion#0:rotation speed"", ""extrusion#0:screw diameter"", ""extrusion#0:screw diameter length ratio"", ""molding#0:ambient condition"", ""molding#0:time""]",[],
248,l212-s5-ghanbari-2012,l276-s3-huang-2009,0,bilateral,"[""drying evaporation#0:temperature"", ""drying evaporation#0:time"", ""extrusion#0:equipment type"", ""extrusion#0:extruder"", ""extrusion#0:extrusion temperature"", ""extrusion#0:rotation speed""]","[""drying evaporation#0:temperature"", ""drying evaporation#0:time"", ""extrusion#0:extrusion temperature""]","[""drying evaporation#0:temperature"", ""drying evaporation#0:time"", ""extrusion#0:extrusion temperature""]",True
248,l212-s5-ghanbari-2012,l276-s3-huang-2009,0,article_block,"[""drying evaporation#0:temperature"", ""drying evaporation#0:time"", ""extrusion#0:equipment type"", ""extrusion#0:extruder"", ""extrusion#0:extrusion temperature"", ""extrusion#0:rotation speed""]","[""cooling#1:time"", ""drying evaporation#0:temperature"", ""drying evaporation#0:time"", ""drying evaporation#1:temperature"", ""drying evaporation#1:time"", ""drying evaporation#2:temperature"", ""drying evaporation#2:time"", ""extrusion#0:equipment type"", ""extrusion#0:extruder"", ""molding#0:temperature"", ""molding#0:time""]","[""extrusion#0:equipment type"", ""extrusion#0:rotation speed""]",
249,l324-s5-zhu-2017,l260-s5-haggenmueller-2006,0,unilateral,[],"[""drying evaporation#0:ambient condition"", ""drying evaporation#0:temperature"", ""drying evaporation#0:time""]",[],
249,l324-s5-zhu-2017,l260-s5-haggenmueller-2006,0,bilateral,[],[],[],True
249,l324-s5-zhu-2017,l260-s5-haggenmueller-2006,0,article_block,[],"[""drying evaporation#0:ambient condition"", ""drying evaporation#0:time"", ""molding#0:time""]","[""mixing#0:mixer"", ""mixing#0:time""]",
250,l179-s5-ramanathan-2007,l278-s2-choi-2001,0,unilateral,"[""drying evaporation#0:time"", ""mixing#0:mixing method"", ""mixing#0:time"", ""mixing#1:mixing method"", ""mixing#2:mixing method"", ""mixing#2:time"", ""molding#0:pressure""]","[""drying evaporation#0:temperature"", ""drying evaporation#0:time"", ""mixing#0:time"", ""mixing#2:mixing method"", ""mixing#2:rotational frequency"", ""mixing#2:time"", ""molding#0:temperature""]",[],
250,l179-s5-ramanathan-2007,l278-s2-choi-2001,0,bilateral,"[""drying evaporation#0:time"", ""mixing#0:mixing method"", ""mixing#0:time"", ""mixing#1:mixing method"", ""mixing#2:mixing method"", ""mixing#2:time"", ""molding#0:pressure""]","[""mixing#2:mixing method"", ""molding#0:pressure""]","[""mixing#2:mixing method"", ""molding#0:pressure""]",True
250,l179-s5-ramanathan-2007,l278-s2-choi-2001,0,article_block,"[""drying evaporation#0:time"", ""mixing#0:mixing method"", ""mixing#0:time"", ""mixing#1:mixing method"", ""mixing#2:mixing method"", ""mixing#2:time"", ""molding#0:pressure""]","[""drying evaporation#0:ambient condition"", ""drying evaporation#0:temperature"", ""mixing#0:mixer"", ""mixing#0:mixing method"", ""mixing#1:mixing method"", ""mixing#2:mixer"", ""mixing#2:mixing method"", ""mixing#3:mixing method"", ""molding#0:temperature""]","[""drying evaporation#0:time"", ""drying evaporation#1:temperature"", ""drying evaporation#1:time"", ""mixing#0:rotational frequency"", ""mixing#0:time"", ""mixing#1:temperature"", ""mixing#1:time"", ""mixing#2:temperature"", ""mixing#2:time"", ""molding#0:pressure"", ""solvent#0:solvent name""]",
251,l324-s5-zhu-2017,l287-s2-jang-2008,0,unilateral,"[""drying evaporation#0:ambient condition"", ""drying evaporation#0:temperature""]","[""drying evaporation#0:ambient condition"", ""molding#0:temperature""]",[],
251,l324-s5-zhu-2017,l287-s2-jang-2008,0,bilateral,"[""drying evaporation#0:ambient condition"", ""drying evaporation#0:temperature""]",[],[],True
251,l324-s5-zhu-2017,l287-s2-jang-2008,0,article_block,"[""drying evaporation#0:ambient condition"", ""drying evaporation#0:temperature""]","[""drying evaporation#0:ambient condition"", ""drying evaporation#0:time"", ""molding#0:time""]","[""drying evaporation#0:ambient condition"", ""drying evaporation#0:temperature"", ""drying evaporation#1:ambient condition"", ""drying evaporation#1:temperature"", ""drying evaporation#1:time"", ""heating#0:ambient condition"", ""heating#0:temperature"", ""heating#0:time"", ""heating#1:temperature"", ""heating#1:time"", ""mixing#0:mixing method"", ""mixing#1:mixing method"", ""mixing#1:time"", ""mixing#2:mixing method"", ""mixing#2:temperature"", ""mixing#2:time"", ""solvent#0:solvent name""]",
252,l259-s2-chen-2017,l377-s4-wanasekara-2017,0,unilateral,"[""mixing#0:mixing method""]","[""heating#0:ambient condition"", ""mixing#1:time"", ""mixing#2:mixing method"", ""mixing#2:temperature"", ""mixing#2:time""]",[],
252,l259-s2-chen-2017,l377-s4-wanasekara-2017,0,bilateral,"[""mixing#0:mixing method""]","[""mixing#0:mixing method""]","[""mixing#0:mixing method""]",True
252,l259-s2-chen-2017,l377-s4-wanasekara-2017,0,article_block,"[""mixing#0:mixing method""]","[""heating#0:temperature"", ""heating#0:time"", ""mixing#0:mixing method"", ""mixing#1:temperature"", ""mixing#1:time"", ""mixing#2:mixing method"", ""mixing#2:temperature"", ""mixing#2:time"", ""molding#0:temperature"", ""molding#0:time""]","[""drying evaporation#0:time"", ""mixing#0:mixing method""]",
253,l191-s3-xie-2004,l118-s1-fidelus-2005,0,unilateral,"[""mixing#1:mixing method""]","[""mixing#0:temperature"", ""mixing#1:mixing method"", ""mixing#2:mixer"", ""mixing#2:mixing method"", ""mixing#2:temperature"", ""mixing#2:time"", ""molding#0:temperature"", ""molding#0:time""]",[],
253,l191-s3-xie-2004,l118-s1-fidelus-2005,0,bilateral,"[""mixing#1:mixing method""]",[],[],True
253,l191-s3-xie-2004,l118-s1-fidelus-2005,0,article_block,"[""mixing#1:mixing method""]","[""mixing#0:temperature"", ""mixing#2:temperature"", ""mixing#2:time"", ""molding#0:temperature"", ""molding#0:time""]","[""drying evaporation#0:temperature"", ""drying evaporation#1:ambient condition"", ""heating#0:temperature""]",
254,l196-s4-petersson-2006,e410-s2-prasad-2021,0,unilateral,"[""mixing#0:mixing method""]","[""heating#0:ambient condition"", ""heating#0:time"", ""mixing#0:mixing method"", ""mixing#0:time"", ""mixing#1:mixer"", ""mixing#1:time"", ""molding#0:time""]",[],
254,l196-s4-petersson-2006,e410-s2-prasad-2021,0,bilateral,"[""mixing#0:mixing method""]","[""mixing#0:mixing method""]","[""mixing#0:mixing method""]",True
254,l196-s4-petersson-2006,e410-s2-prasad-2021,0,article_block,"[""mixing#0:mixing method""]","[""heating#0:ambient condition"", ""heating#0:temperature"", ""mixing#0:mixing method"", ""mixing#1:mixing method""]","[""drying evaporation#0:ambient condition"", ""drying evaporation#0:temperature"", ""drying evaporation#0:time"", ""extrusion output#0:equipment type"", ""extrusion output#0:extruder"", ""extrusion output#0:rotation mode"", ""extrusion output#0:screw channel diameter"", ""extrusion output#0:screw diameter""]",
255,l313-s2-huang-2014,l276-s4-huang-2009,0,unilateral,"[""drying evaporation#0:temperature"", ""drying evaporation#0:time""]","[""drying evaporation#0:temperature"", ""drying evaporation#0:time""]",[],
255,l313-s2-huang-2014,l276-s4-huang-2009,0,bilateral,"[""drying evaporation#0:temperature"", ""drying evaporation#0:time""]","[""drying evaporation#0:temperature""]","[""drying evaporation#0:temperature""]",True
255,l313-s2-huang-2014,l276-s4-huang-2009,0,article_block,"[""drying evaporation#0:temperature"", ""drying evaporation#0:time""]","[""drying evaporation#0:temperature"", ""drying evaporation#1:temperature"", ""mixing#0:temperature"", ""molding#0:temperature""]","[""extrusion#0:equipment type"", ""extrusion#0:rotation speed""]",
256,l413-s3-botta-2018,l318-s4-patsidis-2014,0,unilateral,[],"[""cooling#0:ambient condition"", ""extrusion#0:equipment type"", ""extrusion#0:extrusion temperature"", ""extrusion#0:rotation mode"", ""extrusion#0:rotation speed"", ""extrusion#1:equipment type"", ""extrusion#1:extruder"", ""extrusion#1:extrusion temperature"", ""extrusion#1:rotation speed"", ""extrusion#2:equipment type"", ""extrusion#3:extrusion temperature""]",[],
256,l413-s3-botta-2018,l318-s4-patsidis-2014,0,bilateral,[],[],[],True
256,l413-s3-botta-2018,l318-s4-patsidis-2014,0,article_block,[],"[""extrusion#0:extruder"", ""extrusion#0:extrusion temperature"", ""extrusion#0:rotation mode"", ""extrusion#0:rotation speed"", ""extrusion#1:extruder"", ""extrusion#1:extrusion temperature"", ""extrusion#1:rotation speed"", ""extrusion#2:extruder"", ""extrusion#2:extrusion temperature"", ""extrusion#2:rotation speed"", ""extrusion#3:extruder"", ""extrusion#3:extrusion temperature"", ""extrusion#3:rotation speed""]","[""mixing#0:mixing method"", ""mixing#1:mixing method""]",
257,l282-s3-cui-2008,l289-s1-motaung-2012,0,unilateral,"[""mixing#0:temperature"", ""mixing#0:time""]","[""drying evaporation#1:ambient condition"", ""drying evaporation#1:time"", ""mixing#0:temperature"", ""mixing#0:time"", ""mixing#1:mixing method"", ""mixing#1:temperature"", ""mixing#1:time"", ""mixing#2:temperature"", ""mixing#2:time"", ""mixing#3:mixing method""]",[],
257,l282-s3-cui-2008,l289-s1-motaung-2012,0,bilateral,"[""mixing#0:temperature"", ""mixing#0:time""]","[""mixing#0:temperature""]","[""mixing#0:temperature""]",True
257,l282-s3-cui-2008,l289-s1-motaung-2012,0,article_block,"[""mixing#0:temperature"", ""mixing#0:time""]","[""drying evaporation#0:ambient condition"", ""drying evaporation#0:time"", ""drying evaporation#1:ambient condition"", ""drying evaporation#1:time"", ""mixing#0:time"", ""mixing#1:time"", ""mixing#2:time""]","[""mixing#0:time"", ""molding#0:time""]",
258,l209-s12-ash-2001,l285-s3-pham-2012,0,unilateral,[],"[""drying evaporation#0:time""]",[],
258,l209-s12-ash-2001,l285-s3-pham-2012,0,bilateral,[],[],[],True
258,l209-s12-ash-2001,l285-s3-pham-2012,0,article_block,[],"[""drying evaporation#0:time""]","[""molding#0:pressure"", ""molding#0:time""]",
259,l413-s3-botta-2018,l278-s2-choi-2001,0,unilateral,"[""drying evaporation#0:time"", ""drying evaporation#1:ambient condition"", ""drying evaporation#1:temperature"", ""drying evaporation#1:time""]","[""drying evaporation#0:ambient condition"", ""drying evaporation#1:ambient condition"", ""drying evaporation#1:time"", ""drying evaporation#2:time"", ""extrusion#0:equipment type"", ""extrusion#0:rotation mode"", ""extrusion#0:rotation speed"", ""extrusion#1:extrusion temperature"", ""extrusion#1:rotation speed"", ""extrusion#2:equipment type"", ""extrusion#2:extruder"", ""extrusion#2:rotation speed"", ""extrusion#3:equipment type"", ""extrusion#3:extruder"", ""extrusion#3:rotation speed""]",[],
259,l413-s3-botta-2018,l278-s2-choi-2001,0,bilateral,"[""drying evaporation#0:time"", ""drying evaporation#1:ambient condition"", ""drying evaporation#1:temperature"", ""drying evaporation#1:time""]","[""drying evaporation#1:ambient condition"", ""drying evaporation#1:temperature""]","[""drying evaporation#1:ambient condition"", ""drying evaporation#1:temperature""]",True
259,l413-s3-botta-2018,l278-s2-choi-2001,0,article_block,"[""drying evaporation#0:time"", ""drying evaporation#1:ambient condition"", ""drying evaporation#1:temperature"", ""drying evaporation#1:time""]","[""extrusion#0:extruder"", ""extrusion#0:extrusion temperature"", ""extrusion#0:rotation mode"", ""extrusion#0:rotation speed"", ""extrusion#1:extruder"", ""extrusion#1:extrusion temperature"", ""extrusion#1:rotation speed"", ""extrusion#2:extruder"", ""extrusion#2:extrusion temperature"", ""extrusion#2:rotation speed"", ""extrusion#3:extruder"", ""extrusion#3:extrusion temperature"", ""extrusion#3:rotation speed""]","[""drying evaporation#0:time"", ""drying evaporation#1:temperature"", ""drying evaporation#1:time"", ""mixing#0:rotational frequency"", ""mixing#0:time"", ""mixing#1:temperature"", ""mixing#1:time"", ""mixing#2:temperature"", ""mixing#2:time"", ""molding#0:pressure"", ""solvent#0:solvent name""]",
260,l314-s4-diezpascual-2011,l316-s5-chandrasekaran-2013,0,unilateral,"[""mixing#0:mixing method"", ""mixing#1:time""]","[""drying evaporation#0:ambient condition"", ""mixing#0:time"", ""mixing#1:mixing method"", ""mixing#1:time"", ""mixing#2:mixing method""]",[],
260,l314-s4-diezpascual-2011,l316-s5-chandrasekaran-2013,0,bilateral,"[""mixing#0:mixing method"", ""mixing#1:time""]","[""mixing#0:mixing method""]","[""mixing#0:mixing method""]",True
260,l314-s4-diezpascual-2011,l316-s5-chandrasekaran-2013,0,article_block,"[""mixing#0:mixing method"", ""mixing#1:time""]","[""mixing#0:mixing method"", ""mixing#1:mixing method"", ""mixing#2:mixing method"", ""molding#0:temperature""]","[""heating#1:time"", ""heating#2:time"", ""mixing#0:mixing method"", ""mixing#1:time""]",
261,l200-s4-schoch-2008,l217-s6-ash-2002,0,unilateral,"[""mixing#0:mixing method"", ""mixing#0:time"", ""mixing#1:mixer"", ""mixing#1:mixing method"", ""mixing#1:temperature"", ""mixing#1:time""]","[""mixing#1:mixing method"", ""mixing#1:temperature"", ""mixing#2:mixing method""]",[],
261,l200-s4-schoch-2008,l217-s6-ash-2002,0,bilateral,"[""mixing#0:mixing method"", ""mixing#0:time"", ""mixing#1:mixer"", ""mixing#1:mixing method"", ""mixing#1:temperature"", ""mixing#1:time""]","[""mixing#0:time"", ""mixing#1:mixing method"", ""mixing#1:temperature"", ""mixing#1:time""]","[""mixing#0:time"", ""mixing#1:mixing method"", ""mixing#1:temperature"", ""mixing#1:time""]",True
261,l200-s4-schoch-2008,l217-s6-ash-2002,0,article_block,"[""mixing#0:mixing method"", ""mixing#0:time"", ""mixing#1:mixer"", ""mixing#1:mixing method"", ""mixing#1:temperature"", ""mixing#1:time""]","[""mixing#0:time"", ""mixing#1:time""]","[""drying evaporation#0:time"", ""heating#1:time"", ""mixing#0:mixing method"", ""mixing#0:time"", ""mixing#1:mixing method"", ""mixing#1:time""]",
262,l313-s2-huang-2014,l258-s4-du-2004,0,unilateral,[],"[""drying evaporation#0:temperature"", ""drying evaporation#0:time"", ""drying evaporation#1:temperature"", ""mixing#0:temperature""]",[],
262,l313-s2-huang-2014,l258-s4-du-2004,0,bilateral,[],[],[],True
262,l313-s2-huang-2014,l258-s4-du-2004,0,article_block,[],"[""drying evaporation#0:temperature"", ""drying evaporation#1:temperature"", ""mixing#0:temperature"", ""molding#0:temperature""]",[],
263,l388-s1-benes-2018,l285-s3-pham-2012,0,unilateral,[],"[""additive#1:additive"", ""curing#0:time"", ""curing#1:time"", ""heating#0:temperature"", ""mixing#0:mixing method""]",[],
263,l388-s1-benes-2018,l285-s3-pham-2012,0,bilateral,[],[],[],True
263,l388-s1-benes-2018,l285-s3-pham-2012,0,article_block,[],"[""additive#0:additive"", ""additive#1:additive"", ""curing#0:time"", ""curing#1:time"", ""heating#0:time""]","[""molding#0:pressure"", ""molding#0:time""]",
264,l111-s4-singha-2009,l271-s15-sun-2004,0,unilateral,"[""mixing#0:mixing method""]","[""drying evaporation#0:ambient condition"", ""drying evaporation#0:temperature"", ""drying evaporation#0:time"", ""drying evaporation#1:temperature"", ""drying evaporation#1:time"", ""drying evaporation#2:ambient condition"", ""drying evaporation#2:temperature"", ""drying evaporation#2:time"", ""mixing#0:mixer"", ""mixing#1:time"", ""molding#1:time""]",[],
264,l111-s4-singha-2009,l271-s15-sun-2004,0,bilateral,"[""mixing#0:mixing method""]",[],[],True
264,l111-s4-singha-2009,l271-s15-sun-2004,0,article_block,"[""mixing#0:mixing method""]","[""drying evaporation#0:ambient condition"", ""drying evaporation#0:temperature"", ""drying evaporation#1:temperature"", ""drying evaporation#2:ambient condition"", ""drying evaporation#2:temperature"", ""drying evaporation#3:ambient condition"", ""mixing#0:mixer"", ""mixing#1:rotational frequency"", ""mixing#2:mixer"", ""molding#1:temperature""]","[""mixing#0:mixing method"", ""mixing#0:time""]",
265,l180-s3-maillard-2012,l260-s5-haggenmueller-2006,0,unilateral,"[""mixing#0:mixing method"", ""mixing#0:time""]","[""heating#0:pressure""]",[],
265,l180-s3-maillard-2012,l260-s5-haggenmueller-2006,0,bilateral,"[""mixing#0:mixing method"", ""mixing#0:time""]","[""mixing#0:mixing method""]","[""mixing#0:mixing method""]",True
265,l180-s3-maillard-2012,l260-s5-haggenmueller-2006,0,article_block,"[""mixing#0:mixing method"", ""mixing#0:time""]","[""heating#0:ambient condition"", ""heating#0:pressure"", ""molding#0:ambient condition""]","[""mixing#0:mixer"", ""mixing#0:time""]",
266,l276-s3-huang-2009,l259-s3-chen-2017,0,unilateral,[],"[""drying evaporation#0:temperature"", ""drying evaporation#0:time"", ""extrusion#0:equipment type""]",[],
266,l276-s3-huang-2009,l259-s3-chen-2017,0,bilateral,[],[],[],True
266,l276-s3-huang-2009,l259-s3-chen-2017,0,article_block,[],"[""extrusion#0:equipment type"", ""extrusion#0:rotation speed""]","[""heating#0:temperature"", ""heating#0:time"", ""mixing#0:mixing method"", ""mixing#1:temperature"", ""mixing#1:time"", ""mixing#2:mixing method"", ""mixing#2:temperature"", ""mixing#2:time"", ""molding#0:temperature"", ""molding#0:time""]",
267,l121-s8-nelson-2005,e108-s10-huang-2016,0,unilateral,"[""drying evaporation#0:ambient condition"", ""drying evaporation#1:ambient condition"", ""drying evaporation#1:temperature"", ""mixing#1:mixing method""]","[""additive#0:additive"", ""additive#1:additive"", ""drying evaporation#0:temperature"", ""drying evaporation#1:temperature"", ""mixing#0:mixing method"", ""mixing#1:mixer"", ""mixing#1:mixing method""]",[],
267,l121-s8-nelson-2005,e108-s10-huang-2016,0,bilateral,"[""drying evaporation#0:ambient condition"", ""drying evaporation#1:ambient condition"", ""drying evaporation#1:temperature"", ""mixing#1:mixing method""]","[""drying evaporation#0:ambient condition"", ""drying evaporation#1:ambient condition"", ""mixing#1:mixing method""]","[""drying evaporation#0:ambient condition"", ""drying evaporation#1:ambient condition"", ""mixing#1:mixing method""]",True
267,l121-s8-nelson-2005,e108-s10-huang-2016,0,article_block,"[""drying evaporation#0:ambient condition"", ""drying evaporation#1:ambient condition"", ""drying evaporation#1:temperature"", ""mixing#1:mixing method""]","[""drying evaporation#0:ambient condition"", ""drying evaporation#0:time"", ""drying evaporation#1:ambient condition"", ""drying evaporation#1:time"", ""drying evaporation#2:time"", ""heating#0:time""]","[""drying evaporation#0:ambient condition"", ""drying evaporation#1:ambient condition"", ""mixing#1:mixing method"", ""molding#0:ambient condition""]",
268,l171-s15-rittigstein-2006,l259-s2-chen-2017,0,unilateral,"[""mixing#0:mixing method""]","[""cooling#0:time"", ""mixing#0:mixer"", ""mixing#0:time"", ""solvent#0:solvent name""]",[],
268,l171-s15-rittigstein-2006,l259-s2-chen-2017,0,bilateral,"[""mixing#0:mixing method""]",[],[],True
268,l171-s15-rittigstein-2006,l259-s2-chen-2017,0,article_block,"[""mixing#0:mixing method""]","[""cooling#0:temperature"", ""cooling#0:time"", ""cooling#1:temperature"", ""cooling#1:time"", ""drying evaporation#0:time"", ""mixing#0:time"", ""solvent#0:solvent name""]","[""heating#0:temperature"", ""heating#0:time"", ""mixing#0:mixing method"", ""mixing#1:temperature"", ""mixing#1:time"", ""mixing#2:mixing method"", ""mixing#2:temperature"", ""mixing#2:time"", ""molding#0:temperature"", ""molding#0:time""]",
269,l154-s3-eitan-2005,l316-s3-chandrasekaran-2013,0,unilateral,"[""mixing#0:mixer"", ""mixing#0:mixing method"", ""mixing#1:time""]","[""drying evaporation#0:time"", ""mixing#0:mixer"", ""mixing#1:time""]",[],
269,l154-s3-eitan-2005,l316-s3-chandrasekaran-2013,0,bilateral,"[""mixing#0:mixer"", ""mixing#0:mixing method"", ""mixing#1:time""]",[],[],True
269,l154-s3-eitan-2005,l316-s3-chandrasekaran-2013,0,article_block,"[""mixing#0:mixer"", ""mixing#0:mixing method"", ""mixing#1:time""]","[""additive#0:additive"", ""drying evaporation#0:temperature"", ""drying evaporation#1:temperature"", ""mixing#0:mixer""]","[""heating#1:time"", ""heating#2:time"", ""mixing#0:mixing method"", ""mixing#1:time""]",
270,e116-s21-prasad-2018,l289-s1-motaung-2012,0,unilateral,[],"[""drying evaporation#0:ambient condition"", ""extrusion#0:extrusion temperature""]",[],
270,e116-s21-prasad-2018,l289-s1-motaung-2012,0,bilateral,[],[],[],True
270,e116-s21-prasad-2018,l289-s1-motaung-2012,0,article_block,[],"[""extrusion#0:equipment type""]","[""mixing#0:time"", ""molding#0:time""]",
271,l382-s1-huang-2019,l137-s8-yang-2014,0,unilateral,"[""mixing#0:mixing method"", ""mixing#0:time""]","[""mixing#0:time"", ""solvent#0:solvent name""]",[],
271,l382-s1-huang-2019,l137-s8-yang-2014,0,bilateral,"[""mixing#0:mixing method"", ""mixing#0:time""]","[""mixing#0:mixing method""]","[""mixing#0:mixing method""]",True
271,l382-s1-huang-2019,l137-s8-yang-2014,0,article_block,"[""mixing#0:mixing method"", ""mixing#0:time""]","[""mixing#0:mixing method""]","[""drying evaporation#0:ambient condition"", ""mixing#0:mixing method"", ""mixing#1:mixing method"", ""mixing#2:mixing method"", ""mixing#3:mixing method""]",
272,l196-s4-petersson-2006,l276-s4-huang-2009,0,unilateral,[],"[""heating#0:ambient condition"", ""heating#0:temperature"", ""heating#0:time"", ""mixing#1:mixing method""]",[],
272,l196-s4-petersson-2006,l276-s4-huang-2009,0,bilateral,[],[],[],True
272,l196-s4-petersson-2006,l276-s4-huang-2009,0,article_block,[],"[""heating#0:ambient condition"", ""heating#0:temperature"", ""mixing#0:mixing method"", ""mixing#1:mixing method""]","[""extrusion#0:equipment type"", ""extrusion#0:rotation speed""]",
273,l320-s2-wang-2014,l111-s4-singha-2009,0,unilateral,"[""mixing#0:mixer"", ""mixing#0:mixing method"", ""mixing#1:mixing method"", ""mixing#2:mixing method"", ""mixing#2:time""]","[""heating#1:ambient condition"", ""heating#1:temperature"", ""heating#2:time"", ""heating#3:time"", ""mixing#0:mixer"", ""mixing#0:mixing method"", ""mixing#0:time"", ""mixing#1:mixing method"", ""mixing#3:mixer"", ""mixing#3:mixing method""]",[],
273,l320-s2-wang-2014,l111-s4-singha-2009,0,bilateral,"[""mixing#0:mixer"", ""mixing#0:mixing method"", ""mixing#1:mixing method"", ""mixing#2:mixing method"", ""mixing#2:time""]","[""mixing#0:mixing method"", ""mixing#1:mixing method"", ""mixing#2:mixing method""]","[""mixing#0:mixing method"", ""mixing#1:mixing method"", ""mixing#2:mixing method""]",True
273,l320-s2-wang-2014,l111-s4-singha-2009,0,article_block,"[""mixing#0:mixer"", ""mixing#0:mixing method"", ""mixing#1:mixing method"", ""mixing#2:mixing method"", ""mixing#2:time""]","[""heating#2:time"", ""heating#3:time"", ""mixing#0:mixer"", ""mixing#0:time"", ""mixing#2:time"", ""mixing#3:mixer""]","[""drying evaporation#0:ambient condition"", ""drying evaporation#0:temperature"", ""drying evaporation#1:temperature"", ""drying evaporation#2:ambient condition"", ""drying evaporation#2:temperature"", ""drying evaporation#3:ambient condition"", ""mixing#0:mixer"", ""mixing#1:rotational frequency"", ""mixing#2:mixer"", ""molding#1:temperature""]",
274,l282-s2-cui-2008,l259-s3-chen-2017,0,unilateral,"[""mixing#0:mixing method"", ""mixing#1:temperature"", ""mixing#1:time"", ""mixing#2:mixing method"", ""mixing#2:temperature"", ""mixing#2:time""]","[""drying evaporation#0:ambient condition"", ""drying evaporation#0:temperature"", ""drying evaporation#0:time"", ""drying evaporation#1:temperature"", ""mixing#0:mixing method"", ""mixing#0:time"", ""mixing#1:time"", ""mixing#2:temperature"", ""mixing#2:time"", ""mixing#3:mixing method""]",[],
274,l282-s2-cui-2008,l259-s3-chen-2017,0,bilateral,"[""mixing#0:mixing method"", ""mixing#1:temperature"", ""mixing#1:time"", ""mixing#2:mixing method"", ""mixing#2:temperature"", ""mixing#2:time""]","[""mixing#0:mixing method"", ""mixing#1:temperature"", ""mixing#1:time""]","[""mixing#0:mixing method"", ""mixing#1:temperature"", ""mixing#1:time""]",True
274,l282-s2-cui-2008,l259-s3-chen-2017,0,article_block,"[""mixing#0:mixing method"", ""mixing#1:temperature"", ""mixing#1:time"", ""mixing#2:mixing method"", ""mixing#2:temperature"", ""mixing#2:time""]","[""drying evaporation#0:ambient condition"", ""drying evaporation#0:time"", ""drying evaporation#1:ambient condition"", ""drying evaporation#1:time"", ""mixing#0:time"", ""mixing#1:time"", ""mixing#2:time""]","[""heating#0:temperature"", ""heating#0:time"", ""mixing#0:mixing method"", ""mixing#1:temperature"", ""mixing#1:time"", ""mixing#2:mixing method"", ""mixing#2:temperature"", ""mixing#2:time"", ""molding#0:temperature"", ""molding#0:time""]",
275,l382-s1-huang-2019,l236-s9-fukushima-2012,0,unilateral,"[""mixing#0:mixing method"", ""mixing#0:time""]","[""mixing#0:time""]",[],
275,l382-s1-huang-2019,l236-s9-fukushima-2012,0,bilateral,"[""mixing#0:mixing method"", ""mixing#0:time""]","[""mixing#0:mixing method""]","[""mixing#0:mixing method""]",True
275,l382-s1-huang-2019,l236-s9-fukushima-2012,0,article_block,"[""mixing#0:mixing method"", ""mixing#0:time""]","[""mixing#0:mixing method""]","[""cooling#1:pressure"", ""mixing#0:mixing method"", ""mixing#0:rotational frequency"", ""mixing#0:temperature"", ""mixing#1:mixing method"", ""mixing#1:rotational frequency"", ""mixing#1:temperature"", ""molding#0:temperature""]",
276,l174-s6-ramanathan-2008,l285-s3-pham-2012,0,unilateral,[],"[""mixing#1:time""]",[],
276,l174-s6-ramanathan-2008,l285-s3-pham-2012,0,bilateral,[],[],[],True
276,l174-s6-ramanathan-2008,l285-s3-pham-2012,0,article_block,[],"[""mixing#1:time""]","[""molding#0:pressure"", ""molding#0:time""]",
277,l110-s7-singha-2008,l308-s3-demetrio-2013,0,unilateral,"[""mixing#0:mixing method""]","[""drying evaporation#0:time"", ""mixing#1:rotational frequency"", ""mixing#1:time"", ""mixing#3:mixing method"", ""molding#0:ambient condition""]",[],
277,l110-s7-singha-2008,l308-s3-demetrio-2013,0,bilateral,"[""mixing#0:mixing method""]","[""mixing#0:mixing method""]","[""mixing#0:mixing method""]",True
277,l110-s7-singha-2008,l308-s3-demetrio-2013,0,article_block,"[""mixing#0:mixing method""]","[""mixing#0:mixing method"", ""mixing#1:mixing method"", ""mixing#1:rotational frequency"", ""mixing#2:mixing method"", ""mixing#3:mixing method""]","[""mixing#0:time""]",
278,l229-s2-bao-2011,l297-s2-shen-2004,0,unilateral,"[""heating#0:ambient condition"", ""heating#0:temperature"", ""mixing#0:mixing method""]","[""heating#0:temperature"", ""heating#1:temperature"", ""heating#2:temperature"", ""heating#3:temperature"", ""mixing#1:mixing method"", ""mixing#1:time"", ""mixing#2:mixing method"", ""mixing#3:mixing method"", ""mixing#3:time""]",[],
278,l229-s2-bao-2011,l297-s2-shen-2004,0,bilateral,"[""heating#0:ambient condition"", ""heating#0:temperature"", ""mixing#0:mixing method""]","[""heating#0:ambient condition""]","[""heating#0:ambient condition""]",True
278,l229-s2-bao-2011,l297-s2-shen-2004,0,article_block,"[""heating#0:ambient condition"", ""heating#0:temperature"", ""mixing#0:mixing method""]","[""heating#0:temperature"", ""heating#1:temperature"", ""heating#2:temperature"", ""heating#2:time"", ""heating#3:temperature"", ""heating#3:time"", ""mixing#0:mixing method"", ""mixing#1:mixing method"", ""mixing#1:time"", ""mixing#2:mixing method"", ""mixing#2:temperature"", ""mixing#3:mixing method"", ""mixing#3:time""]","[""drying evaporation#0:temperature"", ""drying evaporation#0:time"", ""heating#0:temperature"", ""heating#0:time""]",
279,l383-s1-sadeghi-2017,l413-s3-botta-2018,0,unilateral,[],"[""mixing#0:mixer"", ""mixing#0:mixing method""]",[],
279,l383-s1-sadeghi-2017,l413-s3-botta-2018,0,bilateral,[],[],[],True
279,l383-s1-sadeghi-2017,l413-s3-botta-2018,0,article_block,[],"[""mixing#0:rotational frequency"", ""mixing#0:time""]","[""extrusion#0:extruder"", ""extrusion#0:extrusion temperature"", ""extrusion#0:rotation mode"", ""extrusion#0:rotation speed"", ""extrusion#1:extruder"", ""extrusion#1:extrusion temperature"", ""extrusion#1:rotation speed"", ""extrusion#2:extruder"", ""extrusion#2:extrusion temperature"", ""extrusion#2:rotation speed"", ""extrusion#3:extruder"", ""extrusion#3:extrusion temperature"", ""extrusion#3:rotation speed""]",
280,l211-s15-ash-2004,l111-s4-singha-2009,0,unilateral,"[""additive#0:additive"", ""additive#1:additive"", ""mixing#0:mixing method""]","[""heating#0:temperature"", ""mixing#0:mixing method"", ""mixing#0:temperature""]",[],
280,l211-s15-ash-2004,l111-s4-singha-2009,0,bilateral,"[""additive#0:additive"", ""additive#1:additive"", ""mixing#0:mixing method""]","[""additive#0:additive""]","[""additive#0:additive""]",True
280,l211-s15-ash-2004,l111-s4-singha-2009,0,article_block,"[""additive#0:additive"", ""additive#1:additive"", ""mixing#0:mixing method""]","[""heating#0:time"", ""mixing#0:time""]","[""drying evaporation#0:ambient condition"", ""drying evaporation#0:temperature"", ""drying evaporation#1:temperature"", ""drying evaporation#2:ambient condition"", ""drying evaporation#2:temperature"", ""drying evaporation#3:ambient condition"", ""mixing#0:mixer"", ""mixing#1:rotational frequency"", ""mixing#2:mixer"", ""molding#1:temperature""]",
281,l140-s9-gao-2012,l255-s9-logakis-2009,0,unilateral,[],"[""molding#0:time""]",[],
281,l140-s9-gao-2012,l255-s9-logakis-2009,0,bilateral,[],[],[],True
281,l140-s9-gao-2012,l255-s9-logakis-2009,0,article_block,[],"[""molding#0:temperature"", ""molding#1:temperature""]","[""mixing#0:mixing method""]",
282,l320-s2-wang-2014,l142-s2-gao-2014,0,unilateral,"[""heating#0:temperature"", ""mixing#0:mixing method"", ""mixing#0:time"", ""mixing#1:mixing method"", ""mixing#2:mixing method"", ""mixing#2:time"", ""mixing#3:mixing method""]","[""heating#3:time"", ""mixing#0:mixer"", ""mixing#1:mixing method"", ""mixing#2:mixing method"", ""mixing#2:time"", ""mixing#3:rotational frequency"", ""mixing#4:mixing method""]",[],
282,l320-s2-wang-2014,l142-s2-gao-2014,0,bilateral,"[""heating#0:temperature"", ""mixing#0:mixing method"", ""mixing#0:time"", ""mixing#1:mixing method"", ""mixing#2:mixing method"", ""mixing#2:time"", ""mixing#3:mixing method""]","[""heating#0:temperature"", ""mixing#0:mixing method"", ""mixing#2:mixing method"", ""mixing#2:time""]","[""heating#0:temperature"", ""mixing#0:mixing method"", ""mixing#2:mixing method"", ""mixing#2:time""]",True
282,l320-s2-wang-2014,l142-s2-gao-2014,0,article_block,"[""heating#0:temperature"", ""mixing#0:mixing method"", ""mixing#0:time"", ""mixing#1:mixing method"", ""mixing#2:mixing method"", ""mixing#2:time"", ""mixing#3:mixing method""]","[""heating#2:time"", ""heating#3:time"", ""mixing#0:mixer"", ""mixing#0:time"", ""mixing#2:time"", ""mixing#3:mixer""]","[""drying evaporation#0:temperature"", ""drying evaporation#1:ambient condition"", ""drying evaporation#1:temperature"", ""heating#0:temperature"", ""mixing#0:mixing method"", ""mixing#1:mixing method"", ""mixing#2:mixing method"", ""mixing#3:mixing method""]",
283,l254-s7-castillo-2011,l287-s3-jang-2008,0,unilateral,"[""drying evaporation#0:temperature"", ""heating#0:temperature"", ""heating#0:time"", ""mixing#0:mixing method""]","[""heating#0:temperature"", ""heating#0:time"", ""mixing#0:mixing method"", ""mixing#0:rotational frequency"", ""mixing#0:temperature""]",[],
283,l254-s7-castillo-2011,l287-s3-jang-2008,0,bilateral,"[""drying evaporation#0:temperature"", ""heating#0:temperature"", ""heating#0:time"", ""mixing#0:mixing method""]","[""drying evaporation#0:temperature"", ""heating#0:time""]","[""drying evaporation#0:temperature"", ""heating#0:time""]",True
283,l254-s7-castillo-2011,l287-s3-jang-2008,0,article_block,"[""drying evaporation#0:temperature"", ""heating#0:temperature"", ""heating#0:time"", ""mixing#0:mixing method""]","[""drying evaporation#0:time"", ""heating#0:time"", ""mixing#0:mixer"", ""mixing#0:mixing method"", ""mixing#0:rotational frequency"", ""mixing#0:time""]","[""drying evaporation#0:ambient condition"", ""drying evaporation#0:temperature"", ""drying evaporation#1:ambient condition"", ""drying evaporation#1:temperature"", ""drying evaporation#1:time"", ""heating#0:ambient condition"", ""heating#0:temperature"", ""heating#0:time"", ""heating#1:temperature"", ""heating#1:time"", ""mixing#0:mixing method"", ""mixing#1:mixing method"", ""mixing#1:time"", ""mixing#2:mixing method"", ""mixing#2:temperature"", ""mixing#2:time"", ""solvent#0:solvent name""]",
284,l242-s4-narayanan-2006,l267-s3-kim-2006,0,unilateral,[],[],[],
284,l242-s4-narayanan-2006,l267-s3-kim-2006,0,bilateral,[],[],[],True
284,l242-s4-narayanan-2006,l267-s3-kim-2006,0,article_block,[],[],"[""mixing#0:mixing method""]",
285,e116-s21-prasad-2018,l142-s2-gao-2014,0,unilateral,[],"[""drying evaporation#0:time"", ""extrusion#0:equipment type"", ""extrusion#0:extrusion temperature"", ""extrusion#0:residence time""]",[],
285,e116-s21-prasad-2018,l142-s2-gao-2014,0,bilateral,[],[],[],True
285,e116-s21-prasad-2018,l142-s2-gao-2014,0,article_block,[],"[""extrusion#0:equipment type""]","[""drying evaporation#0:temperature"", ""drying evaporation#1:ambient condition"", ""drying evaporation#1:temperature"", ""heating#0:temperature"", ""mixing#0:mixing method"", ""mixing#1:mixing method"", ""mixing#2:mixing method"", ""mixing#3:mixing method""]",
286,l238-s3-zhao-2008,l275-s1-zhou-2006,0,unilateral,"[""heating#0:temperature"", ""heating#0:time"", ""heating#1:temperature"", ""heating#1:time"", ""mixing#0:mixing method"", ""mixing#0:time""]","[""additive#0:additive"", ""heating#0:time"", ""mixing#0:mixing method"", ""mixing#0:time""]",[],
286,l238-s3-zhao-2008,l275-s1-zhou-2006,0,bilateral,"[""heating#0:temperature"", ""heating#0:time"", ""heating#1:temperature"", ""heating#1:time"", ""mixing#0:mixing method"", ""mixing#0:time""]","[""heating#0:time"", ""heating#1:temperature"", ""mixing#0:mixing method""]","[""heating#0:time"", ""heating#1:temperature"", ""mixing#0:mixing method""]",True
286,l238-s3-zhao-2008,l275-s1-zhou-2006,0,article_block,"[""heating#0:temperature"", ""heating#0:time"", ""heating#1:temperature"", ""heating#1:time"", ""mixing#0:mixing method"", ""mixing#0:time""]","[""additive#0:additive"", ""additive#1:additive"", ""drying evaporation#0:time"", ""heating#0:time"", ""heating#1:time"", ""mixing#0:mixer"", ""mixing#0:time"", ""solvent#0:solvent name""]","[""mixing#0:mixing method""]",
287,l313-s2-huang-2014,l177-s2-yang-2013,0,unilateral,[],"[""drying evaporation#0:time"", ""mixing#0:rotational frequency"", ""molding#0:temperature""]",[],
287,l313-s2-huang-2014,l177-s2-yang-2013,0,bilateral,[],[],[],True
287,l313-s2-huang-2014,l177-s2-yang-2013,0,article_block,[],"[""drying evaporation#0:temperature"", ""drying evaporation#1:temperature"", ""mixing#0:temperature"", ""molding#0:temperature""]","[""mixing#0:mixer"", ""mixing#0:time""]",
288,l211-s15-ash-2004,l278-s1-choi-2001,0,unilateral,"[""mixing#0:mixing method"", ""mixing#0:time""]","[""additive#1:additive"", ""heating#0:temperature"", ""heating#0:time""]",[],
288,l211-s15-ash-2004,l278-s1-choi-2001,0,bilateral,"[""mixing#0:mixing method"", ""mixing#0:time""]","[""mixing#0:mixing method"", ""mixing#0:time""]","[""mixing#0:mixing method"", ""mixing#0:time""]",True
288,l211-s15-ash-2004,l278-s1-choi-2001,0,article_block,"[""mixing#0:mixing method"", ""mixing#0:time""]","[""heating#0:time"", ""mixing#0:time""]","[""drying evaporation#0:time"", ""drying evaporation#1:temperature"", ""drying evaporation#1:time"", ""mixing#0:rotational frequency"", ""mixing#0:time"", ""mixing#1:temperature"", ""mixing#1:time"", ""mixing#2:temperature"", ""mixing#2:time"", ""molding#0:pressure"", ""solvent#0:solvent name""]",
289,l191-s2-xie-2004,l260-s2-haggenmueller-2006,0,unilateral,"[""mixing#0:mixer"", ""mixing#1:mixing method""]","[""mixing#0:mixer"", ""molding#0:temperature""]",[],
289,l191-s2-xie-2004,l260-s2-haggenmueller-2006,0,bilateral,"[""mixing#0:mixer"", ""mixing#1:mixing method""]",[],[],True
289,l191-s2-xie-2004,l260-s2-haggenmueller-2006,0,article_block,"[""mixing#0:mixer"", ""mixing#1:mixing method""]","[""mixing#0:temperature"", ""mixing#2:temperature"", ""mixing#2:time"", ""molding#0:temperature"", ""molding#0:time""]","[""mixing#0:mixer"", ""mixing#0:time""]",
290,l211-s15-ash-2004,l260-s5-haggenmueller-2006,0,unilateral,"[""mixing#0:mixing method"", ""mixing#0:time""]","[""additive#0:additive"", ""additive#1:additive"", ""heating#0:time""]",[],
290,l211-s15-ash-2004,l260-s5-haggenmueller-2006,0,bilateral,"[""mixing#0:mixing method"", ""mixing#0:time""]",[],[],True
290,l211-s15-ash-2004,l260-s5-haggenmueller-2006,0,article_block,"[""mixing#0:mixing method"", ""mixing#0:time""]","[""heating#0:time"", ""mixing#0:time""]","[""mixing#0:mixer"", ""mixing#0:time""]",
291,l274-s3-goh-2003,l261-s2-wang-2016,0,unilateral,"[""heating#0:temperature"", ""mixing#0:time"", ""molding#0:temperature"", ""molding#0:time""]","[""heating#0:time"", ""mixing#0:temperature"", ""molding#0:ambient condition"", ""molding#0:temperature"", ""molding#0:time""]",[],
291,l274-s3-goh-2003,l261-s2-wang-2016,0,bilateral,"[""heating#0:temperature"", ""mixing#0:time"", ""molding#0:temperature"", ""molding#0:time""]","[""heating#0:temperature"", ""molding#0:temperature"", ""molding#0:time""]","[""heating#0:temperature"", ""molding#0:temperature"", ""molding#0:time""]",True
291,l274-s3-goh-2003,l261-s2-wang-2016,0,article_block,"[""heating#0:temperature"", ""mixing#0:time"", ""molding#0:temperature"", ""molding#0:time""]","[""heating#0:temperature"", ""heating#0:time"", ""mixing#0:mixer"", ""mixing#0:temperature"", ""mixing#0:time"", ""molding#0:temperature"", ""molding#0:time""]","[""heating#1:ambient condition"", ""mixing#2:rotational frequency"", ""mixing#4:rotational frequency"", ""solvent#0:solvent name""]",
292,l261-s2-wang-2016,l297-s1-shen-2004,0,unilateral,"[""heating#0:temperature"", ""mixing#0:mixing method""]","[""heating#0:temperature"", ""heating#1:ambient condition"", ""heating#1:temperature"", ""heating#1:time"", ""heating#2:temperature"", ""heating#3:time"", ""mixing#1:mixing method"", ""mixing#1:time"", ""mixing#3:mixing method"", ""mixing#4:rotational frequency"", ""solvent#0:solvent name""]",[],
292,l261-s2-wang-2016,l297-s1-shen-2004,0,bilateral,"[""heating#0:temperature"", ""mixing#0:mixing method""]","[""mixing#0:mixing method""]","[""mixing#0:mixing method""]",True
292,l261-s2-wang-2016,l297-s1-shen-2004,0,article_block,"[""heating#0:temperature"", ""mixing#0:mixing method""]","[""heating#1:ambient condition"", ""mixing#2:rotational frequency"", ""mixing#4:rotational frequency"", ""solvent#0:solvent name""]","[""drying evaporation#0:temperature"", ""drying evaporation#0:time"", ""heating#0:temperature"", ""heating#0:time""]",
293,l383-s1-sadeghi-2017,l297-s1-shen-2004,0,unilateral,"[""mixing#0:mixing method""]","[""mixing#0:mixer"", ""mixing#0:rotational frequency""]",[],
293,l383-s1-sadeghi-2017,l297-s1-shen-2004,0,bilateral,"[""mixing#0:mixing method""]","[""mixing#0:mixing method""]","[""mixing#0:mixing method""]",True
293,l383-s1-sadeghi-2017,l297-s1-shen-2004,0,article_block,"[""mixing#0:mixing method""]","[""mixing#0:rotational frequency"", ""mixing#0:time""]","[""drying evaporation#0:temperature"", ""drying evaporation#0:time"", ""heating#0:temperature"", ""heating#0:time""]",
294,l383-s1-sadeghi-2017,l179-s5-ramanathan-2007,0,unilateral,"[""mixing#0:mixer"", ""mixing#0:mixing method"", ""mixing#0:time""]","[""mixing#0:mixer"", ""mixing#0:mixing method"", ""mixing#0:rotational frequency"", ""mixing#0:time""]",[],
294,l383-s1-sadeghi-2017,l179-s5-ramanathan-2007,0,bilateral,"[""mixing#0:mixer"", ""mixing#0:mixing method"", ""mixing#0:time""]","[""mixing#0:time""]","[""mixing#0:time""]",True
294,l383-s1-sadeghi-2017,l179-s5-ramanathan-2007,0,article_block,"[""mixing#0:mixer"", ""mixing#0:mixing method"", ""mixing#0:time""]","[""mixing#0:rotational frequency"", ""mixing#0:time""]","[""drying evaporation#0:ambient condition"", ""drying evaporation#0:temperature"", ""mixing#0:mixer"", ""mixing#0:mixing method"", ""mixing#1:mixing method"", ""mixing#2:mixer"", ""mixing#2:mixing method"", ""mixing#3:mixing method"", ""molding#0:temperature""]",
295,l413-s3-botta-2018,l261-s2-wang-2016,0,unilateral,[],"[""cooling#0:ambient condition"", ""drying evaporation#0:ambient condition"", ""drying evaporation#0:time"", ""drying evaporation#1:temperature"", ""drying evaporation#1:time"", ""drying evaporation#2:temperature"", ""extrusion#0:equipment type"", ""extrusion#0:extruder"", ""extrusion#0:rotation speed"", ""extrusion#1:extruder"", ""extrusion#2:equipment type"", ""extrusion#3:equipment type""]",[],
295,l413-s3-botta-2018,l261-s2-wang-2016,0,bilateral,[],[],[],True
295,l413-s3-botta-2018,l261-s2-wang-2016,0,article_block,[],"[""extrusion#0:extruder"", ""extrusion#0:extrusion temperature"", ""extrusion#0:rotation mode"", ""extrusion#0:rotation speed"", ""extrusion#1:extruder"", ""extrusion#1:extrusion temperature"", ""extrusion#1:rotation speed"", ""extrusion#2:extruder"", ""extrusion#2:extrusion temperature"", ""extrusion#2:rotation speed"", ""extrusion#3:extruder"", ""extrusion#3:extrusion temperature"", ""extrusion#3:rotation speed""]","[""heating#1:ambient condition"", ""mixing#2:rotational frequency"", ""mixing#4:rotational frequency"", ""solvent#0:solvent name""]",
296,l310-s5-chatterjee-2007,l397-s1-tuncer-2007,0,unilateral,"[""mixing#1:mixing method"", ""mixing#1:time""]","[""heating#0:temperature"", ""heating#0:time"", ""mixing#0:mixer"", ""mixing#0:mixing method"", ""mixing#0:time"", ""mixing#1:mixing method""]",[],
296,l310-s5-chatterjee-2007,l397-s1-tuncer-2007,0,bilateral,"[""mixing#1:mixing method"", ""mixing#1:time""]",[],[],True
296,l310-s5-chatterjee-2007,l397-s1-tuncer-2007,0,article_block,"[""mixing#1:mixing method"", ""mixing#1:time""]","[""heating#0:time"", ""mixing#0:mixer"", ""mixing#0:time"", ""mixing#1:time"", ""molding#0:time""]","[""curing#0:ambient condition"", ""curing#0:temperature""]",
297,l259-s2-chen-2017,l316-s10-chandrasekaran-2013,0,unilateral,"[""heating#0:temperature"", ""heating#0:time"", ""mixing#0:mixing method"", ""mixing#1:temperature"", ""mixing#1:time"", ""mixing#2:time""]","[""mixing#1:time"", ""mixing#2:time"", ""molding#0:time""]",[],
297,l259-s2-chen-2017,l316-s10-chandrasekaran-2013,0,bilateral,"[""heating#0:temperature"", ""heating#0:time"", ""mixing#0:mixing method"", ""mixing#1:temperature"", ""mixing#1:time"", ""mixing#2:time""]","[""heating#0:time"", ""mixing#0:mixing method"", ""mixing#1:temperature"", ""mixing#1:time"", ""mixing#2:time""]","[""heating#0:time"", ""mixing#0:mixing method"", ""mixing#1:temperature"", ""mixing#1:time"", ""mixing#2:time""]",True
297,l259-s2-chen-2017,l316-s10-chandrasekaran-2013,0,article_block,"[""heating#0:temperature"", ""heating#0:time"", ""mixing#0:mixing method"", ""mixing#1:temperature"", ""mixing#1:time"", ""mixing#2:time""]","[""heating#0:temperature"", ""heating#0:time"", ""mixing#0:mixing method"", ""mixing#1:temperature"", ""mixing#1:time"", ""mixing#2:mixing method"", ""mixing#2:temperature"", ""mixing#2:time"", ""molding#0:temperature"", ""molding#0:time""]","[""heating#0:time"", ""heating#2:time"", ""heating#3:time"", ""mixing#0:mixing method"", ""mixing#0:time"", ""mixing#1:mixing method"", ""mixing#1:rotational frequency"", ""mixing#1:time"", ""mixing#2:time""]",
298,l242-s4-narayanan-2006,l377-s4-wanasekara-2017,0,unilateral,[],[],[],
298,l242-s4-narayanan-2006,l377-s4-wanasekara-2017,0,bilateral,[],[],[],True
298,l242-s4-narayanan-2006,l377-s4-wanasekara-2017,0,article_block,[],[],"[""drying evaporation#0:time"", ""mixing#0:mixing method""]",
299,l383-s1-sadeghi-2017,l314-s4-diezpascual-2011,0,unilateral,"[""mixing#0:mixing method"", ""mixing#0:time""]","[""mixing#0:temperature"", ""mixing#0:time""]",[],
299,l383-s1-sadeghi-2017,l314-s4-diezpascual-2011,0,bilateral,"[""mixing#0:mixing method"", ""mixing#0:time""]","[""mixing#0:mixing method"", ""mixing#0:time""]","[""mixing#0:mixing method"", ""mixing#0:time""]",True
299,l383-s1-sadeghi-2017,l314-s4-diezpascual-2011,0,article_block,"[""mixing#0:mixing method"", ""mixing#0:time""]","[""mixing#0:rotational frequency"", ""mixing#0:time""]","[""mixing#0:mixing method"", ""mixing#1:mixing method"", ""mixing#2:mixing method"", ""molding#0:temperature""]",
