pair,mask,policy,original_lower,original_upper,lower,upper,reported,interval_contains_original_interval,width_shrank,common_reported_fraction,structural_difference_fraction,excluded_weight,sparse_zero
0,unilateral,active,0.7692307692307693,0.9230769230769231,0.75,1.0,1.0,True,False,0.0,0.75,1.0,False
0,bilateral,active,0.7692307692307693,0.9230769230769231,0.8333333333333334,1.0,1.0,False,False,0.0,0.8333333333333334,1.0,False
0,article_block,active,0.7692307692307693,0.9230769230769231,0.4166666666666667,0.9166666666666666,0.8333333333333334,False,False,0.08333333333333333,0.4166666666666667,1.0,False
0,unilateral,fixed_schema,0.43478260869565216,0.9565217391304348,0.391304347826087,1.0,1.0,True,False,0.0,0.391304347826087,98.0,False
0,bilateral,fixed_schema,0.43478260869565216,0.9565217391304348,0.43478260869565216,1.0,1.0,True,False,0.0,0.43478260869565216,98.0,False
0,article_block,fixed_schema,0.43478260869565216,0.9565217391304348,0.21739130434782608,0.9565217391304348,0.8333333333333334,True,False,0.043478260869565216,0.21739130434782608,98.0,False
1,unilateral,active,0.7177299193104713,0.9282562350999449,0.5677083333333334,0.9565972222222222,0.9289772727272727,True,False,0.05555555555555555,0.5555555555555556,1.0,False
1,bilateral,active,0.7177299193104713,0.9282562350999449,0.71875,0.9540441176470589,0.9399038461538461,False,False,0.058823529411764705,0.7058823529411765,2.0,False
1,article_block,active,0.7177299193104713,0.9282562350999449,0.375,1.0,1.0,True,False,0.0625,0.3125,3.0,False
1,unilateral,fixed_schema,0.34966329402305013,0.9650479094076655,0.2620192307692308,0.9799679487179487,0.9289772727272727,True,False,0.02564102564102564,0.2564102564102564,82.0,False
1,bilateral,fixed_schema,0.34966329402305013,0.9650479094076655,0.31330128205128205,0.9799679487179487,0.9399038461538461,True,False,0.02564102564102564,0.3076923076923077,82.0,False
1,article_block,fixed_schema,0.34966329402305013,0.9650479094076655,0.15384615384615385,1.0,1.0,True,False,0.02564102564102564,0.1282051282051282,82.0,False
2,unilateral,active,0.8965706950302585,0.9492022739776269,0.7386759581881532,0.9492022739776269,0.9356562137049942,True,False,0.10526315789473684,0.6842105263157895,0.0,False
2,bilateral,active,0.8965706950302585,0.9492022739776269,0.9444444444444444,1.0,1.0,False,False,0.05555555555555555,0.8888888888888888,1.0,False
2,article_block,active,0.8965706950302585,0.9492022739776269,0.6686024003097173,0.9463801780874951,0.9257571696596086,False,False,0.05555555555555555,0.6666666666666666,1.0,False
2,unilateral,fixed_schema,0.501024800163968,0.9716130354580857,0.4127895060463209,0.9716130354580857,0.9356562137049942,True,False,0.058823529411764705,0.38235294117647056,87.0,False
2,bilateral,fixed_schema,0.501024800163968,0.9716130354580857,0.5,1.0,1.0,True,False,0.029411764705882353,0.47058823529411764,87.0,False
2,article_block,fixed_schema,0.501024800163968,0.9716130354580857,0.35396597663455626,0.9716130354580857,0.9257571696596086,True,False,0.029411764705882353,0.35294117647058826,87.0,False
3,unilateral,active,0.7925882442054235,0.9230230268141192,0.3967391304347826,0.9619565217391305,0.9125,True,False,0.043478260869565216,0.391304347826087,0.0,False
3,bilateral,active,0.7925882442054235,0.9230230268141192,0.8145014103202257,0.9573585531773686,0.9502516453735966,False,False,0.047619047619047616,0.8095238095238095,2.0,False
3,article_block,active,0.7925882442054235,0.9230230268141192,0.5271739130434783,0.9619565217391305,0.9326923076923077,True,False,0.043478260869565216,0.5217391304347826,0.0,False
3,unilateral,fixed_schema,0.4446226735786522,0.9568177955298717,0.2225609756097561,0.9786585365853658,0.9125,True,False,0.024390243902439025,0.21951219512195122,80.0,False
3,bilateral,fixed_schema,0.4446226735786522,0.9568177955298717,0.4171836491884083,0.9781592589445058,0.9502516453735966,True,False,0.024390243902439025,0.4146341463414634,80.0,False
3,article_block,fixed_schema,0.4446226735786522,0.9568177955298717,0.29573170731707316,0.9786585365853658,0.9326923076923077,True,False,0.024390243902439025,0.2926829268292683,80.0,False
4,unilateral,active,0.875,1.0,0.8333333333333334,1.0,1.0,True,False,0.0,0.8333333333333334,0.0,False
4,bilateral,active,0.875,1.0,0.8695652173913043,1.0,1.0,True,False,0.0,0.8695652173913043,1.0,False
4,article_block,active,0.875,1.0,0.5217391304347826,1.0,1.0,True,False,0.043478260869565216,0.4782608695652174,1.0,False
4,unilateral,fixed_schema,0.4666666666666667,1.0,0.4444444444444444,1.0,1.0,True,False,0.0,0.4444444444444444,76.0,False
4,bilateral,fixed_schema,0.4666666666666667,1.0,0.4444444444444444,1.0,1.0,True,False,0.0,0.4444444444444444,76.0,False
4,article_block,fixed_schema,0.4666666666666667,1.0,0.26666666666666666,1.0,1.0,True,False,0.022222222222222223,0.24444444444444444,76.0,False
5,unilateral,active,0.7058823529411765,1.0,0.7058823529411765,1.0,1.0,True,False,0.058823529411764705,0.6470588235294118,0.0,False
5,bilateral,active,0.7058823529411765,1.0,0.6875,1.0,1.0,True,False,0.0,0.6875,1.0,False
5,article_block,active,0.7058823529411765,1.0,0.0,1.0,,True,False,0.0,0.0,4.0,False
5,unilateral,fixed_schema,0.375,1.0,0.375,1.0,1.0,True,False,0.03125,0.34375,89.0,False
5,bilateral,fixed_schema,0.375,1.0,0.34375,1.0,1.0,True,False,0.0,0.34375,89.0,False
5,article_block,fixed_schema,0.375,1.0,0.0,1.0,,True,False,0.0,0.0,89.0,False
6,unilateral,active,0.7777777777777778,1.0,0.7647058823529411,1.0,1.0,True,False,0.058823529411764705,0.7058823529411765,2.0,False
6,bilateral,active,0.7777777777777778,1.0,0.7647058823529411,1.0,1.0,True,False,0.058823529411764705,0.7058823529411765,2.0,False
6,article_block,active,0.7777777777777778,1.0,0.47058823529411764,1.0,1.0,True,False,0.11764705882352941,0.35294117647058826,2.0,False
6,unilateral,fixed_schema,0.4,1.0,0.37142857142857144,1.0,1.0,True,False,0.02857142857142857,0.34285714285714286,86.0,False
6,bilateral,fixed_schema,0.4,1.0,0.37142857142857144,1.0,1.0,True,False,0.02857142857142857,0.34285714285714286,86.0,False
6,article_block,fixed_schema,0.4,1.0,0.22857142857142856,1.0,1.0,True,False,0.05714285714285714,0.17142857142857143,86.0,False
7,unilateral,active,0.6306904801388117,0.7735476229959546,0.3819479011116642,0.905757424921188,0.8020905923344948,True,False,0.09523809523809523,0.38095238095238093,0.0,False
7,bilateral,active,0.6306904801388117,0.7735476229959546,0.7233836624080526,0.8900503290747194,0.8680603948896632,False,False,0.1111111111111111,0.7222222222222222,3.0,False
7,article_block,active,0.6306904801388117,0.7735476229959546,0.3,1.0,1.0,True,False,0.0,0.3,1.0,False
7,unilateral,fixed_schema,0.34853947586618544,0.8748552653398697,0.21107647166697233,0.9479185769301303,0.8020905923344948,True,False,0.05263157894736842,0.21052631578947367,83.0,False
7,bilateral,fixed_schema,0.34853947586618544,0.8748552653398697,0.34265541903539337,0.9479185769301303,0.8680603948896632,True,False,0.05263157894736842,0.34210526315789475,83.0,False
7,article_block,fixed_schema,0.34853947586618544,0.8748552653398697,0.15789473684210525,1.0,1.0,True,False,0.0,0.15789473684210525,83.0,False
8,unilateral,active,0.7604529616724739,0.9479529616724739,0.6666666666666666,1.0,1.0,True,False,0.06666666666666667,0.6,1.0,False
8,bilateral,active,0.7604529616724739,0.9479529616724739,0.7604529616724739,0.9479529616724739,0.9359421066738141,True,False,0.1875,0.625,0.0,False
8,article_block,active,0.7604529616724739,0.9479529616724739,0.4,1.0,1.0,True,False,0.13333333333333333,0.26666666666666666,1.0,False
8,unilateral,fixed_schema,0.38022648083623695,0.9739764808362369,0.3125,1.0,1.0,True,False,0.03125,0.28125,89.0,False
8,bilateral,fixed_schema,0.38022648083623695,0.9739764808362369,0.38022648083623695,0.9739764808362369,0.9359421066738141,True,False,0.09375,0.3125,89.0,False
8,article_block,fixed_schema,0.38022648083623695,0.9739764808362369,0.1875,1.0,1.0,True,False,0.0625,0.125,89.0,False
9,unilateral,active,0.7272727272727273,1.0,0.8888888888888888,1.0,1.0,False,True,0.0,0.8888888888888888,2.0,False
9,bilateral,active,0.7272727272727273,1.0,0.7272727272727273,1.0,1.0,True,False,0.0,0.7272727272727273,0.0,False
9,article_block,active,0.7272727272727273,1.0,0.5,1.0,1.0,True,False,0.0,0.5,1.0,False
9,unilateral,fixed_schema,0.26666666666666666,1.0,0.26666666666666666,1.0,1.0,True,False,0.0,0.26666666666666666,91.0,False
9,bilateral,fixed_schema,0.26666666666666666,1.0,0.26666666666666666,1.0,1.0,True,False,0.0,0.26666666666666666,91.0,False
9,article_block,fixed_schema,0.26666666666666666,1.0,0.16666666666666666,1.0,1.0,True,False,0.0,0.16666666666666666,91.0,False
10,unilateral,active,0.46806039488966317,0.8013937282229966,0.3788406715235984,0.8333861260690529,0.694541231126597,True,False,0.2727272727272727,0.2727272727272727,1.0,False
10,bilateral,active,0.46806039488966317,0.8013937282229966,0.5167247386759583,0.9167247386759583,0.8612078977932637,False,False,0.2,0.4,2.0,False
10,article_block,active,0.46806039488966317,0.8013937282229966,0.36363636363636365,0.9090909090909091,0.8,True,False,0.18181818181818182,0.2727272727272727,1.0,False
10,unilateral,fixed_schema,0.2808362369337979,0.880836236933798,0.2083623693379791,0.908362369337979,0.694541231126597,True,False,0.15,0.15,101.0,False
10,bilateral,fixed_schema,0.2808362369337979,0.880836236933798,0.2583623693379791,0.958362369337979,0.8612078977932637,True,False,0.1,0.2,101.0,False
10,article_block,fixed_schema,0.2808362369337979,0.880836236933798,0.2,0.95,0.8,True,False,0.1,0.15,101.0,False
11,unilateral,active,0.7125,0.9125,0.6447368421052632,0.9078947368421053,0.875,False,False,0.10526315789473684,0.631578947368421,1.0,False
11,bilateral,active,0.7125,0.9125,0.7368421052631579,0.9473684210526315,0.9333333333333333,False,False,0.05263157894736842,0.7368421052631579,1.0,False
11,article_block,active,0.7125,0.9125,0.29411764705882354,0.9411764705882353,0.8333333333333334,True,False,0.058823529411764705,0.29411764705882354,3.0,False
11,unilateral,fixed_schema,0.32386363636363635,0.9602272727272727,0.2784090909090909,0.9602272727272727,0.875,True,False,0.045454545454545456,0.2727272727272727,77.0,False
11,bilateral,fixed_schema,0.32386363636363635,0.9602272727272727,0.3181818181818182,0.9772727272727273,0.9333333333333333,True,False,0.022727272727272728,0.3181818181818182,77.0,False
11,article_block,fixed_schema,0.32386363636363635,0.9602272727272727,0.11363636363636363,0.9772727272727273,0.8333333333333334,True,False,0.022727272727272728,0.11363636363636363,77.0,False
12,unilateral,active,0.8,1.0,0.6521739130434783,1.0,1.0,True,False,0.0,0.6521739130434783,3.0,False
12,bilateral,active,0.8,1.0,0.782608695652174,1.0,1.0,True,False,0.0,0.782608695652174,3.0,False
12,article_block,active,0.8,1.0,0.05,1.0,1.0,True,False,0.0,0.05,6.0,False
12,unilateral,fixed_schema,0.47619047619047616,1.0,0.35714285714285715,1.0,1.0,True,False,0.0,0.35714285714285715,79.0,False
12,bilateral,fixed_schema,0.47619047619047616,1.0,0.42857142857142855,1.0,1.0,True,False,0.0,0.42857142857142855,79.0,False
12,article_block,fixed_schema,0.47619047619047616,1.0,0.023809523809523808,1.0,1.0,True,False,0.0,0.023809523809523808,79.0,False
13,unilateral,active,0.7156296665007467,0.929915380786461,0.28705823792931806,0.929915380786461,0.8037630662020906,True,False,0.07142857142857142,0.2857142857142857,1.0,False
13,bilateral,active,0.7156296665007467,0.929915380786461,0.7692307692307693,1.0,1.0,False,False,0.0,0.7692307692307693,2.0,False
13,article_block,active,0.7156296665007467,0.929915380786461,0.501567944250871,0.9182346109175378,0.8598307615729218,False,False,0.08333333333333333,0.5,3.0,False
13,unilateral,fixed_schema,0.31308797909407665,0.9693379790940767,0.12558797909407665,0.9693379790940767,0.8037630662020906,True,False,0.03125,0.125,89.0,False
13,bilateral,fixed_schema,0.31308797909407665,0.9693379790940767,0.3125,1.0,1.0,True,False,0.0,0.3125,89.0,False
13,article_block,fixed_schema,0.31308797909407665,0.9693379790940767,0.18808797909407665,0.9693379790940767,0.8598307615729218,True,False,0.03125,0.1875,89.0,False
14,unilateral,active,0.2,1.0,0.0,1.0,,True,False,0.0,0.0,2.0,False
14,bilateral,active,0.2,1.0,0.0,1.0,,True,False,0.0,0.0,1.0,False
14,article_block,active,0.2,1.0,0.3333333333333333,1.0,1.0,False,True,0.3333333333333333,0.0,2.0,False
14,unilateral,fixed_schema,0.1,1.0,0.0,1.0,,True,False,0.0,0.0,111.0,False
14,bilateral,fixed_schema,0.1,1.0,0.0,1.0,,True,False,0.0,0.0,111.0,False
14,article_block,fixed_schema,0.1,1.0,0.1,1.0,1.0,True,False,0.1,0.0,111.0,False
15,unilateral,active,0.8235294117647058,1.0,0.4375,1.0,1.0,True,False,0.0625,0.375,1.0,False
15,bilateral,active,0.8235294117647058,1.0,0.8125,1.0,1.0,True,False,0.0625,0.75,1.0,False
15,article_block,active,0.8235294117647058,1.0,0.14285714285714285,1.0,1.0,True,False,0.0,0.14285714285714285,3.0,False
15,unilateral,fixed_schema,0.4117647058823529,1.0,0.20588235294117646,1.0,1.0,True,False,0.029411764705882353,0.17647058823529413,87.0,False
15,bilateral,fixed_schema,0.4117647058823529,1.0,0.38235294117647056,1.0,1.0,True,False,0.029411764705882353,0.35294117647058826,87.0,False
15,article_block,fixed_schema,0.4117647058823529,1.0,0.058823529411764705,1.0,1.0,True,False,0.0,0.058823529411764705,87.0,False
16,unilateral,active,0.9411764705882353,1.0,0.7058823529411765,1.0,1.0,True,False,0.058823529411764705,0.6470588235294118,0.0,False
16,bilateral,active,0.9411764705882353,1.0,0.9375,1.0,1.0,True,False,0.0,0.9375,1.0,False
16,article_block,active,0.9411764705882353,1.0,0.2,1.0,1.0,True,False,0.0,0.2,2.0,False
16,unilateral,fixed_schema,0.5333333333333333,1.0,0.4,1.0,1.0,True,False,0.03333333333333333,0.36666666666666664,91.0,False
16,bilateral,fixed_schema,0.5333333333333333,1.0,0.5,1.0,1.0,True,False,0.0,0.5,91.0,False
16,article_block,fixed_schema,0.5333333333333333,1.0,0.1,1.0,1.0,True,False,0.0,0.1,91.0,False
17,unilateral,active,0.8407789945246391,0.8407789945246391,0.5,1.0,1.0,True,False,0.07142857142857142,0.42857142857142855,0.0,False
17,bilateral,active,0.8407789945246391,0.8407789945246391,0.9109914475768135,0.9109914475768135,0.9109914475768135,False,False,0.09090909090909091,0.9090909090909091,3.0,False
17,article_block,active,0.8407789945246391,0.8407789945246391,0.386223532564996,0.9246850710265344,0.8368176538908246,True,False,0.15384615384615385,0.3076923076923077,1.0,False
17,unilateral,fixed_schema,0.3269696089818041,0.9380807200929152,0.19444444444444445,1.0,1.0,True,False,0.027777777777777776,0.16666666666666666,85.0,False
17,bilateral,fixed_schema,0.3269696089818041,0.9380807200929152,0.278358497870693,0.9728029423151374,0.9109914475768135,True,False,0.027777777777777776,0.2777777777777778,85.0,False
17,article_block,fixed_schema,0.3269696089818041,0.9380807200929152,0.1394696089818041,0.9728029423151374,0.8368176538908246,True,False,0.05555555555555555,0.1111111111111111,85.0,False
18,unilateral,active,0.8064516129032258,1.0,0.7857142857142857,1.0,1.0,True,False,0.03571428571428571,0.75,3.0,False
18,bilateral,active,0.8064516129032258,1.0,0.8,1.0,1.0,True,False,0.0,0.8,1.0,False
18,article_block,active,0.8064516129032258,1.0,0.4827586206896552,1.0,1.0,True,False,0.034482758620689655,0.4482758620689655,2.0,False
18,unilateral,fixed_schema,0.5555555555555556,1.0,0.4888888888888889,1.0,1.0,True,False,0.022222222222222223,0.4666666666666667,76.0,False
18,bilateral,fixed_schema,0.5555555555555556,1.0,0.5333333333333333,1.0,1.0,True,False,0.0,0.5333333333333333,76.0,False
18,article_block,fixed_schema,0.5555555555555556,1.0,0.3111111111111111,1.0,1.0,True,False,0.022222222222222223,0.28888888888888886,76.0,False
19,unilateral,active,0.7222222222222222,1.0,0.5555555555555556,1.0,1.0,True,False,0.0,0.5555555555555556,0.0,False
19,bilateral,active,0.7222222222222222,1.0,0.7058823529411765,1.0,1.0,True,False,0.0,0.7058823529411765,1.0,False
19,article_block,active,0.7222222222222222,1.0,0.2777777777777778,1.0,1.0,True,False,0.05555555555555555,0.2222222222222222,0.0,False
19,unilateral,fixed_schema,0.37142857142857144,1.0,0.2857142857142857,1.0,1.0,True,False,0.0,0.2857142857142857,86.0,False
19,bilateral,fixed_schema,0.37142857142857144,1.0,0.34285714285714286,1.0,1.0,True,False,0.0,0.34285714285714286,86.0,False
19,article_block,fixed_schema,0.37142857142857144,1.0,0.14285714285714285,1.0,1.0,True,False,0.02857142857142857,0.11428571428571428,86.0,False
20,unilateral,active,1.0,1.0,0.6,1.0,1.0,True,False,0.0,0.6,0.0,False
20,bilateral,active,1.0,1.0,1.0,1.0,1.0,True,False,0.0,1.0,0.0,False
20,article_block,active,1.0,1.0,0.06666666666666667,1.0,1.0,True,False,0.0,0.06666666666666667,0.0,False
20,unilateral,fixed_schema,0.4411764705882353,1.0,0.2647058823529412,1.0,1.0,True,False,0.0,0.2647058823529412,87.0,False
20,bilateral,fixed_schema,0.4411764705882353,1.0,0.4411764705882353,1.0,1.0,True,False,0.0,0.4411764705882353,87.0,False
20,article_block,fixed_schema,0.4411764705882353,1.0,0.029411764705882353,1.0,1.0,True,False,0.0,0.029411764705882353,87.0,False
21,unilateral,active,0.7211805555555555,0.9989583333333333,0.3333333333333333,1.0,1.0,True,False,0.0,0.3333333333333333,0.0,False
21,bilateral,active,0.7211805555555555,0.9989583333333333,0.686328125,0.998828125,0.9982954545454544,False,False,0.0625,0.625,2.0,False
21,article_block,active,0.7211805555555555,0.9989583333333333,0.5320833333333334,0.9987499999999999,0.99765625,False,False,0.06666666666666667,0.4666666666666667,3.0,False
21,unilateral,fixed_schema,0.37089285714285714,0.9994642857142858,0.17142857142857143,1.0,1.0,True,False,0.0,0.17142857142857143,86.0,False
21,bilateral,fixed_schema,0.37089285714285714,0.9994642857142858,0.31375,0.9994642857142858,0.9982954545454544,True,False,0.02857142857142857,0.2857142857142857,86.0,False
21,article_block,fixed_schema,0.37089285714285714,0.9994642857142858,0.22803571428571429,0.9994642857142858,0.99765625,True,False,0.02857142857142857,0.2,86.0,False
22,unilateral,active,0.5830450472872075,0.7259021901443504,0.5031358885017422,0.8364692218350754,0.7547038327526132,True,False,0.16666666666666666,0.5,2.0,False
22,bilateral,active,0.5830450472872075,0.7259021901443504,0.6770833333333334,0.84375,0.8125,False,False,0.3333333333333333,0.5,2.0,False
22,article_block,active,0.5830450472872075,0.7259021901443504,0.3468858885017421,0.6802192218350754,0.5203288327526132,False,False,0.3333333333333333,0.3333333333333333,2.0,False
22,unilateral,fixed_schema,0.29152252364360376,0.8629510950721752,0.21562966650074664,0.929915380786461,0.7547038327526132,True,False,0.07142857142857142,0.21428571428571427,107.0,False
22,bilateral,fixed_schema,0.29152252364360376,0.8629510950721752,0.29017857142857145,0.9330357142857143,0.8125,True,False,0.14285714285714285,0.21428571428571427,107.0,False
22,article_block,fixed_schema,0.29152252364360376,0.8629510950721752,0.1486653807864609,0.8629510950721752,0.5203288327526132,True,False,0.14285714285714285,0.14285714285714285,107.0,False
23,unilateral,active,0.5803571428571429,0.7232142857142857,0.14285714285714285,0.8571428571428571,0.5,True,False,0.14285714285714285,0.14285714285714285,0.0,False
23,bilateral,active,0.5803571428571429,0.7232142857142857,0.6770833333333334,0.84375,0.8125,False,False,0.16666666666666666,0.6666666666666666,1.0,False
23,article_block,active,0.5803571428571429,0.7232142857142857,0.4125,0.8125,0.6875,True,False,0.2,0.4,2.0,False
23,unilateral,fixed_schema,0.40625,0.80625,0.1,0.9,0.5,True,False,0.1,0.1,111.0,False
23,bilateral,fixed_schema,0.40625,0.80625,0.40625,0.90625,0.8125,True,False,0.1,0.4,111.0,False
23,article_block,fixed_schema,0.40625,0.80625,0.20625,0.90625,0.6875,True,False,0.1,0.2,111.0,False
24,unilateral,active,0.5978457518091664,0.9055380595014741,0.5384615384615384,1.0,1.0,True,False,0.0,0.5384615384615384,0.0,False
24,bilateral,active,0.5978457518091664,0.9055380595014741,0.6112078977932637,0.944541231126597,0.9168118466898955,False,False,0.08333333333333333,0.5833333333333334,1.0,False
24,article_block,active,0.5978457518091664,0.9055380595014741,0.5,1.0,1.0,True,False,0.0,0.5,3.0,False
24,unilateral,fixed_schema,0.23551499313694435,0.9627877204096716,0.21212121212121213,1.0,1.0,True,False,0.0,0.21212121212121213,88.0,False
24,bilateral,fixed_schema,0.23551499313694435,0.9627877204096716,0.2222574173793686,0.9798331749551261,0.9168118466898955,True,False,0.030303030303030304,0.21212121212121213,88.0,False
24,article_block,fixed_schema,0.23551499313694435,0.9627877204096716,0.15151515151515152,1.0,1.0,True,False,0.0,0.15151515151515152,88.0,False
25,unilateral,active,1.0,1.0,0.9,1.0,1.0,True,False,0.0,0.9,0.0,False
25,bilateral,active,1.0,1.0,1.0,1.0,1.0,True,False,0.0,1.0,0.0,False
25,article_block,active,1.0,1.0,0.1,1.0,1.0,True,False,0.0,0.1,0.0,False
25,unilateral,fixed_schema,0.5555555555555556,1.0,0.5,1.0,1.0,True,False,0.0,0.5,103.0,False
25,bilateral,fixed_schema,0.5555555555555556,1.0,0.5555555555555556,1.0,1.0,True,False,0.0,0.5555555555555556,103.0,False
25,article_block,fixed_schema,0.5555555555555556,1.0,0.05555555555555555,1.0,1.0,True,False,0.0,0.05555555555555555,103.0,False
26,unilateral,active,0.7898559491547297,0.9009670602658408,0.6507638702760654,0.9584561779683731,0.9399922570654279,True,False,0.07692307692307693,0.6153846153846154,1.0,False
26,bilateral,active,0.7898559491547297,0.9009670602658408,0.8502604166666666,0.9752604166666666,0.9717261904761905,False,False,0.041666666666666664,0.8333333333333334,3.0,False
26,article_block,active,0.7898559491547297,0.9009670602658408,0.44,0.96,0.9166666666666666,True,False,0.04,0.44,2.0,False
26,unilateral,fixed_schema,0.4739135694928378,0.9405802361595044,0.37599690282617115,0.975996902826171,0.9399922570654279,True,False,0.044444444444444446,0.35555555555555557,76.0,False
26,bilateral,fixed_schema,0.4739135694928378,0.9405802361595044,0.4534722222222222,0.9868055555555556,0.9717261904761905,True,False,0.022222222222222223,0.4444444444444444,76.0,False
26,article_block,fixed_schema,0.4739135694928378,0.9405802361595044,0.24444444444444444,0.9777777777777777,0.9166666666666666,True,False,0.022222222222222223,0.24444444444444444,76.0,False
27,unilateral,active,1.0,1.0,0.9166666666666666,1.0,1.0,True,False,0.0,0.9166666666666666,0.0,False
27,bilateral,active,1.0,1.0,1.0,1.0,1.0,True,False,0.0,1.0,0.0,False
27,article_block,active,1.0,1.0,0.75,1.0,1.0,True,False,0.0,0.75,0.0,False
27,unilateral,fixed_schema,0.5217391304347826,1.0,0.4782608695652174,1.0,1.0,True,False,0.0,0.4782608695652174,98.0,False
27,bilateral,fixed_schema,0.5217391304347826,1.0,0.5217391304347826,1.0,1.0,True,False,0.0,0.5217391304347826,98.0,False
27,article_block,fixed_schema,0.5217391304347826,1.0,0.391304347826087,1.0,1.0,True,False,0.0,0.391304347826087,98.0,False
28,unilateral,active,0.5513950092232015,0.7278655974584956,0.5034843205574913,0.8784843205574913,0.805574912891986,True,False,0.1875,0.4375,1.0,False
28,bilateral,active,0.5513950092232015,0.7278655974584956,0.6786458333333334,0.9286458333333334,0.9048611111111112,False,False,0.08333333333333333,0.6666666666666666,5.0,False
28,article_block,active,0.5513950092232015,0.7278655974584956,0.34531249999999997,0.9286458333333334,0.82875,True,False,0.08333333333333333,0.3333333333333333,5.0,False
28,unilateral,fixed_schema,0.2929285986498258,0.8554285986498258,0.25174216027874563,0.9392421602787456,0.805574912891986,True,False,0.09375,0.21875,89.0,False
28,bilateral,fixed_schema,0.2929285986498258,0.8554285986498258,0.2544921875,0.9732421875,0.9048611111111112,True,False,0.03125,0.25,89.0,False
28,article_block,fixed_schema,0.2929285986498258,0.8554285986498258,0.1294921875,0.9732421875,0.82875,True,False,0.03125,0.125,89.0,False
29,unilateral,active,0.6672473867595818,0.8339140534262485,0.5005807200929152,0.8339140534262485,0.7508710801393729,True,False,0.3333333333333333,0.3333333333333333,0.0,False
29,bilateral,active,0.6672473867595818,0.8339140534262485,0.6672473867595818,0.8339140534262485,0.8006968641114982,True,False,0.5,0.3333333333333333,0.0,False
29,article_block,active,0.6672473867595818,0.8339140534262485,0.5,1.0,1.0,True,False,0.0,0.5,2.0,False
29,unilateral,fixed_schema,0.23549907767985243,0.9413814306210289,0.17667554826808773,0.9413814306210289,0.7508710801393729,True,False,0.11764705882352941,0.11764705882352941,104.0,False
29,bilateral,fixed_schema,0.23549907767985243,0.9413814306210289,0.23549907767985243,0.9413814306210289,0.8006968641114982,True,False,0.17647058823529413,0.11764705882352941,104.0,False
29,article_block,fixed_schema,0.23549907767985243,0.9413814306210289,0.11764705882352941,1.0,1.0,True,False,0.0,0.11764705882352941,104.0,False
30,unilateral,active,0.8333333333333334,1.0,0.5833333333333334,1.0,1.0,True,False,0.0,0.5833333333333334,0.0,False
30,bilateral,active,0.8333333333333334,1.0,0.8333333333333334,1.0,1.0,True,False,0.0,0.8333333333333334,0.0,False
30,article_block,active,0.8333333333333334,1.0,0.5,1.0,1.0,True,False,0.0,0.5,0.0,False
30,unilateral,fixed_schema,0.3333333333333333,1.0,0.23333333333333334,1.0,1.0,True,False,0.0,0.23333333333333334,91.0,False
30,bilateral,fixed_schema,0.3333333333333333,1.0,0.3333333333333333,1.0,1.0,True,False,0.0,0.3333333333333333,91.0,False
30,article_block,fixed_schema,0.3333333333333333,1.0,0.2,1.0,1.0,True,False,0.0,0.2,91.0,False
31,unilateral,active,0.8,1.0,0.76,1.0,1.0,True,False,0.0,0.76,0.0,False
31,bilateral,active,0.8,1.0,0.8,1.0,1.0,True,False,0.0,0.8,0.0,False
31,article_block,active,0.8,1.0,0.4,1.0,1.0,True,False,0.0,0.4,0.0,False
31,unilateral,fixed_schema,0.5405405405405406,1.0,0.5135135135135135,1.0,1.0,True,False,0.0,0.5135135135135135,84.0,False
31,bilateral,fixed_schema,0.5405405405405406,1.0,0.5405405405405406,1.0,1.0,True,False,0.0,0.5405405405405406,84.0,False
31,article_block,fixed_schema,0.5405405405405406,1.0,0.2702702702702703,1.0,1.0,True,False,0.0,0.2702702702702703,84.0,False
32,unilateral,active,0.6924651567944251,0.9424651567944251,0.4424651567944251,0.9424651567944251,0.8849303135888502,True,False,0.0625,0.4375,0.0,False
32,bilateral,active,0.6924651567944251,0.9424651567944251,0.7333333333333333,1.0,1.0,False,False,0.06666666666666667,0.6666666666666666,1.0,False
32,article_block,active,0.6924651567944251,0.9424651567944251,0.38461538461538464,1.0,1.0,True,False,0.0,0.38461538461538464,3.0,False
32,unilateral,fixed_schema,0.3956943753111001,0.9671229467396715,0.25283723245395723,0.9671229467396715,0.8849303135888502,True,False,0.03571428571428571,0.25,93.0,False
32,bilateral,fixed_schema,0.3956943753111001,0.9671229467396715,0.39285714285714285,1.0,1.0,True,False,0.03571428571428571,0.35714285714285715,93.0,False
32,article_block,fixed_schema,0.3956943753111001,0.9671229467396715,0.17857142857142858,1.0,1.0,True,False,0.0,0.17857142857142858,93.0,False
33,unilateral,active,1.0,1.0,0.5,1.0,1.0,True,False,0.0,0.5,0.0,False
33,bilateral,active,1.0,1.0,1.0,1.0,1.0,True,False,0.0,1.0,0.0,False
33,article_block,active,1.0,1.0,0.3333333333333333,1.0,1.0,True,False,0.0,0.3333333333333333,0.0,False
33,unilateral,fixed_schema,0.6666666666666666,1.0,0.3333333333333333,1.0,1.0,True,False,0.0,0.3333333333333333,103.0,False
33,bilateral,fixed_schema,0.6666666666666666,1.0,0.6666666666666666,1.0,1.0,True,False,0.0,0.6666666666666666,103.0,False
33,article_block,fixed_schema,0.6666666666666666,1.0,0.2222222222222222,1.0,1.0,True,False,0.0,0.2222222222222222,103.0,False
34,unilateral,active,0.5378252032520324,0.8711585365853658,0.4667213883677298,0.8513367729831144,0.758422256097561,False,False,0.3076923076923077,0.3076923076923077,2.0,False
34,bilateral,active,0.5378252032520324,0.8711585365853658,0.5378252032520324,0.8711585365853658,0.8067378048780487,True,False,0.26666666666666666,0.4,0.0,False
34,article_block,active,0.5378252032520324,0.8711585365853658,0.4166666666666667,1.0,1.0,True,False,0.08333333333333333,0.3333333333333333,3.0,False
34,unilateral,fixed_schema,0.2602380015735641,0.9376573564122738,0.19572187254130605,0.9376573564122738,0.758422256097561,True,False,0.12903225806451613,0.12903225806451613,90.0,False
34,bilateral,fixed_schema,0.2602380015735641,0.9376573564122738,0.2602380015735641,0.9376573564122738,0.8067378048780487,True,False,0.12903225806451613,0.1935483870967742,90.0,False
34,article_block,fixed_schema,0.2602380015735641,0.9376573564122738,0.16129032258064516,1.0,1.0,True,False,0.03225806451612903,0.12903225806451613,90.0,False
35,unilateral,active,0.7728856509344314,0.8637947418435222,0.6,1.0,1.0,True,False,0.0,0.6,1.0,False
35,bilateral,active,0.7728856509344314,0.8637947418435222,0.7728856509344314,0.8637947418435222,0.8501742160278745,True,False,0.18181818181818182,0.7272727272727273,0.0,False
35,article_block,active,0.7728856509344314,0.8637947418435222,0.5,0.9,0.8333333333333334,True,False,0.1,0.5,1.0,False
35,unilateral,fixed_schema,0.31487933926958317,0.9445089688992128,0.2222222222222222,1.0,1.0,True,False,0.0,0.2222222222222222,94.0,False
35,bilateral,fixed_schema,0.31487933926958317,0.9445089688992128,0.31487933926958317,0.9445089688992128,0.8501742160278745,True,False,0.07407407407407407,0.2962962962962963,94.0,False
35,article_block,fixed_schema,0.31487933926958317,0.9445089688992128,0.18518518518518517,0.9629629629629629,0.8333333333333334,True,False,0.037037037037037035,0.18518518518518517,94.0,False
36,unilateral,active,0.7142857142857143,0.9047619047619048,0.47619047619047616,0.9523809523809523,0.9090909090909091,True,False,0.047619047619047616,0.47619047619047616,0.0,False
36,bilateral,active,0.7142857142857143,0.9047619047619048,0.7142857142857143,0.9047619047619048,0.8823529411764706,True,False,0.09523809523809523,0.7142857142857143,0.0,False
36,article_block,active,0.7142857142857143,0.9047619047619048,0.5,1.0,1.0,True,False,0.0,0.5,1.0,False
36,unilateral,fixed_schema,0.4166666666666667,0.9444444444444444,0.2777777777777778,0.9722222222222222,0.9090909090909091,True,False,0.027777777777777776,0.2777777777777778,85.0,False
36,bilateral,fixed_schema,0.4166666666666667,0.9444444444444444,0.4166666666666667,0.9444444444444444,0.8823529411764706,True,False,0.05555555555555555,0.4166666666666667,85.0,False
36,article_block,fixed_schema,0.4166666666666667,0.9444444444444444,0.2777777777777778,1.0,1.0,True,False,0.0,0.2777777777777778,85.0,False
37,unilateral,active,0.5861552700348432,0.9194886033681765,0.3567708333333333,0.9401041666666666,0.85625,True,False,0.08333333333333333,0.3333333333333333,0.0,False
37,bilateral,active,0.5861552700348432,0.9194886033681765,0.6138739309471016,0.9775102945834653,0.9646590343454455,False,False,0.09090909090909091,0.5454545454545454,1.0,False
37,article_block,active,0.5861552700348432,0.9194886033681765,0.2,1.0,1.0,True,False,0.0,0.2,2.0,False
37,unilateral,fixed_schema,0.31972105638264176,0.956084692746278,0.19460227272727273,0.9673295454545454,0.85625,True,False,0.045454545454545456,0.18181818181818182,99.0,False
37,bilateral,fixed_schema,0.31972105638264176,0.956084692746278,0.3069369654735508,0.9887551472917326,0.9646590343454455,True,False,0.045454545454545456,0.2727272727272727,99.0,False
37,article_block,fixed_schema,0.31972105638264176,0.956084692746278,0.09090909090909091,1.0,1.0,True,False,0.0,0.09090909090909091,99.0,False
38,unilateral,active,0.7647058823529411,0.9411764705882353,0.6875,0.9375,0.9166666666666666,False,False,0.125,0.625,1.0,False
38,bilateral,active,0.7647058823529411,0.9411764705882353,0.8,1.0,1.0,False,False,0.0,0.8,2.0,False
38,article_block,active,0.7647058823529411,0.9411764705882353,0.4117647058823529,1.0,1.0,True,False,0.0,0.4117647058823529,0.0,False
38,unilateral,fixed_schema,0.38235294117647056,0.9705882352941176,0.3235294117647059,0.9705882352941176,0.9166666666666666,True,False,0.058823529411764705,0.29411764705882354,87.0,False
38,bilateral,fixed_schema,0.38235294117647056,0.9705882352941176,0.35294117647058826,1.0,1.0,True,False,0.0,0.35294117647058826,87.0,False
38,article_block,fixed_schema,0.38235294117647056,0.9705882352941176,0.20588235294117646,1.0,1.0,True,False,0.0,0.20588235294117646,87.0,False
39,unilateral,active,0.5643322378840672,0.9279686015204308,0.30549091587854654,0.9245385349261656,0.8019136541811847,False,False,0.09523809523809523,0.2857142857142857,1.0,False
39,bilateral,active,0.5643322378840672,0.9279686015204308,0.5789473684210527,1.0,1.0,False,False,0.05263157894736842,0.5263157894736842,3.0,False
39,article_block,active,0.5643322378840672,0.9279686015204308,0.4238970588235294,0.9533088235294118,0.90078125,True,False,0.17647058823529413,0.29411764705882354,5.0,False
39,unilateral,fixed_schema,0.35472312095569936,0.9547231209556993,0.18329454952712793,0.9547231209556993,0.8019136541811847,True,False,0.05714285714285714,0.17142857142857143,86.0,False
39,bilateral,fixed_schema,0.35472312095569936,0.9547231209556993,0.3142857142857143,1.0,1.0,True,False,0.02857142857142857,0.2857142857142857,86.0,False
39,article_block,fixed_schema,0.35472312095569936,0.9547231209556993,0.20589285714285713,0.9773214285714285,0.90078125,True,False,0.08571428571428572,0.14285714285714285,86.0,False
40,unilateral,active,1.0,1.0,0.9,1.0,1.0,True,False,0.0,0.9,0.0,False
40,bilateral,active,1.0,1.0,1.0,1.0,1.0,True,False,0.0,1.0,0.0,False
40,article_block,active,1.0,1.0,0.4,1.0,1.0,True,False,0.0,0.4,0.0,False
40,unilateral,fixed_schema,0.4166666666666667,1.0,0.375,1.0,1.0,True,False,0.0,0.375,97.0,False
40,bilateral,fixed_schema,0.4166666666666667,1.0,0.4166666666666667,1.0,1.0,True,False,0.0,0.4166666666666667,97.0,False
40,article_block,fixed_schema,0.4166666666666667,1.0,0.16666666666666666,1.0,1.0,True,False,0.0,0.16666666666666666,97.0,False
41,unilateral,active,0.7741266275444709,0.9320213643865762,0.7222222222222222,1.0,1.0,True,False,0.0,0.7222222222222222,2.0,False
41,bilateral,active,0.7741266275444709,0.9320213643865762,0.7789392179636082,0.9456058846302748,0.9347270615563299,False,False,0.1111111111111111,0.7222222222222222,2.0,False
41,article_block,active,0.7741266275444709,0.9320213643865762,0.4456058846302749,0.9456058846302748,0.8912117692605498,True,False,0.05555555555555555,0.4444444444444444,2.0,False
41,unilateral,fixed_schema,0.5071864111498258,0.9554622732187913,0.4482758620689655,1.0,1.0,True,False,0.0,0.4482758620689655,92.0,False
41,bilateral,fixed_schema,0.5071864111498258,0.9554622732187913,0.4834795145981017,0.9662381352877568,0.9347270615563299,True,False,0.06896551724137931,0.4482758620689655,92.0,False
41,article_block,fixed_schema,0.5071864111498258,0.9554622732187913,0.2765829628739637,0.9662381352877568,0.8912117692605498,True,False,0.034482758620689655,0.27586206896551724,92.0,False
42,unilateral,active,1.0,1.0,0.9333333333333333,1.0,1.0,True,False,0.0,0.9333333333333333,0.0,False
42,bilateral,active,1.0,1.0,1.0,1.0,1.0,True,False,0.0,1.0,0.0,False
42,article_block,active,1.0,1.0,0.6666666666666666,1.0,1.0,True,False,0.0,0.6666666666666666,0.0,False
42,unilateral,fixed_schema,0.5172413793103449,1.0,0.4827586206896552,1.0,1.0,True,False,0.0,0.4827586206896552,92.0,False
42,bilateral,fixed_schema,0.5172413793103449,1.0,0.5172413793103449,1.0,1.0,True,False,0.0,0.5172413793103449,92.0,False
42,article_block,fixed_schema,0.5172413793103449,1.0,0.3448275862068966,1.0,1.0,True,False,0.0,0.3448275862068966,92.0,False
43,unilateral,active,0.4591591248095446,0.8163019819524019,0.34811305559952105,0.848113055599521,0.6962261111990421,True,False,0.16666666666666666,0.3333333333333333,2.0,False
43,bilateral,active,0.4591591248095446,0.8163019819524019,0.5454545454545454,1.0,1.0,False,False,0.0,0.5454545454545454,3.0,False
43,article_block,active,0.4591591248095446,0.8163019819524019,0.45720629635491694,0.9016507407993612,0.8229713334388504,True,False,0.1111111111111111,0.4444444444444444,5.0,False
43,unilateral,fixed_schema,0.257129109893345,0.897129109893345,0.16709426668777008,0.9270942666877702,0.6962261111990421,True,False,0.08,0.16,96.0,False
43,bilateral,fixed_schema,0.257129109893345,0.897129109893345,0.24,1.0,1.0,True,False,0.0,0.24,96.0,False
43,article_block,fixed_schema,0.257129109893345,0.897129109893345,0.1645942666877701,0.9645942666877702,0.8229713334388504,True,False,0.04,0.16,96.0,False
44,unilateral,active,0.7211805555555555,0.9989583333333333,0.6459558823529411,0.9988970588235294,0.9982954545454544,False,False,0.11764705882352941,0.5294117647058824,1.0,False
44,bilateral,active,0.7211805555555555,0.9989583333333333,0.7047794117647058,0.9988970588235294,0.9984375,False,False,0.11764705882352941,0.5882352941176471,1.0,False
44,article_block,active,0.7211805555555555,0.9989583333333333,0.5320833333333334,0.9987499999999999,0.99765625,False,False,0.06666666666666667,0.4666666666666667,3.0,False
44,unilateral,fixed_schema,0.37089285714285714,0.9994642857142858,0.31375,0.9994642857142858,0.9982954545454544,True,False,0.05714285714285714,0.2571428571428571,86.0,False
44,bilateral,fixed_schema,0.37089285714285714,0.9994642857142858,0.34232142857142855,0.9994642857142858,0.9984375,True,False,0.05714285714285714,0.2857142857142857,86.0,False
44,article_block,fixed_schema,0.37089285714285714,0.9994642857142858,0.22803571428571429,0.9994642857142858,0.99765625,True,False,0.02857142857142857,0.2,86.0,False
45,unilateral,active,0.6339285714285714,0.9196428571428571,0.2857142857142857,1.0,1.0,True,False,0.14285714285714285,0.14285714285714285,0.0,False
45,bilateral,active,0.6339285714285714,0.9196428571428571,0.5729166666666666,0.90625,0.859375,False,False,0.16666666666666666,0.5,1.0,False
45,article_block,active,0.6339285714285714,0.9196428571428571,0.16666666666666666,1.0,1.0,True,False,0.0,0.16666666666666666,1.0,False
45,unilateral,fixed_schema,0.2465277777777778,0.96875,0.1111111111111111,1.0,1.0,True,False,0.05555555555555555,0.05555555555555555,103.0,False
45,bilateral,fixed_schema,0.2465277777777778,0.96875,0.1909722222222222,0.96875,0.859375,True,False,0.05555555555555555,0.16666666666666666,103.0,False
45,article_block,fixed_schema,0.2465277777777778,0.96875,0.05555555555555555,1.0,1.0,True,False,0.0,0.05555555555555555,103.0,False
46,unilateral,active,0.699808543844367,0.949808543844367,0.6363636363636364,1.0,1.0,True,False,0.045454545454545456,0.5909090909090909,2.0,False
46,bilateral,active,0.699808543844367,0.949808543844367,0.7272727272727273,1.0,1.0,False,False,0.09090909090909091,0.6363636363636364,2.0,False
46,article_block,active,0.699808543844367,0.949808543844367,0.05263157894736842,1.0,1.0,True,False,0.0,0.05263157894736842,5.0,False
46,unilateral,fixed_schema,0.4198851263066202,0.9698851263066203,0.35,1.0,1.0,True,False,0.025,0.325,81.0,False
46,bilateral,fixed_schema,0.4198851263066202,0.9698851263066203,0.4,1.0,1.0,True,False,0.05,0.35,81.0,False
46,article_block,fixed_schema,0.4198851263066202,0.9698851263066203,0.025,1.0,1.0,True,False,0.0,0.025,81.0,False
47,unilateral,active,0.9495690445626261,0.9495690445626261,0.8969374656152577,0.9495690445626261,0.9467673248161054,True,False,0.10526315789473684,0.8421052631578947,0.0,False
47,bilateral,active,0.9495690445626261,0.9495690445626261,0.9495690445626261,0.9495690445626261,0.9495690445626261,True,False,0.10526315789473684,0.8947368421052632,0.0,False
47,article_block,active,0.9495690445626261,0.9495690445626261,0.47368421052631576,1.0,1.0,True,False,0.0,0.47368421052631576,0.0,False
47,unilateral,fixed_schema,0.47478452228131307,0.9747845222813131,0.44846873280762883,0.9747845222813131,0.9467673248161054,True,False,0.05263157894736842,0.42105263157894735,83.0,False
47,bilateral,fixed_schema,0.47478452228131307,0.9747845222813131,0.47478452228131307,0.9747845222813131,0.9495690445626261,True,False,0.05263157894736842,0.4473684210526316,83.0,False
47,article_block,fixed_schema,0.47478452228131307,0.9747845222813131,0.23684210526315788,1.0,1.0,True,False,0.0,0.23684210526315788,83.0,False
48,unilateral,active,1.0,1.0,0.9230769230769231,1.0,1.0,True,False,0.0,0.9230769230769231,0.0,False
48,bilateral,active,1.0,1.0,1.0,1.0,1.0,True,False,0.0,1.0,0.0,False
48,article_block,active,1.0,1.0,0.38461538461538464,1.0,1.0,True,False,0.0,0.38461538461538464,0.0,False
48,unilateral,fixed_schema,0.43333333333333335,1.0,0.4,1.0,1.0,True,False,0.0,0.4,91.0,False
48,bilateral,fixed_schema,0.43333333333333335,1.0,0.43333333333333335,1.0,1.0,True,False,0.0,0.43333333333333335,91.0,False
48,article_block,fixed_schema,0.43333333333333335,1.0,0.16666666666666666,1.0,1.0,True,False,0.0,0.16666666666666666,91.0,False
49,unilateral,active,0.706747520771911,0.8605936746180649,0.706747520771911,0.8605936746180649,0.8352470700031677,True,False,0.23076923076923078,0.6153846153846154,0.0,False
49,bilateral,active,0.706747520771911,0.8605936746180649,0.7329743427304404,0.9147925245486221,0.8958575300038716,False,False,0.09090909090909091,0.7272727272727273,2.0,False
49,article_block,active,0.706747520771911,0.8605936746180649,0.5480769230769231,0.9326923076923077,0.890625,True,False,0.07692307692307693,0.5384615384615384,0.0,False
49,unilateral,fixed_schema,0.43751037000165927,0.9137008461921354,0.43751037000165927,0.9137008461921354,0.8352470700031677,True,False,0.14285714285714285,0.38095238095238093,100.0,False
49,bilateral,fixed_schema,0.43751037000165927,0.9137008461921354,0.38393894143023066,0.9553675128588021,0.8958575300038716,True,False,0.047619047619047616,0.38095238095238093,100.0,False
49,article_block,fixed_schema,0.43751037000165927,0.9137008461921354,0.3392857142857143,0.9583333333333334,0.890625,True,False,0.047619047619047616,0.3333333333333333,100.0,False
50,unilateral,active,0.6006968641114983,0.9006968641114982,0.4,1.0,1.0,True,False,0.1,0.3,0.0,False
50,bilateral,active,0.6006968641114983,0.9006968641114982,0.6666666666666666,1.0,1.0,False,False,0.2222222222222222,0.4444444444444444,1.0,False
50,article_block,active,0.6006968641114983,0.9006968641114982,0.2857142857142857,1.0,1.0,True,False,0.0,0.2857142857142857,3.0,False
50,unilateral,fixed_schema,0.31615624426920963,0.9477351916376308,0.21052631578947367,1.0,1.0,True,False,0.05263157894736842,0.15789473684210525,102.0,False
50,bilateral,fixed_schema,0.31615624426920963,0.9477351916376308,0.3157894736842105,1.0,1.0,True,False,0.10526315789473684,0.21052631578947367,102.0,False
50,article_block,fixed_schema,0.31615624426920963,0.9477351916376308,0.10526315789473684,1.0,1.0,True,False,0.0,0.10526315789473684,102.0,False
51,unilateral,active,0.7857142857142857,0.9285714285714286,0.7692307692307693,0.9230769230769231,0.9090909090909091,False,False,0.07692307692307693,0.7692307692307693,1.0,False
51,bilateral,active,0.7857142857142857,0.9285714285714286,0.8461538461538461,1.0,1.0,False,False,0.0,0.8461538461538461,1.0,False
51,article_block,active,0.7857142857142857,0.9285714285714286,0.3076923076923077,1.0,1.0,True,False,0.0,0.3076923076923077,1.0,False
51,unilateral,fixed_schema,0.44,0.96,0.4,0.96,0.9090909090909091,True,False,0.04,0.4,96.0,False
51,bilateral,fixed_schema,0.44,0.96,0.44,1.0,1.0,True,False,0.0,0.44,96.0,False
51,article_block,fixed_schema,0.44,0.96,0.16,1.0,1.0,True,False,0.0,0.16,96.0,False
52,unilateral,active,0.6770833333333334,0.8104166666666667,0.4666666666666667,0.9333333333333333,0.875,True,False,0.06666666666666667,0.4666666666666667,0.0,False
52,bilateral,active,0.6770833333333334,0.8104166666666667,0.7692307692307693,0.9230769230769231,0.9090909090909091,False,False,0.15384615384615385,0.6923076923076923,2.0,False
52,article_block,active,0.6770833333333334,0.8104166666666667,0.26666666666666666,1.0,1.0,True,False,0.0,0.26666666666666666,0.0,False
52,unilateral,fixed_schema,0.3627232142857143,0.8984375,0.25,0.9642857142857143,0.875,True,False,0.03571428571428571,0.25,93.0,False
52,bilateral,fixed_schema,0.3627232142857143,0.8984375,0.35714285714285715,0.9642857142857143,0.9090909090909091,True,False,0.07142857142857142,0.32142857142857145,93.0,False
52,article_block,fixed_schema,0.3627232142857143,0.8984375,0.14285714285714285,1.0,1.0,True,False,0.0,0.14285714285714285,93.0,False
53,unilateral,active,0.6697638404955478,0.7808749516066589,0.3364305071622145,0.89198606271777,0.7569686411149826,True,False,0.1111111111111111,0.3333333333333333,0.0,False
53,bilateral,active,0.6697638404955478,0.7808749516066589,0.7534843205574913,0.8784843205574913,0.86112493777999,False,False,0.125,0.75,1.0,False
53,article_block,active,0.6697638404955478,0.7808749516066589,0.42857142857142855,1.0,1.0,True,False,0.0,0.42857142857142855,2.0,False
53,unilateral,fixed_schema,0.3172565560242068,0.8962039244452595,0.1593618191821016,0.948835503392628,0.7569686411149826,True,False,0.05263157894736842,0.15789473684210525,102.0,False
53,bilateral,fixed_schema,0.3172565560242068,0.8962039244452595,0.3172565560242068,0.948835503392628,0.86112493777999,True,False,0.05263157894736842,0.3157894736842105,102.0,False
53,article_block,fixed_schema,0.3172565560242068,0.8962039244452595,0.15789473684210525,1.0,1.0,True,False,0.0,0.15789473684210525,102.0,False
54,unilateral,active,0.8571428571428571,1.0,0.7142857142857143,1.0,1.0,True,False,0.2857142857142857,0.42857142857142855,0.0,False
54,bilateral,active,0.8571428571428571,1.0,0.8,1.0,1.0,True,False,0.2,0.6,2.0,False
54,article_block,active,0.8571428571428571,1.0,0.4,1.0,1.0,True,False,0.2,0.2,2.0,False
54,unilateral,fixed_schema,0.42857142857142855,1.0,0.35714285714285715,1.0,1.0,True,False,0.14285714285714285,0.21428571428571427,107.0,False
54,bilateral,fixed_schema,0.42857142857142855,1.0,0.2857142857142857,1.0,1.0,True,False,0.07142857142857142,0.21428571428571427,107.0,False
54,article_block,fixed_schema,0.42857142857142855,1.0,0.14285714285714285,1.0,1.0,True,False,0.07142857142857142,0.07142857142857142,107.0,False
55,unilateral,active,0.5168408826945412,0.8501742160278746,0.5168408826945412,0.8501742160278746,0.7752613240418118,True,False,0.5,0.16666666666666666,1.0,False
55,bilateral,active,0.5168408826945412,0.8501742160278746,0.4202090592334494,0.8202090592334494,0.700348432055749,False,False,0.4,0.2,2.0,False
55,article_block,active,0.5168408826945412,0.8501742160278746,0.75,1.0,1.0,False,True,0.5,0.25,3.0,False
55,unilateral,fixed_schema,0.23854194585901903,0.9308496381667114,0.23854194585901903,0.9308496381667114,0.7752613240418118,True,False,0.23076923076923078,0.07692307692307693,108.0,False
55,bilateral,fixed_schema,0.23854194585901903,0.9308496381667114,0.1616188689359421,0.9308496381667114,0.700348432055749,True,False,0.15384615384615385,0.07692307692307693,108.0,False
55,article_block,fixed_schema,0.23854194585901903,0.9308496381667114,0.23076923076923078,1.0,1.0,True,False,0.15384615384615385,0.07692307692307693,108.0,False
56,unilateral,active,0.7541811846689896,0.887514518002323,0.40384615384615385,0.9423076923076923,0.875,True,False,0.15384615384615385,0.3076923076923077,3.0,False
56,bilateral,active,0.7541811846689896,0.887514518002323,0.8461538461538461,1.0,1.0,False,False,0.15384615384615385,0.6923076923076923,3.0,False
56,article_block,active,0.7541811846689896,0.887514518002323,0.7884615384615384,0.9423076923076923,0.9318181818181818,False,False,0.23076923076923078,0.6153846153846154,3.0,False
56,unilateral,fixed_schema,0.4713632404181185,0.9296965737514519,0.21875,0.96875,0.875,True,False,0.08333333333333333,0.16666666666666666,97.0,False
56,bilateral,fixed_schema,0.4713632404181185,0.9296965737514519,0.4583333333333333,1.0,1.0,True,False,0.08333333333333333,0.375,97.0,False
56,article_block,fixed_schema,0.4713632404181185,0.9296965737514519,0.4270833333333333,0.96875,0.9318181818181818,True,False,0.125,0.3333333333333333,97.0,False
57,unilateral,active,0.5362350401454326,0.8405828662323891,0.4090909090909091,1.0,1.0,True,False,0.0,0.4090909090909091,1.0,False
57,bilateral,active,0.5362350401454326,0.8405828662323891,0.5362350401454326,0.8405828662323891,0.7708378702090593,True,False,0.17391304347826086,0.5217391304347826,0.0,False
57,article_block,active,0.5362350401454326,0.8405828662323891,0.3510452961672474,0.9510452961672474,0.8776132404181185,True,False,0.05,0.35,3.0,False
57,unilateral,fixed_schema,0.32456331377223546,0.9035106821932881,0.23684210526315788,1.0,1.0,True,False,0.0,0.23684210526315788,83.0,False
57,bilateral,fixed_schema,0.32456331377223546,0.9035106821932881,0.32456331377223546,0.9035106821932881,0.7708378702090593,True,False,0.10526315789473684,0.3157894736842105,83.0,False
57,article_block,fixed_schema,0.32456331377223546,0.9035106821932881,0.18476068219328812,0.9742343664038144,0.8776132404181185,True,False,0.02631578947368421,0.18421052631578946,83.0,False
58,unilateral,active,1.0,1.0,0.6923076923076923,1.0,1.0,True,False,0.0,0.6923076923076923,0.0,False
58,bilateral,active,1.0,1.0,1.0,1.0,1.0,True,False,0.0,1.0,0.0,False
58,article_block,active,1.0,1.0,0.5384615384615384,1.0,1.0,True,False,0.0,0.5384615384615384,0.0,False
58,unilateral,fixed_schema,0.52,1.0,0.36,1.0,1.0,True,False,0.0,0.36,96.0,False
58,bilateral,fixed_schema,0.52,1.0,0.52,1.0,1.0,True,False,0.0,0.52,96.0,False
58,article_block,fixed_schema,0.52,1.0,0.28,1.0,1.0,True,False,0.0,0.28,96.0,False
59,unilateral,active,0.6842105263157895,1.0,0.7222222222222222,1.0,1.0,False,True,0.0,0.7222222222222222,1.0,False
59,bilateral,active,0.6842105263157895,1.0,0.6842105263157895,1.0,1.0,True,False,0.0,0.6842105263157895,0.0,False
59,article_block,active,0.6842105263157895,1.0,0.3684210526315789,1.0,1.0,True,False,0.0,0.3684210526315789,0.0,False
59,unilateral,fixed_schema,0.4642857142857143,1.0,0.4642857142857143,1.0,1.0,True,False,0.0,0.4642857142857143,93.0,False
59,bilateral,fixed_schema,0.4642857142857143,1.0,0.4642857142857143,1.0,1.0,True,False,0.0,0.4642857142857143,93.0,False
59,article_block,fixed_schema,0.4642857142857143,1.0,0.25,1.0,1.0,True,False,0.0,0.25,93.0,False
60,unilateral,active,0.7,1.0,0.55,1.0,1.0,True,False,0.1,0.45,0.0,False
60,bilateral,active,0.7,1.0,0.7,1.0,1.0,True,False,0.1,0.6,0.0,False
60,article_block,active,0.7,1.0,0.4375,1.0,1.0,True,False,0.0625,0.375,4.0,False
60,unilateral,fixed_schema,0.4375,1.0,0.34375,1.0,1.0,True,False,0.0625,0.28125,89.0,False
60,bilateral,fixed_schema,0.4375,1.0,0.4375,1.0,1.0,True,False,0.0625,0.375,89.0,False
60,article_block,fixed_schema,0.4375,1.0,0.21875,1.0,1.0,True,False,0.03125,0.1875,89.0,False
61,unilateral,active,0.4755529465232541,0.866857294349341,0.459375,0.909375,0.8352272727272727,True,False,0.15,0.4,3.0,False
61,bilateral,active,0.4755529465232541,0.866857294349341,0.47023809523809523,0.8988095238095238,0.8229166666666666,True,False,0.19047619047619047,0.38095238095238093,2.0,False
61,article_block,active,0.4755529465232541,0.866857294349341,0.05,1.0,1.0,True,False,0.0,0.05,3.0,False
61,unilateral,fixed_schema,0.303825493612079,0.9149366047231902,0.2552083333333333,0.9496527777777778,0.8352272727272727,True,False,0.08333333333333333,0.2222222222222222,85.0,False
61,bilateral,fixed_schema,0.303825493612079,0.9149366047231902,0.2743055555555556,0.9409722222222222,0.8229166666666666,True,False,0.1111111111111111,0.2222222222222222,85.0,False
61,article_block,fixed_schema,0.303825493612079,0.9149366047231902,0.027777777777777776,1.0,1.0,True,False,0.0,0.027777777777777776,85.0,False
62,unilateral,active,0.8181818181818182,1.0,0.7272727272727273,1.0,1.0,True,False,0.0,0.7272727272727273,0.0,False
62,bilateral,active,0.8181818181818182,1.0,0.8095238095238095,1.0,1.0,True,False,0.047619047619047616,0.7619047619047619,1.0,False
62,article_block,active,0.8181818181818182,1.0,0.45454545454545453,1.0,1.0,True,False,0.0,0.45454545454545453,0.0,False
62,unilateral,fixed_schema,0.5454545454545454,1.0,0.48484848484848486,1.0,1.0,True,False,0.0,0.48484848484848486,88.0,False
62,bilateral,fixed_schema,0.5454545454545454,1.0,0.5151515151515151,1.0,1.0,True,False,0.030303030303030304,0.48484848484848486,88.0,False
62,article_block,fixed_schema,0.5454545454545454,1.0,0.30303030303030304,1.0,1.0,True,False,0.0,0.30303030303030304,88.0,False
63,unilateral,active,1.0,1.0,0.9166666666666666,1.0,1.0,True,False,0.0,0.9166666666666666,0.0,False
63,bilateral,active,1.0,1.0,1.0,1.0,1.0,True,False,0.0,1.0,0.0,False
63,article_block,active,1.0,1.0,0.4166666666666667,1.0,1.0,True,False,0.0,0.4166666666666667,0.0,False
63,unilateral,fixed_schema,0.3870967741935484,1.0,0.3548387096774194,1.0,1.0,True,False,0.0,0.3548387096774194,90.0,False
63,bilateral,fixed_schema,0.3870967741935484,1.0,0.3870967741935484,1.0,1.0,True,False,0.0,0.3870967741935484,90.0,False
63,article_block,fixed_schema,0.3870967741935484,1.0,0.16129032258064516,1.0,1.0,True,False,0.0,0.16129032258064516,90.0,False
64,unilateral,active,0.75,0.95,0.631578947368421,1.0,1.0,True,False,0.0,0.631578947368421,1.0,False
64,bilateral,active,0.75,0.95,0.75,0.95,0.9375,True,False,0.1,0.7,0.0,False
64,article_block,active,0.75,0.95,0.25,0.9375,0.8,False,False,0.0625,0.25,4.0,False
64,unilateral,fixed_schema,0.4411764705882353,0.9705882352941176,0.35294117647058826,1.0,1.0,True,False,0.0,0.35294117647058826,87.0,False
64,bilateral,fixed_schema,0.4411764705882353,0.9705882352941176,0.4411764705882353,0.9705882352941176,0.9375,True,False,0.058823529411764705,0.4117647058823529,87.0,False
64,article_block,fixed_schema,0.4411764705882353,0.9705882352941176,0.11764705882352941,0.9705882352941176,0.8,True,False,0.029411764705882353,0.11764705882352941,87.0,False
65,unilateral,active,0.7630662020905923,0.9630662020905923,0.5230662020905923,0.9630662020905923,0.9340467894474863,True,False,0.08,0.48,0.0,False
65,bilateral,active,0.7630662020905923,0.9630662020905923,0.7531939605110337,0.961527293844367,0.9514028974876215,False,False,0.041666666666666664,0.75,1.0,False
65,article_block,active,0.7630662020905923,0.9630662020905923,0.48,1.0,1.0,True,False,0.04,0.44,0.0,False
65,unilateral,fixed_schema,0.5780804561292366,0.9720198500686307,0.3962622743110548,0.9720198500686307,0.9340467894474863,True,False,0.06060606060606061,0.36363636363636365,88.0,False
65,bilateral,fixed_schema,0.5780804561292366,0.9720198500686307,0.5477774258262063,0.9720198500686307,0.9514028974876215,True,False,0.030303030303030304,0.5454545454545454,88.0,False
65,article_block,fixed_schema,0.5780804561292366,0.9720198500686307,0.36363636363636365,1.0,1.0,True,False,0.030303030303030304,0.3333333333333333,88.0,False
66,unilateral,active,0.2,1.0,0.2,1.0,1.0,True,False,0.2,0.0,0.0,False
66,bilateral,active,0.2,1.0,0.0,1.0,,True,False,0.0,0.0,1.0,False
66,article_block,active,0.2,1.0,0.3333333333333333,1.0,1.0,False,True,0.3333333333333333,0.0,2.0,False
66,unilateral,fixed_schema,0.16666666666666666,1.0,0.16666666666666666,1.0,1.0,True,False,0.16666666666666666,0.0,115.0,False
66,bilateral,fixed_schema,0.16666666666666666,1.0,0.0,1.0,,True,False,0.0,0.0,115.0,False
66,article_block,fixed_schema,0.16666666666666666,1.0,0.16666666666666666,1.0,1.0,True,False,0.16666666666666666,0.0,115.0,False
67,unilateral,active,0.7857142857142857,1.0,0.6428571428571429,1.0,1.0,True,False,0.0,0.6428571428571429,0.0,False
67,bilateral,active,0.7857142857142857,1.0,0.7857142857142857,1.0,1.0,True,False,0.0,0.7857142857142857,0.0,False
67,article_block,active,0.7857142857142857,1.0,0.3076923076923077,1.0,1.0,True,False,0.0,0.3076923076923077,1.0,False
67,unilateral,fixed_schema,0.3793103448275862,1.0,0.3103448275862069,1.0,1.0,True,False,0.0,0.3103448275862069,92.0,False
67,bilateral,fixed_schema,0.3793103448275862,1.0,0.3793103448275862,1.0,1.0,True,False,0.0,0.3793103448275862,92.0,False
67,article_block,fixed_schema,0.3793103448275862,1.0,0.13793103448275862,1.0,1.0,True,False,0.0,0.13793103448275862,92.0,False
68,unilateral,active,0.5714285714285714,1.0,0.42857142857142855,1.0,1.0,True,False,0.0,0.42857142857142855,0.0,False
68,bilateral,active,0.5714285714285714,1.0,0.5714285714285714,1.0,1.0,True,False,0.14285714285714285,0.42857142857142855,0.0,False
68,article_block,active,0.5714285714285714,1.0,0.4,1.0,1.0,True,False,0.2,0.2,2.0,False
68,unilateral,fixed_schema,0.2857142857142857,1.0,0.21428571428571427,1.0,1.0,True,False,0.0,0.21428571428571427,107.0,False
68,bilateral,fixed_schema,0.2857142857142857,1.0,0.2857142857142857,1.0,1.0,True,False,0.07142857142857142,0.21428571428571427,107.0,False
68,article_block,fixed_schema,0.2857142857142857,1.0,0.14285714285714285,1.0,1.0,True,False,0.07142857142857142,0.07142857142857142,107.0,False
69,unilateral,active,0.875,1.0,0.875,1.0,1.0,True,False,0.0,0.875,0.0,False
69,bilateral,active,0.875,1.0,0.875,1.0,1.0,True,False,0.0,0.875,0.0,False
69,article_block,active,0.875,1.0,0.5,1.0,1.0,True,False,0.0,0.5,0.0,False
69,unilateral,fixed_schema,0.30434782608695654,1.0,0.30434782608695654,1.0,1.0,True,False,0.0,0.30434782608695654,98.0,False
69,bilateral,fixed_schema,0.30434782608695654,1.0,0.30434782608695654,1.0,1.0,True,False,0.0,0.30434782608695654,98.0,False
69,article_block,fixed_schema,0.30434782608695654,1.0,0.17391304347826086,1.0,1.0,True,False,0.0,0.17391304347826086,98.0,False
70,unilateral,active,0.556987998451413,0.945876887340302,0.43911149825783974,0.9391114982578397,0.8782229965156795,False,False,0.125,0.375,2.0,False
70,bilateral,active,0.556987998451413,0.945876887340302,0.5016114982578397,0.9391114982578397,0.8917537746806039,False,False,0.0625,0.5,2.0,False
70,article_block,active,0.556987998451413,0.945876887340302,0.2727272727272727,1.0,1.0,True,False,0.09090909090909091,0.18181818181818182,7.0,False
70,unilateral,fixed_schema,0.37132533230094206,0.9639179248935347,0.26021422118983095,0.9639179248935347,0.8782229965156795,True,False,0.07407407407407407,0.2222222222222222,94.0,False
70,bilateral,fixed_schema,0.37132533230094206,0.9639179248935347,0.297251258226868,0.9639179248935347,0.8917537746806039,True,False,0.037037037037037035,0.2962962962962963,94.0,False
70,article_block,fixed_schema,0.37132533230094206,0.9639179248935347,0.1111111111111111,1.0,1.0,True,False,0.037037037037037035,0.07407407407407407,94.0,False
71,unilateral,active,0.723566606520657,0.9021380350920856,0.4081817008646277,0.9637372564201833,0.9184088269454124,True,False,0.037037037037037035,0.4074074074074074,1.0,False
71,bilateral,active,0.723566606520657,0.9021380350920856,0.7776442307692307,0.9699519230769231,0.9627976190476191,False,False,0.07692307692307693,0.7307692307692307,2.0,False
71,article_block,active,0.723566606520657,0.9021380350920856,0.49110611046586655,0.8985135178732739,0.8287415614111499,False,False,0.1111111111111111,0.48148148148148145,1.0,False
71,unilateral,fixed_schema,0.4134666322975183,0.9440788771954776,0.22491644741520303,0.9800184882315296,0.9184088269454124,True,False,0.02040816326530612,0.22448979591836735,72.0,False
71,bilateral,fixed_schema,0.4134666322975183,0.9440788771954776,0.41262755102040816,0.9840561224489796,0.9627976190476191,True,False,0.04081632653061224,0.3877551020408163,72.0,False
71,article_block,fixed_schema,0.4134666322975183,0.9440788771954776,0.27060948944037544,0.9440788771954776,0.8287415614111499,True,False,0.061224489795918366,0.2653061224489796,72.0,False
72,unilateral,active,0.5989696755226481,0.8489696755226481,0.44271967552264807,0.8802196755226481,0.7870572009291521,True,False,0.1875,0.375,0.0,False
72,bilateral,active,0.5989696755226481,0.8489696755226481,0.6194049852586438,0.9270972929509516,0.8946960898180412,False,False,0.07692307692307693,0.6153846153846154,3.0,False
72,article_block,active,0.5989696755226481,0.8489696755226481,0.23076923076923078,1.0,1.0,True,False,0.0,0.23076923076923078,3.0,False
72,unilateral,fixed_schema,0.29948483776132406,0.9244848377613241,0.22135983776132404,0.9401098377613241,0.7870572009291521,True,False,0.09375,0.1875,89.0,False
72,bilateral,fixed_schema,0.29948483776132406,0.9244848377613241,0.25163327526132406,0.9703832752613241,0.8946960898180412,True,False,0.03125,0.25,89.0,False
72,article_block,fixed_schema,0.29948483776132406,0.9244848377613241,0.09375,1.0,1.0,True,False,0.0,0.09375,89.0,False
73,unilateral,active,0.75,0.8333333333333334,0.5,0.9166666666666666,0.8571428571428571,True,False,0.08333333333333333,0.5,0.0,False
73,bilateral,active,0.75,0.8333333333333334,0.75,0.8333333333333334,0.8181818181818182,True,False,0.16666666666666666,0.75,0.0,False
73,article_block,active,0.75,0.8333333333333334,0.5833333333333334,1.0,1.0,True,False,0.0,0.5833333333333334,0.0,False
73,unilateral,fixed_schema,0.3333333333333333,0.9259259259259259,0.2222222222222222,0.9629629629629629,0.8571428571428571,True,False,0.037037037037037035,0.2222222222222222,94.0,False
73,bilateral,fixed_schema,0.3333333333333333,0.9259259259259259,0.3333333333333333,0.9259259259259259,0.8181818181818182,True,False,0.07407407407407407,0.3333333333333333,94.0,False
73,article_block,fixed_schema,0.3333333333333333,0.9259259259259259,0.25925925925925924,1.0,1.0,True,False,0.0,0.25925925925925924,94.0,False
74,unilateral,active,0.6153846153846154,0.9230769230769231,0.46153846153846156,0.9230769230769231,0.8571428571428571,True,False,0.07692307692307693,0.46153846153846156,0.0,False
74,bilateral,active,0.6153846153846154,0.9230769230769231,0.6666666666666666,1.0,1.0,False,False,0.0,0.6666666666666666,1.0,False
74,article_block,active,0.6153846153846154,0.9230769230769231,0.3076923076923077,0.9230769230769231,0.8,True,False,0.07692307692307693,0.3076923076923077,0.0,False
74,unilateral,fixed_schema,0.38095238095238093,0.9523809523809523,0.2857142857142857,0.9523809523809523,0.8571428571428571,True,False,0.047619047619047616,0.2857142857142857,100.0,False
74,bilateral,fixed_schema,0.38095238095238093,0.9523809523809523,0.38095238095238093,1.0,1.0,True,False,0.0,0.38095238095238093,100.0,False
74,article_block,fixed_schema,0.38095238095238093,0.9523809523809523,0.19047619047619047,0.9523809523809523,0.8,True,False,0.047619047619047616,0.19047619047619047,100.0,False
75,unilateral,active,1.0,1.0,0.7333333333333333,1.0,1.0,True,False,0.0,0.7333333333333333,0.0,False
75,bilateral,active,1.0,1.0,1.0,1.0,1.0,True,False,0.0,1.0,0.0,False
75,article_block,active,1.0,1.0,0.06666666666666667,1.0,1.0,True,False,0.0,0.06666666666666667,0.0,False
75,unilateral,fixed_schema,0.4411764705882353,1.0,0.3235294117647059,1.0,1.0,True,False,0.0,0.3235294117647059,87.0,False
75,bilateral,fixed_schema,0.4411764705882353,1.0,0.4411764705882353,1.0,1.0,True,False,0.0,0.4411764705882353,87.0,False
75,article_block,fixed_schema,0.4411764705882353,1.0,0.029411764705882353,1.0,1.0,True,False,0.0,0.029411764705882353,87.0,False
76,unilateral,active,0.7241379310344828,0.9655172413793104,0.3103448275862069,0.9655172413793104,0.9,True,False,0.034482758620689655,0.3103448275862069,0.0,False
76,bilateral,active,0.7241379310344828,0.9655172413793104,0.75,1.0,1.0,False,False,0.03571428571428571,0.7142857142857143,1.0,False
76,article_block,active,0.7241379310344828,0.9655172413793104,0.3793103448275862,0.9655172413793104,0.9166666666666666,True,False,0.034482758620689655,0.3793103448275862,0.0,False
76,unilateral,fixed_schema,0.4772727272727273,0.9772727272727273,0.20454545454545456,0.9772727272727273,0.9,True,False,0.022727272727272728,0.20454545454545456,77.0,False
76,bilateral,fixed_schema,0.4772727272727273,0.9772727272727273,0.4772727272727273,1.0,1.0,True,False,0.022727272727272728,0.45454545454545453,77.0,False
76,article_block,fixed_schema,0.4772727272727273,0.9772727272727273,0.25,0.9772727272727273,0.9166666666666666,True,False,0.022727272727272728,0.25,77.0,False
77,unilateral,active,0.5833333333333334,1.0,0.5454545454545454,1.0,1.0,True,False,0.0,0.5454545454545454,1.0,False
77,bilateral,active,0.5833333333333334,1.0,0.5833333333333334,1.0,1.0,True,False,0.08333333333333333,0.5,0.0,False
77,article_block,active,0.5833333333333334,1.0,0.2222222222222222,1.0,1.0,True,False,0.0,0.2222222222222222,3.0,False
77,unilateral,fixed_schema,0.5,1.0,0.42857142857142855,1.0,1.0,True,False,0.0,0.42857142857142855,107.0,False
77,bilateral,fixed_schema,0.5,1.0,0.5,1.0,1.0,True,False,0.07142857142857142,0.42857142857142855,107.0,False
77,article_block,fixed_schema,0.5,1.0,0.14285714285714285,1.0,1.0,True,False,0.0,0.14285714285714285,107.0,False
78,unilateral,active,0.6666666666666666,1.0,0.25,1.0,1.0,True,False,0.0,0.25,0.0,False
78,bilateral,active,0.6666666666666666,1.0,0.6363636363636364,1.0,1.0,True,False,0.0,0.6363636363636364,1.0,False
78,article_block,active,0.6666666666666666,1.0,0.36363636363636365,1.0,1.0,True,False,0.0,0.36363636363636365,1.0,False
78,unilateral,fixed_schema,0.34782608695652173,1.0,0.13043478260869565,1.0,1.0,True,False,0.0,0.13043478260869565,98.0,False
78,bilateral,fixed_schema,0.34782608695652173,1.0,0.30434782608695654,1.0,1.0,True,False,0.0,0.30434782608695654,98.0,False
78,article_block,fixed_schema,0.34782608695652173,1.0,0.17391304347826086,1.0,1.0,True,False,0.0,0.17391304347826086,98.0,False
79,unilateral,active,1.0,1.0,1.0,1.0,1.0,True,False,0.0,1.0,0.0,False
79,bilateral,active,1.0,1.0,1.0,1.0,1.0,True,False,0.0,1.0,0.0,False
79,article_block,active,1.0,1.0,0.5,1.0,1.0,True,False,0.0,0.5,0.0,False
79,unilateral,fixed_schema,0.14285714285714285,1.0,0.14285714285714285,1.0,1.0,True,False,0.0,0.14285714285714285,107.0,False
79,bilateral,fixed_schema,0.14285714285714285,1.0,0.14285714285714285,1.0,1.0,True,False,0.0,0.14285714285714285,107.0,False
79,article_block,fixed_schema,0.14285714285714285,1.0,0.07142857142857142,1.0,1.0,True,False,0.0,0.07142857142857142,107.0,False
80,unilateral,active,0.5625,0.9910714285714286,0.5,1.0,1.0,True,False,0.0,0.5,2.0,False
80,bilateral,active,0.5625,0.9910714285714286,0.5,1.0,1.0,True,False,0.0,0.5,2.0,False
80,article_block,active,0.5625,0.9910714285714286,0.4895833333333333,0.9895833333333334,0.9791666666666666,False,False,0.16666666666666666,0.3333333333333333,2.0,False
80,unilateral,fixed_schema,0.24609375,0.99609375,0.1875,1.0,1.0,True,False,0.0,0.1875,105.0,False
80,bilateral,fixed_schema,0.24609375,0.99609375,0.1875,1.0,1.0,True,False,0.0,0.1875,105.0,False
80,article_block,fixed_schema,0.24609375,0.99609375,0.18359375,0.99609375,0.9791666666666666,True,False,0.0625,0.125,105.0,False
81,unilateral,active,0.4583405923344948,0.7583405923344948,0.25834059233449475,0.8083405923344948,0.5740902051877661,True,False,0.25,0.2,0.0,False
81,bilateral,active,0.4583405923344948,0.7583405923344948,0.4083333333333333,0.8083333333333333,0.6805555555555556,True,False,0.2,0.4,5.0,False
81,article_block,active,0.4583405923344948,0.7583405923344948,0.15384615384615385,1.0,1.0,True,False,0.0,0.15384615384615385,7.0,False
81,unilateral,fixed_schema,0.2412318907023657,0.8728108380707867,0.1359687328076288,0.8991266275444709,0.5740902051877661,True,False,0.13157894736842105,0.10526315789473684,83.0,False
81,bilateral,fixed_schema,0.2412318907023657,0.8728108380707867,0.1611842105263158,0.9243421052631579,0.6805555555555556,True,False,0.07894736842105263,0.15789473684210525,83.0,False
81,article_block,fixed_schema,0.2412318907023657,0.8728108380707867,0.05263157894736842,1.0,1.0,True,False,0.0,0.05263157894736842,83.0,False
82,unilateral,active,0.8333333333333334,1.0,0.3333333333333333,1.0,1.0,True,False,0.0,0.3333333333333333,0.0,False
82,bilateral,active,0.8333333333333334,1.0,0.8333333333333334,1.0,1.0,True,False,0.0,0.8333333333333334,0.0,False
82,article_block,active,0.8333333333333334,1.0,0.5,1.0,1.0,True,False,0.0,0.5,0.0,False
82,unilateral,fixed_schema,0.625,1.0,0.25,1.0,1.0,True,False,0.0,0.25,113.0,False
82,bilateral,fixed_schema,0.625,1.0,0.625,1.0,1.0,True,False,0.0,0.625,113.0,False
82,article_block,fixed_schema,0.625,1.0,0.375,1.0,1.0,True,False,0.0,0.375,113.0,False
83,unilateral,active,0.7584385888501742,0.9251052555168409,0.26364692218350755,0.9303135888501742,0.7909407665505226,True,False,0.08333333333333333,0.25,0.0,False
83,bilateral,active,0.7584385888501742,0.9251052555168409,0.8,1.0,1.0,False,False,0.0,0.8,2.0,False
83,article_block,active,0.7584385888501742,0.9251052555168409,0.35795454545454547,0.9943181818181818,0.984375,True,False,0.09090909090909091,0.2727272727272727,1.0,False
83,unilateral,fixed_schema,0.3250451095072175,0.9679022523643603,0.11299153807864608,0.9701343952215032,0.7909407665505226,True,False,0.03571428571428571,0.10714285714285714,93.0,False
83,bilateral,fixed_schema,0.3250451095072175,0.9679022523643603,0.2857142857142857,1.0,1.0,True,False,0.0,0.2857142857142857,93.0,False
83,article_block,fixed_schema,0.3250451095072175,0.9679022523643603,0.140625,0.9977678571428571,0.984375,True,False,0.03571428571428571,0.10714285714285714,93.0,False
84,unilateral,active,0.4134545586527294,0.6634545586527294,0.3959257206208426,0.6686529933481153,0.5443978658536586,True,False,0.36363636363636365,0.36363636363636365,1.0,False
84,bilateral,active,0.4134545586527294,0.6634545586527294,0.48390921409214094,0.8172425474254743,0.7258638211382115,False,False,0.2222222222222222,0.4444444444444444,3.0,False
84,article_block,active,0.4134545586527294,0.6634545586527294,0.5443283004258614,0.8776616337591947,0.8164924506387922,False,False,0.2222222222222222,0.4444444444444444,3.0,False
84,unilateral,fixed_schema,0.26112919493856596,0.7874449844122501,0.2292201540436457,0.8081675224646984,0.5443978658536586,True,False,0.21052631578947367,0.21052631578947367,102.0,False
84,bilateral,fixed_schema,0.26112919493856596,0.7874449844122501,0.2292201540436457,0.9134306803594352,0.7258638211382115,True,False,0.10526315789473684,0.21052631578947367,102.0,False
84,article_block,fixed_schema,0.26112919493856596,0.7874449844122501,0.2578397212543554,0.9420502475701449,0.8164924506387922,True,False,0.10526315789473684,0.21052631578947367,102.0,False
85,unilateral,active,0.8461538461538461,0.9230769230769231,0.5384615384615384,1.0,1.0,True,False,0.0,0.5384615384615384,0.0,False
85,bilateral,active,0.8461538461538461,0.9230769230769231,0.9166666666666666,1.0,1.0,False,False,0.0,0.9166666666666666,1.0,False
85,article_block,active,0.8461538461538461,0.9230769230769231,0.5833333333333334,1.0,1.0,True,False,0.0,0.5833333333333334,1.0,False
85,unilateral,fixed_schema,0.36666666666666664,0.9666666666666667,0.23333333333333334,1.0,1.0,True,False,0.0,0.23333333333333334,91.0,False
85,bilateral,fixed_schema,0.36666666666666664,0.9666666666666667,0.36666666666666664,1.0,1.0,True,False,0.0,0.36666666666666664,91.0,False
85,article_block,fixed_schema,0.36666666666666664,0.9666666666666667,0.23333333333333334,1.0,1.0,True,False,0.0,0.23333333333333334,91.0,False
86,unilateral,active,0.846044362867098,0.8817586485813838,0.6317586485813838,0.9174729342956695,0.8844621080139372,True,False,0.10714285714285714,0.6071428571428571,0.0,False
86,bilateral,active,0.846044362867098,0.8817586485813838,0.9583333333333334,1.0,1.0,False,False,0.0,0.9583333333333334,4.0,False
86,article_block,active,0.846044362867098,0.8817586485813838,0.44,1.0,1.0,True,False,0.0,0.44,3.0,False
86,unilateral,fixed_schema,0.43868966963479156,0.9386896696347916,0.32757855852368045,0.9572081881533101,0.8844621080139372,True,False,0.05555555555555555,0.3148148148148148,67.0,False
86,bilateral,fixed_schema,0.43868966963479156,0.9386896696347916,0.42592592592592593,1.0,1.0,True,False,0.0,0.42592592592592593,67.0,False
86,article_block,fixed_schema,0.43868966963479156,0.9386896696347916,0.2037037037037037,1.0,1.0,True,False,0.0,0.2037037037037037,67.0,False
87,unilateral,active,0.7050414181854732,0.9358106489547039,0.68,1.0,1.0,True,False,0.04,0.64,1.0,False
87,bilateral,active,0.7050414181854732,0.9358106489547039,0.6991364944705347,0.960006059687926,0.9458905513424881,True,False,0.043478260869565216,0.6956521739130435,3.0,False
87,article_block,active,0.7050414181854732,0.9358106489547039,0.4456929347826087,0.9674320652173912,0.931903409090909,True,False,0.043478260869565216,0.43478260869565216,3.0,False
87,unilateral,fixed_schema,0.5554871779643121,0.949426571903706,0.5151515151515151,1.0,1.0,True,False,0.030303030303030304,0.48484848484848486,88.0,False
87,bilateral,fixed_schema,0.5554871779643121,0.949426571903706,0.4872769506915848,0.9721254355400698,0.9458905513424881,True,False,0.030303030303030304,0.48484848484848486,88.0,False
87,article_block,fixed_schema,0.5554871779643121,0.949426571903706,0.3106344696969697,0.9773011363636364,0.931903409090909,True,False,0.030303030303030304,0.30303030303030304,88.0,False
88,unilateral,active,0.6666666666666666,1.0,0.6666666666666666,1.0,1.0,True,False,0.08333333333333333,0.5833333333333334,0.0,False
88,bilateral,active,0.6666666666666666,1.0,0.6363636363636364,1.0,1.0,True,False,0.0,0.6363636363636364,1.0,False
88,article_block,active,0.6666666666666666,1.0,0.4444444444444444,1.0,1.0,True,False,0.0,0.4444444444444444,3.0,False
88,unilateral,fixed_schema,0.32,1.0,0.32,1.0,1.0,True,False,0.04,0.28,96.0,False
88,bilateral,fixed_schema,0.32,1.0,0.28,1.0,1.0,True,False,0.0,0.28,96.0,False
88,article_block,fixed_schema,0.32,1.0,0.16,1.0,1.0,True,False,0.0,0.16,96.0,False
89,unilateral,active,0.6296296296296297,1.0,0.6538461538461539,1.0,1.0,False,True,0.0,0.6538461538461539,1.0,False
89,bilateral,active,0.6296296296296297,1.0,0.6296296296296297,1.0,1.0,True,False,0.0,0.6296296296296297,0.0,False
89,article_block,active,0.6296296296296297,1.0,0.38461538461538464,1.0,1.0,True,False,0.0,0.38461538461538464,1.0,False
89,unilateral,fixed_schema,0.4722222222222222,1.0,0.4722222222222222,1.0,1.0,True,False,0.0,0.4722222222222222,85.0,False
89,bilateral,fixed_schema,0.4722222222222222,1.0,0.4722222222222222,1.0,1.0,True,False,0.0,0.4722222222222222,85.0,False
89,article_block,fixed_schema,0.4722222222222222,1.0,0.2777777777777778,1.0,1.0,True,False,0.0,0.2777777777777778,85.0,False
90,unilateral,active,0.7769913859852884,0.8881024970963995,0.4479166666666667,0.8923611111111112,0.80625,True,False,0.1111111111111111,0.4444444444444444,0.0,False
90,bilateral,active,0.7769913859852884,0.8881024970963995,0.75390625,0.87890625,0.8616071428571429,False,False,0.125,0.75,1.0,False
90,article_block,active,0.7769913859852884,0.8881024970963995,0.42857142857142855,1.0,1.0,True,False,0.0,0.42857142857142855,2.0,False
90,unilateral,fixed_schema,0.3496461236933798,0.9496461236933798,0.2015625,0.9515625,0.80625,True,False,0.05,0.2,101.0,False
90,bilateral,fixed_schema,0.3496461236933798,0.9496461236933798,0.3015625,0.9515625,0.8616071428571429,True,False,0.05,0.3,101.0,False
90,article_block,fixed_schema,0.3496461236933798,0.9496461236933798,0.15,1.0,1.0,True,False,0.0,0.15,101.0,False
91,unilateral,active,0.8848684210526315,0.9901315789473685,0.8784722222222222,0.9895833333333334,0.98828125,False,False,0.05555555555555555,0.8333333333333334,2.0,False
91,bilateral,active,0.8848684210526315,0.9901315789473685,0.8823529411764706,1.0,1.0,True,False,0.0,0.8823529411764706,3.0,False
91,article_block,active,0.8848684210526315,0.9901315789473685,0.6006944444444444,0.9895833333333334,0.9829545454545454,False,False,0.1111111111111111,0.5,2.0,False
91,unilateral,fixed_schema,0.48035714285714287,0.9946428571428572,0.4517857142857143,0.9946428571428572,0.98828125,True,False,0.02857142857142857,0.42857142857142855,86.0,False
91,bilateral,fixed_schema,0.48035714285714287,0.9946428571428572,0.42857142857142855,1.0,1.0,True,False,0.0,0.42857142857142855,86.0,False
91,article_block,fixed_schema,0.48035714285714287,0.9946428571428572,0.30892857142857144,0.9946428571428572,0.9829545454545454,True,False,0.05714285714285714,0.2571428571428571,86.0,False
92,unilateral,active,0.644122931184669,0.894122931184669,0.44921875,0.94921875,0.8984375,True,False,0.0625,0.4375,0.0,False
92,bilateral,active,0.644122931184669,0.894122931184669,0.6513190642110503,0.937033349925336,0.9118466898954705,False,False,0.07142857142857142,0.6428571428571429,2.0,False
92,article_block,active,0.644122931184669,0.894122931184669,0.16666666666666666,1.0,1.0,True,False,0.0,0.16666666666666666,4.0,False
92,unilateral,fixed_schema,0.3435322299651568,0.9435322299651568,0.23958333333333334,0.9729166666666667,0.8984375,True,False,0.03333333333333333,0.23333333333333334,91.0,False
92,bilateral,fixed_schema,0.3435322299651568,0.9435322299651568,0.30394889663182345,0.9706155632984902,0.9118466898954705,True,False,0.03333333333333333,0.3,91.0,False
92,article_block,fixed_schema,0.3435322299651568,0.9435322299651568,0.06666666666666667,1.0,1.0,True,False,0.0,0.06666666666666667,91.0,False
93,unilateral,active,1.0,1.0,0.6666666666666666,1.0,1.0,True,False,0.0,0.6666666666666666,0.0,False
93,bilateral,active,1.0,1.0,1.0,1.0,1.0,True,False,0.0,1.0,0.0,False
93,article_block,active,1.0,1.0,0.5555555555555556,1.0,1.0,True,False,0.0,0.5555555555555556,0.0,False
93,unilateral,fixed_schema,0.5625,1.0,0.375,1.0,1.0,True,False,0.0,0.375,105.0,False
93,bilateral,fixed_schema,0.5625,1.0,0.5625,1.0,1.0,True,False,0.0,0.5625,105.0,False
93,article_block,fixed_schema,0.5625,1.0,0.3125,1.0,1.0,True,False,0.0,0.3125,105.0,False
94,unilateral,active,0.7058823529411765,1.0,0.7142857142857143,1.0,1.0,False,True,0.0,0.7142857142857143,3.0,False
94,bilateral,active,0.7058823529411765,1.0,0.7058823529411765,1.0,1.0,True,False,0.0,0.7058823529411765,0.0,False
94,article_block,active,0.7058823529411765,1.0,0.375,1.0,1.0,True,False,0.0,0.375,1.0,False
94,unilateral,fixed_schema,0.48,1.0,0.4,1.0,1.0,True,False,0.0,0.4,96.0,False
94,bilateral,fixed_schema,0.48,1.0,0.48,1.0,1.0,True,False,0.0,0.48,96.0,False
94,article_block,fixed_schema,0.48,1.0,0.24,1.0,1.0,True,False,0.0,0.24,96.0,False
95,unilateral,active,0.8666666666666667,1.0,0.7333333333333333,1.0,1.0,True,False,0.0,0.7333333333333333,0.0,False
95,bilateral,active,0.8666666666666667,1.0,0.8666666666666667,1.0,1.0,True,False,0.06666666666666667,0.8,0.0,False
95,article_block,active,0.8666666666666667,1.0,0.26666666666666666,1.0,1.0,True,False,0.06666666666666667,0.2,0.0,False
95,unilateral,fixed_schema,0.3939393939393939,1.0,0.3333333333333333,1.0,1.0,True,False,0.0,0.3333333333333333,88.0,False
95,bilateral,fixed_schema,0.3939393939393939,1.0,0.3939393939393939,1.0,1.0,True,False,0.030303030303030304,0.36363636363636365,88.0,False
95,article_block,fixed_schema,0.3939393939393939,1.0,0.12121212121212122,1.0,1.0,True,False,0.030303030303030304,0.09090909090909091,88.0,False
96,unilateral,active,0.559375,0.959375,0.5,1.0,1.0,True,False,0.0625,0.4375,4.0,False
96,bilateral,active,0.559375,0.959375,0.559375,0.959375,0.9322916666666666,True,False,0.1,0.5,0.0,False
96,article_block,active,0.559375,0.959375,0.57421875,0.94921875,0.91875,False,True,0.125,0.5,4.0,False
96,unilateral,fixed_schema,0.39955357142857145,0.9709821428571429,0.2857142857142857,1.0,1.0,True,False,0.03571428571428571,0.25,93.0,False
96,bilateral,fixed_schema,0.39955357142857145,0.9709821428571429,0.39955357142857145,0.9709821428571429,0.9322916666666666,True,False,0.07142857142857142,0.35714285714285715,93.0,False
96,article_block,fixed_schema,0.39955357142857145,0.9709821428571429,0.328125,0.9709821428571429,0.91875,True,False,0.07142857142857142,0.2857142857142857,93.0,False
97,unilateral,active,0.8,1.0,0.4,1.0,1.0,True,False,0.0,0.4,0.0,False
97,bilateral,active,0.8,1.0,0.8,1.0,1.0,True,False,0.0,0.8,0.0,False
97,article_block,active,0.8,1.0,0.4,1.0,1.0,True,False,0.0,0.4,0.0,False
97,unilateral,fixed_schema,0.2222222222222222,1.0,0.1111111111111111,1.0,1.0,True,False,0.0,0.1111111111111111,103.0,False
97,bilateral,fixed_schema,0.2222222222222222,1.0,0.2222222222222222,1.0,1.0,True,False,0.0,0.2222222222222222,103.0,False
97,article_block,fixed_schema,0.2222222222222222,1.0,0.1111111111111111,1.0,1.0,True,False,0.0,0.1111111111111111,103.0,False
98,unilateral,active,0.5522648083623694,0.8022648083623694,0.5522648083623694,0.8022648083623694,0.7363530778164925,True,False,0.25,0.5,0.0,False
98,bilateral,active,0.5522648083623694,0.8022648083623694,0.6666666666666666,1.0,1.0,False,False,0.0,0.6666666666666666,1.0,False
98,article_block,active,0.5522648083623694,0.8022648083623694,0.5,1.0,1.0,True,False,0.0,0.5,2.0,False
98,unilateral,fixed_schema,0.22090592334494774,0.9209059233449477,0.22090592334494774,0.9209059233449477,0.7363530778164925,True,False,0.1,0.2,111.0,False
98,bilateral,fixed_schema,0.22090592334494774,0.9209059233449477,0.2,1.0,1.0,True,False,0.0,0.2,111.0,False
98,article_block,fixed_schema,0.22090592334494774,0.9209059233449477,0.1,1.0,1.0,True,False,0.0,0.1,111.0,False
99,unilateral,active,1.0,1.0,0.4,1.0,1.0,True,False,0.0,0.4,0.0,False
99,bilateral,active,1.0,1.0,1.0,1.0,1.0,True,False,0.0,1.0,0.0,False
99,article_block,active,1.0,1.0,0.0,1.0,,True,False,0.0,0.0,0.0,False
99,unilateral,fixed_schema,0.2777777777777778,1.0,0.1111111111111111,1.0,1.0,True,False,0.0,0.1111111111111111,103.0,False
99,bilateral,fixed_schema,0.2777777777777778,1.0,0.2777777777777778,1.0,1.0,True,False,0.0,0.2777777777777778,103.0,False
99,article_block,fixed_schema,0.2777777777777778,1.0,0.0,1.0,,True,False,0.0,0.0,103.0,False
100,unilateral,active,1.0,1.0,0.3333333333333333,1.0,1.0,True,False,0.0,0.3333333333333333,0.0,False
100,bilateral,active,1.0,1.0,1.0,1.0,1.0,True,False,0.0,1.0,0.0,False
100,article_block,active,1.0,1.0,0.5,1.0,1.0,True,False,0.0,0.5,0.0,False
100,unilateral,fixed_schema,0.75,1.0,0.25,1.0,1.0,True,False,0.0,0.25,113.0,False
100,bilateral,fixed_schema,0.75,1.0,0.75,1.0,1.0,True,False,0.0,0.75,113.0,False
100,article_block,fixed_schema,0.75,1.0,0.375,1.0,1.0,True,False,0.0,0.375,113.0,False
101,unilateral,active,0.6242733485619808,0.8550425793312115,0.46153846153846156,1.0,1.0,True,False,0.07692307692307693,0.38461538461538464,0.0,False
101,bilateral,active,0.6242733485619808,0.8550425793312115,0.6667247386759582,0.9167247386759582,0.8889663182346109,False,False,0.16666666666666666,0.5833333333333334,1.0,False
101,article_block,active,0.6242733485619808,0.8550425793312115,0.4,1.0,1.0,True,False,0.0,0.4,3.0,False
101,unilateral,fixed_schema,0.38645493006217857,0.9102644538717024,0.2857142857142857,1.0,1.0,True,False,0.047619047619047616,0.23809523809523808,100.0,False
101,bilateral,fixed_schema,0.38645493006217857,0.9102644538717024,0.3809855649576904,0.9524141363862617,0.8889663182346109,True,False,0.09523809523809523,0.3333333333333333,100.0,False
101,article_block,fixed_schema,0.38645493006217857,0.9102644538717024,0.19047619047619047,1.0,1.0,True,False,0.0,0.19047619047619047,100.0,False
102,unilateral,active,0.47757352941176473,0.9481617647058823,0.375,1.0,1.0,True,False,0.0,0.375,1.0,False
102,bilateral,active,0.47757352941176473,0.9481617647058823,0.4666666666666667,1.0,1.0,True,False,0.0,0.4666666666666667,2.0,False
102,article_block,active,0.47757352941176473,0.9481617647058823,0.35714285714285715,1.0,1.0,True,False,0.0,0.35714285714285715,3.0,False
102,unilateral,fixed_schema,0.30069444444444443,0.967361111111111,0.2222222222222222,1.0,1.0,True,False,0.0,0.2222222222222222,94.0,False
102,bilateral,fixed_schema,0.30069444444444443,0.967361111111111,0.25925925925925924,1.0,1.0,True,False,0.0,0.25925925925925924,94.0,False
102,article_block,fixed_schema,0.30069444444444443,0.967361111111111,0.18518518518518517,1.0,1.0,True,False,0.0,0.18518518518518517,94.0,False
103,unilateral,active,0.2372978912250869,0.3801550340822298,0.04762941762070682,0.6190579890492783,0.11113530778164925,True,False,0.42857142857142855,0.0,0.0,False
103,bilateral,active,0.2372978912250869,0.3801550340822298,0.25522648083623695,0.5052264808362369,0.34030197444831595,False,False,0.75,0.0,3.0,False
103,article_block,active,0.2372978912250869,0.3801550340822298,0.09145418789009437,0.6628827593186658,0.21339310507688683,True,False,0.42857142857142855,0.0,0.0,False
103,unilateral,fixed_schema,0.1277757875827391,0.6662373260442777,0.025646609488072902,0.7948773787188421,0.11113530778164925,True,False,0.23076923076923078,0.0,108.0,False
103,bilateral,fixed_schema,0.1277757875827391,0.6662373260442777,0.0785312248726883,0.8477619941034575,0.34030197444831595,True,False,0.23076923076923078,0.0,108.0,False
103,article_block,fixed_schema,0.1277757875827391,0.6662373260442777,0.04924456271005081,0.8184753319408201,0.21339310507688683,True,False,0.23076923076923078,0.0,108.0,False
104,unilateral,active,0.5853658536585366,0.9663182346109176,0.47619047619047616,1.0,1.0,True,False,0.0,0.47619047619047616,0.0,False
104,bilateral,active,0.5853658536585366,0.9663182346109176,0.5853658536585366,0.9663182346109176,0.9455909943714822,True,False,0.047619047619047616,0.5714285714285714,0.0,False
104,article_block,active,0.5853658536585366,0.9663182346109176,0.5417201540436457,0.962772785622593,0.9356984478935698,False,False,0.05263157894736842,0.5263157894736842,2.0,False
104,unilateral,fixed_schema,0.38414634146341464,0.9778963414634146,0.3125,1.0,1.0,True,False,0.0,0.3125,89.0,False
104,bilateral,fixed_schema,0.38414634146341464,0.9778963414634146,0.38414634146341464,0.9778963414634146,0.9455909943714822,True,False,0.03125,0.375,89.0,False
104,article_block,fixed_schema,0.38414634146341464,0.9778963414634146,0.32164634146341464,0.9778963414634146,0.9356984478935698,True,False,0.03125,0.3125,89.0,False
105,unilateral,active,0.9057055749128919,0.9682055749128919,0.6327526132404181,0.9660859465737514,0.9491289198606271,False,False,0.13333333333333333,0.5333333333333333,1.0,False
105,bilateral,active,0.9057055749128919,0.9682055749128919,0.9285714285714286,1.0,1.0,False,False,0.0,0.9285714285714286,2.0,False
105,article_block,active,0.9057055749128919,0.9682055749128919,0.7660859465737514,0.9660859465737514,0.9576074332171892,False,False,0.06666666666666667,0.7333333333333333,1.0,False
105,unilateral,fixed_schema,0.557357276869472,0.980434199946395,0.36504958456177966,0.980434199946395,0.9491289198606271,True,False,0.07692307692307693,0.3076923076923077,95.0,False
105,bilateral,fixed_schema,0.557357276869472,0.980434199946395,0.5,1.0,1.0,True,False,0.0,0.5,95.0,False
105,article_block,fixed_schema,0.557357276869472,0.980434199946395,0.4419726614848566,0.980434199946395,0.9576074332171892,True,False,0.038461538461538464,0.4230769230769231,95.0,False
106,unilateral,active,0.6886759581881533,0.9386759581881533,0.6442010950721752,0.929915380786461,0.9018815331010452,False,False,0.14285714285714285,0.5714285714285714,3.0,False
106,bilateral,active,0.6886759581881533,0.9386759581881533,0.6679210220673635,0.9345876887340302,0.910801393728223,False,False,0.2,0.5333333333333333,2.0,False
106,article_block,active,0.6886759581881533,0.9386759581881533,0.26666666666666666,1.0,1.0,True,False,0.06666666666666667,0.2,2.0,False
106,unilateral,fixed_schema,0.3240828038532486,0.9711416273826603,0.2652592744414839,0.9711416273826603,0.9018815331010452,True,False,0.058823529411764705,0.23529411764705882,87.0,False
106,bilateral,fixed_schema,0.3240828038532486,0.9711416273826603,0.29467103914736625,0.9711416273826603,0.910801393728223,True,False,0.08823529411764706,0.23529411764705882,87.0,False
106,article_block,fixed_schema,0.3240828038532486,0.9711416273826603,0.11764705882352941,1.0,1.0,True,False,0.029411764705882353,0.08823529411764706,87.0,False
107,unilateral,active,0.5588363394138144,0.7941304570608732,0.24448529411764705,0.9503676470588235,0.83125,True,False,0.058823529411764705,0.23529411764705882,0.0,False
107,bilateral,active,0.5588363394138144,0.7941304570608732,0.5622403511123023,0.86993265880461,0.8121249516066589,False,False,0.15384615384615385,0.5384615384615384,4.0,False
107,article_block,active,0.5588363394138144,0.7941304570608732,0.14285714285714285,1.0,1.0,True,False,0.0,0.14285714285714285,3.0,False
107,unilateral,fixed_schema,0.31667392566782815,0.8833405923344948,0.13854166666666667,0.971875,0.83125,True,False,0.03333333333333333,0.13333333333333333,91.0,False
107,bilateral,fixed_schema,0.31667392566782815,0.8833405923344948,0.24363748548199768,0.9436374854819978,0.8121249516066589,True,False,0.06666666666666667,0.23333333333333334,91.0,False
107,article_block,fixed_schema,0.31667392566782815,0.8833405923344948,0.06666666666666667,1.0,1.0,True,False,0.0,0.06666666666666667,91.0,False
108,unilateral,active,0.7647058823529411,0.9411764705882353,0.42857142857142855,1.0,1.0,True,False,0.0,0.42857142857142855,3.0,False
108,bilateral,active,0.7647058823529411,0.9411764705882353,0.7647058823529411,0.9411764705882353,0.9285714285714286,True,False,0.058823529411764705,0.7647058823529411,0.0,False
108,article_block,active,0.7647058823529411,0.9411764705882353,0.6,0.9333333333333333,0.9,False,False,0.06666666666666667,0.6,2.0,False
108,unilateral,fixed_schema,0.37142857142857144,0.9714285714285714,0.17142857142857143,1.0,1.0,True,False,0.0,0.17142857142857143,86.0,False
108,bilateral,fixed_schema,0.37142857142857144,0.9714285714285714,0.37142857142857144,0.9714285714285714,0.9285714285714286,True,False,0.02857142857142857,0.37142857142857144,86.0,False
108,article_block,fixed_schema,0.37142857142857144,0.9714285714285714,0.2571428571428571,0.9714285714285714,0.9,True,False,0.02857142857142857,0.2571428571428571,86.0,False
109,unilateral,active,0.7345581248020273,0.9618308520747546,0.3885847021735523,0.9600132736021239,0.9066976384049554,False,False,0.047619047619047616,0.38095238095238093,1.0,False
109,bilateral,active,0.7345581248020273,0.9618308520747546,0.7219180355068856,0.9600132736021239,0.9475174216027874,False,False,0.047619047619047616,0.7142857142857143,1.0,False
109,article_block,active,0.7345581248020273,0.9618308520747546,0.4,1.0,1.0,True,False,0.0,0.4,2.0,False
109,unilateral,fixed_schema,0.42527049330643685,0.9779020722538052,0.21474417751696312,0.9779020722538052,0.9066976384049554,True,False,0.02631578947368421,0.21052631578947367,83.0,False
109,bilateral,fixed_schema,0.42527049330643685,0.9779020722538052,0.3989547038327526,0.9779020722538052,0.9475174216027874,True,False,0.02631578947368421,0.39473684210526316,83.0,False
109,article_block,fixed_schema,0.42527049330643685,0.9779020722538052,0.21052631578947367,1.0,1.0,True,False,0.0,0.21052631578947367,83.0,False
110,unilateral,active,0.7272727272727273,1.0,0.7,1.0,1.0,True,False,0.0,0.7,2.0,False
110,bilateral,active,0.7272727272727273,1.0,0.7272727272727273,1.0,1.0,True,False,0.0,0.7272727272727273,1.0,False
110,article_block,active,0.7272727272727273,1.0,0.36363636363636365,1.0,1.0,True,False,0.0,0.36363636363636365,1.0,False
110,unilateral,fixed_schema,0.36363636363636365,1.0,0.3181818181818182,1.0,1.0,True,False,0.0,0.3181818181818182,99.0,False
110,bilateral,fixed_schema,0.36363636363636365,1.0,0.36363636363636365,1.0,1.0,True,False,0.0,0.36363636363636365,99.0,False
110,article_block,fixed_schema,0.36363636363636365,1.0,0.18181818181818182,1.0,1.0,True,False,0.0,0.18181818181818182,99.0,False
111,unilateral,active,0.2857142857142857,1.0,0.2857142857142857,1.0,1.0,True,False,0.0,0.2857142857142857,0.0,False
111,bilateral,active,0.2857142857142857,1.0,0.2857142857142857,1.0,1.0,True,False,0.0,0.2857142857142857,0.0,False
111,article_block,active,0.2857142857142857,1.0,0.2857142857142857,1.0,1.0,True,False,0.0,0.2857142857142857,0.0,False
111,unilateral,fixed_schema,0.15384615384615385,1.0,0.15384615384615385,1.0,1.0,True,False,0.0,0.15384615384615385,108.0,False
111,bilateral,fixed_schema,0.15384615384615385,1.0,0.15384615384615385,1.0,1.0,True,False,0.0,0.15384615384615385,108.0,False
111,article_block,fixed_schema,0.15384615384615385,1.0,0.15384615384615385,1.0,1.0,True,False,0.0,0.15384615384615385,108.0,False
112,unilateral,active,1.0,1.0,0.5,1.0,1.0,True,False,0.0,0.5,0.0,False
112,bilateral,active,1.0,1.0,1.0,1.0,1.0,True,False,0.0,1.0,0.0,False
112,article_block,active,1.0,1.0,0.75,1.0,1.0,True,False,0.0,0.75,0.0,False
112,unilateral,fixed_schema,0.6,1.0,0.3,1.0,1.0,True,False,0.0,0.3,101.0,False
112,bilateral,fixed_schema,0.6,1.0,0.6,1.0,1.0,True,False,0.0,0.6,101.0,False
112,article_block,fixed_schema,0.6,1.0,0.45,1.0,1.0,True,False,0.0,0.45,101.0,False
113,unilateral,active,0.6840008963629769,0.791143753505834,0.6785714285714286,0.9642857142857143,0.95,True,False,0.03571428571428571,0.6785714285714286,0.0,False
113,bilateral,active,0.6840008963629769,0.791143753505834,0.8260869565217391,0.9565217391304348,0.95,False,False,0.043478260869565216,0.8260869565217391,5.0,False
113,article_block,active,0.6840008963629769,0.791143753505834,0.37037037037037035,0.9259259259259259,0.8333333333333334,True,False,0.07407407407407407,0.37037037037037035,1.0,False
113,unilateral,fixed_schema,0.4671225633698379,0.8573664658088623,0.4634146341463415,0.975609756097561,0.95,True,False,0.024390243902439025,0.4634146341463415,80.0,False
113,bilateral,fixed_schema,0.4671225633698379,0.8573664658088623,0.4634146341463415,0.975609756097561,0.95,True,False,0.024390243902439025,0.4634146341463415,80.0,False
113,article_block,fixed_schema,0.4671225633698379,0.8573664658088623,0.24390243902439024,0.9512195121951219,0.8333333333333334,True,False,0.04878048780487805,0.24390243902439024,80.0,False
114,unilateral,active,0.7092391304347826,0.970108695652174,0.4782608695652174,1.0,1.0,True,False,0.0,0.4782608695652174,0.0,False
114,bilateral,active,0.7092391304347826,0.970108695652174,0.6960227272727273,0.96875,0.95703125,False,False,0.045454545454545456,0.6818181818181818,1.0,False
114,article_block,active,0.7092391304347826,0.970108695652174,0.38095238095238093,1.0,1.0,True,False,0.0,0.38095238095238093,2.0,False
114,unilateral,fixed_schema,0.33984375,0.9856770833333334,0.22916666666666666,1.0,1.0,True,False,0.0,0.22916666666666666,73.0,False
114,bilateral,fixed_schema,0.33984375,0.9856770833333334,0.3190104166666667,0.9856770833333334,0.95703125,True,False,0.020833333333333332,0.3125,73.0,False
114,article_block,fixed_schema,0.33984375,0.9856770833333334,0.16666666666666666,1.0,1.0,True,False,0.0,0.16666666666666666,73.0,False
115,unilateral,active,0.2489764808362369,0.7489764808362369,0.1,0.9,0.5,True,False,0.1,0.1,0.0,False
115,bilateral,active,0.2489764808362369,0.7489764808362369,0.20535714285714285,0.9196428571428571,0.71875,True,False,0.14285714285714285,0.14285714285714285,3.0,False
115,article_block,active,0.2489764808362369,0.7489764808362369,0.3333333333333333,1.0,1.0,False,False,0.0,0.3333333333333333,7.0,False
115,unilateral,fixed_schema,0.14645675343308054,0.852339106374257,0.058823529411764705,0.9411764705882353,0.5,True,False,0.058823529411764705,0.058823529411764705,104.0,False
115,bilateral,fixed_schema,0.14645675343308054,0.852339106374257,0.08455882352941177,0.9669117647058824,0.71875,True,False,0.058823529411764705,0.058823529411764705,104.0,False
115,article_block,fixed_schema,0.14645675343308054,0.852339106374257,0.058823529411764705,1.0,1.0,True,False,0.0,0.058823529411764705,104.0,False
116,unilateral,active,1.0,1.0,0.5454545454545454,1.0,1.0,True,False,0.045454545454545456,0.5,1.0,False
116,bilateral,active,1.0,1.0,1.0,1.0,1.0,True,False,0.0,1.0,2.0,False
116,article_block,active,1.0,1.0,0.8571428571428571,1.0,1.0,True,False,0.0,0.8571428571428571,2.0,False
116,unilateral,fixed_schema,0.5365853658536586,1.0,0.2926829268292683,1.0,1.0,True,False,0.024390243902439025,0.2682926829268293,80.0,False
116,bilateral,fixed_schema,0.5365853658536586,1.0,0.5121951219512195,1.0,1.0,True,False,0.0,0.5121951219512195,80.0,False
116,article_block,fixed_schema,0.5365853658536586,1.0,0.43902439024390244,1.0,1.0,True,False,0.0,0.43902439024390244,80.0,False
117,unilateral,active,0.7373358348968105,0.8911819887429644,0.3942642723130528,0.9327258107745913,0.854239256678281,True,False,0.07692307692307693,0.38461538461538464,0.0,False
117,bilateral,active,0.7373358348968105,0.8911819887429644,0.7883275261324042,0.9549941927990709,0.9459930313588851,False,False,0.25,0.5833333333333334,1.0,False
117,article_block,active,0.7373358348968105,0.8911819887429644,0.507760532150776,0.8713968957871397,0.7979094076655052,False,False,0.36363636363636365,0.2727272727272727,2.0,False
117,unilateral,fixed_schema,0.38341463414634147,0.9434146341463415,0.20501742160278746,0.9650174216027875,0.854239256678281,True,False,0.04,0.2,96.0,False
117,bilateral,fixed_schema,0.38341463414634147,0.9434146341463415,0.378397212543554,0.9783972125435539,0.9459930313588851,True,False,0.12,0.28,96.0,False
117,article_block,fixed_schema,0.38341463414634147,0.9434146341463415,0.22341463414634144,0.9434146341463415,0.7979094076655052,True,False,0.16,0.12,96.0,False
118,unilateral,active,0.9583333333333334,1.0,0.625,1.0,1.0,True,False,0.0,0.625,0.0,False
118,bilateral,active,0.9583333333333334,1.0,0.9583333333333334,1.0,1.0,True,False,0.0,0.9583333333333334,0.0,False
118,article_block,active,0.9583333333333334,1.0,0.4583333333333333,1.0,1.0,True,False,0.0,0.4583333333333333,0.0,False
118,unilateral,fixed_schema,0.6052631578947368,1.0,0.39473684210526316,1.0,1.0,True,False,0.0,0.39473684210526316,83.0,False
118,bilateral,fixed_schema,0.6052631578947368,1.0,0.6052631578947368,1.0,1.0,True,False,0.0,0.6052631578947368,83.0,False
118,article_block,fixed_schema,0.6052631578947368,1.0,0.2894736842105263,1.0,1.0,True,False,0.0,0.2894736842105263,83.0,False
119,unilateral,active,0.6945412311265969,0.9723190089043747,0.7058823529411765,1.0,1.0,False,False,0.0,0.7058823529411765,2.0,False
119,bilateral,active,0.6945412311265969,0.9723190089043747,0.6945412311265969,0.9723190089043747,0.9616724738675958,True,False,0.05555555555555555,0.6666666666666666,1.0,False
119,article_block,active,0.6945412311265969,0.9723190089043747,0.375,1.0,1.0,True,False,0.0,0.375,3.0,False
119,unilateral,fixed_schema,0.3906794425087108,0.9844294425087108,0.375,1.0,1.0,True,False,0.0,0.375,89.0,False
119,bilateral,fixed_schema,0.3906794425087108,0.9844294425087108,0.3906794425087108,0.9844294425087108,0.9616724738675958,True,False,0.03125,0.375,89.0,False
119,article_block,fixed_schema,0.3906794425087108,0.9844294425087108,0.1875,1.0,1.0,True,False,0.0,0.1875,89.0,False
120,unilateral,active,0.7698689231790277,0.9127260660361705,0.7622366019578564,0.9527127924340468,0.9415863906538225,True,False,0.14285714285714285,0.6666666666666666,0.0,False
120,bilateral,active,0.7698689231790277,0.9127260660361705,0.7456445993031359,0.9035393361452411,0.8854529616724739,False,False,0.10526315789473684,0.7368421052631579,2.0,False
120,article_block,active,0.7698689231790277,0.9127260660361705,0.5,1.0,1.0,True,False,0.1111111111111111,0.3888888888888889,3.0,False
120,unilateral,fixed_schema,0.4490902051877661,0.9490902051877662,0.44463801780874956,0.9724157955865272,0.9415863906538225,True,False,0.08333333333333333,0.3888888888888889,85.0,False
120,bilateral,fixed_schema,0.4490902051877661,0.9490902051877662,0.39353464963221063,0.9490902051877662,0.8854529616724739,True,False,0.05555555555555555,0.3888888888888889,85.0,False
120,article_block,fixed_schema,0.4490902051877661,0.9490902051877662,0.25,1.0,1.0,True,False,0.05555555555555555,0.19444444444444445,85.0,False
121,unilateral,active,0.4466245644599303,0.9132912311265969,0.47852631906421106,0.9070977476356397,0.8374210583623694,False,True,0.14285714285714285,0.42857142857142855,1.0,False
121,bilateral,active,0.4466245644599303,0.9132912311265969,0.46153846153846156,1.0,1.0,False,False,0.0,0.46153846153846156,2.0,False
121,article_block,active,0.4466245644599303,0.9132912311265969,0.23076923076923078,1.0,1.0,True,False,0.0,0.23076923076923078,2.0,False
121,unilateral,fixed_schema,0.26797473867595817,0.9479747386759582,0.26797473867595817,0.9479747386759582,0.8374210583623694,True,False,0.08,0.24,96.0,False
121,bilateral,fixed_schema,0.26797473867595817,0.9479747386759582,0.24,1.0,1.0,True,False,0.0,0.24,96.0,False
121,article_block,fixed_schema,0.26797473867595817,0.9479747386759582,0.12,1.0,1.0,True,False,0.0,0.12,96.0,False
122,unilateral,active,0.6190476190476191,1.0,0.47619047619047616,1.0,1.0,True,False,0.0,0.47619047619047616,0.0,False
122,bilateral,active,0.6190476190476191,1.0,0.6190476190476191,1.0,1.0,True,False,0.0,0.6190476190476191,0.0,False
122,article_block,active,0.6190476190476191,1.0,0.3157894736842105,1.0,1.0,True,False,0.0,0.3157894736842105,2.0,False
122,unilateral,fixed_schema,0.43333333333333335,1.0,0.3333333333333333,1.0,1.0,True,False,0.0,0.3333333333333333,91.0,False
122,bilateral,fixed_schema,0.43333333333333335,1.0,0.43333333333333335,1.0,1.0,True,False,0.0,0.43333333333333335,91.0,False
122,article_block,fixed_schema,0.43333333333333335,1.0,0.2,1.0,1.0,True,False,0.0,0.2,91.0,False
123,unilateral,active,0.8333333333333334,1.0,0.8333333333333334,1.0,1.0,True,False,0.0,0.8333333333333334,0.0,False
123,bilateral,active,0.8333333333333334,1.0,0.8333333333333334,1.0,1.0,True,False,0.0,0.8333333333333334,0.0,False
123,article_block,active,0.8333333333333334,1.0,0.5,1.0,1.0,True,False,0.0,0.5,0.0,False
123,unilateral,fixed_schema,0.4166666666666667,1.0,0.4166666666666667,1.0,1.0,True,False,0.0,0.4166666666666667,109.0,False
123,bilateral,fixed_schema,0.4166666666666667,1.0,0.4166666666666667,1.0,1.0,True,False,0.0,0.4166666666666667,109.0,False
123,article_block,fixed_schema,0.4166666666666667,1.0,0.25,1.0,1.0,True,False,0.0,0.25,109.0,False
124,unilateral,active,0.7359814169570267,0.9359814169570267,0.5333333333333333,1.0,1.0,True,False,0.0,0.5333333333333333,0.0,False
124,bilateral,active,0.7359814169570267,0.9359814169570267,0.7857142857142857,1.0,1.0,False,False,0.07142857142857142,0.7142857142857143,1.0,False
124,article_block,active,0.7359814169570267,0.9359814169570267,0.4199767711962834,0.9199767711962834,0.8399535423925668,False,False,0.08333333333333333,0.4166666666666667,3.0,False
124,unilateral,fixed_schema,0.3806800432536345,0.9668869398053586,0.27586206896551724,1.0,1.0,True,False,0.0,0.27586206896551724,92.0,False
124,bilateral,fixed_schema,0.3806800432536345,0.9668869398053586,0.3793103448275862,1.0,1.0,True,False,0.034482758620689655,0.3448275862068966,92.0,False
124,article_block,fixed_schema,0.3806800432536345,0.9668869398053586,0.17378349152949657,0.9668869398053586,0.8399535423925668,True,False,0.034482758620689655,0.1724137931034483,92.0,False
125,unilateral,active,0.2,1.0,0.2,1.0,1.0,True,False,0.0,0.2,0.0,False
125,bilateral,active,0.2,1.0,0.2,1.0,1.0,True,False,0.0,0.2,0.0,False
125,article_block,active,0.2,1.0,0.0,1.0,,True,False,0.0,0.0,3.0,False
125,unilateral,fixed_schema,0.1,1.0,0.1,1.0,1.0,True,False,0.0,0.1,111.0,False
125,bilateral,fixed_schema,0.1,1.0,0.1,1.0,1.0,True,False,0.0,0.1,111.0,False
125,article_block,fixed_schema,0.1,1.0,0.0,1.0,,True,False,0.0,0.0,111.0,False
126,unilateral,active,0.7743064861967301,0.851229563119807,0.3336236933797909,0.9169570267131243,0.8006968641114982,True,False,0.16666666666666666,0.25,1.0,False
126,bilateral,active,0.7743064861967301,0.851229563119807,0.8184985745961356,0.9094076655052266,0.9003484320557492,False,False,0.18181818181818182,0.7272727272727273,2.0,False
126,article_block,active,0.7743064861967301,0.851229563119807,0.36363636363636365,1.0,1.0,True,False,0.0,0.36363636363636365,2.0,False
126,unilateral,fixed_schema,0.45754474184352234,0.9120901963889768,0.1819765600253405,0.9547038327526132,0.8006968641114982,True,False,0.09090909090909091,0.13636363636363635,99.0,False
126,bilateral,fixed_schema,0.45754474184352234,0.9120901963889768,0.4092492872980678,0.9547038327526132,0.9003484320557492,True,False,0.09090909090909091,0.36363636363636365,99.0,False
126,article_block,fixed_schema,0.45754474184352234,0.9120901963889768,0.18181818181818182,1.0,1.0,True,False,0.0,0.18181818181818182,99.0,False
127,unilateral,active,0.746733449477352,0.8895905923344948,0.2857142857142857,1.0,1.0,True,False,0.0,0.2857142857142857,0.0,False
127,bilateral,active,0.746733449477352,0.8895905923344948,0.7357723577235773,0.9024390243902439,0.8829268292682928,True,False,0.16666666666666666,0.6666666666666666,1.0,False
127,article_block,active,0.746733449477352,0.8895905923344948,0.5,1.0,1.0,True,False,0.0,0.5,1.0,False
127,unilateral,fixed_schema,0.2375970066518847,0.964869733924612,0.09090909090909091,1.0,1.0,True,False,0.0,0.09090909090909091,99.0,False
127,bilateral,fixed_schema,0.2375970066518847,0.964869733924612,0.20066518847006654,0.9733924611973392,0.8829268292682928,True,False,0.045454545454545456,0.18181818181818182,99.0,False
127,article_block,fixed_schema,0.2375970066518847,0.964869733924612,0.13636363636363635,1.0,1.0,True,False,0.0,0.13636363636363635,99.0,False
128,unilateral,active,0.7333333333333333,1.0,0.6666666666666666,1.0,1.0,True,False,0.06666666666666667,0.6,0.0,False
128,bilateral,active,0.7333333333333333,1.0,0.7142857142857143,1.0,1.0,True,False,0.0,0.7142857142857143,1.0,False
128,article_block,active,0.7333333333333333,1.0,0.5714285714285714,1.0,1.0,True,False,0.0,0.5714285714285714,1.0,False
128,unilateral,fixed_schema,0.3548387096774194,1.0,0.3225806451612903,1.0,1.0,True,False,0.03225806451612903,0.2903225806451613,90.0,False
128,bilateral,fixed_schema,0.3548387096774194,1.0,0.3225806451612903,1.0,1.0,True,False,0.0,0.3225806451612903,90.0,False
128,article_block,fixed_schema,0.3548387096774194,1.0,0.25806451612903225,1.0,1.0,True,False,0.0,0.25806451612903225,90.0,False
129,unilateral,active,0.5,1.0,0.3333333333333333,1.0,1.0,True,False,0.3333333333333333,0.0,1.0,False
129,bilateral,active,0.5,1.0,0.3333333333333333,1.0,1.0,True,False,0.3333333333333333,0.0,1.0,False
129,article_block,active,0.5,1.0,0.0,1.0,,True,False,0.0,0.0,2.0,False
129,unilateral,fixed_schema,0.2,1.0,0.1,1.0,1.0,True,False,0.1,0.0,111.0,False
129,bilateral,fixed_schema,0.2,1.0,0.1,1.0,1.0,True,False,0.1,0.0,111.0,False
129,article_block,fixed_schema,0.2,1.0,0.0,1.0,,True,False,0.0,0.0,111.0,False
130,unilateral,active,0.8307654616724739,0.8932654616724739,0.3444831591173055,0.9444831591173055,0.8612078977932637,True,False,0.13333333333333333,0.26666666666666666,1.0,False
130,bilateral,active,0.8307654616724739,0.8932654616724739,0.8194831591173055,0.8861498257839722,0.8780176704828273,False,False,0.13333333333333333,0.8,1.0,False
130,article_block,active,0.8307654616724739,0.8932654616724739,0.5625,1.0,1.0,True,False,0.0625,0.5,0.0,False
130,unilateral,fixed_schema,0.47472312095569935,0.9390088352414135,0.18454454952712793,0.9702588352414135,0.8612078977932637,True,False,0.07142857142857142,0.14285714285714285,93.0,False
130,bilateral,fixed_schema,0.47472312095569935,0.9390088352414135,0.43900883524141365,0.9390088352414135,0.8780176704828273,True,False,0.07142857142857142,0.42857142857142855,93.0,False
130,article_block,fixed_schema,0.47472312095569935,0.9390088352414135,0.32142857142857145,1.0,1.0,True,False,0.03571428571428571,0.2857142857142857,93.0,False
131,unilateral,active,0.8,1.0,0.25,1.0,1.0,True,False,0.08333333333333333,0.16666666666666666,3.0,False
131,bilateral,active,0.8,1.0,0.8,1.0,1.0,True,False,0.2,0.6,0.0,False
131,article_block,active,0.8,1.0,0.3333333333333333,1.0,1.0,True,False,0.0,0.3333333333333333,3.0,False
131,unilateral,fixed_schema,0.3870967741935484,1.0,0.0967741935483871,1.0,1.0,True,False,0.03225806451612903,0.06451612903225806,90.0,False
131,bilateral,fixed_schema,0.3870967741935484,1.0,0.3870967741935484,1.0,1.0,True,False,0.0967741935483871,0.2903225806451613,90.0,False
131,article_block,fixed_schema,0.3870967741935484,1.0,0.12903225806451613,1.0,1.0,True,False,0.0,0.12903225806451613,90.0,False
132,unilateral,active,0.7887008461921354,0.8601294176207068,0.5,0.9285714285714286,0.875,True,False,0.14285714285714285,0.42857142857142855,0.0,False
132,bilateral,active,0.7887008461921354,0.8601294176207068,0.772447065129992,0.8493701420530689,0.8368176538908246,False,False,0.15384615384615385,0.7692307692307693,1.0,False
132,article_block,active,0.7887008461921354,0.8601294176207068,0.42857142857142855,1.0,1.0,True,False,0.0,0.42857142857142855,0.0,False
132,unilateral,fixed_schema,0.34505662020905925,0.9388066202090593,0.21875,0.96875,0.875,True,False,0.0625,0.1875,89.0,False
132,bilateral,fixed_schema,0.34505662020905925,0.9388066202090593,0.31380662020905925,0.9388066202090593,0.8368176538908246,True,False,0.0625,0.3125,89.0,False
132,article_block,fixed_schema,0.34505662020905925,0.9388066202090593,0.1875,1.0,1.0,True,False,0.0,0.1875,89.0,False
133,unilateral,active,1.0,1.0,1.0,1.0,1.0,True,False,0.0,1.0,0.0,False
133,bilateral,active,1.0,1.0,1.0,1.0,1.0,True,False,0.0,1.0,0.0,False
133,article_block,active,1.0,1.0,0.875,1.0,1.0,True,False,0.0,0.875,0.0,False
133,unilateral,fixed_schema,0.5333333333333333,1.0,0.5333333333333333,1.0,1.0,True,False,0.0,0.5333333333333333,106.0,False
133,bilateral,fixed_schema,0.5333333333333333,1.0,0.5333333333333333,1.0,1.0,True,False,0.0,0.5333333333333333,106.0,False
133,article_block,fixed_schema,0.5333333333333333,1.0,0.4666666666666667,1.0,1.0,True,False,0.0,0.4666666666666667,106.0,False
134,unilateral,active,0.3748257839721254,0.8748257839721254,0.18181818181818182,1.0,1.0,True,False,0.0,0.18181818181818182,1.0,False
134,bilateral,active,0.3748257839721254,0.8748257839721254,0.3748257839721254,0.8748257839721254,0.7496515679442508,True,False,0.16666666666666666,0.3333333333333333,0.0,False
134,article_block,active,0.3748257839721254,0.8748257839721254,0.18181818181818182,1.0,1.0,True,False,0.0,0.18181818181818182,1.0,False
134,unilateral,fixed_schema,0.3212792434046789,0.8927078148332503,0.14285714285714285,1.0,1.0,True,False,0.0,0.14285714285714285,107.0,False
134,bilateral,fixed_schema,0.3212792434046789,0.8927078148332503,0.3212792434046789,0.8927078148332503,0.7496515679442508,True,False,0.14285714285714285,0.2857142857142857,107.0,False
134,article_block,fixed_schema,0.3212792434046789,0.8927078148332503,0.14285714285714285,1.0,1.0,True,False,0.0,0.14285714285714285,107.0,False
135,unilateral,active,1.0,1.0,0.9,1.0,1.0,True,False,0.0,0.9,0.0,False
135,bilateral,active,1.0,1.0,1.0,1.0,1.0,True,False,0.0,1.0,0.0,False
135,article_block,active,1.0,1.0,0.4,1.0,1.0,True,False,0.0,0.4,0.0,False
135,unilateral,fixed_schema,0.45454545454545453,1.0,0.4090909090909091,1.0,1.0,True,False,0.0,0.4090909090909091,99.0,False
135,bilateral,fixed_schema,0.45454545454545453,1.0,0.45454545454545453,1.0,1.0,True,False,0.0,0.45454545454545453,99.0,False
135,article_block,fixed_schema,0.45454545454545453,1.0,0.18181818181818182,1.0,1.0,True,False,0.0,0.18181818181818182,99.0,False
136,unilateral,active,0.7233796296296297,0.9826388888888888,0.6153846153846154,1.0,1.0,True,False,0.0,0.6153846153846154,1.0,False
136,bilateral,active,0.7233796296296297,0.9826388888888888,0.72,1.0,1.0,True,False,0.0,0.72,2.0,False
136,article_block,active,0.7233796296296297,0.9826388888888888,0.15,1.0,1.0,True,False,0.0,0.15,7.0,False
136,unilateral,fixed_schema,0.45421511627906974,0.9890988372093024,0.37209302325581395,1.0,1.0,True,False,0.0,0.37209302325581395,78.0,False
136,bilateral,fixed_schema,0.45421511627906974,0.9890988372093024,0.4186046511627907,1.0,1.0,True,False,0.0,0.4186046511627907,78.0,False
136,article_block,fixed_schema,0.45421511627906974,0.9890988372093024,0.06976744186046512,1.0,1.0,True,False,0.0,0.06976744186046512,78.0,False
137,unilateral,active,1.0,1.0,0.8333333333333334,1.0,1.0,True,False,0.0,0.8333333333333334,0.0,False
137,bilateral,active,1.0,1.0,1.0,1.0,1.0,True,False,0.0,1.0,0.0,False
137,article_block,active,1.0,1.0,0.75,1.0,1.0,True,False,0.0,0.75,0.0,False
137,unilateral,fixed_schema,0.5714285714285714,1.0,0.47619047619047616,1.0,1.0,True,False,0.0,0.47619047619047616,100.0,False
137,bilateral,fixed_schema,0.5714285714285714,1.0,0.5714285714285714,1.0,1.0,True,False,0.0,0.5714285714285714,100.0,False
137,article_block,fixed_schema,0.5714285714285714,1.0,0.42857142857142855,1.0,1.0,True,False,0.0,0.42857142857142855,100.0,False
138,unilateral,active,0.9166666666666666,1.0,0.9166666666666666,1.0,1.0,True,False,0.08333333333333333,0.8333333333333334,0.0,False
138,bilateral,active,0.9166666666666666,1.0,0.9166666666666666,1.0,1.0,True,False,0.08333333333333333,0.8333333333333334,0.0,False
138,article_block,active,0.9166666666666666,1.0,0.25,1.0,1.0,True,False,0.08333333333333333,0.16666666666666666,0.0,False
138,unilateral,fixed_schema,0.34375,1.0,0.34375,1.0,1.0,True,False,0.03125,0.3125,89.0,False
138,bilateral,fixed_schema,0.34375,1.0,0.34375,1.0,1.0,True,False,0.03125,0.3125,89.0,False
138,article_block,fixed_schema,0.34375,1.0,0.09375,1.0,1.0,True,False,0.03125,0.0625,89.0,False
139,unilateral,active,0.7777777777777778,1.0,0.7058823529411765,1.0,1.0,True,False,0.0,0.7058823529411765,1.0,False
139,bilateral,active,0.7777777777777778,1.0,0.7777777777777778,1.0,1.0,True,False,0.05555555555555555,0.7222222222222222,0.0,False
139,article_block,active,0.7777777777777778,1.0,0.375,1.0,1.0,True,False,0.0,0.375,2.0,False
139,unilateral,fixed_schema,0.358974358974359,1.0,0.3076923076923077,1.0,1.0,True,False,0.0,0.3076923076923077,82.0,False
139,bilateral,fixed_schema,0.358974358974359,1.0,0.358974358974359,1.0,1.0,True,False,0.02564102564102564,0.3333333333333333,82.0,False
139,article_block,fixed_schema,0.358974358974359,1.0,0.15384615384615385,1.0,1.0,True,False,0.0,0.15384615384615385,82.0,False
140,unilateral,active,0.7157789945246391,0.9300647088103534,0.35714285714285715,1.0,1.0,True,False,0.0,0.35714285714285715,0.0,False
140,bilateral,active,0.7157789945246391,0.9300647088103534,0.7157789945246391,0.9300647088103534,0.9109914475768135,True,False,0.14285714285714285,0.6428571428571429,0.0,False
140,article_block,active,0.7157789945246391,0.9300647088103534,0.21428571428571427,1.0,1.0,True,False,0.0,0.21428571428571427,0.0,False
140,unilateral,fixed_schema,0.45549572378840675,0.9554957237884067,0.22727272727272727,1.0,1.0,True,False,0.0,0.22727272727272727,99.0,False
140,bilateral,fixed_schema,0.45549572378840675,0.9554957237884067,0.45549572378840675,0.9554957237884067,0.9109914475768135,True,False,0.09090909090909091,0.4090909090909091,99.0,False
140,article_block,fixed_schema,0.45549572378840675,0.9554957237884067,0.13636363636363635,1.0,1.0,True,False,0.0,0.13636363636363635,99.0,False
141,unilateral,active,0.5065766550522648,0.6065766550522648,0.16132404181184667,0.7613240418118468,0.4033101045296167,True,False,0.3,0.1,0.0,False
141,bilateral,active,0.5065766550522648,0.6065766550522648,0.562862950058072,0.6739740611691831,0.633220818815331,False,False,0.5555555555555556,0.3333333333333333,1.0,False
141,article_block,active,0.5065766550522648,0.6065766550522648,0.492595818815331,0.867595818815331,0.7881533101045296,True,False,0.25,0.375,2.0,False
141,unilateral,fixed_schema,0.23026211593284762,0.8211712068419387,0.07332910991447576,0.8915109280962938,0.4033101045296167,True,False,0.13636363636363635,0.045454545454545456,99.0,False
141,bilateral,fixed_schema,0.23026211593284762,0.8211712068419387,0.23026211593284762,0.8666257522964841,0.633220818815331,True,False,0.22727272727272727,0.13636363636363635,99.0,False
141,article_block,fixed_schema,0.23026211593284762,0.8211712068419387,0.179125752296484,0.9518530250237568,0.7881533101045296,True,False,0.09090909090909091,0.13636363636363635,99.0,False
142,unilateral,active,0.8,1.0,0.7142857142857143,1.0,1.0,True,False,0.07142857142857142,0.6428571428571429,2.0,False
142,bilateral,active,0.8,1.0,0.7692307692307693,1.0,1.0,True,False,0.0,0.7692307692307693,3.0,False
142,article_block,active,0.8,1.0,0.42857142857142855,1.0,1.0,True,False,0.14285714285714285,0.2857142857142857,2.0,False
142,unilateral,fixed_schema,0.375,1.0,0.3125,1.0,1.0,True,False,0.03125,0.28125,89.0,False
142,bilateral,fixed_schema,0.375,1.0,0.3125,1.0,1.0,True,False,0.0,0.3125,89.0,False
142,article_block,fixed_schema,0.375,1.0,0.1875,1.0,1.0,True,False,0.0625,0.125,89.0,False
143,unilateral,active,0.8177264808362369,0.9427264808362369,0.3125,1.0,1.0,True,False,0.0625,0.25,1.0,False
143,bilateral,active,0.8177264808362369,0.9427264808362369,0.805574912891986,0.9389082462253193,0.9295095148753685,False,False,0.13333333333333333,0.7333333333333333,2.0,False
143,article_block,active,0.8177264808362369,0.9427264808362369,0.2857142857142857,1.0,1.0,True,False,0.07142857142857142,0.21428571428571427,3.0,False
143,unilateral,fixed_schema,0.43612078977932633,0.9694541231126598,0.16666666666666666,1.0,1.0,True,False,0.03333333333333333,0.13333333333333333,91.0,False
143,bilateral,fixed_schema,0.43612078977932633,0.9694541231126598,0.402787456445993,0.9694541231126598,0.9295095148753685,True,False,0.06666666666666667,0.36666666666666664,91.0,False
143,article_block,fixed_schema,0.43612078977932633,0.9694541231126598,0.13333333333333333,1.0,1.0,True,False,0.03333333333333333,0.1,91.0,False
144,unilateral,active,0.7222222222222222,1.0,0.7058823529411765,1.0,1.0,True,False,0.0,0.7058823529411765,1.0,False
144,bilateral,active,0.7222222222222222,1.0,0.7222222222222222,1.0,1.0,True,False,0.0,0.7222222222222222,0.0,False
144,article_block,active,0.7222222222222222,1.0,0.3333333333333333,1.0,1.0,True,False,0.0,0.3333333333333333,3.0,False
144,unilateral,fixed_schema,0.40625,1.0,0.375,1.0,1.0,True,False,0.0,0.375,89.0,False
144,bilateral,fixed_schema,0.40625,1.0,0.40625,1.0,1.0,True,False,0.0,0.40625,89.0,False
144,article_block,fixed_schema,0.40625,1.0,0.15625,1.0,1.0,True,False,0.0,0.15625,89.0,False
145,unilateral,active,1.0,1.0,0.8148148148148148,1.0,1.0,True,False,0.0,0.8148148148148148,0.0,False
145,bilateral,active,1.0,1.0,1.0,1.0,1.0,True,False,0.0,1.0,0.0,False
145,article_block,active,1.0,1.0,0.5185185185185185,1.0,1.0,True,False,0.0,0.5185185185185185,0.0,False
145,unilateral,fixed_schema,0.6585365853658537,1.0,0.5365853658536586,1.0,1.0,True,False,0.0,0.5365853658536586,80.0,False
145,bilateral,fixed_schema,0.6585365853658537,1.0,0.6585365853658537,1.0,1.0,True,False,0.0,0.6585365853658537,80.0,False
145,article_block,fixed_schema,0.6585365853658537,1.0,0.34146341463414637,1.0,1.0,True,False,0.0,0.34146341463414637,80.0,False
146,unilateral,active,0.3867595818815331,0.8867595818815331,0.25,1.0,1.0,True,False,0.125,0.125,0.0,False
146,bilateral,active,0.3867595818815331,0.8867595818815331,0.3333333333333333,1.0,1.0,True,False,0.0,0.3333333333333333,2.0,False
146,article_block,active,0.3867595818815331,0.8867595818815331,0.16666666666666666,1.0,1.0,True,False,0.0,0.16666666666666666,2.0,False
146,unilateral,fixed_schema,0.2578397212543554,0.924506387921022,0.16666666666666666,1.0,1.0,True,False,0.08333333333333333,0.08333333333333333,109.0,False
146,bilateral,fixed_schema,0.2578397212543554,0.924506387921022,0.16666666666666666,1.0,1.0,True,False,0.0,0.16666666666666666,109.0,False
146,article_block,fixed_schema,0.2578397212543554,0.924506387921022,0.08333333333333333,1.0,1.0,True,False,0.0,0.08333333333333333,109.0,False
147,unilateral,active,0.7076609479556688,0.7743276146223355,0.5667828106852497,0.9667828106852496,0.9446380178087495,True,False,0.13333333333333333,0.4666666666666667,0.0,False
147,bilateral,active,0.7076609479556688,0.7743276146223355,0.6867795870953595,0.7582081585239309,0.7396087861026948,False,False,0.42857142857142855,0.5,1.0,False
147,article_block,active,0.7076609479556688,0.7743276146223355,0.23076923076923078,1.0,1.0,True,False,0.0,0.23076923076923078,2.0,False
147,unilateral,fixed_schema,0.48249610087886513,0.8461324645152288,0.3864428254672157,0.9773519163763066,0.9446380178087495,True,False,0.09090909090909091,0.3181818181818182,99.0,False
147,bilateral,fixed_schema,0.48249610087886513,0.8461324645152288,0.43704155542431966,0.8461324645152288,0.7396087861026948,True,False,0.2727272727272727,0.3181818181818182,99.0,False
147,article_block,fixed_schema,0.48249610087886513,0.8461324645152288,0.13636363636363635,1.0,1.0,True,False,0.0,0.13636363636363635,99.0,False
148,unilateral,active,0.610072853975293,0.8373455812480203,0.33868684668989546,0.9750504830535319,0.9313888283972125,True,False,0.13636363636363635,0.22727272727272727,0.0,False
148,bilateral,active,0.610072853975293,0.8373455812480203,0.5731764624977077,0.8363343572345499,0.7778823419611748,False,False,0.2631578947368421,0.47368421052631576,3.0,False
148,article_block,active,0.610072853975293,0.8373455812480203,0.4444444444444444,1.0,1.0,True,False,0.05555555555555555,0.3888888888888889,4.0,False
148,unilateral,fixed_schema,0.38347436535589846,0.8977600796416128,0.21288887506221998,0.9843174464907913,0.9313888283972125,True,False,0.08571428571428572,0.14285714285714285,86.0,False
148,bilateral,fixed_schema,0.38347436535589846,0.8977600796416128,0.3111529367844699,0.91115293678447,0.7778823419611748,True,False,0.14285714285714285,0.2571428571428571,86.0,False
148,article_block,fixed_schema,0.38347436535589846,0.8977600796416128,0.22857142857142856,1.0,1.0,True,False,0.02857142857142857,0.2,86.0,False
149,unilateral,active,0.6666666666666666,1.0,0.5333333333333333,1.0,1.0,True,False,0.06666666666666667,0.4666666666666667,0.0,False
149,bilateral,active,0.6666666666666666,1.0,0.6428571428571429,1.0,1.0,True,False,0.0,0.6428571428571429,1.0,False
149,article_block,active,0.6666666666666666,1.0,0.38461538461538464,1.0,1.0,True,False,0.07692307692307693,0.3076923076923077,2.0,False
149,unilateral,fixed_schema,0.30303030303030304,1.0,0.24242424242424243,1.0,1.0,True,False,0.030303030303030304,0.21212121212121213,88.0,False
149,bilateral,fixed_schema,0.30303030303030304,1.0,0.2727272727272727,1.0,1.0,True,False,0.0,0.2727272727272727,88.0,False
149,article_block,fixed_schema,0.30303030303030304,1.0,0.15151515151515152,1.0,1.0,True,False,0.030303030303030304,0.12121212121212122,88.0,False
150,unilateral,active,0.7857142857142857,0.9285714285714286,0.2857142857142857,0.9285714285714286,0.8,True,False,0.07142857142857142,0.2857142857142857,0.0,False
150,bilateral,active,0.7857142857142857,0.9285714285714286,0.8461538461538461,1.0,1.0,False,False,0.0,0.8461538461538461,1.0,False
150,article_block,active,0.7857142857142857,0.9285714285714286,0.09090909090909091,1.0,1.0,True,False,0.0,0.09090909090909091,3.0,False
150,unilateral,fixed_schema,0.44,0.96,0.16,0.96,0.8,True,False,0.04,0.16,96.0,False
150,bilateral,fixed_schema,0.44,0.96,0.44,1.0,1.0,True,False,0.0,0.44,96.0,False
150,article_block,fixed_schema,0.44,0.96,0.04,1.0,1.0,True,False,0.0,0.04,96.0,False
151,unilateral,active,0.5714285714285714,0.8571428571428571,0.5714285714285714,0.8571428571428571,0.8,True,False,0.42857142857142855,0.2857142857142857,0.0,False
151,bilateral,active,0.5714285714285714,0.8571428571428571,0.6,1.0,1.0,False,False,0.2,0.4,2.0,False
151,article_block,active,0.5714285714285714,0.8571428571428571,0.42857142857142855,1.0,1.0,True,False,0.14285714285714285,0.2857142857142857,0.0,False
151,unilateral,fixed_schema,0.3076923076923077,0.9230769230769231,0.3076923076923077,0.9230769230769231,0.8,True,False,0.23076923076923078,0.15384615384615385,108.0,False
151,bilateral,fixed_schema,0.3076923076923077,0.9230769230769231,0.23076923076923078,1.0,1.0,True,False,0.07692307692307693,0.15384615384615385,108.0,False
151,article_block,fixed_schema,0.3076923076923077,0.9230769230769231,0.23076923076923078,1.0,1.0,True,False,0.07692307692307693,0.15384615384615385,108.0,False
152,unilateral,active,0.44520243144978033,0.7060719966671717,0.3052567792758673,0.82699590971065,0.6382641748495407,True,False,0.21739130434782608,0.2608695652173913,1.0,False
152,bilateral,active,0.44520243144978033,0.7060719966671717,0.513671875,0.888671875,0.821875,False,False,0.1875,0.4375,8.0,False
152,article_block,active,0.44520243144978033,0.7060719966671717,0.09090909090909091,1.0,1.0,True,False,0.0,0.09090909090909091,13.0,False
152,unilateral,fixed_schema,0.2559913980836237,0.8309913980836237,0.1755226480836237,0.9005226480836237,0.6382641748495407,True,False,0.125,0.15,81.0,False
152,bilateral,fixed_schema,0.2559913980836237,0.8309913980836237,0.20546875,0.95546875,0.821875,True,False,0.075,0.175,81.0,False
152,article_block,fixed_schema,0.2559913980836237,0.8309913980836237,0.025,1.0,1.0,True,False,0.0,0.025,81.0,False
153,unilateral,active,0.75,1.0,0.55,1.0,1.0,True,False,0.0,0.55,0.0,False
153,bilateral,active,0.75,1.0,0.75,1.0,1.0,True,False,0.0,0.75,0.0,False
153,article_block,active,0.75,1.0,0.35294117647058826,1.0,1.0,True,False,0.0,0.35294117647058826,3.0,False
153,unilateral,fixed_schema,0.40540540540540543,1.0,0.2972972972972973,1.0,1.0,True,False,0.0,0.2972972972972973,84.0,False
153,bilateral,fixed_schema,0.40540540540540543,1.0,0.40540540540540543,1.0,1.0,True,False,0.0,0.40540540540540543,84.0,False
153,article_block,fixed_schema,0.40540540540540543,1.0,0.16216216216216217,1.0,1.0,True,False,0.0,0.16216216216216217,84.0,False
154,unilateral,active,0.42857142857142855,0.8571428571428571,0.6,0.8,0.75,False,True,0.2,0.6,2.0,False
154,bilateral,active,0.42857142857142855,0.8571428571428571,0.5,1.0,1.0,False,False,0.0,0.5,1.0,False
154,article_block,active,0.42857142857142855,0.8571428571428571,0.3333333333333333,1.0,1.0,True,False,0.0,0.3333333333333333,1.0,False
154,unilateral,fixed_schema,0.25,0.9166666666666666,0.25,0.9166666666666666,0.75,True,False,0.08333333333333333,0.25,109.0,False
154,bilateral,fixed_schema,0.25,0.9166666666666666,0.25,1.0,1.0,True,False,0.0,0.25,109.0,False
154,article_block,fixed_schema,0.25,0.9166666666666666,0.16666666666666666,1.0,1.0,True,False,0.0,0.16666666666666666,109.0,False
155,unilateral,active,0.8493782665505227,0.9493782665505227,0.55,1.0,1.0,True,False,0.0,0.55,1.0,False
155,bilateral,active,0.8493782665505227,0.9493782665505227,0.8888888888888888,1.0,1.0,False,False,0.0,0.8888888888888888,3.0,False
155,article_block,active,0.8493782665505227,0.9493782665505227,0.524671052631579,0.9983552631578947,0.996875,True,False,0.05263157894736842,0.47368421052631576,2.0,False
155,unilateral,fixed_schema,0.4718768147502904,0.9718768147502903,0.3055555555555556,1.0,1.0,True,False,0.0,0.3055555555555556,85.0,False
155,bilateral,fixed_schema,0.4718768147502904,0.9718768147502903,0.4444444444444444,1.0,1.0,True,False,0.0,0.4444444444444444,85.0,False
155,article_block,fixed_schema,0.4718768147502904,0.9718768147502903,0.2769097222222222,0.9991319444444444,0.996875,True,False,0.027777777777777776,0.25,85.0,False
156,unilateral,active,0.7200099552015928,0.8628670980587357,0.3628670980587357,0.8628670980587357,0.7257341961174714,True,False,0.14285714285714285,0.35714285714285715,0.0,False
156,bilateral,active,0.7200099552015928,0.8628670980587357,0.7753953363709462,0.9292414902171,0.9163763066202091,False,False,0.15384615384615385,0.6923076923076923,1.0,False
156,article_block,active,0.7200099552015928,0.8628670980587357,0.4166666666666667,0.9166666666666666,0.8333333333333334,True,False,0.16666666666666666,0.3333333333333333,2.0,False
156,unilateral,fixed_schema,0.33600464576074335,0.9360046457607433,0.16933797909407663,0.9360046457607433,0.7257341961174714,True,False,0.06666666666666667,0.16666666666666666,91.0,False
156,bilateral,fixed_schema,0.33600464576074335,0.9360046457607433,0.33600464576074335,0.9693379790940766,0.9163763066202091,True,False,0.06666666666666667,0.3,91.0,False
156,article_block,fixed_schema,0.33600464576074335,0.9360046457607433,0.16666666666666666,0.9666666666666667,0.8333333333333334,True,False,0.06666666666666667,0.13333333333333333,91.0,False
157,unilateral,active,0.789198606271777,0.8606271777003485,0.6191369606003753,0.849906191369606,0.8048780487804879,False,False,0.3076923076923077,0.46153846153846156,2.0,False
157,bilateral,active,0.789198606271777,0.8606271777003485,0.8226164079822617,0.9135254988913526,0.9048780487804878,False,False,0.18181818181818182,0.7272727272727273,4.0,False
157,article_block,active,0.789198606271777,0.8606271777003485,0.5,1.0,1.0,True,False,0.16666666666666666,0.3333333333333333,3.0,False
157,unilateral,fixed_schema,0.3945993031358885,0.9303135888501741,0.2874564459930314,0.9303135888501741,0.8048780487804879,True,False,0.14285714285714285,0.21428571428571427,93.0,False
157,bilateral,fixed_schema,0.3945993031358885,0.9303135888501741,0.3231707317073171,0.9660278745644598,0.9048780487804878,True,False,0.07142857142857142,0.2857142857142857,93.0,False
157,article_block,fixed_schema,0.3945993031358885,0.9303135888501741,0.21428571428571427,1.0,1.0,True,False,0.07142857142857142,0.14285714285714285,93.0,False
158,unilateral,active,0.4867412433522831,0.8551622959838621,0.38806620209059234,0.9505662020905923,0.887008461921354,True,False,0.0625,0.375,3.0,False
158,bilateral,active,0.4867412433522831,0.8551622959838621,0.45056620209059234,0.8880662020905923,0.8010065814943864,True,False,0.125,0.4375,3.0,False
158,article_block,active,0.4867412433522831,0.8551622959838621,0.3333333333333333,1.0,1.0,True,False,0.08333333333333333,0.25,7.0,False
158,unilateral,fixed_schema,0.249948206045767,0.9256238817214427,0.16781241171485073,0.9786232225256616,0.887008461921354,True,False,0.02702702702702703,0.16216216216216217,84.0,False
158,bilateral,fixed_schema,0.249948206045767,0.9256238817214427,0.19483943874187776,0.9515961954986346,0.8010065814943864,True,False,0.05405405405405406,0.1891891891891892,84.0,False
158,article_block,fixed_schema,0.249948206045767,0.9256238817214427,0.10810810810810811,1.0,1.0,True,False,0.02702702702702703,0.08108108108108109,84.0,False
159,unilateral,active,0.48882967821274853,0.8417708546833368,0.3125,1.0,1.0,True,False,0.0625,0.25,1.0,False
159,bilateral,active,0.48882967821274853,0.8417708546833368,0.46189024390243905,0.836890243902439,0.7390243902439024,False,False,0.25,0.375,1.0,False
159,article_block,active,0.48882967821274853,0.8417708546833368,0.2,1.0,1.0,True,False,0.0,0.2,2.0,False
159,unilateral,fixed_schema,0.25969076655052264,0.9159407665505227,0.15625,1.0,1.0,True,False,0.03125,0.125,89.0,False
159,bilateral,fixed_schema,0.25969076655052264,0.9159407665505227,0.23094512195121952,0.9184451219512195,0.7390243902439024,True,False,0.125,0.1875,89.0,False
159,article_block,fixed_schema,0.25969076655052264,0.9159407665505227,0.09375,1.0,1.0,True,False,0.0,0.09375,89.0,False
160,unilateral,active,0.46806039488966317,0.8013937282229966,0.30139372822299654,0.88472706155633,0.7233449477351916,True,False,0.16666666666666666,0.25,0.0,False
160,bilateral,active,0.46806039488966317,0.8013937282229966,0.5555555555555556,1.0,1.0,False,False,0.1111111111111111,0.4444444444444444,3.0,False
160,article_block,active,0.46806039488966317,0.8013937282229966,0.36363636363636365,0.9090909090909091,0.8,True,False,0.18181818181818182,0.2727272727272727,1.0,False
160,unilateral,fixed_schema,0.2808362369337979,0.880836236933798,0.1808362369337979,0.9308362369337979,0.7233449477351916,True,False,0.1,0.15,101.0,False
160,bilateral,fixed_schema,0.2808362369337979,0.880836236933798,0.25,1.0,1.0,True,False,0.05,0.2,101.0,False
160,article_block,fixed_schema,0.2808362369337979,0.880836236933798,0.2,0.95,0.8,True,False,0.1,0.15,101.0,False
161,unilateral,active,0.6539918194212998,0.9148613846386912,0.25,0.95,0.8333333333333334,True,False,0.1,0.2,3.0,False
161,bilateral,active,0.6539918194212998,0.9148613846386912,0.6520905923344948,0.9520905923344948,0.9315579890492783,True,False,0.15,0.55,3.0,False
161,article_block,active,0.6539918194212998,0.9148613846386912,0.38095238095238093,1.0,1.0,True,False,0.0,0.38095238095238093,2.0,False
161,unilateral,fixed_schema,0.38568748324845886,0.949790047351023,0.1282051282051282,0.9743589743589743,0.8333333333333334,True,False,0.05128205128205128,0.10256410256410256,82.0,False
161,bilateral,fixed_schema,0.38568748324845886,0.949790047351023,0.3344054319664076,0.9754310729920486,0.9315579890492783,True,False,0.07692307692307693,0.28205128205128205,82.0,False
161,article_block,fixed_schema,0.38568748324845886,0.949790047351023,0.20512820512820512,1.0,1.0,True,False,0.0,0.20512820512820512,82.0,False
162,unilateral,active,0.5720756595321055,0.9292185166749627,0.23076923076923078,1.0,1.0,True,False,0.0,0.23076923076923078,1.0,False
162,bilateral,active,0.5720756595321055,0.9292185166749627,0.5391584025730367,0.9237737871884213,0.8761324041811847,False,False,0.07692307692307693,0.5384615384615384,1.0,False
162,article_block,active,0.5720756595321055,0.9292185166749627,0.5,1.0,1.0,True,False,0.1,0.4,4.0,False
162,unilateral,fixed_schema,0.32036236933797907,0.9603623693379791,0.12,1.0,1.0,True,False,0.0,0.12,96.0,False
162,bilateral,fixed_schema,0.32036236933797907,0.9603623693379791,0.2803623693379791,0.9603623693379791,0.8761324041811847,True,False,0.04,0.28,96.0,False
162,article_block,fixed_schema,0.32036236933797907,0.9603623693379791,0.2,1.0,1.0,True,False,0.04,0.16,96.0,False
163,unilateral,active,0.8812121767834219,0.9338437557307904,0.7368421052631579,1.0,1.0,True,False,0.0,0.7368421052631579,0.0,False
163,bilateral,active,0.8812121767834219,0.9338437557307904,0.9162795199380565,0.971835075493612,0.9701783152285304,False,False,0.1111111111111111,0.8333333333333334,1.0,False
163,article_block,active,0.8812121767834219,0.9338437557307904,0.3125,1.0,1.0,True,False,0.0,0.3125,3.0,False
163,unilateral,fixed_schema,0.4185757839721254,0.9685757839721255,0.35,1.0,1.0,True,False,0.0,0.35,81.0,False
163,bilateral,fixed_schema,0.4185757839721254,0.9685757839721255,0.4123257839721254,0.9873257839721254,0.9701783152285304,True,False,0.05,0.375,81.0,False
163,article_block,fixed_schema,0.4185757839721254,0.9685757839721255,0.125,1.0,1.0,True,False,0.0,0.125,81.0,False
164,unilateral,active,0.6501197735191637,0.9167864401858304,0.3109936321038087,0.9661660458969122,0.9018815331010452,True,False,0.06896551724137931,0.27586206896551724,1.0,False
164,bilateral,active,0.6501197735191637,0.9167864401858304,0.6441015430562469,0.9298158287705326,0.9017421602787457,True,False,0.10714285714285714,0.6071428571428571,2.0,False
164,article_block,active,0.6501197735191637,0.9167864401858304,0.4628785848298043,0.9244170463682658,0.8596316575410652,True,False,0.07692307692307693,0.46153846153846156,4.0,False
164,unilateral,fixed_schema,0.4149700682037215,0.9468849618207429,0.19188968789383942,0.9791237304470308,0.9018815331010452,True,False,0.0425531914893617,0.1702127659574468,74.0,False
164,bilateral,fixed_schema,0.4149700682037215,0.9468849618207429,0.3837200682037215,0.9581881533101045,0.9017421602787457,True,False,0.06382978723404255,0.3617021276595745,74.0,False
164,article_block,fixed_schema,0.4149700682037215,0.9468849618207429,0.25606049373563644,0.9581881533101045,0.8596316575410652,True,False,0.0425531914893617,0.2553191489361702,74.0,False
165,unilateral,active,0.7690100430416068,0.9454806312769011,0.47058823529411764,1.0,1.0,True,False,0.0,0.47058823529411764,0.0,False
165,bilateral,active,0.7690100430416068,0.9454806312769011,0.7545731707317073,0.9420731707317073,0.9287054409005628,False,False,0.0625,0.75,1.0,False
165,article_block,active,0.7690100430416068,0.9454806312769011,0.47058823529411764,1.0,1.0,True,False,0.058823529411764705,0.4117647058823529,0.0,False
165,unilateral,fixed_schema,0.37351916376306615,0.9735191637630661,0.22857142857142856,1.0,1.0,True,False,0.0,0.22857142857142856,86.0,False
165,bilateral,fixed_schema,0.37351916376306615,0.9735191637630661,0.34494773519163763,0.9735191637630661,0.9287054409005628,True,False,0.02857142857142857,0.34285714285714286,86.0,False
165,article_block,fixed_schema,0.37351916376306615,0.9735191637630661,0.22857142857142856,1.0,1.0,True,False,0.02857142857142857,0.2,86.0,False
166,unilateral,active,1.0,1.0,0.5384615384615384,1.0,1.0,True,False,0.0,0.5384615384615384,0.0,False
166,bilateral,active,1.0,1.0,1.0,1.0,1.0,True,False,0.0,1.0,0.0,False
166,article_block,active,1.0,1.0,0.38461538461538464,1.0,1.0,True,False,0.0,0.38461538461538464,0.0,False
166,unilateral,fixed_schema,0.43333333333333335,1.0,0.23333333333333334,1.0,1.0,True,False,0.0,0.23333333333333334,91.0,False
166,bilateral,fixed_schema,0.43333333333333335,1.0,0.43333333333333335,1.0,1.0,True,False,0.0,0.43333333333333335,91.0,False
166,article_block,fixed_schema,0.43333333333333335,1.0,0.16666666666666666,1.0,1.0,True,False,0.0,0.16666666666666666,91.0,False
167,unilateral,active,0.5359175377468061,0.935917537746806,0.38461538461538464,1.0,1.0,True,False,0.0,0.38461538461538464,2.0,False
167,bilateral,active,0.5359175377468061,0.935917537746806,0.5625,0.9910714285714286,0.984375,False,False,0.07142857142857142,0.5,1.0,False
167,article_block,active,0.5359175377468061,0.935917537746806,0.2980769230769231,0.9903846153846154,0.96875,True,False,0.07692307692307693,0.23076923076923078,2.0,False
167,unilateral,fixed_schema,0.28709868093578894,0.9656701095072175,0.17857142857142858,1.0,1.0,True,False,0.0,0.17857142857142858,93.0,False
167,bilateral,fixed_schema,0.28709868093578894,0.9656701095072175,0.28125,0.9955357142857143,0.984375,True,False,0.03571428571428571,0.25,93.0,False
167,article_block,fixed_schema,0.28709868093578894,0.9656701095072175,0.13839285714285715,0.9955357142857143,0.96875,True,False,0.03571428571428571,0.10714285714285714,93.0,False
168,unilateral,active,0.5833333333333334,1.0,0.3333333333333333,1.0,1.0,True,False,0.0,0.3333333333333333,0.0,False
168,bilateral,active,0.5833333333333334,1.0,0.5833333333333334,1.0,1.0,True,False,0.0,0.5833333333333334,0.0,False
168,article_block,active,0.5833333333333334,1.0,0.6,1.0,1.0,False,True,0.0,0.6,2.0,False
168,unilateral,fixed_schema,0.3888888888888889,1.0,0.2222222222222222,1.0,1.0,True,False,0.0,0.2222222222222222,103.0,False
168,bilateral,fixed_schema,0.3888888888888889,1.0,0.3888888888888889,1.0,1.0,True,False,0.0,0.3888888888888889,103.0,False
168,article_block,fixed_schema,0.3888888888888889,1.0,0.3333333333333333,1.0,1.0,True,False,0.0,0.3333333333333333,103.0,False
169,unilateral,active,0.8181818181818182,0.9545454545454546,0.7272727272727273,0.9545454545454546,0.9411764705882353,True,False,0.045454545454545456,0.7272727272727273,0.0,False
169,bilateral,active,0.8181818181818182,0.9545454545454546,0.8181818181818182,0.9545454545454546,0.9473684210526315,True,False,0.045454545454545456,0.8181818181818182,0.0,False
169,article_block,active,0.8181818181818182,0.9545454545454546,0.4,1.0,1.0,True,False,0.0,0.4,2.0,False
169,unilateral,fixed_schema,0.5,0.9722222222222222,0.4444444444444444,0.9722222222222222,0.9411764705882353,True,False,0.027777777777777776,0.4444444444444444,85.0,False
169,bilateral,fixed_schema,0.5,0.9722222222222222,0.5,0.9722222222222222,0.9473684210526315,True,False,0.027777777777777776,0.5,85.0,False
169,article_block,fixed_schema,0.5,0.9722222222222222,0.2222222222222222,1.0,1.0,True,False,0.0,0.2222222222222222,85.0,False
170,unilateral,active,0.863477985429205,0.9543870763382959,0.49984162179284125,0.9543870763382959,0.916376306620209,True,False,0.09090909090909091,0.45454545454545453,0.0,False
170,bilateral,active,0.863477985429205,0.9543870763382959,0.8888888888888888,1.0,1.0,False,False,0.0,0.8888888888888888,2.0,False
170,article_block,active,0.863477985429205,0.9543870763382959,0.6,1.0,1.0,True,False,0.1,0.5,1.0,False
170,unilateral,fixed_schema,0.4522979923676788,0.9761075161772026,0.2618218018914883,0.9761075161772026,0.916376306620209,True,False,0.047619047619047616,0.23809523809523808,100.0,False
170,bilateral,fixed_schema,0.4522979923676788,0.9761075161772026,0.38095238095238093,1.0,1.0,True,False,0.0,0.38095238095238093,100.0,False
170,article_block,fixed_schema,0.4522979923676788,0.9761075161772026,0.2857142857142857,1.0,1.0,True,False,0.047619047619047616,0.23809523809523808,100.0,False
171,unilateral,active,0.7272727272727273,1.0,0.6363636363636364,1.0,1.0,True,False,0.0,0.6363636363636364,0.0,False
171,bilateral,active,0.7272727272727273,1.0,0.7,1.0,1.0,True,False,0.0,0.7,1.0,False
171,article_block,active,0.7272727272727273,1.0,0.5454545454545454,1.0,1.0,True,False,0.0,0.5454545454545454,0.0,False
171,unilateral,fixed_schema,0.34782608695652173,1.0,0.30434782608695654,1.0,1.0,True,False,0.0,0.30434782608695654,98.0,False
171,bilateral,fixed_schema,0.34782608695652173,1.0,0.30434782608695654,1.0,1.0,True,False,0.0,0.30434782608695654,98.0,False
171,article_block,fixed_schema,0.34782608695652173,1.0,0.2608695652173913,1.0,1.0,True,False,0.0,0.2608695652173913,98.0,False
172,unilateral,active,0.5852272727272727,0.9488636363636364,0.471875,0.971875,0.94375,True,False,0.1,0.4,1.0,False
172,bilateral,active,0.5852272727272727,0.9488636363636364,0.5243055555555556,0.96875,0.94375,True,False,0.1111111111111111,0.4444444444444444,2.0,False
172,article_block,active,0.5852272727272727,0.9488636363636364,0.2857142857142857,1.0,1.0,True,False,0.0,0.2857142857142857,4.0,False
172,unilateral,fixed_schema,0.3786764705882353,0.9669117647058824,0.2775735294117647,0.9834558823529411,0.94375,True,False,0.058823529411764705,0.23529411764705882,104.0,False
172,bilateral,fixed_schema,0.3786764705882353,0.9669117647058824,0.2775735294117647,0.9834558823529411,0.94375,True,False,0.058823529411764705,0.23529411764705882,104.0,False
172,article_block,fixed_schema,0.3786764705882353,0.9669117647058824,0.11764705882352941,1.0,1.0,True,False,0.0,0.11764705882352941,104.0,False
173,unilateral,active,0.5,1.0,0.3,1.0,1.0,True,False,0.0,0.3,1.0,False
173,bilateral,active,0.5,1.0,0.5,1.0,1.0,True,False,0.0,0.5,1.0,False
173,article_block,active,0.5,1.0,0.3333333333333333,1.0,1.0,True,False,0.0,0.3333333333333333,2.0,False
173,unilateral,fixed_schema,0.2631578947368421,1.0,0.15789473684210525,1.0,1.0,True,False,0.0,0.15789473684210525,102.0,False
173,bilateral,fixed_schema,0.2631578947368421,1.0,0.2631578947368421,1.0,1.0,True,False,0.0,0.2631578947368421,102.0,False
173,article_block,fixed_schema,0.2631578947368421,1.0,0.15789473684210525,1.0,1.0,True,False,0.0,0.15789473684210525,102.0,False
174,unilateral,active,0.8013937282229965,0.9347270615563299,0.2680603948896632,0.9347270615563299,0.8041811846689896,True,False,0.06666666666666667,0.26666666666666666,0.0,False
174,bilateral,active,0.8013937282229965,0.9347270615563299,0.8013937282229965,0.9347270615563299,0.9246850710265344,True,False,0.13333333333333333,0.7333333333333333,0.0,False
174,article_block,active,0.8013937282229965,0.9347270615563299,0.5,1.0,1.0,True,False,0.07142857142857142,0.42857142857142855,1.0,False
174,unilateral,fixed_schema,0.40069686411149824,0.967363530778165,0.1340301974448316,0.967363530778165,0.8041811846689896,True,False,0.03333333333333333,0.13333333333333333,91.0,False
174,bilateral,fixed_schema,0.40069686411149824,0.967363530778165,0.40069686411149824,0.967363530778165,0.9246850710265344,True,False,0.06666666666666667,0.36666666666666664,91.0,False
174,article_block,fixed_schema,0.40069686411149824,0.967363530778165,0.23333333333333334,1.0,1.0,True,False,0.03333333333333333,0.2,91.0,False
175,unilateral,active,0.7898559491547297,0.9009670602658408,0.34837962962962965,0.9780092592592593,0.940625,True,False,0.037037037037037035,0.3333333333333333,0.0,False
175,bilateral,active,0.7898559491547297,0.9009670602658408,0.81625,0.93625,0.9275568181818182,False,False,0.08,0.8,2.0,False
175,article_block,active,0.7898559491547297,0.9009670602658408,0.44,0.96,0.9166666666666666,True,False,0.04,0.44,2.0,False
175,unilateral,fixed_schema,0.4739135694928378,0.9405802361595044,0.20902777777777778,0.9868055555555556,0.940625,True,False,0.022222222222222223,0.2,76.0,False
175,bilateral,fixed_schema,0.4739135694928378,0.9405802361595044,0.4534722222222222,0.9645833333333333,0.9275568181818182,True,False,0.044444444444444446,0.4444444444444444,76.0,False
175,article_block,fixed_schema,0.4739135694928378,0.9405802361595044,0.24444444444444444,0.9777777777777777,0.9166666666666666,True,False,0.022222222222222223,0.24444444444444444,76.0,False
176,unilateral,active,0.8480836236933798,0.9480836236933797,0.753125,0.953125,0.94140625,True,False,0.05,0.75,0.0,False
176,bilateral,active,0.8480836236933798,0.9480836236933797,0.8823529411764706,1.0,1.0,False,False,0.0,0.8823529411764706,3.0,False
176,article_block,active,0.8480836236933798,0.9480836236933797,0.5,1.0,1.0,True,False,0.0,0.5,4.0,False
176,unilateral,fixed_schema,0.5300522648083623,0.9675522648083623,0.470703125,0.970703125,0.94140625,True,False,0.03125,0.46875,89.0,False
176,bilateral,fixed_schema,0.5300522648083623,0.9675522648083623,0.46875,1.0,1.0,True,False,0.0,0.46875,89.0,False
176,article_block,fixed_schema,0.5300522648083623,0.9675522648083623,0.25,1.0,1.0,True,False,0.0,0.25,89.0,False
177,unilateral,active,0.40290156794425086,0.7629015679442509,0.3997697859631658,0.8759602621536419,0.7631968641114983,True,False,0.19047619047619047,0.3333333333333333,4.0,False
177,bilateral,active,0.40290156794425086,0.7629015679442509,0.36199368466898957,0.8119936846689896,0.6581703357617992,True,False,0.2,0.35,5.0,False
177,article_block,active,0.40290156794425086,0.7629015679442509,0.05,1.0,1.0,True,False,0.0,0.05,5.0,False
177,unilateral,fixed_schema,0.2797927555168409,0.8353483110723965,0.2331990418118467,0.9276434862562911,0.7631968641114983,True,False,0.1111111111111111,0.19444444444444445,85.0,False
177,bilateral,fixed_schema,0.2797927555168409,0.8353483110723965,0.20110760259388308,0.8955520470383276,0.6581703357617992,True,False,0.1111111111111111,0.19444444444444445,85.0,False
177,article_block,fixed_schema,0.2797927555168409,0.8353483110723965,0.027777777777777776,1.0,1.0,True,False,0.0,0.027777777777777776,85.0,False
178,unilateral,active,0.7509407665505227,0.9509407665505227,0.47467449110581333,0.9483587016321292,0.9018815331010452,False,False,0.05263157894736842,0.47368421052631576,1.0,False
178,bilateral,active,0.7509407665505227,0.9509407665505227,0.7509407665505227,0.9509407665505227,0.9386759581881533,True,False,0.05,0.75,0.0,False
178,article_block,active,0.7509407665505227,0.9509407665505227,0.2777777777777778,1.0,1.0,True,False,0.0,0.2777777777777778,2.0,False
178,unilateral,fixed_schema,0.3952319823950119,0.9741793508160645,0.23733724555290667,0.9741793508160645,0.9018815331010452,True,False,0.02631578947368421,0.23684210526315788,83.0,False
178,bilateral,fixed_schema,0.3952319823950119,0.9741793508160645,0.3952319823950119,0.9741793508160645,0.9386759581881533,True,False,0.02631578947368421,0.39473684210526316,83.0,False
178,article_block,fixed_schema,0.3952319823950119,0.9741793508160645,0.13157894736842105,1.0,1.0,True,False,0.0,0.13157894736842105,83.0,False
179,unilateral,active,0.8420138888888888,0.8975694444444444,0.6996527777777778,0.9774305555555556,0.96875,True,False,0.027777777777777776,0.6944444444444444,0.0,False
179,bilateral,active,0.8420138888888888,0.8975694444444444,0.9128787878787878,0.9734848484848485,0.9717741935483871,False,False,0.030303030303030304,0.9090909090909091,3.0,False
179,article_block,active,0.8420138888888888,0.8975694444444444,0.3333333333333333,0.9722222222222222,0.9230769230769231,True,False,0.027777777777777776,0.3333333333333333,0.0,False
179,unilateral,fixed_schema,0.513771186440678,0.9375,0.4269067796610169,0.986228813559322,0.96875,True,False,0.01694915254237288,0.423728813559322,62.0,False
179,bilateral,fixed_schema,0.513771186440678,0.9375,0.510593220338983,0.9851694915254238,0.9717741935483871,True,False,0.01694915254237288,0.5084745762711864,62.0,False
179,article_block,fixed_schema,0.513771186440678,0.9375,0.2033898305084746,0.9830508474576272,0.9230769230769231,True,False,0.01694915254237288,0.2033898305084746,62.0,False
180,unilateral,active,0.6498257839721254,0.9623257839721254,0.5248257839721254,0.9623257839721254,0.9330236159504453,True,False,0.0625,0.5,0.0,False
180,bilateral,active,0.6498257839721254,0.9623257839721254,0.6428571428571429,1.0,1.0,True,False,0.0,0.6428571428571429,2.0,False
180,article_block,active,0.6498257839721254,0.9623257839721254,0.49314750290360043,0.9598141695702671,0.9246515679442509,False,False,0.06666666666666667,0.4666666666666667,1.0,False
180,unilateral,fixed_schema,0.305800368928059,0.9822709571633531,0.24697683951629432,0.9822709571633531,0.9330236159504453,True,False,0.029411764705882353,0.23529411764705882,87.0,False
180,bilateral,fixed_schema,0.305800368928059,0.9822709571633531,0.2647058823529412,1.0,1.0,True,False,0.0,0.2647058823529412,87.0,False
180,article_block,fixed_schema,0.305800368928059,0.9822709571633531,0.21756507481041196,0.9822709571633531,0.9246515679442509,True,False,0.029411764705882353,0.20588235294117646,87.0,False
181,unilateral,active,0.8606271777003485,0.9558652729384437,0.7653890824622532,0.9558652729384437,0.9454806312769011,True,False,0.047619047619047616,0.7619047619047619,0.0,False
181,bilateral,active,0.8606271777003485,0.9558652729384437,0.853658536585366,0.9536585365853659,0.948509485094851,False,False,0.1,0.8,1.0,False
181,article_block,active,0.8606271777003485,0.9558652729384437,0.5238095238095238,1.0,1.0,True,False,0.047619047619047616,0.47619047619047616,0.0,False
181,unilateral,fixed_schema,0.6232127838519765,0.968040370058873,0.5542472666105972,0.968040370058873,0.9454806312769011,True,False,0.034482758620689655,0.5517241379310345,92.0,False
181,bilateral,fixed_schema,0.6232127838519765,0.968040370058873,0.5887300252312868,0.968040370058873,0.948509485094851,True,False,0.06896551724137931,0.5517241379310345,92.0,False
181,article_block,fixed_schema,0.6232127838519765,0.968040370058873,0.3793103448275862,1.0,1.0,True,False,0.034482758620689655,0.3448275862068966,92.0,False
182,unilateral,active,0.7,1.0,0.625,1.0,1.0,True,False,0.25,0.375,2.0,False
182,bilateral,active,0.7,1.0,0.7,1.0,1.0,True,False,0.2,0.5,0.0,False
182,article_block,active,0.7,1.0,0.0,1.0,,True,False,0.0,0.0,2.0,False
182,unilateral,fixed_schema,0.3888888888888889,1.0,0.2777777777777778,1.0,1.0,True,False,0.1111111111111111,0.16666666666666666,103.0,False
182,bilateral,fixed_schema,0.3888888888888889,1.0,0.3888888888888889,1.0,1.0,True,False,0.1111111111111111,0.2777777777777778,103.0,False
182,article_block,fixed_schema,0.3888888888888889,1.0,0.0,1.0,,True,False,0.0,0.0,103.0,False
183,unilateral,active,0.9238809970517288,0.9238809970517288,0.5384615384615384,1.0,1.0,True,False,0.0,0.5384615384615384,1.0,False
183,bilateral,active,0.9238809970517288,0.9238809970517288,1.0,1.0,1.0,False,False,0.25,0.75,2.0,False
183,article_block,active,0.9238809970517288,0.9238809970517288,0.45454545454545453,1.0,1.0,True,False,0.09090909090909091,0.36363636363636365,3.0,False
183,unilateral,fixed_schema,0.4141535504024991,0.9658776883335336,0.2413793103448276,1.0,1.0,True,False,0.0,0.2413793103448276,92.0,False
183,bilateral,fixed_schema,0.4141535504024991,0.9658776883335336,0.41379310344827586,1.0,1.0,True,False,0.10344827586206896,0.3103448275862069,92.0,False
183,article_block,fixed_schema,0.4141535504024991,0.9658776883335336,0.1724137931034483,1.0,1.0,True,False,0.034482758620689655,0.13793103448275862,92.0,False
184,unilateral,active,1.0,1.0,1.0,1.0,1.0,True,False,0.0,1.0,0.0,False
184,bilateral,active,1.0,1.0,1.0,1.0,1.0,True,False,0.0,1.0,0.0,False
184,article_block,active,1.0,1.0,0.5,1.0,1.0,True,False,0.0,0.5,0.0,False
184,unilateral,fixed_schema,0.5,1.0,0.5,1.0,1.0,True,False,0.0,0.5,109.0,False
184,bilateral,fixed_schema,0.5,1.0,0.5,1.0,1.0,True,False,0.0,0.5,109.0,False
184,article_block,fixed_schema,0.5,1.0,0.25,1.0,1.0,True,False,0.0,0.25,109.0,False
185,unilateral,active,0.6167247386759581,0.9244170463682658,0.33478513356562134,0.9181184668989547,0.8034843205574912,False,False,0.16666666666666666,0.25,1.0,False
185,bilateral,active,0.6167247386759581,0.9244170463682658,0.6666666666666666,1.0,1.0,False,False,0.16666666666666666,0.5,1.0,False
185,article_block,active,0.6167247386759581,0.9244170463682658,0.36363636363636365,1.0,1.0,True,False,0.18181818181818182,0.18181818181818182,2.0,False
185,unilateral,fixed_schema,0.3644282546721571,0.955337345581248,0.18261007285397526,0.955337345581248,0.8034843205574912,True,False,0.09090909090909091,0.13636363636363635,99.0,False
185,bilateral,fixed_schema,0.3644282546721571,0.955337345581248,0.36363636363636365,1.0,1.0,True,False,0.09090909090909091,0.2727272727272727,99.0,False
185,article_block,fixed_schema,0.3644282546721571,0.955337345581248,0.18181818181818182,1.0,1.0,True,False,0.09090909090909091,0.09090909090909091,99.0,False
186,unilateral,active,0.8093578894972623,0.9522150323544052,0.46153846153846156,1.0,1.0,True,False,0.0,0.46153846153846156,1.0,False
186,bilateral,active,0.8093578894972623,0.9522150323544052,0.8333333333333334,1.0,1.0,False,False,0.0,0.8333333333333334,2.0,False
186,article_block,active,0.8093578894972623,0.9522150323544052,0.4166666666666667,1.0,1.0,True,False,0.0,0.4166666666666667,2.0,False
186,unilateral,fixed_schema,0.4358080943446797,0.9742696328062181,0.23076923076923078,1.0,1.0,True,False,0.0,0.23076923076923078,95.0,False
186,bilateral,fixed_schema,0.4358080943446797,0.9742696328062181,0.38461538461538464,1.0,1.0,True,False,0.0,0.38461538461538464,95.0,False
186,article_block,fixed_schema,0.4358080943446797,0.9742696328062181,0.19230769230769232,1.0,1.0,True,False,0.0,0.19230769230769232,95.0,False
187,unilateral,active,0.5454545454545454,1.0,0.5,1.0,1.0,True,False,0.1,0.4,1.0,False
187,bilateral,active,0.5454545454545454,1.0,0.5454545454545454,1.0,1.0,True,False,0.18181818181818182,0.36363636363636365,0.0,False
187,article_block,active,0.5454545454545454,1.0,0.25,1.0,1.0,True,False,0.0,0.25,3.0,False
187,unilateral,fixed_schema,0.3157894736842105,1.0,0.2631578947368421,1.0,1.0,True,False,0.05263157894736842,0.21052631578947367,102.0,False
187,bilateral,fixed_schema,0.3157894736842105,1.0,0.3157894736842105,1.0,1.0,True,False,0.10526315789473684,0.21052631578947367,102.0,False
187,article_block,fixed_schema,0.3157894736842105,1.0,0.10526315789473684,1.0,1.0,True,False,0.0,0.10526315789473684,102.0,False
188,unilateral,active,0.8,1.0,0.6923076923076923,1.0,1.0,True,False,0.15384615384615385,0.5384615384615384,4.0,False
188,bilateral,active,0.8,1.0,0.7692307692307693,1.0,1.0,True,False,0.15384615384615385,0.6153846153846154,4.0,False
188,article_block,active,0.8,1.0,0.46153846153846156,1.0,1.0,True,False,0.07692307692307693,0.38461538461538464,4.0,False
188,unilateral,fixed_schema,0.375,1.0,0.28125,1.0,1.0,True,False,0.0625,0.21875,89.0,False
188,bilateral,fixed_schema,0.375,1.0,0.3125,1.0,1.0,True,False,0.0625,0.25,89.0,False
188,article_block,fixed_schema,0.375,1.0,0.1875,1.0,1.0,True,False,0.03125,0.15625,89.0,False
189,unilateral,active,0.5459841225847323,0.8187113953120051,0.5490200348432055,0.8490200348432057,0.7843143354902936,False,False,0.25,0.45,2.0,False
189,bilateral,active,0.5459841225847323,0.8187113953120051,0.5784602512378507,0.8942497249220613,0.8454419056553204,False,False,0.21052631578947367,0.47368421052631576,3.0,False
189,article_block,active,0.5459841225847323,0.8187113953120051,0.0,1.0,,True,False,0.0,0.0,5.0,False
189,unilateral,fixed_schema,0.33365696380178084,0.8892125193573364,0.3050111304684475,0.9161222415795586,0.7843143354902936,True,False,0.1388888888888889,0.25,85.0,False
189,bilateral,fixed_schema,0.33365696380178084,0.8892125193573364,0.3052984659310879,0.9441873548199767,0.8454419056553204,True,False,0.1111111111111111,0.25,85.0,False
189,article_block,fixed_schema,0.33365696380178084,0.8892125193573364,0.0,1.0,,True,False,0.0,0.0,85.0,False
190,unilateral,active,0.6666666666666666,1.0,0.25,1.0,1.0,True,False,0.0,0.25,0.0,False
190,bilateral,active,0.6666666666666666,1.0,0.6666666666666666,1.0,1.0,True,False,0.0,0.6666666666666666,0.0,False
190,article_block,active,0.6666666666666666,1.0,0.6666666666666666,1.0,1.0,True,False,0.0,0.6666666666666666,3.0,False
190,unilateral,fixed_schema,0.36363636363636365,1.0,0.13636363636363635,1.0,1.0,True,False,0.0,0.13636363636363635,99.0,False
190,bilateral,fixed_schema,0.36363636363636365,1.0,0.36363636363636365,1.0,1.0,True,False,0.0,0.36363636363636365,99.0,False
190,article_block,fixed_schema,0.36363636363636365,1.0,0.2727272727272727,1.0,1.0,True,False,0.0,0.2727272727272727,99.0,False
191,unilateral,active,0.8005226480836237,0.9005226480836237,0.4505226480836237,0.9005226480836237,0.8191320874247704,True,False,0.15,0.4,0.0,False
191,bilateral,active,0.8005226480836237,0.9005226480836237,0.8823529411764706,1.0,1.0,False,False,0.0,0.8823529411764706,3.0,False
191,article_block,active,0.8005226480836237,0.9005226480836237,0.5,0.95,0.9090909090909091,True,False,0.1,0.45,0.0,False
191,unilateral,fixed_schema,0.45744151319064214,0.9431557989049277,0.2574415131906421,0.9431557989049277,0.8191320874247704,True,False,0.08571428571428572,0.22857142857142856,86.0,False
191,bilateral,fixed_schema,0.45744151319064214,0.9431557989049277,0.42857142857142855,1.0,1.0,True,False,0.0,0.42857142857142855,86.0,False
191,article_block,fixed_schema,0.45744151319064214,0.9431557989049277,0.2857142857142857,0.9714285714285714,0.9090909090909091,True,False,0.05714285714285714,0.2571428571428571,86.0,False
192,unilateral,active,0.6666666666666666,1.0,0.6956521739130435,1.0,1.0,False,True,0.0,0.6956521739130435,1.0,False
192,bilateral,active,0.6666666666666666,1.0,0.6666666666666666,1.0,1.0,True,False,0.0,0.6666666666666666,0.0,False
192,article_block,active,0.6666666666666666,1.0,0.36363636363636365,1.0,1.0,True,False,0.0,0.36363636363636365,2.0,False
192,unilateral,fixed_schema,0.48484848484848486,1.0,0.48484848484848486,1.0,1.0,True,False,0.0,0.48484848484848486,88.0,False
192,bilateral,fixed_schema,0.48484848484848486,1.0,0.48484848484848486,1.0,1.0,True,False,0.0,0.48484848484848486,88.0,False
192,article_block,fixed_schema,0.48484848484848486,1.0,0.24242424242424243,1.0,1.0,True,False,0.0,0.24242424242424243,88.0,False
193,unilateral,active,1.0,1.0,0.6666666666666666,1.0,1.0,True,False,0.0,0.6666666666666666,0.0,False
193,bilateral,active,1.0,1.0,1.0,1.0,1.0,True,False,0.0,1.0,0.0,False
193,article_block,active,1.0,1.0,0.6666666666666666,1.0,1.0,True,False,0.0,0.6666666666666666,0.0,False
193,unilateral,fixed_schema,0.6,1.0,0.4,1.0,1.0,True,False,0.0,0.4,106.0,False
193,bilateral,fixed_schema,0.6,1.0,0.6,1.0,1.0,True,False,0.0,0.6,106.0,False
193,article_block,fixed_schema,0.6,1.0,0.4,1.0,1.0,True,False,0.0,0.4,106.0,False
194,unilateral,active,0.6035534352171983,0.6035534352171983,0.29105343521719823,0.7196248637886269,0.509343511630097,True,False,0.2857142857142857,0.2857142857142857,0.0,False
194,bilateral,active,0.6035534352171983,0.6035534352171983,0.7029842342342342,0.7029842342342342,0.7029842342342342,False,False,0.3333333333333333,0.6666666666666666,1.0,False
194,article_block,active,0.6035534352171983,0.6035534352171983,0.3645833333333333,0.8645833333333334,0.7291666666666666,True,False,0.16666666666666666,0.3333333333333333,1.0,False
194,unilateral,fixed_schema,0.22236179192212568,0.8539407392905467,0.10723021297475725,0.8967038971852835,0.509343511630097,True,False,0.10526315789473684,0.10526315789473684,102.0,False
194,bilateral,fixed_schema,0.22236179192212568,0.8539407392905467,0.2219950213371266,0.9062055476529162,0.7029842342342342,True,False,0.10526315789473684,0.21052631578947367,102.0,False
194,article_block,fixed_schema,0.22236179192212568,0.8539407392905467,0.11513157894736842,0.9572368421052632,0.7291666666666666,True,False,0.05263157894736842,0.10526315789473684,102.0,False
195,unilateral,active,0.7617388418782147,0.9998340799734529,0.4998257839721254,0.9998257839721255,0.9996515679442508,False,False,0.05,0.45,1.0,False
195,bilateral,active,0.7617388418782147,0.9998340799734529,0.75,1.0,1.0,True,False,0.05,0.7,1.0,False
195,article_block,active,0.7617388418782147,0.9998340799734529,0.35,1.0,1.0,True,False,0.0,0.35,1.0,False
195,unilateral,fixed_schema,0.4443476577622919,0.9999032133178475,0.2776809910956252,0.9999032133178475,0.9996515679442508,True,False,0.027777777777777776,0.25,85.0,False
195,bilateral,fixed_schema,0.4443476577622919,0.9999032133178475,0.4166666666666667,1.0,1.0,True,False,0.027777777777777776,0.3888888888888889,85.0,False
195,article_block,fixed_schema,0.4443476577622919,0.9999032133178475,0.19444444444444445,1.0,1.0,True,False,0.0,0.19444444444444445,85.0,False
196,unilateral,active,0.5052567266744096,0.7830345044521874,0.4357638888888889,0.8802083333333334,0.784375,True,False,0.16666666666666666,0.3888888888888889,0.0,False
196,bilateral,active,0.5052567266744096,0.7830345044521874,0.5542247386759581,0.8875580720092915,0.8313371080139372,False,False,0.13333333333333333,0.5333333333333333,3.0,False
196,article_block,active,0.5052567266744096,0.7830345044521874,0.3333333333333333,1.0,1.0,True,False,0.0,0.3333333333333333,3.0,False
196,unilateral,fixed_schema,0.2842069087543554,0.8779569087543554,0.2451171875,0.9326171875,0.784375,True,False,0.09375,0.21875,89.0,False
196,bilateral,fixed_schema,0.2842069087543554,0.8779569087543554,0.2597928462543554,0.9472928462543554,0.8313371080139372,True,False,0.0625,0.25,89.0,False
196,article_block,fixed_schema,0.2842069087543554,0.8779569087543554,0.15625,1.0,1.0,True,False,0.0,0.15625,89.0,False
197,unilateral,active,0.5731562137049941,0.9064895470383275,0.38461538461538464,1.0,1.0,True,False,0.0,0.38461538461538464,2.0,False
197,bilateral,active,0.5731562137049941,0.9064895470383275,0.6153846153846154,1.0,1.0,False,False,0.0,0.6153846153846154,2.0,False
197,article_block,active,0.5731562137049941,0.9064895470383275,0.1111111111111111,1.0,1.0,True,False,0.0,0.1111111111111111,6.0,False
197,unilateral,fixed_schema,0.34389372822299646,0.9438937282229964,0.2,1.0,1.0,True,False,0.0,0.2,96.0,False
197,bilateral,fixed_schema,0.34389372822299646,0.9438937282229964,0.32,1.0,1.0,True,False,0.0,0.32,96.0,False
197,article_block,fixed_schema,0.34389372822299646,0.9438937282229964,0.04,1.0,1.0,True,False,0.0,0.04,96.0,False
198,unilateral,active,0.3378509940561591,0.8084392293502767,0.24519230769230768,0.9375,0.796875,True,False,0.07692307692307693,0.23076923076923078,4.0,False
198,bilateral,active,0.3378509940561591,0.8084392293502767,0.35678898083623695,0.8567889808362369,0.7135779616724739,False,False,0.1875,0.3125,1.0,False
198,article_block,active,0.3378509940561591,0.8084392293502767,0.1111111111111111,1.0,1.0,True,False,0.0,0.1111111111111111,8.0,False
198,unilateral,fixed_schema,0.21272099625758165,0.8793876629242483,0.11805555555555555,0.9699074074074074,0.796875,True,False,0.037037037037037035,0.1111111111111111,94.0,False
198,bilateral,fixed_schema,0.21272099625758165,0.8793876629242483,0.21143050716221448,0.9151342108659182,0.7135779616724739,True,False,0.1111111111111111,0.18518518518518517,94.0,False
198,article_block,fixed_schema,0.21272099625758165,0.8793876629242483,0.037037037037037035,1.0,1.0,True,False,0.0,0.037037037037037035,94.0,False
199,unilateral,active,0.5744877219180354,0.9554401028704165,0.4750871080139373,0.9750871080139373,0.9501742160278746,True,False,0.1,0.4,1.0,False
199,bilateral,active,0.5744877219180354,0.9554401028704165,0.5527232715936181,0.9737759031725656,0.9547038327526132,True,False,0.05263157894736842,0.5263157894736842,2.0,False
199,article_block,active,0.5744877219180354,0.9554401028704165,0.29411764705882354,1.0,1.0,True,False,0.0,0.29411764705882354,4.0,False
199,unilateral,fixed_schema,0.4021414053426248,0.9688080720092915,0.3167247386759582,0.9833914053426248,0.9501742160278746,True,False,0.06666666666666667,0.26666666666666666,91.0,False
199,bilateral,fixed_schema,0.4021414053426248,0.9688080720092915,0.3500580720092915,0.9833914053426248,0.9547038327526132,True,False,0.03333333333333333,0.3333333333333333,91.0,False
199,article_block,fixed_schema,0.4021414053426248,0.9688080720092915,0.16666666666666666,1.0,1.0,True,False,0.0,0.16666666666666666,91.0,False
200,unilateral,active,0.6072672971627675,0.8929815828770532,0.16666666666666666,1.0,1.0,True,False,0.0,0.16666666666666666,1.0,False
200,bilateral,active,0.6072672971627675,0.8929815828770532,0.6666666666666666,1.0,1.0,False,False,0.0,0.6666666666666666,1.0,False
200,article_block,active,0.6072672971627675,0.8929815828770532,0.6,1.0,1.0,True,False,0.0,0.6,2.0,False
200,unilateral,fixed_schema,0.22373005684944067,0.9605721621125985,0.05263157894736842,1.0,1.0,True,False,0.0,0.05263157894736842,102.0,False
200,bilateral,fixed_schema,0.22373005684944067,0.9605721621125985,0.21052631578947367,1.0,1.0,True,False,0.0,0.21052631578947367,102.0,False
200,article_block,fixed_schema,0.22373005684944067,0.9605721621125985,0.15789473684210525,1.0,1.0,True,False,0.0,0.15789473684210525,102.0,False
201,unilateral,active,0.7103914736626358,0.9456855913096947,0.25,1.0,1.0,True,False,0.0,0.25,1.0,False
201,bilateral,active,0.7103914736626358,0.9456855913096947,0.75,1.0,1.0,False,False,0.0,0.75,1.0,False
201,article_block,active,0.7103914736626358,0.9456855913096947,0.375,1.0,1.0,True,False,0.0,0.375,1.0,False
201,unilateral,fixed_schema,0.37739547038327526,0.9711454703832753,0.125,1.0,1.0,True,False,0.0,0.125,89.0,False
201,bilateral,fixed_schema,0.37739547038327526,0.9711454703832753,0.375,1.0,1.0,True,False,0.0,0.375,89.0,False
201,article_block,fixed_schema,0.37739547038327526,0.9711454703832753,0.1875,1.0,1.0,True,False,0.0,0.1875,89.0,False
202,unilateral,active,0.8,1.0,0.5925925925925926,1.0,1.0,True,False,0.037037037037037035,0.5555555555555556,5.0,False
202,bilateral,active,0.8,1.0,0.7931034482758621,1.0,1.0,True,False,0.06896551724137931,0.7241379310344828,3.0,False
202,article_block,active,0.8,1.0,0.2222222222222222,1.0,1.0,True,False,0.037037037037037035,0.18518518518518517,5.0,False
202,unilateral,fixed_schema,0.5454545454545454,1.0,0.36363636363636365,1.0,1.0,True,False,0.022727272727272728,0.3409090909090909,77.0,False
202,bilateral,fixed_schema,0.5454545454545454,1.0,0.5227272727272727,1.0,1.0,True,False,0.045454545454545456,0.4772727272727273,77.0,False
202,article_block,fixed_schema,0.5454545454545454,1.0,0.13636363636363635,1.0,1.0,True,False,0.022727272727272728,0.11363636363636363,77.0,False
203,unilateral,active,0.6875725900116144,0.9097948122338367,0.625,0.9375,0.9090909090909091,True,False,0.0625,0.625,2.0,False
203,bilateral,active,0.6875725900116144,0.9097948122338367,0.75,1.0,1.0,False,False,0.0,0.75,2.0,False
203,article_block,active,0.6875725900116144,0.9097948122338367,0.21428571428571427,0.9285714285714286,0.75,True,False,0.07142857142857142,0.21428571428571427,4.0,False
203,unilateral,fixed_schema,0.3256922794791858,0.9572712268476068,0.2631578947368421,0.9736842105263158,0.9090909090909091,True,False,0.02631578947368421,0.2631578947368421,83.0,False
203,bilateral,fixed_schema,0.3256922794791858,0.9572712268476068,0.3157894736842105,1.0,1.0,True,False,0.0,0.3157894736842105,83.0,False
203,article_block,fixed_schema,0.3256922794791858,0.9572712268476068,0.07894736842105263,0.9736842105263158,0.75,True,False,0.02631578947368421,0.07894736842105263,83.0,False
204,unilateral,active,0.7272727272727273,0.9090909090909091,0.7272727272727273,1.0,1.0,True,False,0.09090909090909091,0.6363636363636364,0.0,False
204,bilateral,active,0.7272727272727273,0.9090909090909091,0.8,1.0,1.0,False,False,0.1,0.7,1.0,False
204,article_block,active,0.7272727272727273,0.9090909090909091,0.6,1.0,1.0,True,False,0.0,0.6,1.0,False
204,unilateral,fixed_schema,0.42105263157894735,0.9473684210526315,0.42105263157894735,1.0,1.0,True,False,0.05263157894736842,0.3684210526315789,102.0,False
204,bilateral,fixed_schema,0.42105263157894735,0.9473684210526315,0.42105263157894735,1.0,1.0,True,False,0.05263157894736842,0.3684210526315789,102.0,False
204,article_block,fixed_schema,0.42105263157894735,0.9473684210526315,0.3157894736842105,1.0,1.0,True,False,0.0,0.3157894736842105,102.0,False
205,unilateral,active,1.0,1.0,0.4,1.0,1.0,True,False,0.0,0.4,0.0,False
205,bilateral,active,1.0,1.0,1.0,1.0,1.0,True,False,0.0,1.0,0.0,False
205,article_block,active,1.0,1.0,0.4,1.0,1.0,True,False,0.0,0.4,0.0,False
205,unilateral,fixed_schema,0.45454545454545453,1.0,0.18181818181818182,1.0,1.0,True,False,0.0,0.18181818181818182,99.0,False
205,bilateral,fixed_schema,0.45454545454545453,1.0,0.45454545454545453,1.0,1.0,True,False,0.0,0.45454545454545453,99.0,False
205,article_block,fixed_schema,0.45454545454545453,1.0,0.18181818181818182,1.0,1.0,True,False,0.0,0.18181818181818182,99.0,False
206,unilateral,active,1.0,1.0,0.7777777777777778,1.0,1.0,True,False,0.0,0.7777777777777778,0.0,False
206,bilateral,active,1.0,1.0,1.0,1.0,1.0,True,False,0.0,1.0,0.0,False
206,article_block,active,1.0,1.0,0.6666666666666666,1.0,1.0,True,False,0.0,0.6666666666666666,0.0,False
206,unilateral,fixed_schema,0.6,1.0,0.4666666666666667,1.0,1.0,True,False,0.0,0.4666666666666667,106.0,False
206,bilateral,fixed_schema,0.6,1.0,0.6,1.0,1.0,True,False,0.0,0.6,106.0,False
206,article_block,fixed_schema,0.6,1.0,0.4,1.0,1.0,True,False,0.0,0.4,106.0,False
207,unilateral,active,0.6470588235294118,1.0,0.375,1.0,1.0,True,False,0.125,0.25,1.0,False
207,bilateral,active,0.6470588235294118,1.0,0.5714285714285714,1.0,1.0,True,False,0.0,0.5714285714285714,3.0,False
207,article_block,active,0.6470588235294118,1.0,0.42857142857142855,1.0,1.0,True,False,0.14285714285714285,0.2857142857142857,3.0,False
207,unilateral,fixed_schema,0.4230769230769231,1.0,0.23076923076923078,1.0,1.0,True,False,0.07692307692307693,0.15384615384615385,95.0,False
207,bilateral,fixed_schema,0.4230769230769231,1.0,0.3076923076923077,1.0,1.0,True,False,0.0,0.3076923076923077,95.0,False
207,article_block,fixed_schema,0.4230769230769231,1.0,0.23076923076923078,1.0,1.0,True,False,0.07692307692307693,0.15384615384615385,95.0,False
208,unilateral,active,0.7516021652563465,0.8944593081134894,0.3076923076923077,1.0,1.0,True,False,0.0,0.3076923076923077,1.0,False
208,bilateral,active,0.7516021652563465,0.8944593081134894,0.8046100241222193,0.9584561779683731,0.9509027557808046,False,False,0.07692307692307693,0.7692307692307693,1.0,False
208,article_block,active,0.7516021652563465,0.8944593081134894,0.36363636363636365,1.0,1.0,True,False,0.0,0.36363636363636365,3.0,False
208,unilateral,fixed_schema,0.3094832445173191,0.9565420680467308,0.11764705882352941,1.0,1.0,True,False,0.0,0.11764705882352941,87.0,False
208,bilateral,fixed_schema,0.3094832445173191,0.9565420680467308,0.3076450092232015,0.9841155974584955,0.9509027557808046,True,False,0.029411764705882353,0.29411764705882354,87.0,False
208,article_block,fixed_schema,0.3094832445173191,0.9565420680467308,0.11764705882352941,1.0,1.0,True,False,0.0,0.11764705882352941,87.0,False
209,unilateral,active,0.5099481311371555,0.8281299493189738,0.42215294333394465,0.8958371538602604,0.8020905923344948,True,False,0.2631578947368421,0.2631578947368421,3.0,False
209,bilateral,active,0.5099481311371555,0.8281299493189738,0.5109973867595818,0.8998862756484708,0.8361775419702249,False,False,0.2222222222222222,0.3888888888888889,4.0,False
209,article_block,active,0.5099481311371555,0.8281299493189738,0.2795199380565234,0.8906310491676346,0.7187655550024888,True,False,0.1111111111111111,0.2777777777777778,4.0,False
209,unilateral,fixed_schema,0.3205388252862121,0.8919673967147835,0.22916874066699852,0.9434544549527129,0.8020905923344948,True,False,0.14285714285714285,0.14285714285714285,86.0,False
209,bilateral,fixed_schema,0.3205388252862121,0.8919673967147835,0.26279865604778496,0.9485129417620706,0.8361775419702249,True,False,0.11428571428571428,0.2,86.0,False
209,article_block,fixed_schema,0.3205388252862121,0.8919673967147835,0.14375311100049779,0.9437531110004976,0.7187655550024888,True,False,0.05714285714285714,0.14285714285714285,86.0,False
210,unilateral,active,1.0,1.0,0.56,1.0,1.0,True,False,0.04,0.52,1.0,False
210,bilateral,active,1.0,1.0,1.0,1.0,1.0,True,False,0.0,1.0,2.0,False
210,article_block,active,1.0,1.0,0.72,1.0,1.0,True,False,0.0,0.72,1.0,False
210,unilateral,fixed_schema,0.5102040816326531,1.0,0.2857142857142857,1.0,1.0,True,False,0.02040816326530612,0.2653061224489796,72.0,False
210,bilateral,fixed_schema,0.5102040816326531,1.0,0.4897959183673469,1.0,1.0,True,False,0.0,0.4897959183673469,72.0,False
210,article_block,fixed_schema,0.5102040816326531,1.0,0.3673469387755102,1.0,1.0,True,False,0.0,0.3673469387755102,72.0,False
211,unilateral,active,0.51171875,0.94921875,0.3458333333333333,0.9458333333333333,0.8645833333333334,False,False,0.06666666666666667,0.3333333333333333,1.0,False
211,bilateral,active,0.51171875,0.94921875,0.51171875,0.94921875,0.9097222222222222,True,False,0.0625,0.5,0.0,False
211,article_block,active,0.51171875,0.94921875,0.3076923076923077,1.0,1.0,True,False,0.0,0.3076923076923077,3.0,False
211,unilateral,fixed_schema,0.27291666666666664,0.9729166666666667,0.17291666666666666,0.9729166666666667,0.8645833333333334,True,False,0.03333333333333333,0.16666666666666666,91.0,False
211,bilateral,fixed_schema,0.27291666666666664,0.9729166666666667,0.27291666666666664,0.9729166666666667,0.9097222222222222,True,False,0.03333333333333333,0.26666666666666666,91.0,False
211,article_block,fixed_schema,0.27291666666666664,0.9729166666666667,0.13333333333333333,1.0,1.0,True,False,0.0,0.13333333333333333,91.0,False
212,unilateral,active,0.7333333333333333,1.0,0.6153846153846154,1.0,1.0,True,False,0.0,0.6153846153846154,2.0,False
212,bilateral,active,0.7333333333333333,1.0,0.7333333333333333,1.0,1.0,True,False,0.0,0.7333333333333333,0.0,False
212,article_block,active,0.7333333333333333,1.0,0.38461538461538464,1.0,1.0,True,False,0.0,0.38461538461538464,2.0,False
212,unilateral,fixed_schema,0.3333333333333333,1.0,0.24242424242424243,1.0,1.0,True,False,0.0,0.24242424242424243,88.0,False
212,bilateral,fixed_schema,0.3333333333333333,1.0,0.3333333333333333,1.0,1.0,True,False,0.0,0.3333333333333333,88.0,False
212,article_block,fixed_schema,0.3333333333333333,1.0,0.15151515151515152,1.0,1.0,True,False,0.0,0.15151515151515152,88.0,False
213,unilateral,active,0.75,1.0,0.75,1.0,1.0,True,False,0.08333333333333333,0.6666666666666666,0.0,False
213,bilateral,active,0.75,1.0,0.7272727272727273,1.0,1.0,True,False,0.0,0.7272727272727273,1.0,False
213,article_block,active,0.75,1.0,0.6363636363636364,1.0,1.0,True,False,0.0,0.6363636363636364,1.0,False
213,unilateral,fixed_schema,0.34615384615384615,1.0,0.34615384615384615,1.0,1.0,True,False,0.038461538461538464,0.3076923076923077,95.0,False
213,bilateral,fixed_schema,0.34615384615384615,1.0,0.3076923076923077,1.0,1.0,True,False,0.0,0.3076923076923077,95.0,False
213,article_block,fixed_schema,0.34615384615384615,1.0,0.2692307692307692,1.0,1.0,True,False,0.0,0.2692307692307692,95.0,False
214,unilateral,active,1.0,1.0,0.8571428571428571,1.0,1.0,True,False,0.0,0.8571428571428571,0.0,False
214,bilateral,active,1.0,1.0,1.0,1.0,1.0,True,False,0.0,1.0,0.0,False
214,article_block,active,1.0,1.0,0.5714285714285714,1.0,1.0,True,False,0.0,0.5714285714285714,0.0,False
214,unilateral,fixed_schema,0.5,1.0,0.42857142857142855,1.0,1.0,True,False,0.0,0.42857142857142855,107.0,False
214,bilateral,fixed_schema,0.5,1.0,0.5,1.0,1.0,True,False,0.0,0.5,107.0,False
214,article_block,fixed_schema,0.5,1.0,0.2857142857142857,1.0,1.0,True,False,0.0,0.2857142857142857,107.0,False
215,unilateral,active,0.7894736842105263,1.0,0.5263157894736842,1.0,1.0,True,False,0.0,0.5263157894736842,0.0,False
215,bilateral,active,0.7894736842105263,1.0,0.7894736842105263,1.0,1.0,True,False,0.0,0.7894736842105263,0.0,False
215,article_block,active,0.7894736842105263,1.0,0.6470588235294118,1.0,1.0,True,False,0.0,0.6470588235294118,2.0,False
215,unilateral,fixed_schema,0.38461538461538464,1.0,0.2564102564102564,1.0,1.0,True,False,0.0,0.2564102564102564,82.0,False
215,bilateral,fixed_schema,0.38461538461538464,1.0,0.38461538461538464,1.0,1.0,True,False,0.0,0.38461538461538464,82.0,False
215,article_block,fixed_schema,0.38461538461538464,1.0,0.28205128205128205,1.0,1.0,True,False,0.0,0.28205128205128205,82.0,False
216,unilateral,active,0.5404020722538053,0.8035599669906474,0.5404411764705882,0.8933823529411765,0.8352272727272727,False,False,0.23529411764705882,0.4117647058823529,2.0,False
216,bilateral,active,0.5404020722538053,0.8035599669906474,0.6,0.9333333333333333,0.9,False,False,0.13333333333333333,0.5333333333333333,4.0,False
216,article_block,active,0.5404020722538053,0.8035599669906474,0.3333333333333333,1.0,1.0,True,False,0.0,0.3333333333333333,4.0,False
216,unilateral,fixed_schema,0.27020103612690266,0.9017799834953237,0.24177631578947367,0.9523026315789473,0.8352272727272727,True,False,0.10526315789473684,0.18421052631578946,83.0,False
216,bilateral,fixed_schema,0.27020103612690266,0.9017799834953237,0.23684210526315788,0.9736842105263158,0.9,True,False,0.05263157894736842,0.21052631578947367,83.0,False
216,article_block,fixed_schema,0.27020103612690266,0.9017799834953237,0.13157894736842105,1.0,1.0,True,False,0.0,0.13157894736842105,83.0,False
217,unilateral,active,1.0,1.0,1.0,1.0,1.0,True,False,0.0,1.0,0.0,False
217,bilateral,active,1.0,1.0,1.0,1.0,1.0,True,False,0.0,1.0,0.0,False
217,article_block,active,1.0,1.0,0.5555555555555556,1.0,1.0,True,False,0.0,0.5555555555555556,0.0,False
217,unilateral,fixed_schema,0.5,1.0,0.5,1.0,1.0,True,False,0.0,0.5,103.0,False
217,bilateral,fixed_schema,0.5,1.0,0.5,1.0,1.0,True,False,0.0,0.5,103.0,False
217,article_block,fixed_schema,0.5,1.0,0.2777777777777778,1.0,1.0,True,False,0.0,0.2777777777777778,103.0,False
218,unilateral,active,0.6875,1.0,0.8461538461538461,1.0,1.0,False,True,0.07692307692307693,0.7692307692307693,3.0,False
218,bilateral,active,0.6875,1.0,0.6875,1.0,1.0,True,False,0.0625,0.625,0.0,False
218,article_block,active,0.6875,1.0,0.21428571428571427,1.0,1.0,True,False,0.07142857142857142,0.14285714285714285,2.0,False
218,unilateral,fixed_schema,0.39285714285714285,1.0,0.39285714285714285,1.0,1.0,True,False,0.03571428571428571,0.35714285714285715,93.0,False
218,bilateral,fixed_schema,0.39285714285714285,1.0,0.39285714285714285,1.0,1.0,True,False,0.03571428571428571,0.35714285714285715,93.0,False
218,article_block,fixed_schema,0.39285714285714285,1.0,0.10714285714285714,1.0,1.0,True,False,0.03571428571428571,0.07142857142857142,93.0,False
219,unilateral,active,0.7233796296296297,0.9826388888888888,0.6742788461538461,0.9819711538461539,0.9739583333333334,False,False,0.038461538461538464,0.6538461538461539,1.0,False
219,bilateral,active,0.7233796296296297,0.9826388888888888,0.7127403846153846,0.9819711538461539,0.975328947368421,False,False,0.038461538461538464,0.6923076923076923,1.0,False
219,article_block,active,0.7233796296296297,0.9826388888888888,0.15,1.0,1.0,True,False,0.0,0.15,7.0,False
219,unilateral,fixed_schema,0.45421511627906974,0.9890988372093024,0.407703488372093,0.9890988372093024,0.9739583333333334,True,False,0.023255813953488372,0.3953488372093023,78.0,False
219,bilateral,fixed_schema,0.45421511627906974,0.9890988372093024,0.4309593023255814,0.9890988372093024,0.975328947368421,True,False,0.023255813953488372,0.4186046511627907,78.0,False
219,article_block,fixed_schema,0.45421511627906974,0.9890988372093024,0.06976744186046512,1.0,1.0,True,False,0.0,0.06976744186046512,78.0,False
220,unilateral,active,0.8275862068965517,1.0,0.3793103448275862,1.0,1.0,True,False,0.0,0.3793103448275862,1.0,False
220,bilateral,active,0.8275862068965517,1.0,0.8275862068965517,1.0,1.0,True,False,0.034482758620689655,0.7931034482758621,1.0,False
220,article_block,active,0.8275862068965517,1.0,0.4642857142857143,1.0,1.0,True,False,0.0,0.4642857142857143,2.0,False
220,unilateral,fixed_schema,0.4897959183673469,1.0,0.22448979591836735,1.0,1.0,True,False,0.0,0.22448979591836735,72.0,False
220,bilateral,fixed_schema,0.4897959183673469,1.0,0.4897959183673469,1.0,1.0,True,False,0.02040816326530612,0.46938775510204084,72.0,False
220,article_block,fixed_schema,0.4897959183673469,1.0,0.2653061224489796,1.0,1.0,True,False,0.0,0.2653061224489796,72.0,False
221,unilateral,active,0.6510452961672474,0.9510452961672474,0.47478452228131307,0.9484687328076289,0.9020905923344948,False,False,0.15789473684210525,0.3684210526315789,2.0,False
221,bilateral,active,0.6510452961672474,0.9510452961672474,0.6666666666666666,1.0,1.0,False,False,0.05555555555555555,0.6111111111111112,3.0,False
221,article_block,active,0.6510452961672474,0.9510452961672474,0.6482885837261734,0.942406230784997,0.9184088269454124,False,True,0.11764705882352941,0.5882352941176471,4.0,False
221,unilateral,fixed_schema,0.5008040739748056,0.9623425355132672,0.34695792012865184,0.9623425355132672,0.9020905923344948,True,False,0.11538461538461539,0.2692307692307692,95.0,False
221,bilateral,fixed_schema,0.5008040739748056,0.9623425355132672,0.46153846153846156,1.0,1.0,True,False,0.038461538461538464,0.4230769230769231,95.0,False
221,article_block,fixed_schema,0.5008040739748056,0.9623425355132672,0.42388099705172877,0.9623425355132672,0.9184088269454124,True,False,0.07692307692307693,0.38461538461538464,95.0,False
222,unilateral,active,0.6,1.0,0.5333333333333333,1.0,1.0,True,False,0.06666666666666667,0.4666666666666667,0.0,False
222,bilateral,active,0.6,1.0,0.5714285714285714,1.0,1.0,True,False,0.0,0.5714285714285714,1.0,False
222,article_block,active,0.6,1.0,0.46153846153846156,1.0,1.0,True,False,0.07692307692307693,0.38461538461538464,2.0,False
222,unilateral,fixed_schema,0.375,1.0,0.3333333333333333,1.0,1.0,True,False,0.041666666666666664,0.2916666666666667,97.0,False
222,bilateral,fixed_schema,0.375,1.0,0.3333333333333333,1.0,1.0,True,False,0.0,0.3333333333333333,97.0,False
222,article_block,fixed_schema,0.375,1.0,0.25,1.0,1.0,True,False,0.041666666666666664,0.20833333333333334,97.0,False
223,unilateral,active,0.8461538461538461,1.0,0.6923076923076923,1.0,1.0,True,False,0.0,0.6923076923076923,0.0,False
223,bilateral,active,0.8461538461538461,1.0,0.8461538461538461,1.0,1.0,True,False,0.0,0.8461538461538461,0.0,False
223,article_block,active,0.8461538461538461,1.0,0.46153846153846156,1.0,1.0,True,False,0.0,0.46153846153846156,0.0,False
223,unilateral,fixed_schema,0.4583333333333333,1.0,0.375,1.0,1.0,True,False,0.0,0.375,97.0,False
223,bilateral,fixed_schema,0.4583333333333333,1.0,0.4583333333333333,1.0,1.0,True,False,0.0,0.4583333333333333,97.0,False
223,article_block,fixed_schema,0.4583333333333333,1.0,0.25,1.0,1.0,True,False,0.0,0.25,97.0,False
224,unilateral,active,0.32256866161098585,0.675509838081574,0.20792955139372823,0.8329295513937283,0.5544788037166086,True,False,0.3125,0.0625,1.0,False
224,bilateral,active,0.32256866161098585,0.675509838081574,0.29472996515679445,0.6947299651567944,0.4912166085946574,True,False,0.4,0.2,2.0,False
224,article_block,active,0.32256866161098585,0.675509838081574,0.07692307692307693,1.0,1.0,True,False,0.0,0.07692307692307693,4.0,False
224,unilateral,fixed_schema,0.17136460148083624,0.8276146014808362,0.10396477569686412,0.9164647756968641,0.5544788037166086,True,False,0.15625,0.03125,89.0,False
224,bilateral,fixed_schema,0.17136460148083624,0.8276146014808362,0.1381546711672474,0.8569046711672473,0.4912166085946574,True,False,0.1875,0.09375,89.0,False
224,article_block,fixed_schema,0.17136460148083624,0.8276146014808362,0.03125,1.0,1.0,True,False,0.0,0.03125,89.0,False
225,unilateral,active,0.7374912891986063,0.9374912891986062,0.5758835241413639,0.933026381284221,0.8958188153310105,False,False,0.07142857142857142,0.5714285714285714,1.0,False
225,bilateral,active,0.7374912891986063,0.9374912891986062,0.7187406669985067,0.933026381284221,0.9147608489071903,False,False,0.07142857142857142,0.7142857142857143,1.0,False
225,article_block,active,0.7374912891986063,0.9374912891986062,0.36159780985564954,0.933026381284221,0.8437282229965156,False,False,0.07142857142857142,0.35714285714285715,1.0,False
225,unilateral,fixed_schema,0.4097173828881146,0.9652729384436702,0.2986062717770035,0.9652729384436702,0.8958188153310105,True,False,0.037037037037037035,0.2962962962962963,94.0,False
225,bilateral,fixed_schema,0.4097173828881146,0.9652729384436702,0.37268034585107757,0.9652729384436702,0.9147608489071903,True,False,0.037037037037037035,0.37037037037037035,94.0,False
225,article_block,fixed_schema,0.4097173828881146,0.9652729384436702,0.18749516066589236,0.9652729384436702,0.8437282229965156,True,False,0.037037037037037035,0.18518518518518517,94.0,False
226,unilateral,active,0.6167247386759582,0.9500580720092916,0.3786295005807201,0.9500580720092916,0.8834688346883469,True,False,0.09523809523809523,0.3333333333333333,0.0,False
226,bilateral,active,0.6167247386759582,0.9500580720092916,0.6111111111111112,1.0,1.0,True,False,0.0,0.6111111111111112,3.0,False
226,article_block,active,0.6167247386759582,0.9500580720092916,0.3684210526315789,0.9473684210526315,0.875,False,False,0.10526315789473684,0.3157894736842105,2.0,False
226,unilateral,fixed_schema,0.4177812745869394,0.966168371361133,0.25649095200629424,0.966168371361133,0.8834688346883469,True,False,0.06451612903225806,0.22580645161290322,90.0,False
226,bilateral,fixed_schema,0.4177812745869394,0.966168371361133,0.3548387096774194,1.0,1.0,True,False,0.0,0.3548387096774194,90.0,False
226,article_block,fixed_schema,0.4177812745869394,0.966168371361133,0.22580645161290322,0.967741935483871,0.875,True,False,0.06451612903225806,0.1935483870967742,90.0,False
227,unilateral,active,0.6153846153846154,1.0,0.6363636363636364,1.0,1.0,False,True,0.0,0.6363636363636364,2.0,False
227,bilateral,active,0.6153846153846154,1.0,0.5833333333333334,1.0,1.0,True,False,0.0,0.5833333333333334,1.0,False
227,article_block,active,0.6153846153846154,1.0,0.45454545454545453,1.0,1.0,True,False,0.0,0.45454545454545453,2.0,False
227,unilateral,fixed_schema,0.24242424242424243,1.0,0.21212121212121213,1.0,1.0,True,False,0.0,0.21212121212121213,88.0,False
227,bilateral,fixed_schema,0.24242424242424243,1.0,0.21212121212121213,1.0,1.0,True,False,0.0,0.21212121212121213,88.0,False
227,article_block,fixed_schema,0.24242424242424243,1.0,0.15151515151515152,1.0,1.0,True,False,0.0,0.15151515151515152,88.0,False
228,unilateral,active,1.0,1.0,0.75,1.0,1.0,True,False,0.0,0.75,0.0,False
228,bilateral,active,1.0,1.0,1.0,1.0,1.0,True,False,0.0,1.0,0.0,False
228,article_block,active,1.0,1.0,0.375,1.0,1.0,True,False,0.0,0.375,0.0,False
228,unilateral,fixed_schema,0.6666666666666666,1.0,0.5,1.0,1.0,True,False,0.0,0.5,61.0,False
228,bilateral,fixed_schema,0.6666666666666666,1.0,0.6666666666666666,1.0,1.0,True,False,0.0,0.6666666666666666,61.0,False
228,article_block,fixed_schema,0.6666666666666666,1.0,0.25,1.0,1.0,True,False,0.0,0.25,61.0,False
229,unilateral,active,0.40899245063879214,0.8756591173054588,0.36968976145805416,0.9081512999195926,0.8009944831591174,True,False,0.23076923076923078,0.23076923076923078,2.0,False
229,bilateral,active,0.40899245063879214,0.8756591173054588,0.4297442757590841,0.9297442757590841,0.8594885515181682,False,False,0.2857142857142857,0.21428571428571427,1.0,False
229,article_block,active,0.40899245063879214,0.8756591173054588,0.14285714285714285,1.0,1.0,True,False,0.0,0.14285714285714285,8.0,False
229,unilateral,fixed_schema,0.25562028164924505,0.9222869483159117,0.20024862078977934,0.9502486207897793,0.8009944831591174,True,False,0.125,0.125,97.0,False
229,bilateral,fixed_schema,0.25562028164924505,0.9222869483159117,0.2506841608594657,0.959017494192799,0.8594885515181682,True,False,0.16666666666666666,0.125,97.0,False
229,article_block,fixed_schema,0.25562028164924505,0.9222869483159117,0.041666666666666664,1.0,1.0,True,False,0.0,0.041666666666666664,97.0,False
230,unilateral,active,0.7890625,0.9676339285714286,0.46763392857142855,0.9676339285714286,0.9352678571428571,True,False,0.03571428571428571,0.4642857142857143,2.0,False
230,bilateral,active,0.7890625,0.9676339285714286,0.78125,0.9664351851851852,0.9588068181818182,False,False,0.1111111111111111,0.7037037037037037,3.0,False
230,article_block,active,0.7890625,0.9676339285714286,0.5185185185185185,1.0,1.0,True,False,0.1111111111111111,0.4074074074074074,3.0,False
230,unilateral,fixed_schema,0.5138081395348837,0.9789244186046512,0.30450581395348836,0.9789244186046512,0.9352678571428571,True,False,0.023255813953488372,0.3023255813953488,78.0,False
230,bilateral,fixed_schema,0.5138081395348837,0.9789244186046512,0.49055232558139533,0.9789244186046512,0.9588068181818182,True,False,0.06976744186046512,0.4418604651162791,78.0,False
230,article_block,fixed_schema,0.5138081395348837,0.9789244186046512,0.32558139534883723,1.0,1.0,True,False,0.06976744186046512,0.2558139534883721,78.0,False
231,unilateral,active,1.0,1.0,0.8333333333333334,1.0,1.0,True,False,0.0,0.8333333333333334,0.0,False
231,bilateral,active,1.0,1.0,1.0,1.0,1.0,True,False,0.0,1.0,0.0,False
231,article_block,active,1.0,1.0,0.3333333333333333,1.0,1.0,True,False,0.0,0.3333333333333333,0.0,False
231,unilateral,fixed_schema,0.6,1.0,0.5,1.0,1.0,True,False,0.0,0.5,111.0,False
231,bilateral,fixed_schema,0.6,1.0,0.6,1.0,1.0,True,False,0.0,0.6,111.0,False
231,article_block,fixed_schema,0.6,1.0,0.2,1.0,1.0,True,False,0.0,0.2,111.0,False
232,unilateral,active,1.0,1.0,0.5,1.0,1.0,True,False,0.0,0.5,0.0,False
232,bilateral,active,1.0,1.0,1.0,1.0,1.0,True,False,0.0,1.0,0.0,False
232,article_block,active,1.0,1.0,0.75,1.0,1.0,True,False,0.0,0.75,0.0,False
232,unilateral,fixed_schema,0.4,1.0,0.2,1.0,1.0,True,False,0.0,0.2,101.0,False
232,bilateral,fixed_schema,0.4,1.0,0.4,1.0,1.0,True,False,0.0,0.4,101.0,False
232,article_block,fixed_schema,0.4,1.0,0.3,1.0,1.0,True,False,0.0,0.3,101.0,False
233,unilateral,active,0.4827719705768486,0.816105303910182,0.5,1.0,1.0,False,False,0.0,0.5,2.0,False
233,bilateral,active,0.4827719705768486,0.816105303910182,0.5143728222996515,0.8893728222996515,0.8229965156794424,False,False,0.125,0.5,2.0,False
233,article_block,active,0.4827719705768486,0.816105303910182,0.15384615384615385,0.8461538461538461,0.5,True,False,0.15384615384615385,0.15384615384615385,5.0,False
233,unilateral,fixed_schema,0.28966318234610916,0.8896631823461091,0.26666666666666666,1.0,1.0,True,False,0.0,0.26666666666666666,91.0,False
233,bilateral,fixed_schema,0.28966318234610916,0.8896631823461091,0.27433217189314746,0.9409988385598141,0.8229965156794424,True,False,0.06666666666666667,0.26666666666666666,91.0,False
233,article_block,fixed_schema,0.28966318234610916,0.8896631823461091,0.06666666666666667,0.9333333333333333,0.5,True,False,0.06666666666666667,0.06666666666666667,91.0,False
234,unilateral,active,0.8773342225609756,0.8773342225609756,0.3597560975609756,0.9847560975609756,0.959349593495935,True,False,0.25,0.125,2.0,False
234,bilateral,active,0.8773342225609756,0.8773342225609756,0.8715079019412643,0.8715079019412643,0.8715079019412643,False,False,0.35714285714285715,0.6428571428571429,4.0,False
234,article_block,active,0.8773342225609756,0.8773342225609756,0.4375,1.0,1.0,True,False,0.125,0.3125,2.0,False
234,unilateral,fixed_schema,0.4840464676198486,0.9323223296888142,0.1984861227922624,0.9915895710681245,0.959349593495935,True,False,0.13793103448275862,0.06896551724137931,92.0,False
234,bilateral,fixed_schema,0.4840464676198486,0.9323223296888142,0.4207279526613,0.9379693319716449,0.8715079019412643,True,False,0.1724137931034483,0.3103448275862069,92.0,False
234,article_block,fixed_schema,0.4840464676198486,0.9323223296888142,0.2413793103448276,1.0,1.0,True,False,0.06896551724137931,0.1724137931034483,92.0,False
235,unilateral,active,0.7044541231126598,0.8377874564459931,0.3044541231126597,0.8377874564459931,0.6524016923842708,True,False,0.26666666666666666,0.2,0.0,False
235,bilateral,active,0.7044541231126598,0.8377874564459931,0.7326923076923078,0.8865384615384616,0.865909090909091,False,False,0.23076923076923078,0.6153846153846154,2.0,False
235,article_block,active,0.7044541231126598,0.8377874564459931,0.2887008461921354,0.9315579890492783,0.808362369337979,True,False,0.14285714285714285,0.21428571428571427,1.0,False
235,unilateral,fixed_schema,0.3107885837261734,0.9284356425497028,0.13431799549087928,0.9284356425497028,0.6524016923842708,True,False,0.11764705882352941,0.08823529411764706,87.0,False
235,bilateral,fixed_schema,0.3107885837261734,0.9284356425497028,0.2801470588235294,0.9566176470588235,0.865909090909091,True,False,0.08823529411764706,0.23529411764705882,87.0,False
235,article_block,fixed_schema,0.3107885837261734,0.9284356425497028,0.11887681902029103,0.9718179954908793,0.808362369337979,True,False,0.058823529411764705,0.08823529411764706,87.0,False
236,unilateral,active,0.5507760532150776,0.9144124168514413,0.625,1.0,1.0,False,False,0.0,0.625,3.0,False
236,bilateral,active,0.5507760532150776,0.9144124168514413,0.5058536585365854,0.9058536585365854,0.843089430894309,False,False,0.1,0.5,1.0,False
236,article_block,active,0.5507760532150776,0.9144124168514413,0.4444444444444444,1.0,1.0,True,False,0.0,0.4444444444444444,2.0,False
236,unilateral,fixed_schema,0.37865853658536586,0.9411585365853659,0.3125,1.0,1.0,True,False,0.0,0.3125,105.0,False
236,bilateral,fixed_schema,0.37865853658536586,0.9411585365853659,0.31615853658536586,0.9411585365853659,0.843089430894309,True,False,0.0625,0.3125,105.0,False
236,article_block,fixed_schema,0.37865853658536586,0.9411585365853659,0.25,1.0,1.0,True,False,0.0,0.25,105.0,False
237,unilateral,active,1.0,1.0,0.6,1.0,1.0,True,False,0.0,0.6,0.0,False
237,bilateral,active,1.0,1.0,1.0,1.0,1.0,True,False,0.0,1.0,0.0,False
237,article_block,active,1.0,1.0,0.4,1.0,1.0,True,False,0.0,0.4,0.0,False
237,unilateral,fixed_schema,0.5,1.0,0.3,1.0,1.0,True,False,0.0,0.3,101.0,False
237,bilateral,fixed_schema,0.5,1.0,0.5,1.0,1.0,True,False,0.0,0.5,101.0,False
237,article_block,fixed_schema,0.5,1.0,0.2,1.0,1.0,True,False,0.0,0.2,101.0,False
238,unilateral,active,0.85,1.0,0.631578947368421,1.0,1.0,True,False,0.0,0.631578947368421,1.0,False
238,bilateral,active,0.85,1.0,0.85,1.0,1.0,True,False,0.05,0.8,0.0,False
238,article_block,active,0.85,1.0,0.42105263157894735,1.0,1.0,True,False,0.05263157894736842,0.3684210526315789,1.0,False
238,unilateral,fixed_schema,0.4473684210526316,1.0,0.3157894736842105,1.0,1.0,True,False,0.0,0.3157894736842105,83.0,False
238,bilateral,fixed_schema,0.4473684210526316,1.0,0.4473684210526316,1.0,1.0,True,False,0.02631578947368421,0.42105263157894735,83.0,False
238,article_block,fixed_schema,0.4473684210526316,1.0,0.21052631578947367,1.0,1.0,True,False,0.02631578947368421,0.18421052631578946,83.0,False
239,unilateral,active,0.4,1.0,0.3333333333333333,1.0,1.0,True,False,0.0,0.3333333333333333,1.0,False
239,bilateral,active,0.4,1.0,0.3333333333333333,1.0,1.0,True,False,0.0,0.3333333333333333,1.0,False
239,article_block,active,0.4,1.0,0.16666666666666666,1.0,1.0,True,False,0.0,0.16666666666666666,4.0,False
239,unilateral,fixed_schema,0.2857142857142857,1.0,0.21428571428571427,1.0,1.0,True,False,0.0,0.21428571428571427,107.0,False
239,bilateral,fixed_schema,0.2857142857142857,1.0,0.21428571428571427,1.0,1.0,True,False,0.0,0.21428571428571427,107.0,False
239,article_block,fixed_schema,0.2857142857142857,1.0,0.07142857142857142,1.0,1.0,True,False,0.0,0.07142857142857142,107.0,False
240,unilateral,active,0.8,1.0,0.8,1.0,1.0,True,False,0.0,0.8,0.0,False
240,bilateral,active,0.8,1.0,0.8,1.0,1.0,True,False,0.0,0.8,0.0,False
240,article_block,active,0.8,1.0,0.058823529411764705,1.0,1.0,True,False,0.0,0.058823529411764705,3.0,False
240,unilateral,fixed_schema,0.4444444444444444,1.0,0.4444444444444444,1.0,1.0,True,False,0.0,0.4444444444444444,85.0,False
240,bilateral,fixed_schema,0.4444444444444444,1.0,0.4444444444444444,1.0,1.0,True,False,0.0,0.4444444444444444,85.0,False
240,article_block,fixed_schema,0.4444444444444444,1.0,0.027777777777777776,1.0,1.0,True,False,0.0,0.027777777777777776,85.0,False
241,unilateral,active,0.7142857142857143,1.0,0.6923076923076923,1.0,1.0,True,False,0.07692307692307693,0.6153846153846154,1.0,False
241,bilateral,active,0.7142857142857143,1.0,0.6923076923076923,1.0,1.0,True,False,0.0,0.6923076923076923,1.0,False
241,article_block,active,0.7142857142857143,1.0,0.38461538461538464,1.0,1.0,True,False,0.07692307692307693,0.3076923076923077,1.0,False
241,unilateral,fixed_schema,0.35714285714285715,1.0,0.32142857142857145,1.0,1.0,True,False,0.03571428571428571,0.2857142857142857,93.0,False
241,bilateral,fixed_schema,0.35714285714285715,1.0,0.32142857142857145,1.0,1.0,True,False,0.0,0.32142857142857145,93.0,False
241,article_block,fixed_schema,0.35714285714285715,1.0,0.17857142857142858,1.0,1.0,True,False,0.03571428571428571,0.14285714285714285,93.0,False
242,unilateral,active,0.7553051200154859,0.8664162311265969,0.6441940089043747,0.8664162311265969,0.8282494400199104,True,False,0.16666666666666666,0.6111111111111112,0.0,False
242,bilateral,active,0.7553051200154859,0.8664162311265969,0.818359375,0.943359375,0.9352678571428571,False,False,0.125,0.75,2.0,False
242,article_block,active,0.7553051200154859,0.8664162311265969,0.35294117647058826,1.0,1.0,True,False,0.058823529411764705,0.29411764705882354,1.0,False
242,unilateral,fixed_schema,0.4248591300087108,0.9248591300087108,0.3623591300087108,0.9248591300087108,0.8282494400199104,True,False,0.09375,0.34375,89.0,False
242,bilateral,fixed_schema,0.4248591300087108,0.9248591300087108,0.4091796875,0.9716796875,0.9352678571428571,True,False,0.0625,0.375,89.0,False
242,article_block,fixed_schema,0.4248591300087108,0.9248591300087108,0.1875,1.0,1.0,True,False,0.03125,0.15625,89.0,False
243,unilateral,active,1.0,1.0,0.8571428571428571,1.0,1.0,True,False,0.14285714285714285,0.7142857142857143,1.0,False
243,bilateral,active,1.0,1.0,1.0,1.0,1.0,True,False,0.0,1.0,2.0,False
243,article_block,active,1.0,1.0,0.42857142857142855,1.0,1.0,True,False,0.14285714285714285,0.2857142857142857,1.0,False
243,unilateral,fixed_schema,0.4375,1.0,0.375,1.0,1.0,True,False,0.0625,0.3125,105.0,False
243,bilateral,fixed_schema,0.4375,1.0,0.375,1.0,1.0,True,False,0.0,0.375,105.0,False
243,article_block,fixed_schema,0.4375,1.0,0.1875,1.0,1.0,True,False,0.0625,0.125,105.0,False
244,unilateral,active,0.6325477114349065,0.8598204387076339,0.20439202565726955,0.931664752929997,0.7494374274099883,True,False,0.09090909090909091,0.18181818181818182,0.0,False
244,bilateral,active,0.6325477114349065,0.8598204387076339,0.6645524825783972,0.9145524825783973,0.8860699767711963,False,False,0.2,0.55,2.0,False
244,article_block,active,0.6325477114349065,0.8598204387076339,0.0,1.0,,True,False,0.0,0.0,8.0,False
244,unilateral,fixed_schema,0.3662118329359985,0.9188434118833669,0.11833222538052447,0.9604374885384191,0.7494374274099883,True,False,0.05263157894736842,0.10526315789473684,83.0,False
244,bilateral,fixed_schema,0.3662118329359985,0.9188434118833669,0.34976446451494586,0.9550276224096828,0.8860699767711963,True,False,0.10526315789473684,0.2894736842105263,83.0,False
244,article_block,fixed_schema,0.3662118329359985,0.9188434118833669,0.0,1.0,,True,False,0.0,0.0,83.0,False
245,unilateral,active,0.6451612903225806,0.967741935483871,0.4827586206896552,1.0,1.0,True,False,0.0,0.4827586206896552,2.0,False
245,bilateral,active,0.6451612903225806,0.967741935483871,0.6451612903225806,0.967741935483871,0.9523809523809523,True,False,0.03225806451612903,0.6451612903225806,0.0,False
245,article_block,active,0.6451612903225806,0.967741935483871,0.3793103448275862,0.9655172413793104,0.9166666666666666,False,False,0.034482758620689655,0.3793103448275862,2.0,False
245,unilateral,fixed_schema,0.5,0.975,0.35,1.0,1.0,True,False,0.0,0.35,81.0,False
245,bilateral,fixed_schema,0.5,0.975,0.5,0.975,0.9523809523809523,True,False,0.025,0.5,81.0,False
245,article_block,fixed_schema,0.5,0.975,0.275,0.975,0.9166666666666666,True,False,0.025,0.275,81.0,False
246,unilateral,active,0.8461538461538461,1.0,0.46153846153846156,1.0,1.0,True,False,0.0,0.46153846153846156,0.0,False
246,bilateral,active,0.8461538461538461,1.0,0.8461538461538461,1.0,1.0,True,False,0.0,0.8461538461538461,0.0,False
246,article_block,active,0.8461538461538461,1.0,0.5384615384615384,1.0,1.0,True,False,0.0,0.5384615384615384,0.0,False
246,unilateral,fixed_schema,0.36666666666666664,1.0,0.2,1.0,1.0,True,False,0.0,0.2,91.0,False
246,bilateral,fixed_schema,0.36666666666666664,1.0,0.36666666666666664,1.0,1.0,True,False,0.0,0.36666666666666664,91.0,False
246,article_block,fixed_schema,0.36666666666666664,1.0,0.23333333333333334,1.0,1.0,True,False,0.0,0.23333333333333334,91.0,False
247,unilateral,active,1.0,1.0,0.5384615384615384,1.0,1.0,True,False,0.0,0.5384615384615384,0.0,False
247,bilateral,active,1.0,1.0,1.0,1.0,1.0,True,False,0.0,1.0,0.0,False
247,article_block,active,1.0,1.0,0.6923076923076923,1.0,1.0,True,False,0.0,0.6923076923076923,0.0,False
247,unilateral,fixed_schema,0.5,1.0,0.2692307692307692,1.0,1.0,True,False,0.0,0.2692307692307692,95.0,False
247,bilateral,fixed_schema,0.5,1.0,0.5,1.0,1.0,True,False,0.0,0.5,95.0,False
247,article_block,fixed_schema,0.5,1.0,0.34615384615384615,1.0,1.0,True,False,0.0,0.34615384615384615,95.0,False
248,unilateral,active,0.5950611919602647,0.75295592880237,0.30974264705882354,0.8391544117647058,0.658203125,True,False,0.17647058823529413,0.29411764705882354,2.0,False
248,bilateral,active,0.5950611919602647,0.75295592880237,0.6900336029528144,0.8775336029528144,0.8492721267111562,False,False,0.1875,0.625,3.0,False
248,article_block,active,0.5950611919602647,0.75295592880237,0.1779513888888889,0.9557291666666666,0.80078125,True,False,0.05555555555555555,0.16666666666666666,1.0,False
248,unilateral,fixed_schema,0.376872088241501,0.8435387549081678,0.17552083333333332,0.9088541666666666,0.658203125,True,False,0.1,0.16666666666666666,91.0,False
248,bilateral,fixed_schema,0.376872088241501,0.8435387549081678,0.3680179215748343,0.934684588241501,0.8492721267111562,True,False,0.1,0.3333333333333333,91.0,False
248,article_block,fixed_schema,0.376872088241501,0.8435387549081678,0.10677083333333333,0.9734375,0.80078125,True,False,0.03333333333333333,0.1,91.0,False
249,unilateral,active,0.5833333333333334,1.0,0.3333333333333333,1.0,1.0,True,False,0.0,0.3333333333333333,0.0,False
249,bilateral,active,0.5833333333333334,1.0,0.5833333333333334,1.0,1.0,True,False,0.0,0.5833333333333334,0.0,False
249,article_block,active,0.5833333333333334,1.0,0.4,1.0,1.0,True,False,0.0,0.4,2.0,False
249,unilateral,fixed_schema,0.3333333333333333,1.0,0.19047619047619047,1.0,1.0,True,False,0.0,0.19047619047619047,100.0,False
249,bilateral,fixed_schema,0.3333333333333333,1.0,0.3333333333333333,1.0,1.0,True,False,0.0,0.3333333333333333,100.0,False
249,article_block,fixed_schema,0.3333333333333333,1.0,0.19047619047619047,1.0,1.0,True,False,0.0,0.19047619047619047,100.0,False
250,unilateral,active,0.3986846131933327,0.8769454827585501,0.35639671283783786,0.9563967128378378,0.8909917820945946,True,False,0.15,0.25,3.0,False
250,bilateral,active,0.3986846131933327,0.8769454827585501,0.38294342127094744,0.9067529450804712,0.8041811846689896,True,False,0.23809523809523808,0.23809523809523808,2.0,False
250,article_block,active,0.3986846131933327,0.8769454827585501,0.07142857142857142,1.0,1.0,True,False,0.0,0.07142857142857142,9.0,False
250,unilateral,fixed_schema,0.24783097576882843,0.9235066514445042,0.19264687180423667,0.9764306555880206,0.8909917820945946,True,False,0.08108108108108109,0.13513513513513514,84.0,False
250,bilateral,fixed_schema,0.24783097576882843,0.9235066514445042,0.21734626612675395,0.9470759958564837,0.8041811846689896,True,False,0.13513513513513514,0.13513513513513514,84.0,False
250,article_block,fixed_schema,0.24783097576882843,0.9235066514445042,0.02702702702702703,1.0,1.0,True,False,0.0,0.02702702702702703,84.0,False
251,unilateral,active,0.6809895833333334,0.9309895833333334,0.6393229166666666,0.97265625,0.958984375,True,False,0.041666666666666664,0.625,0.0,False
251,bilateral,active,0.6809895833333334,0.9309895833333334,0.6809895833333334,0.9309895833333334,0.9079861111111112,True,False,0.08333333333333333,0.6666666666666666,0.0,False
251,article_block,active,0.6809895833333334,0.9309895833333334,0.15789473684210525,1.0,1.0,True,False,0.0,0.15789473684210525,5.0,False
251,unilateral,fixed_schema,0.40859375,0.95859375,0.38359375,0.98359375,0.958984375,True,False,0.025,0.375,81.0,False
251,bilateral,fixed_schema,0.40859375,0.95859375,0.40859375,0.95859375,0.9079861111111112,True,False,0.05,0.4,81.0,False
251,article_block,fixed_schema,0.40859375,0.95859375,0.075,1.0,1.0,True,False,0.0,0.075,81.0,False
252,unilateral,active,1.0,1.0,0.6153846153846154,1.0,1.0,True,False,0.07692307692307693,0.5384615384615384,0.0,False
252,bilateral,active,1.0,1.0,1.0,1.0,1.0,True,False,0.0,1.0,1.0,False
252,article_block,active,1.0,1.0,0.16666666666666666,1.0,1.0,True,False,0.0,0.16666666666666666,1.0,False
252,unilateral,fixed_schema,0.4642857142857143,1.0,0.2857142857142857,1.0,1.0,True,False,0.03571428571428571,0.25,93.0,False
252,bilateral,fixed_schema,0.4642857142857143,1.0,0.42857142857142855,1.0,1.0,True,False,0.0,0.42857142857142855,93.0,False
252,article_block,fixed_schema,0.4642857142857143,1.0,0.07142857142857142,1.0,1.0,True,False,0.0,0.07142857142857142,93.0,False
253,unilateral,active,0.6842105263157895,1.0,0.5,1.0,1.0,True,False,0.0,0.5,3.0,False
253,bilateral,active,0.6842105263157895,1.0,0.6842105263157895,1.0,1.0,True,False,0.05263157894736842,0.631578947368421,0.0,False
253,article_block,active,0.6842105263157895,1.0,0.5,1.0,1.0,True,False,0.0625,0.4375,3.0,False
253,unilateral,fixed_schema,0.34210526315789475,1.0,0.21052631578947367,1.0,1.0,True,False,0.0,0.21052631578947367,83.0,False
253,bilateral,fixed_schema,0.34210526315789475,1.0,0.34210526315789475,1.0,1.0,True,False,0.02631578947368421,0.3157894736842105,83.0,False
253,article_block,fixed_schema,0.34210526315789475,1.0,0.21052631578947367,1.0,1.0,True,False,0.02631578947368421,0.18421052631578946,83.0,False
254,unilateral,active,0.7272727272727273,1.0,0.47619047619047616,1.0,1.0,True,False,0.0,0.47619047619047616,1.0,False
254,bilateral,active,0.7272727272727273,1.0,0.7142857142857143,1.0,1.0,True,False,0.0,0.7142857142857143,1.0,False
254,article_block,active,0.7272727272727273,1.0,0.3684210526315789,1.0,1.0,True,False,0.0,0.3684210526315789,3.0,False
254,unilateral,fixed_schema,0.37209302325581395,1.0,0.23255813953488372,1.0,1.0,True,False,0.0,0.23255813953488372,78.0,False
254,bilateral,fixed_schema,0.37209302325581395,1.0,0.3488372093023256,1.0,1.0,True,False,0.0,0.3488372093023256,78.0,False
254,article_block,fixed_schema,0.37209302325581395,1.0,0.16279069767441862,1.0,1.0,True,False,0.0,0.16279069767441862,78.0,False
255,unilateral,active,0.8979648400380107,0.8979648400380107,0.8181818181818182,1.0,1.0,True,False,0.0,0.8181818181818182,0.0,False
255,bilateral,active,0.8979648400380107,0.8979648400380107,0.9752613240418118,0.9752613240418118,0.9752613240418118,False,False,0.1,0.9,1.0,False
255,article_block,active,0.8979648400380107,0.8979648400380107,0.43205574912891986,0.9775102945834653,0.9505226480836237,True,False,0.09090909090909091,0.36363636363636365,0.0,False
255,unilateral,fixed_schema,0.37990820155454297,0.95683127847762,0.34615384615384615,1.0,1.0,True,False,0.0,0.34615384615384615,95.0,False
255,bilateral,fixed_schema,0.37990820155454297,0.95683127847762,0.3751005092468507,0.9904851246314661,0.9752613240418118,True,False,0.038461538461538464,0.34615384615384615,95.0,False
255,article_block,fixed_schema,0.37990820155454297,0.95683127847762,0.18279281693915841,0.9904851246314661,0.9505226480836237,True,False,0.038461538461538464,0.15384615384615385,95.0,False
256,unilateral,active,1.0,1.0,0.7105263157894737,1.0,1.0,True,False,0.0,0.7105263157894737,0.0,False
256,bilateral,active,1.0,1.0,1.0,1.0,1.0,True,False,0.0,1.0,0.0,False
256,article_block,active,1.0,1.0,0.6052631578947368,1.0,1.0,True,False,0.0,0.6052631578947368,0.0,False
256,unilateral,fixed_schema,0.7037037037037037,1.0,0.5,1.0,1.0,True,False,0.0,0.5,67.0,False
256,bilateral,fixed_schema,0.7037037037037037,1.0,0.7037037037037037,1.0,1.0,True,False,0.0,0.7037037037037037,67.0,False
256,article_block,fixed_schema,0.7037037037037037,1.0,0.42592592592592593,1.0,1.0,True,False,0.0,0.42592592592592593,67.0,False
257,unilateral,active,0.8006968641114982,0.9506968641114982,0.35,1.0,1.0,True,False,0.0,0.35,0.0,False
257,bilateral,active,0.8006968641114982,0.9506968641114982,0.7902072253805246,0.9481019622226297,0.9383710801393729,False,False,0.05263157894736842,0.7894736842105263,1.0,False
257,article_block,active,0.8006968641114982,0.9506968641114982,0.47368421052631576,1.0,1.0,True,False,0.05263157894736842,0.42105263157894735,1.0,False
257,unilateral,fixed_schema,0.5004355400696864,0.9691855400696864,0.21875,1.0,1.0,True,False,0.0,0.21875,89.0,False
257,bilateral,fixed_schema,0.5004355400696864,0.9691855400696864,0.46918554006968644,0.9691855400696864,0.9383710801393729,True,False,0.03125,0.46875,89.0,False
257,article_block,fixed_schema,0.5004355400696864,0.9691855400696864,0.28125,1.0,1.0,True,False,0.03125,0.25,89.0,False
258,unilateral,active,1.0,1.0,0.75,1.0,1.0,True,False,0.0,0.75,0.0,False
258,bilateral,active,1.0,1.0,1.0,1.0,1.0,True,False,0.0,1.0,0.0,False
258,article_block,active,1.0,1.0,0.25,1.0,1.0,True,False,0.0,0.25,0.0,False
258,unilateral,fixed_schema,0.5,1.0,0.375,1.0,1.0,True,False,0.0,0.375,113.0,False
258,bilateral,fixed_schema,0.5,1.0,0.5,1.0,1.0,True,False,0.0,0.5,113.0,False
258,article_block,fixed_schema,0.5,1.0,0.125,1.0,1.0,True,False,0.0,0.125,113.0,False
259,unilateral,active,0.8963815789473685,0.9490131578947368,0.5692567567567568,0.9746621621621622,0.9573863636363636,True,False,0.05405405405405406,0.5405405405405406,1.0,False
259,bilateral,active,0.8963815789473685,0.9490131578947368,0.9444444444444444,1.0,1.0,False,False,0.05555555555555555,0.8888888888888888,2.0,False
259,article_block,active,0.8963815789473685,0.9490131578947368,0.2894736842105263,0.9736842105263158,0.9166666666666666,True,False,0.02631578947368421,0.2894736842105263,0.0,False
259,unilateral,fixed_schema,0.5975877192982456,0.9660087719298246,0.36951754385964913,0.9835526315789473,0.9573863636363636,True,False,0.03508771929824561,0.3508771929824561,64.0,False
259,bilateral,fixed_schema,0.5975877192982456,0.9660087719298246,0.5964912280701754,1.0,1.0,True,False,0.03508771929824561,0.5614035087719298,64.0,False
259,article_block,fixed_schema,0.5975877192982456,0.9660087719298246,0.19298245614035087,0.9824561403508771,0.9166666666666666,True,False,0.017543859649122806,0.19298245614035087,64.0,False
260,unilateral,active,0.7663182346109175,0.9663182346109175,0.6923076923076923,1.0,1.0,True,False,0.07692307692307693,0.6153846153846154,2.0,False
260,bilateral,active,0.7663182346109175,0.9663182346109175,0.7496266799402688,0.9639123942259831,0.9540703199239785,False,False,0.07142857142857142,0.7142857142857143,1.0,False
260,article_block,active,0.7663182346109175,0.9663182346109175,0.46153846153846156,1.0,1.0,True,False,0.0,0.46153846153846156,2.0,False
260,unilateral,fixed_schema,0.33808157409305184,0.9851403976224636,0.2647058823529412,1.0,1.0,True,False,0.029411764705882353,0.23529411764705882,87.0,False
260,bilateral,fixed_schema,0.33808157409305184,0.9851403976224636,0.3086698093871695,0.9851403976224636,0.9540703199239785,True,False,0.029411764705882353,0.29411764705882354,87.0,False
260,article_block,fixed_schema,0.33808157409305184,0.9851403976224636,0.17647058823529413,1.0,1.0,True,False,0.0,0.17647058823529413,87.0,False
261,unilateral,active,0.6872618140243902,0.8122618140243902,0.6189024390243902,0.9314024390243902,0.9002217294900222,True,False,0.25,0.4375,0.0,False
261,bilateral,active,0.6872618140243902,0.8122618140243902,0.8333333333333334,1.0,1.0,False,False,0.16666666666666666,0.6666666666666666,4.0,False
261,article_block,active,0.6872618140243902,0.8122618140243902,0.5066964285714286,0.9352678571428571,0.88671875,True,False,0.14285714285714285,0.42857142857142855,2.0,False
261,unilateral,fixed_schema,0.39272103658536583,0.8927210365853658,0.35365853658536583,0.960801393728223,0.9002217294900222,True,False,0.14285714285714285,0.25,93.0,False
261,bilateral,fixed_schema,0.39272103658536583,0.8927210365853658,0.35714285714285715,1.0,1.0,True,False,0.07142857142857142,0.2857142857142857,93.0,False
261,article_block,fixed_schema,0.39272103658536583,0.8927210365853658,0.2533482142857143,0.9676339285714286,0.88671875,True,False,0.07142857142857142,0.21428571428571427,93.0,False
262,unilateral,active,0.625,1.0,0.2857142857142857,1.0,1.0,True,False,0.0,0.2857142857142857,1.0,False
262,bilateral,active,0.625,1.0,0.625,1.0,1.0,True,False,0.0,0.625,0.0,False
262,article_block,active,0.625,1.0,0.2857142857142857,1.0,1.0,True,False,0.0,0.2857142857142857,1.0,False
262,unilateral,fixed_schema,0.22727272727272727,1.0,0.09090909090909091,1.0,1.0,True,False,0.0,0.09090909090909091,99.0,False
262,bilateral,fixed_schema,0.22727272727272727,1.0,0.22727272727272727,1.0,1.0,True,False,0.0,0.22727272727272727,99.0,False
262,article_block,fixed_schema,0.22727272727272727,1.0,0.09090909090909091,1.0,1.0,True,False,0.0,0.09090909090909091,99.0,False
263,unilateral,active,1.0,1.0,0.5833333333333334,1.0,1.0,True,False,0.0,0.5833333333333334,0.0,False
263,bilateral,active,1.0,1.0,1.0,1.0,1.0,True,False,0.0,1.0,0.0,False
263,article_block,active,1.0,1.0,0.4166666666666667,1.0,1.0,True,False,0.0,0.4166666666666667,0.0,False
263,unilateral,fixed_schema,0.5,1.0,0.2916666666666667,1.0,1.0,True,False,0.0,0.2916666666666667,97.0,False
263,bilateral,fixed_schema,0.5,1.0,0.5,1.0,1.0,True,False,0.0,0.5,97.0,False
263,article_block,fixed_schema,0.5,1.0,0.20833333333333334,1.0,1.0,True,False,0.0,0.20833333333333334,97.0,False
264,unilateral,active,0.84,1.0,0.4583333333333333,1.0,1.0,True,False,0.041666666666666664,0.4166666666666667,1.0,False
264,bilateral,active,0.84,1.0,0.84,1.0,1.0,True,False,0.04,0.8,0.0,False
264,article_block,active,0.84,1.0,0.4782608695652174,1.0,1.0,True,False,0.0,0.4782608695652174,2.0,False
264,unilateral,fixed_schema,0.5121951219512195,1.0,0.2682926829268293,1.0,1.0,True,False,0.024390243902439025,0.24390243902439024,80.0,False
264,bilateral,fixed_schema,0.5121951219512195,1.0,0.5121951219512195,1.0,1.0,True,False,0.024390243902439025,0.4878048780487805,80.0,False
264,article_block,fixed_schema,0.5121951219512195,1.0,0.2682926829268293,1.0,1.0,True,False,0.0,0.2682926829268293,80.0,False
265,unilateral,active,0.863477985429205,0.9543870763382959,0.7725688945201141,0.9543870763382959,0.9442508710801394,True,False,0.18181818181818182,0.6363636363636364,0.0,False
265,bilateral,active,0.863477985429205,0.9543870763382959,0.8498257839721255,0.9498257839721255,0.9442508710801394,False,False,0.1,0.8,1.0,False
265,article_block,active,0.863477985429205,0.9543870763382959,0.6,1.0,1.0,True,False,0.1,0.5,1.0,False
265,unilateral,fixed_schema,0.4522979923676788,0.9761075161772026,0.4046789447486312,0.9761075161772026,0.9442508710801394,True,False,0.09523809523809523,0.3333333333333333,100.0,False
265,bilateral,fixed_schema,0.4522979923676788,0.9761075161772026,0.4046789447486312,0.9761075161772026,0.9442508710801394,True,False,0.047619047619047616,0.38095238095238093,100.0,False
265,article_block,fixed_schema,0.4522979923676788,0.9761075161772026,0.2857142857142857,1.0,1.0,True,False,0.047619047619047616,0.23809523809523808,100.0,False
266,unilateral,active,1.0,1.0,0.8235294117647058,1.0,1.0,True,False,0.0,0.8235294117647058,0.0,False
266,bilateral,active,1.0,1.0,1.0,1.0,1.0,True,False,0.0,1.0,0.0,False
266,article_block,active,1.0,1.0,0.29411764705882354,1.0,1.0,True,False,0.0,0.29411764705882354,0.0,False
266,unilateral,fixed_schema,0.4722222222222222,1.0,0.3888888888888889,1.0,1.0,True,False,0.0,0.3888888888888889,85.0,False
266,bilateral,fixed_schema,0.4722222222222222,1.0,0.4722222222222222,1.0,1.0,True,False,0.0,0.4722222222222222,85.0,False
266,article_block,fixed_schema,0.4722222222222222,1.0,0.1388888888888889,1.0,1.0,True,False,0.0,0.1388888888888889,85.0,False
267,unilateral,active,0.328125,0.8735795454545454,0.21052631578947367,0.8947368421052632,0.6666666666666666,True,False,0.10526315789473684,0.21052631578947367,3.0,False
267,bilateral,active,0.328125,0.8735795454545454,0.32730263157894735,0.9588815789473685,0.8883928571428571,True,False,0.05263157894736842,0.3157894736842105,3.0,False
267,article_block,active,0.328125,0.8735795454545454,0.24816176470588236,0.9540441176470589,0.84375,True,False,0.058823529411764705,0.23529411764705882,5.0,False
267,unilateral,fixed_schema,0.20625,0.9205357142857142,0.11428571428571428,0.9428571428571428,0.6666666666666666,True,False,0.05714285714285714,0.11428571428571428,86.0,False
267,bilateral,fixed_schema,0.20625,0.9205357142857142,0.17767857142857144,0.9776785714285714,0.8883928571428571,True,False,0.02857142857142857,0.17142857142857143,86.0,False
267,article_block,fixed_schema,0.20625,0.9205357142857142,0.12053571428571429,0.9776785714285714,0.84375,True,False,0.02857142857142857,0.11428571428571428,86.0,False
268,unilateral,active,0.8421052631578947,0.9473684210526315,0.8235294117647058,0.9411764705882353,0.9333333333333333,False,False,0.058823529411764705,0.8235294117647058,2.0,False
268,bilateral,active,0.8421052631578947,0.9473684210526315,0.8421052631578947,0.9473684210526315,0.9411764705882353,True,False,0.05263157894736842,0.8421052631578947,0.0,False
268,article_block,active,0.8421052631578947,0.9473684210526315,0.05555555555555555,1.0,1.0,True,False,0.0,0.05555555555555555,1.0,False
268,unilateral,fixed_schema,0.4444444444444444,0.9722222222222222,0.3888888888888889,0.9722222222222222,0.9333333333333333,True,False,0.027777777777777776,0.3888888888888889,85.0,False
268,bilateral,fixed_schema,0.4444444444444444,0.9722222222222222,0.4444444444444444,0.9722222222222222,0.9411764705882353,True,False,0.027777777777777776,0.4444444444444444,85.0,False
268,article_block,fixed_schema,0.4444444444444444,0.9722222222222222,0.027777777777777776,1.0,1.0,True,False,0.0,0.027777777777777776,85.0,False
269,unilateral,active,0.8023228803716608,0.9356562137049942,0.6666666666666666,1.0,1.0,True,False,0.06666666666666667,0.6,0.0,False
269,bilateral,active,0.8023228803716608,0.9356562137049942,0.8023228803716608,0.9356562137049942,0.9257571696596086,True,False,0.2,0.6666666666666666,0.0,False
269,article_block,active,0.8023228803716608,0.9356562137049942,0.3333333333333333,1.0,1.0,True,False,0.0,0.3333333333333333,0.0,False
269,unilateral,fixed_schema,0.38822074856693267,0.9688659098572552,0.3225806451612903,1.0,1.0,True,False,0.03225806451612903,0.2903225806451613,90.0,False
269,bilateral,fixed_schema,0.38822074856693267,0.9688659098572552,0.38822074856693267,0.9688659098572552,0.9257571696596086,True,False,0.0967741935483871,0.3225806451612903,90.0,False
269,article_block,fixed_schema,0.38822074856693267,0.9688659098572552,0.16129032258064516,1.0,1.0,True,False,0.0,0.16129032258064516,90.0,False
270,unilateral,active,0.6923076923076923,1.0,0.5384615384615384,1.0,1.0,True,False,0.0,0.5384615384615384,0.0,False
270,bilateral,active,0.6923076923076923,1.0,0.6923076923076923,1.0,1.0,True,False,0.0,0.6923076923076923,0.0,False
270,article_block,active,0.6923076923076923,1.0,0.5833333333333334,1.0,1.0,True,False,0.0,0.5833333333333334,1.0,False
270,unilateral,fixed_schema,0.4090909090909091,1.0,0.3181818181818182,1.0,1.0,True,False,0.0,0.3181818181818182,99.0,False
270,bilateral,fixed_schema,0.4090909090909091,1.0,0.4090909090909091,1.0,1.0,True,False,0.0,0.4090909090909091,99.0,False
270,article_block,fixed_schema,0.4090909090909091,1.0,0.3181818181818182,1.0,1.0,True,False,0.0,0.3181818181818182,99.0,False
271,unilateral,active,0.8815331010452963,0.9584561779683731,0.7692307692307693,1.0,1.0,True,False,0.07692307692307693,0.6923076923076923,0.0,False
271,bilateral,active,0.8815331010452963,0.9584561779683731,0.8716608594657376,0.9549941927990709,0.9509027557808046,False,False,0.08333333333333333,0.8333333333333334,1.0,False
271,article_block,active,0.8815331010452963,0.9584561779683731,0.5383275261324042,0.9549941927990709,0.92284718765555,False,False,0.08333333333333333,0.5,1.0,False
271,unilateral,fixed_schema,0.4407665505226481,0.9792280889841865,0.38461538461538464,1.0,1.0,True,False,0.038461538461538464,0.34615384615384615,95.0,False
271,bilateral,fixed_schema,0.4407665505226481,0.9792280889841865,0.40230501206110963,0.9792280889841865,0.9509027557808046,True,False,0.038461538461538464,0.38461538461538464,95.0,False
271,article_block,fixed_schema,0.4407665505226481,0.9792280889841865,0.24845885821495578,0.9792280889841865,0.92284718765555,True,False,0.038461538461538464,0.23076923076923078,95.0,False
272,unilateral,active,0.8823529411764706,1.0,0.6470588235294118,1.0,1.0,True,False,0.0,0.6470588235294118,0.0,False
272,bilateral,active,0.8823529411764706,1.0,0.8823529411764706,1.0,1.0,True,False,0.0,0.8823529411764706,0.0,False
272,article_block,active,0.8823529411764706,1.0,0.5294117647058824,1.0,1.0,True,False,0.0,0.5294117647058824,0.0,False
272,unilateral,fixed_schema,0.45454545454545453,1.0,0.3333333333333333,1.0,1.0,True,False,0.0,0.3333333333333333,88.0,False
272,bilateral,fixed_schema,0.45454545454545453,1.0,0.45454545454545453,1.0,1.0,True,False,0.0,0.45454545454545453,88.0,False
272,article_block,fixed_schema,0.45454545454545453,1.0,0.2727272727272727,1.0,1.0,True,False,0.0,0.2727272727272727,88.0,False
273,unilateral,active,0.8060394889663183,0.9727061556329849,0.571926331508213,0.9719263315082131,0.9532105525136885,False,False,0.05714285714285714,0.5428571428571428,1.0,False
273,bilateral,active,0.8060394889663183,0.9727061556329849,0.7884067152359836,0.9702248970541654,0.9636082075106466,False,False,0.06060606060606061,0.7575757575757576,3.0,False
273,article_block,active,0.8060394889663183,0.9727061556329849,0.5625,1.0,1.0,True,False,0.09375,0.46875,4.0,False
273,unilateral,fixed_schema,0.48362369337979094,0.9836236933797909,0.333623693379791,0.9836236933797909,0.9532105525136885,True,False,0.03333333333333333,0.31666666666666665,61.0,False
273,bilateral,fixed_schema,0.48362369337979094,0.9836236933797909,0.43362369337979095,0.9836236933797909,0.9636082075106466,True,False,0.03333333333333333,0.4166666666666667,61.0,False
273,article_block,fixed_schema,0.48362369337979094,0.9836236933797909,0.3,1.0,1.0,True,False,0.05,0.25,61.0,False
274,unilateral,active,0.682195744151319,0.825052887008462,0.3703125,0.9203125,0.8229166666666666,True,False,0.1,0.35,1.0,False
274,bilateral,active,0.682195744151319,0.825052887008462,0.7154471544715447,0.8821138211382115,0.8585365853658538,False,False,0.16666666666666666,0.6666666666666666,3.0,False
274,article_block,active,0.682195744151319,0.825052887008462,0.2222222222222222,1.0,1.0,True,False,0.0,0.2222222222222222,3.0,False
274,unilateral,fixed_schema,0.3979475174216028,0.8979475174216027,0.20572916666666666,0.9557291666666666,0.8229166666666666,True,False,0.05555555555555555,0.19444444444444445,85.0,False
274,bilateral,fixed_schema,0.3979475174216028,0.8979475174216027,0.35772357723577236,0.9410569105691056,0.8585365853658538,True,False,0.08333333333333333,0.3333333333333333,85.0,False
274,article_block,fixed_schema,0.3979475174216028,0.8979475174216027,0.1111111111111111,1.0,1.0,True,False,0.0,0.1111111111111111,85.0,False
275,unilateral,active,0.730742428303404,0.9615116590726347,0.6923076923076923,1.0,1.0,True,False,0.07692307692307693,0.6153846153846154,0.0,False
275,bilateral,active,0.730742428303404,0.9615116590726347,0.7083042973286876,0.9583042973286876,0.9444057297715835,False,False,0.08333333333333333,0.6666666666666666,1.0,False
275,article_block,active,0.730742428303404,0.9615116590726347,0.3499651567944251,0.9499651567944252,0.8749128919860627,False,False,0.1,0.3,3.0,False
275,unilateral,fixed_schema,0.4130283290410544,0.9782457203454022,0.391304347826087,1.0,1.0,True,False,0.043478260869565216,0.34782608695652173,98.0,False
275,bilateral,fixed_schema,0.4130283290410544,0.9782457203454022,0.3695500681714892,0.9782457203454022,0.9444057297715835,True,False,0.043478260869565216,0.34782608695652173,98.0,False
275,article_block,fixed_schema,0.4130283290410544,0.9782457203454022,0.15215876382366308,0.9782457203454022,0.8749128919860627,True,False,0.043478260869565216,0.13043478260869565,98.0,False
276,unilateral,active,0.8571428571428571,1.0,0.7142857142857143,1.0,1.0,True,False,0.0,0.7142857142857143,0.0,False
276,bilateral,active,0.8571428571428571,1.0,0.8571428571428571,1.0,1.0,True,False,0.0,0.8571428571428571,0.0,False
276,article_block,active,0.8571428571428571,1.0,0.42857142857142855,1.0,1.0,True,False,0.0,0.42857142857142855,0.0,False
276,unilateral,fixed_schema,0.4,1.0,0.3333333333333333,1.0,1.0,True,False,0.0,0.3333333333333333,106.0,False
276,bilateral,fixed_schema,0.4,1.0,0.4,1.0,1.0,True,False,0.0,0.4,106.0,False
276,article_block,fixed_schema,0.4,1.0,0.2,1.0,1.0,True,False,0.0,0.2,106.0,False
277,unilateral,active,0.8,1.0,0.4666666666666667,1.0,1.0,True,False,0.06666666666666667,0.4,0.0,False
277,bilateral,active,0.8,1.0,0.7857142857142857,1.0,1.0,True,False,0.0,0.7857142857142857,1.0,False
277,article_block,active,0.8,1.0,0.5,1.0,1.0,True,False,0.0,0.5,1.0,False
277,unilateral,fixed_schema,0.4,1.0,0.23333333333333334,1.0,1.0,True,False,0.03333333333333333,0.2,91.0,False
277,bilateral,fixed_schema,0.4,1.0,0.36666666666666664,1.0,1.0,True,False,0.0,0.36666666666666664,91.0,False
277,article_block,fixed_schema,0.4,1.0,0.23333333333333334,1.0,1.0,True,False,0.0,0.23333333333333334,91.0,False
278,unilateral,active,0.9131944444444444,0.96875,0.4444444444444444,1.0,1.0,True,False,0.1111111111111111,0.3333333333333333,0.0,False
278,bilateral,active,0.9131944444444444,0.96875,0.9080882352941176,0.9669117647058824,0.96484375,False,False,0.11764705882352941,0.8235294117647058,1.0,False
278,article_block,active,0.9131944444444444,0.96875,0.125,1.0,1.0,True,False,0.0625,0.0625,2.0,False
278,unilateral,fixed_schema,0.4565972222222222,0.984375,0.2222222222222222,1.0,1.0,True,False,0.05555555555555555,0.16666666666666666,85.0,False
278,bilateral,fixed_schema,0.4565972222222222,0.984375,0.4288194444444444,0.984375,0.96484375,True,False,0.05555555555555555,0.3888888888888889,85.0,False
278,article_block,fixed_schema,0.4565972222222222,0.984375,0.05555555555555555,1.0,1.0,True,False,0.027777777777777776,0.027777777777777776,85.0,False
279,unilateral,active,1.0,1.0,0.9375,1.0,1.0,True,False,0.0,0.9375,0.0,False
279,bilateral,active,1.0,1.0,1.0,1.0,1.0,True,False,0.0,1.0,0.0,False
279,article_block,active,1.0,1.0,0.53125,1.0,1.0,True,False,0.0,0.53125,0.0,False
279,unilateral,fixed_schema,0.7804878048780488,1.0,0.7317073170731707,1.0,1.0,True,False,0.0,0.7317073170731707,80.0,False
279,bilateral,fixed_schema,0.7804878048780488,1.0,0.7804878048780488,1.0,1.0,True,False,0.0,0.7804878048780488,80.0,False
279,article_block,fixed_schema,0.7804878048780488,1.0,0.4146341463414634,1.0,1.0,True,False,0.0,0.4146341463414634,80.0,False
280,unilateral,active,0.8846153846153846,1.0,0.84,1.0,1.0,True,False,0.08,0.76,3.0,False
280,bilateral,active,0.8846153846153846,1.0,0.88,1.0,1.0,True,False,0.08,0.8,3.0,False
280,article_block,active,0.8846153846153846,1.0,0.5416666666666666,1.0,1.0,True,False,0.125,0.4166666666666667,4.0,False
280,unilateral,fixed_schema,0.5111111111111111,1.0,0.4666666666666667,1.0,1.0,True,False,0.044444444444444446,0.4222222222222222,76.0,False
280,bilateral,fixed_schema,0.5111111111111111,1.0,0.4888888888888889,1.0,1.0,True,False,0.044444444444444446,0.4444444444444444,76.0,False
280,article_block,fixed_schema,0.5111111111111111,1.0,0.28888888888888886,1.0,1.0,True,False,0.06666666666666667,0.2222222222222222,76.0,False
281,unilateral,active,0.8571428571428571,1.0,0.7142857142857143,1.0,1.0,True,False,0.0,0.7142857142857143,0.0,False
281,bilateral,active,0.8571428571428571,1.0,0.8571428571428571,1.0,1.0,True,False,0.0,0.8571428571428571,0.0,False
281,article_block,active,0.8571428571428571,1.0,0.6666666666666666,1.0,1.0,True,False,0.0,0.6666666666666666,1.0,False
281,unilateral,fixed_schema,0.2727272727272727,1.0,0.22727272727272727,1.0,1.0,True,False,0.0,0.22727272727272727,99.0,False
281,bilateral,fixed_schema,0.2727272727272727,1.0,0.2727272727272727,1.0,1.0,True,False,0.0,0.2727272727272727,99.0,False
281,article_block,fixed_schema,0.2727272727272727,1.0,0.18181818181818182,1.0,1.0,True,False,0.0,0.18181818181818182,99.0,False
282,unilateral,active,0.5634184214512953,0.7808097257991214,0.5208437033349925,0.9017960842873736,0.8413629053872957,True,False,0.19047619047619047,0.42857142857142855,2.0,False
282,bilateral,active,0.5634184214512953,0.7808097257991214,0.6348798826334129,0.8980377773702549,0.8616226978596317,False,False,0.15789473684210525,0.5789473684210527,4.0,False
282,article_block,active,0.5634184214512953,0.7808097257991214,0.2857142857142857,1.0,1.0,True,False,0.0,0.2857142857142857,2.0,False
282,unilateral,fixed_schema,0.30136334170650675,0.8827586905437161,0.254365529535694,0.9520399481403452,0.8413629053872957,True,False,0.09302325581395349,0.20930232558139536,78.0,False
282,bilateral,fixed_schema,0.30136334170650675,0.8827586905437161,0.2805283202333685,0.9549469248845313,0.8616226978596317,True,False,0.06976744186046512,0.2558139534883721,78.0,False
282,article_block,fixed_schema,0.30136334170650675,0.8827586905437161,0.13953488372093023,1.0,1.0,True,False,0.0,0.13953488372093023,78.0,False
283,unilateral,active,0.6063380153890825,0.9396713487224159,0.5610795454545454,0.9701704545454546,0.9495192307692307,True,False,0.045454545454545456,0.5454545454545454,2.0,False
283,bilateral,active,0.6063380153890825,0.9396713487224159,0.6363636363636364,1.0,1.0,False,False,0.09090909090909091,0.5454545454545454,2.0,False
283,article_block,active,0.6063380153890825,0.9396713487224159,0.0625,1.0,1.0,True,False,0.0,0.0625,8.0,False
283,unilateral,fixed_schema,0.40422534359272166,0.9597808991482771,0.3428819444444444,0.9817708333333334,0.9495192307692307,True,False,0.027777777777777776,0.3333333333333333,85.0,False
283,bilateral,fixed_schema,0.40422534359272166,0.9597808991482771,0.3888888888888889,1.0,1.0,True,False,0.05555555555555555,0.3333333333333333,85.0,False
283,article_block,fixed_schema,0.40422534359272166,0.9597808991482771,0.027777777777777776,1.0,1.0,True,False,0.0,0.027777777777777776,85.0,False
284,unilateral,active,0.6,1.0,0.6,1.0,1.0,True,False,0.0,0.6,0.0,False
284,bilateral,active,0.6,1.0,0.6,1.0,1.0,True,False,0.0,0.6,0.0,False
284,article_block,active,0.6,1.0,0.75,1.0,1.0,False,True,0.0,0.75,1.0,False
284,unilateral,fixed_schema,0.21428571428571427,1.0,0.21428571428571427,1.0,1.0,True,False,0.0,0.21428571428571427,107.0,False
284,bilateral,fixed_schema,0.21428571428571427,1.0,0.21428571428571427,1.0,1.0,True,False,0.0,0.21428571428571427,107.0,False
284,article_block,fixed_schema,0.21428571428571427,1.0,0.21428571428571427,1.0,1.0,True,False,0.0,0.21428571428571427,107.0,False
285,unilateral,active,0.75,1.0,0.631578947368421,1.0,1.0,True,False,0.0,0.631578947368421,1.0,False
285,bilateral,active,0.75,1.0,0.75,1.0,1.0,True,False,0.0,0.75,0.0,False
285,article_block,active,0.75,1.0,0.4444444444444444,1.0,1.0,True,False,0.0,0.4444444444444444,2.0,False
285,unilateral,fixed_schema,0.375,1.0,0.3,1.0,1.0,True,False,0.0,0.3,81.0,False
285,bilateral,fixed_schema,0.375,1.0,0.375,1.0,1.0,True,False,0.0,0.375,81.0,False
285,article_block,fixed_schema,0.375,1.0,0.2,1.0,1.0,True,False,0.0,0.2,81.0,False
286,unilateral,active,0.5721036585365854,0.7054369918699187,0.4229747386759582,0.8229747386759582,0.7049578977932636,True,False,0.2,0.4,1.0,False
286,bilateral,active,0.5721036585365854,0.7054369918699187,0.6048199767711963,0.7714866434378629,0.7257839721254356,False,False,0.25,0.5833333333333334,4.0,False
286,article_block,active,0.5721036585365854,0.7054369918699187,0.22098214285714285,0.8638392857142857,0.61875,True,False,0.14285714285714285,0.21428571428571427,2.0,False
286,unilateral,fixed_schema,0.3300598030018762,0.8300598030018762,0.24402388769766817,0.897870041543822,0.7049578977932636,True,False,0.11538461538461539,0.23076923076923078,95.0,False
286,bilateral,fixed_schema,0.3300598030018762,0.8300598030018762,0.279147681586706,0.8945322969713214,0.7257839721254356,True,False,0.11538461538461539,0.2692307692307692,95.0,False
286,article_block,fixed_schema,0.3300598030018762,0.8300598030018762,0.11899038461538461,0.9266826923076923,0.61875,True,False,0.07692307692307693,0.11538461538461539,95.0,False
287,unilateral,active,0.5,1.0,0.3333333333333333,1.0,1.0,True,False,0.0,0.3333333333333333,1.0,False
287,bilateral,active,0.5,1.0,0.5,1.0,1.0,True,False,0.0,0.5,0.0,False
287,article_block,active,0.5,1.0,0.2857142857142857,1.0,1.0,True,False,0.0,0.2857142857142857,3.0,False
287,unilateral,fixed_schema,0.2777777777777778,1.0,0.16666666666666666,1.0,1.0,True,False,0.0,0.16666666666666666,103.0,False
287,bilateral,fixed_schema,0.2777777777777778,1.0,0.2777777777777778,1.0,1.0,True,False,0.0,0.2777777777777778,103.0,False
287,article_block,fixed_schema,0.2777777777777778,1.0,0.1111111111111111,1.0,1.0,True,False,0.0,0.1111111111111111,103.0,False
288,unilateral,active,0.8116883116883117,0.9935064935064936,0.6753246753246753,0.9935064935064936,0.9904761904761905,True,False,0.09090909090909091,0.5909090909090909,0.0,False
288,bilateral,active,0.8116883116883117,0.9935064935064936,0.8,1.0,1.0,True,False,0.0,0.8,2.0,False
288,article_block,active,0.8116883116883117,0.9935064935064936,0.35,1.0,1.0,True,False,0.05,0.3,2.0,False
288,unilateral,fixed_schema,0.4699248120300752,0.9962406015037594,0.3909774436090226,0.9962406015037594,0.9904761904761905,True,False,0.05263157894736842,0.34210526315789475,83.0,False
288,bilateral,fixed_schema,0.4699248120300752,0.9962406015037594,0.42105263157894735,1.0,1.0,True,False,0.0,0.42105263157894735,83.0,False
288,article_block,fixed_schema,0.4699248120300752,0.9962406015037594,0.18421052631578946,1.0,1.0,True,False,0.02631578947368421,0.15789473684210525,83.0,False
289,unilateral,active,0.75,1.0,0.5833333333333334,1.0,1.0,True,False,0.08333333333333333,0.5,0.0,False
289,bilateral,active,0.75,1.0,0.75,1.0,1.0,True,False,0.16666666666666666,0.5833333333333334,0.0,False
289,article_block,active,0.75,1.0,0.4,1.0,1.0,True,False,0.1,0.3,2.0,False
289,unilateral,fixed_schema,0.4090909090909091,1.0,0.3181818181818182,1.0,1.0,True,False,0.045454545454545456,0.2727272727272727,99.0,False
289,bilateral,fixed_schema,0.4090909090909091,1.0,0.4090909090909091,1.0,1.0,True,False,0.09090909090909091,0.3181818181818182,99.0,False
289,article_block,fixed_schema,0.4090909090909091,1.0,0.18181818181818182,1.0,1.0,True,False,0.045454545454545456,0.13636363636363635,99.0,False
290,unilateral,active,0.6562137049941928,0.9895470383275261,0.4062137049941928,0.9895470383275261,0.9749128919860628,True,False,0.16666666666666666,0.25,0.0,False
290,bilateral,active,0.6562137049941928,0.9895470383275261,0.6562137049941928,0.9895470383275261,0.9843205574912892,True,False,0.16666666666666666,0.5,0.0,False
290,article_block,active,0.6562137049941928,0.9895470383275261,0.6,1.0,1.0,True,False,0.1,0.5,2.0,False
290,unilateral,fixed_schema,0.3749792599966816,0.9940268790443005,0.23212211713953876,0.9940268790443005,0.9749128919860628,True,False,0.09523809523809523,0.14285714285714285,100.0,False
290,bilateral,fixed_schema,0.3749792599966816,0.9940268790443005,0.3749792599966816,0.9940268790443005,0.9843205574912892,True,False,0.09523809523809523,0.2857142857142857,100.0,False
290,article_block,fixed_schema,0.3749792599966816,0.9940268790443005,0.2857142857142857,1.0,1.0,True,False,0.047619047619047616,0.23809523809523808,100.0,False
291,unilateral,active,0.6580522347711162,0.8994315451159438,0.7139423076923077,0.9447115384615384,0.928125,False,True,0.07692307692307693,0.6923076923076923,3.0,False
291,bilateral,active,0.6580522347711162,0.8994315451159438,0.6923076923076923,0.9615384615384616,0.9473684210526315,False,False,0.038461538461538464,0.6923076923076923,3.0,False
291,article_block,active,0.6580522347711162,0.8994315451159438,0.5384615384615384,1.0,1.0,True,False,0.0,0.5384615384615384,3.0,False
291,unilateral,fixed_schema,0.4337162456445993,0.9337162456445992,0.421875,0.9673295454545454,0.928125,True,False,0.045454545454545456,0.4090909090909091,77.0,False
291,bilateral,fixed_schema,0.4337162456445993,0.9337162456445992,0.4090909090909091,0.9772727272727273,0.9473684210526315,True,False,0.022727272727272728,0.4090909090909091,77.0,False
291,article_block,fixed_schema,0.4337162456445993,0.9337162456445992,0.3181818181818182,1.0,1.0,True,False,0.0,0.3181818181818182,77.0,False
292,unilateral,active,0.8348214285714286,0.9776785714285714,0.4642857142857143,1.0,1.0,True,False,0.03571428571428571,0.42857142857142855,0.0,False
292,bilateral,active,0.8348214285714286,0.9776785714285714,0.8287037037037037,0.9768518518518519,0.9728260869565217,False,False,0.037037037037037035,0.8148148148148148,1.0,False
292,article_block,active,0.8348214285714286,0.9776785714285714,0.6296296296296297,1.0,1.0,True,False,0.037037037037037035,0.5925925925925926,1.0,False
292,unilateral,fixed_schema,0.5194444444444445,0.9861111111111112,0.28888888888888886,1.0,1.0,True,False,0.022222222222222223,0.26666666666666666,76.0,False
292,bilateral,fixed_schema,0.5194444444444445,0.9861111111111112,0.49722222222222223,0.9861111111111112,0.9728260869565217,True,False,0.022222222222222223,0.4888888888888889,76.0,False
292,article_block,fixed_schema,0.5194444444444445,0.9861111111111112,0.37777777777777777,1.0,1.0,True,False,0.022222222222222223,0.35555555555555557,76.0,False
293,unilateral,active,0.6363636363636364,1.0,0.7777777777777778,1.0,1.0,False,True,0.1111111111111111,0.6666666666666666,2.0,False
293,bilateral,active,0.6363636363636364,1.0,0.6,1.0,1.0,True,False,0.0,0.6,1.0,False
293,article_block,active,0.6363636363636364,1.0,0.3333333333333333,1.0,1.0,True,False,0.1111111111111111,0.2222222222222222,2.0,False
293,unilateral,fixed_schema,0.5,1.0,0.5,1.0,1.0,True,False,0.07142857142857142,0.42857142857142855,107.0,False
293,bilateral,fixed_schema,0.5,1.0,0.42857142857142855,1.0,1.0,True,False,0.0,0.42857142857142855,107.0,False
293,article_block,fixed_schema,0.5,1.0,0.21428571428571427,1.0,1.0,True,False,0.07142857142857142,0.14285714285714285,107.0,False
294,unilateral,active,0.8240623078499693,0.9417093666734987,0.75,1.0,1.0,True,False,0.0,0.75,1.0,False
294,bilateral,active,0.8240623078499693,0.9417093666734987,0.875,1.0,1.0,False,False,0.125,0.75,1.0,False
294,article_block,active,0.8240623078499693,0.9417093666734987,0.3125,1.0,1.0,True,False,0.0,0.3125,1.0,False
294,unilateral,fixed_schema,0.4519051365628864,0.9680341688209508,0.3870967741935484,1.0,1.0,True,False,0.0,0.3870967741935484,90.0,False
294,bilateral,fixed_schema,0.4519051365628864,0.9680341688209508,0.45161290322580644,1.0,1.0,True,False,0.06451612903225806,0.3870967741935484,90.0,False
294,article_block,fixed_schema,0.4519051365628864,0.9680341688209508,0.16129032258064516,1.0,1.0,True,False,0.0,0.16129032258064516,90.0,False
295,unilateral,active,0.98,1.0,0.74,1.0,1.0,True,False,0.0,0.74,0.0,False
295,bilateral,active,0.98,1.0,0.98,1.0,1.0,True,False,0.0,0.98,0.0,False
295,article_block,active,0.98,1.0,0.64,1.0,1.0,True,False,0.0,0.64,0.0,False
295,unilateral,fixed_schema,0.6447368421052632,1.0,0.4868421052631579,1.0,1.0,True,False,0.0,0.4868421052631579,45.0,False
295,bilateral,fixed_schema,0.6447368421052632,1.0,0.6447368421052632,1.0,1.0,True,False,0.0,0.6447368421052632,45.0,False
295,article_block,fixed_schema,0.6447368421052632,1.0,0.42105263157894735,1.0,1.0,True,False,0.0,0.42105263157894735,45.0,False
296,unilateral,active,0.7436535589845695,0.9579392732702837,0.6737408932530884,0.9464681659803612,0.9263937282229965,False,False,0.09090909090909091,0.6363636363636364,3.0,False
296,bilateral,active,0.7436535589845695,0.9579392732702837,0.7436535589845695,0.9579392732702837,0.9464681659803612,True,False,0.14285714285714285,0.6428571428571429,0.0,False
296,article_block,active,0.7436535589845695,0.9579392732702837,0.5,1.0,1.0,True,False,0.08333333333333333,0.4166666666666667,2.0,False
296,unilateral,fixed_schema,0.3062102889936463,0.9826808772289404,0.21797499487599917,0.9826808772289404,0.9263937282229965,True,False,0.029411764705882353,0.20588235294117646,87.0,False
296,bilateral,fixed_schema,0.3062102889936463,0.9826808772289404,0.3062102889936463,0.9826808772289404,0.9464681659803612,True,False,0.058823529411764705,0.2647058823529412,87.0,False
296,article_block,fixed_schema,0.3062102889936463,0.9826808772289404,0.17647058823529413,1.0,1.0,True,False,0.029411764705882353,0.14705882352941177,87.0,False
297,unilateral,active,0.41423299101412064,0.7300224646983312,0.3520653768567761,0.8257495873830919,0.6689242160278746,True,False,0.21052631578947367,0.3157894736842105,0.0,False
297,bilateral,active,0.41423299101412064,0.7300224646983312,0.5044642857142857,0.9330357142857143,0.8828125,False,False,0.07142857142857142,0.5,5.0,False
297,article_block,active,0.41423299101412064,0.7300224646983312,0.3,1.0,1.0,True,False,0.0,0.3,9.0,False
297,unilateral,fixed_schema,0.24595083841463414,0.8397008384146342,0.2090388175087108,0.8965388175087108,0.6689242160278746,True,False,0.125,0.1875,89.0,False
297,bilateral,fixed_schema,0.24595083841463414,0.8397008384146342,0.220703125,0.970703125,0.8828125,True,False,0.03125,0.21875,89.0,False
297,article_block,fixed_schema,0.24595083841463414,0.8397008384146342,0.09375,1.0,1.0,True,False,0.0,0.09375,89.0,False
298,unilateral,active,0.6666666666666666,1.0,0.6666666666666666,1.0,1.0,True,False,0.0,0.6666666666666666,0.0,False
298,bilateral,active,0.6666666666666666,1.0,0.6666666666666666,1.0,1.0,True,False,0.0,0.6666666666666666,0.0,False
298,article_block,active,0.6666666666666666,1.0,0.5,1.0,1.0,True,False,0.0,0.5,1.0,False
298,unilateral,fixed_schema,0.2,1.0,0.2,1.0,1.0,True,False,0.0,0.2,111.0,False
298,bilateral,fixed_schema,0.2,1.0,0.2,1.0,1.0,True,False,0.0,0.2,111.0,False
298,article_block,fixed_schema,0.2,1.0,0.1,1.0,1.0,True,False,0.0,0.1,111.0,False
299,unilateral,active,0.6674216027874564,0.9174216027874564,0.7272727272727273,1.0,1.0,False,False,0.09090909090909091,0.6363636363636364,1.0,False
299,bilateral,active,0.6674216027874564,0.9174216027874564,0.7,1.0,1.0,False,False,0.0,0.7,2.0,False
299,article_block,active,0.6674216027874564,0.9174216027874564,0.36363636363636365,1.0,1.0,True,False,0.0,0.36363636363636365,1.0,False
299,unilateral,fixed_schema,0.3337108013937282,0.9587108013937282,0.3333333333333333,1.0,1.0,True,False,0.041666666666666664,0.2916666666666667,97.0,False
299,bilateral,fixed_schema,0.3337108013937282,0.9587108013937282,0.2916666666666667,1.0,1.0,True,False,0.0,0.2916666666666667,97.0,False
299,article_block,fixed_schema,0.3337108013937282,0.9587108013937282,0.16666666666666666,1.0,1.0,True,False,0.0,0.16666666666666666,97.0,False
