task,method,sample_id,article_group,replicate,mrr,recall_at_1,recall_at_5,tie_size,agreement_at_5,gallery_size
heldout_method,balanced_strict,e116-s21-prasad-2018,article:e116,0,,,,,0.2,119
heldout_method,equal_facets,e116-s21-prasad-2018,article:e116,0,,,,,0.2,119
heldout_method,gower_field_pool,e116-s21-prasad-2018,article:e116,0,,,,,0.0,119
heldout_method,sequence_as_set,e116-s21-prasad-2018,article:e116,0,,,,,0.0,119
heldout_method,sequence_as_bag,e116-s21-prasad-2018,article:e116,0,,,,,0.2,119
heldout_method,random_gallery,e116-s21-prasad-2018,article:e116,0,,,,,0.3277310924369748,119
heldout_method,balanced_strict,l225-s8-ma-2007,article:l225,0,,,,,0.0,118
heldout_method,equal_facets,l225-s8-ma-2007,article:l225,0,,,,,0.2,118
heldout_method,gower_field_pool,l225-s8-ma-2007,article:l225,0,,,,,0.4,118
heldout_method,sequence_as_set,l225-s8-ma-2007,article:l225,0,,,,,0.0,118
heldout_method,sequence_as_bag,l225-s8-ma-2007,article:l225,0,,,,,0.0,118
heldout_method,random_gallery,l225-s8-ma-2007,article:l225,0,,,,,0.3220338983050847,118
heldout_method,balanced_strict,l182-s7-hoepfner-2017,article:l182,0,,,,,0.4,119
heldout_method,equal_facets,l182-s7-hoepfner-2017,article:l182,0,,,,,0.4,119
heldout_method,gower_field_pool,l182-s7-hoepfner-2017,article:l182,0,,,,,0.4,119
heldout_method,sequence_as_set,l182-s7-hoepfner-2017,article:l182,0,,,,,0.2,119
heldout_method,sequence_as_bag,l182-s7-hoepfner-2017,article:l182,0,,,,,0.4,119
heldout_method,random_gallery,l182-s7-hoepfner-2017,article:l182,0,,,,,0.3277310924369748,119
heldout_method,balanced_strict,l254-s7-castillo-2011,article:l254,0,,,,,0.0,119
heldout_method,equal_facets,l254-s7-castillo-2011,article:l254,0,,,,,0.0,119
heldout_method,gower_field_pool,l254-s7-castillo-2011,article:l254,0,,,,,0.0,119
heldout_method,sequence_as_set,l254-s7-castillo-2011,article:l254,0,,,,,0.0,119
heldout_method,sequence_as_bag,l254-s7-castillo-2011,article:l254,0,,,,,0.0,119
heldout_method,random_gallery,l254-s7-castillo-2011,article:l254,0,,,,,0.3277310924369748,119
heldout_method,balanced_strict,l171-s15-rittigstein-2006,article:l171,0,,,,,0.2,119
heldout_method,equal_facets,l171-s15-rittigstein-2006,article:l171,0,,,,,0.6,119
heldout_method,gower_field_pool,l171-s15-rittigstein-2006,article:l171,0,,,,,0.6,119
heldout_method,sequence_as_set,l171-s15-rittigstein-2006,article:l171,0,,,,,0.2,119
heldout_method,sequence_as_bag,l171-s15-rittigstein-2006,article:l171,0,,,,,0.2,119
heldout_method,random_gallery,l171-s15-rittigstein-2006,article:l171,0,,,,,0.3277310924369748,119
heldout_method,balanced_strict,l320-s2-wang-2014,article:l320,0,,,,,0.4,119
heldout_method,equal_facets,l320-s2-wang-2014,article:l320,0,,,,,0.4,119
heldout_method,gower_field_pool,l320-s2-wang-2014,article:l320,0,,,,,0.4,119
heldout_method,sequence_as_set,l320-s2-wang-2014,article:l320,0,,,,,0.2,119
heldout_method,sequence_as_bag,l320-s2-wang-2014,article:l320,0,,,,,0.4,119
heldout_method,random_gallery,l320-s2-wang-2014,article:l320,0,,,,,0.3277310924369748,119
heldout_method,balanced_strict,l324-s5-zhu-2017,article:l324,0,,,,,0.4,118
heldout_method,equal_facets,l324-s5-zhu-2017,article:l324,0,,,,,0.4,118
heldout_method,gower_field_pool,l324-s5-zhu-2017,article:l324,0,,,,,0.6,118
heldout_method,sequence_as_set,l324-s5-zhu-2017,article:l324,0,,,,,0.6,118
heldout_method,sequence_as_bag,l324-s5-zhu-2017,article:l324,0,,,,,0.6,118
heldout_method,random_gallery,l324-s5-zhu-2017,article:l324,0,,,,,0.3220338983050847,118
heldout_method,balanced_strict,l174-s6-ramanathan-2008,article:l174,0,,,,,0.8,119
heldout_method,equal_facets,l174-s6-ramanathan-2008,article:l174,0,,,,,0.8,119
heldout_method,gower_field_pool,l174-s6-ramanathan-2008,article:l174,0,,,,,0.8,119
heldout_method,sequence_as_set,l174-s6-ramanathan-2008,article:l174,0,,,,,0.8,119
heldout_method,sequence_as_bag,l174-s6-ramanathan-2008,article:l174,0,,,,,0.8,119
heldout_method,random_gallery,l174-s6-ramanathan-2008,article:l174,0,,,,,0.3277310924369748,119
heldout_method,balanced_strict,l225-s1-ma-2007,article:l225,0,,,,,0.0,118
heldout_method,equal_facets,l225-s1-ma-2007,article:l225,0,,,,,0.0,118
heldout_method,gower_field_pool,l225-s1-ma-2007,article:l225,0,,,,,0.4,118
heldout_method,sequence_as_set,l225-s1-ma-2007,article:l225,0,,,,,0.4,118
heldout_method,sequence_as_bag,l225-s1-ma-2007,article:l225,0,,,,,0.4,118
heldout_method,random_gallery,l225-s1-ma-2007,article:l225,0,,,,,0.3220338983050847,118
heldout_method,balanced_strict,l196-s4-petersson-2006,article:l196,0,,,,,0.2,119
heldout_method,equal_facets,l196-s4-petersson-2006,article:l196,0,,,,,0.0,119
heldout_method,gower_field_pool,l196-s4-petersson-2006,article:l196,0,,,,,0.0,119
heldout_method,sequence_as_set,l196-s4-petersson-2006,article:l196,0,,,,,0.4,119
heldout_method,sequence_as_bag,l196-s4-petersson-2006,article:l196,0,,,,,0.2,119
heldout_method,random_gallery,l196-s4-petersson-2006,article:l196,0,,,,,0.3277310924369748,119
heldout_method,balanced_strict,l385-s3-bailey-2019,article:l385,0,,,,,0.8,119
heldout_method,equal_facets,l385-s3-bailey-2019,article:l385,0,,,,,0.8,119
heldout_method,gower_field_pool,l385-s3-bailey-2019,article:l385,0,,,,,0.4,119
heldout_method,sequence_as_set,l385-s3-bailey-2019,article:l385,0,,,,,0.8,119
heldout_method,sequence_as_bag,l385-s3-bailey-2019,article:l385,0,,,,,0.8,119
heldout_method,random_gallery,l385-s3-bailey-2019,article:l385,0,,,,,0.3277310924369748,119
heldout_method,balanced_strict,l308-s4-demetrio-2013,article:l308,0,,,,,0.4,118
heldout_method,equal_facets,l308-s4-demetrio-2013,article:l308,0,,,,,0.4,118
heldout_method,gower_field_pool,l308-s4-demetrio-2013,article:l308,0,,,,,0.4,118
heldout_method,sequence_as_set,l308-s4-demetrio-2013,article:l308,0,,,,,0.4,118
heldout_method,sequence_as_bag,l308-s4-demetrio-2013,article:l308,0,,,,,0.4,118
heldout_method,random_gallery,l308-s4-demetrio-2013,article:l308,0,,,,,0.3220338983050847,118
heldout_method,balanced_strict,l240-s6-hong-2005,article:l240,0,,,,,0.6,119
heldout_method,equal_facets,l240-s6-hong-2005,article:l240,0,,,,,0.6,119
heldout_method,gower_field_pool,l240-s6-hong-2005,article:l240,0,,,,,0.6,119
heldout_method,sequence_as_set,l240-s6-hong-2005,article:l240,0,,,,,0.675,119
heldout_method,sequence_as_bag,l240-s6-hong-2005,article:l240,0,,,,,0.6,119
heldout_method,random_gallery,l240-s6-hong-2005,article:l240,0,,,,,0.3277310924369748,119
heldout_method,balanced_strict,l262-s5-oyarzabal-2016,article:l262,0,,,,,0.6,119
heldout_method,equal_facets,l262-s5-oyarzabal-2016,article:l262,0,,,,,0.8,119
heldout_method,gower_field_pool,l262-s5-oyarzabal-2016,article:l262,0,,,,,0.6,119
heldout_method,sequence_as_set,l262-s5-oyarzabal-2016,article:l262,0,,,,,0.4,119
heldout_method,sequence_as_bag,l262-s5-oyarzabal-2016,article:l262,0,,,,,0.6,119
heldout_method,random_gallery,l262-s5-oyarzabal-2016,article:l262,0,,,,,0.3277310924369748,119
heldout_method,balanced_strict,l378-s1-sotta-2017,article:l378,0,,,,,0.37142857142857144,119
heldout_method,equal_facets,l378-s1-sotta-2017,article:l378,0,,,,,0.4,119
heldout_method,gower_field_pool,l378-s1-sotta-2017,article:l378,0,,,,,0.4,119
heldout_method,sequence_as_set,l378-s1-sotta-2017,article:l378,0,,,,,0.47272727272727266,119
heldout_method,sequence_as_bag,l378-s1-sotta-2017,article:l378,0,,,,,0.37142857142857144,119
heldout_method,random_gallery,l378-s1-sotta-2017,article:l378,0,,,,,0.3277310924369748,119
heldout_method,balanced_strict,l110-s7-singha-2008,article:l110,0,,,,,0.4,119
heldout_method,equal_facets,l110-s7-singha-2008,article:l110,0,,,,,0.4,119
heldout_method,gower_field_pool,l110-s7-singha-2008,article:l110,0,,,,,0.2,119
heldout_method,sequence_as_set,l110-s7-singha-2008,article:l110,0,,,,,0.6,119
heldout_method,sequence_as_bag,l110-s7-singha-2008,article:l110,0,,,,,0.4,119
heldout_method,random_gallery,l110-s7-singha-2008,article:l110,0,,,,,0.3277310924369748,119
heldout_method,balanced_strict,l238-s3-zhao-2008,article:l238,0,,,,,0.4,119
heldout_method,equal_facets,l238-s3-zhao-2008,article:l238,0,,,,,0.4,119
heldout_method,gower_field_pool,l238-s3-zhao-2008,article:l238,0,,,,,0.2,119
heldout_method,sequence_as_set,l238-s3-zhao-2008,article:l238,0,,,,,0.4,119
heldout_method,sequence_as_bag,l238-s3-zhao-2008,article:l238,0,,,,,0.4,119
heldout_method,random_gallery,l238-s3-zhao-2008,article:l238,0,,,,,0.3277310924369748,119
heldout_method,balanced_strict,l242-s4-narayanan-2006,article:l242,0,,,,,0.6,119
heldout_method,equal_facets,l242-s4-narayanan-2006,article:l242,0,,,,,0.45,119
heldout_method,gower_field_pool,l242-s4-narayanan-2006,article:l242,0,,,,,0.4,119
heldout_method,sequence_as_set,l242-s4-narayanan-2006,article:l242,0,,,,,0.6,119
heldout_method,sequence_as_bag,l242-s4-narayanan-2006,article:l242,0,,,,,0.6,119
heldout_method,random_gallery,l242-s4-narayanan-2006,article:l242,0,,,,,0.3277310924369748,119
heldout_method,balanced_strict,l140-s9-gao-2012,article:l140,0,,,,,0.4,119
heldout_method,equal_facets,l140-s9-gao-2012,article:l140,0,,,,,0.4,119
heldout_method,gower_field_pool,l140-s9-gao-2012,article:l140,0,,,,,0.2,119
heldout_method,sequence_as_set,l140-s9-gao-2012,article:l140,0,,,,,0.6,119
heldout_method,sequence_as_bag,l140-s9-gao-2012,article:l140,0,,,,,0.4,119
heldout_method,random_gallery,l140-s9-gao-2012,article:l140,0,,,,,0.3277310924369748,119
heldout_method,balanced_strict,l210-s4-zhang-2014,article:l210,0,,,,,0.6,119
heldout_method,equal_facets,l210-s4-zhang-2014,article:l210,0,,,,,0.8,119
heldout_method,gower_field_pool,l210-s4-zhang-2014,article:l210,0,,,,,1.0,119
heldout_method,sequence_as_set,l210-s4-zhang-2014,article:l210,0,,,,,0.6,119
heldout_method,sequence_as_bag,l210-s4-zhang-2014,article:l210,0,,,,,0.6,119
heldout_method,random_gallery,l210-s4-zhang-2014,article:l210,0,,,,,0.3277310924369748,119
heldout_method,balanced_strict,l380-s1-zhao-2017,article:l380,0,,,,,0.2,119
heldout_method,equal_facets,l380-s1-zhao-2017,article:l380,0,,,,,0.4,119
heldout_method,gower_field_pool,l380-s1-zhao-2017,article:l380,0,,,,,0.6,119
heldout_method,sequence_as_set,l380-s1-zhao-2017,article:l380,0,,,,,0.2,119
heldout_method,sequence_as_bag,l380-s1-zhao-2017,article:l380,0,,,,,0.2,119
heldout_method,random_gallery,l380-s1-zhao-2017,article:l380,0,,,,,0.3277310924369748,119
heldout_method,balanced_strict,l386-s54-jimenez-2019,article:l386,0,,,,,0.4,119
heldout_method,equal_facets,l386-s54-jimenez-2019,article:l386,0,,,,,0.8,119
heldout_method,gower_field_pool,l386-s54-jimenez-2019,article:l386,0,,,,,0.0,119
heldout_method,sequence_as_set,l386-s54-jimenez-2019,article:l386,0,,,,,0.6,119
heldout_method,sequence_as_bag,l386-s54-jimenez-2019,article:l386,0,,,,,0.6,119
heldout_method,random_gallery,l386-s54-jimenez-2019,article:l386,0,,,,,0.3277310924369748,119
heldout_method,balanced_strict,l121-s8-nelson-2005,article:l121,0,,,,,0.2,119
heldout_method,equal_facets,l121-s8-nelson-2005,article:l121,0,,,,,0.2,119
heldout_method,gower_field_pool,l121-s8-nelson-2005,article:l121,0,,,,,0.0,119
heldout_method,sequence_as_set,l121-s8-nelson-2005,article:l121,0,,,,,0.2,119
heldout_method,sequence_as_bag,l121-s8-nelson-2005,article:l121,0,,,,,0.2,119
heldout_method,random_gallery,l121-s8-nelson-2005,article:l121,0,,,,,0.3277310924369748,119
heldout_method,balanced_strict,l379-s8-liu-2017,article:l379,0,,,,,0.6,119
heldout_method,equal_facets,l379-s8-liu-2017,article:l379,0,,,,,1.0,119
heldout_method,gower_field_pool,l379-s8-liu-2017,article:l379,0,,,,,0.4,119
heldout_method,sequence_as_set,l379-s8-liu-2017,article:l379,0,,,,,0.6,119
heldout_method,sequence_as_bag,l379-s8-liu-2017,article:l379,0,,,,,0.8,119
heldout_method,random_gallery,l379-s8-liu-2017,article:l379,0,,,,,0.3277310924369748,119
heldout_method,balanced_strict,l211-s17-ash-2004,article:l211,0,,,,,0.0,118
heldout_method,equal_facets,l211-s17-ash-2004,article:l211,0,,,,,0.6,118
heldout_method,gower_field_pool,l211-s17-ash-2004,article:l211,0,,,,,0.0,118
heldout_method,sequence_as_set,l211-s17-ash-2004,article:l211,0,,,,,0.6,118
heldout_method,sequence_as_bag,l211-s17-ash-2004,article:l211,0,,,,,0.4,118
heldout_method,random_gallery,l211-s17-ash-2004,article:l211,0,,,,,0.3220338983050847,118
heldout_method,balanced_strict,l396-s6-ghosh-2013,article:l396,0,,,,,0.6,118
heldout_method,equal_facets,l396-s6-ghosh-2013,article:l396,0,,,,,0.4,118
heldout_method,gower_field_pool,l396-s6-ghosh-2013,article:l396,0,,,,,0.6,118
heldout_method,sequence_as_set,l396-s6-ghosh-2013,article:l396,0,,,,,0.8,118
heldout_method,sequence_as_bag,l396-s6-ghosh-2013,article:l396,0,,,,,0.6,118
heldout_method,random_gallery,l396-s6-ghosh-2013,article:l396,0,,,,,0.3220338983050847,118
heldout_method,balanced_strict,l111-s3-singha-2009,article:l111,0,,,,,0.6,118
heldout_method,equal_facets,l111-s3-singha-2009,article:l111,0,,,,,0.6,118
heldout_method,gower_field_pool,l111-s3-singha-2009,article:l111,0,,,,,0.0,118
heldout_method,sequence_as_set,l111-s3-singha-2009,article:l111,0,,,,,0.6,118
heldout_method,sequence_as_bag,l111-s3-singha-2009,article:l111,0,,,,,0.6,118
heldout_method,random_gallery,l111-s3-singha-2009,article:l111,0,,,,,0.3220338983050847,118
heldout_method,balanced_strict,l211-s15-ash-2004,article:l211,0,,,,,0.0,118
heldout_method,equal_facets,l211-s15-ash-2004,article:l211,0,,,,,0.6,118
heldout_method,gower_field_pool,l211-s15-ash-2004,article:l211,0,,,,,0.0,118
heldout_method,sequence_as_set,l211-s15-ash-2004,article:l211,0,,,,,0.6,118
heldout_method,sequence_as_bag,l211-s15-ash-2004,article:l211,0,,,,,0.4,118
heldout_method,random_gallery,l211-s15-ash-2004,article:l211,0,,,,,0.3220338983050847,118
heldout_method,balanced_strict,l313-s2-huang-2014,article:l313,0,,,,,1.0,119
heldout_method,equal_facets,l313-s2-huang-2014,article:l313,0,,,,,0.8,119
heldout_method,gower_field_pool,l313-s2-huang-2014,article:l313,0,,,,,0.8,119
heldout_method,sequence_as_set,l313-s2-huang-2014,article:l313,0,,,,,0.6,119
heldout_method,sequence_as_bag,l313-s2-huang-2014,article:l313,0,,,,,0.6,119
heldout_method,random_gallery,l313-s2-huang-2014,article:l313,0,,,,,0.3277310924369748,119
heldout_method,balanced_strict,l290-s24-si-2006,article:l290,0,,,,,0.2,119
heldout_method,equal_facets,l290-s24-si-2006,article:l290,0,,,,,0.2,119
heldout_method,gower_field_pool,l290-s24-si-2006,article:l290,0,,,,,0.2,119
heldout_method,sequence_as_set,l290-s24-si-2006,article:l290,0,,,,,0.2,119
heldout_method,sequence_as_bag,l290-s24-si-2006,article:l290,0,,,,,0.2,119
heldout_method,random_gallery,l290-s24-si-2006,article:l290,0,,,,,0.3277310924369748,119
heldout_method,balanced_strict,l229-s2-bao-2011,article:l229,0,,,,,0.0,118
heldout_method,equal_facets,l229-s2-bao-2011,article:l229,0,,,,,0.0,118
heldout_method,gower_field_pool,l229-s2-bao-2011,article:l229,0,,,,,0.0,118
heldout_method,sequence_as_set,l229-s2-bao-2011,article:l229,0,,,,,0.0,118
heldout_method,sequence_as_bag,l229-s2-bao-2011,article:l229,0,,,,,0.0,118
heldout_method,random_gallery,l229-s2-bao-2011,article:l229,0,,,,,0.3220338983050847,118
heldout_method,balanced_strict,l203-s17-ma-2009,article:l203,0,,,,,0.2,119
heldout_method,equal_facets,l203-s17-ma-2009,article:l203,0,,,,,0.2,119
heldout_method,gower_field_pool,l203-s17-ma-2009,article:l203,0,,,,,0.2,119
heldout_method,sequence_as_set,l203-s17-ma-2009,article:l203,0,,,,,0.2,119
heldout_method,sequence_as_bag,l203-s17-ma-2009,article:l203,0,,,,,0.4,119
heldout_method,random_gallery,l203-s17-ma-2009,article:l203,0,,,,,0.3277310924369748,119
heldout_method,balanced_strict,l383-s1-sadeghi-2017,article:l383,0,,,,,0.6,119
heldout_method,equal_facets,l383-s1-sadeghi-2017,article:l383,0,,,,,0.6,119
heldout_method,gower_field_pool,l383-s1-sadeghi-2017,article:l383,0,,,,,0.6,119
heldout_method,sequence_as_set,l383-s1-sadeghi-2017,article:l383,0,,,,,0.4,119
heldout_method,sequence_as_bag,l383-s1-sadeghi-2017,article:l383,0,,,,,0.6,119
heldout_method,random_gallery,l383-s1-sadeghi-2017,article:l383,0,,,,,0.3277310924369748,119
heldout_method,balanced_strict,l309-s4-torki-2010,article:l309,0,,,,,0.6,119
heldout_method,equal_facets,l309-s4-torki-2010,article:l309,0,,,,,0.8,119
heldout_method,gower_field_pool,l309-s4-torki-2010,article:l309,0,,,,,0.6,119
heldout_method,sequence_as_set,l309-s4-torki-2010,article:l309,0,,,,,0.2,119
heldout_method,sequence_as_bag,l309-s4-torki-2010,article:l309,0,,,,,0.6,119
heldout_method,random_gallery,l309-s4-torki-2010,article:l309,0,,,,,0.3277310924369748,119
heldout_method,balanced_strict,l142-s2-gao-2014,article:l142,0,,,,,0.4,119
heldout_method,equal_facets,l142-s2-gao-2014,article:l142,0,,,,,0.6,119
heldout_method,gower_field_pool,l142-s2-gao-2014,article:l142,0,,,,,0.4,119
heldout_method,sequence_as_set,l142-s2-gao-2014,article:l142,0,,,,,0.6,119
heldout_method,sequence_as_bag,l142-s2-gao-2014,article:l142,0,,,,,0.4,119
heldout_method,random_gallery,l142-s2-gao-2014,article:l142,0,,,,,0.3277310924369748,119
heldout_method,balanced_strict,l177-s2-yang-2013,article:l177,0,,,,,0.8,119
heldout_method,equal_facets,l177-s2-yang-2013,article:l177,0,,,,,0.6,119
heldout_method,gower_field_pool,l177-s2-yang-2013,article:l177,0,,,,,0.8,119
heldout_method,sequence_as_set,l177-s2-yang-2013,article:l177,0,,,,,1.0,119
heldout_method,sequence_as_bag,l177-s2-yang-2013,article:l177,0,,,,,0.8,119
heldout_method,random_gallery,l177-s2-yang-2013,article:l177,0,,,,,0.3277310924369748,119
heldout_method,balanced_strict,l274-s3-goh-2003,article:l274,0,,,,,0.4,119
heldout_method,equal_facets,l274-s3-goh-2003,article:l274,0,,,,,0.4,119
heldout_method,gower_field_pool,l274-s3-goh-2003,article:l274,0,,,,,0.2,119
heldout_method,sequence_as_set,l274-s3-goh-2003,article:l274,0,,,,,0.2,119
heldout_method,sequence_as_bag,l274-s3-goh-2003,article:l274,0,,,,,0.4,119
heldout_method,random_gallery,l274-s3-goh-2003,article:l274,0,,,,,0.3277310924369748,119
heldout_method,balanced_strict,l221-s8-dai-2008,article:l221,0,,,,,0.4,118
heldout_method,equal_facets,l221-s8-dai-2008,article:l221,0,,,,,0.6,118
heldout_method,gower_field_pool,l221-s8-dai-2008,article:l221,0,,,,,0.0,118
heldout_method,sequence_as_set,l221-s8-dai-2008,article:l221,0,,,,,0.6,118
heldout_method,sequence_as_bag,l221-s8-dai-2008,article:l221,0,,,,,0.4,118
heldout_method,random_gallery,l221-s8-dai-2008,article:l221,0,,,,,0.3220338983050847,118
heldout_method,balanced_strict,l191-s3-xie-2004,article:l191,0,,,,,0.6,118
heldout_method,equal_facets,l191-s3-xie-2004,article:l191,0,,,,,0.8,118
heldout_method,gower_field_pool,l191-s3-xie-2004,article:l191,0,,,,,0.6,118
heldout_method,sequence_as_set,l191-s3-xie-2004,article:l191,0,,,,,0.4,118
heldout_method,sequence_as_bag,l191-s3-xie-2004,article:l191,0,,,,,0.6,118
heldout_method,random_gallery,l191-s3-xie-2004,article:l191,0,,,,,0.3220338983050847,118
heldout_method,balanced_strict,l275-s1-zhou-2006,article:l275,0,,,,,0.4,119
heldout_method,equal_facets,l275-s1-zhou-2006,article:l275,0,,,,,0.4,119
heldout_method,gower_field_pool,l275-s1-zhou-2006,article:l275,0,,,,,0.8,119
heldout_method,sequence_as_set,l275-s1-zhou-2006,article:l275,0,,,,,0.4,119
heldout_method,sequence_as_bag,l275-s1-zhou-2006,article:l275,0,,,,,0.4,119
heldout_method,random_gallery,l275-s1-zhou-2006,article:l275,0,,,,,0.3277310924369748,119
heldout_method,balanced_strict,l382-s1-huang-2019,article:l382,0,,,,,0.0,119
heldout_method,equal_facets,l382-s1-huang-2019,article:l382,0,,,,,0.2,119
heldout_method,gower_field_pool,l382-s1-huang-2019,article:l382,0,,,,,0.2,119
heldout_method,sequence_as_set,l382-s1-huang-2019,article:l382,0,,,,,0.2,119
heldout_method,sequence_as_bag,l382-s1-huang-2019,article:l382,0,,,,,0.0,119
heldout_method,random_gallery,l382-s1-huang-2019,article:l382,0,,,,,0.3277310924369748,119
heldout_method,balanced_strict,l258-s4-du-2004,article:l258,0,,,,,0.8,119
heldout_method,equal_facets,l258-s4-du-2004,article:l258,0,,,,,0.8,119
heldout_method,gower_field_pool,l258-s4-du-2004,article:l258,0,,,,,0.6,119
heldout_method,sequence_as_set,l258-s4-du-2004,article:l258,0,,,,,0.8,119
heldout_method,sequence_as_bag,l258-s4-du-2004,article:l258,0,,,,,0.8,119
heldout_method,random_gallery,l258-s4-du-2004,article:l258,0,,,,,0.3277310924369748,119
heldout_method,balanced_strict,l200-s4-schoch-2008,article:l200,0,,,,,0.2,119
heldout_method,equal_facets,l200-s4-schoch-2008,article:l200,0,,,,,0.4,119
heldout_method,gower_field_pool,l200-s4-schoch-2008,article:l200,0,,,,,0.4,119
heldout_method,sequence_as_set,l200-s4-schoch-2008,article:l200,0,,,,,0.8,119
heldout_method,sequence_as_bag,l200-s4-schoch-2008,article:l200,0,,,,,0.2,119
heldout_method,random_gallery,l200-s4-schoch-2008,article:l200,0,,,,,0.3277310924369748,119
heldout_method,balanced_strict,l325-s5-manafi-2015,article:l325,0,,,,,0.4,119
heldout_method,equal_facets,l325-s5-manafi-2015,article:l325,0,,,,,0.6,119
heldout_method,gower_field_pool,l325-s5-manafi-2015,article:l325,0,,,,,0.6,119
heldout_method,sequence_as_set,l325-s5-manafi-2015,article:l325,0,,,,,0.4,119
heldout_method,sequence_as_bag,l325-s5-manafi-2015,article:l325,0,,,,,0.2,119
heldout_method,random_gallery,l325-s5-manafi-2015,article:l325,0,,,,,0.3277310924369748,119
heldout_method,balanced_strict,l180-s3-maillard-2012,article:l180,0,,,,,0.0,119
heldout_method,equal_facets,l180-s3-maillard-2012,article:l180,0,,,,,0.0,119
heldout_method,gower_field_pool,l180-s3-maillard-2012,article:l180,0,,,,,0.0,119
heldout_method,sequence_as_set,l180-s3-maillard-2012,article:l180,0,,,,,0.0,119
heldout_method,sequence_as_bag,l180-s3-maillard-2012,article:l180,0,,,,,0.0,119
heldout_method,random_gallery,l180-s3-maillard-2012,article:l180,0,,,,,0.3277310924369748,119
heldout_method,balanced_strict,l310-s5-chatterjee-2007,article:l310,0,,,,,0.2,119
heldout_method,equal_facets,l310-s5-chatterjee-2007,article:l310,0,,,,,0.0,119
heldout_method,gower_field_pool,l310-s5-chatterjee-2007,article:l310,0,,,,,0.0,119
heldout_method,sequence_as_set,l310-s5-chatterjee-2007,article:l310,0,,,,,0.0,119
heldout_method,sequence_as_bag,l310-s5-chatterjee-2007,article:l310,0,,,,,0.0,119
heldout_method,random_gallery,l310-s5-chatterjee-2007,article:l310,0,,,,,0.3277310924369748,119
heldout_method,balanced_strict,l413-s3-botta-2018,article:l413,0,,,,,0.8,119
heldout_method,equal_facets,l413-s3-botta-2018,article:l413,0,,,,,0.6,119
heldout_method,gower_field_pool,l413-s3-botta-2018,article:l413,0,,,,,0.8,119
heldout_method,sequence_as_set,l413-s3-botta-2018,article:l413,0,,,,,0.6,119
heldout_method,sequence_as_bag,l413-s3-botta-2018,article:l413,0,,,,,0.6,119
heldout_method,random_gallery,l413-s3-botta-2018,article:l413,0,,,,,0.3277310924369748,119
heldout_method,balanced_strict,l375-s4-rishi-2018,article:l375,0,,,,,0.4,118
heldout_method,equal_facets,l375-s4-rishi-2018,article:l375,0,,,,,0.4,118
heldout_method,gower_field_pool,l375-s4-rishi-2018,article:l375,0,,,,,0.6,118
heldout_method,sequence_as_set,l375-s4-rishi-2018,article:l375,0,,,,,0.2,118
heldout_method,sequence_as_bag,l375-s4-rishi-2018,article:l375,0,,,,,0.4,118
heldout_method,random_gallery,l375-s4-rishi-2018,article:l375,0,,,,,0.3220338983050847,118
heldout_method,balanced_strict,l252-s3-ameli-2014,article:l252,0,,,,,0.8,119
heldout_method,equal_facets,l252-s3-ameli-2014,article:l252,0,,,,,0.2,119
heldout_method,gower_field_pool,l252-s3-ameli-2014,article:l252,0,,,,,0.6,119
heldout_method,sequence_as_set,l252-s3-ameli-2014,article:l252,0,,,,,0.8,119
heldout_method,sequence_as_bag,l252-s3-ameli-2014,article:l252,0,,,,,0.8,119
heldout_method,random_gallery,l252-s3-ameli-2014,article:l252,0,,,,,0.3277310924369748,119
heldout_method,balanced_strict,l154-s3-eitan-2005,article:l154,0,,,,,0.2,119
heldout_method,equal_facets,l154-s3-eitan-2005,article:l154,0,,,,,0.2,119
heldout_method,gower_field_pool,l154-s3-eitan-2005,article:l154,0,,,,,0.4,119
heldout_method,sequence_as_set,l154-s3-eitan-2005,article:l154,0,,,,,0.0,119
heldout_method,sequence_as_bag,l154-s3-eitan-2005,article:l154,0,,,,,0.0,119
heldout_method,random_gallery,l154-s3-eitan-2005,article:l154,0,,,,,0.3277310924369748,119
heldout_method,balanced_strict,l376-s6-carroll-2017,article:l376,0,,,,,0.6,119
heldout_method,equal_facets,l376-s6-carroll-2017,article:l376,0,,,,,0.6,119
heldout_method,gower_field_pool,l376-s6-carroll-2017,article:l376,0,,,,,0.2,119
heldout_method,sequence_as_set,l376-s6-carroll-2017,article:l376,0,,,,,0.6,119
heldout_method,sequence_as_bag,l376-s6-carroll-2017,article:l376,0,,,,,0.6,119
heldout_method,random_gallery,l376-s6-carroll-2017,article:l376,0,,,,,0.3277310924369748,119
heldout_method,balanced_strict,l111-s4-singha-2009,article:l111,0,,,,,0.6,118
heldout_method,equal_facets,l111-s4-singha-2009,article:l111,0,,,,,0.6,118
heldout_method,gower_field_pool,l111-s4-singha-2009,article:l111,0,,,,,0.0,118
heldout_method,sequence_as_set,l111-s4-singha-2009,article:l111,0,,,,,0.6,118
heldout_method,sequence_as_bag,l111-s4-singha-2009,article:l111,0,,,,,0.6,118
heldout_method,random_gallery,l111-s4-singha-2009,article:l111,0,,,,,0.3220338983050847,118
heldout_method,balanced_strict,l179-s5-ramanathan-2007,article:l179,0,,,,,0.0,119
heldout_method,equal_facets,l179-s5-ramanathan-2007,article:l179,0,,,,,0.2,119
heldout_method,gower_field_pool,l179-s5-ramanathan-2007,article:l179,0,,,,,0.4,119
heldout_method,sequence_as_set,l179-s5-ramanathan-2007,article:l179,0,,,,,0.2,119
heldout_method,sequence_as_bag,l179-s5-ramanathan-2007,article:l179,0,,,,,0.2,119
heldout_method,random_gallery,l179-s5-ramanathan-2007,article:l179,0,,,,,0.3277310924369748,119
heldout_method,balanced_strict,l221-s4-dai-2008,article:l221,0,,,,,0.4,118
heldout_method,equal_facets,l221-s4-dai-2008,article:l221,0,,,,,0.6,118
heldout_method,gower_field_pool,l221-s4-dai-2008,article:l221,0,,,,,0.0,118
heldout_method,sequence_as_set,l221-s4-dai-2008,article:l221,0,,,,,0.6,118
heldout_method,sequence_as_bag,l221-s4-dai-2008,article:l221,0,,,,,0.4,118
heldout_method,random_gallery,l221-s4-dai-2008,article:l221,0,,,,,0.3220338983050847,118
heldout_method,balanced_strict,l208-s5-li-2012,article:l208,0,,,,,0.8,119
heldout_method,equal_facets,l208-s5-li-2012,article:l208,0,,,,,0.8,119
heldout_method,gower_field_pool,l208-s5-li-2012,article:l208,0,,,,,0.8,119
heldout_method,sequence_as_set,l208-s5-li-2012,article:l208,0,,,,,0.8,119
heldout_method,sequence_as_bag,l208-s5-li-2012,article:l208,0,,,,,0.8,119
heldout_method,random_gallery,l208-s5-li-2012,article:l208,0,,,,,0.3277310924369748,119
heldout_method,balanced_strict,l209-s7-ash-2001,article:l209,0,,,,,0.6,118
heldout_method,equal_facets,l209-s7-ash-2001,article:l209,0,,,,,0.2,118
heldout_method,gower_field_pool,l209-s7-ash-2001,article:l209,0,,,,,0.2,118
heldout_method,sequence_as_set,l209-s7-ash-2001,article:l209,0,,,,,0.8,118
heldout_method,sequence_as_bag,l209-s7-ash-2001,article:l209,0,,,,,0.6,118
heldout_method,random_gallery,l209-s7-ash-2001,article:l209,0,,,,,0.3220338983050847,118
heldout_method,balanced_strict,l136-s5-vescovo-2010,article:l136,0,,,,,0.4,119
heldout_method,equal_facets,l136-s5-vescovo-2010,article:l136,0,,,,,0.2,119
heldout_method,gower_field_pool,l136-s5-vescovo-2010,article:l136,0,,,,,0.2,119
heldout_method,sequence_as_set,l136-s5-vescovo-2010,article:l136,0,,,,,0.2,119
heldout_method,sequence_as_bag,l136-s5-vescovo-2010,article:l136,0,,,,,0.4,119
heldout_method,random_gallery,l136-s5-vescovo-2010,article:l136,0,,,,,0.3277310924369748,119
heldout_method,balanced_strict,l259-s2-chen-2017,article:l259,0,,,,,0.4,118
heldout_method,equal_facets,l259-s2-chen-2017,article:l259,0,,,,,0.4,118
heldout_method,gower_field_pool,l259-s2-chen-2017,article:l259,0,,,,,0.4,118
heldout_method,sequence_as_set,l259-s2-chen-2017,article:l259,0,,,,,0.2,118
heldout_method,sequence_as_bag,l259-s2-chen-2017,article:l259,0,,,,,0.2,118
heldout_method,random_gallery,l259-s2-chen-2017,article:l259,0,,,,,0.3220338983050847,118
heldout_method,balanced_strict,l314-s4-diezpascual-2011,article:l314,0,,,,,0.4,119
heldout_method,equal_facets,l314-s4-diezpascual-2011,article:l314,0,,,,,0.4,119
heldout_method,gower_field_pool,l314-s4-diezpascual-2011,article:l314,0,,,,,0.4,119
heldout_method,sequence_as_set,l314-s4-diezpascual-2011,article:l314,0,,,,,0.4,119
heldout_method,sequence_as_bag,l314-s4-diezpascual-2011,article:l314,0,,,,,0.4,119
heldout_method,random_gallery,l314-s4-diezpascual-2011,article:l314,0,,,,,0.3277310924369748,119
heldout_method,balanced_strict,l282-s3-cui-2008,article:l282,0,,,,,0.8,118
heldout_method,equal_facets,l282-s3-cui-2008,article:l282,0,,,,,0.4,118
heldout_method,gower_field_pool,l282-s3-cui-2008,article:l282,0,,,,,1.0,118
heldout_method,sequence_as_set,l282-s3-cui-2008,article:l282,0,,,,,0.4,118
heldout_method,sequence_as_bag,l282-s3-cui-2008,article:l282,0,,,,,0.8,118
heldout_method,random_gallery,l282-s3-cui-2008,article:l282,0,,,,,0.3220338983050847,118
heldout_method,balanced_strict,l118-s1-fidelus-2005,article:l118,0,,,,,0.4,119
heldout_method,equal_facets,l118-s1-fidelus-2005,article:l118,0,,,,,0.4,119
heldout_method,gower_field_pool,l118-s1-fidelus-2005,article:l118,0,,,,,0.2,119
heldout_method,sequence_as_set,l118-s1-fidelus-2005,article:l118,0,,,,,0.4,119
heldout_method,sequence_as_bag,l118-s1-fidelus-2005,article:l118,0,,,,,0.4,119
heldout_method,random_gallery,l118-s1-fidelus-2005,article:l118,0,,,,,0.3277310924369748,119
heldout_method,balanced_strict,l278-s2-choi-2001,article:l278,0,,,,,0.4,118
heldout_method,equal_facets,l278-s2-choi-2001,article:l278,0,,,,,0.4,118
heldout_method,gower_field_pool,l278-s2-choi-2001,article:l278,0,,,,,1.0,118
heldout_method,sequence_as_set,l278-s2-choi-2001,article:l278,0,,,,,0.6,118
heldout_method,sequence_as_bag,l278-s2-choi-2001,article:l278,0,,,,,1.0,118
heldout_method,random_gallery,l278-s2-choi-2001,article:l278,0,,,,,0.3220338983050847,118
heldout_method,balanced_strict,l146-s4-tao-2011,article:l146,0,,,,,0.2,118
heldout_method,equal_facets,l146-s4-tao-2011,article:l146,0,,,,,0.65,118
heldout_method,gower_field_pool,l146-s4-tao-2011,article:l146,0,,,,,0.6,118
heldout_method,sequence_as_set,l146-s4-tao-2011,article:l146,0,,,,,0.4,118
heldout_method,sequence_as_bag,l146-s4-tao-2011,article:l146,0,,,,,0.2,118
heldout_method,random_gallery,l146-s4-tao-2011,article:l146,0,,,,,0.3220338983050847,118
heldout_method,balanced_strict,l132-s4-holt-2014,article:l132,0,,,,,0.4,119
heldout_method,equal_facets,l132-s4-holt-2014,article:l132,0,,,,,0.6,119
heldout_method,gower_field_pool,l132-s4-holt-2014,article:l132,0,,,,,0.2,119
heldout_method,sequence_as_set,l132-s4-holt-2014,article:l132,0,,,,,0.4,119
heldout_method,sequence_as_bag,l132-s4-holt-2014,article:l132,0,,,,,0.4,119
heldout_method,random_gallery,l132-s4-holt-2014,article:l132,0,,,,,0.3277310924369748,119
heldout_method,balanced_strict,l137-s8-yang-2014,article:l137,0,,,,,0.4,119
heldout_method,equal_facets,l137-s8-yang-2014,article:l137,0,,,,,0.4,119
heldout_method,gower_field_pool,l137-s8-yang-2014,article:l137,0,,,,,0.6,119
heldout_method,sequence_as_set,l137-s8-yang-2014,article:l137,0,,,,,0.6,119
heldout_method,sequence_as_bag,l137-s8-yang-2014,article:l137,0,,,,,0.4,119
heldout_method,random_gallery,l137-s8-yang-2014,article:l137,0,,,,,0.3277310924369748,119
heldout_method,balanced_strict,l271-s15-sun-2004,article:l271,0,,,,,0.8,119
heldout_method,equal_facets,l271-s15-sun-2004,article:l271,0,,,,,0.4,119
heldout_method,gower_field_pool,l271-s15-sun-2004,article:l271,0,,,,,0.4,119
heldout_method,sequence_as_set,l271-s15-sun-2004,article:l271,0,,,,,0.8,119
heldout_method,sequence_as_bag,l271-s15-sun-2004,article:l271,0,,,,,0.8,119
heldout_method,random_gallery,l271-s15-sun-2004,article:l271,0,,,,,0.3277310924369748,119
heldout_method,balanced_strict,l266-s8-kalaitzidou-2007,article:l266,0,,,,,0.2,119
heldout_method,equal_facets,l266-s8-kalaitzidou-2007,article:l266,0,,,,,0.2,119
heldout_method,gower_field_pool,l266-s8-kalaitzidou-2007,article:l266,0,,,,,0.4,119
heldout_method,sequence_as_set,l266-s8-kalaitzidou-2007,article:l266,0,,,,,0.4,119
heldout_method,sequence_as_bag,l266-s8-kalaitzidou-2007,article:l266,0,,,,,0.4,119
heldout_method,random_gallery,l266-s8-kalaitzidou-2007,article:l266,0,,,,,0.3277310924369748,119
heldout_method,balanced_strict,l261-s2-wang-2016,article:l261,0,,,,,0.4,119
heldout_method,equal_facets,l261-s2-wang-2016,article:l261,0,,,,,0.4,119
heldout_method,gower_field_pool,l261-s2-wang-2016,article:l261,0,,,,,0.4,119
heldout_method,sequence_as_set,l261-s2-wang-2016,article:l261,0,,,,,0.2,119
heldout_method,sequence_as_bag,l261-s2-wang-2016,article:l261,0,,,,,0.4,119
heldout_method,random_gallery,l261-s2-wang-2016,article:l261,0,,,,,0.3277310924369748,119
heldout_method,balanced_strict,l377-s4-wanasekara-2017,article:l377,0,,,,,0.2,119
heldout_method,equal_facets,l377-s4-wanasekara-2017,article:l377,0,,,,,0.2,119
heldout_method,gower_field_pool,l377-s4-wanasekara-2017,article:l377,0,,,,,0.4,119
heldout_method,sequence_as_set,l377-s4-wanasekara-2017,article:l377,0,,,,,0.4,119
heldout_method,sequence_as_bag,l377-s4-wanasekara-2017,article:l377,0,,,,,0.2,119
heldout_method,random_gallery,l377-s4-wanasekara-2017,article:l377,0,,,,,0.3277310924369748,119
heldout_method,balanced_strict,l318-s3-patsidis-2014,article:l318,0,,,,,0.4,118
heldout_method,equal_facets,l318-s3-patsidis-2014,article:l318,0,,,,,0.6,118
heldout_method,gower_field_pool,l318-s3-patsidis-2014,article:l318,0,,,,,0.6,118
heldout_method,sequence_as_set,l318-s3-patsidis-2014,article:l318,0,,,,,0.2,118
heldout_method,sequence_as_bag,l318-s3-patsidis-2014,article:l318,0,,,,,0.6,118
heldout_method,random_gallery,l318-s3-patsidis-2014,article:l318,0,,,,,0.3220338983050847,118
heldout_method,balanced_strict,l375-s1-rishi-2018,article:l375,0,,,,,0.4,118
heldout_method,equal_facets,l375-s1-rishi-2018,article:l375,0,,,,,0.4,118
heldout_method,gower_field_pool,l375-s1-rishi-2018,article:l375,0,,,,,0.5,118
heldout_method,sequence_as_set,l375-s1-rishi-2018,article:l375,0,,,,,0.4,118
heldout_method,sequence_as_bag,l375-s1-rishi-2018,article:l375,0,,,,,0.4,118
heldout_method,random_gallery,l375-s1-rishi-2018,article:l375,0,,,,,0.3220338983050847,118
heldout_method,balanced_strict,l146-s3-tao-2011,article:l146,0,,,,,0.55,118
heldout_method,equal_facets,l146-s3-tao-2011,article:l146,0,,,,,0.8,118
heldout_method,gower_field_pool,l146-s3-tao-2011,article:l146,0,,,,,0.8,118
heldout_method,sequence_as_set,l146-s3-tao-2011,article:l146,0,,,,,0.55,118
heldout_method,sequence_as_bag,l146-s3-tao-2011,article:l146,0,,,,,0.55,118
heldout_method,random_gallery,l146-s3-tao-2011,article:l146,0,,,,,0.3220338983050847,118
heldout_method,balanced_strict,l304-s3-stockelhuber-2011,article:l304,0,,,,,0.4,119
heldout_method,equal_facets,l304-s3-stockelhuber-2011,article:l304,0,,,,,0.2,119
heldout_method,gower_field_pool,l304-s3-stockelhuber-2011,article:l304,0,,,,,0.6,119
heldout_method,sequence_as_set,l304-s3-stockelhuber-2011,article:l304,0,,,,,0.4,119
heldout_method,sequence_as_bag,l304-s3-stockelhuber-2011,article:l304,0,,,,,0.4,119
heldout_method,random_gallery,l304-s3-stockelhuber-2011,article:l304,0,,,,,0.3277310924369748,119
heldout_method,balanced_strict,l229-s7-bao-2011,article:l229,0,,,,,0.0,118
heldout_method,equal_facets,l229-s7-bao-2011,article:l229,0,,,,,0.0,118
heldout_method,gower_field_pool,l229-s7-bao-2011,article:l229,0,,,,,0.0,118
heldout_method,sequence_as_set,l229-s7-bao-2011,article:l229,0,,,,,0.0,118
heldout_method,sequence_as_bag,l229-s7-bao-2011,article:l229,0,,,,,0.0,118
heldout_method,random_gallery,l229-s7-bao-2011,article:l229,0,,,,,0.3220338983050847,118
heldout_method,balanced_strict,l316-s3-chandrasekaran-2013,article:l316,0,,,,,0.4,117
heldout_method,equal_facets,l316-s3-chandrasekaran-2013,article:l316,0,,,,,0.4,117
heldout_method,gower_field_pool,l316-s3-chandrasekaran-2013,article:l316,0,,,,,0.6,117
heldout_method,sequence_as_set,l316-s3-chandrasekaran-2013,article:l316,0,,,,,0.4,117
heldout_method,sequence_as_bag,l316-s3-chandrasekaran-2013,article:l316,0,,,,,0.4,117
heldout_method,random_gallery,l316-s3-chandrasekaran-2013,article:l316,0,,,,,0.3247863247863248,117
heldout_method,balanced_strict,l120-s11-murugaraj-2005,article:l120,0,,,,,0.6,118
heldout_method,equal_facets,l120-s11-murugaraj-2005,article:l120,0,,,,,0.4,118
heldout_method,gower_field_pool,l120-s11-murugaraj-2005,article:l120,0,,,,,0.6,118
heldout_method,sequence_as_set,l120-s11-murugaraj-2005,article:l120,0,,,,,0.6,118
heldout_method,sequence_as_bag,l120-s11-murugaraj-2005,article:l120,0,,,,,0.4,118
heldout_method,random_gallery,l120-s11-murugaraj-2005,article:l120,0,,,,,0.3220338983050847,118
heldout_method,balanced_strict,l297-s1-shen-2004,article:l297,0,,,,,0.2,118
heldout_method,equal_facets,l297-s1-shen-2004,article:l297,0,,,,,0.2,118
heldout_method,gower_field_pool,l297-s1-shen-2004,article:l297,0,,,,,0.0,118
heldout_method,sequence_as_set,l297-s1-shen-2004,article:l297,0,,,,,0.2,118
heldout_method,sequence_as_bag,l297-s1-shen-2004,article:l297,0,,,,,0.2,118
heldout_method,random_gallery,l297-s1-shen-2004,article:l297,0,,,,,0.3220338983050847,118
heldout_method,balanced_strict,l267-s3-kim-2006,article:l267,0,,,,,0.2,119
heldout_method,equal_facets,l267-s3-kim-2006,article:l267,0,,,,,0.2,119
heldout_method,gower_field_pool,l267-s3-kim-2006,article:l267,0,,,,,0.2,119
heldout_method,sequence_as_set,l267-s3-kim-2006,article:l267,0,,,,,0.4,119
heldout_method,sequence_as_bag,l267-s3-kim-2006,article:l267,0,,,,,0.2,119
heldout_method,random_gallery,l267-s3-kim-2006,article:l267,0,,,,,0.3277310924369748,119
heldout_method,balanced_strict,l279-s1-motaung-2012,article:l279,0,,,,,0.6,119
heldout_method,equal_facets,l279-s1-motaung-2012,article:l279,0,,,,,0.8,119
heldout_method,gower_field_pool,l279-s1-motaung-2012,article:l279,0,,,,,0.6,119
heldout_method,sequence_as_set,l279-s1-motaung-2012,article:l279,0,,,,,0.4,119
heldout_method,sequence_as_bag,l279-s1-motaung-2012,article:l279,0,,,,,0.6,119
heldout_method,random_gallery,l279-s1-motaung-2012,article:l279,0,,,,,0.3277310924369748,119
heldout_method,balanced_strict,l302-s3-bandyopadhyay-2005,article:l302,0,,,,,0.2,119
heldout_method,equal_facets,l302-s3-bandyopadhyay-2005,article:l302,0,,,,,0.2,119
heldout_method,gower_field_pool,l302-s3-bandyopadhyay-2005,article:l302,0,,,,,0.0,119
heldout_method,sequence_as_set,l302-s3-bandyopadhyay-2005,article:l302,0,,,,,0.2,119
heldout_method,sequence_as_bag,l302-s3-bandyopadhyay-2005,article:l302,0,,,,,0.0,119
heldout_method,random_gallery,l302-s3-bandyopadhyay-2005,article:l302,0,,,,,0.3277310924369748,119
heldout_method,balanced_strict,l396-s4-ghosh-2013,article:l396,0,,,,,0.6,118
heldout_method,equal_facets,l396-s4-ghosh-2013,article:l396,0,,,,,0.4,118
heldout_method,gower_field_pool,l396-s4-ghosh-2013,article:l396,0,,,,,0.6,118
heldout_method,sequence_as_set,l396-s4-ghosh-2013,article:l396,0,,,,,0.8,118
heldout_method,sequence_as_bag,l396-s4-ghosh-2013,article:l396,0,,,,,0.6,118
heldout_method,random_gallery,l396-s4-ghosh-2013,article:l396,0,,,,,0.3220338983050847,118
heldout_method,balanced_strict,l297-s2-shen-2004,article:l297,0,,,,,0.0,118
heldout_method,equal_facets,l297-s2-shen-2004,article:l297,0,,,,,0.2,118
heldout_method,gower_field_pool,l297-s2-shen-2004,article:l297,0,,,,,0.0,118
heldout_method,sequence_as_set,l297-s2-shen-2004,article:l297,0,,,,,0.2,118
heldout_method,sequence_as_bag,l297-s2-shen-2004,article:l297,0,,,,,0.2,118
heldout_method,random_gallery,l297-s2-shen-2004,article:l297,0,,,,,0.3220338983050847,118
heldout_method,balanced_strict,l287-s3-jang-2008,article:l287,0,,,,,0.8,117
heldout_method,equal_facets,l287-s3-jang-2008,article:l287,0,,,,,0.6,117
heldout_method,gower_field_pool,l287-s3-jang-2008,article:l287,0,,,,,1.0,117
heldout_method,sequence_as_set,l287-s3-jang-2008,article:l287,0,,,,,0.8,117
heldout_method,sequence_as_bag,l287-s3-jang-2008,article:l287,0,,,,,0.8,117
heldout_method,random_gallery,l287-s3-jang-2008,article:l287,0,,,,,0.3162393162393162,117
heldout_method,balanced_strict,l129-s12-wu-2011,article:l129,0,,,,,0.2,119
heldout_method,equal_facets,l129-s12-wu-2011,article:l129,0,,,,,0.4,119
heldout_method,gower_field_pool,l129-s12-wu-2011,article:l129,0,,,,,0.2,119
heldout_method,sequence_as_set,l129-s12-wu-2011,article:l129,0,,,,,0.2,119
heldout_method,sequence_as_bag,l129-s12-wu-2011,article:l129,0,,,,,0.2,119
heldout_method,random_gallery,l129-s12-wu-2011,article:l129,0,,,,,0.3277310924369748,119
heldout_method,balanced_strict,l191-s2-xie-2004,article:l191,0,,,,,0.8,118
heldout_method,equal_facets,l191-s2-xie-2004,article:l191,0,,,,,0.8,118
heldout_method,gower_field_pool,l191-s2-xie-2004,article:l191,0,,,,,0.8,118
heldout_method,sequence_as_set,l191-s2-xie-2004,article:l191,0,,,,,0.4,118
heldout_method,sequence_as_bag,l191-s2-xie-2004,article:l191,0,,,,,0.8,118
heldout_method,random_gallery,l191-s2-xie-2004,article:l191,0,,,,,0.3220338983050847,118
heldout_method,balanced_strict,l209-s12-ash-2001,article:l209,0,,,,,0.6,118
heldout_method,equal_facets,l209-s12-ash-2001,article:l209,0,,,,,0.6,118
heldout_method,gower_field_pool,l209-s12-ash-2001,article:l209,0,,,,,0.2,118
heldout_method,sequence_as_set,l209-s12-ash-2001,article:l209,0,,,,,0.8,118
heldout_method,sequence_as_bag,l209-s12-ash-2001,article:l209,0,,,,,0.6,118
heldout_method,random_gallery,l209-s12-ash-2001,article:l209,0,,,,,0.3220338983050847,118
heldout_method,balanced_strict,l397-s1-tuncer-2007,article:l397,0,,,,,0.4,119
heldout_method,equal_facets,l397-s1-tuncer-2007,article:l397,0,,,,,0.4,119
heldout_method,gower_field_pool,l397-s1-tuncer-2007,article:l397,0,,,,,0.8,119
heldout_method,sequence_as_set,l397-s1-tuncer-2007,article:l397,0,,,,,0.6,119
heldout_method,sequence_as_bag,l397-s1-tuncer-2007,article:l397,0,,,,,0.4,119
heldout_method,random_gallery,l397-s1-tuncer-2007,article:l397,0,,,,,0.3277310924369748,119
heldout_method,balanced_strict,l102-s8-hu-2007,article:l102,0,,,,,0.8,119
heldout_method,equal_facets,l102-s8-hu-2007,article:l102,0,,,,,0.8,119
heldout_method,gower_field_pool,l102-s8-hu-2007,article:l102,0,,,,,1.0,119
heldout_method,sequence_as_set,l102-s8-hu-2007,article:l102,0,,,,,0.8,119
heldout_method,sequence_as_bag,l102-s8-hu-2007,article:l102,0,,,,,0.8,119
heldout_method,random_gallery,l102-s8-hu-2007,article:l102,0,,,,,0.3277310924369748,119
heldout_method,balanced_strict,l294-s4-sarwar-2007,article:l294,0,,,,,0.6,118
heldout_method,equal_facets,l294-s4-sarwar-2007,article:l294,0,,,,,0.4,118
heldout_method,gower_field_pool,l294-s4-sarwar-2007,article:l294,0,,,,,0.8,118
heldout_method,sequence_as_set,l294-s4-sarwar-2007,article:l294,0,,,,,0.4,118
heldout_method,sequence_as_bag,l294-s4-sarwar-2007,article:l294,0,,,,,0.6,118
heldout_method,random_gallery,l294-s4-sarwar-2007,article:l294,0,,,,,0.3220338983050847,118
heldout_method,balanced_strict,l278-s1-choi-2001,article:l278,0,,,,,0.8,118
heldout_method,equal_facets,l278-s1-choi-2001,article:l278,0,,,,,0.8,118
heldout_method,gower_field_pool,l278-s1-choi-2001,article:l278,0,,,,,1.0,118
heldout_method,sequence_as_set,l278-s1-choi-2001,article:l278,0,,,,,1.0,118
heldout_method,sequence_as_bag,l278-s1-choi-2001,article:l278,0,,,,,1.0,118
heldout_method,random_gallery,l278-s1-choi-2001,article:l278,0,,,,,0.3220338983050847,118
heldout_method,balanced_strict,l287-s4-jang-2008,article:l287,0,,,,,0.8,117
heldout_method,equal_facets,l287-s4-jang-2008,article:l287,0,,,,,0.6,117
heldout_method,gower_field_pool,l287-s4-jang-2008,article:l287,0,,,,,1.0,117
heldout_method,sequence_as_set,l287-s4-jang-2008,article:l287,0,,,,,0.8,117
heldout_method,sequence_as_bag,l287-s4-jang-2008,article:l287,0,,,,,0.8,117
heldout_method,random_gallery,l287-s4-jang-2008,article:l287,0,,,,,0.3162393162393162,117
heldout_method,balanced_strict,l217-s6-ash-2002,article:l217,0,,,,,0.0,119
heldout_method,equal_facets,l217-s6-ash-2002,article:l217,0,,,,,0.2,119
heldout_method,gower_field_pool,l217-s6-ash-2002,article:l217,0,,,,,0.4,119
heldout_method,sequence_as_set,l217-s6-ash-2002,article:l217,0,,,,,0.2,119
heldout_method,sequence_as_bag,l217-s6-ash-2002,article:l217,0,,,,,0.0,119
heldout_method,random_gallery,l217-s6-ash-2002,article:l217,0,,,,,0.3277310924369748,119
heldout_method,balanced_strict,l316-s5-chandrasekaran-2013,article:l316,0,,,,,0.4,117
heldout_method,equal_facets,l316-s5-chandrasekaran-2013,article:l316,0,,,,,0.4,117
heldout_method,gower_field_pool,l316-s5-chandrasekaran-2013,article:l316,0,,,,,0.6,117
heldout_method,sequence_as_set,l316-s5-chandrasekaran-2013,article:l316,0,,,,,0.4,117
heldout_method,sequence_as_bag,l316-s5-chandrasekaran-2013,article:l316,0,,,,,0.4,117
heldout_method,random_gallery,l316-s5-chandrasekaran-2013,article:l316,0,,,,,0.3247863247863248,117
heldout_method,balanced_strict,e108-s10-huang-2016,article:e108,0,,,,,0.2,119
heldout_method,equal_facets,e108-s10-huang-2016,article:e108,0,,,,,0.2,119
heldout_method,gower_field_pool,e108-s10-huang-2016,article:e108,0,,,,,0.0,119
heldout_method,sequence_as_set,e108-s10-huang-2016,article:e108,0,,,,,0.2,119
heldout_method,sequence_as_bag,e108-s10-huang-2016,article:e108,0,,,,,0.2,119
heldout_method,random_gallery,e108-s10-huang-2016,article:e108,0,,,,,0.3277310924369748,119
heldout_method,balanced_strict,l212-s5-ghanbari-2012,article:l212,0,,,,,0.6,119
heldout_method,equal_facets,l212-s5-ghanbari-2012,article:l212,0,,,,,0.8,119
heldout_method,gower_field_pool,l212-s5-ghanbari-2012,article:l212,0,,,,,0.8,119
heldout_method,sequence_as_set,l212-s5-ghanbari-2012,article:l212,0,,,,,0.6,119
heldout_method,sequence_as_bag,l212-s5-ghanbari-2012,article:l212,0,,,,,0.6,119
heldout_method,random_gallery,l212-s5-ghanbari-2012,article:l212,0,,,,,0.3277310924369748,119
heldout_method,balanced_strict,l324-s6-zhu-2017,article:l324,0,,,,,0.4,118
heldout_method,equal_facets,l324-s6-zhu-2017,article:l324,0,,,,,0.4,118
heldout_method,gower_field_pool,l324-s6-zhu-2017,article:l324,0,,,,,0.6,118
heldout_method,sequence_as_set,l324-s6-zhu-2017,article:l324,0,,,,,0.6,118
heldout_method,sequence_as_bag,l324-s6-zhu-2017,article:l324,0,,,,,0.6,118
heldout_method,random_gallery,l324-s6-zhu-2017,article:l324,0,,,,,0.3220338983050847,118
heldout_method,balanced_strict,l316-s10-chandrasekaran-2013,article:l316,0,,,,,0.4,117
heldout_method,equal_facets,l316-s10-chandrasekaran-2013,article:l316,0,,,,,0.2,117
heldout_method,gower_field_pool,l316-s10-chandrasekaran-2013,article:l316,0,,,,,0.4,117
heldout_method,sequence_as_set,l316-s10-chandrasekaran-2013,article:l316,0,,,,,0.2,117
heldout_method,sequence_as_bag,l316-s10-chandrasekaran-2013,article:l316,0,,,,,0.4,117
heldout_method,random_gallery,l316-s10-chandrasekaran-2013,article:l316,0,,,,,0.3333333333333333,117
heldout_method,balanced_strict,l388-s1-benes-2018,article:l388,0,,,,,0.0,119
heldout_method,equal_facets,l388-s1-benes-2018,article:l388,0,,,,,0.0,119
heldout_method,gower_field_pool,l388-s1-benes-2018,article:l388,0,,,,,0.0,119
heldout_method,sequence_as_set,l388-s1-benes-2018,article:l388,0,,,,,0.2,119
heldout_method,sequence_as_bag,l388-s1-benes-2018,article:l388,0,,,,,0.2,119
heldout_method,random_gallery,l388-s1-benes-2018,article:l388,0,,,,,0.3277310924369748,119
heldout_method,balanced_strict,l318-s4-patsidis-2014,article:l318,0,,,,,0.4,118
heldout_method,equal_facets,l318-s4-patsidis-2014,article:l318,0,,,,,0.6,118
heldout_method,gower_field_pool,l318-s4-patsidis-2014,article:l318,0,,,,,0.6,118
heldout_method,sequence_as_set,l318-s4-patsidis-2014,article:l318,0,,,,,0.2,118
heldout_method,sequence_as_bag,l318-s4-patsidis-2014,article:l318,0,,,,,0.6,118
heldout_method,random_gallery,l318-s4-patsidis-2014,article:l318,0,,,,,0.3220338983050847,118
heldout_method,balanced_strict,l285-s3-pham-2012,article:l285,0,,,,,0.2,118
heldout_method,equal_facets,l285-s3-pham-2012,article:l285,0,,,,,0.2,118
heldout_method,gower_field_pool,l285-s3-pham-2012,article:l285,0,,,,,0.0,118
heldout_method,sequence_as_set,l285-s3-pham-2012,article:l285,0,,,,,0.4,118
heldout_method,sequence_as_bag,l285-s3-pham-2012,article:l285,0,,,,,0.2,118
heldout_method,random_gallery,l285-s3-pham-2012,article:l285,0,,,,,0.3220338983050847,118
heldout_method,balanced_strict,l285-s1-pham-2012,article:l285,0,,,,,0.4,118
heldout_method,equal_facets,l285-s1-pham-2012,article:l285,0,,,,,0.4,118
heldout_method,gower_field_pool,l285-s1-pham-2012,article:l285,0,,,,,0.0,118
heldout_method,sequence_as_set,l285-s1-pham-2012,article:l285,0,,,,,0.4,118
heldout_method,sequence_as_bag,l285-s1-pham-2012,article:l285,0,,,,,0.4,118
heldout_method,random_gallery,l285-s1-pham-2012,article:l285,0,,,,,0.3220338983050847,118
heldout_method,balanced_strict,l276-s3-huang-2009,article:l276,0,,,,,0.6,118
heldout_method,equal_facets,l276-s3-huang-2009,article:l276,0,,,,,0.4,118
heldout_method,gower_field_pool,l276-s3-huang-2009,article:l276,0,,,,,0.6,118
heldout_method,sequence_as_set,l276-s3-huang-2009,article:l276,0,,,,,0.6,118
heldout_method,sequence_as_bag,l276-s3-huang-2009,article:l276,0,,,,,0.6,118
heldout_method,random_gallery,l276-s3-huang-2009,article:l276,0,,,,,0.3220338983050847,118
heldout_method,balanced_strict,l255-s9-logakis-2009,article:l255,0,,,,,0.2,119
heldout_method,equal_facets,l255-s9-logakis-2009,article:l255,0,,,,,0.32,119
heldout_method,gower_field_pool,l255-s9-logakis-2009,article:l255,0,,,,,0.8,119
heldout_method,sequence_as_set,l255-s9-logakis-2009,article:l255,0,,,,,0.2,119
heldout_method,sequence_as_bag,l255-s9-logakis-2009,article:l255,0,,,,,0.2,119
heldout_method,random_gallery,l255-s9-logakis-2009,article:l255,0,,,,,0.3277310924369748,119
heldout_method,balanced_strict,l260-s2-haggenmueller-2006,article:l260,0,,,,,0.4,118
heldout_method,equal_facets,l260-s2-haggenmueller-2006,article:l260,0,,,,,0.4,118
heldout_method,gower_field_pool,l260-s2-haggenmueller-2006,article:l260,0,,,,,0.4,118
heldout_method,sequence_as_set,l260-s2-haggenmueller-2006,article:l260,0,,,,,0.4,118
heldout_method,sequence_as_bag,l260-s2-haggenmueller-2006,article:l260,0,,,,,0.4,118
heldout_method,random_gallery,l260-s2-haggenmueller-2006,article:l260,0,,,,,0.3220338983050847,118
heldout_method,balanced_strict,l287-s2-jang-2008,article:l287,0,,,,,0.8,117
heldout_method,equal_facets,l287-s2-jang-2008,article:l287,0,,,,,0.6,117
heldout_method,gower_field_pool,l287-s2-jang-2008,article:l287,0,,,,,1.0,117
heldout_method,sequence_as_set,l287-s2-jang-2008,article:l287,0,,,,,0.6,117
heldout_method,sequence_as_bag,l287-s2-jang-2008,article:l287,0,,,,,0.8,117
heldout_method,random_gallery,l287-s2-jang-2008,article:l287,0,,,,,0.3162393162393162,117
heldout_method,balanced_strict,l282-s2-cui-2008,article:l282,0,,,,,0.8,118
heldout_method,equal_facets,l282-s2-cui-2008,article:l282,0,,,,,0.4,118
heldout_method,gower_field_pool,l282-s2-cui-2008,article:l282,0,,,,,1.0,118
heldout_method,sequence_as_set,l282-s2-cui-2008,article:l282,0,,,,,0.4,118
heldout_method,sequence_as_bag,l282-s2-cui-2008,article:l282,0,,,,,0.8,118
heldout_method,random_gallery,l282-s2-cui-2008,article:l282,0,,,,,0.3220338983050847,118
heldout_method,balanced_strict,l308-s3-demetrio-2013,article:l308,0,,,,,0.4,118
heldout_method,equal_facets,l308-s3-demetrio-2013,article:l308,0,,,,,0.4,118
heldout_method,gower_field_pool,l308-s3-demetrio-2013,article:l308,0,,,,,0.4,118
heldout_method,sequence_as_set,l308-s3-demetrio-2013,article:l308,0,,,,,0.4,118
heldout_method,sequence_as_bag,l308-s3-demetrio-2013,article:l308,0,,,,,0.4,118
heldout_method,random_gallery,l308-s3-demetrio-2013,article:l308,0,,,,,0.3220338983050847,118
heldout_method,balanced_strict,l259-s3-chen-2017,article:l259,0,,,,,0.4,118
heldout_method,equal_facets,l259-s3-chen-2017,article:l259,0,,,,,0.4,118
heldout_method,gower_field_pool,l259-s3-chen-2017,article:l259,0,,,,,0.4,118
heldout_method,sequence_as_set,l259-s3-chen-2017,article:l259,0,,,,,0.2,118
heldout_method,sequence_as_bag,l259-s3-chen-2017,article:l259,0,,,,,0.2,118
heldout_method,random_gallery,l259-s3-chen-2017,article:l259,0,,,,,0.3220338983050847,118
heldout_method,balanced_strict,l260-s5-haggenmueller-2006,article:l260,0,,,,,0.4,118
heldout_method,equal_facets,l260-s5-haggenmueller-2006,article:l260,0,,,,,0.4,118
heldout_method,gower_field_pool,l260-s5-haggenmueller-2006,article:l260,0,,,,,0.4,118
heldout_method,sequence_as_set,l260-s5-haggenmueller-2006,article:l260,0,,,,,0.4,118
heldout_method,sequence_as_bag,l260-s5-haggenmueller-2006,article:l260,0,,,,,0.4,118
heldout_method,random_gallery,l260-s5-haggenmueller-2006,article:l260,0,,,,,0.3220338983050847,118
heldout_method,balanced_strict,l392-s1-wang-2020,article:l392,0,,,,,0.4,119
heldout_method,equal_facets,l392-s1-wang-2020,article:l392,0,,,,,0.4,119
heldout_method,gower_field_pool,l392-s1-wang-2020,article:l392,0,,,,,0.4,119
heldout_method,sequence_as_set,l392-s1-wang-2020,article:l392,0,,,,,0.4,119
heldout_method,sequence_as_bag,l392-s1-wang-2020,article:l392,0,,,,,0.4,119
heldout_method,random_gallery,l392-s1-wang-2020,article:l392,0,,,,,0.3277310924369748,119
heldout_method,balanced_strict,e410-s2-prasad-2021,article:e410,0,,,,,0.4,119
heldout_method,equal_facets,e410-s2-prasad-2021,article:e410,0,,,,,0.2,119
heldout_method,gower_field_pool,e410-s2-prasad-2021,article:e410,0,,,,,0.4,119
heldout_method,sequence_as_set,e410-s2-prasad-2021,article:e410,0,,,,,0.4,119
heldout_method,sequence_as_bag,e410-s2-prasad-2021,article:e410,0,,,,,0.4,119
heldout_method,random_gallery,e410-s2-prasad-2021,article:e410,0,,,,,0.3277310924369748,119
heldout_method,balanced_strict,l276-s4-huang-2009,article:l276,0,,,,,0.6,118
heldout_method,equal_facets,l276-s4-huang-2009,article:l276,0,,,,,0.4,118
heldout_method,gower_field_pool,l276-s4-huang-2009,article:l276,0,,,,,0.6,118
heldout_method,sequence_as_set,l276-s4-huang-2009,article:l276,0,,,,,0.6,118
heldout_method,sequence_as_bag,l276-s4-huang-2009,article:l276,0,,,,,0.6,118
heldout_method,random_gallery,l276-s4-huang-2009,article:l276,0,,,,,0.3220338983050847,118
heldout_method,balanced_strict,l289-s1-motaung-2012,article:l289,0,,,,,0.6,119
heldout_method,equal_facets,l289-s1-motaung-2012,article:l289,0,,,,,0.8,119
heldout_method,gower_field_pool,l289-s1-motaung-2012,article:l289,0,,,,,0.6,119
heldout_method,sequence_as_set,l289-s1-motaung-2012,article:l289,0,,,,,0.4,119
heldout_method,sequence_as_bag,l289-s1-motaung-2012,article:l289,0,,,,,0.6,119
heldout_method,random_gallery,l289-s1-motaung-2012,article:l289,0,,,,,0.3277310924369748,119
heldout_method,balanced_strict,l294-s6-sarwar-2007,article:l294,0,,,,,0.2,118
heldout_method,equal_facets,l294-s6-sarwar-2007,article:l294,0,,,,,0.2,118
heldout_method,gower_field_pool,l294-s6-sarwar-2007,article:l294,0,,,,,0.8,118
heldout_method,sequence_as_set,l294-s6-sarwar-2007,article:l294,0,,,,,0.2,118
heldout_method,sequence_as_bag,l294-s6-sarwar-2007,article:l294,0,,,,,0.4,118
heldout_method,random_gallery,l294-s6-sarwar-2007,article:l294,0,,,,,0.3220338983050847,118
heldout_method,balanced_strict,e139-s6-hassinger-2016,article:e139,0,,,,,0.2,119
heldout_method,equal_facets,e139-s6-hassinger-2016,article:e139,0,,,,,0.4,119
heldout_method,gower_field_pool,e139-s6-hassinger-2016,article:e139,0,,,,,0.2,119
heldout_method,sequence_as_set,e139-s6-hassinger-2016,article:e139,0,,,,,0.2,119
heldout_method,sequence_as_bag,e139-s6-hassinger-2016,article:e139,0,,,,,0.2,119
heldout_method,random_gallery,e139-s6-hassinger-2016,article:e139,0,,,,,0.3277310924369748,119
heldout_method,balanced_strict,l306-s2-jiang-2008,article:l306,0,,,,,0.2,118
heldout_method,equal_facets,l306-s2-jiang-2008,article:l306,0,,,,,0.0,118
heldout_method,gower_field_pool,l306-s2-jiang-2008,article:l306,0,,,,,0.2,118
heldout_method,sequence_as_set,l306-s2-jiang-2008,article:l306,0,,,,,0.4,118
heldout_method,sequence_as_bag,l306-s2-jiang-2008,article:l306,0,,,,,0.4,118
heldout_method,random_gallery,l306-s2-jiang-2008,article:l306,0,,,,,0.3220338983050847,118
heldout_method,balanced_strict,e408-s24-prasad-2021,article:e408,0,,,,,0.4,119
heldout_method,equal_facets,e408-s24-prasad-2021,article:e408,0,,,,,0.4,119
heldout_method,gower_field_pool,e408-s24-prasad-2021,article:e408,0,,,,,0.4,119
heldout_method,sequence_as_set,e408-s24-prasad-2021,article:e408,0,,,,,0.4,119
heldout_method,sequence_as_bag,e408-s24-prasad-2021,article:e408,0,,,,,0.4,119
heldout_method,random_gallery,e408-s24-prasad-2021,article:e408,0,,,,,0.3277310924369748,119
heldout_method,balanced_strict,l236-s9-fukushima-2012,article:l236,0,,,,,0.2,119
heldout_method,equal_facets,l236-s9-fukushima-2012,article:l236,0,,,,,0.0,119
heldout_method,gower_field_pool,l236-s9-fukushima-2012,article:l236,0,,,,,0.4,119
heldout_method,sequence_as_set,l236-s9-fukushima-2012,article:l236,0,,,,,0.2,119
heldout_method,sequence_as_bag,l236-s9-fukushima-2012,article:l236,0,,,,,0.0,119
heldout_method,random_gallery,l236-s9-fukushima-2012,article:l236,0,,,,,0.3277310924369748,119
heldout_method,balanced_strict,l306-s3-jiang-2008,article:l306,0,,,,,0.4,118
heldout_method,equal_facets,l306-s3-jiang-2008,article:l306,0,,,,,0.0,118
heldout_method,gower_field_pool,l306-s3-jiang-2008,article:l306,0,,,,,0.2,118
heldout_method,sequence_as_set,l306-s3-jiang-2008,article:l306,0,,,,,0.4,118
heldout_method,sequence_as_bag,l306-s3-jiang-2008,article:l306,0,,,,,0.4,118
heldout_method,random_gallery,l306-s3-jiang-2008,article:l306,0,,,,,0.3220338983050847,118
heldout_method,balanced_strict,l120-s2-murugaraj-2005,article:l120,0,,,,,0.4,118
heldout_method,equal_facets,l120-s2-murugaraj-2005,article:l120,0,,,,,0.6,118
heldout_method,gower_field_pool,l120-s2-murugaraj-2005,article:l120,0,,,,,0.4,118
heldout_method,sequence_as_set,l120-s2-murugaraj-2005,article:l120,0,,,,,0.4,118
heldout_method,sequence_as_bag,l120-s2-murugaraj-2005,article:l120,0,,,,,0.4,118
heldout_method,random_gallery,l120-s2-murugaraj-2005,article:l120,0,,,,,0.3220338983050847,118
masked_record,balanced_strict,e116-s21-prasad-2018,article:e116,0,1.0,1.0,1.0,1,,120
masked_record,equal_facets,e116-s21-prasad-2018,article:e116,0,1.0,1.0,1.0,1,,120
masked_record,gower_field_pool,e116-s21-prasad-2018,article:e116,0,1.0,1.0,1.0,1,,120
masked_record,sequence_as_set,e116-s21-prasad-2018,article:e116,0,1.0,1.0,1.0,1,,120
masked_record,sequence_as_bag,e116-s21-prasad-2018,article:e116,0,1.0,1.0,1.0,1,,120
masked_record,balanced_strict,l225-s8-ma-2007,article:l225,0,1.0,1.0,1.0,1,,119
masked_record,equal_facets,l225-s8-ma-2007,article:l225,0,1.0,1.0,1.0,1,,119
masked_record,gower_field_pool,l225-s8-ma-2007,article:l225,0,1.0,1.0,1.0,1,,119
masked_record,sequence_as_set,l225-s8-ma-2007,article:l225,0,1.0,1.0,1.0,1,,119
masked_record,sequence_as_bag,l225-s8-ma-2007,article:l225,0,1.0,1.0,1.0,1,,119
masked_record,balanced_strict,l182-s7-hoepfner-2017,article:l182,0,1.0,1.0,1.0,1,,120
masked_record,equal_facets,l182-s7-hoepfner-2017,article:l182,0,1.0,1.0,1.0,1,,120
masked_record,gower_field_pool,l182-s7-hoepfner-2017,article:l182,0,1.0,1.0,1.0,1,,120
masked_record,sequence_as_set,l182-s7-hoepfner-2017,article:l182,0,1.0,1.0,1.0,1,,120
masked_record,sequence_as_bag,l182-s7-hoepfner-2017,article:l182,0,1.0,1.0,1.0,1,,120
masked_record,balanced_strict,l254-s7-castillo-2011,article:l254,0,1.0,1.0,1.0,1,,120
masked_record,equal_facets,l254-s7-castillo-2011,article:l254,0,1.0,1.0,1.0,1,,120
masked_record,gower_field_pool,l254-s7-castillo-2011,article:l254,0,1.0,1.0,1.0,1,,120
masked_record,sequence_as_set,l254-s7-castillo-2011,article:l254,0,1.0,1.0,1.0,1,,120
masked_record,sequence_as_bag,l254-s7-castillo-2011,article:l254,0,1.0,1.0,1.0,1,,120
masked_record,balanced_strict,l171-s15-rittigstein-2006,article:l171,0,1.0,1.0,1.0,1,,120
masked_record,equal_facets,l171-s15-rittigstein-2006,article:l171,0,1.0,1.0,1.0,1,,120
masked_record,gower_field_pool,l171-s15-rittigstein-2006,article:l171,0,1.0,1.0,1.0,1,,120
masked_record,sequence_as_set,l171-s15-rittigstein-2006,article:l171,0,1.0,1.0,1.0,1,,120
masked_record,sequence_as_bag,l171-s15-rittigstein-2006,article:l171,0,1.0,1.0,1.0,1,,120
masked_record,balanced_strict,l320-s2-wang-2014,article:l320,0,1.0,1.0,1.0,1,,120
masked_record,equal_facets,l320-s2-wang-2014,article:l320,0,1.0,1.0,1.0,1,,120
masked_record,gower_field_pool,l320-s2-wang-2014,article:l320,0,1.0,1.0,1.0,1,,120
masked_record,sequence_as_set,l320-s2-wang-2014,article:l320,0,1.0,1.0,1.0,1,,120
masked_record,sequence_as_bag,l320-s2-wang-2014,article:l320,0,1.0,1.0,1.0,1,,120
masked_record,balanced_strict,l324-s5-zhu-2017,article:l324,0,1.0,1.0,1.0,1,,119
masked_record,equal_facets,l324-s5-zhu-2017,article:l324,0,1.0,1.0,1.0,1,,119
masked_record,gower_field_pool,l324-s5-zhu-2017,article:l324,0,1.0,1.0,1.0,1,,119
masked_record,sequence_as_set,l324-s5-zhu-2017,article:l324,0,1.0,1.0,1.0,1,,119
masked_record,sequence_as_bag,l324-s5-zhu-2017,article:l324,0,1.0,1.0,1.0,1,,119
masked_record,balanced_strict,l225-s1-ma-2007,article:l225,0,1.0,1.0,1.0,1,,119
masked_record,equal_facets,l225-s1-ma-2007,article:l225,0,1.0,1.0,1.0,1,,119
masked_record,gower_field_pool,l225-s1-ma-2007,article:l225,0,1.0,1.0,1.0,1,,119
masked_record,sequence_as_set,l225-s1-ma-2007,article:l225,0,1.0,1.0,1.0,1,,119
masked_record,sequence_as_bag,l225-s1-ma-2007,article:l225,0,1.0,1.0,1.0,1,,119
masked_record,balanced_strict,l196-s4-petersson-2006,article:l196,0,1.0,1.0,1.0,1,,120
masked_record,equal_facets,l196-s4-petersson-2006,article:l196,0,1.0,1.0,1.0,1,,120
masked_record,gower_field_pool,l196-s4-petersson-2006,article:l196,0,1.0,1.0,1.0,1,,120
masked_record,sequence_as_set,l196-s4-petersson-2006,article:l196,0,1.0,1.0,1.0,1,,120
masked_record,sequence_as_bag,l196-s4-petersson-2006,article:l196,0,1.0,1.0,1.0,1,,120
masked_record,balanced_strict,l385-s3-bailey-2019,article:l385,0,1.0,1.0,1.0,1,,120
masked_record,equal_facets,l385-s3-bailey-2019,article:l385,0,1.0,1.0,1.0,1,,120
masked_record,gower_field_pool,l385-s3-bailey-2019,article:l385,0,1.0,1.0,1.0,1,,120
masked_record,sequence_as_set,l385-s3-bailey-2019,article:l385,0,1.0,1.0,1.0,1,,120
masked_record,sequence_as_bag,l385-s3-bailey-2019,article:l385,0,1.0,1.0,1.0,1,,120
masked_record,balanced_strict,l308-s4-demetrio-2013,article:l308,0,1.0,1.0,1.0,1,,119
masked_record,equal_facets,l308-s4-demetrio-2013,article:l308,0,1.0,1.0,1.0,1,,119
masked_record,gower_field_pool,l308-s4-demetrio-2013,article:l308,0,1.0,1.0,1.0,1,,119
masked_record,sequence_as_set,l308-s4-demetrio-2013,article:l308,0,1.0,1.0,1.0,1,,119
masked_record,sequence_as_bag,l308-s4-demetrio-2013,article:l308,0,1.0,1.0,1.0,1,,119
masked_record,balanced_strict,l262-s5-oyarzabal-2016,article:l262,0,1.0,1.0,1.0,1,,120
masked_record,equal_facets,l262-s5-oyarzabal-2016,article:l262,0,1.0,1.0,1.0,1,,120
masked_record,gower_field_pool,l262-s5-oyarzabal-2016,article:l262,0,1.0,1.0,1.0,1,,120
masked_record,sequence_as_set,l262-s5-oyarzabal-2016,article:l262,0,1.0,1.0,1.0,1,,120
masked_record,sequence_as_bag,l262-s5-oyarzabal-2016,article:l262,0,1.0,1.0,1.0,1,,120
masked_record,balanced_strict,l110-s7-singha-2008,article:l110,0,1.0,1.0,1.0,1,,120
masked_record,equal_facets,l110-s7-singha-2008,article:l110,0,1.0,1.0,1.0,1,,120
masked_record,gower_field_pool,l110-s7-singha-2008,article:l110,0,1.0,1.0,1.0,1,,120
masked_record,sequence_as_set,l110-s7-singha-2008,article:l110,0,1.0,1.0,1.0,1,,120
masked_record,sequence_as_bag,l110-s7-singha-2008,article:l110,0,1.0,1.0,1.0,1,,120
masked_record,balanced_strict,l238-s3-zhao-2008,article:l238,0,1.0,1.0,1.0,1,,120
masked_record,equal_facets,l238-s3-zhao-2008,article:l238,0,1.0,1.0,1.0,1,,120
masked_record,gower_field_pool,l238-s3-zhao-2008,article:l238,0,1.0,1.0,1.0,1,,120
masked_record,sequence_as_set,l238-s3-zhao-2008,article:l238,0,1.0,1.0,1.0,1,,120
masked_record,sequence_as_bag,l238-s3-zhao-2008,article:l238,0,1.0,1.0,1.0,1,,120
masked_record,balanced_strict,l140-s9-gao-2012,article:l140,0,1.0,1.0,1.0,1,,120
masked_record,equal_facets,l140-s9-gao-2012,article:l140,0,1.0,1.0,1.0,1,,120
masked_record,gower_field_pool,l140-s9-gao-2012,article:l140,0,1.0,1.0,1.0,1,,120
masked_record,sequence_as_set,l140-s9-gao-2012,article:l140,0,1.0,1.0,1.0,1,,120
masked_record,sequence_as_bag,l140-s9-gao-2012,article:l140,0,1.0,1.0,1.0,1,,120
masked_record,balanced_strict,l210-s4-zhang-2014,article:l210,0,1.0,1.0,1.0,1,,120
masked_record,equal_facets,l210-s4-zhang-2014,article:l210,0,1.0,1.0,1.0,1,,120
masked_record,gower_field_pool,l210-s4-zhang-2014,article:l210,0,1.0,1.0,1.0,1,,120
masked_record,sequence_as_set,l210-s4-zhang-2014,article:l210,0,1.0,1.0,1.0,1,,120
masked_record,sequence_as_bag,l210-s4-zhang-2014,article:l210,0,1.0,1.0,1.0,1,,120
masked_record,balanced_strict,l380-s1-zhao-2017,article:l380,0,1.0,1.0,1.0,1,,120
masked_record,equal_facets,l380-s1-zhao-2017,article:l380,0,1.0,1.0,1.0,1,,120
masked_record,gower_field_pool,l380-s1-zhao-2017,article:l380,0,1.0,1.0,1.0,1,,120
masked_record,sequence_as_set,l380-s1-zhao-2017,article:l380,0,1.0,1.0,1.0,1,,120
masked_record,sequence_as_bag,l380-s1-zhao-2017,article:l380,0,1.0,1.0,1.0,1,,120
masked_record,balanced_strict,l386-s54-jimenez-2019,article:l386,0,1.0,1.0,1.0,1,,120
masked_record,equal_facets,l386-s54-jimenez-2019,article:l386,0,1.0,1.0,1.0,1,,120
masked_record,gower_field_pool,l386-s54-jimenez-2019,article:l386,0,1.0,1.0,1.0,1,,120
masked_record,sequence_as_set,l386-s54-jimenez-2019,article:l386,0,1.0,1.0,1.0,1,,120
masked_record,sequence_as_bag,l386-s54-jimenez-2019,article:l386,0,1.0,1.0,1.0,1,,120
masked_record,balanced_strict,l121-s8-nelson-2005,article:l121,0,1.0,1.0,1.0,1,,120
masked_record,equal_facets,l121-s8-nelson-2005,article:l121,0,1.0,1.0,1.0,1,,120
masked_record,gower_field_pool,l121-s8-nelson-2005,article:l121,0,1.0,1.0,1.0,1,,120
masked_record,sequence_as_set,l121-s8-nelson-2005,article:l121,0,1.0,1.0,1.0,1,,120
masked_record,sequence_as_bag,l121-s8-nelson-2005,article:l121,0,1.0,1.0,1.0,1,,120
masked_record,balanced_strict,l379-s8-liu-2017,article:l379,0,1.0,1.0,1.0,1,,120
masked_record,equal_facets,l379-s8-liu-2017,article:l379,0,1.0,1.0,1.0,1,,120
masked_record,gower_field_pool,l379-s8-liu-2017,article:l379,0,1.0,1.0,1.0,1,,120
masked_record,sequence_as_set,l379-s8-liu-2017,article:l379,0,1.0,1.0,1.0,1,,120
masked_record,sequence_as_bag,l379-s8-liu-2017,article:l379,0,1.0,1.0,1.0,1,,120
masked_record,balanced_strict,l211-s17-ash-2004,article:l211,0,1.0,1.0,1.0,1,,119
masked_record,equal_facets,l211-s17-ash-2004,article:l211,0,1.0,1.0,1.0,1,,119
masked_record,gower_field_pool,l211-s17-ash-2004,article:l211,0,1.0,1.0,1.0,1,,119
masked_record,sequence_as_set,l211-s17-ash-2004,article:l211,0,1.0,1.0,1.0,1,,119
masked_record,sequence_as_bag,l211-s17-ash-2004,article:l211,0,1.0,1.0,1.0,1,,119
masked_record,balanced_strict,l396-s6-ghosh-2013,article:l396,0,1.0,1.0,1.0,1,,119
masked_record,equal_facets,l396-s6-ghosh-2013,article:l396,0,1.0,1.0,1.0,1,,119
masked_record,gower_field_pool,l396-s6-ghosh-2013,article:l396,0,1.0,1.0,1.0,1,,119
masked_record,sequence_as_set,l396-s6-ghosh-2013,article:l396,0,1.0,1.0,1.0,1,,119
masked_record,sequence_as_bag,l396-s6-ghosh-2013,article:l396,0,1.0,1.0,1.0,1,,119
masked_record,balanced_strict,l111-s3-singha-2009,article:l111,0,1.0,1.0,1.0,1,,119
masked_record,equal_facets,l111-s3-singha-2009,article:l111,0,1.0,1.0,1.0,1,,119
masked_record,gower_field_pool,l111-s3-singha-2009,article:l111,0,1.0,1.0,1.0,1,,119
masked_record,sequence_as_set,l111-s3-singha-2009,article:l111,0,1.0,1.0,1.0,1,,119
masked_record,sequence_as_bag,l111-s3-singha-2009,article:l111,0,1.0,1.0,1.0,1,,119
masked_record,balanced_strict,l211-s15-ash-2004,article:l211,0,1.0,1.0,1.0,1,,119
masked_record,equal_facets,l211-s15-ash-2004,article:l211,0,1.0,1.0,1.0,1,,119
masked_record,gower_field_pool,l211-s15-ash-2004,article:l211,0,1.0,1.0,1.0,1,,119
masked_record,sequence_as_set,l211-s15-ash-2004,article:l211,0,1.0,1.0,1.0,1,,119
masked_record,sequence_as_bag,l211-s15-ash-2004,article:l211,0,1.0,1.0,1.0,1,,119
masked_record,balanced_strict,l313-s2-huang-2014,article:l313,0,1.0,1.0,1.0,1,,120
masked_record,equal_facets,l313-s2-huang-2014,article:l313,0,1.0,1.0,1.0,1,,120
masked_record,gower_field_pool,l313-s2-huang-2014,article:l313,0,1.0,1.0,1.0,1,,120
masked_record,sequence_as_set,l313-s2-huang-2014,article:l313,0,1.0,1.0,1.0,1,,120
masked_record,sequence_as_bag,l313-s2-huang-2014,article:l313,0,1.0,1.0,1.0,1,,120
masked_record,balanced_strict,l290-s24-si-2006,article:l290,0,1.0,1.0,1.0,1,,120
masked_record,equal_facets,l290-s24-si-2006,article:l290,0,1.0,1.0,1.0,1,,120
masked_record,gower_field_pool,l290-s24-si-2006,article:l290,0,1.0,1.0,1.0,1,,120
masked_record,sequence_as_set,l290-s24-si-2006,article:l290,0,1.0,1.0,1.0,1,,120
masked_record,sequence_as_bag,l290-s24-si-2006,article:l290,0,1.0,1.0,1.0,1,,120
masked_record,balanced_strict,l229-s2-bao-2011,article:l229,0,1.0,1.0,1.0,1,,119
masked_record,equal_facets,l229-s2-bao-2011,article:l229,0,1.0,1.0,1.0,1,,119
masked_record,gower_field_pool,l229-s2-bao-2011,article:l229,0,1.0,1.0,1.0,1,,119
masked_record,sequence_as_set,l229-s2-bao-2011,article:l229,0,1.0,1.0,1.0,1,,119
masked_record,sequence_as_bag,l229-s2-bao-2011,article:l229,0,1.0,1.0,1.0,1,,119
masked_record,balanced_strict,l203-s17-ma-2009,article:l203,0,1.0,1.0,1.0,1,,120
masked_record,equal_facets,l203-s17-ma-2009,article:l203,0,1.0,1.0,1.0,1,,120
masked_record,gower_field_pool,l203-s17-ma-2009,article:l203,0,1.0,1.0,1.0,1,,120
masked_record,sequence_as_set,l203-s17-ma-2009,article:l203,0,1.0,1.0,1.0,1,,120
masked_record,sequence_as_bag,l203-s17-ma-2009,article:l203,0,1.0,1.0,1.0,1,,120
masked_record,balanced_strict,l383-s1-sadeghi-2017,article:l383,0,1.0,1.0,1.0,1,,120
masked_record,equal_facets,l383-s1-sadeghi-2017,article:l383,0,1.0,1.0,1.0,1,,120
masked_record,gower_field_pool,l383-s1-sadeghi-2017,article:l383,0,1.0,1.0,1.0,1,,120
masked_record,sequence_as_set,l383-s1-sadeghi-2017,article:l383,0,1.0,1.0,1.0,1,,120
masked_record,sequence_as_bag,l383-s1-sadeghi-2017,article:l383,0,1.0,1.0,1.0,1,,120
masked_record,balanced_strict,l309-s4-torki-2010,article:l309,0,1.0,1.0,1.0,1,,120
masked_record,equal_facets,l309-s4-torki-2010,article:l309,0,1.0,1.0,1.0,1,,120
masked_record,gower_field_pool,l309-s4-torki-2010,article:l309,0,1.0,1.0,1.0,1,,120
masked_record,sequence_as_set,l309-s4-torki-2010,article:l309,0,1.0,1.0,1.0,1,,120
masked_record,sequence_as_bag,l309-s4-torki-2010,article:l309,0,1.0,1.0,1.0,1,,120
masked_record,balanced_strict,l142-s2-gao-2014,article:l142,0,1.0,1.0,1.0,1,,120
masked_record,equal_facets,l142-s2-gao-2014,article:l142,0,1.0,1.0,1.0,1,,120
masked_record,gower_field_pool,l142-s2-gao-2014,article:l142,0,1.0,1.0,1.0,1,,120
masked_record,sequence_as_set,l142-s2-gao-2014,article:l142,0,1.0,1.0,1.0,1,,120
masked_record,sequence_as_bag,l142-s2-gao-2014,article:l142,0,1.0,1.0,1.0,1,,120
masked_record,balanced_strict,l274-s3-goh-2003,article:l274,0,1.0,1.0,1.0,1,,120
masked_record,equal_facets,l274-s3-goh-2003,article:l274,0,1.0,1.0,1.0,1,,120
masked_record,gower_field_pool,l274-s3-goh-2003,article:l274,0,1.0,1.0,1.0,1,,120
masked_record,sequence_as_set,l274-s3-goh-2003,article:l274,0,1.0,1.0,1.0,1,,120
masked_record,sequence_as_bag,l274-s3-goh-2003,article:l274,0,1.0,1.0,1.0,1,,120
masked_record,balanced_strict,l221-s8-dai-2008,article:l221,0,1.0,1.0,1.0,1,,119
masked_record,equal_facets,l221-s8-dai-2008,article:l221,0,1.0,1.0,1.0,1,,119
masked_record,gower_field_pool,l221-s8-dai-2008,article:l221,0,1.0,1.0,1.0,1,,119
masked_record,sequence_as_set,l221-s8-dai-2008,article:l221,0,1.0,1.0,1.0,1,,119
masked_record,sequence_as_bag,l221-s8-dai-2008,article:l221,0,1.0,1.0,1.0,1,,119
masked_record,balanced_strict,l191-s3-xie-2004,article:l191,0,1.0,1.0,1.0,1,,119
masked_record,equal_facets,l191-s3-xie-2004,article:l191,0,1.0,1.0,1.0,1,,119
masked_record,gower_field_pool,l191-s3-xie-2004,article:l191,0,1.0,1.0,1.0,1,,119
masked_record,sequence_as_set,l191-s3-xie-2004,article:l191,0,1.0,1.0,1.0,1,,119
masked_record,sequence_as_bag,l191-s3-xie-2004,article:l191,0,1.0,1.0,1.0,1,,119
masked_record,balanced_strict,l275-s1-zhou-2006,article:l275,0,1.0,1.0,1.0,1,,120
masked_record,equal_facets,l275-s1-zhou-2006,article:l275,0,1.0,1.0,1.0,1,,120
masked_record,gower_field_pool,l275-s1-zhou-2006,article:l275,0,1.0,1.0,1.0,1,,120
masked_record,sequence_as_set,l275-s1-zhou-2006,article:l275,0,1.0,1.0,1.0,1,,120
masked_record,sequence_as_bag,l275-s1-zhou-2006,article:l275,0,1.0,1.0,1.0,1,,120
masked_record,balanced_strict,l200-s4-schoch-2008,article:l200,0,1.0,1.0,1.0,1,,120
masked_record,equal_facets,l200-s4-schoch-2008,article:l200,0,1.0,1.0,1.0,1,,120
masked_record,gower_field_pool,l200-s4-schoch-2008,article:l200,0,1.0,1.0,1.0,1,,120
masked_record,sequence_as_set,l200-s4-schoch-2008,article:l200,0,1.0,1.0,1.0,1,,120
masked_record,sequence_as_bag,l200-s4-schoch-2008,article:l200,0,1.0,1.0,1.0,1,,120
masked_record,balanced_strict,l325-s5-manafi-2015,article:l325,0,1.0,1.0,1.0,1,,120
masked_record,equal_facets,l325-s5-manafi-2015,article:l325,0,1.0,1.0,1.0,1,,120
masked_record,gower_field_pool,l325-s5-manafi-2015,article:l325,0,1.0,1.0,1.0,1,,120
masked_record,sequence_as_set,l325-s5-manafi-2015,article:l325,0,1.0,1.0,1.0,1,,120
masked_record,sequence_as_bag,l325-s5-manafi-2015,article:l325,0,1.0,1.0,1.0,1,,120
masked_record,balanced_strict,l180-s3-maillard-2012,article:l180,0,1.0,1.0,1.0,1,,120
masked_record,equal_facets,l180-s3-maillard-2012,article:l180,0,1.0,1.0,1.0,1,,120
masked_record,gower_field_pool,l180-s3-maillard-2012,article:l180,0,1.0,1.0,1.0,1,,120
masked_record,sequence_as_set,l180-s3-maillard-2012,article:l180,0,1.0,1.0,1.0,1,,120
masked_record,sequence_as_bag,l180-s3-maillard-2012,article:l180,0,1.0,1.0,1.0,1,,120
masked_record,balanced_strict,l310-s5-chatterjee-2007,article:l310,0,1.0,1.0,1.0,1,,120
masked_record,equal_facets,l310-s5-chatterjee-2007,article:l310,0,1.0,1.0,1.0,1,,120
masked_record,gower_field_pool,l310-s5-chatterjee-2007,article:l310,0,1.0,1.0,1.0,1,,120
masked_record,sequence_as_set,l310-s5-chatterjee-2007,article:l310,0,1.0,1.0,1.0,1,,120
masked_record,sequence_as_bag,l310-s5-chatterjee-2007,article:l310,0,1.0,1.0,1.0,1,,120
masked_record,balanced_strict,l413-s3-botta-2018,article:l413,0,1.0,1.0,1.0,1,,120
masked_record,equal_facets,l413-s3-botta-2018,article:l413,0,1.0,1.0,1.0,1,,120
masked_record,gower_field_pool,l413-s3-botta-2018,article:l413,0,1.0,1.0,1.0,1,,120
masked_record,sequence_as_set,l413-s3-botta-2018,article:l413,0,1.0,1.0,1.0,1,,120
masked_record,sequence_as_bag,l413-s3-botta-2018,article:l413,0,1.0,1.0,1.0,1,,120
masked_record,balanced_strict,l375-s4-rishi-2018,article:l375,0,1.0,1.0,1.0,1,,119
masked_record,equal_facets,l375-s4-rishi-2018,article:l375,0,1.0,1.0,1.0,1,,119
masked_record,gower_field_pool,l375-s4-rishi-2018,article:l375,0,1.0,1.0,1.0,1,,119
masked_record,sequence_as_set,l375-s4-rishi-2018,article:l375,0,1.0,1.0,1.0,1,,119
masked_record,sequence_as_bag,l375-s4-rishi-2018,article:l375,0,1.0,1.0,1.0,1,,119
masked_record,balanced_strict,l154-s3-eitan-2005,article:l154,0,1.0,1.0,1.0,1,,120
masked_record,equal_facets,l154-s3-eitan-2005,article:l154,0,1.0,1.0,1.0,1,,120
masked_record,gower_field_pool,l154-s3-eitan-2005,article:l154,0,1.0,1.0,1.0,1,,120
masked_record,sequence_as_set,l154-s3-eitan-2005,article:l154,0,1.0,1.0,1.0,1,,120
masked_record,sequence_as_bag,l154-s3-eitan-2005,article:l154,0,1.0,1.0,1.0,1,,120
masked_record,balanced_strict,l376-s6-carroll-2017,article:l376,0,1.0,1.0,1.0,1,,120
masked_record,equal_facets,l376-s6-carroll-2017,article:l376,0,1.0,1.0,1.0,1,,120
masked_record,gower_field_pool,l376-s6-carroll-2017,article:l376,0,1.0,1.0,1.0,1,,120
masked_record,sequence_as_set,l376-s6-carroll-2017,article:l376,0,1.0,1.0,1.0,1,,120
masked_record,sequence_as_bag,l376-s6-carroll-2017,article:l376,0,1.0,1.0,1.0,1,,120
masked_record,balanced_strict,l111-s4-singha-2009,article:l111,0,1.0,1.0,1.0,1,,119
masked_record,equal_facets,l111-s4-singha-2009,article:l111,0,1.0,1.0,1.0,1,,119
masked_record,gower_field_pool,l111-s4-singha-2009,article:l111,0,1.0,1.0,1.0,1,,119
masked_record,sequence_as_set,l111-s4-singha-2009,article:l111,0,1.0,1.0,1.0,1,,119
masked_record,sequence_as_bag,l111-s4-singha-2009,article:l111,0,1.0,1.0,1.0,1,,119
masked_record,balanced_strict,l179-s5-ramanathan-2007,article:l179,0,1.0,1.0,1.0,1,,120
masked_record,equal_facets,l179-s5-ramanathan-2007,article:l179,0,1.0,1.0,1.0,1,,120
masked_record,gower_field_pool,l179-s5-ramanathan-2007,article:l179,0,1.0,1.0,1.0,1,,120
masked_record,sequence_as_set,l179-s5-ramanathan-2007,article:l179,0,1.0,1.0,1.0,1,,120
masked_record,sequence_as_bag,l179-s5-ramanathan-2007,article:l179,0,1.0,1.0,1.0,1,,120
masked_record,balanced_strict,l221-s4-dai-2008,article:l221,0,1.0,1.0,1.0,1,,119
masked_record,equal_facets,l221-s4-dai-2008,article:l221,0,1.0,1.0,1.0,1,,119
masked_record,gower_field_pool,l221-s4-dai-2008,article:l221,0,1.0,1.0,1.0,1,,119
masked_record,sequence_as_set,l221-s4-dai-2008,article:l221,0,1.0,1.0,1.0,1,,119
masked_record,sequence_as_bag,l221-s4-dai-2008,article:l221,0,1.0,1.0,1.0,1,,119
masked_record,balanced_strict,l208-s5-li-2012,article:l208,0,1.0,1.0,1.0,1,,120
masked_record,equal_facets,l208-s5-li-2012,article:l208,0,1.0,1.0,1.0,1,,120
masked_record,gower_field_pool,l208-s5-li-2012,article:l208,0,1.0,1.0,1.0,1,,120
masked_record,sequence_as_set,l208-s5-li-2012,article:l208,0,1.0,1.0,1.0,1,,120
masked_record,sequence_as_bag,l208-s5-li-2012,article:l208,0,1.0,1.0,1.0,1,,120
masked_record,balanced_strict,l259-s2-chen-2017,article:l259,0,1.0,1.0,1.0,1,,119
masked_record,equal_facets,l259-s2-chen-2017,article:l259,0,1.0,1.0,1.0,1,,119
masked_record,gower_field_pool,l259-s2-chen-2017,article:l259,0,1.0,1.0,1.0,1,,119
masked_record,sequence_as_set,l259-s2-chen-2017,article:l259,0,1.0,1.0,1.0,1,,119
masked_record,sequence_as_bag,l259-s2-chen-2017,article:l259,0,1.0,1.0,1.0,1,,119
masked_record,balanced_strict,l314-s4-diezpascual-2011,article:l314,0,1.0,1.0,1.0,1,,120
masked_record,equal_facets,l314-s4-diezpascual-2011,article:l314,0,1.0,1.0,1.0,1,,120
masked_record,gower_field_pool,l314-s4-diezpascual-2011,article:l314,0,1.0,1.0,1.0,1,,120
masked_record,sequence_as_set,l314-s4-diezpascual-2011,article:l314,0,1.0,1.0,1.0,1,,120
masked_record,sequence_as_bag,l314-s4-diezpascual-2011,article:l314,0,1.0,1.0,1.0,1,,120
masked_record,balanced_strict,l282-s3-cui-2008,article:l282,0,1.0,1.0,1.0,1,,119
masked_record,equal_facets,l282-s3-cui-2008,article:l282,0,1.0,1.0,1.0,1,,119
masked_record,gower_field_pool,l282-s3-cui-2008,article:l282,0,1.0,1.0,1.0,1,,119
masked_record,sequence_as_set,l282-s3-cui-2008,article:l282,0,1.0,1.0,1.0,1,,119
masked_record,sequence_as_bag,l282-s3-cui-2008,article:l282,0,1.0,1.0,1.0,1,,119
masked_record,balanced_strict,l118-s1-fidelus-2005,article:l118,0,1.0,1.0,1.0,1,,120
masked_record,equal_facets,l118-s1-fidelus-2005,article:l118,0,1.0,1.0,1.0,1,,120
masked_record,gower_field_pool,l118-s1-fidelus-2005,article:l118,0,1.0,1.0,1.0,1,,120
masked_record,sequence_as_set,l118-s1-fidelus-2005,article:l118,0,1.0,1.0,1.0,1,,120
masked_record,sequence_as_bag,l118-s1-fidelus-2005,article:l118,0,1.0,1.0,1.0,1,,120
masked_record,balanced_strict,l278-s2-choi-2001,article:l278,0,1.0,1.0,1.0,1,,119
masked_record,equal_facets,l278-s2-choi-2001,article:l278,0,1.0,1.0,1.0,1,,119
masked_record,gower_field_pool,l278-s2-choi-2001,article:l278,0,1.0,1.0,1.0,1,,119
masked_record,sequence_as_set,l278-s2-choi-2001,article:l278,0,1.0,1.0,1.0,1,,119
masked_record,sequence_as_bag,l278-s2-choi-2001,article:l278,0,1.0,1.0,1.0,1,,119
masked_record,balanced_strict,l132-s4-holt-2014,article:l132,0,1.0,1.0,1.0,1,,120
masked_record,equal_facets,l132-s4-holt-2014,article:l132,0,1.0,1.0,1.0,1,,120
masked_record,gower_field_pool,l132-s4-holt-2014,article:l132,0,1.0,1.0,1.0,1,,120
masked_record,sequence_as_set,l132-s4-holt-2014,article:l132,0,1.0,1.0,1.0,1,,120
masked_record,sequence_as_bag,l132-s4-holt-2014,article:l132,0,1.0,1.0,1.0,1,,120
masked_record,balanced_strict,l137-s8-yang-2014,article:l137,0,1.0,1.0,1.0,1,,120
masked_record,equal_facets,l137-s8-yang-2014,article:l137,0,1.0,1.0,1.0,1,,120
masked_record,gower_field_pool,l137-s8-yang-2014,article:l137,0,1.0,1.0,1.0,1,,120
masked_record,sequence_as_set,l137-s8-yang-2014,article:l137,0,1.0,1.0,1.0,1,,120
masked_record,sequence_as_bag,l137-s8-yang-2014,article:l137,0,1.0,1.0,1.0,1,,120
masked_record,balanced_strict,l266-s8-kalaitzidou-2007,article:l266,0,1.0,1.0,1.0,1,,120
masked_record,equal_facets,l266-s8-kalaitzidou-2007,article:l266,0,1.0,1.0,1.0,1,,120
masked_record,gower_field_pool,l266-s8-kalaitzidou-2007,article:l266,0,1.0,1.0,1.0,1,,120
masked_record,sequence_as_set,l266-s8-kalaitzidou-2007,article:l266,0,1.0,1.0,1.0,1,,120
masked_record,sequence_as_bag,l266-s8-kalaitzidou-2007,article:l266,0,1.0,1.0,1.0,1,,120
masked_record,balanced_strict,l261-s2-wang-2016,article:l261,0,1.0,1.0,1.0,1,,120
masked_record,equal_facets,l261-s2-wang-2016,article:l261,0,1.0,1.0,1.0,1,,120
masked_record,gower_field_pool,l261-s2-wang-2016,article:l261,0,1.0,1.0,1.0,1,,120
masked_record,sequence_as_set,l261-s2-wang-2016,article:l261,0,1.0,1.0,1.0,1,,120
masked_record,sequence_as_bag,l261-s2-wang-2016,article:l261,0,1.0,1.0,1.0,1,,120
masked_record,balanced_strict,l318-s3-patsidis-2014,article:l318,0,1.0,1.0,1.0,1,,119
masked_record,equal_facets,l318-s3-patsidis-2014,article:l318,0,1.0,1.0,1.0,1,,119
masked_record,gower_field_pool,l318-s3-patsidis-2014,article:l318,0,1.0,1.0,1.0,1,,119
masked_record,sequence_as_set,l318-s3-patsidis-2014,article:l318,0,1.0,1.0,1.0,1,,119
masked_record,sequence_as_bag,l318-s3-patsidis-2014,article:l318,0,1.0,1.0,1.0,1,,119
masked_record,balanced_strict,l375-s1-rishi-2018,article:l375,0,1.0,1.0,1.0,1,,119
masked_record,equal_facets,l375-s1-rishi-2018,article:l375,0,1.0,1.0,1.0,1,,119
masked_record,gower_field_pool,l375-s1-rishi-2018,article:l375,0,1.0,1.0,1.0,1,,119
masked_record,sequence_as_set,l375-s1-rishi-2018,article:l375,0,1.0,1.0,1.0,1,,119
masked_record,sequence_as_bag,l375-s1-rishi-2018,article:l375,0,1.0,1.0,1.0,1,,119
masked_record,balanced_strict,l304-s3-stockelhuber-2011,article:l304,0,1.0,1.0,1.0,1,,120
masked_record,equal_facets,l304-s3-stockelhuber-2011,article:l304,0,1.0,1.0,1.0,1,,120
masked_record,gower_field_pool,l304-s3-stockelhuber-2011,article:l304,0,1.0,1.0,1.0,1,,120
masked_record,sequence_as_set,l304-s3-stockelhuber-2011,article:l304,0,1.0,1.0,1.0,1,,120
masked_record,sequence_as_bag,l304-s3-stockelhuber-2011,article:l304,0,1.0,1.0,1.0,1,,120
masked_record,balanced_strict,l229-s7-bao-2011,article:l229,0,1.0,1.0,1.0,1,,119
masked_record,equal_facets,l229-s7-bao-2011,article:l229,0,1.0,1.0,1.0,1,,119
masked_record,gower_field_pool,l229-s7-bao-2011,article:l229,0,1.0,1.0,1.0,1,,119
masked_record,sequence_as_set,l229-s7-bao-2011,article:l229,0,1.0,1.0,1.0,1,,119
masked_record,sequence_as_bag,l229-s7-bao-2011,article:l229,0,1.0,1.0,1.0,1,,119
masked_record,balanced_strict,l316-s3-chandrasekaran-2013,article:l316,0,1.0,1.0,1.0,1,,118
masked_record,equal_facets,l316-s3-chandrasekaran-2013,article:l316,0,1.0,1.0,1.0,1,,118
masked_record,gower_field_pool,l316-s3-chandrasekaran-2013,article:l316,0,1.0,1.0,1.0,1,,118
masked_record,sequence_as_set,l316-s3-chandrasekaran-2013,article:l316,0,1.0,1.0,1.0,1,,118
masked_record,sequence_as_bag,l316-s3-chandrasekaran-2013,article:l316,0,1.0,1.0,1.0,1,,118
masked_record,balanced_strict,l120-s11-murugaraj-2005,article:l120,0,1.0,1.0,1.0,1,,119
masked_record,equal_facets,l120-s11-murugaraj-2005,article:l120,0,1.0,1.0,1.0,1,,119
masked_record,gower_field_pool,l120-s11-murugaraj-2005,article:l120,0,1.0,1.0,1.0,1,,119
masked_record,sequence_as_set,l120-s11-murugaraj-2005,article:l120,0,1.0,1.0,1.0,1,,119
masked_record,sequence_as_bag,l120-s11-murugaraj-2005,article:l120,0,1.0,1.0,1.0,1,,119
masked_record,balanced_strict,l297-s1-shen-2004,article:l297,0,1.0,1.0,1.0,1,,119
masked_record,equal_facets,l297-s1-shen-2004,article:l297,0,1.0,1.0,1.0,1,,119
masked_record,gower_field_pool,l297-s1-shen-2004,article:l297,0,1.0,1.0,1.0,1,,119
masked_record,sequence_as_set,l297-s1-shen-2004,article:l297,0,1.0,1.0,1.0,1,,119
masked_record,sequence_as_bag,l297-s1-shen-2004,article:l297,0,1.0,1.0,1.0,1,,119
masked_record,balanced_strict,l267-s3-kim-2006,article:l267,0,1.0,1.0,1.0,1,,120
masked_record,equal_facets,l267-s3-kim-2006,article:l267,0,1.0,1.0,1.0,1,,120
masked_record,gower_field_pool,l267-s3-kim-2006,article:l267,0,1.0,1.0,1.0,1,,120
masked_record,sequence_as_set,l267-s3-kim-2006,article:l267,0,1.0,1.0,1.0,1,,120
masked_record,sequence_as_bag,l267-s3-kim-2006,article:l267,0,1.0,1.0,1.0,1,,120
masked_record,balanced_strict,l279-s1-motaung-2012,article:l279,0,0.75,0.5,1.0,2,,120
masked_record,equal_facets,l279-s1-motaung-2012,article:l279,0,0.75,0.5,1.0,2,,120
masked_record,gower_field_pool,l279-s1-motaung-2012,article:l279,0,0.75,0.5,1.0,2,,120
masked_record,sequence_as_set,l279-s1-motaung-2012,article:l279,0,0.75,0.5,1.0,2,,120
masked_record,sequence_as_bag,l279-s1-motaung-2012,article:l279,0,0.75,0.5,1.0,2,,120
masked_record,balanced_strict,l302-s3-bandyopadhyay-2005,article:l302,0,1.0,1.0,1.0,1,,120
masked_record,equal_facets,l302-s3-bandyopadhyay-2005,article:l302,0,1.0,1.0,1.0,1,,120
masked_record,gower_field_pool,l302-s3-bandyopadhyay-2005,article:l302,0,1.0,1.0,1.0,1,,120
masked_record,sequence_as_set,l302-s3-bandyopadhyay-2005,article:l302,0,1.0,1.0,1.0,1,,120
masked_record,sequence_as_bag,l302-s3-bandyopadhyay-2005,article:l302,0,1.0,1.0,1.0,1,,120
masked_record,balanced_strict,l396-s4-ghosh-2013,article:l396,0,1.0,1.0,1.0,1,,119
masked_record,equal_facets,l396-s4-ghosh-2013,article:l396,0,1.0,1.0,1.0,1,,119
masked_record,gower_field_pool,l396-s4-ghosh-2013,article:l396,0,1.0,1.0,1.0,1,,119
masked_record,sequence_as_set,l396-s4-ghosh-2013,article:l396,0,1.0,1.0,1.0,1,,119
masked_record,sequence_as_bag,l396-s4-ghosh-2013,article:l396,0,1.0,1.0,1.0,1,,119
masked_record,balanced_strict,l297-s2-shen-2004,article:l297,0,1.0,1.0,1.0,1,,119
masked_record,equal_facets,l297-s2-shen-2004,article:l297,0,1.0,1.0,1.0,1,,119
masked_record,gower_field_pool,l297-s2-shen-2004,article:l297,0,1.0,1.0,1.0,1,,119
masked_record,sequence_as_set,l297-s2-shen-2004,article:l297,0,1.0,1.0,1.0,1,,119
masked_record,sequence_as_bag,l297-s2-shen-2004,article:l297,0,1.0,1.0,1.0,1,,119
masked_record,balanced_strict,l287-s3-jang-2008,article:l287,0,1.0,1.0,1.0,1,,118
masked_record,equal_facets,l287-s3-jang-2008,article:l287,0,1.0,1.0,1.0,1,,118
masked_record,gower_field_pool,l287-s3-jang-2008,article:l287,0,1.0,1.0,1.0,1,,118
masked_record,sequence_as_set,l287-s3-jang-2008,article:l287,0,1.0,1.0,1.0,1,,118
masked_record,sequence_as_bag,l287-s3-jang-2008,article:l287,0,1.0,1.0,1.0,1,,118
masked_record,balanced_strict,l129-s12-wu-2011,article:l129,0,1.0,1.0,1.0,1,,120
masked_record,equal_facets,l129-s12-wu-2011,article:l129,0,1.0,1.0,1.0,1,,120
masked_record,gower_field_pool,l129-s12-wu-2011,article:l129,0,1.0,1.0,1.0,1,,120
masked_record,sequence_as_set,l129-s12-wu-2011,article:l129,0,1.0,1.0,1.0,1,,120
masked_record,sequence_as_bag,l129-s12-wu-2011,article:l129,0,1.0,1.0,1.0,1,,120
masked_record,balanced_strict,l191-s2-xie-2004,article:l191,0,1.0,1.0,1.0,1,,119
masked_record,equal_facets,l191-s2-xie-2004,article:l191,0,1.0,1.0,1.0,1,,119
masked_record,gower_field_pool,l191-s2-xie-2004,article:l191,0,1.0,1.0,1.0,1,,119
masked_record,sequence_as_set,l191-s2-xie-2004,article:l191,0,1.0,1.0,1.0,1,,119
masked_record,sequence_as_bag,l191-s2-xie-2004,article:l191,0,1.0,1.0,1.0,1,,119
masked_record,balanced_strict,l397-s1-tuncer-2007,article:l397,0,1.0,1.0,1.0,1,,120
masked_record,equal_facets,l397-s1-tuncer-2007,article:l397,0,1.0,1.0,1.0,1,,120
masked_record,gower_field_pool,l397-s1-tuncer-2007,article:l397,0,1.0,1.0,1.0,1,,120
masked_record,sequence_as_set,l397-s1-tuncer-2007,article:l397,0,1.0,1.0,1.0,1,,120
masked_record,sequence_as_bag,l397-s1-tuncer-2007,article:l397,0,1.0,1.0,1.0,1,,120
masked_record,balanced_strict,l102-s8-hu-2007,article:l102,0,1.0,1.0,1.0,1,,120
masked_record,equal_facets,l102-s8-hu-2007,article:l102,0,1.0,1.0,1.0,1,,120
masked_record,gower_field_pool,l102-s8-hu-2007,article:l102,0,1.0,1.0,1.0,1,,120
masked_record,sequence_as_set,l102-s8-hu-2007,article:l102,0,1.0,1.0,1.0,1,,120
masked_record,sequence_as_bag,l102-s8-hu-2007,article:l102,0,1.0,1.0,1.0,1,,120
masked_record,balanced_strict,l294-s4-sarwar-2007,article:l294,0,1.0,1.0,1.0,1,,119
masked_record,equal_facets,l294-s4-sarwar-2007,article:l294,0,1.0,1.0,1.0,1,,119
masked_record,gower_field_pool,l294-s4-sarwar-2007,article:l294,0,1.0,1.0,1.0,1,,119
masked_record,sequence_as_set,l294-s4-sarwar-2007,article:l294,0,1.0,1.0,1.0,1,,119
masked_record,sequence_as_bag,l294-s4-sarwar-2007,article:l294,0,1.0,1.0,1.0,1,,119
masked_record,balanced_strict,l278-s1-choi-2001,article:l278,0,1.0,1.0,1.0,1,,119
masked_record,equal_facets,l278-s1-choi-2001,article:l278,0,1.0,1.0,1.0,1,,119
masked_record,gower_field_pool,l278-s1-choi-2001,article:l278,0,1.0,1.0,1.0,1,,119
masked_record,sequence_as_set,l278-s1-choi-2001,article:l278,0,1.0,1.0,1.0,1,,119
masked_record,sequence_as_bag,l278-s1-choi-2001,article:l278,0,1.0,1.0,1.0,1,,119
masked_record,balanced_strict,l287-s4-jang-2008,article:l287,0,1.0,1.0,1.0,1,,118
masked_record,equal_facets,l287-s4-jang-2008,article:l287,0,1.0,1.0,1.0,1,,118
masked_record,gower_field_pool,l287-s4-jang-2008,article:l287,0,1.0,1.0,1.0,1,,118
masked_record,sequence_as_set,l287-s4-jang-2008,article:l287,0,1.0,1.0,1.0,1,,118
masked_record,sequence_as_bag,l287-s4-jang-2008,article:l287,0,1.0,1.0,1.0,1,,118
masked_record,balanced_strict,l217-s6-ash-2002,article:l217,0,1.0,1.0,1.0,1,,120
masked_record,equal_facets,l217-s6-ash-2002,article:l217,0,1.0,1.0,1.0,1,,120
masked_record,gower_field_pool,l217-s6-ash-2002,article:l217,0,1.0,1.0,1.0,1,,120
masked_record,sequence_as_set,l217-s6-ash-2002,article:l217,0,1.0,1.0,1.0,1,,120
masked_record,sequence_as_bag,l217-s6-ash-2002,article:l217,0,1.0,1.0,1.0,1,,120
masked_record,balanced_strict,l316-s5-chandrasekaran-2013,article:l316,0,1.0,1.0,1.0,1,,118
masked_record,equal_facets,l316-s5-chandrasekaran-2013,article:l316,0,1.0,1.0,1.0,1,,118
masked_record,gower_field_pool,l316-s5-chandrasekaran-2013,article:l316,0,1.0,1.0,1.0,1,,118
masked_record,sequence_as_set,l316-s5-chandrasekaran-2013,article:l316,0,1.0,1.0,1.0,1,,118
masked_record,sequence_as_bag,l316-s5-chandrasekaran-2013,article:l316,0,1.0,1.0,1.0,1,,118
masked_record,balanced_strict,e108-s10-huang-2016,article:e108,0,1.0,1.0,1.0,1,,120
masked_record,equal_facets,e108-s10-huang-2016,article:e108,0,1.0,1.0,1.0,1,,120
masked_record,gower_field_pool,e108-s10-huang-2016,article:e108,0,1.0,1.0,1.0,1,,120
masked_record,sequence_as_set,e108-s10-huang-2016,article:e108,0,1.0,1.0,1.0,1,,120
masked_record,sequence_as_bag,e108-s10-huang-2016,article:e108,0,1.0,1.0,1.0,1,,120
masked_record,balanced_strict,l212-s5-ghanbari-2012,article:l212,0,1.0,1.0,1.0,1,,120
masked_record,equal_facets,l212-s5-ghanbari-2012,article:l212,0,1.0,1.0,1.0,1,,120
masked_record,gower_field_pool,l212-s5-ghanbari-2012,article:l212,0,1.0,1.0,1.0,1,,120
masked_record,sequence_as_set,l212-s5-ghanbari-2012,article:l212,0,1.0,1.0,1.0,1,,120
masked_record,sequence_as_bag,l212-s5-ghanbari-2012,article:l212,0,1.0,1.0,1.0,1,,120
masked_record,balanced_strict,l324-s6-zhu-2017,article:l324,0,1.0,1.0,1.0,1,,119
masked_record,equal_facets,l324-s6-zhu-2017,article:l324,0,1.0,1.0,1.0,1,,119
masked_record,gower_field_pool,l324-s6-zhu-2017,article:l324,0,1.0,1.0,1.0,1,,119
masked_record,sequence_as_set,l324-s6-zhu-2017,article:l324,0,1.0,1.0,1.0,1,,119
masked_record,sequence_as_bag,l324-s6-zhu-2017,article:l324,0,1.0,1.0,1.0,1,,119
masked_record,balanced_strict,l316-s10-chandrasekaran-2013,article:l316,0,1.0,1.0,1.0,1,,118
masked_record,equal_facets,l316-s10-chandrasekaran-2013,article:l316,0,1.0,1.0,1.0,1,,118
masked_record,gower_field_pool,l316-s10-chandrasekaran-2013,article:l316,0,1.0,1.0,1.0,1,,118
masked_record,sequence_as_set,l316-s10-chandrasekaran-2013,article:l316,0,1.0,1.0,1.0,1,,118
masked_record,sequence_as_bag,l316-s10-chandrasekaran-2013,article:l316,0,1.0,1.0,1.0,1,,118
masked_record,balanced_strict,l388-s1-benes-2018,article:l388,0,1.0,1.0,1.0,1,,120
masked_record,equal_facets,l388-s1-benes-2018,article:l388,0,1.0,1.0,1.0,1,,120
masked_record,gower_field_pool,l388-s1-benes-2018,article:l388,0,1.0,1.0,1.0,1,,120
masked_record,sequence_as_set,l388-s1-benes-2018,article:l388,0,1.0,1.0,1.0,1,,120
masked_record,sequence_as_bag,l388-s1-benes-2018,article:l388,0,1.0,1.0,1.0,1,,120
masked_record,balanced_strict,l318-s4-patsidis-2014,article:l318,0,1.0,1.0,1.0,1,,119
masked_record,equal_facets,l318-s4-patsidis-2014,article:l318,0,1.0,1.0,1.0,1,,119
masked_record,gower_field_pool,l318-s4-patsidis-2014,article:l318,0,1.0,1.0,1.0,1,,119
masked_record,sequence_as_set,l318-s4-patsidis-2014,article:l318,0,1.0,1.0,1.0,1,,119
masked_record,sequence_as_bag,l318-s4-patsidis-2014,article:l318,0,1.0,1.0,1.0,1,,119
masked_record,balanced_strict,l276-s3-huang-2009,article:l276,0,1.0,1.0,1.0,1,,119
masked_record,equal_facets,l276-s3-huang-2009,article:l276,0,1.0,1.0,1.0,1,,119
masked_record,gower_field_pool,l276-s3-huang-2009,article:l276,0,1.0,1.0,1.0,1,,119
masked_record,sequence_as_set,l276-s3-huang-2009,article:l276,0,1.0,1.0,1.0,1,,119
masked_record,sequence_as_bag,l276-s3-huang-2009,article:l276,0,1.0,1.0,1.0,1,,119
masked_record,balanced_strict,l260-s2-haggenmueller-2006,article:l260,0,1.0,1.0,1.0,1,,119
masked_record,equal_facets,l260-s2-haggenmueller-2006,article:l260,0,1.0,1.0,1.0,1,,119
masked_record,gower_field_pool,l260-s2-haggenmueller-2006,article:l260,0,1.0,1.0,1.0,1,,119
masked_record,sequence_as_set,l260-s2-haggenmueller-2006,article:l260,0,1.0,1.0,1.0,1,,119
masked_record,sequence_as_bag,l260-s2-haggenmueller-2006,article:l260,0,1.0,1.0,1.0,1,,119
masked_record,balanced_strict,l287-s2-jang-2008,article:l287,0,1.0,1.0,1.0,1,,118
masked_record,equal_facets,l287-s2-jang-2008,article:l287,0,1.0,1.0,1.0,1,,118
masked_record,gower_field_pool,l287-s2-jang-2008,article:l287,0,1.0,1.0,1.0,1,,118
masked_record,sequence_as_set,l287-s2-jang-2008,article:l287,0,1.0,1.0,1.0,1,,118
masked_record,sequence_as_bag,l287-s2-jang-2008,article:l287,0,1.0,1.0,1.0,1,,118
masked_record,balanced_strict,l282-s2-cui-2008,article:l282,0,1.0,1.0,1.0,1,,119
masked_record,equal_facets,l282-s2-cui-2008,article:l282,0,1.0,1.0,1.0,1,,119
masked_record,gower_field_pool,l282-s2-cui-2008,article:l282,0,1.0,1.0,1.0,1,,119
masked_record,sequence_as_set,l282-s2-cui-2008,article:l282,0,1.0,1.0,1.0,1,,119
masked_record,sequence_as_bag,l282-s2-cui-2008,article:l282,0,1.0,1.0,1.0,1,,119
masked_record,balanced_strict,l308-s3-demetrio-2013,article:l308,0,1.0,1.0,1.0,1,,119
masked_record,equal_facets,l308-s3-demetrio-2013,article:l308,0,1.0,1.0,1.0,1,,119
masked_record,gower_field_pool,l308-s3-demetrio-2013,article:l308,0,1.0,1.0,1.0,1,,119
masked_record,sequence_as_set,l308-s3-demetrio-2013,article:l308,0,1.0,1.0,1.0,1,,119
masked_record,sequence_as_bag,l308-s3-demetrio-2013,article:l308,0,1.0,1.0,1.0,1,,119
masked_record,balanced_strict,l259-s3-chen-2017,article:l259,0,1.0,1.0,1.0,1,,119
masked_record,equal_facets,l259-s3-chen-2017,article:l259,0,1.0,1.0,1.0,1,,119
masked_record,gower_field_pool,l259-s3-chen-2017,article:l259,0,1.0,1.0,1.0,1,,119
masked_record,sequence_as_set,l259-s3-chen-2017,article:l259,0,1.0,1.0,1.0,1,,119
masked_record,sequence_as_bag,l259-s3-chen-2017,article:l259,0,1.0,1.0,1.0,1,,119
masked_record,balanced_strict,l260-s5-haggenmueller-2006,article:l260,0,1.0,1.0,1.0,1,,119
masked_record,equal_facets,l260-s5-haggenmueller-2006,article:l260,0,1.0,1.0,1.0,1,,119
masked_record,gower_field_pool,l260-s5-haggenmueller-2006,article:l260,0,1.0,1.0,1.0,1,,119
masked_record,sequence_as_set,l260-s5-haggenmueller-2006,article:l260,0,1.0,1.0,1.0,1,,119
masked_record,sequence_as_bag,l260-s5-haggenmueller-2006,article:l260,0,1.0,1.0,1.0,1,,119
masked_record,balanced_strict,l392-s1-wang-2020,article:l392,0,1.0,1.0,1.0,1,,120
masked_record,equal_facets,l392-s1-wang-2020,article:l392,0,1.0,1.0,1.0,1,,120
masked_record,gower_field_pool,l392-s1-wang-2020,article:l392,0,1.0,1.0,1.0,1,,120
masked_record,sequence_as_set,l392-s1-wang-2020,article:l392,0,1.0,1.0,1.0,1,,120
masked_record,sequence_as_bag,l392-s1-wang-2020,article:l392,0,1.0,1.0,1.0,1,,120
masked_record,balanced_strict,e410-s2-prasad-2021,article:e410,0,1.0,1.0,1.0,1,,120
masked_record,equal_facets,e410-s2-prasad-2021,article:e410,0,1.0,1.0,1.0,1,,120
masked_record,gower_field_pool,e410-s2-prasad-2021,article:e410,0,1.0,1.0,1.0,1,,120
masked_record,sequence_as_set,e410-s2-prasad-2021,article:e410,0,1.0,1.0,1.0,1,,120
masked_record,sequence_as_bag,e410-s2-prasad-2021,article:e410,0,1.0,1.0,1.0,1,,120
masked_record,balanced_strict,l276-s4-huang-2009,article:l276,0,1.0,1.0,1.0,1,,119
masked_record,equal_facets,l276-s4-huang-2009,article:l276,0,1.0,1.0,1.0,1,,119
masked_record,gower_field_pool,l276-s4-huang-2009,article:l276,0,1.0,1.0,1.0,1,,119
masked_record,sequence_as_set,l276-s4-huang-2009,article:l276,0,1.0,1.0,1.0,1,,119
masked_record,sequence_as_bag,l276-s4-huang-2009,article:l276,0,1.0,1.0,1.0,1,,119
masked_record,balanced_strict,l289-s1-motaung-2012,article:l289,0,0.75,0.5,1.0,2,,120
masked_record,equal_facets,l289-s1-motaung-2012,article:l289,0,0.75,0.5,1.0,2,,120
masked_record,gower_field_pool,l289-s1-motaung-2012,article:l289,0,0.75,0.5,1.0,2,,120
masked_record,sequence_as_set,l289-s1-motaung-2012,article:l289,0,0.75,0.5,1.0,2,,120
masked_record,sequence_as_bag,l289-s1-motaung-2012,article:l289,0,0.75,0.5,1.0,2,,120
masked_record,balanced_strict,l294-s6-sarwar-2007,article:l294,0,1.0,1.0,1.0,1,,119
masked_record,equal_facets,l294-s6-sarwar-2007,article:l294,0,1.0,1.0,1.0,1,,119
masked_record,gower_field_pool,l294-s6-sarwar-2007,article:l294,0,1.0,1.0,1.0,1,,119
masked_record,sequence_as_set,l294-s6-sarwar-2007,article:l294,0,1.0,1.0,1.0,1,,119
masked_record,sequence_as_bag,l294-s6-sarwar-2007,article:l294,0,1.0,1.0,1.0,1,,119
masked_record,balanced_strict,e139-s6-hassinger-2016,article:e139,0,1.0,1.0,1.0,1,,120
masked_record,equal_facets,e139-s6-hassinger-2016,article:e139,0,1.0,1.0,1.0,1,,120
masked_record,gower_field_pool,e139-s6-hassinger-2016,article:e139,0,1.0,1.0,1.0,1,,120
masked_record,sequence_as_set,e139-s6-hassinger-2016,article:e139,0,1.0,1.0,1.0,1,,120
masked_record,sequence_as_bag,e139-s6-hassinger-2016,article:e139,0,1.0,1.0,1.0,1,,120
masked_record,balanced_strict,l306-s2-jiang-2008,article:l306,0,1.0,1.0,1.0,1,,119
masked_record,equal_facets,l306-s2-jiang-2008,article:l306,0,1.0,1.0,1.0,1,,119
masked_record,gower_field_pool,l306-s2-jiang-2008,article:l306,0,1.0,1.0,1.0,1,,119
masked_record,sequence_as_set,l306-s2-jiang-2008,article:l306,0,1.0,1.0,1.0,1,,119
masked_record,sequence_as_bag,l306-s2-jiang-2008,article:l306,0,1.0,1.0,1.0,1,,119
masked_record,balanced_strict,e408-s24-prasad-2021,article:e408,0,1.0,1.0,1.0,1,,120
masked_record,equal_facets,e408-s24-prasad-2021,article:e408,0,1.0,1.0,1.0,1,,120
masked_record,gower_field_pool,e408-s24-prasad-2021,article:e408,0,1.0,1.0,1.0,1,,120
masked_record,sequence_as_set,e408-s24-prasad-2021,article:e408,0,1.0,1.0,1.0,1,,120
masked_record,sequence_as_bag,e408-s24-prasad-2021,article:e408,0,1.0,1.0,1.0,1,,120
masked_record,balanced_strict,l236-s9-fukushima-2012,article:l236,0,1.0,1.0,1.0,1,,120
masked_record,equal_facets,l236-s9-fukushima-2012,article:l236,0,1.0,1.0,1.0,1,,120
masked_record,gower_field_pool,l236-s9-fukushima-2012,article:l236,0,1.0,1.0,1.0,1,,120
masked_record,sequence_as_set,l236-s9-fukushima-2012,article:l236,0,1.0,1.0,1.0,1,,120
masked_record,sequence_as_bag,l236-s9-fukushima-2012,article:l236,0,1.0,1.0,1.0,1,,120
masked_record,balanced_strict,l306-s3-jiang-2008,article:l306,0,1.0,1.0,1.0,1,,119
masked_record,equal_facets,l306-s3-jiang-2008,article:l306,0,1.0,1.0,1.0,1,,119
masked_record,gower_field_pool,l306-s3-jiang-2008,article:l306,0,1.0,1.0,1.0,1,,119
masked_record,sequence_as_set,l306-s3-jiang-2008,article:l306,0,1.0,1.0,1.0,1,,119
masked_record,sequence_as_bag,l306-s3-jiang-2008,article:l306,0,1.0,1.0,1.0,1,,119
masked_record,balanced_strict,l120-s2-murugaraj-2005,article:l120,0,1.0,1.0,1.0,1,,119
masked_record,equal_facets,l120-s2-murugaraj-2005,article:l120,0,1.0,1.0,1.0,1,,119
masked_record,gower_field_pool,l120-s2-murugaraj-2005,article:l120,0,1.0,1.0,1.0,1,,119
masked_record,sequence_as_set,l120-s2-murugaraj-2005,article:l120,0,1.0,1.0,1.0,1,,119
masked_record,sequence_as_bag,l120-s2-murugaraj-2005,article:l120,0,1.0,1.0,1.0,1,,119
masked_record,balanced_strict,e116-s21-prasad-2018,article:e116,1,1.0,1.0,1.0,1,,120
masked_record,equal_facets,e116-s21-prasad-2018,article:e116,1,1.0,1.0,1.0,1,,120
masked_record,gower_field_pool,e116-s21-prasad-2018,article:e116,1,1.0,1.0,1.0,1,,120
masked_record,sequence_as_set,e116-s21-prasad-2018,article:e116,1,1.0,1.0,1.0,1,,120
masked_record,sequence_as_bag,e116-s21-prasad-2018,article:e116,1,1.0,1.0,1.0,1,,120
masked_record,balanced_strict,l225-s8-ma-2007,article:l225,1,1.0,1.0,1.0,1,,119
masked_record,equal_facets,l225-s8-ma-2007,article:l225,1,1.0,1.0,1.0,1,,119
masked_record,gower_field_pool,l225-s8-ma-2007,article:l225,1,1.0,1.0,1.0,1,,119
masked_record,sequence_as_set,l225-s8-ma-2007,article:l225,1,1.0,1.0,1.0,1,,119
masked_record,sequence_as_bag,l225-s8-ma-2007,article:l225,1,1.0,1.0,1.0,1,,119
masked_record,balanced_strict,l182-s7-hoepfner-2017,article:l182,1,1.0,1.0,1.0,1,,120
masked_record,equal_facets,l182-s7-hoepfner-2017,article:l182,1,1.0,1.0,1.0,1,,120
masked_record,gower_field_pool,l182-s7-hoepfner-2017,article:l182,1,1.0,1.0,1.0,1,,120
masked_record,sequence_as_set,l182-s7-hoepfner-2017,article:l182,1,1.0,1.0,1.0,1,,120
masked_record,sequence_as_bag,l182-s7-hoepfner-2017,article:l182,1,1.0,1.0,1.0,1,,120
masked_record,balanced_strict,l254-s7-castillo-2011,article:l254,1,1.0,1.0,1.0,1,,120
masked_record,equal_facets,l254-s7-castillo-2011,article:l254,1,1.0,1.0,1.0,1,,120
masked_record,gower_field_pool,l254-s7-castillo-2011,article:l254,1,1.0,1.0,1.0,1,,120
masked_record,sequence_as_set,l254-s7-castillo-2011,article:l254,1,1.0,1.0,1.0,1,,120
masked_record,sequence_as_bag,l254-s7-castillo-2011,article:l254,1,1.0,1.0,1.0,1,,120
masked_record,balanced_strict,l171-s15-rittigstein-2006,article:l171,1,1.0,1.0,1.0,1,,120
masked_record,equal_facets,l171-s15-rittigstein-2006,article:l171,1,1.0,1.0,1.0,1,,120
masked_record,gower_field_pool,l171-s15-rittigstein-2006,article:l171,1,1.0,1.0,1.0,1,,120
masked_record,sequence_as_set,l171-s15-rittigstein-2006,article:l171,1,1.0,1.0,1.0,1,,120
masked_record,sequence_as_bag,l171-s15-rittigstein-2006,article:l171,1,1.0,1.0,1.0,1,,120
masked_record,balanced_strict,l320-s2-wang-2014,article:l320,1,1.0,1.0,1.0,1,,120
masked_record,equal_facets,l320-s2-wang-2014,article:l320,1,1.0,1.0,1.0,1,,120
masked_record,gower_field_pool,l320-s2-wang-2014,article:l320,1,1.0,1.0,1.0,1,,120
masked_record,sequence_as_set,l320-s2-wang-2014,article:l320,1,1.0,1.0,1.0,1,,120
masked_record,sequence_as_bag,l320-s2-wang-2014,article:l320,1,1.0,1.0,1.0,1,,120
masked_record,balanced_strict,l324-s5-zhu-2017,article:l324,1,1.0,1.0,1.0,1,,119
masked_record,equal_facets,l324-s5-zhu-2017,article:l324,1,1.0,1.0,1.0,1,,119
masked_record,gower_field_pool,l324-s5-zhu-2017,article:l324,1,1.0,1.0,1.0,1,,119
masked_record,sequence_as_set,l324-s5-zhu-2017,article:l324,1,1.0,1.0,1.0,1,,119
masked_record,sequence_as_bag,l324-s5-zhu-2017,article:l324,1,1.0,1.0,1.0,1,,119
masked_record,balanced_strict,l225-s1-ma-2007,article:l225,1,1.0,1.0,1.0,1,,119
masked_record,equal_facets,l225-s1-ma-2007,article:l225,1,1.0,1.0,1.0,1,,119
masked_record,gower_field_pool,l225-s1-ma-2007,article:l225,1,1.0,1.0,1.0,1,,119
masked_record,sequence_as_set,l225-s1-ma-2007,article:l225,1,1.0,1.0,1.0,1,,119
masked_record,sequence_as_bag,l225-s1-ma-2007,article:l225,1,1.0,1.0,1.0,1,,119
masked_record,balanced_strict,l196-s4-petersson-2006,article:l196,1,1.0,1.0,1.0,1,,120
masked_record,equal_facets,l196-s4-petersson-2006,article:l196,1,1.0,1.0,1.0,1,,120
masked_record,gower_field_pool,l196-s4-petersson-2006,article:l196,1,1.0,1.0,1.0,1,,120
masked_record,sequence_as_set,l196-s4-petersson-2006,article:l196,1,1.0,1.0,1.0,1,,120
masked_record,sequence_as_bag,l196-s4-petersson-2006,article:l196,1,1.0,1.0,1.0,1,,120
masked_record,balanced_strict,l385-s3-bailey-2019,article:l385,1,1.0,1.0,1.0,1,,120
masked_record,equal_facets,l385-s3-bailey-2019,article:l385,1,1.0,1.0,1.0,1,,120
masked_record,gower_field_pool,l385-s3-bailey-2019,article:l385,1,1.0,1.0,1.0,1,,120
masked_record,sequence_as_set,l385-s3-bailey-2019,article:l385,1,1.0,1.0,1.0,1,,120
masked_record,sequence_as_bag,l385-s3-bailey-2019,article:l385,1,1.0,1.0,1.0,1,,120
masked_record,balanced_strict,l308-s4-demetrio-2013,article:l308,1,1.0,1.0,1.0,1,,119
masked_record,equal_facets,l308-s4-demetrio-2013,article:l308,1,1.0,1.0,1.0,1,,119
masked_record,gower_field_pool,l308-s4-demetrio-2013,article:l308,1,1.0,1.0,1.0,1,,119
masked_record,sequence_as_set,l308-s4-demetrio-2013,article:l308,1,1.0,1.0,1.0,1,,119
masked_record,sequence_as_bag,l308-s4-demetrio-2013,article:l308,1,1.0,1.0,1.0,1,,119
masked_record,balanced_strict,l262-s5-oyarzabal-2016,article:l262,1,1.0,1.0,1.0,1,,120
masked_record,equal_facets,l262-s5-oyarzabal-2016,article:l262,1,1.0,1.0,1.0,1,,120
masked_record,gower_field_pool,l262-s5-oyarzabal-2016,article:l262,1,1.0,1.0,1.0,1,,120
masked_record,sequence_as_set,l262-s5-oyarzabal-2016,article:l262,1,1.0,1.0,1.0,1,,120
masked_record,sequence_as_bag,l262-s5-oyarzabal-2016,article:l262,1,1.0,1.0,1.0,1,,120
masked_record,balanced_strict,l110-s7-singha-2008,article:l110,1,1.0,1.0,1.0,1,,120
masked_record,equal_facets,l110-s7-singha-2008,article:l110,1,1.0,1.0,1.0,1,,120
masked_record,gower_field_pool,l110-s7-singha-2008,article:l110,1,1.0,1.0,1.0,1,,120
masked_record,sequence_as_set,l110-s7-singha-2008,article:l110,1,1.0,1.0,1.0,1,,120
masked_record,sequence_as_bag,l110-s7-singha-2008,article:l110,1,1.0,1.0,1.0,1,,120
masked_record,balanced_strict,l238-s3-zhao-2008,article:l238,1,1.0,1.0,1.0,1,,120
masked_record,equal_facets,l238-s3-zhao-2008,article:l238,1,1.0,1.0,1.0,1,,120
masked_record,gower_field_pool,l238-s3-zhao-2008,article:l238,1,1.0,1.0,1.0,1,,120
masked_record,sequence_as_set,l238-s3-zhao-2008,article:l238,1,1.0,1.0,1.0,1,,120
masked_record,sequence_as_bag,l238-s3-zhao-2008,article:l238,1,1.0,1.0,1.0,1,,120
masked_record,balanced_strict,l140-s9-gao-2012,article:l140,1,1.0,1.0,1.0,1,,120
masked_record,equal_facets,l140-s9-gao-2012,article:l140,1,1.0,1.0,1.0,1,,120
masked_record,gower_field_pool,l140-s9-gao-2012,article:l140,1,1.0,1.0,1.0,1,,120
masked_record,sequence_as_set,l140-s9-gao-2012,article:l140,1,1.0,1.0,1.0,1,,120
masked_record,sequence_as_bag,l140-s9-gao-2012,article:l140,1,1.0,1.0,1.0,1,,120
masked_record,balanced_strict,l210-s4-zhang-2014,article:l210,1,1.0,1.0,1.0,1,,120
masked_record,equal_facets,l210-s4-zhang-2014,article:l210,1,1.0,1.0,1.0,1,,120
masked_record,gower_field_pool,l210-s4-zhang-2014,article:l210,1,1.0,1.0,1.0,1,,120
masked_record,sequence_as_set,l210-s4-zhang-2014,article:l210,1,1.0,1.0,1.0,1,,120
masked_record,sequence_as_bag,l210-s4-zhang-2014,article:l210,1,1.0,1.0,1.0,1,,120
masked_record,balanced_strict,l380-s1-zhao-2017,article:l380,1,0.75,0.5,1.0,2,,120
masked_record,equal_facets,l380-s1-zhao-2017,article:l380,1,0.75,0.5,1.0,2,,120
masked_record,gower_field_pool,l380-s1-zhao-2017,article:l380,1,0.75,0.5,1.0,2,,120
masked_record,sequence_as_set,l380-s1-zhao-2017,article:l380,1,0.75,0.5,1.0,2,,120
masked_record,sequence_as_bag,l380-s1-zhao-2017,article:l380,1,0.75,0.5,1.0,2,,120
masked_record,balanced_strict,l386-s54-jimenez-2019,article:l386,1,1.0,1.0,1.0,1,,120
masked_record,equal_facets,l386-s54-jimenez-2019,article:l386,1,1.0,1.0,1.0,1,,120
masked_record,gower_field_pool,l386-s54-jimenez-2019,article:l386,1,1.0,1.0,1.0,1,,120
masked_record,sequence_as_set,l386-s54-jimenez-2019,article:l386,1,1.0,1.0,1.0,1,,120
masked_record,sequence_as_bag,l386-s54-jimenez-2019,article:l386,1,1.0,1.0,1.0,1,,120
masked_record,balanced_strict,l121-s8-nelson-2005,article:l121,1,1.0,1.0,1.0,1,,120
masked_record,equal_facets,l121-s8-nelson-2005,article:l121,1,1.0,1.0,1.0,1,,120
masked_record,gower_field_pool,l121-s8-nelson-2005,article:l121,1,1.0,1.0,1.0,1,,120
masked_record,sequence_as_set,l121-s8-nelson-2005,article:l121,1,1.0,1.0,1.0,1,,120
masked_record,sequence_as_bag,l121-s8-nelson-2005,article:l121,1,1.0,1.0,1.0,1,,120
masked_record,balanced_strict,l379-s8-liu-2017,article:l379,1,1.0,1.0,1.0,1,,120
masked_record,equal_facets,l379-s8-liu-2017,article:l379,1,1.0,1.0,1.0,1,,120
masked_record,gower_field_pool,l379-s8-liu-2017,article:l379,1,1.0,1.0,1.0,1,,120
masked_record,sequence_as_set,l379-s8-liu-2017,article:l379,1,1.0,1.0,1.0,1,,120
masked_record,sequence_as_bag,l379-s8-liu-2017,article:l379,1,1.0,1.0,1.0,1,,120
masked_record,balanced_strict,l211-s17-ash-2004,article:l211,1,1.0,1.0,1.0,1,,119
masked_record,equal_facets,l211-s17-ash-2004,article:l211,1,1.0,1.0,1.0,1,,119
masked_record,gower_field_pool,l211-s17-ash-2004,article:l211,1,1.0,1.0,1.0,1,,119
masked_record,sequence_as_set,l211-s17-ash-2004,article:l211,1,1.0,1.0,1.0,1,,119
masked_record,sequence_as_bag,l211-s17-ash-2004,article:l211,1,1.0,1.0,1.0,1,,119
masked_record,balanced_strict,l396-s6-ghosh-2013,article:l396,1,1.0,1.0,1.0,1,,119
masked_record,equal_facets,l396-s6-ghosh-2013,article:l396,1,1.0,1.0,1.0,1,,119
masked_record,gower_field_pool,l396-s6-ghosh-2013,article:l396,1,1.0,1.0,1.0,1,,119
masked_record,sequence_as_set,l396-s6-ghosh-2013,article:l396,1,1.0,1.0,1.0,1,,119
masked_record,sequence_as_bag,l396-s6-ghosh-2013,article:l396,1,1.0,1.0,1.0,1,,119
masked_record,balanced_strict,l111-s3-singha-2009,article:l111,1,1.0,1.0,1.0,1,,119
masked_record,equal_facets,l111-s3-singha-2009,article:l111,1,1.0,1.0,1.0,1,,119
masked_record,gower_field_pool,l111-s3-singha-2009,article:l111,1,1.0,1.0,1.0,1,,119
masked_record,sequence_as_set,l111-s3-singha-2009,article:l111,1,1.0,1.0,1.0,1,,119
masked_record,sequence_as_bag,l111-s3-singha-2009,article:l111,1,1.0,1.0,1.0,1,,119
masked_record,balanced_strict,l211-s15-ash-2004,article:l211,1,1.0,1.0,1.0,1,,119
masked_record,equal_facets,l211-s15-ash-2004,article:l211,1,1.0,1.0,1.0,1,,119
masked_record,gower_field_pool,l211-s15-ash-2004,article:l211,1,1.0,1.0,1.0,1,,119
masked_record,sequence_as_set,l211-s15-ash-2004,article:l211,1,1.0,1.0,1.0,1,,119
masked_record,sequence_as_bag,l211-s15-ash-2004,article:l211,1,1.0,1.0,1.0,1,,119
masked_record,balanced_strict,l313-s2-huang-2014,article:l313,1,1.0,1.0,1.0,1,,120
masked_record,equal_facets,l313-s2-huang-2014,article:l313,1,1.0,1.0,1.0,1,,120
masked_record,gower_field_pool,l313-s2-huang-2014,article:l313,1,1.0,1.0,1.0,1,,120
masked_record,sequence_as_set,l313-s2-huang-2014,article:l313,1,1.0,1.0,1.0,1,,120
masked_record,sequence_as_bag,l313-s2-huang-2014,article:l313,1,1.0,1.0,1.0,1,,120
masked_record,balanced_strict,l290-s24-si-2006,article:l290,1,1.0,1.0,1.0,1,,120
masked_record,equal_facets,l290-s24-si-2006,article:l290,1,1.0,1.0,1.0,1,,120
masked_record,gower_field_pool,l290-s24-si-2006,article:l290,1,1.0,1.0,1.0,1,,120
masked_record,sequence_as_set,l290-s24-si-2006,article:l290,1,1.0,1.0,1.0,1,,120
masked_record,sequence_as_bag,l290-s24-si-2006,article:l290,1,1.0,1.0,1.0,1,,120
masked_record,balanced_strict,l229-s2-bao-2011,article:l229,1,1.0,1.0,1.0,1,,119
masked_record,equal_facets,l229-s2-bao-2011,article:l229,1,1.0,1.0,1.0,1,,119
masked_record,gower_field_pool,l229-s2-bao-2011,article:l229,1,1.0,1.0,1.0,1,,119
masked_record,sequence_as_set,l229-s2-bao-2011,article:l229,1,1.0,1.0,1.0,1,,119
masked_record,sequence_as_bag,l229-s2-bao-2011,article:l229,1,1.0,1.0,1.0,1,,119
masked_record,balanced_strict,l203-s17-ma-2009,article:l203,1,1.0,1.0,1.0,1,,120
masked_record,equal_facets,l203-s17-ma-2009,article:l203,1,1.0,1.0,1.0,1,,120
masked_record,gower_field_pool,l203-s17-ma-2009,article:l203,1,1.0,1.0,1.0,1,,120
masked_record,sequence_as_set,l203-s17-ma-2009,article:l203,1,1.0,1.0,1.0,1,,120
masked_record,sequence_as_bag,l203-s17-ma-2009,article:l203,1,1.0,1.0,1.0,1,,120
masked_record,balanced_strict,l383-s1-sadeghi-2017,article:l383,1,0.75,0.5,1.0,2,,120
masked_record,equal_facets,l383-s1-sadeghi-2017,article:l383,1,0.75,0.5,1.0,2,,120
masked_record,gower_field_pool,l383-s1-sadeghi-2017,article:l383,1,0.75,0.5,1.0,2,,120
masked_record,sequence_as_set,l383-s1-sadeghi-2017,article:l383,1,0.75,0.5,1.0,2,,120
masked_record,sequence_as_bag,l383-s1-sadeghi-2017,article:l383,1,0.75,0.5,1.0,2,,120
masked_record,balanced_strict,l309-s4-torki-2010,article:l309,1,1.0,1.0,1.0,1,,120
masked_record,equal_facets,l309-s4-torki-2010,article:l309,1,1.0,1.0,1.0,1,,120
masked_record,gower_field_pool,l309-s4-torki-2010,article:l309,1,1.0,1.0,1.0,1,,120
masked_record,sequence_as_set,l309-s4-torki-2010,article:l309,1,1.0,1.0,1.0,1,,120
masked_record,sequence_as_bag,l309-s4-torki-2010,article:l309,1,1.0,1.0,1.0,1,,120
masked_record,balanced_strict,l142-s2-gao-2014,article:l142,1,1.0,1.0,1.0,1,,120
masked_record,equal_facets,l142-s2-gao-2014,article:l142,1,1.0,1.0,1.0,1,,120
masked_record,gower_field_pool,l142-s2-gao-2014,article:l142,1,1.0,1.0,1.0,1,,120
masked_record,sequence_as_set,l142-s2-gao-2014,article:l142,1,1.0,1.0,1.0,1,,120
masked_record,sequence_as_bag,l142-s2-gao-2014,article:l142,1,1.0,1.0,1.0,1,,120
masked_record,balanced_strict,l274-s3-goh-2003,article:l274,1,1.0,1.0,1.0,1,,120
masked_record,equal_facets,l274-s3-goh-2003,article:l274,1,1.0,1.0,1.0,1,,120
masked_record,gower_field_pool,l274-s3-goh-2003,article:l274,1,1.0,1.0,1.0,1,,120
masked_record,sequence_as_set,l274-s3-goh-2003,article:l274,1,1.0,1.0,1.0,1,,120
masked_record,sequence_as_bag,l274-s3-goh-2003,article:l274,1,1.0,1.0,1.0,1,,120
masked_record,balanced_strict,l221-s8-dai-2008,article:l221,1,1.0,1.0,1.0,1,,119
masked_record,equal_facets,l221-s8-dai-2008,article:l221,1,1.0,1.0,1.0,1,,119
masked_record,gower_field_pool,l221-s8-dai-2008,article:l221,1,1.0,1.0,1.0,1,,119
masked_record,sequence_as_set,l221-s8-dai-2008,article:l221,1,1.0,1.0,1.0,1,,119
masked_record,sequence_as_bag,l221-s8-dai-2008,article:l221,1,1.0,1.0,1.0,1,,119
masked_record,balanced_strict,l191-s3-xie-2004,article:l191,1,1.0,1.0,1.0,1,,119
masked_record,equal_facets,l191-s3-xie-2004,article:l191,1,1.0,1.0,1.0,1,,119
masked_record,gower_field_pool,l191-s3-xie-2004,article:l191,1,1.0,1.0,1.0,1,,119
masked_record,sequence_as_set,l191-s3-xie-2004,article:l191,1,1.0,1.0,1.0,1,,119
masked_record,sequence_as_bag,l191-s3-xie-2004,article:l191,1,1.0,1.0,1.0,1,,119
masked_record,balanced_strict,l275-s1-zhou-2006,article:l275,1,1.0,1.0,1.0,1,,120
masked_record,equal_facets,l275-s1-zhou-2006,article:l275,1,1.0,1.0,1.0,1,,120
masked_record,gower_field_pool,l275-s1-zhou-2006,article:l275,1,1.0,1.0,1.0,1,,120
masked_record,sequence_as_set,l275-s1-zhou-2006,article:l275,1,1.0,1.0,1.0,1,,120
masked_record,sequence_as_bag,l275-s1-zhou-2006,article:l275,1,1.0,1.0,1.0,1,,120
masked_record,balanced_strict,l200-s4-schoch-2008,article:l200,1,1.0,1.0,1.0,1,,120
masked_record,equal_facets,l200-s4-schoch-2008,article:l200,1,1.0,1.0,1.0,1,,120
masked_record,gower_field_pool,l200-s4-schoch-2008,article:l200,1,1.0,1.0,1.0,1,,120
masked_record,sequence_as_set,l200-s4-schoch-2008,article:l200,1,1.0,1.0,1.0,1,,120
masked_record,sequence_as_bag,l200-s4-schoch-2008,article:l200,1,1.0,1.0,1.0,1,,120
masked_record,balanced_strict,l325-s5-manafi-2015,article:l325,1,1.0,1.0,1.0,1,,120
masked_record,equal_facets,l325-s5-manafi-2015,article:l325,1,1.0,1.0,1.0,1,,120
masked_record,gower_field_pool,l325-s5-manafi-2015,article:l325,1,1.0,1.0,1.0,1,,120
masked_record,sequence_as_set,l325-s5-manafi-2015,article:l325,1,1.0,1.0,1.0,1,,120
masked_record,sequence_as_bag,l325-s5-manafi-2015,article:l325,1,1.0,1.0,1.0,1,,120
masked_record,balanced_strict,l180-s3-maillard-2012,article:l180,1,1.0,1.0,1.0,1,,120
masked_record,equal_facets,l180-s3-maillard-2012,article:l180,1,1.0,1.0,1.0,1,,120
masked_record,gower_field_pool,l180-s3-maillard-2012,article:l180,1,1.0,1.0,1.0,1,,120
masked_record,sequence_as_set,l180-s3-maillard-2012,article:l180,1,1.0,1.0,1.0,1,,120
masked_record,sequence_as_bag,l180-s3-maillard-2012,article:l180,1,1.0,1.0,1.0,1,,120
masked_record,balanced_strict,l310-s5-chatterjee-2007,article:l310,1,1.0,1.0,1.0,1,,120
masked_record,equal_facets,l310-s5-chatterjee-2007,article:l310,1,1.0,1.0,1.0,1,,120
masked_record,gower_field_pool,l310-s5-chatterjee-2007,article:l310,1,1.0,1.0,1.0,1,,120
masked_record,sequence_as_set,l310-s5-chatterjee-2007,article:l310,1,1.0,1.0,1.0,1,,120
masked_record,sequence_as_bag,l310-s5-chatterjee-2007,article:l310,1,1.0,1.0,1.0,1,,120
masked_record,balanced_strict,l413-s3-botta-2018,article:l413,1,1.0,1.0,1.0,1,,120
masked_record,equal_facets,l413-s3-botta-2018,article:l413,1,1.0,1.0,1.0,1,,120
masked_record,gower_field_pool,l413-s3-botta-2018,article:l413,1,1.0,1.0,1.0,1,,120
masked_record,sequence_as_set,l413-s3-botta-2018,article:l413,1,1.0,1.0,1.0,1,,120
masked_record,sequence_as_bag,l413-s3-botta-2018,article:l413,1,1.0,1.0,1.0,1,,120
masked_record,balanced_strict,l375-s4-rishi-2018,article:l375,1,1.0,1.0,1.0,1,,119
masked_record,equal_facets,l375-s4-rishi-2018,article:l375,1,1.0,1.0,1.0,1,,119
masked_record,gower_field_pool,l375-s4-rishi-2018,article:l375,1,1.0,1.0,1.0,1,,119
masked_record,sequence_as_set,l375-s4-rishi-2018,article:l375,1,1.0,1.0,1.0,1,,119
masked_record,sequence_as_bag,l375-s4-rishi-2018,article:l375,1,1.0,1.0,1.0,1,,119
masked_record,balanced_strict,l154-s3-eitan-2005,article:l154,1,1.0,1.0,1.0,1,,120
masked_record,equal_facets,l154-s3-eitan-2005,article:l154,1,1.0,1.0,1.0,1,,120
masked_record,gower_field_pool,l154-s3-eitan-2005,article:l154,1,1.0,1.0,1.0,1,,120
masked_record,sequence_as_set,l154-s3-eitan-2005,article:l154,1,1.0,1.0,1.0,1,,120
masked_record,sequence_as_bag,l154-s3-eitan-2005,article:l154,1,1.0,1.0,1.0,1,,120
masked_record,balanced_strict,l376-s6-carroll-2017,article:l376,1,1.0,1.0,1.0,1,,120
masked_record,equal_facets,l376-s6-carroll-2017,article:l376,1,1.0,1.0,1.0,1,,120
masked_record,gower_field_pool,l376-s6-carroll-2017,article:l376,1,1.0,1.0,1.0,1,,120
masked_record,sequence_as_set,l376-s6-carroll-2017,article:l376,1,1.0,1.0,1.0,1,,120
masked_record,sequence_as_bag,l376-s6-carroll-2017,article:l376,1,1.0,1.0,1.0,1,,120
masked_record,balanced_strict,l111-s4-singha-2009,article:l111,1,1.0,1.0,1.0,1,,119
masked_record,equal_facets,l111-s4-singha-2009,article:l111,1,1.0,1.0,1.0,1,,119
masked_record,gower_field_pool,l111-s4-singha-2009,article:l111,1,1.0,1.0,1.0,1,,119
masked_record,sequence_as_set,l111-s4-singha-2009,article:l111,1,1.0,1.0,1.0,1,,119
masked_record,sequence_as_bag,l111-s4-singha-2009,article:l111,1,1.0,1.0,1.0,1,,119
masked_record,balanced_strict,l179-s5-ramanathan-2007,article:l179,1,1.0,1.0,1.0,1,,120
masked_record,equal_facets,l179-s5-ramanathan-2007,article:l179,1,1.0,1.0,1.0,1,,120
masked_record,gower_field_pool,l179-s5-ramanathan-2007,article:l179,1,1.0,1.0,1.0,1,,120
masked_record,sequence_as_set,l179-s5-ramanathan-2007,article:l179,1,1.0,1.0,1.0,1,,120
masked_record,sequence_as_bag,l179-s5-ramanathan-2007,article:l179,1,1.0,1.0,1.0,1,,120
masked_record,balanced_strict,l221-s4-dai-2008,article:l221,1,1.0,1.0,1.0,1,,119
masked_record,equal_facets,l221-s4-dai-2008,article:l221,1,1.0,1.0,1.0,1,,119
masked_record,gower_field_pool,l221-s4-dai-2008,article:l221,1,1.0,1.0,1.0,1,,119
masked_record,sequence_as_set,l221-s4-dai-2008,article:l221,1,1.0,1.0,1.0,1,,119
masked_record,sequence_as_bag,l221-s4-dai-2008,article:l221,1,1.0,1.0,1.0,1,,119
masked_record,balanced_strict,l208-s5-li-2012,article:l208,1,1.0,1.0,1.0,1,,120
masked_record,equal_facets,l208-s5-li-2012,article:l208,1,1.0,1.0,1.0,1,,120
masked_record,gower_field_pool,l208-s5-li-2012,article:l208,1,1.0,1.0,1.0,1,,120
masked_record,sequence_as_set,l208-s5-li-2012,article:l208,1,1.0,1.0,1.0,1,,120
masked_record,sequence_as_bag,l208-s5-li-2012,article:l208,1,1.0,1.0,1.0,1,,120
masked_record,balanced_strict,l259-s2-chen-2017,article:l259,1,1.0,1.0,1.0,1,,119
masked_record,equal_facets,l259-s2-chen-2017,article:l259,1,1.0,1.0,1.0,1,,119
masked_record,gower_field_pool,l259-s2-chen-2017,article:l259,1,1.0,1.0,1.0,1,,119
masked_record,sequence_as_set,l259-s2-chen-2017,article:l259,1,1.0,1.0,1.0,1,,119
masked_record,sequence_as_bag,l259-s2-chen-2017,article:l259,1,1.0,1.0,1.0,1,,119
masked_record,balanced_strict,l314-s4-diezpascual-2011,article:l314,1,1.0,1.0,1.0,1,,120
masked_record,equal_facets,l314-s4-diezpascual-2011,article:l314,1,1.0,1.0,1.0,1,,120
masked_record,gower_field_pool,l314-s4-diezpascual-2011,article:l314,1,1.0,1.0,1.0,1,,120
masked_record,sequence_as_set,l314-s4-diezpascual-2011,article:l314,1,1.0,1.0,1.0,1,,120
masked_record,sequence_as_bag,l314-s4-diezpascual-2011,article:l314,1,1.0,1.0,1.0,1,,120
masked_record,balanced_strict,l282-s3-cui-2008,article:l282,1,1.0,1.0,1.0,1,,119
masked_record,equal_facets,l282-s3-cui-2008,article:l282,1,1.0,1.0,1.0,1,,119
masked_record,gower_field_pool,l282-s3-cui-2008,article:l282,1,1.0,1.0,1.0,1,,119
masked_record,sequence_as_set,l282-s3-cui-2008,article:l282,1,1.0,1.0,1.0,1,,119
masked_record,sequence_as_bag,l282-s3-cui-2008,article:l282,1,1.0,1.0,1.0,1,,119
masked_record,balanced_strict,l118-s1-fidelus-2005,article:l118,1,1.0,1.0,1.0,1,,120
masked_record,equal_facets,l118-s1-fidelus-2005,article:l118,1,1.0,1.0,1.0,1,,120
masked_record,gower_field_pool,l118-s1-fidelus-2005,article:l118,1,1.0,1.0,1.0,1,,120
masked_record,sequence_as_set,l118-s1-fidelus-2005,article:l118,1,1.0,1.0,1.0,1,,120
masked_record,sequence_as_bag,l118-s1-fidelus-2005,article:l118,1,1.0,1.0,1.0,1,,120
masked_record,balanced_strict,l278-s2-choi-2001,article:l278,1,1.0,1.0,1.0,1,,119
masked_record,equal_facets,l278-s2-choi-2001,article:l278,1,1.0,1.0,1.0,1,,119
masked_record,gower_field_pool,l278-s2-choi-2001,article:l278,1,1.0,1.0,1.0,1,,119
masked_record,sequence_as_set,l278-s2-choi-2001,article:l278,1,1.0,1.0,1.0,1,,119
masked_record,sequence_as_bag,l278-s2-choi-2001,article:l278,1,1.0,1.0,1.0,1,,119
masked_record,balanced_strict,l132-s4-holt-2014,article:l132,1,1.0,1.0,1.0,1,,120
masked_record,equal_facets,l132-s4-holt-2014,article:l132,1,1.0,1.0,1.0,1,,120
masked_record,gower_field_pool,l132-s4-holt-2014,article:l132,1,1.0,1.0,1.0,1,,120
masked_record,sequence_as_set,l132-s4-holt-2014,article:l132,1,1.0,1.0,1.0,1,,120
masked_record,sequence_as_bag,l132-s4-holt-2014,article:l132,1,1.0,1.0,1.0,1,,120
masked_record,balanced_strict,l137-s8-yang-2014,article:l137,1,1.0,1.0,1.0,1,,120
masked_record,equal_facets,l137-s8-yang-2014,article:l137,1,1.0,1.0,1.0,1,,120
masked_record,gower_field_pool,l137-s8-yang-2014,article:l137,1,1.0,1.0,1.0,1,,120
masked_record,sequence_as_set,l137-s8-yang-2014,article:l137,1,1.0,1.0,1.0,1,,120
masked_record,sequence_as_bag,l137-s8-yang-2014,article:l137,1,1.0,1.0,1.0,1,,120
masked_record,balanced_strict,l266-s8-kalaitzidou-2007,article:l266,1,1.0,1.0,1.0,1,,120
masked_record,equal_facets,l266-s8-kalaitzidou-2007,article:l266,1,1.0,1.0,1.0,1,,120
masked_record,gower_field_pool,l266-s8-kalaitzidou-2007,article:l266,1,1.0,1.0,1.0,1,,120
masked_record,sequence_as_set,l266-s8-kalaitzidou-2007,article:l266,1,1.0,1.0,1.0,1,,120
masked_record,sequence_as_bag,l266-s8-kalaitzidou-2007,article:l266,1,1.0,1.0,1.0,1,,120
masked_record,balanced_strict,l261-s2-wang-2016,article:l261,1,1.0,1.0,1.0,1,,120
masked_record,equal_facets,l261-s2-wang-2016,article:l261,1,1.0,1.0,1.0,1,,120
masked_record,gower_field_pool,l261-s2-wang-2016,article:l261,1,1.0,1.0,1.0,1,,120
masked_record,sequence_as_set,l261-s2-wang-2016,article:l261,1,1.0,1.0,1.0,1,,120
masked_record,sequence_as_bag,l261-s2-wang-2016,article:l261,1,1.0,1.0,1.0,1,,120
masked_record,balanced_strict,l318-s3-patsidis-2014,article:l318,1,1.0,1.0,1.0,1,,119
masked_record,equal_facets,l318-s3-patsidis-2014,article:l318,1,1.0,1.0,1.0,1,,119
masked_record,gower_field_pool,l318-s3-patsidis-2014,article:l318,1,1.0,1.0,1.0,1,,119
masked_record,sequence_as_set,l318-s3-patsidis-2014,article:l318,1,1.0,1.0,1.0,1,,119
masked_record,sequence_as_bag,l318-s3-patsidis-2014,article:l318,1,1.0,1.0,1.0,1,,119
masked_record,balanced_strict,l375-s1-rishi-2018,article:l375,1,0.75,0.5,1.0,2,,119
masked_record,equal_facets,l375-s1-rishi-2018,article:l375,1,0.75,0.5,1.0,2,,119
masked_record,gower_field_pool,l375-s1-rishi-2018,article:l375,1,0.75,0.5,1.0,2,,119
masked_record,sequence_as_set,l375-s1-rishi-2018,article:l375,1,0.75,0.5,1.0,2,,119
masked_record,sequence_as_bag,l375-s1-rishi-2018,article:l375,1,0.75,0.5,1.0,2,,119
masked_record,balanced_strict,l304-s3-stockelhuber-2011,article:l304,1,1.0,1.0,1.0,1,,120
masked_record,equal_facets,l304-s3-stockelhuber-2011,article:l304,1,1.0,1.0,1.0,1,,120
masked_record,gower_field_pool,l304-s3-stockelhuber-2011,article:l304,1,1.0,1.0,1.0,1,,120
masked_record,sequence_as_set,l304-s3-stockelhuber-2011,article:l304,1,1.0,1.0,1.0,1,,120
masked_record,sequence_as_bag,l304-s3-stockelhuber-2011,article:l304,1,1.0,1.0,1.0,1,,120
masked_record,balanced_strict,l229-s7-bao-2011,article:l229,1,1.0,1.0,1.0,1,,119
masked_record,equal_facets,l229-s7-bao-2011,article:l229,1,1.0,1.0,1.0,1,,119
masked_record,gower_field_pool,l229-s7-bao-2011,article:l229,1,1.0,1.0,1.0,1,,119
masked_record,sequence_as_set,l229-s7-bao-2011,article:l229,1,1.0,1.0,1.0,1,,119
masked_record,sequence_as_bag,l229-s7-bao-2011,article:l229,1,1.0,1.0,1.0,1,,119
masked_record,balanced_strict,l316-s3-chandrasekaran-2013,article:l316,1,1.0,1.0,1.0,1,,118
masked_record,equal_facets,l316-s3-chandrasekaran-2013,article:l316,1,1.0,1.0,1.0,1,,118
masked_record,gower_field_pool,l316-s3-chandrasekaran-2013,article:l316,1,1.0,1.0,1.0,1,,118
masked_record,sequence_as_set,l316-s3-chandrasekaran-2013,article:l316,1,1.0,1.0,1.0,1,,118
masked_record,sequence_as_bag,l316-s3-chandrasekaran-2013,article:l316,1,1.0,1.0,1.0,1,,118
masked_record,balanced_strict,l120-s11-murugaraj-2005,article:l120,1,1.0,1.0,1.0,1,,119
masked_record,equal_facets,l120-s11-murugaraj-2005,article:l120,1,1.0,1.0,1.0,1,,119
masked_record,gower_field_pool,l120-s11-murugaraj-2005,article:l120,1,1.0,1.0,1.0,1,,119
masked_record,sequence_as_set,l120-s11-murugaraj-2005,article:l120,1,1.0,1.0,1.0,1,,119
masked_record,sequence_as_bag,l120-s11-murugaraj-2005,article:l120,1,1.0,1.0,1.0,1,,119
masked_record,balanced_strict,l297-s1-shen-2004,article:l297,1,1.0,1.0,1.0,1,,119
masked_record,equal_facets,l297-s1-shen-2004,article:l297,1,1.0,1.0,1.0,1,,119
masked_record,gower_field_pool,l297-s1-shen-2004,article:l297,1,1.0,1.0,1.0,1,,119
masked_record,sequence_as_set,l297-s1-shen-2004,article:l297,1,1.0,1.0,1.0,1,,119
masked_record,sequence_as_bag,l297-s1-shen-2004,article:l297,1,1.0,1.0,1.0,1,,119
masked_record,balanced_strict,l267-s3-kim-2006,article:l267,1,1.0,1.0,1.0,1,,120
masked_record,equal_facets,l267-s3-kim-2006,article:l267,1,1.0,1.0,1.0,1,,120
masked_record,gower_field_pool,l267-s3-kim-2006,article:l267,1,1.0,1.0,1.0,1,,120
masked_record,sequence_as_set,l267-s3-kim-2006,article:l267,1,1.0,1.0,1.0,1,,120
masked_record,sequence_as_bag,l267-s3-kim-2006,article:l267,1,1.0,1.0,1.0,1,,120
masked_record,balanced_strict,l279-s1-motaung-2012,article:l279,1,0.75,0.5,1.0,2,,120
masked_record,equal_facets,l279-s1-motaung-2012,article:l279,1,0.75,0.5,1.0,2,,120
masked_record,gower_field_pool,l279-s1-motaung-2012,article:l279,1,0.75,0.5,1.0,2,,120
masked_record,sequence_as_set,l279-s1-motaung-2012,article:l279,1,0.75,0.5,1.0,2,,120
masked_record,sequence_as_bag,l279-s1-motaung-2012,article:l279,1,0.75,0.5,1.0,2,,120
masked_record,balanced_strict,l302-s3-bandyopadhyay-2005,article:l302,1,1.0,1.0,1.0,1,,120
masked_record,equal_facets,l302-s3-bandyopadhyay-2005,article:l302,1,1.0,1.0,1.0,1,,120
masked_record,gower_field_pool,l302-s3-bandyopadhyay-2005,article:l302,1,1.0,1.0,1.0,1,,120
masked_record,sequence_as_set,l302-s3-bandyopadhyay-2005,article:l302,1,1.0,1.0,1.0,1,,120
masked_record,sequence_as_bag,l302-s3-bandyopadhyay-2005,article:l302,1,1.0,1.0,1.0,1,,120
masked_record,balanced_strict,l396-s4-ghosh-2013,article:l396,1,1.0,1.0,1.0,1,,119
masked_record,equal_facets,l396-s4-ghosh-2013,article:l396,1,1.0,1.0,1.0,1,,119
masked_record,gower_field_pool,l396-s4-ghosh-2013,article:l396,1,1.0,1.0,1.0,1,,119
masked_record,sequence_as_set,l396-s4-ghosh-2013,article:l396,1,1.0,1.0,1.0,1,,119
masked_record,sequence_as_bag,l396-s4-ghosh-2013,article:l396,1,1.0,1.0,1.0,1,,119
masked_record,balanced_strict,l297-s2-shen-2004,article:l297,1,1.0,1.0,1.0,1,,119
masked_record,equal_facets,l297-s2-shen-2004,article:l297,1,1.0,1.0,1.0,1,,119
masked_record,gower_field_pool,l297-s2-shen-2004,article:l297,1,1.0,1.0,1.0,1,,119
masked_record,sequence_as_set,l297-s2-shen-2004,article:l297,1,1.0,1.0,1.0,1,,119
masked_record,sequence_as_bag,l297-s2-shen-2004,article:l297,1,1.0,1.0,1.0,1,,119
masked_record,balanced_strict,l287-s3-jang-2008,article:l287,1,1.0,1.0,1.0,1,,118
masked_record,equal_facets,l287-s3-jang-2008,article:l287,1,1.0,1.0,1.0,1,,118
masked_record,gower_field_pool,l287-s3-jang-2008,article:l287,1,1.0,1.0,1.0,1,,118
masked_record,sequence_as_set,l287-s3-jang-2008,article:l287,1,1.0,1.0,1.0,1,,118
masked_record,sequence_as_bag,l287-s3-jang-2008,article:l287,1,1.0,1.0,1.0,1,,118
masked_record,balanced_strict,l129-s12-wu-2011,article:l129,1,1.0,1.0,1.0,1,,120
masked_record,equal_facets,l129-s12-wu-2011,article:l129,1,1.0,1.0,1.0,1,,120
masked_record,gower_field_pool,l129-s12-wu-2011,article:l129,1,1.0,1.0,1.0,1,,120
masked_record,sequence_as_set,l129-s12-wu-2011,article:l129,1,1.0,1.0,1.0,1,,120
masked_record,sequence_as_bag,l129-s12-wu-2011,article:l129,1,1.0,1.0,1.0,1,,120
masked_record,balanced_strict,l191-s2-xie-2004,article:l191,1,1.0,1.0,1.0,1,,119
masked_record,equal_facets,l191-s2-xie-2004,article:l191,1,1.0,1.0,1.0,1,,119
masked_record,gower_field_pool,l191-s2-xie-2004,article:l191,1,1.0,1.0,1.0,1,,119
masked_record,sequence_as_set,l191-s2-xie-2004,article:l191,1,1.0,1.0,1.0,1,,119
masked_record,sequence_as_bag,l191-s2-xie-2004,article:l191,1,1.0,1.0,1.0,1,,119
masked_record,balanced_strict,l397-s1-tuncer-2007,article:l397,1,1.0,1.0,1.0,1,,120
masked_record,equal_facets,l397-s1-tuncer-2007,article:l397,1,1.0,1.0,1.0,1,,120
masked_record,gower_field_pool,l397-s1-tuncer-2007,article:l397,1,1.0,1.0,1.0,1,,120
masked_record,sequence_as_set,l397-s1-tuncer-2007,article:l397,1,1.0,1.0,1.0,1,,120
masked_record,sequence_as_bag,l397-s1-tuncer-2007,article:l397,1,1.0,1.0,1.0,1,,120
masked_record,balanced_strict,l102-s8-hu-2007,article:l102,1,1.0,1.0,1.0,1,,120
masked_record,equal_facets,l102-s8-hu-2007,article:l102,1,1.0,1.0,1.0,1,,120
masked_record,gower_field_pool,l102-s8-hu-2007,article:l102,1,1.0,1.0,1.0,1,,120
masked_record,sequence_as_set,l102-s8-hu-2007,article:l102,1,1.0,1.0,1.0,1,,120
masked_record,sequence_as_bag,l102-s8-hu-2007,article:l102,1,1.0,1.0,1.0,1,,120
masked_record,balanced_strict,l294-s4-sarwar-2007,article:l294,1,1.0,1.0,1.0,1,,119
masked_record,equal_facets,l294-s4-sarwar-2007,article:l294,1,1.0,1.0,1.0,1,,119
masked_record,gower_field_pool,l294-s4-sarwar-2007,article:l294,1,1.0,1.0,1.0,1,,119
masked_record,sequence_as_set,l294-s4-sarwar-2007,article:l294,1,1.0,1.0,1.0,1,,119
masked_record,sequence_as_bag,l294-s4-sarwar-2007,article:l294,1,1.0,1.0,1.0,1,,119
masked_record,balanced_strict,l278-s1-choi-2001,article:l278,1,1.0,1.0,1.0,1,,119
masked_record,equal_facets,l278-s1-choi-2001,article:l278,1,1.0,1.0,1.0,1,,119
masked_record,gower_field_pool,l278-s1-choi-2001,article:l278,1,1.0,1.0,1.0,1,,119
masked_record,sequence_as_set,l278-s1-choi-2001,article:l278,1,1.0,1.0,1.0,1,,119
masked_record,sequence_as_bag,l278-s1-choi-2001,article:l278,1,1.0,1.0,1.0,1,,119
masked_record,balanced_strict,l287-s4-jang-2008,article:l287,1,1.0,1.0,1.0,1,,118
masked_record,equal_facets,l287-s4-jang-2008,article:l287,1,1.0,1.0,1.0,1,,118
masked_record,gower_field_pool,l287-s4-jang-2008,article:l287,1,1.0,1.0,1.0,1,,118
masked_record,sequence_as_set,l287-s4-jang-2008,article:l287,1,1.0,1.0,1.0,1,,118
masked_record,sequence_as_bag,l287-s4-jang-2008,article:l287,1,1.0,1.0,1.0,1,,118
masked_record,balanced_strict,l217-s6-ash-2002,article:l217,1,1.0,1.0,1.0,1,,120
masked_record,equal_facets,l217-s6-ash-2002,article:l217,1,1.0,1.0,1.0,1,,120
masked_record,gower_field_pool,l217-s6-ash-2002,article:l217,1,1.0,1.0,1.0,1,,120
masked_record,sequence_as_set,l217-s6-ash-2002,article:l217,1,1.0,1.0,1.0,1,,120
masked_record,sequence_as_bag,l217-s6-ash-2002,article:l217,1,1.0,1.0,1.0,1,,120
masked_record,balanced_strict,l316-s5-chandrasekaran-2013,article:l316,1,1.0,1.0,1.0,1,,118
masked_record,equal_facets,l316-s5-chandrasekaran-2013,article:l316,1,1.0,1.0,1.0,1,,118
masked_record,gower_field_pool,l316-s5-chandrasekaran-2013,article:l316,1,1.0,1.0,1.0,1,,118
masked_record,sequence_as_set,l316-s5-chandrasekaran-2013,article:l316,1,1.0,1.0,1.0,1,,118
masked_record,sequence_as_bag,l316-s5-chandrasekaran-2013,article:l316,1,1.0,1.0,1.0,1,,118
masked_record,balanced_strict,e108-s10-huang-2016,article:e108,1,1.0,1.0,1.0,1,,120
masked_record,equal_facets,e108-s10-huang-2016,article:e108,1,1.0,1.0,1.0,1,,120
masked_record,gower_field_pool,e108-s10-huang-2016,article:e108,1,1.0,1.0,1.0,1,,120
masked_record,sequence_as_set,e108-s10-huang-2016,article:e108,1,1.0,1.0,1.0,1,,120
masked_record,sequence_as_bag,e108-s10-huang-2016,article:e108,1,1.0,1.0,1.0,1,,120
masked_record,balanced_strict,l212-s5-ghanbari-2012,article:l212,1,1.0,1.0,1.0,1,,120
masked_record,equal_facets,l212-s5-ghanbari-2012,article:l212,1,1.0,1.0,1.0,1,,120
masked_record,gower_field_pool,l212-s5-ghanbari-2012,article:l212,1,1.0,1.0,1.0,1,,120
masked_record,sequence_as_set,l212-s5-ghanbari-2012,article:l212,1,1.0,1.0,1.0,1,,120
masked_record,sequence_as_bag,l212-s5-ghanbari-2012,article:l212,1,1.0,1.0,1.0,1,,120
masked_record,balanced_strict,l324-s6-zhu-2017,article:l324,1,1.0,1.0,1.0,1,,119
masked_record,equal_facets,l324-s6-zhu-2017,article:l324,1,1.0,1.0,1.0,1,,119
masked_record,gower_field_pool,l324-s6-zhu-2017,article:l324,1,1.0,1.0,1.0,1,,119
masked_record,sequence_as_set,l324-s6-zhu-2017,article:l324,1,1.0,1.0,1.0,1,,119
masked_record,sequence_as_bag,l324-s6-zhu-2017,article:l324,1,1.0,1.0,1.0,1,,119
masked_record,balanced_strict,l316-s10-chandrasekaran-2013,article:l316,1,1.0,1.0,1.0,1,,118
masked_record,equal_facets,l316-s10-chandrasekaran-2013,article:l316,1,1.0,1.0,1.0,1,,118
masked_record,gower_field_pool,l316-s10-chandrasekaran-2013,article:l316,1,1.0,1.0,1.0,1,,118
masked_record,sequence_as_set,l316-s10-chandrasekaran-2013,article:l316,1,1.0,1.0,1.0,1,,118
masked_record,sequence_as_bag,l316-s10-chandrasekaran-2013,article:l316,1,1.0,1.0,1.0,1,,118
masked_record,balanced_strict,l388-s1-benes-2018,article:l388,1,1.0,1.0,1.0,1,,120
masked_record,equal_facets,l388-s1-benes-2018,article:l388,1,1.0,1.0,1.0,1,,120
masked_record,gower_field_pool,l388-s1-benes-2018,article:l388,1,1.0,1.0,1.0,1,,120
masked_record,sequence_as_set,l388-s1-benes-2018,article:l388,1,1.0,1.0,1.0,1,,120
masked_record,sequence_as_bag,l388-s1-benes-2018,article:l388,1,1.0,1.0,1.0,1,,120
masked_record,balanced_strict,l318-s4-patsidis-2014,article:l318,1,1.0,1.0,1.0,1,,119
masked_record,equal_facets,l318-s4-patsidis-2014,article:l318,1,1.0,1.0,1.0,1,,119
masked_record,gower_field_pool,l318-s4-patsidis-2014,article:l318,1,1.0,1.0,1.0,1,,119
masked_record,sequence_as_set,l318-s4-patsidis-2014,article:l318,1,1.0,1.0,1.0,1,,119
masked_record,sequence_as_bag,l318-s4-patsidis-2014,article:l318,1,1.0,1.0,1.0,1,,119
masked_record,balanced_strict,l276-s3-huang-2009,article:l276,1,1.0,1.0,1.0,1,,119
masked_record,equal_facets,l276-s3-huang-2009,article:l276,1,1.0,1.0,1.0,1,,119
masked_record,gower_field_pool,l276-s3-huang-2009,article:l276,1,1.0,1.0,1.0,1,,119
masked_record,sequence_as_set,l276-s3-huang-2009,article:l276,1,1.0,1.0,1.0,1,,119
masked_record,sequence_as_bag,l276-s3-huang-2009,article:l276,1,1.0,1.0,1.0,1,,119
masked_record,balanced_strict,l260-s2-haggenmueller-2006,article:l260,1,1.0,1.0,1.0,1,,119
masked_record,equal_facets,l260-s2-haggenmueller-2006,article:l260,1,1.0,1.0,1.0,1,,119
masked_record,gower_field_pool,l260-s2-haggenmueller-2006,article:l260,1,1.0,1.0,1.0,1,,119
masked_record,sequence_as_set,l260-s2-haggenmueller-2006,article:l260,1,1.0,1.0,1.0,1,,119
masked_record,sequence_as_bag,l260-s2-haggenmueller-2006,article:l260,1,1.0,1.0,1.0,1,,119
masked_record,balanced_strict,l287-s2-jang-2008,article:l287,1,1.0,1.0,1.0,1,,118
masked_record,equal_facets,l287-s2-jang-2008,article:l287,1,1.0,1.0,1.0,1,,118
masked_record,gower_field_pool,l287-s2-jang-2008,article:l287,1,1.0,1.0,1.0,1,,118
masked_record,sequence_as_set,l287-s2-jang-2008,article:l287,1,1.0,1.0,1.0,1,,118
masked_record,sequence_as_bag,l287-s2-jang-2008,article:l287,1,1.0,1.0,1.0,1,,118
masked_record,balanced_strict,l282-s2-cui-2008,article:l282,1,1.0,1.0,1.0,1,,119
masked_record,equal_facets,l282-s2-cui-2008,article:l282,1,1.0,1.0,1.0,1,,119
masked_record,gower_field_pool,l282-s2-cui-2008,article:l282,1,1.0,1.0,1.0,1,,119
masked_record,sequence_as_set,l282-s2-cui-2008,article:l282,1,1.0,1.0,1.0,1,,119
masked_record,sequence_as_bag,l282-s2-cui-2008,article:l282,1,1.0,1.0,1.0,1,,119
masked_record,balanced_strict,l308-s3-demetrio-2013,article:l308,1,1.0,1.0,1.0,1,,119
masked_record,equal_facets,l308-s3-demetrio-2013,article:l308,1,1.0,1.0,1.0,1,,119
masked_record,gower_field_pool,l308-s3-demetrio-2013,article:l308,1,1.0,1.0,1.0,1,,119
masked_record,sequence_as_set,l308-s3-demetrio-2013,article:l308,1,1.0,1.0,1.0,1,,119
masked_record,sequence_as_bag,l308-s3-demetrio-2013,article:l308,1,1.0,1.0,1.0,1,,119
masked_record,balanced_strict,l259-s3-chen-2017,article:l259,1,1.0,1.0,1.0,1,,119
masked_record,equal_facets,l259-s3-chen-2017,article:l259,1,1.0,1.0,1.0,1,,119
masked_record,gower_field_pool,l259-s3-chen-2017,article:l259,1,1.0,1.0,1.0,1,,119
masked_record,sequence_as_set,l259-s3-chen-2017,article:l259,1,1.0,1.0,1.0,1,,119
masked_record,sequence_as_bag,l259-s3-chen-2017,article:l259,1,1.0,1.0,1.0,1,,119
masked_record,balanced_strict,l260-s5-haggenmueller-2006,article:l260,1,1.0,1.0,1.0,1,,119
masked_record,equal_facets,l260-s5-haggenmueller-2006,article:l260,1,1.0,1.0,1.0,1,,119
masked_record,gower_field_pool,l260-s5-haggenmueller-2006,article:l260,1,1.0,1.0,1.0,1,,119
masked_record,sequence_as_set,l260-s5-haggenmueller-2006,article:l260,1,1.0,1.0,1.0,1,,119
masked_record,sequence_as_bag,l260-s5-haggenmueller-2006,article:l260,1,1.0,1.0,1.0,1,,119
masked_record,balanced_strict,l392-s1-wang-2020,article:l392,1,1.0,1.0,1.0,1,,120
masked_record,equal_facets,l392-s1-wang-2020,article:l392,1,1.0,1.0,1.0,1,,120
masked_record,gower_field_pool,l392-s1-wang-2020,article:l392,1,1.0,1.0,1.0,1,,120
masked_record,sequence_as_set,l392-s1-wang-2020,article:l392,1,1.0,1.0,1.0,1,,120
masked_record,sequence_as_bag,l392-s1-wang-2020,article:l392,1,1.0,1.0,1.0,1,,120
masked_record,balanced_strict,e410-s2-prasad-2021,article:e410,1,1.0,1.0,1.0,1,,120
masked_record,equal_facets,e410-s2-prasad-2021,article:e410,1,1.0,1.0,1.0,1,,120
masked_record,gower_field_pool,e410-s2-prasad-2021,article:e410,1,1.0,1.0,1.0,1,,120
masked_record,sequence_as_set,e410-s2-prasad-2021,article:e410,1,1.0,1.0,1.0,1,,120
masked_record,sequence_as_bag,e410-s2-prasad-2021,article:e410,1,1.0,1.0,1.0,1,,120
masked_record,balanced_strict,l276-s4-huang-2009,article:l276,1,1.0,1.0,1.0,1,,119
masked_record,equal_facets,l276-s4-huang-2009,article:l276,1,1.0,1.0,1.0,1,,119
masked_record,gower_field_pool,l276-s4-huang-2009,article:l276,1,1.0,1.0,1.0,1,,119
masked_record,sequence_as_set,l276-s4-huang-2009,article:l276,1,1.0,1.0,1.0,1,,119
masked_record,sequence_as_bag,l276-s4-huang-2009,article:l276,1,1.0,1.0,1.0,1,,119
masked_record,balanced_strict,l289-s1-motaung-2012,article:l289,1,1.0,1.0,1.0,1,,120
masked_record,equal_facets,l289-s1-motaung-2012,article:l289,1,1.0,1.0,1.0,1,,120
masked_record,gower_field_pool,l289-s1-motaung-2012,article:l289,1,1.0,1.0,1.0,1,,120
masked_record,sequence_as_set,l289-s1-motaung-2012,article:l289,1,1.0,1.0,1.0,1,,120
masked_record,sequence_as_bag,l289-s1-motaung-2012,article:l289,1,1.0,1.0,1.0,1,,120
masked_record,balanced_strict,l294-s6-sarwar-2007,article:l294,1,1.0,1.0,1.0,1,,119
masked_record,equal_facets,l294-s6-sarwar-2007,article:l294,1,1.0,1.0,1.0,1,,119
masked_record,gower_field_pool,l294-s6-sarwar-2007,article:l294,1,1.0,1.0,1.0,1,,119
masked_record,sequence_as_set,l294-s6-sarwar-2007,article:l294,1,1.0,1.0,1.0,1,,119
masked_record,sequence_as_bag,l294-s6-sarwar-2007,article:l294,1,1.0,1.0,1.0,1,,119
masked_record,balanced_strict,e139-s6-hassinger-2016,article:e139,1,1.0,1.0,1.0,1,,120
masked_record,equal_facets,e139-s6-hassinger-2016,article:e139,1,1.0,1.0,1.0,1,,120
masked_record,gower_field_pool,e139-s6-hassinger-2016,article:e139,1,1.0,1.0,1.0,1,,120
masked_record,sequence_as_set,e139-s6-hassinger-2016,article:e139,1,1.0,1.0,1.0,1,,120
masked_record,sequence_as_bag,e139-s6-hassinger-2016,article:e139,1,1.0,1.0,1.0,1,,120
masked_record,balanced_strict,l306-s2-jiang-2008,article:l306,1,1.0,1.0,1.0,1,,119
masked_record,equal_facets,l306-s2-jiang-2008,article:l306,1,1.0,1.0,1.0,1,,119
masked_record,gower_field_pool,l306-s2-jiang-2008,article:l306,1,1.0,1.0,1.0,1,,119
masked_record,sequence_as_set,l306-s2-jiang-2008,article:l306,1,1.0,1.0,1.0,1,,119
masked_record,sequence_as_bag,l306-s2-jiang-2008,article:l306,1,1.0,1.0,1.0,1,,119
masked_record,balanced_strict,e408-s24-prasad-2021,article:e408,1,1.0,1.0,1.0,1,,120
masked_record,equal_facets,e408-s24-prasad-2021,article:e408,1,1.0,1.0,1.0,1,,120
masked_record,gower_field_pool,e408-s24-prasad-2021,article:e408,1,1.0,1.0,1.0,1,,120
masked_record,sequence_as_set,e408-s24-prasad-2021,article:e408,1,1.0,1.0,1.0,1,,120
masked_record,sequence_as_bag,e408-s24-prasad-2021,article:e408,1,1.0,1.0,1.0,1,,120
masked_record,balanced_strict,l236-s9-fukushima-2012,article:l236,1,1.0,1.0,1.0,1,,120
masked_record,equal_facets,l236-s9-fukushima-2012,article:l236,1,1.0,1.0,1.0,1,,120
masked_record,gower_field_pool,l236-s9-fukushima-2012,article:l236,1,1.0,1.0,1.0,1,,120
masked_record,sequence_as_set,l236-s9-fukushima-2012,article:l236,1,1.0,1.0,1.0,1,,120
masked_record,sequence_as_bag,l236-s9-fukushima-2012,article:l236,1,1.0,1.0,1.0,1,,120
masked_record,balanced_strict,l306-s3-jiang-2008,article:l306,1,1.0,1.0,1.0,1,,119
masked_record,equal_facets,l306-s3-jiang-2008,article:l306,1,1.0,1.0,1.0,1,,119
masked_record,gower_field_pool,l306-s3-jiang-2008,article:l306,1,1.0,1.0,1.0,1,,119
masked_record,sequence_as_set,l306-s3-jiang-2008,article:l306,1,1.0,1.0,1.0,1,,119
masked_record,sequence_as_bag,l306-s3-jiang-2008,article:l306,1,1.0,1.0,1.0,1,,119
masked_record,balanced_strict,l120-s2-murugaraj-2005,article:l120,1,1.0,1.0,1.0,1,,119
masked_record,equal_facets,l120-s2-murugaraj-2005,article:l120,1,1.0,1.0,1.0,1,,119
masked_record,gower_field_pool,l120-s2-murugaraj-2005,article:l120,1,1.0,1.0,1.0,1,,119
masked_record,sequence_as_set,l120-s2-murugaraj-2005,article:l120,1,1.0,1.0,1.0,1,,119
masked_record,sequence_as_bag,l120-s2-murugaraj-2005,article:l120,1,1.0,1.0,1.0,1,,119
masked_record,balanced_strict,e116-s21-prasad-2018,article:e116,2,1.0,1.0,1.0,1,,120
masked_record,equal_facets,e116-s21-prasad-2018,article:e116,2,1.0,1.0,1.0,1,,120
masked_record,gower_field_pool,e116-s21-prasad-2018,article:e116,2,1.0,1.0,1.0,1,,120
masked_record,sequence_as_set,e116-s21-prasad-2018,article:e116,2,1.0,1.0,1.0,1,,120
masked_record,sequence_as_bag,e116-s21-prasad-2018,article:e116,2,1.0,1.0,1.0,1,,120
masked_record,balanced_strict,l225-s8-ma-2007,article:l225,2,1.0,1.0,1.0,1,,119
masked_record,equal_facets,l225-s8-ma-2007,article:l225,2,1.0,1.0,1.0,1,,119
masked_record,gower_field_pool,l225-s8-ma-2007,article:l225,2,1.0,1.0,1.0,1,,119
masked_record,sequence_as_set,l225-s8-ma-2007,article:l225,2,1.0,1.0,1.0,1,,119
masked_record,sequence_as_bag,l225-s8-ma-2007,article:l225,2,1.0,1.0,1.0,1,,119
masked_record,balanced_strict,l182-s7-hoepfner-2017,article:l182,2,1.0,1.0,1.0,1,,120
masked_record,equal_facets,l182-s7-hoepfner-2017,article:l182,2,1.0,1.0,1.0,1,,120
masked_record,gower_field_pool,l182-s7-hoepfner-2017,article:l182,2,1.0,1.0,1.0,1,,120
masked_record,sequence_as_set,l182-s7-hoepfner-2017,article:l182,2,1.0,1.0,1.0,1,,120
masked_record,sequence_as_bag,l182-s7-hoepfner-2017,article:l182,2,1.0,1.0,1.0,1,,120
masked_record,balanced_strict,l254-s7-castillo-2011,article:l254,2,1.0,1.0,1.0,1,,120
masked_record,equal_facets,l254-s7-castillo-2011,article:l254,2,1.0,1.0,1.0,1,,120
masked_record,gower_field_pool,l254-s7-castillo-2011,article:l254,2,1.0,1.0,1.0,1,,120
masked_record,sequence_as_set,l254-s7-castillo-2011,article:l254,2,1.0,1.0,1.0,1,,120
masked_record,sequence_as_bag,l254-s7-castillo-2011,article:l254,2,1.0,1.0,1.0,1,,120
masked_record,balanced_strict,l171-s15-rittigstein-2006,article:l171,2,1.0,1.0,1.0,1,,120
masked_record,equal_facets,l171-s15-rittigstein-2006,article:l171,2,1.0,1.0,1.0,1,,120
masked_record,gower_field_pool,l171-s15-rittigstein-2006,article:l171,2,1.0,1.0,1.0,1,,120
masked_record,sequence_as_set,l171-s15-rittigstein-2006,article:l171,2,1.0,1.0,1.0,1,,120
masked_record,sequence_as_bag,l171-s15-rittigstein-2006,article:l171,2,1.0,1.0,1.0,1,,120
masked_record,balanced_strict,l320-s2-wang-2014,article:l320,2,1.0,1.0,1.0,1,,120
masked_record,equal_facets,l320-s2-wang-2014,article:l320,2,1.0,1.0,1.0,1,,120
masked_record,gower_field_pool,l320-s2-wang-2014,article:l320,2,1.0,1.0,1.0,1,,120
masked_record,sequence_as_set,l320-s2-wang-2014,article:l320,2,1.0,1.0,1.0,1,,120
masked_record,sequence_as_bag,l320-s2-wang-2014,article:l320,2,1.0,1.0,1.0,1,,120
masked_record,balanced_strict,l324-s5-zhu-2017,article:l324,2,1.0,1.0,1.0,1,,119
masked_record,equal_facets,l324-s5-zhu-2017,article:l324,2,1.0,1.0,1.0,1,,119
masked_record,gower_field_pool,l324-s5-zhu-2017,article:l324,2,1.0,1.0,1.0,1,,119
masked_record,sequence_as_set,l324-s5-zhu-2017,article:l324,2,1.0,1.0,1.0,1,,119
masked_record,sequence_as_bag,l324-s5-zhu-2017,article:l324,2,1.0,1.0,1.0,1,,119
masked_record,balanced_strict,l225-s1-ma-2007,article:l225,2,1.0,1.0,1.0,1,,119
masked_record,equal_facets,l225-s1-ma-2007,article:l225,2,1.0,1.0,1.0,1,,119
masked_record,gower_field_pool,l225-s1-ma-2007,article:l225,2,1.0,1.0,1.0,1,,119
masked_record,sequence_as_set,l225-s1-ma-2007,article:l225,2,1.0,1.0,1.0,1,,119
masked_record,sequence_as_bag,l225-s1-ma-2007,article:l225,2,1.0,1.0,1.0,1,,119
masked_record,balanced_strict,l196-s4-petersson-2006,article:l196,2,1.0,1.0,1.0,1,,120
masked_record,equal_facets,l196-s4-petersson-2006,article:l196,2,1.0,1.0,1.0,1,,120
masked_record,gower_field_pool,l196-s4-petersson-2006,article:l196,2,1.0,1.0,1.0,1,,120
masked_record,sequence_as_set,l196-s4-petersson-2006,article:l196,2,1.0,1.0,1.0,1,,120
masked_record,sequence_as_bag,l196-s4-petersson-2006,article:l196,2,1.0,1.0,1.0,1,,120
masked_record,balanced_strict,l385-s3-bailey-2019,article:l385,2,1.0,1.0,1.0,1,,120
masked_record,equal_facets,l385-s3-bailey-2019,article:l385,2,1.0,1.0,1.0,1,,120
masked_record,gower_field_pool,l385-s3-bailey-2019,article:l385,2,1.0,1.0,1.0,1,,120
masked_record,sequence_as_set,l385-s3-bailey-2019,article:l385,2,1.0,1.0,1.0,1,,120
masked_record,sequence_as_bag,l385-s3-bailey-2019,article:l385,2,1.0,1.0,1.0,1,,120
masked_record,balanced_strict,l308-s4-demetrio-2013,article:l308,2,1.0,1.0,1.0,1,,119
masked_record,equal_facets,l308-s4-demetrio-2013,article:l308,2,1.0,1.0,1.0,1,,119
masked_record,gower_field_pool,l308-s4-demetrio-2013,article:l308,2,1.0,1.0,1.0,1,,119
masked_record,sequence_as_set,l308-s4-demetrio-2013,article:l308,2,1.0,1.0,1.0,1,,119
masked_record,sequence_as_bag,l308-s4-demetrio-2013,article:l308,2,1.0,1.0,1.0,1,,119
masked_record,balanced_strict,l262-s5-oyarzabal-2016,article:l262,2,1.0,1.0,1.0,1,,120
masked_record,equal_facets,l262-s5-oyarzabal-2016,article:l262,2,1.0,1.0,1.0,1,,120
masked_record,gower_field_pool,l262-s5-oyarzabal-2016,article:l262,2,1.0,1.0,1.0,1,,120
masked_record,sequence_as_set,l262-s5-oyarzabal-2016,article:l262,2,1.0,1.0,1.0,1,,120
masked_record,sequence_as_bag,l262-s5-oyarzabal-2016,article:l262,2,1.0,1.0,1.0,1,,120
masked_record,balanced_strict,l110-s7-singha-2008,article:l110,2,1.0,1.0,1.0,1,,120
masked_record,equal_facets,l110-s7-singha-2008,article:l110,2,1.0,1.0,1.0,1,,120
masked_record,gower_field_pool,l110-s7-singha-2008,article:l110,2,1.0,1.0,1.0,1,,120
masked_record,sequence_as_set,l110-s7-singha-2008,article:l110,2,1.0,1.0,1.0,1,,120
masked_record,sequence_as_bag,l110-s7-singha-2008,article:l110,2,1.0,1.0,1.0,1,,120
masked_record,balanced_strict,l238-s3-zhao-2008,article:l238,2,1.0,1.0,1.0,1,,120
masked_record,equal_facets,l238-s3-zhao-2008,article:l238,2,1.0,1.0,1.0,1,,120
masked_record,gower_field_pool,l238-s3-zhao-2008,article:l238,2,1.0,1.0,1.0,1,,120
masked_record,sequence_as_set,l238-s3-zhao-2008,article:l238,2,1.0,1.0,1.0,1,,120
masked_record,sequence_as_bag,l238-s3-zhao-2008,article:l238,2,1.0,1.0,1.0,1,,120
masked_record,balanced_strict,l140-s9-gao-2012,article:l140,2,1.0,1.0,1.0,1,,120
masked_record,equal_facets,l140-s9-gao-2012,article:l140,2,1.0,1.0,1.0,1,,120
masked_record,gower_field_pool,l140-s9-gao-2012,article:l140,2,1.0,1.0,1.0,1,,120
masked_record,sequence_as_set,l140-s9-gao-2012,article:l140,2,1.0,1.0,1.0,1,,120
masked_record,sequence_as_bag,l140-s9-gao-2012,article:l140,2,1.0,1.0,1.0,1,,120
masked_record,balanced_strict,l210-s4-zhang-2014,article:l210,2,1.0,1.0,1.0,1,,120
masked_record,equal_facets,l210-s4-zhang-2014,article:l210,2,1.0,1.0,1.0,1,,120
masked_record,gower_field_pool,l210-s4-zhang-2014,article:l210,2,1.0,1.0,1.0,1,,120
masked_record,sequence_as_set,l210-s4-zhang-2014,article:l210,2,1.0,1.0,1.0,1,,120
masked_record,sequence_as_bag,l210-s4-zhang-2014,article:l210,2,1.0,1.0,1.0,1,,120
masked_record,balanced_strict,l380-s1-zhao-2017,article:l380,2,1.0,1.0,1.0,1,,120
masked_record,equal_facets,l380-s1-zhao-2017,article:l380,2,1.0,1.0,1.0,1,,120
masked_record,gower_field_pool,l380-s1-zhao-2017,article:l380,2,1.0,1.0,1.0,1,,120
masked_record,sequence_as_set,l380-s1-zhao-2017,article:l380,2,1.0,1.0,1.0,1,,120
masked_record,sequence_as_bag,l380-s1-zhao-2017,article:l380,2,1.0,1.0,1.0,1,,120
masked_record,balanced_strict,l386-s54-jimenez-2019,article:l386,2,1.0,1.0,1.0,1,,120
masked_record,equal_facets,l386-s54-jimenez-2019,article:l386,2,1.0,1.0,1.0,1,,120
masked_record,gower_field_pool,l386-s54-jimenez-2019,article:l386,2,1.0,1.0,1.0,1,,120
masked_record,sequence_as_set,l386-s54-jimenez-2019,article:l386,2,1.0,1.0,1.0,1,,120
masked_record,sequence_as_bag,l386-s54-jimenez-2019,article:l386,2,1.0,1.0,1.0,1,,120
masked_record,balanced_strict,l121-s8-nelson-2005,article:l121,2,1.0,1.0,1.0,1,,120
masked_record,equal_facets,l121-s8-nelson-2005,article:l121,2,1.0,1.0,1.0,1,,120
masked_record,gower_field_pool,l121-s8-nelson-2005,article:l121,2,1.0,1.0,1.0,1,,120
masked_record,sequence_as_set,l121-s8-nelson-2005,article:l121,2,1.0,1.0,1.0,1,,120
masked_record,sequence_as_bag,l121-s8-nelson-2005,article:l121,2,1.0,1.0,1.0,1,,120
masked_record,balanced_strict,l379-s8-liu-2017,article:l379,2,1.0,1.0,1.0,1,,120
masked_record,equal_facets,l379-s8-liu-2017,article:l379,2,1.0,1.0,1.0,1,,120
masked_record,gower_field_pool,l379-s8-liu-2017,article:l379,2,1.0,1.0,1.0,1,,120
masked_record,sequence_as_set,l379-s8-liu-2017,article:l379,2,1.0,1.0,1.0,1,,120
masked_record,sequence_as_bag,l379-s8-liu-2017,article:l379,2,1.0,1.0,1.0,1,,120
masked_record,balanced_strict,l211-s17-ash-2004,article:l211,2,1.0,1.0,1.0,1,,119
masked_record,equal_facets,l211-s17-ash-2004,article:l211,2,1.0,1.0,1.0,1,,119
masked_record,gower_field_pool,l211-s17-ash-2004,article:l211,2,1.0,1.0,1.0,1,,119
masked_record,sequence_as_set,l211-s17-ash-2004,article:l211,2,1.0,1.0,1.0,1,,119
masked_record,sequence_as_bag,l211-s17-ash-2004,article:l211,2,1.0,1.0,1.0,1,,119
masked_record,balanced_strict,l396-s6-ghosh-2013,article:l396,2,1.0,1.0,1.0,1,,119
masked_record,equal_facets,l396-s6-ghosh-2013,article:l396,2,1.0,1.0,1.0,1,,119
masked_record,gower_field_pool,l396-s6-ghosh-2013,article:l396,2,1.0,1.0,1.0,1,,119
masked_record,sequence_as_set,l396-s6-ghosh-2013,article:l396,2,1.0,1.0,1.0,1,,119
masked_record,sequence_as_bag,l396-s6-ghosh-2013,article:l396,2,1.0,1.0,1.0,1,,119
masked_record,balanced_strict,l111-s3-singha-2009,article:l111,2,1.0,1.0,1.0,1,,119
masked_record,equal_facets,l111-s3-singha-2009,article:l111,2,1.0,1.0,1.0,1,,119
masked_record,gower_field_pool,l111-s3-singha-2009,article:l111,2,1.0,1.0,1.0,1,,119
masked_record,sequence_as_set,l111-s3-singha-2009,article:l111,2,1.0,1.0,1.0,1,,119
masked_record,sequence_as_bag,l111-s3-singha-2009,article:l111,2,1.0,1.0,1.0,1,,119
masked_record,balanced_strict,l211-s15-ash-2004,article:l211,2,1.0,1.0,1.0,1,,119
masked_record,equal_facets,l211-s15-ash-2004,article:l211,2,1.0,1.0,1.0,1,,119
masked_record,gower_field_pool,l211-s15-ash-2004,article:l211,2,1.0,1.0,1.0,1,,119
masked_record,sequence_as_set,l211-s15-ash-2004,article:l211,2,1.0,1.0,1.0,1,,119
masked_record,sequence_as_bag,l211-s15-ash-2004,article:l211,2,1.0,1.0,1.0,1,,119
masked_record,balanced_strict,l313-s2-huang-2014,article:l313,2,1.0,1.0,1.0,1,,120
masked_record,equal_facets,l313-s2-huang-2014,article:l313,2,1.0,1.0,1.0,1,,120
masked_record,gower_field_pool,l313-s2-huang-2014,article:l313,2,1.0,1.0,1.0,1,,120
masked_record,sequence_as_set,l313-s2-huang-2014,article:l313,2,1.0,1.0,1.0,1,,120
masked_record,sequence_as_bag,l313-s2-huang-2014,article:l313,2,1.0,1.0,1.0,1,,120
masked_record,balanced_strict,l290-s24-si-2006,article:l290,2,1.0,1.0,1.0,1,,120
masked_record,equal_facets,l290-s24-si-2006,article:l290,2,1.0,1.0,1.0,1,,120
masked_record,gower_field_pool,l290-s24-si-2006,article:l290,2,1.0,1.0,1.0,1,,120
masked_record,sequence_as_set,l290-s24-si-2006,article:l290,2,1.0,1.0,1.0,1,,120
masked_record,sequence_as_bag,l290-s24-si-2006,article:l290,2,1.0,1.0,1.0,1,,120
masked_record,balanced_strict,l229-s2-bao-2011,article:l229,2,1.0,1.0,1.0,1,,119
masked_record,equal_facets,l229-s2-bao-2011,article:l229,2,1.0,1.0,1.0,1,,119
masked_record,gower_field_pool,l229-s2-bao-2011,article:l229,2,1.0,1.0,1.0,1,,119
masked_record,sequence_as_set,l229-s2-bao-2011,article:l229,2,1.0,1.0,1.0,1,,119
masked_record,sequence_as_bag,l229-s2-bao-2011,article:l229,2,1.0,1.0,1.0,1,,119
masked_record,balanced_strict,l203-s17-ma-2009,article:l203,2,1.0,1.0,1.0,1,,120
masked_record,equal_facets,l203-s17-ma-2009,article:l203,2,1.0,1.0,1.0,1,,120
masked_record,gower_field_pool,l203-s17-ma-2009,article:l203,2,1.0,1.0,1.0,1,,120
masked_record,sequence_as_set,l203-s17-ma-2009,article:l203,2,1.0,1.0,1.0,1,,120
masked_record,sequence_as_bag,l203-s17-ma-2009,article:l203,2,1.0,1.0,1.0,1,,120
masked_record,balanced_strict,l383-s1-sadeghi-2017,article:l383,2,1.0,1.0,1.0,1,,120
masked_record,equal_facets,l383-s1-sadeghi-2017,article:l383,2,1.0,1.0,1.0,1,,120
masked_record,gower_field_pool,l383-s1-sadeghi-2017,article:l383,2,1.0,1.0,1.0,1,,120
masked_record,sequence_as_set,l383-s1-sadeghi-2017,article:l383,2,1.0,1.0,1.0,1,,120
masked_record,sequence_as_bag,l383-s1-sadeghi-2017,article:l383,2,1.0,1.0,1.0,1,,120
masked_record,balanced_strict,l309-s4-torki-2010,article:l309,2,1.0,1.0,1.0,1,,120
masked_record,equal_facets,l309-s4-torki-2010,article:l309,2,1.0,1.0,1.0,1,,120
masked_record,gower_field_pool,l309-s4-torki-2010,article:l309,2,1.0,1.0,1.0,1,,120
masked_record,sequence_as_set,l309-s4-torki-2010,article:l309,2,1.0,1.0,1.0,1,,120
masked_record,sequence_as_bag,l309-s4-torki-2010,article:l309,2,1.0,1.0,1.0,1,,120
masked_record,balanced_strict,l142-s2-gao-2014,article:l142,2,1.0,1.0,1.0,1,,120
masked_record,equal_facets,l142-s2-gao-2014,article:l142,2,1.0,1.0,1.0,1,,120
masked_record,gower_field_pool,l142-s2-gao-2014,article:l142,2,1.0,1.0,1.0,1,,120
masked_record,sequence_as_set,l142-s2-gao-2014,article:l142,2,1.0,1.0,1.0,1,,120
masked_record,sequence_as_bag,l142-s2-gao-2014,article:l142,2,1.0,1.0,1.0,1,,120
masked_record,balanced_strict,l274-s3-goh-2003,article:l274,2,1.0,1.0,1.0,1,,120
masked_record,equal_facets,l274-s3-goh-2003,article:l274,2,1.0,1.0,1.0,1,,120
masked_record,gower_field_pool,l274-s3-goh-2003,article:l274,2,1.0,1.0,1.0,1,,120
masked_record,sequence_as_set,l274-s3-goh-2003,article:l274,2,1.0,1.0,1.0,1,,120
masked_record,sequence_as_bag,l274-s3-goh-2003,article:l274,2,1.0,1.0,1.0,1,,120
masked_record,balanced_strict,l221-s8-dai-2008,article:l221,2,1.0,1.0,1.0,1,,119
masked_record,equal_facets,l221-s8-dai-2008,article:l221,2,1.0,1.0,1.0,1,,119
masked_record,gower_field_pool,l221-s8-dai-2008,article:l221,2,1.0,1.0,1.0,1,,119
masked_record,sequence_as_set,l221-s8-dai-2008,article:l221,2,1.0,1.0,1.0,1,,119
masked_record,sequence_as_bag,l221-s8-dai-2008,article:l221,2,1.0,1.0,1.0,1,,119
masked_record,balanced_strict,l191-s3-xie-2004,article:l191,2,1.0,1.0,1.0,1,,119
masked_record,equal_facets,l191-s3-xie-2004,article:l191,2,1.0,1.0,1.0,1,,119
masked_record,gower_field_pool,l191-s3-xie-2004,article:l191,2,1.0,1.0,1.0,1,,119
masked_record,sequence_as_set,l191-s3-xie-2004,article:l191,2,1.0,1.0,1.0,1,,119
masked_record,sequence_as_bag,l191-s3-xie-2004,article:l191,2,1.0,1.0,1.0,1,,119
masked_record,balanced_strict,l275-s1-zhou-2006,article:l275,2,1.0,1.0,1.0,1,,120
masked_record,equal_facets,l275-s1-zhou-2006,article:l275,2,1.0,1.0,1.0,1,,120
masked_record,gower_field_pool,l275-s1-zhou-2006,article:l275,2,1.0,1.0,1.0,1,,120
masked_record,sequence_as_set,l275-s1-zhou-2006,article:l275,2,1.0,1.0,1.0,1,,120
masked_record,sequence_as_bag,l275-s1-zhou-2006,article:l275,2,1.0,1.0,1.0,1,,120
masked_record,balanced_strict,l200-s4-schoch-2008,article:l200,2,1.0,1.0,1.0,1,,120
masked_record,equal_facets,l200-s4-schoch-2008,article:l200,2,1.0,1.0,1.0,1,,120
masked_record,gower_field_pool,l200-s4-schoch-2008,article:l200,2,1.0,1.0,1.0,1,,120
masked_record,sequence_as_set,l200-s4-schoch-2008,article:l200,2,1.0,1.0,1.0,1,,120
masked_record,sequence_as_bag,l200-s4-schoch-2008,article:l200,2,1.0,1.0,1.0,1,,120
masked_record,balanced_strict,l325-s5-manafi-2015,article:l325,2,1.0,1.0,1.0,1,,120
masked_record,equal_facets,l325-s5-manafi-2015,article:l325,2,1.0,1.0,1.0,1,,120
masked_record,gower_field_pool,l325-s5-manafi-2015,article:l325,2,1.0,1.0,1.0,1,,120
masked_record,sequence_as_set,l325-s5-manafi-2015,article:l325,2,1.0,1.0,1.0,1,,120
masked_record,sequence_as_bag,l325-s5-manafi-2015,article:l325,2,1.0,1.0,1.0,1,,120
masked_record,balanced_strict,l180-s3-maillard-2012,article:l180,2,1.0,1.0,1.0,1,,120
masked_record,equal_facets,l180-s3-maillard-2012,article:l180,2,1.0,1.0,1.0,1,,120
masked_record,gower_field_pool,l180-s3-maillard-2012,article:l180,2,1.0,1.0,1.0,1,,120
masked_record,sequence_as_set,l180-s3-maillard-2012,article:l180,2,1.0,1.0,1.0,1,,120
masked_record,sequence_as_bag,l180-s3-maillard-2012,article:l180,2,1.0,1.0,1.0,1,,120
masked_record,balanced_strict,l310-s5-chatterjee-2007,article:l310,2,1.0,1.0,1.0,1,,120
masked_record,equal_facets,l310-s5-chatterjee-2007,article:l310,2,1.0,1.0,1.0,1,,120
masked_record,gower_field_pool,l310-s5-chatterjee-2007,article:l310,2,1.0,1.0,1.0,1,,120
masked_record,sequence_as_set,l310-s5-chatterjee-2007,article:l310,2,1.0,1.0,1.0,1,,120
masked_record,sequence_as_bag,l310-s5-chatterjee-2007,article:l310,2,1.0,1.0,1.0,1,,120
masked_record,balanced_strict,l413-s3-botta-2018,article:l413,2,1.0,1.0,1.0,1,,120
masked_record,equal_facets,l413-s3-botta-2018,article:l413,2,1.0,1.0,1.0,1,,120
masked_record,gower_field_pool,l413-s3-botta-2018,article:l413,2,1.0,1.0,1.0,1,,120
masked_record,sequence_as_set,l413-s3-botta-2018,article:l413,2,1.0,1.0,1.0,1,,120
masked_record,sequence_as_bag,l413-s3-botta-2018,article:l413,2,1.0,1.0,1.0,1,,120
masked_record,balanced_strict,l375-s4-rishi-2018,article:l375,2,1.0,1.0,1.0,1,,119
masked_record,equal_facets,l375-s4-rishi-2018,article:l375,2,1.0,1.0,1.0,1,,119
masked_record,gower_field_pool,l375-s4-rishi-2018,article:l375,2,1.0,1.0,1.0,1,,119
masked_record,sequence_as_set,l375-s4-rishi-2018,article:l375,2,1.0,1.0,1.0,1,,119
masked_record,sequence_as_bag,l375-s4-rishi-2018,article:l375,2,1.0,1.0,1.0,1,,119
masked_record,balanced_strict,l154-s3-eitan-2005,article:l154,2,1.0,1.0,1.0,1,,120
masked_record,equal_facets,l154-s3-eitan-2005,article:l154,2,1.0,1.0,1.0,1,,120
masked_record,gower_field_pool,l154-s3-eitan-2005,article:l154,2,1.0,1.0,1.0,1,,120
masked_record,sequence_as_set,l154-s3-eitan-2005,article:l154,2,1.0,1.0,1.0,1,,120
masked_record,sequence_as_bag,l154-s3-eitan-2005,article:l154,2,1.0,1.0,1.0,1,,120
masked_record,balanced_strict,l376-s6-carroll-2017,article:l376,2,1.0,1.0,1.0,1,,120
masked_record,equal_facets,l376-s6-carroll-2017,article:l376,2,1.0,1.0,1.0,1,,120
masked_record,gower_field_pool,l376-s6-carroll-2017,article:l376,2,1.0,1.0,1.0,1,,120
masked_record,sequence_as_set,l376-s6-carroll-2017,article:l376,2,1.0,1.0,1.0,1,,120
masked_record,sequence_as_bag,l376-s6-carroll-2017,article:l376,2,1.0,1.0,1.0,1,,120
masked_record,balanced_strict,l111-s4-singha-2009,article:l111,2,1.0,1.0,1.0,1,,119
masked_record,equal_facets,l111-s4-singha-2009,article:l111,2,1.0,1.0,1.0,1,,119
masked_record,gower_field_pool,l111-s4-singha-2009,article:l111,2,1.0,1.0,1.0,1,,119
masked_record,sequence_as_set,l111-s4-singha-2009,article:l111,2,1.0,1.0,1.0,1,,119
masked_record,sequence_as_bag,l111-s4-singha-2009,article:l111,2,1.0,1.0,1.0,1,,119
masked_record,balanced_strict,l179-s5-ramanathan-2007,article:l179,2,1.0,1.0,1.0,1,,120
masked_record,equal_facets,l179-s5-ramanathan-2007,article:l179,2,1.0,1.0,1.0,1,,120
masked_record,gower_field_pool,l179-s5-ramanathan-2007,article:l179,2,1.0,1.0,1.0,1,,120
masked_record,sequence_as_set,l179-s5-ramanathan-2007,article:l179,2,1.0,1.0,1.0,1,,120
masked_record,sequence_as_bag,l179-s5-ramanathan-2007,article:l179,2,1.0,1.0,1.0,1,,120
masked_record,balanced_strict,l221-s4-dai-2008,article:l221,2,1.0,1.0,1.0,1,,119
masked_record,equal_facets,l221-s4-dai-2008,article:l221,2,1.0,1.0,1.0,1,,119
masked_record,gower_field_pool,l221-s4-dai-2008,article:l221,2,1.0,1.0,1.0,1,,119
masked_record,sequence_as_set,l221-s4-dai-2008,article:l221,2,1.0,1.0,1.0,1,,119
masked_record,sequence_as_bag,l221-s4-dai-2008,article:l221,2,1.0,1.0,1.0,1,,119
masked_record,balanced_strict,l208-s5-li-2012,article:l208,2,1.0,1.0,1.0,1,,120
masked_record,equal_facets,l208-s5-li-2012,article:l208,2,1.0,1.0,1.0,1,,120
masked_record,gower_field_pool,l208-s5-li-2012,article:l208,2,1.0,1.0,1.0,1,,120
masked_record,sequence_as_set,l208-s5-li-2012,article:l208,2,1.0,1.0,1.0,1,,120
masked_record,sequence_as_bag,l208-s5-li-2012,article:l208,2,1.0,1.0,1.0,1,,120
masked_record,balanced_strict,l259-s2-chen-2017,article:l259,2,1.0,1.0,1.0,1,,119
masked_record,equal_facets,l259-s2-chen-2017,article:l259,2,1.0,1.0,1.0,1,,119
masked_record,gower_field_pool,l259-s2-chen-2017,article:l259,2,1.0,1.0,1.0,1,,119
masked_record,sequence_as_set,l259-s2-chen-2017,article:l259,2,1.0,1.0,1.0,1,,119
masked_record,sequence_as_bag,l259-s2-chen-2017,article:l259,2,1.0,1.0,1.0,1,,119
masked_record,balanced_strict,l314-s4-diezpascual-2011,article:l314,2,1.0,1.0,1.0,1,,120
masked_record,equal_facets,l314-s4-diezpascual-2011,article:l314,2,1.0,1.0,1.0,1,,120
masked_record,gower_field_pool,l314-s4-diezpascual-2011,article:l314,2,1.0,1.0,1.0,1,,120
masked_record,sequence_as_set,l314-s4-diezpascual-2011,article:l314,2,1.0,1.0,1.0,1,,120
masked_record,sequence_as_bag,l314-s4-diezpascual-2011,article:l314,2,1.0,1.0,1.0,1,,120
masked_record,balanced_strict,l282-s3-cui-2008,article:l282,2,1.0,1.0,1.0,1,,119
masked_record,equal_facets,l282-s3-cui-2008,article:l282,2,1.0,1.0,1.0,1,,119
masked_record,gower_field_pool,l282-s3-cui-2008,article:l282,2,1.0,1.0,1.0,1,,119
masked_record,sequence_as_set,l282-s3-cui-2008,article:l282,2,1.0,1.0,1.0,1,,119
masked_record,sequence_as_bag,l282-s3-cui-2008,article:l282,2,1.0,1.0,1.0,1,,119
masked_record,balanced_strict,l118-s1-fidelus-2005,article:l118,2,1.0,1.0,1.0,1,,120
masked_record,equal_facets,l118-s1-fidelus-2005,article:l118,2,1.0,1.0,1.0,1,,120
masked_record,gower_field_pool,l118-s1-fidelus-2005,article:l118,2,1.0,1.0,1.0,1,,120
masked_record,sequence_as_set,l118-s1-fidelus-2005,article:l118,2,1.0,1.0,1.0,1,,120
masked_record,sequence_as_bag,l118-s1-fidelus-2005,article:l118,2,1.0,1.0,1.0,1,,120
masked_record,balanced_strict,l278-s2-choi-2001,article:l278,2,1.0,1.0,1.0,1,,119
masked_record,equal_facets,l278-s2-choi-2001,article:l278,2,1.0,1.0,1.0,1,,119
masked_record,gower_field_pool,l278-s2-choi-2001,article:l278,2,1.0,1.0,1.0,1,,119
masked_record,sequence_as_set,l278-s2-choi-2001,article:l278,2,1.0,1.0,1.0,1,,119
masked_record,sequence_as_bag,l278-s2-choi-2001,article:l278,2,1.0,1.0,1.0,1,,119
masked_record,balanced_strict,l132-s4-holt-2014,article:l132,2,1.0,1.0,1.0,1,,120
masked_record,equal_facets,l132-s4-holt-2014,article:l132,2,1.0,1.0,1.0,1,,120
masked_record,gower_field_pool,l132-s4-holt-2014,article:l132,2,1.0,1.0,1.0,1,,120
masked_record,sequence_as_set,l132-s4-holt-2014,article:l132,2,1.0,1.0,1.0,1,,120
masked_record,sequence_as_bag,l132-s4-holt-2014,article:l132,2,1.0,1.0,1.0,1,,120
masked_record,balanced_strict,l137-s8-yang-2014,article:l137,2,1.0,1.0,1.0,1,,120
masked_record,equal_facets,l137-s8-yang-2014,article:l137,2,1.0,1.0,1.0,1,,120
masked_record,gower_field_pool,l137-s8-yang-2014,article:l137,2,1.0,1.0,1.0,1,,120
masked_record,sequence_as_set,l137-s8-yang-2014,article:l137,2,1.0,1.0,1.0,1,,120
masked_record,sequence_as_bag,l137-s8-yang-2014,article:l137,2,1.0,1.0,1.0,1,,120
masked_record,balanced_strict,l266-s8-kalaitzidou-2007,article:l266,2,1.0,1.0,1.0,1,,120
masked_record,equal_facets,l266-s8-kalaitzidou-2007,article:l266,2,1.0,1.0,1.0,1,,120
masked_record,gower_field_pool,l266-s8-kalaitzidou-2007,article:l266,2,1.0,1.0,1.0,1,,120
masked_record,sequence_as_set,l266-s8-kalaitzidou-2007,article:l266,2,1.0,1.0,1.0,1,,120
masked_record,sequence_as_bag,l266-s8-kalaitzidou-2007,article:l266,2,1.0,1.0,1.0,1,,120
masked_record,balanced_strict,l261-s2-wang-2016,article:l261,2,1.0,1.0,1.0,1,,120
masked_record,equal_facets,l261-s2-wang-2016,article:l261,2,1.0,1.0,1.0,1,,120
masked_record,gower_field_pool,l261-s2-wang-2016,article:l261,2,1.0,1.0,1.0,1,,120
masked_record,sequence_as_set,l261-s2-wang-2016,article:l261,2,1.0,1.0,1.0,1,,120
masked_record,sequence_as_bag,l261-s2-wang-2016,article:l261,2,1.0,1.0,1.0,1,,120
masked_record,balanced_strict,l318-s3-patsidis-2014,article:l318,2,1.0,1.0,1.0,1,,119
masked_record,equal_facets,l318-s3-patsidis-2014,article:l318,2,1.0,1.0,1.0,1,,119
masked_record,gower_field_pool,l318-s3-patsidis-2014,article:l318,2,1.0,1.0,1.0,1,,119
masked_record,sequence_as_set,l318-s3-patsidis-2014,article:l318,2,1.0,1.0,1.0,1,,119
masked_record,sequence_as_bag,l318-s3-patsidis-2014,article:l318,2,1.0,1.0,1.0,1,,119
masked_record,balanced_strict,l375-s1-rishi-2018,article:l375,2,0.75,0.5,1.0,2,,119
masked_record,equal_facets,l375-s1-rishi-2018,article:l375,2,0.75,0.5,1.0,2,,119
masked_record,gower_field_pool,l375-s1-rishi-2018,article:l375,2,0.75,0.5,1.0,2,,119
masked_record,sequence_as_set,l375-s1-rishi-2018,article:l375,2,0.75,0.5,1.0,2,,119
masked_record,sequence_as_bag,l375-s1-rishi-2018,article:l375,2,0.75,0.5,1.0,2,,119
masked_record,balanced_strict,l304-s3-stockelhuber-2011,article:l304,2,1.0,1.0,1.0,1,,120
masked_record,equal_facets,l304-s3-stockelhuber-2011,article:l304,2,1.0,1.0,1.0,1,,120
masked_record,gower_field_pool,l304-s3-stockelhuber-2011,article:l304,2,1.0,1.0,1.0,1,,120
masked_record,sequence_as_set,l304-s3-stockelhuber-2011,article:l304,2,1.0,1.0,1.0,1,,120
masked_record,sequence_as_bag,l304-s3-stockelhuber-2011,article:l304,2,1.0,1.0,1.0,1,,120
masked_record,balanced_strict,l229-s7-bao-2011,article:l229,2,1.0,1.0,1.0,1,,119
masked_record,equal_facets,l229-s7-bao-2011,article:l229,2,1.0,1.0,1.0,1,,119
masked_record,gower_field_pool,l229-s7-bao-2011,article:l229,2,1.0,1.0,1.0,1,,119
masked_record,sequence_as_set,l229-s7-bao-2011,article:l229,2,1.0,1.0,1.0,1,,119
masked_record,sequence_as_bag,l229-s7-bao-2011,article:l229,2,1.0,1.0,1.0,1,,119
masked_record,balanced_strict,l316-s3-chandrasekaran-2013,article:l316,2,1.0,1.0,1.0,1,,118
masked_record,equal_facets,l316-s3-chandrasekaran-2013,article:l316,2,1.0,1.0,1.0,1,,118
masked_record,gower_field_pool,l316-s3-chandrasekaran-2013,article:l316,2,1.0,1.0,1.0,1,,118
masked_record,sequence_as_set,l316-s3-chandrasekaran-2013,article:l316,2,1.0,1.0,1.0,1,,118
masked_record,sequence_as_bag,l316-s3-chandrasekaran-2013,article:l316,2,1.0,1.0,1.0,1,,118
masked_record,balanced_strict,l120-s11-murugaraj-2005,article:l120,2,1.0,1.0,1.0,1,,119
masked_record,equal_facets,l120-s11-murugaraj-2005,article:l120,2,1.0,1.0,1.0,1,,119
masked_record,gower_field_pool,l120-s11-murugaraj-2005,article:l120,2,1.0,1.0,1.0,1,,119
masked_record,sequence_as_set,l120-s11-murugaraj-2005,article:l120,2,1.0,1.0,1.0,1,,119
masked_record,sequence_as_bag,l120-s11-murugaraj-2005,article:l120,2,1.0,1.0,1.0,1,,119
masked_record,balanced_strict,l297-s1-shen-2004,article:l297,2,1.0,1.0,1.0,1,,119
masked_record,equal_facets,l297-s1-shen-2004,article:l297,2,1.0,1.0,1.0,1,,119
masked_record,gower_field_pool,l297-s1-shen-2004,article:l297,2,1.0,1.0,1.0,1,,119
masked_record,sequence_as_set,l297-s1-shen-2004,article:l297,2,1.0,1.0,1.0,1,,119
masked_record,sequence_as_bag,l297-s1-shen-2004,article:l297,2,1.0,1.0,1.0,1,,119
masked_record,balanced_strict,l267-s3-kim-2006,article:l267,2,1.0,1.0,1.0,1,,120
masked_record,equal_facets,l267-s3-kim-2006,article:l267,2,1.0,1.0,1.0,1,,120
masked_record,gower_field_pool,l267-s3-kim-2006,article:l267,2,1.0,1.0,1.0,1,,120
masked_record,sequence_as_set,l267-s3-kim-2006,article:l267,2,1.0,1.0,1.0,1,,120
masked_record,sequence_as_bag,l267-s3-kim-2006,article:l267,2,1.0,1.0,1.0,1,,120
masked_record,balanced_strict,l279-s1-motaung-2012,article:l279,2,1.0,1.0,1.0,1,,120
masked_record,equal_facets,l279-s1-motaung-2012,article:l279,2,1.0,1.0,1.0,1,,120
masked_record,gower_field_pool,l279-s1-motaung-2012,article:l279,2,1.0,1.0,1.0,1,,120
masked_record,sequence_as_set,l279-s1-motaung-2012,article:l279,2,1.0,1.0,1.0,1,,120
masked_record,sequence_as_bag,l279-s1-motaung-2012,article:l279,2,1.0,1.0,1.0,1,,120
masked_record,balanced_strict,l302-s3-bandyopadhyay-2005,article:l302,2,1.0,1.0,1.0,1,,120
masked_record,equal_facets,l302-s3-bandyopadhyay-2005,article:l302,2,1.0,1.0,1.0,1,,120
masked_record,gower_field_pool,l302-s3-bandyopadhyay-2005,article:l302,2,1.0,1.0,1.0,1,,120
masked_record,sequence_as_set,l302-s3-bandyopadhyay-2005,article:l302,2,1.0,1.0,1.0,1,,120
masked_record,sequence_as_bag,l302-s3-bandyopadhyay-2005,article:l302,2,1.0,1.0,1.0,1,,120
masked_record,balanced_strict,l396-s4-ghosh-2013,article:l396,2,1.0,1.0,1.0,1,,119
masked_record,equal_facets,l396-s4-ghosh-2013,article:l396,2,1.0,1.0,1.0,1,,119
masked_record,gower_field_pool,l396-s4-ghosh-2013,article:l396,2,1.0,1.0,1.0,1,,119
masked_record,sequence_as_set,l396-s4-ghosh-2013,article:l396,2,1.0,1.0,1.0,1,,119
masked_record,sequence_as_bag,l396-s4-ghosh-2013,article:l396,2,1.0,1.0,1.0,1,,119
masked_record,balanced_strict,l297-s2-shen-2004,article:l297,2,1.0,1.0,1.0,1,,119
masked_record,equal_facets,l297-s2-shen-2004,article:l297,2,1.0,1.0,1.0,1,,119
masked_record,gower_field_pool,l297-s2-shen-2004,article:l297,2,1.0,1.0,1.0,1,,119
masked_record,sequence_as_set,l297-s2-shen-2004,article:l297,2,1.0,1.0,1.0,1,,119
masked_record,sequence_as_bag,l297-s2-shen-2004,article:l297,2,1.0,1.0,1.0,1,,119
masked_record,balanced_strict,l287-s3-jang-2008,article:l287,2,1.0,1.0,1.0,1,,118
masked_record,equal_facets,l287-s3-jang-2008,article:l287,2,1.0,1.0,1.0,1,,118
masked_record,gower_field_pool,l287-s3-jang-2008,article:l287,2,1.0,1.0,1.0,1,,118
masked_record,sequence_as_set,l287-s3-jang-2008,article:l287,2,1.0,1.0,1.0,1,,118
masked_record,sequence_as_bag,l287-s3-jang-2008,article:l287,2,1.0,1.0,1.0,1,,118
masked_record,balanced_strict,l129-s12-wu-2011,article:l129,2,1.0,1.0,1.0,1,,120
masked_record,equal_facets,l129-s12-wu-2011,article:l129,2,1.0,1.0,1.0,1,,120
masked_record,gower_field_pool,l129-s12-wu-2011,article:l129,2,1.0,1.0,1.0,1,,120
masked_record,sequence_as_set,l129-s12-wu-2011,article:l129,2,1.0,1.0,1.0,1,,120
masked_record,sequence_as_bag,l129-s12-wu-2011,article:l129,2,1.0,1.0,1.0,1,,120
masked_record,balanced_strict,l191-s2-xie-2004,article:l191,2,1.0,1.0,1.0,1,,119
masked_record,equal_facets,l191-s2-xie-2004,article:l191,2,1.0,1.0,1.0,1,,119
masked_record,gower_field_pool,l191-s2-xie-2004,article:l191,2,1.0,1.0,1.0,1,,119
masked_record,sequence_as_set,l191-s2-xie-2004,article:l191,2,1.0,1.0,1.0,1,,119
masked_record,sequence_as_bag,l191-s2-xie-2004,article:l191,2,1.0,1.0,1.0,1,,119
masked_record,balanced_strict,l397-s1-tuncer-2007,article:l397,2,1.0,1.0,1.0,1,,120
masked_record,equal_facets,l397-s1-tuncer-2007,article:l397,2,1.0,1.0,1.0,1,,120
masked_record,gower_field_pool,l397-s1-tuncer-2007,article:l397,2,1.0,1.0,1.0,1,,120
masked_record,sequence_as_set,l397-s1-tuncer-2007,article:l397,2,1.0,1.0,1.0,1,,120
masked_record,sequence_as_bag,l397-s1-tuncer-2007,article:l397,2,1.0,1.0,1.0,1,,120
masked_record,balanced_strict,l102-s8-hu-2007,article:l102,2,1.0,1.0,1.0,1,,120
masked_record,equal_facets,l102-s8-hu-2007,article:l102,2,1.0,1.0,1.0,1,,120
masked_record,gower_field_pool,l102-s8-hu-2007,article:l102,2,1.0,1.0,1.0,1,,120
masked_record,sequence_as_set,l102-s8-hu-2007,article:l102,2,1.0,1.0,1.0,1,,120
masked_record,sequence_as_bag,l102-s8-hu-2007,article:l102,2,1.0,1.0,1.0,1,,120
masked_record,balanced_strict,l294-s4-sarwar-2007,article:l294,2,1.0,1.0,1.0,1,,119
masked_record,equal_facets,l294-s4-sarwar-2007,article:l294,2,1.0,1.0,1.0,1,,119
masked_record,gower_field_pool,l294-s4-sarwar-2007,article:l294,2,1.0,1.0,1.0,1,,119
masked_record,sequence_as_set,l294-s4-sarwar-2007,article:l294,2,1.0,1.0,1.0,1,,119
masked_record,sequence_as_bag,l294-s4-sarwar-2007,article:l294,2,1.0,1.0,1.0,1,,119
masked_record,balanced_strict,l278-s1-choi-2001,article:l278,2,1.0,1.0,1.0,1,,119
masked_record,equal_facets,l278-s1-choi-2001,article:l278,2,1.0,1.0,1.0,1,,119
masked_record,gower_field_pool,l278-s1-choi-2001,article:l278,2,1.0,1.0,1.0,1,,119
masked_record,sequence_as_set,l278-s1-choi-2001,article:l278,2,1.0,1.0,1.0,1,,119
masked_record,sequence_as_bag,l278-s1-choi-2001,article:l278,2,1.0,1.0,1.0,1,,119
masked_record,balanced_strict,l287-s4-jang-2008,article:l287,2,1.0,1.0,1.0,1,,118
masked_record,equal_facets,l287-s4-jang-2008,article:l287,2,1.0,1.0,1.0,1,,118
masked_record,gower_field_pool,l287-s4-jang-2008,article:l287,2,1.0,1.0,1.0,1,,118
masked_record,sequence_as_set,l287-s4-jang-2008,article:l287,2,1.0,1.0,1.0,1,,118
masked_record,sequence_as_bag,l287-s4-jang-2008,article:l287,2,1.0,1.0,1.0,1,,118
masked_record,balanced_strict,l217-s6-ash-2002,article:l217,2,1.0,1.0,1.0,1,,120
masked_record,equal_facets,l217-s6-ash-2002,article:l217,2,1.0,1.0,1.0,1,,120
masked_record,gower_field_pool,l217-s6-ash-2002,article:l217,2,1.0,1.0,1.0,1,,120
masked_record,sequence_as_set,l217-s6-ash-2002,article:l217,2,1.0,1.0,1.0,1,,120
masked_record,sequence_as_bag,l217-s6-ash-2002,article:l217,2,1.0,1.0,1.0,1,,120
masked_record,balanced_strict,l316-s5-chandrasekaran-2013,article:l316,2,1.0,1.0,1.0,1,,118
masked_record,equal_facets,l316-s5-chandrasekaran-2013,article:l316,2,1.0,1.0,1.0,1,,118
masked_record,gower_field_pool,l316-s5-chandrasekaran-2013,article:l316,2,1.0,1.0,1.0,1,,118
masked_record,sequence_as_set,l316-s5-chandrasekaran-2013,article:l316,2,1.0,1.0,1.0,1,,118
masked_record,sequence_as_bag,l316-s5-chandrasekaran-2013,article:l316,2,1.0,1.0,1.0,1,,118
masked_record,balanced_strict,e108-s10-huang-2016,article:e108,2,1.0,1.0,1.0,1,,120
masked_record,equal_facets,e108-s10-huang-2016,article:e108,2,1.0,1.0,1.0,1,,120
masked_record,gower_field_pool,e108-s10-huang-2016,article:e108,2,1.0,1.0,1.0,1,,120
masked_record,sequence_as_set,e108-s10-huang-2016,article:e108,2,1.0,1.0,1.0,1,,120
masked_record,sequence_as_bag,e108-s10-huang-2016,article:e108,2,1.0,1.0,1.0,1,,120
masked_record,balanced_strict,l212-s5-ghanbari-2012,article:l212,2,1.0,1.0,1.0,1,,120
masked_record,equal_facets,l212-s5-ghanbari-2012,article:l212,2,1.0,1.0,1.0,1,,120
masked_record,gower_field_pool,l212-s5-ghanbari-2012,article:l212,2,1.0,1.0,1.0,1,,120
masked_record,sequence_as_set,l212-s5-ghanbari-2012,article:l212,2,1.0,1.0,1.0,1,,120
masked_record,sequence_as_bag,l212-s5-ghanbari-2012,article:l212,2,1.0,1.0,1.0,1,,120
masked_record,balanced_strict,l324-s6-zhu-2017,article:l324,2,1.0,1.0,1.0,1,,119
masked_record,equal_facets,l324-s6-zhu-2017,article:l324,2,1.0,1.0,1.0,1,,119
masked_record,gower_field_pool,l324-s6-zhu-2017,article:l324,2,1.0,1.0,1.0,1,,119
masked_record,sequence_as_set,l324-s6-zhu-2017,article:l324,2,1.0,1.0,1.0,1,,119
masked_record,sequence_as_bag,l324-s6-zhu-2017,article:l324,2,1.0,1.0,1.0,1,,119
masked_record,balanced_strict,l316-s10-chandrasekaran-2013,article:l316,2,1.0,1.0,1.0,1,,118
masked_record,equal_facets,l316-s10-chandrasekaran-2013,article:l316,2,1.0,1.0,1.0,1,,118
masked_record,gower_field_pool,l316-s10-chandrasekaran-2013,article:l316,2,1.0,1.0,1.0,1,,118
masked_record,sequence_as_set,l316-s10-chandrasekaran-2013,article:l316,2,1.0,1.0,1.0,1,,118
masked_record,sequence_as_bag,l316-s10-chandrasekaran-2013,article:l316,2,1.0,1.0,1.0,1,,118
masked_record,balanced_strict,l388-s1-benes-2018,article:l388,2,1.0,1.0,1.0,1,,120
masked_record,equal_facets,l388-s1-benes-2018,article:l388,2,1.0,1.0,1.0,1,,120
masked_record,gower_field_pool,l388-s1-benes-2018,article:l388,2,1.0,1.0,1.0,1,,120
masked_record,sequence_as_set,l388-s1-benes-2018,article:l388,2,1.0,1.0,1.0,1,,120
masked_record,sequence_as_bag,l388-s1-benes-2018,article:l388,2,1.0,1.0,1.0,1,,120
masked_record,balanced_strict,l318-s4-patsidis-2014,article:l318,2,1.0,1.0,1.0,1,,119
masked_record,equal_facets,l318-s4-patsidis-2014,article:l318,2,1.0,1.0,1.0,1,,119
masked_record,gower_field_pool,l318-s4-patsidis-2014,article:l318,2,1.0,1.0,1.0,1,,119
masked_record,sequence_as_set,l318-s4-patsidis-2014,article:l318,2,1.0,1.0,1.0,1,,119
masked_record,sequence_as_bag,l318-s4-patsidis-2014,article:l318,2,1.0,1.0,1.0,1,,119
masked_record,balanced_strict,l276-s3-huang-2009,article:l276,2,1.0,1.0,1.0,1,,119
masked_record,equal_facets,l276-s3-huang-2009,article:l276,2,1.0,1.0,1.0,1,,119
masked_record,gower_field_pool,l276-s3-huang-2009,article:l276,2,1.0,1.0,1.0,1,,119
masked_record,sequence_as_set,l276-s3-huang-2009,article:l276,2,1.0,1.0,1.0,1,,119
masked_record,sequence_as_bag,l276-s3-huang-2009,article:l276,2,1.0,1.0,1.0,1,,119
masked_record,balanced_strict,l260-s2-haggenmueller-2006,article:l260,2,1.0,1.0,1.0,1,,119
masked_record,equal_facets,l260-s2-haggenmueller-2006,article:l260,2,1.0,1.0,1.0,1,,119
masked_record,gower_field_pool,l260-s2-haggenmueller-2006,article:l260,2,1.0,1.0,1.0,1,,119
masked_record,sequence_as_set,l260-s2-haggenmueller-2006,article:l260,2,1.0,1.0,1.0,1,,119
masked_record,sequence_as_bag,l260-s2-haggenmueller-2006,article:l260,2,1.0,1.0,1.0,1,,119
masked_record,balanced_strict,l287-s2-jang-2008,article:l287,2,1.0,1.0,1.0,1,,118
masked_record,equal_facets,l287-s2-jang-2008,article:l287,2,1.0,1.0,1.0,1,,118
masked_record,gower_field_pool,l287-s2-jang-2008,article:l287,2,1.0,1.0,1.0,1,,118
masked_record,sequence_as_set,l287-s2-jang-2008,article:l287,2,1.0,1.0,1.0,1,,118
masked_record,sequence_as_bag,l287-s2-jang-2008,article:l287,2,1.0,1.0,1.0,1,,118
masked_record,balanced_strict,l282-s2-cui-2008,article:l282,2,1.0,1.0,1.0,1,,119
masked_record,equal_facets,l282-s2-cui-2008,article:l282,2,1.0,1.0,1.0,1,,119
masked_record,gower_field_pool,l282-s2-cui-2008,article:l282,2,1.0,1.0,1.0,1,,119
masked_record,sequence_as_set,l282-s2-cui-2008,article:l282,2,1.0,1.0,1.0,1,,119
masked_record,sequence_as_bag,l282-s2-cui-2008,article:l282,2,1.0,1.0,1.0,1,,119
masked_record,balanced_strict,l308-s3-demetrio-2013,article:l308,2,1.0,1.0,1.0,1,,119
masked_record,equal_facets,l308-s3-demetrio-2013,article:l308,2,1.0,1.0,1.0,1,,119
masked_record,gower_field_pool,l308-s3-demetrio-2013,article:l308,2,1.0,1.0,1.0,1,,119
masked_record,sequence_as_set,l308-s3-demetrio-2013,article:l308,2,1.0,1.0,1.0,1,,119
masked_record,sequence_as_bag,l308-s3-demetrio-2013,article:l308,2,1.0,1.0,1.0,1,,119
masked_record,balanced_strict,l259-s3-chen-2017,article:l259,2,1.0,1.0,1.0,1,,119
masked_record,equal_facets,l259-s3-chen-2017,article:l259,2,1.0,1.0,1.0,1,,119
masked_record,gower_field_pool,l259-s3-chen-2017,article:l259,2,1.0,1.0,1.0,1,,119
masked_record,sequence_as_set,l259-s3-chen-2017,article:l259,2,1.0,1.0,1.0,1,,119
masked_record,sequence_as_bag,l259-s3-chen-2017,article:l259,2,1.0,1.0,1.0,1,,119
masked_record,balanced_strict,l260-s5-haggenmueller-2006,article:l260,2,1.0,1.0,1.0,1,,119
masked_record,equal_facets,l260-s5-haggenmueller-2006,article:l260,2,1.0,1.0,1.0,1,,119
masked_record,gower_field_pool,l260-s5-haggenmueller-2006,article:l260,2,1.0,1.0,1.0,1,,119
masked_record,sequence_as_set,l260-s5-haggenmueller-2006,article:l260,2,1.0,1.0,1.0,1,,119
masked_record,sequence_as_bag,l260-s5-haggenmueller-2006,article:l260,2,1.0,1.0,1.0,1,,119
masked_record,balanced_strict,l392-s1-wang-2020,article:l392,2,1.0,1.0,1.0,1,,120
masked_record,equal_facets,l392-s1-wang-2020,article:l392,2,1.0,1.0,1.0,1,,120
masked_record,gower_field_pool,l392-s1-wang-2020,article:l392,2,1.0,1.0,1.0,1,,120
masked_record,sequence_as_set,l392-s1-wang-2020,article:l392,2,1.0,1.0,1.0,1,,120
masked_record,sequence_as_bag,l392-s1-wang-2020,article:l392,2,1.0,1.0,1.0,1,,120
masked_record,balanced_strict,e410-s2-prasad-2021,article:e410,2,1.0,1.0,1.0,1,,120
masked_record,equal_facets,e410-s2-prasad-2021,article:e410,2,1.0,1.0,1.0,1,,120
masked_record,gower_field_pool,e410-s2-prasad-2021,article:e410,2,1.0,1.0,1.0,1,,120
masked_record,sequence_as_set,e410-s2-prasad-2021,article:e410,2,1.0,1.0,1.0,1,,120
masked_record,sequence_as_bag,e410-s2-prasad-2021,article:e410,2,1.0,1.0,1.0,1,,120
masked_record,balanced_strict,l276-s4-huang-2009,article:l276,2,1.0,1.0,1.0,1,,119
masked_record,equal_facets,l276-s4-huang-2009,article:l276,2,1.0,1.0,1.0,1,,119
masked_record,gower_field_pool,l276-s4-huang-2009,article:l276,2,1.0,1.0,1.0,1,,119
masked_record,sequence_as_set,l276-s4-huang-2009,article:l276,2,1.0,1.0,1.0,1,,119
masked_record,sequence_as_bag,l276-s4-huang-2009,article:l276,2,1.0,1.0,1.0,1,,119
masked_record,balanced_strict,l289-s1-motaung-2012,article:l289,2,0.75,0.5,1.0,2,,120
masked_record,equal_facets,l289-s1-motaung-2012,article:l289,2,0.75,0.5,1.0,2,,120
masked_record,gower_field_pool,l289-s1-motaung-2012,article:l289,2,0.75,0.5,1.0,2,,120
masked_record,sequence_as_set,l289-s1-motaung-2012,article:l289,2,0.75,0.5,1.0,2,,120
masked_record,sequence_as_bag,l289-s1-motaung-2012,article:l289,2,0.75,0.5,1.0,2,,120
masked_record,balanced_strict,l294-s6-sarwar-2007,article:l294,2,1.0,1.0,1.0,1,,119
masked_record,equal_facets,l294-s6-sarwar-2007,article:l294,2,1.0,1.0,1.0,1,,119
masked_record,gower_field_pool,l294-s6-sarwar-2007,article:l294,2,1.0,1.0,1.0,1,,119
masked_record,sequence_as_set,l294-s6-sarwar-2007,article:l294,2,1.0,1.0,1.0,1,,119
masked_record,sequence_as_bag,l294-s6-sarwar-2007,article:l294,2,1.0,1.0,1.0,1,,119
masked_record,balanced_strict,e139-s6-hassinger-2016,article:e139,2,1.0,1.0,1.0,1,,120
masked_record,equal_facets,e139-s6-hassinger-2016,article:e139,2,1.0,1.0,1.0,1,,120
masked_record,gower_field_pool,e139-s6-hassinger-2016,article:e139,2,1.0,1.0,1.0,1,,120
masked_record,sequence_as_set,e139-s6-hassinger-2016,article:e139,2,1.0,1.0,1.0,1,,120
masked_record,sequence_as_bag,e139-s6-hassinger-2016,article:e139,2,1.0,1.0,1.0,1,,120
masked_record,balanced_strict,l306-s2-jiang-2008,article:l306,2,1.0,1.0,1.0,1,,119
masked_record,equal_facets,l306-s2-jiang-2008,article:l306,2,1.0,1.0,1.0,1,,119
masked_record,gower_field_pool,l306-s2-jiang-2008,article:l306,2,1.0,1.0,1.0,1,,119
masked_record,sequence_as_set,l306-s2-jiang-2008,article:l306,2,1.0,1.0,1.0,1,,119
masked_record,sequence_as_bag,l306-s2-jiang-2008,article:l306,2,1.0,1.0,1.0,1,,119
masked_record,balanced_strict,e408-s24-prasad-2021,article:e408,2,1.0,1.0,1.0,1,,120
masked_record,equal_facets,e408-s24-prasad-2021,article:e408,2,1.0,1.0,1.0,1,,120
masked_record,gower_field_pool,e408-s24-prasad-2021,article:e408,2,1.0,1.0,1.0,1,,120
masked_record,sequence_as_set,e408-s24-prasad-2021,article:e408,2,1.0,1.0,1.0,1,,120
masked_record,sequence_as_bag,e408-s24-prasad-2021,article:e408,2,1.0,1.0,1.0,1,,120
masked_record,balanced_strict,l236-s9-fukushima-2012,article:l236,2,1.0,1.0,1.0,1,,120
masked_record,equal_facets,l236-s9-fukushima-2012,article:l236,2,1.0,1.0,1.0,1,,120
masked_record,gower_field_pool,l236-s9-fukushima-2012,article:l236,2,1.0,1.0,1.0,1,,120
masked_record,sequence_as_set,l236-s9-fukushima-2012,article:l236,2,1.0,1.0,1.0,1,,120
masked_record,sequence_as_bag,l236-s9-fukushima-2012,article:l236,2,1.0,1.0,1.0,1,,120
masked_record,balanced_strict,l306-s3-jiang-2008,article:l306,2,1.0,1.0,1.0,1,,119
masked_record,equal_facets,l306-s3-jiang-2008,article:l306,2,1.0,1.0,1.0,1,,119
masked_record,gower_field_pool,l306-s3-jiang-2008,article:l306,2,1.0,1.0,1.0,1,,119
masked_record,sequence_as_set,l306-s3-jiang-2008,article:l306,2,1.0,1.0,1.0,1,,119
masked_record,sequence_as_bag,l306-s3-jiang-2008,article:l306,2,1.0,1.0,1.0,1,,119
masked_record,balanced_strict,l120-s2-murugaraj-2005,article:l120,2,1.0,1.0,1.0,1,,119
masked_record,equal_facets,l120-s2-murugaraj-2005,article:l120,2,1.0,1.0,1.0,1,,119
masked_record,gower_field_pool,l120-s2-murugaraj-2005,article:l120,2,1.0,1.0,1.0,1,,119
masked_record,sequence_as_set,l120-s2-murugaraj-2005,article:l120,2,1.0,1.0,1.0,1,,119
masked_record,sequence_as_bag,l120-s2-murugaraj-2005,article:l120,2,1.0,1.0,1.0,1,,119
